x,y
7.340753005011476e-07,0.3616848655693623
7.340753005011476e-07,0.3616848655693623
7.34289317069767e-07,0.3616843729360389
7.34289317069767e-07,0.3616843729360389
7.356132022419247e-07,0.36168265282270784
7.356132022419247e-07,0.36168265282270784
7.356132022419247e-07,0.36168265282270784
7.356132022419247e-07,0.36168265282270784
7.370711605007766e-07,0.3616809533495042
7.370711605007766e-07,0.3616809533495042
7.370711605007766e-07,0.3616809533495042
7.370711605007766e-07,0.3616809533495042
7.3827857119139e-07,0.36167955865376905
7.3827857119139e-07,0.36167955865376905
7.3827857119139e-07,0.36167955865376905
7.3827857119139e-07,0.36167955865376905
7.392642455952033e-07,0.3616784185155986
7.392642272597741e-07,0.3616784185415721
7.392642272597741e-07,0.3616784185415721
7.400736095107267e-07,0.3616774871159563
7.400736095107267e-07,0.3616774871159563
7.400736095107267e-07,0.3616774871159563
7.400736095107267e-07,0.3616774871159563
7.407355436262557e-07,0.3616767263928841
7.407355436262557e-07,0.3616767263928841
7.407355436262557e-07,0.3616767263928841
7.412769113540693e-07,0.36167610507778847
7.412769113540693e-07,0.36167610507778847
7.412769113540693e-07,0.36167610507778847
7.412769113540693e-07,0.36167610507778847
7.412769113540693e-07,0.36167610507778847
7.416793020387064e-07,0.361675644128818
7.416793020387064e-07,0.361675644128818
7.416793020387064e-07,0.361675644128818
7.420487827953055e-07,0.361675221104065
7.420487827953055e-07,0.361675221104065
7.42048782534941e-07,0.3616752211074232
7.42048782534941e-07,0.3616752211074232
7.423509779282474e-07,0.36167487558107747
7.423509779282474e-07,0.36167487558107747
7.423509779282474e-07,0.36167487558107747
7.42598145842338e-07,0.3616745933492439
7.42598145842338e-07,0.3616745933492439
7.42598145842338e-07,0.3616745933492439
7.42598145842338e-07,0.3616745933492439
7.427818629863088e-07,0.36167438388464224
7.427818629863088e-07,0.36167438388464224
7.427818629863088e-07,0.36167438388464224
7.429656451269191e-07,0.3616741745041409
7.429656451269191e-07,0.3616741745041409
7.429656451269191e-07,0.3616741745041409
7.429656451269191e-07,0.3616741745041409
7.430822823604949e-07,0.3616740418636837
7.430822835914802e-07,0.3616740418641217
7.430822835914802e-07,0.3616740418641217
7.432013945375149e-07,0.3616739065189385
7.432013945375149e-07,0.3616739065189385
7.432013945375149e-07,0.3616739065189385
7.432013945375149e-07,0.3616739065189385
7.432589910869564e-07,0.36167384112363066
7.432589910869564e-07,0.36167384112363066
7.432589910869564e-07,0.36167384112363066
7.432589910869564e-07,0.36167384112363066
7.433759353412351e-07,0.36167370855467745
7.433759353412351e-07,0.36167370855467745
7.433759353412351e-07,0.36167370855467745
7.433759353412351e-07,0.36167370855467745
7.434337117876369e-07,0.3616736431803387
7.434337117876369e-07,0.3616736431803387
7.434337117876369e-07,0.3616736431803387
7.434337117876369e-07,0.3616736431803387
7.434903813400186e-07,0.3616735790907576
7.434903813400186e-07,0.3616735790907576
7.434903822625929e-07,0.36167357909081005
7.434903822625929e-07,0.36167357909081005
7.434903822625929e-07,0.36167357909081005
7.434903822625929e-07,0.36167357909081005
7.434903822625929e-07,0.36167357909081005
7.435471137202604e-07,0.36167351508824097
7.435471137202604e-07,0.36167351508824097
7.435471137202604e-07,0.36167351508824097
7.435471144502035e-07,0.3616735150882638
7.435471144502035e-07,0.3616735150882638
7.435471144502035e-07,0.3616735150882638
7.436036787903522e-07,0.3616734514204087
7.436036787903522e-07,0.3616734514204087
7.436036787903522e-07,0.3616734514204087
7.436036787903522e-07,0.3616734514204087
7.436036787903522e-07,0.3616734514204087
7.436036793634928e-07,0.36167345142041735
7.436036793634928e-07,0.36167345142041735
7.436036793634928e-07,0.36167345142041735
7.436036793634928e-07,0.36167345142041735
7.436036793634928e-07,0.36167345142041735
7.436036793634928e-07,0.36167345142041735
7.436036793634928e-07,0.36167345142041735
7.436036793634928e-07,0.36167345142041735
7.436605280180962e-07,0.36167338760850065
7.436605280180962e-07,0.36167338760850065
7.436605280180962e-07,0.36167338760850065
7.436605280180962e-07,0.36167338760850065
7.436605280180962e-07,0.36167338760850065
7.436605280180962e-07,0.36167338760850065
7.436605280180962e-07,0.36167338760850065
7.436605280180962e-07,0.36167338760850065
7.436605283645746e-07,0.361673387608502
7.436605283645746e-07,0.361673387608502
7.436605283645746e-07,0.361673387608502
7.436605283645746e-07,0.361673387608502
7.436605283645746e-07,0.361673387608502
7.436605283645746e-07,0.361673387608502
7.436605283645746e-07,0.361673387608502
7.436605283645746e-07,0.361673387608502
7.436605283645746e-07,0.361673387608502
7.436605286323721e-07,0.36167338760850276
7.436605286323721e-07,0.36167338760850276
7.436605286323721e-07,0.36167338760850276
7.436605286323721e-07,0.36167338760850276
7.436605286323721e-07,0.36167338760850276
-0.01816948846804643,0.36065790690613725
0.04119253480863044,0.35964791948822467
-0.001858606066314071,0.36189941169415085
0.015073178366703577,0.3622182668764036
0.0014427358280035135,0.36235347052955075
0.009715318835591694,0.36235989231301025
-0.004789681846236585,0.36178979341145123
-0.0002850027953440054,0.3626166099564027
-0.006499636358706623,0.3630279032095573
-0.005783062445587919,0.364042255983217
-0.009120259110273858,0.36463146606726643
-0.009455994070033405,0.36513556403462755
-0.010749018403842715,0.3647127511056877
-0.011030106179763174,0.364888848767162
-0.012487822267166042,0.3645952163899761
-0.01458621524198292,0.3644036914178272
-0.011039366285163228,0.3647376933023815
-0.013566011133526491,0.36479131386575675
-0.016295914389024883,0.3648338464354316
-0.014567400421100885,0.3652839939035812
-0.0172937555785502,0.364894262062805
-0.020082506023700937,0.36449156023550033
-0.014052203974153826,0.3648771460090422
-0.01709614666545793,0.3647510604643576
-0.020546097770230632,0.36470400403343856
-0.01772415118111808,0.36499991254023584
-0.01772415118111808,0.36499991254023584
-0.021313812902689182,0.36480014997734245
-0.017494389065960774,0.36509879970018605
-0.021678467706885994,0.365108124559869
-0.02534217824638391,0.36475804772578474
-0.02534217824638391,0.36475804772578474
-0.02126211978420926,0.3650165451539473
-0.025602786061134197,0.3650620266817257
-0.025602786061134197,0.3650620266817257
-0.021166389038032682,0.36547319362670216
-0.02571168536264498,0.3653928266866113
-0.02571168536264498,0.3653928266866113
-0.030529321598574043,0.36521428812746354
-0.026110069440023122,0.36559793058935214
-0.026110069440023122,0.36559793058935214
-0.030964854588820066,0.36561745492518377
-0.030964854588820066,0.36561745492518377
-0.03586964585289046,0.36554141000609663
-0.02586250674242354,0.3660317536210388
-0.030824335220007184,0.3660303728543526
-0.03581234468563182,0.3658564809010831
-0.031035439595096758,0.3664517287829654
-0.03654392622726223,0.36641913488865924
-0.03654392622726223,0.36641913488865924
-0.04195628384588536,0.36616708283907373
-0.031058702195166814,0.36670783514240624
-0.03621033893180725,0.3666019599184184
-0.03621033893180725,0.3666019599184184
-0.04125430611897788,0.3664223945081472
-0.035306750431290536,0.3668112025120467
-0.035306750431290536,0.3668112025120467
-0.040403532797250105,0.36659749518201773
-0.040403532797250105,0.36659749518201773
-0.04551976094704653,0.36624914289846217
-0.03392470518360323,0.3669246665293557
-0.039087613211841184,0.36670308359082415
-0.04427640752663011,0.3663833109458354
-0.04427640752663011,0.3663833109458354
-0.0378441764250768,0.3669943147116194
-0.043096206408352544,0.36665448062827755
-0.04880732123556103,0.3661860530076894
-0.042370143433966355,0.36665573395766765
-0.042370143433966355,0.36665573395766765
-0.04792977390638266,0.3661852864643409
-0.04792977390638266,0.3661852864643409
-0.041424353193989724,0.36653801015341303
-0.041424353193989724,0.36653801015341303
-0.04691264577498862,0.36609129514416067
-0.05241523938595091,0.3655680417205009
-0.03999558522766419,0.36639938540217704
-0.04554506942198384,0.3660199994090371
-0.04554506942198384,0.3660199994090371
-0.051112079317870415,0.36556077205925086
-0.051112079317870415,0.36556077205925086
-0.04445468551050521,0.365930145803422
-0.04445468551050521,0.365930145803422
-0.050058727611344514,0.3655307127460107
-0.05566781698333909,0.36504995809513074
-0.04311985926141904,0.3658751984067257
-0.048745810325802226,0.36554192020212517
-0.048745810325802226,0.36554192020212517
-0.05437033100797197,0.36512688621261996
-0.05437033100797197,0.36512688621261996
-0.04771751768258412,0.3655565286689557
-0.04771751768258412,0.3655565286689557
-0.053341840191135886,0.36520347023544325
-0.053341840191135886,0.36520347023544325
-0.058952539492199925,0.364768899872238
-0.046469119699897095,0.36563083226871235
-0.0520786388564638,0.36534408391336837
-0.0520786388564638,0.36534408391336837
-0.05766890105362111,0.36497914086842514
-0.05110889972317119,0.3655207213233231
-0.05110889972317119,0.3655207213233231
-0.056654698536330136,0.36523909578038716
-0.056654698536330136,0.36523909578038716
-0.0621677392115502,0.36489566322614453
-0.04993740245998518,0.3658341735642763
-0.05542003874460842,0.36564578826292904
-0.06084729193722791,0.3653859525120757
-0.06084729193722791,0.3653859525120757
-0.05442837815945346,0.36610274857759295
-0.05442837815945346,0.36610274857759295
-0.05977181855219493,0.36584104262688705
-0.06507194844531684,0.36549955213550106
-0.05327751254757082,0.3665425140380663
-0.058549901041194646,0.36633072489640167
-0.058549901041194646,0.36633072489640167
-0.06380379789684514,0.3660448199261967
-0.06380379789684514,0.3660448199261967
-0.05774544092161606,0.36685151853157116
-0.05774544092161606,0.36685151853157116
-0.06293997850710993,0.3666154804087447
-0.06809031950023928,0.3662918068076847
-0.056907548959608145,0.3674498999649345
-0.062022245785707086,0.3672075525904042
-0.062022245785707086,0.3672075525904042
-0.06706029029616671,0.3668818683817504
-0.06138710845349918,0.3678060607331266
-0.06626358406547331,0.3675655794715642
-0.06626358406547331,0.3675655794715642
-0.06071898411745237,0.36846489524124604
-0.06548977385199746,0.36811507524407616
-0.06548977385199746,0.36811507524407616
-0.07027277120292878,0.3677005552992197
-0.06525015221660363,0.3686068279551537
-0.06525015221660363,0.3686068279551537
-0.06980878674002848,0.3680987725035868
-0.07435177135022096,0.36754423065991865
-0.0648856738190917,0.3689043646241636
-0.06934103641267397,0.3683890580867017
-0.06934103641267397,0.3683890580867017
-0.0736844747756389,0.3678005003312424
-0.06914478185262808,0.36855729056622055
-0.06914478185262808,0.36855729056622055
-0.07314024353618821,0.3680622157315087
-0.07703843880880833,0.3676616110361389
-0.07266637479122345,0.3687995841726805
-0.07266637479122345,0.3687995841726805
-0.07644738112844225,0.3684220672658115
-0.07246971471783699,0.3693905757753839
-0.07246971471783699,0.3693905757753839
-0.07609376623288912,0.3689412036142764
-0.07609376623288912,0.3689412036142764
-0.07962637512055158,0.368461854301984
-0.07590913063197431,0.36948453121886715
-0.07590913063197431,0.36948453121886715
-0.07924284293137064,0.36898608502653646
-0.07924284293137064,0.36898608502653646
-0.07608414791545892,0.36994465423447154
-0.07608414791545892,0.36994465423447154
-0.07921841228820291,0.3694748839922748
-0.08242234404347532,0.3690017092596027
-0.07980673706016954,0.3699884360759796
-0.08285900196713977,0.3695350813601445
-0.08285900196713977,0.3695350813601445
-0.08084024529091456,0.37056013435188995
-0.08361580030837969,0.37002876011179553
-0.08206760939536938,0.37104564571770093
-0.08435296174518912,0.37046387792379765
-0.0867496214907237,0.37004400531090453
-0.0867496214907237,0.37004400531090453
-0.08553648793302293,0.3710003657290918
-0.08778102513191129,0.37056550683918293
-0.08997451854165107,0.3701325456013366
-0.08716017071030246,0.37154410672545896
-0.08921996887343804,0.37110357539831823
-0.08921996887343804,0.37110357539831823
-0.09121728515669726,0.3706630335490176
-0.09121728515669726,0.3706630335490176
-0.09110381024075052,0.3715293044460512
-0.09290746109313354,0.3710813272545801
-0.09290746109313354,0.3710813272545801
-0.09459778885928817,0.3706313386815516
-0.09337934217833327,0.3718757651816207
-0.09494461330778123,0.3714504342150985
-0.09637573066128624,0.37105032908819174
-0.09637573066128624,0.37105032908819174
-0.09724121745982954,0.371748795537954
-0.09724121745982954,0.371748795537954
-0.09840702615710292,0.3713588425331198
-0.09840702615710292,0.3713588425331198
-0.09943665873684214,0.37099061599838445
-0.0998346018165426,0.37195733262003994
-0.10073352760379682,0.3716139871505277
-0.10151415655303829,0.3712862220239217
-0.10151415655303829,0.3712862220239217
-0.10332077971980201,0.3717271008060868
-0.10332077971980201,0.3717271008060868
-0.10385671183860251,0.371404360528918
-0.10385671183860251,0.371404360528918
-0.10425355227617888,0.37108572103384385
-0.10625126854001629,0.3716574875305926
-0.10650154623649857,0.37134289074276833
-0.106604594935038,0.3710356314695558
-0.106604594935038,0.3710356314695558
-0.10925237923078755,0.37106715959641134
-0.10925237923078755,0.37106715959641134
-0.10907395374102052,0.37079449010456833
-0.10907395374102052,0.37079449010456833
-0.1123037852335188,0.3706139750019012
-0.11185236025990661,0.37039734515881645
-0.11185236025990661,0.37039734515881645
-0.11126290348982185,0.3702212071721188
-0.11126290348982185,0.3702212071721188
-0.11470342936676828,0.3698791668947883
-0.11470342936676828,0.3698791668947883
-0.11384072356521868,0.36978182958114547
-0.11284193781232217,0.3696965117517842
-0.11683961922361741,0.36897285358530796
-0.11683961922361741,0.36897285358530796
-0.11648329229084858,0.36872842027557085
-0.12158061083885874,0.367637913328187
-0.12158061083885874,0.367637913328187
-0.12080494858317034,0.36730936585554697
-0.11979673251050861,0.36702909617829454
-0.12624849558401707,0.36594372997750274
-0.1250528674039152,0.36582860665709444
-0.1250528674039152,0.36582860665709444
-0.12377572461435095,0.36576048434494524
-0.12377572461435095,0.36576048434494524
-0.12934888016458815,0.36448221913524775
-0.12934888016458815,0.36448221913524775
-0.1280089590409921,0.3644929484998686
-0.12664632764520223,0.3644809000461664
-0.13433629917434026,0.3630796010348044
-0.1328988873637419,0.36316511210184793
-0.13142398712029113,0.363170328139316
-0.13806951828442787,0.36178575639935057
-0.13806951828442787,0.36178575639935057
-0.13659031706083258,0.3618908498050813
-0.13491778139647145,0.362017467620864
-0.1437744691471715,0.3604306351718703
-0.14194109421669768,0.36067062823805585
-0.13993703117917852,0.36085263996042044
-0.13993703117917852,0.36085263996042044
-0.14699479028741058,0.35940615670723397
-0.14475100296490137,0.3595932051552807
-0.14475100296490137,0.3595932051552807
-0.14230231672775467,0.359746051825123
-0.15219666304376245,0.3580419132474588
-0.14967285520395174,0.3583149643769462
-0.14710123981074746,0.3584989801889159
-0.1545762848732404,0.3570295541038071
-0.1518566584843868,0.3573279155998243
-0.1518566584843868,0.3573279155998243
-0.15981155045580886,0.35574324573591465
-0.1569445047546992,0.3561082123895624
-0.1569445047546992,0.3561082123895624
-0.15399197433928186,0.3563930308151435
-0.16189554604343137,0.35493244353491704
-0.15885866184134373,0.35527622240224377
-0.15885866184134373,0.35527622240224377
-0.15575244434716384,0.35553443554657604
-0.16413241646688642,0.354120592801293
-0.16413241646688642,0.354120592801293
-0.16096871686018896,0.3544549247882444
-0.1689819245145927,0.35317115663451615
-0.1689819245145927,0.35317115663451615
-0.16525987859322738,0.35379909939598103
-0.16149231806676223,0.354299000349562
-0.1735078997341351,0.352648842881951
-0.16971935839302013,0.35333900532523516
-0.16585468174820547,0.35385461682140823
-0.16585468174820547,0.35385461682140823
-0.173885923523534,0.35294600078247484
-0.17001196719666958,0.3534983706029866
-0.17001196719666958,0.3534983706029866
-0.16646630466268497,0.35388653514460844
-0.17843925949168535,0.3526184516913298
-0.1744641112006279,0.3532091706700157
-0.1744641112006279,0.3532091706700157
-0.1705008286182724,0.35364816811777267
-0.1705008286182724,0.35364816811777267
-0.1789048797156063,0.35303032756099534
-0.1789048797156063,0.35303032756099534
-0.17489606976460437,0.3535313453359643
-0.17489606976460437,0.3535313453359643
-0.17087460590229112,0.35389021092161954
-0.18351537334141096,0.3529744091549538
-0.17951320691664807,0.35350074521609265
-0.17951320691664807,0.35350074521609265
-0.17550909045933857,0.35389158591722475
-0.17550909045933857,0.35389158591722475
-0.18386612841744956,0.3535746369578702
-0.17989471501787657,0.35399882579095476
-0.17989471501787657,0.35399882579095476
-0.17593103882414585,0.35429656846891416
-0.18846630898470682,0.35374386616851233
-0.18451097746304937,0.35418668520388064
-0.18451097746304937,0.35418668520388064
-0.1805456084001391,0.35449298557105036
-0.1805456084001391,0.35449298557105036
-0.188738836921254,0.3544015710704585
-0.18476136452935624,0.3546985878587709
-0.18476136452935624,0.3546985878587709
-0.18077077427201363,0.35485539540915195
-0.1930463990113167,0.354603579686598
-0.18904287244135154,0.35488677900364524
-0.18904287244135154,0.35488677900364524
-0.18502172710718257,0.3550325208522181
-0.18502172710718257,0.3550325208522181
-0.19282751158177555,0.3550322072723559
-0.1887865173104116,0.3551528063962857
-0.1887865173104116,0.3551528063962857
-0.1847428668468752,0.35516313177207925
-0.19658737209511465,0.3551159718760454
-0.19254654164925483,0.35521316755331933
-0.19254654164925483,0.35521316755331933
-0.18850612680467457,0.35519283308650423
-0.19583907584063845,0.3551690577113272
-0.19583907584063845,0.3551690577113272
-0.19185706034259303,0.355130564657369
-0.19185706034259303,0.355130564657369
-0.18793499300928737,0.3550136125921068
-0.1991788063576781,0.3550810381250843
-0.1952856124497933,0.35504160731403683
-0.1952856124497933,0.35504160731403683
-0.19145827122192594,0.35492996767458207
-0.1983075729461687,0.3550198006616708
-0.19450568891841646,0.35518430654178634
-0.19055531337760648,0.35525264290202296
-0.20103385267914867,0.3554804820066849
-0.19731429126568284,0.3556395573514407
-0.19388488268647713,0.3556875454281238
-0.20034729616582383,0.35592409398558017
-0.20034729616582383,0.35592409398558017
-0.1971287730195854,0.3558973133473119
-0.1971287730195854,0.3558973133473119
-0.20354616644071322,0.35625421317087813
-0.2005407133932127,0.3562925813357375
-0.2005407133932127,0.3562925813357375
-0.19764847143853184,0.3562768224640618
-0.19764847143853184,0.3562768224640618
-0.20372278124866838,0.3566988880607472
-0.20103250193694241,0.35674946466471325
-0.19846319695368408,0.3567616824453054
-0.2069482166826983,0.3572944783408113
-0.20447130875308012,0.35737595683918133
-0.2022498983751916,0.35732531061030987
-0.2022498983751916,0.35732531061030987
-0.2074954035355377,0.3577323386781978
-0.20540503126053677,0.35752281101926703
-0.20540503126053677,0.35752281101926703
-0.20360800557560163,0.35728591168170765
-0.21097303684083926,0.3579148888602662
-0.20919605802294172,0.35770177840857
-0.20919605802294172,0.35770177840857
-0.20745593646712268,0.3574825458897881
-0.20745593646712268,0.3574825458897881
-0.21233170451884842,0.35788373713619426
-0.21233170451884842,0.35788373713619426
-0.21069700521998397,0.35768286646223935
-0.20881059675368885,0.35742683479358167
-0.21279357976617497,0.3579708544593058
-0.21279357976617497,0.3579708544593058
-0.21095513788859643,0.3575565263169294
-0.21095513788859643,0.3575565263169294
-0.21433831120383046,0.357844152270684
-0.2128232213810365,0.3574301029697747
-0.2128232213810365,0.3574301029697747
-0.21150621359400956,0.3570262450852336
-0.21605723608377858,0.3577741348229444
-0.21491809836631184,0.3574059120461688
-0.21491809836631184,0.3574059120461688
-0.21390464260456327,0.3570292479434566
-0.21390464260456327,0.3570292479434566
-0.21674678134642558,0.3573752839376225
-0.21674678134642558,0.3573752839376225
-0.21593142886792782,0.3569572772783722
-0.21593142886792782,0.3569572772783722
-0.21521533561437206,0.35652565177088125
-0.21826312278533258,0.357328902381346
-0.21764855753672974,0.3568653986190402
-0.2171382240751505,0.35636590896672843
-0.2171382240751505,0.35636590896672843
-0.21899096734257356,0.35664238425692185
-0.21899096734257356,0.35664238425692185
-0.21868776833719286,0.35607499089904915
-0.21868776833719286,0.35607499089904915
-0.21849081511010834,0.35549939913656187
-0.2199859752878201,0.35639444331248926
-0.21988259478786126,0.35579797424639725
-0.21988259478786126,0.35579797424639725
-0.21986543417397564,0.35520075769998694
-0.22066133458566442,0.35552858697838574
-0.22066133458566442,0.35552858697838574
-0.22082118588491714,0.35492126586703854
-0.22082118588491714,0.35492126586703854
-0.2210684602244111,0.3543061646429005
-0.2209815650388493,0.3553478502996706
-0.22131092808427577,0.35473106031622437
-0.22131092808427577,0.35473106031622437
-0.22173922095747114,0.35410476554151693
-0.22146162721626406,0.3545679831566967
-0.22146162721626406,0.3545679831566967
-0.22241630542368263,0.35392929252920863
-0.22241630542368263,0.35392929252920863
-0.2236026646760817,0.353273301147756
-0.22192671750675746,0.3545014725927631
-0.22325740416989484,0.353852105423586
-0.22325740416989484,0.353852105423586
-0.22464761427682978,0.3531885549659304
-0.22377867208502458,0.3537830049384039
-0.22377867208502458,0.3537830049384039
-0.22534299101244562,0.3530602092053786
-0.22534299101244562,0.3530602092053786
-0.22715607873447943,0.3523504747447327
-0.2239165530067631,0.3537897174896676
-0.22583461849300873,0.3530527346740702
-0.22583461849300873,0.3530527346740702
-0.22782582862202577,0.35228245337307185
-0.22782582862202577,0.35228245337307185
-0.2260504730461306,0.3530172442991871
-0.2260504730461306,0.3530172442991871
-0.22827847591433503,0.35220409910989703
-0.22827847591433503,0.35220409910989703
-0.2306088623697727,0.3514051416538932
-0.22586565269214692,0.3530859062155272
-0.22858697136901174,0.3523997554807341
-0.23099037115728313,0.35155581081875487
-0.23099037115728313,0.35155581081875487
-0.22823879748756867,0.3524825304824375
-0.2308945682499936,0.3516312843980691
-0.2308945682499936,0.3516312843980691
-0.23362378147372645,0.3509744761187025
-0.22769681167847522,0.35283334913170095
-0.23106059597844203,0.3520418878941859
-0.23106059597844203,0.3520418878941859
-0.23457873637487764,0.3511728295840439
-0.23457873637487764,0.3511728295840439
-0.2314330759592593,0.3523478346067518
-0.2314330759592593,0.3523478346067518
-0.23513805838871144,0.3514730053958341
-0.23890978573046595,0.3505385918620755
-0.23558754356526346,0.35191705646614757
-0.23558754356526346,0.35191705646614757
-0.2398558472244097,0.3509919970303095
-0.23645979034042416,0.3523739560548995
-0.23645979034042416,0.3523739560548995
-0.24099536369760977,0.35130723584503076
-0.24099536369760977,0.35130723584503076
-0.24567561007962668,0.35020234781549453
-0.23699932026074902,0.35262683065661726
-0.24179280739521686,0.35159705424917037
-0.24666035804919786,0.35049532530722133
-0.24666035804919786,0.35049532530722133
-0.24261579583375265,0.3518487678110207
-0.24261579583375265,0.3518487678110207
-0.24765208372636985,0.3507462489370533
-0.24765208372636985,0.3507462489370533
-0.24304978841099825,0.352203666307642
-0.24824081849746427,0.3511456174354576
-0.2531017926050831,0.3499317715210972
-0.2531017926050831,0.3499317715210972
-0.24813791188012493,0.3513824788800991
-0.25301819659512736,0.35033846231337606
-0.24760879549286643,0.35191190096043556
-0.2521142579696847,0.3508905262028358
-0.2521142579696847,0.3508905262028358
-0.25714177275764794,0.34959004124766324
-0.25122741340177723,0.35133660717467474
-0.25122741340177723,0.35133660717467474
-0.2562281058830513,0.35009077422120194
-0.2562281058830513,0.35009077422120194
-0.26134785701938024,0.3487320629790893
-0.2500496344320219,0.3518892397096079
-0.2553546090174921,0.350638212157852
-0.2553546090174921,0.350638212157852
-0.2607899400326977,0.3492965683870137
-0.2545803267961325,0.3510883500915557
-0.2545803267961325,0.3510883500915557
-0.25930025532376216,0.3500011552515184
-0.25249321261431557,0.35223933318121464
-0.25738217015093495,0.3513378209443623
-0.26271937701648457,0.35022123523015236
-0.25679432594789836,0.3524247121395131
-0.25679432594789836,0.3524247121395131
-0.2626840988562924,0.3512079662973216
-0.26838456441316394,0.34985717791095794
-0.26177060300762345,0.3521205064646931
-0.26177060300762345,0.3521205064646931
-0.2672558923336469,0.35068574988494905
-0.2608739961804183,0.3527326082589843
-0.2665787780332747,0.35131351769574626
-0.2665787780332747,0.35131351769574626
-0.25992370810267124,0.35340166504582393
-0.26562581761672205,0.35208740437005465
-0.2707908961027671,0.35085551399768755
-0.2707908961027671,0.35085551399768755
-0.2648422197062041,0.3527930378180746
-0.2701788586864796,0.35159005772823393
-0.27605216515099906,0.3501801473084882
-0.2639176785304389,0.35361256443783834
-0.26976812711670756,0.3523644691594319
-0.2755463577217582,0.35105996913750864
-0.28075241483814917,0.3498210978024916
-0.2691269553609501,0.3531902424520925
-0.2743227203364783,0.35202090743146214
-0.2793999528846482,0.35068787276651764
-0.26788225407623834,0.3539467549784206
-0.2734687494626583,0.35266515142334226
-0.2734687494626583,0.35266515142334226
-0.27892550475372196,0.3513470422288638
-0.27892550475372196,0.3513470422288638
-0.27244434235078846,0.353557876660831
-0.27778216788151516,0.35234308931074904
-0.27778216788151516,0.35234308931074904
-0.2830449594247097,0.3510571330265288
-0.2714039389551001,0.35453745310657736
-0.2766453797072822,0.3533914864448829
-0.28179836240093475,0.3521763205739723
-0.28179836240093475,0.3521763205739723
-0.27591083341721206,0.3543453248986539
-0.27591083341721206,0.3543453248986539
-0.2809911815380055,0.35317685227424755
-0.2809911815380055,0.35317685227424755
-0.2751871164331816,0.35535939678779405
-0.2801769306653016,0.3542547724487294
-0.2801769306653016,0.3542547724487294
-0.28507633607695215,0.353086671159281
-0.2796918389251271,0.35527328620820653
-0.2796918389251271,0.35527328620820653
-0.2843545651408823,0.35395724552649693
-0.2888346272864901,0.3525057861595576
-0.27886595152947413,0.3558604218753658
-0.28319910329103803,0.3543953710950824
-0.28749155907020363,0.35281629406863296
-0.28749155907020363,0.35281629406863296
-0.2824631926150467,0.35453088099014207
-0.28687523076131305,0.3532460738740369
-0.28687523076131305,0.3532460738740369
-0.2912425554025009,0.35193860147166456
-0.2822249592748627,0.3551618620707946
-0.28651143596945483,0.35392770020211217
-0.28651143596945483,0.35392770020211217
-0.29067098791726576,0.3526484439123396
-0.29067098791726576,0.3526484439123396
-0.2863859641883314,0.35446787699935867
-0.2900794429509879,0.35324726614478674
-0.2939687062164862,0.3520246755931906
-0.28603953057261383,0.35510422639086736
-0.2896749952037874,0.35394593379072575
-0.29328152906948723,0.35282555061753773
-0.29328152906948723,0.35282555061753773
-0.2896945004109113,0.35453347035667926
-0.2896945004109113,0.35453347035667926
-0.29311679291143117,0.3533462574536479
-0.29311679291143117,0.3533462574536479
-0.296433168083985,0.3521539383515208
-0.29295312453258937,0.3539120133176136
-0.29295312453258937,0.3539120133176136
-0.29295312453258937,0.3539120133176136
-0.2960753021438721,0.35277161867886614
-0.2960753021438721,0.35277161867886614
-0.2931322604827664,0.354354500351635
-0.2931322604827664,0.354354500351635
-0.29606024752094406,0.35324326691451835
-0.29907422630104047,0.35208531699635603
-0.2936829615317459,0.3547226764046632
-0.29689449434119375,0.3537861381216358
-0.2999436647032725,0.3530337868653262
-0.29826002801279594,0.3548236704783004
-0.29826002801279594,0.3548236704783004
-0.30108843807384955,0.35397113731000074
-0.3037092038822059,0.35297196206825937
-0.30230416156961626,0.35439406174935406
-0.30468934773197026,0.35345121158828663
-0.30468934773197026,0.35345121158828663
-0.3037083184915398,0.35466077363329607
-0.3037083184915398,0.35466077363329607
-0.3059005118671856,0.35374736400528506
-0.3059005118671856,0.35374736400528506
-0.30803242903669215,0.35284430655114685
-0.3076048465494675,0.3539461493736363
-0.3076048465494675,0.3539461493736363
-0.30950275496307744,0.35309428056899167
-0.30950275496307744,0.35309428056899167
-0.3095896704781555,0.35397687886990326
-0.311252247544789,0.35319368665744555
-0.311252247544789,0.35319368665744555
-0.3127812319047527,0.3524351633188064
-0.3118523999239541,0.3539084381647872
-0.3132581545554556,0.35318543616197945
-0.3132581545554556,0.35318543616197945
-0.314541687252456,0.35249176215245426
-0.314541687252456,0.35249176215245426
-0.31551822306063426,0.3529936102210596
-0.3165638382129276,0.3523691367334388
-0.3165638382129276,0.3523691367334388
-0.317484965343444,0.35177420982673435
-0.31807769674840547,0.35263534987487666
-0.31888479100353845,0.3520779150573141
-0.31888479100353845,0.3520779150573141
-0.3195734622619137,0.3515682087191079
-0.32142866398273107,0.3516026568360253
-0.32142866398273107,0.3516026568360253
-0.32187456051331126,0.3511574259699233
-0.32187456051331126,0.3511574259699233
-0.32219232964194844,0.35074277211530225
-0.3244571584984638,0.3504975953022849
-0.3244571584984638,0.3504975953022849
-0.32453182566650807,0.3501517843748685
-0.32453182566650807,0.3501517843748685
-0.3271927666082155,0.3495974768448669
-0.3271927666082155,0.3495974768448669
-0.32704771820575684,0.3493294811142336
-0.32704771820575684,0.3493294811142336
-0.32680442968811574,0.3491018215577495
-0.3302835779204176,0.34842223250859006
-0.32994574392757225,0.34824073342804074
-0.32994574392757225,0.34824073342804074
-0.3295137152670484,0.34810421732059205
-0.3330434912429728,0.34691195540115133
-0.3330434912429728,0.34691195540115133
-0.33247871954763075,0.3468653199493289
-0.33247871954763075,0.3468653199493289
-0.3319447683030407,0.3468500034489838
-0.33598963644602153,0.3452097578044977
-0.33598963644602153,0.3452097578044977
-0.33522513829240724,0.34502839677863406
-0.3394954406341415,0.34309560436141107
-0.3394954406341415,0.34309560436141107
-0.3383610081926166,0.34315944763646417
-0.33725290032544847,0.3432136649158562
-0.3421666108379129,0.3409375822767856
-0.3421666108379129,0.3409375822767856
-0.34096763697427857,0.3410845585614802
-0.34096763697427857,0.3410845585614802
-0.3461269483456847,0.3386319254777581
-0.34485248689358283,0.3389278717873621
-0.34485248689358283,0.3389278717873621
-0.34354657870827177,0.33920583076047733
-0.3493858949453593,0.3365913987633999
-0.3493858949453593,0.3365913987633999
-0.34797986299303996,0.3369709229751559
-0.353585200861541,0.33433778064226105
-0.35129476972611096,0.334929013797918
-0.3489496584723403,0.3355723724289473
-0.3572642303864989,0.33215931489756073
-0.35497497350139007,0.33287518643913494
-0.3525902971555236,0.3335769384378626
-0.3525902971555236,0.3335769384378626
-0.35871436506345433,0.330847848283771
-0.3561855695794862,0.3316356109532842
-0.3561855695794862,0.3316356109532842
-0.3535818761784038,0.33233447469971145
-0.3629151882615028,0.3286435937343734
-0.36027615477228003,0.3295379176247986
-0.3574608017669664,0.33036888083123345
-0.36410609845772357,0.3275299274012415
-0.36410609845772357,0.3275299274012415
-0.3615325351729147,0.3283500288313845
-0.3585555202825785,0.3292241318877148
-0.3656339820032346,0.3264162763809044
-0.3656339820032346,0.3264162763809044
-0.3627062703624807,0.3273255085177812
-0.3702280243289374,0.32436400781308034
-0.3702280243289374,0.32436400781308034
-0.36723631378076405,0.32533552534675936
-0.36723631378076405,0.32533552534675936
-0.3641493940258226,0.3262373350304681
-0.37512895481176506,0.32222580366219367
-0.3720364376745261,0.3232946571176577
-0.3720364376745261,0.3232946571176577
-0.3688566440101809,0.32429760632876725
-0.3764453129662137,0.3215549602787497
-0.37291100612244454,0.32284512160762274
-0.369297693502878,0.32399288161691503
-0.3808166131405878,0.3201173254040099
-0.3771546405775668,0.32149649314005835
-0.3733323328214789,0.3227625533709519
-0.3811022101599543,0.3203818690749309
-0.3811022101599543,0.3203818690749309
-0.3772887669644333,0.3216538367385964
-0.3735040759930568,0.3227753032717586
-0.3854392051042521,0.3192094171318296
-0.38172933525884334,0.32049959584947973
-0.38172933525884334,0.32049959584947973
-0.3779891421570388,0.3216790560342705
-0.3779891421570388,0.3216790560342705
-0.3860287178372144,0.31953529941858466
-0.382237401259874,0.3207506347208099
-0.382237401259874,0.3207506347208099
-0.3783752527390082,0.32185649740314626
-0.39053239653536065,0.31862933565884016
-0.3866852057505112,0.31990949060882545
-0.3866852057505112,0.31990949060882545
-0.38279960952465597,0.32105029016691705
-0.3908693320521914,0.31921752385908736
-0.3908693320521914,0.31921752385908736
-0.3870332829498296,0.320378639876244
-0.3870332829498296,0.320378639876244
-0.3831846070963486,0.3214083015315492
-0.39536930357956496,0.3185554164541243
-0.39154451356418385,0.31973770062992773
-0.39154451356418385,0.31973770062992773
-0.3876696535039989,0.32080555975228386
-0.3876696535039989,0.32080555975228386
-0.39566300803205284,0.31925946589226606
-0.39177621382486094,0.3203235311793066
-0.39177621382486094,0.3203235311793066
-0.3878492252306742,0.32124849735976696
-0.39986215556871696,0.3187664303145457
-0.3959515443061237,0.31980700099008963
-0.3959515443061237,0.31980700099008963
-0.39200658644526193,0.3207107964813388
-0.39200658644526193,0.3207107964813388
-0.39966440015225274,0.3193193871591282
-0.3957039010153285,0.32018613957933434
-0.3957039010153285,0.32018613957933434
-0.3917342860540645,0.3209270594896172
-0.4033745296130944,0.3187581187220788
-0.3994355385869528,0.31958193452879047
-0.3994355385869528,0.31958193452879047
-0.39547558870420063,0.32029503194385633
-0.39547558870420063,0.32029503194385633
-0.4026903649031797,0.31898969810813
-0.4026903649031797,0.31898969810813
-0.39878337507537615,0.3196764648700005
-0.39878337507537615,0.3196764648700005
-0.39491178579913466,0.3202622266148076
-0.4059899777883151,0.31834644587097
-0.4021859286821533,0.3190033330709469
-0.39849743678619626,0.3195617021514571
-0.40531858388954,0.3184710565573181
-0.40531858388954,0.3184710565573181
-0.40162050041580366,0.3192846937911056
-0.408053074554899,0.3184764825676784
-0.40380071202976614,0.3195013410386302
-0.39957444766294153,0.3203248062157714
-0.40541330562162636,0.3195501539475909
-0.4013186337547859,0.3203900392828754
-0.39717388121235,0.3211556497951473
-0.4027079726017139,0.32054035145986126
-0.39861703909883234,0.321320491459279
-0.4036372317075374,0.32076130325168056
-0.4036372317075374,0.32076130325168056
-0.40056099495199443,0.3213078349112362
-0.40633127297183697,0.3205525592982866
-0.4040435665977881,0.32090999856468044
-0.4016591176662365,0.3211545610060724
-0.4016591176662365,0.3211545610060724
-0.4072634138671419,0.32046765083193374
-0.4072634138671419,0.32046765083193374
-0.40525211293947605,0.32070742475684155
-0.40525211293947605,0.32070742475684155
-0.4033240392193331,0.32088844246481363
-0.41058598743187164,0.32006287290536894
-0.4087431513973393,0.3202283165857294
-0.4087431513973393,0.3202283165857294
-0.40698460805031045,0.32033442609729634
-0.40698460805031045,0.32033442609729634
-0.41182801391966833,0.31970528327290204
-0.41182801391966833,0.31970528327290204
-0.41024147699433344,0.3197229152573287
-0.408544942803195,0.3199296709598933
-0.4145213370942681,0.31938414246991526
-0.41258899920123204,0.3195998687961682
-0.4108649986903486,0.3197987387219801
-0.4145162100770995,0.3194578562244776
-0.4145162100770995,0.3194578562244776
-0.413112290228839,0.3193294092427395
-0.4118283514869045,0.3193011348221543
-0.4164263418189428,0.3191069984923883
-0.415236804419601,0.31902293050771946
-0.415236804419601,0.31902293050771946
-0.41414398403622915,0.3188765701834011
-0.41414398403622915,0.3188765701834011
-0.4169722632896992,0.31863273585015683
-0.4169722632896992,0.31863273585015683
-0.41607362849116347,0.31835198508382695
-0.41607362849116347,0.31835198508382695
-0.41527220017680094,0.3180046034447746
-0.4184162282637029,0.31817237143855714
-0.41771090914693926,0.3177732596408009
-0.41771090914693926,0.3177732596408009
-0.4170948673384119,0.3173474113217819
-0.4170948673384119,0.3173474113217819
-0.41894370163600475,0.3172293445529082
-0.4185080732242756,0.31674333792427234
-0.4185080732242756,0.31674333792427234
-0.41816509030361726,0.3162364905379837
-0.41980911217314054,0.31681129646333195
-0.41956256983874407,0.3162739887318921
-0.41956256983874407,0.3162739887318921
-0.41941124076971864,0.31571220986046367
-0.41941124076971864,0.31571220986046367
-0.4202506318709952,0.31589276549967543
-0.4202506318709952,0.31589276549967543
-0.42029351590037817,0.31527928934586696
-0.42029351590037817,0.31527928934586696
-0.42055651505386116,0.3156649194801862
-0.42079777201594504,0.3149705662654267
-0.42079777201594504,0.3149705662654267
-0.42113263161036213,0.3142333708473039
-0.42113263161036213,0.3142333708473039
-0.4209761498061132,0.31470080050160887
-0.4215052710188153,0.31387888086348054
-0.4215052710188153,0.31387888086348054
-0.42212152526961033,0.3130084579578049
-0.42073913711983646,0.31455984136213744
-0.42145382477742754,0.31364226189630096
-0.42145382477742754,0.31364226189630096
-0.42225235435904873,0.3126637571659193
-0.42113200726410477,0.3134223516291722
-0.42113200726410477,0.3134223516291722
-0.4222128252059544,0.3123860154547327
-0.4222128252059544,0.3123860154547327
-0.42342897715576205,0.3113103585945192
-0.4205762441398996,0.31341469597976307
-0.4219575817824093,0.31232462546360695
-0.4219575817824093,0.31232462546360695
-0.4234877188432848,0.3111801762151314
-0.4234877188432848,0.3111801762151314
-0.4217202113314434,0.3123249762175193
-0.4217202113314434,0.3123249762175193
-0.42358520648416753,0.3111100017151059
-0.4256013203417527,0.3098357385383827
-0.4213415599335303,0.3125148497741182
-0.42362844426574153,0.3111484495717171
-0.42503867998590683,0.3100909789098688
-0.422145796561959,0.311616214024826
-0.42444823723416136,0.31031329549526454
-0.427157838104217,0.308934501301984
-0.42173835063657134,0.31207957803229147
-0.42468234770560737,0.31053220372332585
-0.42808143313462477,0.30892748941531156
-0.425655113014677,0.3107137630034268
-0.4294854473916868,0.3089465359005623
-0.4294854473916868,0.3089465359005623
-0.4264333749933006,0.3109442886857862
-0.43017589323519023,0.3092033287329361
-0.43353903137060357,0.30736179805643205
-0.4299655352360662,0.3094682435626423
-0.4299655352360662,0.3094682435626423
-0.4340710951618474,0.30759123198377114
-0.4340710951618474,0.30759123198377114
-0.4383684755752,0.3056578603842542
-0.4304230142811325,0.3098938714169087
-0.43489366671174506,0.3080178294938296
-0.43489366671174506,0.3080178294938296
-0.43942084991980335,0.30603400662778185
-0.43942084991980335,0.30603400662778185
-0.43577800625236074,0.30833774369530287
-0.4404663541149052,0.30626763706909127
-0.4404663541149052,0.30626763706909127
-0.44519320148315283,0.3040984002429665
-0.4362882103119376,0.3087403692036453
-0.44112817947837013,0.3066208872236617
-0.44112817947837013,0.3066208872236617
-0.4458199330583773,0.30456236876927684
-0.44136947568138996,0.30729103811996095
-0.44136947568138996,0.30729103811996095
-0.4459559598309743,0.3051363280043938
-0.4505724618481243,0.3029251240743192
-0.4457644907533843,0.3057594125602452
-0.4457644907533843,0.3057594125602452
-0.45063487280692954,0.3035750495664296
-0.4457117208092606,0.3064573941222787
-0.4457117208092606,0.3064573941222787
-0.45073405721919363,0.30422929899575235
-0.45073405721919363,0.30422929899575235
-0.4558086538024408,0.301896323864992
-0.44547745221384466,0.30720975034552456
-0.45065686853743125,0.30497315098497846
-0.4558338201060871,0.30263729746849666
-0.4558338201060871,0.30263729746849666
-0.450216912571445,0.3055336818996174
-0.4547064421594999,0.3033292954235525
-0.4593524259810608,0.3009718731885604
-0.4485741236797811,0.30653313829763235
-0.4534172205770631,0.3041373088111563
-0.4580231911299907,0.3016981503133184
-0.4580231911299907,0.3016981503133184
-0.4519918616647276,0.30487985647560306
-0.4567834351976608,0.3025356123170621
-0.4567834351976608,0.3025356123170621
-0.4615888811078055,0.3001207218081995
-0.45051495925373874,0.30580539635937387
-0.4554142724729583,0.3035269037183141
-0.4554142724729583,0.3035269037183141
-0.4602999080687761,0.3011802364295931
-0.4602999080687761,0.3011802364295931
-0.45430251114496534,0.30445143515951134
-0.45430251114496534,0.30445143515951134
-0.4592542432607327,0.3021448929755827
-0.46417898664959983,0.29975538706544574
-0.45299684771863136,0.30550820841589643
-0.45799587547901766,0.3032440121505832
-0.45799587547901766,0.3032440121505832
-0.462957265631086,0.3008957165792505
-0.462957265631086,0.3008957165792505
-0.4569947341495582,0.3042152282338409
-0.4569947341495582,0.3042152282338409
-0.46196976673739926,0.3019040074878433
-0.46196976673739926,0.3019040074878433
-0.4668898239551836,0.2995070953167578
-0.4557987888842256,0.3053009409354585
-0.46077207261314274,0.303031778247675
-0.46077207261314274,0.303031778247675
-0.465692894112981,0.30068818079359955
-0.4705596444535548,0.2982754122514053
-0.45986599566643693,0.3040589998630226
-0.46478553839168996,0.30178275868678467
-0.46478553839168996,0.30178275868678467
-0.4696362060408208,0.2994416777013508
-0.45883222923124445,0.3052499792906827
-0.4637009162716565,0.30305361503378114
-0.4637009162716565,0.30305361503378114
-0.46844899071571666,0.3007725921542616
-0.46279928326316033,0.3041834293219371
-0.46279928326316033,0.3041834293219371
-0.4675316155612407,0.30194563054407514
-0.4675316155612407,0.30194563054407514
-0.47220679321696324,0.29965644595399316
-0.4618635971465038,0.30541968271749304
-0.46659214690229034,0.30326832042406365
-0.46659214690229034,0.30326832042406365
-0.47126153965935896,0.3010568655042887
-0.47126153965935896,0.3010568655042887
-0.46606104563234624,0.3044732222760149
-0.4706983474363057,0.30231759953962073
-0.4706983474363057,0.30231759953962073
-0.4706983474363057,0.30231759953962073
-0.47525394615779676,0.3001071854281852
-0.46553951053456166,0.3057662768112823
-0.4700982707394811,0.30367576978768207
-0.4745527609148563,0.3015314745176513
-0.4745527609148563,0.3015314745176513
-0.4697347566802563,0.30481203444350596
-0.47377433326239715,0.30278261757554703
-0.4779750879791932,0.300479857362387
-0.46924843711141656,0.3058029599436759
-0.47343076386484934,0.30356352996400043
-0.4774638972385101,0.3012791900672748
-0.4774638972385101,0.3012791900672748
-0.47305948566101136,0.3043129636223612
-0.47305948566101136,0.3043129636223612
-0.4770562933166002,0.30210283644642383
-0.4770562933166002,0.30210283644642383
-0.48096436272265725,0.29987099957630636
-0.4728601579551676,0.30506516071918366
-0.47672312201463873,0.3029195517808848
-0.4804499350738495,0.3007441759181354
-0.4804499350738495,0.3007441759181354
-0.47662371018880556,0.30349413567590483
-0.479983029362538,0.30146123077974296
-0.479983029362538,0.30146123077974296
-0.48313763024525413,0.29940622685110463
-0.47944323555755997,0.3022201010511025
-0.47944323555755997,0.3022201010511025
-0.4826778024249708,0.3001934422124548
-0.4826778024249708,0.3001934422124548
-0.4794473953344355,0.30268894875190233
-0.4794473953344355,0.30268894875190233
-0.4825192093607932,0.3007558796052266
-0.4825192093607932,0.3007558796052266
-0.4795764803109841,0.3031618879070102
-0.4824672050429746,0.30131892731321785
-0.4824672050429746,0.30131892731321785
-0.4824672050429746,0.30131892731321785
-0.4852470895708906,0.2994932917717409
-0.48272577686885776,0.30168816357482353
-0.48272577686885776,0.30168816357482353
-0.4853263537546824,0.2999376929217336
-0.4879345781235014,0.29819364224076356
-0.4857705879027949,0.3003275943816992
-0.4857705879027949,0.3003275943816992
-0.48805398236517034,0.2987022587235919
-0.48637052116514934,0.30051217612580516
-0.48637052116514934,0.30051217612580516
-0.4885954969914875,0.2989274313321161
-0.4885954969914875,0.2989274313321161
-0.4907461181523457,0.2973555642690927
-0.4874103099118826,0.300527294705643
-0.4895928893310169,0.2990217319093004
-0.4895928893310169,0.2990217319093004
-0.4917188282915406,0.29754292184238607
-0.4917188282915406,0.29754292184238607
-0.49118583241106556,0.2988788041429137
-0.49118583241106556,0.2988788041429137
-0.4931803541486891,0.2974728304796813
-0.4931803541486891,0.2974728304796813
-0.4950785123163386,0.29609610989524443
-0.49311857147966376,0.29856057280016907
-0.49311857147966376,0.29856057280016907
-0.4948972981090856,0.2972404859528399
-0.4948972981090856,0.2972404859528399
-0.49657126663963,0.2959604530637061
-0.49657126663963,0.2959604530637061
-0.4968537089166226,0.29675436750232054
-0.4968537089166226,0.29675436750232054
-0.4983143149738422,0.29552812166050046
-0.4983143149738422,0.29552812166050046
-0.499673760466637,0.29430415604587196
-0.49909403007457676,0.2959465368423045
-0.5003409234898476,0.29480657086586537
-0.5003409234898476,0.29480657086586537
-0.5014815528607006,0.2937067994704775
-0.5014815528607006,0.2937067994704775
-0.5025939323365356,0.2938670315536934
-0.5035255548547537,0.2929127623268471
-0.5035255548547537,0.2929127623268471
-0.5043448867854547,0.29204067618458174
-0.5051139660282875,0.2927487637842458
-0.5058704158005056,0.29191271853114686
-0.5058704158005056,0.29191271853114686
-0.5065360732736854,0.291142272764433
-0.5065360732736854,0.291142272764433
-0.5085328207335142,0.290623481210506
-0.5085328207335142,0.290623481210506
-0.5090736476773453,0.2899633088112431
-0.5095092794414573,0.2893907701621766
-0.5115608578364321,0.28906098623830595
-0.5119009931074947,0.2885874238402084
-0.5119009931074947,0.2885874238402084
-0.5121661980631184,0.28812888405327614
-0.5121661980631184,0.28812888405327614
-0.5149343144573355,0.2868767613513389
-0.5149343144573355,0.2868767613513389
-0.5150371764741373,0.28659295136272545
-0.5150371764741373,0.28659295136272545
-0.5150030962375556,0.28638269320837395
-0.5182350379098799,0.2849263831472354
-0.5180941456556867,0.2848828863708344
-0.5178364570533954,0.2849549640621359
-0.5178364570533954,0.2849549640621359
-0.5211678398484709,0.28308623134394006
-0.5211678398484709,0.28308623134394006
-0.5206458171308475,0.28329716195020693
-0.5200853097612869,0.2836363420745395
-0.5236283964304529,0.28106437026386666
-0.5236283964304529,0.28106437026386666
-0.522963695573469,0.2810891962605904
-0.5267780855568263,0.27821759114901917
-0.5257782821561653,0.27844375699566476
-0.5257782821561653,0.27844375699566476
-0.5246642872259404,0.2787731665513308
-0.5287709770051987,0.27547156955667856
-0.5287709770051987,0.27547156955667856
-0.5277826872869538,0.27583743775271935
-0.5277826872869538,0.27583743775271935
-0.532025312886887,0.27239307539356866
-0.532025312886887,0.27239307539356866
-0.5308692801727037,0.2729455148972527
-0.5308692801727037,0.2729455148972527
-0.529661945411821,0.2735011982540478
-0.5349251865681437,0.2695990095243151
-0.5349251865681437,0.2695990095243151
-0.5333140263208282,0.27051391846160744
-0.5381508769017124,0.266573939275917
-0.5361075802057201,0.2676759782344287
-0.5361075802057201,0.2676759782344287
-0.5414244464701745,0.26343891273577436
-0.5393997833801298,0.2645348461016258
-0.5393997833801298,0.2645348461016258
-0.537186333571501,0.2656935428960541
-0.5349262497470278,0.26680150207008696
-0.542590633858145,0.261478052516429
-0.5403220242922642,0.2627393153213691
-0.5403220242922642,0.2627393153213691
-0.5379325301978284,0.2639964925789329
-0.5461654255437327,0.2582354935209643
-0.5437809624436668,0.2596547873187337
-0.5413570523580005,0.2610751343108373
-0.5413570523580005,0.2610751343108373
-0.5474117126375078,0.2567109073507805
-0.5453115170951557,0.2580270029531952
-0.5453115170951557,0.2580270029531952
-0.5427949565175343,0.25952533253961974
-0.5492004548798307,0.25501820992461416
-0.5492004548798307,0.25501820992461416
-0.5465454898642441,0.2565301268922522
-0.5465454898642441,0.2565301268922522
-0.5532227730839627,0.25179381441393
-0.5505402504892851,0.2534019969237077
-0.5505402504892851,0.2534019969237077
-0.5477681904907026,0.25497170546393977
-0.5575407969661983,0.2484499296973648
-0.5548073549467432,0.25018416040834296
-0.5548073549467432,0.25018416040834296
-0.5519733141476798,0.25187839132700285
-0.5587070769372353,0.24732792127162384
-0.5554390242856909,0.24935588332450612
-0.5554390242856909,0.24935588332450612
-0.5626145042271812,0.24480119087594493
-0.5594811055336009,0.24694038277360889
-0.5594811055336009,0.24694038277360889
-0.5562267165197119,0.24893640413472393
-0.5562267165197119,0.24893640413472393
-0.5632847418575203,0.24467513938124458
-0.560031555262039,0.24675153611555656
-0.560031555262039,0.24675153611555656
-0.5566832958006673,0.24872597535907146
-0.567430220470749,0.24241370188556158
-0.5641521177186128,0.24455863601792932
-0.5641521177186128,0.24455863601792932
-0.5607849987203132,0.24660655689792588
-0.5680820267111498,0.2426302967907585
-0.5680820267111498,0.2426302967907585
-0.5646741755993606,0.24474824590805308
-0.5611978575977546,0.24673455951404993
-0.5722439386625884,0.24071315881201444
-0.5688486854031297,0.24283739988552788
-0.5688486854031297,0.24283739988552788
-0.5653708252418038,0.2448464358284464
-0.5653708252418038,0.2448464358284464
-0.572797204614188,0.24113821261046556
-0.5693403285179881,0.24318551499467678
-0.5693403285179881,0.24318551499467678
-0.5658286969041346,0.24511575168785327
-0.5769873404429102,0.23944900547996456
-0.573564482554171,0.24149049020547597
-0.5700395358093293,0.2433873008541428
-0.5700395358093293,0.2433873008541428
-0.5774194408280491,0.23994728516330316
-0.5774194408280491,0.23994728516330316
-0.573862086501418,0.24187360744851516
-0.573862086501418,0.24187360744851516
-0.5702401527380152,0.24366790460222276
-0.577752837250551,0.24028696545879707
-0.577752837250551,0.24028696545879707
-0.5741221664683519,0.24205133493558967
-0.5741221664683519,0.24205133493558967
-0.5812427840483929,0.2388242696714677
-0.5812427840483929,0.2388242696714677
-0.5776202374224966,0.240573837544586
-0.5739710116194656,0.24220198841186502
-0.584760904065437,0.23732548849087437
-0.5811300375475492,0.23905097692308655
-0.5811300375475492,0.23905097692308655
-0.5774322688730341,0.24066626220845988
-0.5774322688730341,0.24066626220845988
-0.5841296800846093,0.23767756504205556
-0.5804586381258101,0.23926635702567672
-0.5804586381258101,0.23926635702567672
-0.5870663433118417,0.2363041241956556
-0.5834351768885243,0.23786913880521382
-0.5834351768885243,0.23786913880521382
-0.5797963990654602,0.23934834422220996
-0.5862506306727301,0.23660352484842004
-0.5862506306727301,0.23660352484842004
-0.5827646605966909,0.23815770612697995
-0.5892103771023678,0.2356822648560043
-0.5860630517674039,0.23730513428485234
-0.5828773559055669,0.2387859351026532
-0.5887226220998366,0.23659696292426213
-0.5887226220998366,0.23659696292426213
-0.5855625562177422,0.23817578904161396
-0.5825497116761589,0.23967044328422293
-0.5885279815540749,0.23775026603970528
-0.5885279815540749,0.23775026603970528
-0.5855385995636581,0.23927955334813195
-0.590976639285598,0.23766108348335796
-0.5884231212627857,0.23888099552248332
-0.5859709372038898,0.24007824399232597
-0.5914190215226913,0.23847006806007862
-0.5914190215226913,0.23847006806007862
-0.5887291976231537,0.23963754576785043
-0.5933255631149901,0.2382390628677987
-0.5907379034259114,0.23931705199312991
-0.5946885435739345,0.2381737442661242
-0.5918865208237738,0.23930934037618073
-0.5890589056224561,0.24045340937528187
-0.5925465807700918,0.23966421808143235
-0.5897115064780473,0.24087916801755313
-0.5897115064780473,0.24087916801755313
-0.5930787198739209,0.2401613978858344
-0.5913243066544621,0.2409442182806547
-0.5896700614889129,0.24160145918609338
-0.5896700614889129,0.24160145918609338
-0.5928096641695211,0.24092860994043774
-0.5907274346966206,0.24135432633856024
-0.5892638457847802,0.24160161127618926
-0.5923948301635795,0.24106686229447005
-0.5906248763119757,0.2414811237089162
-0.5906248763119757,0.2414811237089162
-0.5929691104282253,0.2410224037698877
-0.5916417776883086,0.24119477498866682
-0.5916417776883086,0.24119477498866682
-0.5905517686328539,0.24116687993500502
-0.5936692183839899,0.24084273823915597
-0.5927459984218852,0.24075282738560194
-0.5927459984218852,0.24075282738560194
-0.5919825106111253,0.2405332946156278
-0.5937931524163026,0.24019131963127396
-0.5937931524163026,0.24019131963127396
-0.5932498393055855,0.2398069618939253
-0.5932498393055855,0.2398069618939253
-0.5927965514929736,0.2393615760547544
-0.5945380766898309,0.23967939699668261
-0.5941786724066578,0.23916090550079677
-0.5941786724066578,0.23916090550079677
-0.5939136409731876,0.23857682171948866
-0.5939136409731876,0.23857682171948866
-0.5947626173094067,0.23854492250852144
-0.5947626173094067,0.23854492250852144
-0.5946914638825954,0.23782172243866245
-0.5946914638825954,0.23782172243866245
-0.594714875030979,0.23703372756746735
-0.5950068482477577,0.2380392179902849
-0.5951334341798031,0.23718619831367782
-0.5953564638677324,0.23626451409067606
-0.5953564638677324,0.23626451409067606
-0.5952985437345277,0.23659758530003364
-0.5952985437345277,0.23659758530003364
-0.5957352823672925,0.2355629859922757
-0.5962918074017858,0.23448114941557957
-0.5951619032909848,0.2362221697447371
-0.5958431827891969,0.23510383569172508
-0.5958431827891969,0.23510383569172508
-0.5958431827891969,0.23510383569172508
-0.5966687274139573,0.23393341936233264
-0.5958363112100725,0.23477902266681716
-0.5958363112100725,0.23477902266681716
-0.5969088769589165,0.2335298814431011
-0.5969088769589165,0.2335298814431011
-0.5980572098006056,0.2322152205831835
-0.5955529745611237,0.23472277957894228
-0.5968404040335457,0.23336212017523295
-0.5982141021360287,0.23193213591991174
-0.5982141021360287,0.23193213591991174
-0.5966483798686366,0.2332603098560029
-0.5966483798686366,0.2332603098560029
-0.5982882892345422,0.23171306755844112
-0.5982882892345422,0.23171306755844112
-0.5962332670561993,0.23337520629420067
-0.5981104574863014,0.23174197869321567
-0.600047176609539,0.23009007723212055
-0.600047176609539,0.23009007723212055
-0.5982349358101419,0.23176286365024798
-0.6007411862620494,0.2298754003853252
-0.603343587468773,0.22790953397765046
-0.5983108249520105,0.2319592063992285
-0.6015515316291272,0.22984284513879405
-0.604554974911655,0.2277786840421797
-0.6018142644569836,0.22995791078648004
-0.6018142644569836,0.22995791078648004
-0.6049116263600284,0.22768017468010715
-0.6081227540186267,0.22533586600581929
-0.6019639578245566,0.23010266368782412
-0.6055796193057098,0.22775613865826122
-0.6090948334369795,0.2254044855045578
-0.6063646748940756,0.2279019021220925
-0.6063646748940756,0.2279019021220925
-0.6103128105688452,0.22541417755769577
-0.6074532075013792,0.2280011182134365
-0.6111762461387766,0.22574071655939898
-0.6154149940207184,0.22301914522979663
-0.6154149940207184,0.22301914522979663
-0.6121118927331305,0.22590663621880544
-0.6164768367667914,0.2231315742187246
-0.6207544628256217,0.22036944808044187
-0.6125979470963301,0.22638508252193104
-0.6169753675415288,0.22366436149962435
-0.621449492290088,0.22079584788889656
-0.621449492290088,0.22079584788889656
-0.6175642891099656,0.22399990368209965
-0.6221336859485942,0.22122734056173823
-0.6221336859485942,0.22122734056173823
-0.6265298577699965,0.21833158180633727
-0.6176749898266451,0.2247751035799619
-0.6221737849286009,0.22193172353109591
-0.6266838698670355,0.21900139294945015
-0.6266838698670355,0.21900139294945015
-0.6222985364782712,0.22255950133117097
-0.6222985364782712,0.22255950133117097
-0.6269332773901573,0.21963268429174607
-0.6269332773901573,0.21963268429174607
-0.6315582066984353,0.21663291616844185
-0.6221415637495112,0.22345583805945327
-0.6268839362717981,0.22055607162719112
-0.6268839362717981,0.22055607162719112
-0.6316072708766848,0.21757577478225182
-0.6264845889530762,0.22143415834275837
-0.6309673726006201,0.21846432914933916
-0.6309673726006201,0.21846432914933916
-0.6256973510599638,0.22235820376727286
-0.6302494097916487,0.2192691768086912
-0.6302494097916487,0.2192691768086912
-0.6347197893521206,0.21615037525623645
-0.6347197893521206,0.21615037525623645
-0.6293693706496761,0.22008951571562974
-0.6293693706496761,0.22008951571562974
-0.6337508316013515,0.2169739091816889
-0.6380792793061133,0.21378822180910895
-0.6280021045568331,0.22109788771854738
-0.6324677546697722,0.2180420753130011
-0.6324677546697722,0.2180420753130011
-0.6368810473738793,0.21490875828161182
-0.6314203373572314,0.2190259902489132
-0.6314203373572314,0.2190259902489132
-0.6358962422356895,0.21594255486979397
-0.6358962422356895,0.21594255486979397
-0.6403269424016547,0.21280812059919738
-0.6301787153768034,0.22023512364905154
-0.634700151460954,0.21721353938767346
-0.634700151460954,0.21721353938767346
-0.6391650434172891,0.2141392053267202
-0.6391650434172891,0.2141392053267202
-0.6337410642260248,0.21838855312118446
-0.6337410642260248,0.21838855312118446
-0.6382305973241031,0.21536473555150598
-0.6382305973241031,0.21536473555150598
-0.6426583443389086,0.21226664632257639
-0.6326332804988501,0.21975542724824135
-0.6371416491846056,0.21678474340051146
-0.6415864958657609,0.21374682241247928
-0.6415864958657609,0.21374682241247928
-0.6363395853279572,0.21807648987470332
-0.6363395853279572,0.21807648987470332
-0.6407889633528863,0.21508917065103678
-0.6407889633528863,0.21508917065103678
-0.6451558730863284,0.21201794903472215
-0.6354358251637938,0.21950021634031952
-0.6398097421606455,0.21656199578710558
-0.644071968135417,0.21357381354042304
-0.644071968135417,0.21357381354042304
-0.6390222068578795,0.2179315912854462
-0.6390222068578795,0.2179315912854462
-0.6433028880019496,0.2150257977631337
-0.6433028880019496,0.2150257977631337
-0.6475228472362696,0.21205646448250548
-0.6382646674415573,0.21943773603364053
-0.6425555266309066,0.21658037689800752
-0.6425555266309066,0.21658037689800752
-0.646778341975639,0.21366360434930662
-0.6421948575165776,0.21791827639985162
-0.6421948575165776,0.21791827639985162
-0.6463818087882389,0.21505943269462163
-0.6463818087882389,0.21505943269462163
-0.6504630713532535,0.21216572039863069
-0.641822291987549,0.21935826224335161
-0.6459296782435523,0.2165803368938649
-0.6459296782435523,0.2165803368938649
-0.6499246318615678,0.21376586834752764
-0.6457694767038062,0.2177373392544648
-0.6494500268151719,0.21467091821967973
-0.6494500268151719,0.21467091821967973
-0.6449532343662971,0.2184273187960754
-0.6482943577738762,0.21535496536908183
-0.6515673679864525,0.2122604001188807
-0.6477236198130027,0.2158126945242734
-0.6510855479219744,0.21276755944550657
-0.6544785764432963,0.20971901320050682
-0.6508025123341383,0.21314562253048155
-0.6542418243939522,0.2102041355396998
-0.6507912314013513,0.21331685373954076
-0.6507912314013513,0.21331685373954076
-0.6541379968527974,0.21058081191675765
-0.6570590173426404,0.20800395528008003
-0.6538684707392454,0.2113142776256492
-0.6538684707392454,0.2113142776256492
-0.6567920082952188,0.20882508455448584
-0.6567920082952188,0.20882508455448584
-0.653996902574683,0.2118153870776135
-0.653996902574683,0.2118153870776135
-0.6566959099981708,0.20942851781555252
-0.6592829428853241,0.2070681139314845
-0.6541470952563413,0.21226816379792582
-0.6566781229090599,0.2099817895645635
-0.6566781229090599,0.2099817895645635
-0.659101064761876,0.2077227511670295
-0.6569346484422549,0.21027141478600284
-0.6569346484422549,0.21027141478600284
-0.6591951698499415,0.2080979812586886
-0.6615209666147875,0.20588269602165687
-0.6575234616570795,0.21035872593320976
-0.6597148026293252,0.20814898636075965
-0.6617875981471901,0.2061359335688708
-0.6603358681942637,0.20822342631423466
-0.6603358681942637,0.20822342631423466
-0.6622510175791986,0.20625341745694836
-0.6642318999196578,0.20428926124430793
-0.6614155430022516,0.20800293631548117
-0.6633779511625773,0.20610258235985723
-0.6633779511625773,0.20610258235985723
-0.6652567596966008,0.20424177163335244
-0.6652567596966008,0.20424177163335244
-0.6649023513914802,0.2056132528518005
-0.6649023513914802,0.2056132528518005
-0.6666493180391152,0.20385588700043233
-0.6666493180391152,0.20385588700043233
-0.6682958518959274,0.20213642668839568
-0.6667396648041808,0.2048966849964478
-0.6682796830596851,0.20326273723243196
-0.6682796830596851,0.20326273723243196
-0.6696934107104981,0.20165888478017616
-0.6696934107104981,0.20165888478017616
-0.6700601592707787,0.2023741686929073
-0.6700601592707787,0.2023741686929073
-0.6712843943914018,0.20090846921239505
-0.6724088335597019,0.19952141363386638
-0.672090486050624,0.2012400726986758
-0.6731269019203379,0.1999344740105352
-0.6731269019203379,0.1999344740105352
-0.6740862610009848,0.19868598268794638
-0.6740862610009848,0.19868598268794638
-0.675225806347155,0.19866832366586007
-0.675225806347155,0.19866832366586007
-0.6760172035865308,0.19758710480381544
-0.6760172035865308,0.19758710480381544
-0.6767005830239543,0.1966468495188474
-0.678146096835379,0.19640429756425737
-0.678146096835379,0.19640429756425737
-0.6786306329589773,0.19569203710355923
-0.6786306329589773,0.19569203710355923
-0.6803788750855758,0.19505480440833844
-0.6803788750855758,0.19505480440833844
-0.6806873041496214,0.194538353187246
-0.6806873041496214,0.194538353187246
-0.6808888282593293,0.19410427969977265
-0.6830417031802424,0.1931383204675648
-0.6830417031802424,0.1931383204675648
-0.6831713485011986,0.1928621685078855
-0.6831713485011986,0.1928621685078855
-0.6856737064363532,0.19140690271391483
-0.6856737064363532,0.19140690271391483
-0.6857024585394794,0.1912220993631566
-0.6856693056357044,0.1911542748317166
-0.6886418988762153,0.18922347470217254
-0.6884992546481725,0.18929627394658524
-0.6884992546481725,0.18929627394658524
-0.6882417163100945,0.18947952197719328
-0.6882417163100945,0.18947952197719328
-0.6912248325694385,0.18723681595658287
-0.6912248325694385,0.18723681595658287
-0.6908028106926678,0.1876077576329429
-0.6903256531535302,0.18810431526495777
-0.6934623130448909,0.1851664985070298
-0.6934623130448909,0.1851664985070298
-0.692327441828789,0.1855944886518538
-0.695046746166599,0.18239422422104384
-0.6935900518514675,0.1831343757955319
-0.6935900518514675,0.1831343757955319
-0.6921042493899184,0.18388609675453477
-0.6967602657787036,0.1794082259030937
-0.6954883616813461,0.1800173971483027
-0.6954883616813461,0.1800173971483027
-0.6943065060206857,0.18058426389566973
-0.6943065060206857,0.18058426389566973
-0.6981805672597541,0.1763382127020359
-0.6981805672597541,0.1763382127020359
-0.6971329798060406,0.1770460045695971
-0.6971329798060406,0.1770460045695971
-0.6960284218126849,0.1777691153460714
-0.7005570514952295,0.17314578808612396
-0.6992064724276638,0.1741791650120318
-0.6992064724276638,0.1741791650120318
-0.7033576727085207,0.16957726416526775
-0.7016408358716746,0.1709305888446148
-0.7016408358716746,0.1709305888446148
-0.7063326874856315,0.16602541600979387
-0.7045018881203913,0.16744395866285075
-0.7045018881203913,0.16744395866285075
-0.7025252363254585,0.16886962632971436
-0.7025252363254585,0.16886962632971436
-0.707225625883537,0.16394290229865138
-0.707225625883537,0.16394290229865138
-0.7051505565573866,0.16553758311000194
-0.7051505565573866,0.16553758311000194
-0.7029596863768092,0.16713452290016592
-0.7102564173466632,0.16024315122802682
-0.7081042504719647,0.16200117008311724
-0.7081042504719647,0.16200117008311724
-0.7060286305351693,0.16365635747995827
-0.7060286305351693,0.16365635747995827
-0.7116685287092843,0.15827991279159848
-0.709518889026963,0.159995826532492
-0.709518889026963,0.159995826532492
-0.709518889026963,0.159995826532492
-0.7072749774229057,0.16169501107614506
-0.7152937876795575,0.15428687250014997
-0.7130965904417563,0.15611030174254772
-0.7130965904417563,0.15611030174254772
-0.710801477635721,0.15792338457045707
-0.710801477635721,0.15792338457045707
-0.7166028694731557,0.15232698845808526
-0.7166028694731557,0.15232698845808526
-0.714248328738021,0.15427678265617883
-0.714248328738021,0.15427678265617883
-0.714248328738021,0.15427678265617883
-0.7117920772037443,0.15621057720807557
-0.720371621398251,0.14837847342593946
-0.7179655312796991,0.15046981815374064
-0.7179655312796991,0.15046981815374064
-0.7154540388202958,0.15254527691095365
-0.7214933762910509,0.14693976344943818
-0.7214933762910509,0.14693976344943818
-0.718748211521325,0.14940686663925484
-0.718748211521325,0.14940686663925484
-0.7158627753992998,0.15193918309866192
-0.7221431174013465,0.14650658772888359
-0.7221431174013465,0.14650658772888359
-0.7192196781727879,0.148941350114939
-0.7192196781727879,0.148941350114939
-0.7254285804600602,0.14368656689941195
-0.7254285804600602,0.14368656689941195
-0.7224228632211172,0.14622804555281835
-0.7224228632211172,0.14622804555281835
-0.7193437395958517,0.1486943356186605
-0.7289769486870803,0.1408110294737235
-0.7260358824553519,0.14343591105155637
-0.7229979760017131,0.14598022717917117
-0.7229979760017131,0.14598022717917117
-0.7295866969878112,0.1409464933822956
-0.7295866969878112,0.1409464933822956
-0.7265424295570546,0.14355850635897974
-0.7265424295570546,0.14355850635897974
-0.723390240106833,0.14607046155173628
-0.7333773938426227,0.13842904605160442
-0.7303297325713821,0.14107216527679592
-0.7303297325713821,0.14107216527679592
-0.7271949732289675,0.14360244718629014
-0.7271949732289675,0.14360244718629014
-0.7339430745591855,0.13881017495117587
-0.7308208420784079,0.1413671044374914
-0.7308208420784079,0.1413671044374914
-0.7276314696409636,0.1438200509263628
-0.7377948603265891,0.136520396897031
-0.7346857235975579,0.13909634462820622
-0.7346857235975579,0.13909634462820622
-0.7314846066794338,0.1415564024456007
-0.7314846066794338,0.1415564024456007
-0.73823493858028,0.13705006393882427
-0.73823493858028,0.13705006393882427
-0.7349915923255219,0.13949779095017797
-0.7349915923255219,0.13949779095017797
-0.731651736373975,0.1418298277433208
-0.741801802593692,0.13494227712386658
-0.7385134096702661,0.13737458899815938
-0.7351353548513392,0.1396902420019811
-0.7351353548513392,0.1396902420019811
-0.7415992405507765,0.13546019451119368
-0.7415992405507765,0.13546019451119368
-0.7381855137469452,0.13775434405472817
-0.7381855137469452,0.13775434405472817
-0.7346930375028204,0.13994465357068128
-0.7446333843230408,0.13351145225734276
-0.7411928009561285,0.1357779978197979
-0.7411928009561285,0.1357779978197979
-0.7376874012684398,0.13793286683424744
-0.7437544113714047,0.13398552176678916
-0.7437544113714047,0.13398552176678916
-0.7402770338104209,0.13609178430896363
-0.7402770338104209,0.13609178430896363
-0.7367703385535032,0.13809171551385035
-0.7463134992173222,0.13214834531679803
-0.7463134992173222,0.13214834531679803
-0.7428787110504291,0.13419912184225774
-0.7428787110504291,0.13419912184225774
-0.7394425219386527,0.13614583748682285
-0.7455492520092212,0.13250464355774297
-0.7427992972645125,0.1344105582784009
-0.7427992972645125,0.1344105582784009
-0.7488006668527012,0.13088891070757527
-0.7458214668192436,0.1329215717417137
-0.7429034313532938,0.13483061293950158
-0.7429034313532938,0.13483061293950158
-0.7483217009658701,0.13167166563466165
-0.7483217009658701,0.13167166563466165
-0.7452270277017764,0.1333661329754179
-0.7452270277017764,0.1333661329754179
-0.7426213310989067,0.13477301661998464
-0.7479289063022023,0.13169455106251177
-0.7479289063022023,0.13169455106251177
-0.7452543910236189,0.13317655565953404
-0.7452543910236189,0.13317655565953404
-0.7452543910236189,0.13317655565953404
-0.7504584038555102,0.13014429971278357
-0.7481537551717867,0.13155307584743559
-0.7459266170204922,0.13309101379599558
-0.7534172306453704,0.12892896231310313
-0.7510519528293034,0.13054543921943856
-0.7484665303147991,0.13205161409709829
-0.7525740340485914,0.12973867450160162
-0.7498076945825768,0.13112979439901667
-0.7470148777416817,0.13250242643366458
-0.7507012695173372,0.13055559757165366
-0.7507012695173372,0.13055559757165366
-0.7478686523629671,0.13199838464057506
-0.750910662611026,0.13051925550787774
-0.7480805977079766,0.13199539015528683
-0.7457696253845609,0.13326939430088935
-0.7492753721640495,0.13189222378441667
-0.747396406071495,0.1330278482832383
-0.7500230597832271,0.1321071588539062
-0.7500230597832271,0.1321071588539062
-0.748036398291683,0.13311435693584167
-0.7461596141644717,0.13403305606080274
-0.7492677173354678,0.13271281240631214
-0.7482193063575129,0.13307387261298942
-0.7482193063575129,0.13307387261298942
-0.7507749778690196,0.1320401420401475
-0.7502621101344784,0.13222303374137168
-0.7494438440531475,0.13234684125130658
-0.7525078195363939,0.1314885607381041
-0.7513860135279702,0.13148892701280318
-0.7505327132480297,0.13134973131865266
-0.7505327132480297,0.13134973131865266
-0.7521936633786048,0.13066736447678612
-0.7521936633786048,0.13066736447678612
-0.7515803740911268,0.13031399653002035
-0.7515803740911268,0.13031399653002035
-0.7510716584680514,0.1298764329302878
-0.7524374886422106,0.12939217075767964
-0.7524374886422106,0.12939217075767964
-0.7521654451085135,0.1288164878389624
-0.7521654451085135,0.1288164878389624
-0.7531256612037514,0.12861968513700517
-0.7531256612037514,0.12861968513700517
-0.7531161724183982,0.1279070468744625
-0.7532654259874416,0.1271298987953577
-0.7537098769653785,0.12807553646190373
-0.7540021187218702,0.1272272920299641
-0.7540021187218702,0.1272272920299641
-0.7544801615674496,0.12630101067255312
-0.7549399861780978,0.12666089076389792
-0.7549399861780978,0.12666089076389792
-0.7549399861780978,0.12666089076389792
-0.755770246461421,0.12557293223778274
-0.755770246461421,0.12557293223778274
-0.7566758916459488,0.12439996039511397
-0.7568321172035425,0.12505377137541543
-0.7568321172035425,0.12505377137541543
-0.7578547733402279,0.1237313267345132
-0.7578547733402279,0.1237313267345132
-0.7575485940694711,0.12464442106727316
-0.7575485940694711,0.12464442106727316
-0.7586869827882017,0.12317176174193215
-0.7586869827882017,0.12317176174193215
-0.7598920291952963,0.12161045170887741
-0.757824267600033,0.12448921021114118
-0.7590782917856631,0.12286569562303015
-0.7603956258457364,0.12115545829078606
-0.7603956258457364,0.12115545829078606
-0.7591553732350005,0.12264843103924689
-0.7591553732350005,0.12264843103924689
-0.7605584005862649,0.12079164721784827
-0.7605584005862649,0.12079164721784827
-0.7620299791067318,0.11884050997177031
-0.7607156643027926,0.12064835646949856
-0.7607156643027926,0.12064835646949856
-0.7622517190844015,0.1186368984176869
-0.7601598468804865,0.1206832512288003
-0.7601598468804865,0.1206832512288003
-0.7642569613582143,0.11597704167027481
-0.7599423334528624,0.12078468993197836
-0.7622053095277087,0.11836303375347815
-0.7622053095277087,0.11836303375347815
-0.764576495300745,0.11564782913489866
-0.764576495300745,0.11564782913489866
-0.7625527617851089,0.11796996783104727
-0.7625527617851089,0.11796996783104727
-0.7651997545986844,0.1151588757978769
-0.7651997545986844,0.1151588757978769
-0.7651997545986844,0.1151588757978769
-0.7653449918599344,0.11500715573582848
-0.7680180089770263,0.11204173693832695
-0.7680180089770263,0.11204173693832695
-0.765928979948878,0.11484694073997026
-0.7696004261902771,0.1117210196355517
-0.7696004261902771,0.1117210196355517
-0.7731931269750464,0.10846920533145138
-0.7669984847882841,0.11498129749574987
-0.7705478693143727,0.11166668271760821
-0.7741428842518382,0.10828113082962973
-0.7741428842518382,0.10828113082962973
-0.7741428842518382,0.10828113082962973
-0.7713734848439604,0.111570240453254
-0.7751310657615739,0.1081118275137781
-0.7751310657615739,0.1081118275137781
-0.7789067310143546,0.10457256803493173
-0.7719319297433788,0.11178959051270632
-0.7758411733621193,0.108292269757228
-0.7794257604135673,0.10482088652045682
-0.7794257604135673,0.10482088652045682
-0.7758183445877884,0.10875766435733722
-0.7793314352350593,0.10531487264260864
-0.7829946458468466,0.10183277793769074
-0.7752785730750091,0.10979061379357469
-0.77914041528454,0.1062389974463542
-0.7830617761046078,0.10255778154790479
-0.7830617761046078,0.10255778154790479
-0.7793585046751271,0.1068583731056364
-0.7793585046751271,0.1068583731056364
-0.7793585046751271,0.1068583731056364
-0.7834143112561103,0.10317110458298218
-0.7874193670622897,0.09945158640566185
-0.7874193670622897,0.09945158640566185
-0.7834263052875788,0.10418603968816509
-0.7875425017876299,0.1004600657828357
-0.7832556850659824,0.10512239303038695
-0.7832556850659824,0.10512239303038695
-0.7871067326227152,0.10131089114189415
-0.7908062350948367,0.09740672509402476
-0.7823612225175296,0.10613967654912868
-0.786149980737482,0.10227651359372789
-0.786149980737482,0.10227651359372789
-0.7898363258180711,0.09838895111355905
-0.7898363258180711,0.09838895111355905
-0.7851307114497781,0.10323377279017129
-0.7851307114497781,0.10323377279017129
-0.788846514495481,0.0994464805007051
-0.7925232402826297,0.0955872510784383
-0.7838879878864534,0.10456230617976994
-0.7876977894075435,0.10080068573502828
-0.7876977894075435,0.10080068573502828
-0.7914606631426526,0.09696881460173556
-0.7914606631426526,0.09696881460173556
-0.7867662952999784,0.10201953787282964
-0.7867662952999784,0.10201953787282964
-0.7905797825470053,0.09821932937472555
-0.7905797825470053,0.09821932937472555
-0.7943182577251044,0.0943606127808966
-0.7943182577251044,0.0943606127808966
-0.7856669646158978,0.10349026518454575
-0.7856669646158978,0.10349026518454575
-0.7895313294238626,0.0997458576732779
-0.7895313294238626,0.0997458576732779
-0.7933393405967275,0.09594673227731113
-0.7933393405967275,0.09594673227731113
-0.7887495294687608,0.10115201817254493
-0.7887495294687608,0.10115201817254493
-0.7887495294687608,0.10115201817254493
-0.7926051930843918,0.09741760691578905
-0.7926051930843918,0.09741760691578905
-0.7963908642191222,0.0936311318276413
-0.7917794773253033,0.09913750410702303
-0.7917794773253033,0.09913750410702303
-0.7917794773253033,0.09913750410702303
-0.7955932494337958,0.0954071998720766
-0.7955932494337958,0.0954071998720766
-0.7912094727825506,0.10067797340767369
-0.7912094727825506,0.10067797340767369
-0.7950090138016322,0.09700521724642086
-0.7950090138016322,0.09700521724642086
-0.7986618660223463,0.09328737075535522
-0.7904668063143905,0.10241482127240543
-0.7941766144134818,0.09882747469302824
-0.7941766144134818,0.09882747469302824
-0.7941766144134818,0.09882747469302824
-0.7978053790606303,0.09516957732474632
-0.7978053790606303,0.09516957732474632
-0.7978053790606303,0.09516957732474632
-0.7936280513546794,0.10037587588219052
-0.7936280513546794,0.10037587588219052
-0.7972796816518167,0.09673944660267192
-0.8008534506843815,0.09308323082997515
-0.7931061170101245,0.10203743620841015
-0.796762912477287,0.09850864627037616
-0.796762912477287,0.09850864627037616
-0.8003189167024158,0.09495139170918582
-0.8003189167024158,0.09495139170918582
-0.7965160825424823,0.10008488682315056
-0.7965160825424823,0.10008488682315056
-0.7999933610039018,0.09660480960638654
-0.7999933610039018,0.09660480960638654
-0.7961931373633853,0.10178518780002532
-0.7995494788583667,0.09839004657402474
-0.7995494788583667,0.09839004657402474
-0.8027602916607564,0.09496756983386781
-0.7992717895635733,0.09991940175812501
-0.7992717895635733,0.09991940175812501
-0.8023696727608652,0.09641886121129686
-0.8023696727608652,0.09641886121129686
-0.8052262040269195,0.09272445282251703
-0.7987958671401583,0.10100045725468175
-0.8015613973666704,0.09732835949513777
-0.8042746204492628,0.0936563232430701
-0.8042746204492628,0.0936563232430701
-0.8009193532431659,0.09792165500470544
-0.8036131133958531,0.09437891832714533
-0.8061692678517905,0.09086636304049593
-0.80045358677001,0.09853369898773813
-0.8030076268625832,0.09511707270501032
-0.8030076268625832,0.09511707270501032
-0.8054858911435858,0.0917504851951188
-0.8054858911435858,0.0917504851951188
-0.8027136008878949,0.09563115923723012
-0.8051778014639839,0.0923649177925466
-0.8075455962163932,0.08924567614307909
-0.8026536751116105,0.09619891567907722
-0.8050316840073127,0.09314731541281134
-0.8050316840073127,0.09314731541281134
-0.8073296550784658,0.0901060909231478
-0.8051665599145673,0.09358518455711887
-0.8051665599145673,0.09358518455711887
-0.8072579455491922,0.09070436863713285
-0.8072579455491922,0.09070436863713285
-0.8092127795387019,0.08784497301925336
-0.8052236277693945,0.09396903405300715
-0.8071193018009832,0.09118178564858291
-0.8071193018009832,0.09118178564858291
-0.8089253315344785,0.08839002061213713
-0.8089253315344785,0.08839002061213713
-0.8072066356948658,0.09121269861622384
-0.8072066356948658,0.09121269861622384
-0.8088948928746468,0.08852749190180186
-0.8107732150677114,0.08589680837308886
-0.8094815737606397,0.08844512074768068
-0.8110767750949567,0.08587527187966154
-0.8110767750949567,0.08587527187966154
-0.8102936643435301,0.0879651313317853
-0.8118505460318182,0.08552178662168204
-0.8111601906041054,0.08736818890695977
-0.812757916463015,0.08501446768743852
-0.8139692635745119,0.08275789669611193
-0.8136295436624106,0.0841955457449392
-0.8136295436624106,0.0841955457449392
-0.8148344129134203,0.0821980031267492
-0.8160259153907308,0.0803389109064399
-0.8150381458735629,0.08335651891640149
-0.8162364412499694,0.08142080546427151
-0.8172693426906348,0.0796230406744995
-0.8172693426906348,0.0796230406744995
-0.8177366891324866,0.08026828315506691
-0.8177366891324866,0.08026828315506691
-0.8177366891324866,0.08026828315506691
-0.8186285332564012,0.07863908853825638
-0.8194471770765708,0.07710954882023906
-0.8194698022361098,0.07885949482438735
-0.8202300886710456,0.07742705106594926
-0.8202300886710456,0.07742705106594926
-0.8209297759780003,0.07609136840743067
-0.8209297759780003,0.07609136840743067
-0.8220313022059118,0.07593876423173732
-0.8220313022059118,0.07593876423173732
-0.8220313022059118,0.07593876423173732
-0.822599850476078,0.07478544548308727
-0.8231114508199101,0.07372531622691945
-0.8245204438163388,0.07317255596892189
-0.8245204438163388,0.07317255596892189
-0.8249332084825752,0.07226704909806828
-0.8249332084825752,0.07226704909806828
-0.8266360173536847,0.07111943558837161
-0.8266360173536847,0.07111943558837161
-0.8269094748878002,0.07041689548901853
-0.8269094748878002,0.07041689548901853
-0.8269094748878002,0.07041689548901853
-0.8289264012578297,0.06885729058313832
-0.8290564673326384,0.06847842070550798
-0.8291341875887985,0.06817434264706738
-0.8291341875887985,0.06817434264706738
-0.8312906670705584,0.06629005963731345
-0.8312906670705584,0.06629005963731345
-0.8312515441381936,0.06620831332858768
-0.8312515441381936,0.06620831332858768
-0.8336790285502913,0.06375229886212891
-0.8334528223623274,0.0640078590245425
-0.8334528223623274,0.0640078590245425
-0.8331641936309742,0.06430772123810094
-0.8331641936309742,0.06430772123810094
-0.8355522410968037,0.061614387865771364
-0.8355522410968037,0.061614387865771364
-0.8350817776221078,0.06212732574486825
-0.8346136118342485,0.06276771488177736
-0.83775968842714,0.058840363821838895
-0.8372901146488501,0.05929219646627139
-0.8363493933154107,0.05970662583603972
-0.838978847508068,0.05549858485973301
-0.8381221561374353,0.05606210500679902
-0.8381221561374353,0.05606210500679902
-0.8407338353169274,0.051576509514333166
-0.839734377422171,0.052203447524892296
-0.839734377422171,0.052203447524892296
-0.8386640835123595,0.052965268110742425
-0.8416161958930668,0.04801247777434199
-0.8416161958930668,0.04801247777434199
-0.8407260687894152,0.0488886646641213
-0.8407260687894152,0.0488886646641213
-0.8442595439197023,0.043380682969565085
-0.8434096748679173,0.04442366657207211
-0.8434096748679173,0.04442366657207211
-0.8434096748679173,0.04442366657207211
-0.8424246653330724,0.045516883066689856
-0.8460649286403432,0.04007862424143355
-0.8449924831952463,0.04139845187681229
-0.8438352808005996,0.042740214248250225
-0.8490099021862823,0.03539145510357236
-0.8478611426283544,0.036906587700190924
-0.8466133014395059,0.038442884742968114
-0.8466133014395059,0.038442884742968114
-0.8507153402721865,0.032479397669297666
-0.8493524070958943,0.03423336738366034
-0.8493524070958943,0.03423336738366034
-0.847762206909243,0.036030319449424
-0.8519895720441901,0.02987622876301177
-0.8519895720441901,0.02987622876301177
-0.8519895720441901,0.02987622876301177
-0.8503052400831177,0.03183479251552637
-0.8545592868737694,0.025484848450157277
-0.8528439660560909,0.027507917100194623
-0.8510562587469794,0.029519459160469108
-0.8574291035590877,0.020655561553946378
-0.8557361942105361,0.02275568013699497
-0.8539781841659992,0.024824658394701493
-0.8539781841659992,0.024824658394701493
-0.8586366470216542,0.01796895641764465
-0.8568535335723497,0.020174676704028144
-0.8568535335723497,0.020174676704028144
-0.8549687967262458,0.022399812695279603
-0.8599045839763733,0.015313893268602774
-0.8599045839763733,0.015313893268602774
-0.8599045839763733,0.015313893268602774
-0.8579840621869912,0.017707556667099056
-0.862718225904977,0.010806731097995542
-0.8604280745986027,0.013637947332585748
-0.8578440900907391,0.016630106336890077
-0.8578440900907391,0.016630106336890077
-0.8623959576271936,0.010120518411115609
-0.8599046195924211,0.013223861195048842
-0.8639704280427667,0.007504824859923598
-0.8639704280427667,0.007504824859923598
-0.8639704280427667,0.007504824859923598
-0.8612380106455417,0.011160515479144456
-0.8585367280130249,0.014643329017635404
-0.8635854735772563,0.008211259318656239
-0.8609702046876256,0.011896671527268504
-0.8609702046876256,0.011896671527268504
-0.8632897246698726,0.009622532742260548
-0.8632897246698726,0.009622532742260548
-0.8632897246698726,0.009622532742260548
-0.8607918733570594,0.01293588855857214
-0.865741769751561,0.0068452422385425205
-0.865741769751561,0.0068452422385425205
-0.8631919900304619,0.010080711799498543
-0.8631919900304619,0.010080711799498543
-0.8686479317222507,0.003706164677099666
-0.8686479317222507,0.003706164677099666
-0.8662088900243596,0.0069973025372935815
-0.8662088900243596,0.0069973025372935815
-0.8718183816690258,0.0005504716514614094
-0.8693711427400093,0.003830648139811793
-0.8693711427400093,0.003830648139811793
-0.8667991551807763,0.007014262862334891
-0.8667991551807763,0.007014262862334891
-0.8722389918549167,0.0009692327365787012
-0.8722389918549167,0.0009692327365787012
-0.8696355677544128,0.004134405189647167
-0.8669193460601203,0.007200786257131747
-0.8751293467312309,-0.001964640791367517
-0.8724963779471816,0.001186472023050611
-0.8724963779471816,0.001186472023050611
-0.8697548400894095,0.004250144509304804
-0.8697548400894095,0.004250144509304804
-0.8750170652416065,-0.0014258671656620925
-0.8750170652416065,-0.0014258671656620925
-0.8722614591000846,0.0016219731088746858
-0.8722614591000846,0.0016219731088746858
-0.8722614591000846,0.0016219731088746858
-0.8775163386331173,-0.00406649466541012
-0.8747349513755501,-0.0010496705605023138
-0.8747349513755501,-0.0010496705605023138
-0.8718690714177474,0.0018757904405608539
-0.8768419957754101,-0.003422604642515037
-0.8768419957754101,-0.003422604642515037
-0.8739951135613792,-0.0005437136057140912
-0.8739951135613792,-0.0005437136057140912
-0.871100227702559,0.0022411076588503276
-0.8789447295694277,-0.00581892046195534
-0.8761390360897298,-0.002996830145281848
-0.8732969779834211,-0.00026610796697690287
-0.8782247765226312,-0.005215323682195516
-0.8782247765226312,-0.005215323682195516
-0.8758293292325547,-0.0026311751394747507
-0.8758293292325547,-0.0026311751394747507
-0.8730270262927505,-3.5878502844255422e-06
-0.8777531464387293,-0.004851949997627669
-0.8749883645783314,-0.0024628075605508393
-0.8794884546357469,-0.007025459123790323
-0.8794884546357469,-0.007025459123790323
-0.8794884546357469,-0.007025459123790323
-0.8770864916020864,-0.004627593488915893
-0.8770864916020864,-0.004627593488915893
-0.8746927801361543,-0.0023655905238141872
-0.8793434982797976,-0.006810033880011168
-0.8793434982797976,-0.006810033880011168
-0.8793434982797976,-0.006810033880011168
-0.8770100373867451,-0.004679969915814486
-0.8770100373867451,-0.004679969915814486
-0.8812371509686101,-0.008756993668363744
-0.8793511337272477,-0.006814718213987769
-0.8793511337272477,-0.006814718213987769
-0.87755014661268,-0.004809506949695008
-0.8820002911407812,-0.008423105627270666
-0.8820002911407812,-0.008423105627270666
-0.8800730139383302,-0.006205737268306755
-0.8800730139383302,-0.006205737268306755
-0.8840196631806726,-0.009193714525582708
-0.8824090131388119,-0.00737839195857648
-0.8810007561664522,-0.005930232549665515
-0.8865626788242105,-0.010689000782615532
-0.8865626788242105,-0.010689000782615532
-0.8840759208464258,-0.00833324066680724
-0.8840759208464258,-0.00833324066680724
-0.8877942155771599,-0.011600778423285829
-0.8877942155771599,-0.011600778423285829
-0.8877942155771599,-0.011600778423285829
-0.8864597245115904,-0.010754134013974237
-0.8845869228766454,-0.009555239621304168
-0.8875208530004829,-0.011914178164940559
-0.8875208530004829,-0.011914178164940559
-0.8858974509628301,-0.010550706194928539
-0.8885879188383727,-0.012548876379183893
-0.8885879188383727,-0.012548876379183893
-0.8873178753880948,-0.01160123744241448
-0.8861113414388088,-0.01092324914052406
-0.8861113414388088,-0.01092324914052406
-0.889866527197188,-0.013585957345832456
-0.8887331987770768,-0.012972538576200399
-0.8887331987770768,-0.012972538576200399
-0.8876497700497581,-0.012445995879101057
-0.8898224742033842,-0.014111020080172537
-0.8898224742033842,-0.014111020080172537
-0.8898224742033842,-0.014111020080172537
-0.8888467434476234,-0.01378458774002414
-0.8879223159582004,-0.013557222767603655
-0.8906664232835613,-0.015101801035941803
-0.8897905337958999,-0.014974921490399973
-0.8897905337958999,-0.014974921490399973
-0.8897905337958999,-0.014974921490399973
-0.8889695022382378,-0.01494702771558229
-0.8903949973077718,-0.015995730671163305
-0.8903949973077718,-0.015995730671163305
-0.8896858337545328,-0.016169685638394604
-0.8890351436827175,-0.016442256046767773
-0.8907346416962372,-0.016823504059017086
-0.8901445922561431,-0.01720083857544283
-0.8901445922561431,-0.01720083857544283
-0.8896152594778544,-0.017677325284531087
-0.8896152594778544,-0.017677325284531087
-0.8903136762950297,-0.018073541673987198
-0.8903136762950297,-0.018073541673987198
-0.8899222951928252,-0.01875555189514072
-0.8896243778058964,-0.01953720758163688
-0.8902740413390113,-0.01871818629889191
-0.8900747348560796,-0.019603946658087235
-0.8900747348560796,-0.019603946658087235
-0.8899694564517607,-0.020589400345990883
-0.8899694564517607,-0.020589400345990883
-0.8901049911543782,-0.020305329295540103
-0.8901946024839484,-0.021492681319568052
-0.8901946024839484,-0.021492681319568052
-0.8903740405805644,-0.022781349804927742
-0.8903740405805644,-0.022781349804927742
-0.8899960333295375,-0.020738113141442416
-0.8902831523665761,-0.022124100661864737
-0.8902831523665761,-0.022124100661864737
-0.8906571565747904,-0.02361189112632253
-0.8902870059288376,-0.022621274238186245
-0.8902870059288376,-0.022621274238186245
-0.8908558505633459,-0.024303958257704317
-0.8908558505633459,-0.024303958257704317
-0.8915062067751579,-0.026088300005627812
-0.8915062067751579,-0.026088300005627812
-0.8901484120057284,-0.022813752231274992
-0.8909120886807242,-0.02468589200443219
-0.8909120886807242,-0.02468589200443219
-0.8917274010186536,-0.026649612665373607
-0.8917274010186536,-0.026649612665373607
-0.8908310875493388,-0.024898597722889798
-0.8908310875493388,-0.024898597722889798
-0.8917630303838426,-0.02697492770302634
-0.8904668201164491,-0.024608173584120513
-0.8904668201164491,-0.024608173584120513
-0.8919843951659109,-0.027139815331920003
-0.8937698903559219,-0.030041866194715078
-0.8928133327705802,-0.02791809701696113
-0.8928133327705802,-0.02791809701696113
-0.8940489463794392,-0.030159682820244532
-0.8924498176626351,-0.027112562549158198
-0.8941620252303593,-0.030160522518467153
-0.8941620252303593,-0.030160522518467153
-0.8960863630218561,-0.033492461833988435
-0.8945212699798584,-0.030649042134161558
-0.8945212699798584,-0.030649042134161558
-0.8964486859102048,-0.03404941166273079
-0.8964486859102048,-0.03404941166273079
-0.8945200169611685,-0.03070259564003744
-0.8966820365185502,-0.0342319098952692
-0.8966820365185502,-0.0342319098952692
-0.8991860054639578,-0.037914064743371945
-0.8991860054639578,-0.037914064743371945
-0.8981636872528778,-0.034678709409540126
-0.9012546484038758,-0.038552737351691624
-0.9012546484038758,-0.038552737351691624
-0.9043241431592935,-0.04254415822569463
-0.8998248517978136,-0.034739511418292346
-0.9030474960357348,-0.038744037080955585
-0.9062881289338007,-0.04289892795245828
-0.9048494225641348,-0.039043545280137454
-0.9048494225641348,-0.039043545280137454
-0.9048494225641348,-0.039043545280137454
-0.9079584725142376,-0.04327463355714997
-0.9057400448682846,-0.038872731806976424
-0.9057400448682846,-0.038872731806976424
-0.9085190929079603,-0.043014346527388725
-0.9113593826619798,-0.04721610487633138
-0.908941193554768,-0.0428359763373759
-0.91182475000484,-0.047166670533147353
-0.91182475000484,-0.047166670533147353
-0.9145266164744965,-0.05139254949750319
-0.9119670428185551,-0.04622404616931544
-0.9119670428185551,-0.04622404616931544
-0.9148765958998781,-0.05067075586275421
-0.9176294529440515,-0.05516187422169308
-0.9121912142889563,-0.04555301231413128
-0.9150678583478725,-0.05002397870629882
-0.9150678583478725,-0.05002397870629882
-0.9179207731265226,-0.054524876396091077
-0.9121288550764679,-0.04445391188992634
-0.915141876919568,-0.048906766863222234
-0.9181124281054351,-0.053433171169787574
-0.9181124281054351,-0.053433171169787574
-0.9181124281054351,-0.053433171169787574
-0.9147010034005856,-0.04736443957818057
-0.9167092974463786,-0.05125987048673089
-0.9187572396937783,-0.05558819980064306
-0.9149385985869912,-0.049322983943485166
-0.9170322439260006,-0.05367051976122458
-0.9133389680455412,-0.04747765371005763
-0.9133389680455412,-0.04747765371005763
-0.9155325529055767,-0.05182427499240552
-0.9175882736370153,-0.056233411839337055
-0.9140599761833597,-0.04983783849026885
-0.9140599761833597,-0.04983783849026885
-0.9140599761833597,-0.04983783849026885
-0.9164700391434791,-0.05450138866968782
-0.9164700391434791,-0.05450138866968782
-0.9131718014424091,-0.04832211278448892
-0.9131718014424091,-0.04832211278448892
-0.9156665332302991,-0.052954156757717225
-0.9181673065794052,-0.05763363536808028
-0.9123323470586435,-0.04649412769838662
-0.9150295234171661,-0.051101026807463895
-0.9176688509592223,-0.055758733093267926
-0.9176688509592223,-0.055758733093267926
-0.9146580277071988,-0.049428871669567054
-0.9146580277071988,-0.049428871669567054
-0.9172946544737957,-0.05399449943535653
-0.9198178787523976,-0.05859448756763075
-0.9141823443170546,-0.047422176868183036
-0.9168380257372952,-0.05194011780266641
-0.9168380257372952,-0.05194011780266641
-0.919374983117597,-0.056492062364113554
-0.919374983117597,-0.056492062364113554
-0.9165004631583133,-0.05011493417352972
-0.9165004631583133,-0.05011493417352972
-0.9189964622473159,-0.05460031084641315
-0.9213928690546833,-0.05910309052161117
-0.9160839822522522,-0.04804515099304146
-0.9185794123175886,-0.05248208940021459
-0.9185794123175886,-0.05248208940021459
-0.9185794123175886,-0.05248208940021459
-0.9209420530262021,-0.056963152654419535
-0.9209420530262021,-0.056963152654419535
-0.9182512937032915,-0.05072692012153915
-0.9182512937032915,-0.05072692012153915
-0.9205359396429789,-0.05520325082068389
-0.9205359396429789,-0.05520325082068389
-0.9226809202091446,-0.059720867246410736
-0.9199970984493999,-0.053401078121040085
-0.9199970984493999,-0.053401078121040085
-0.9199970984493999,-0.053401078121040085
-0.9220737606832303,-0.057895189011768544
-0.9220737606832303,-0.057895189011768544
-0.9195298058441703,-0.05201227172761655
-0.9195298058441703,-0.05201227172761655
-0.9215315756412366,-0.056471184425165466
-0.9234030583100445,-0.06094544733752277
-0.9209003600826363,-0.055020276867926904
-0.9209003600826363,-0.055020276867926904
-0.9226996438433228,-0.05943886930744369
-0.920601099097597,-0.05401806327815148
-0.9226819288776241,-0.05846528086357497
-0.9226819288776241,-0.05846528086357497
-0.9226819288776241,-0.05846528086357497
-0.9243846330064163,-0.06274323688211206
-0.9221840820732071,-0.05731058041075432
-0.9240587318275513,-0.06164286327811305
-0.9223170213352823,-0.056780176804010984
-0.9242953977291458,-0.061036525589471285
-0.9242953977291458,-0.061036525589471285
-0.9226802766707198,-0.056116229374702536
-0.9244577672443807,-0.060006165095626784
-0.9244577672443807,-0.060006165095626784
-0.9259248851296721,-0.06383639235652089
-0.9241851739136149,-0.059361031559382355
-0.9256809219265367,-0.06309561622626769
-0.9256809219265367,-0.06309561622626769
-0.9272918979882767,-0.0668542717888273
-0.926055801944839,-0.06260476736862011
-0.9273852230705435,-0.06629470299230178
-0.9262215517635168,-0.062365651350758056
-0.9262215517635168,-0.062365651350758056
-0.9262215517635168,-0.062365651350758056
-0.9286230358040739,-0.06895353214830677
-0.9264244200579561,-0.06198334299643307
-0.9275968678856755,-0.0652945456671474
-0.9275968678856755,-0.0652945456671474
-0.9287105499656598,-0.06853661881145048
-0.9287105499656598,-0.06853661881145048
-0.9279481800061788,-0.06541479650558854
-0.929003357072011,-0.06848719330601505
-0.929003357072011,-0.06848719330601505
-0.9286638950325321,-0.06575548178953641
-0.9298874253272598,-0.06871730912755836
-0.930966544076375,-0.07160735612218203
-0.930966544076375,-0.07160735612218203
-0.9307306768818319,-0.0692876947886816
-0.9307306768818319,-0.0692876947886816
-0.931668430386924,-0.07207515111749177
-0.931668430386924,-0.07207515111749177
-0.9317960078886555,-0.07026678505899991
-0.9317960078886555,-0.07026678505899991
-0.9327169706098193,-0.07288681648910264
-0.9335989068039843,-0.0754104218608442
-0.9335989068039843,-0.0754104218608442
-0.9339371799736594,-0.07404464464910407
-0.9346641483939855,-0.07636758633038465
-0.9346641483939855,-0.07636758633038465
-0.9353106961598942,-0.07858847434435973
-0.9351839453997683,-0.07544252571593835
-0.9357774678617928,-0.07755373543347971
-0.9363154504624468,-0.07955903467274025
-0.9363154504624468,-0.07955903467274025
-0.9369824895901968,-0.07906044923916034
-0.9369824895901968,-0.07906044923916034
-0.9374438344924112,-0.08084634192574308
-0.9374438344924112,-0.08084634192574308
-0.9378674161104766,-0.08252194455155556
-0.9383660183539173,-0.08085323084579812
-0.9387619617132272,-0.0824190151418635
-0.9387619617132272,-0.0824190151418635
-0.9387619617132272,-0.0824190151418635
-0.9391218092442163,-0.08387031371081141
-0.9391218092442163,-0.08387031371081141
-0.9401849055282594,-0.08429869963326742
-0.9401849055282594,-0.08429869963326742
-0.9404398287979983,-0.08552045710640721
-0.9404398287979983,-0.08552045710640721
-0.9404398287979983,-0.08552045710640721
-0.9406486583351341,-0.08662343668101641
-0.9406486583351341,-0.08662343668101641
-0.9420676916138923,-0.08753319241746416
-0.9420676916138923,-0.08753319241746416
-0.9422000632970844,-0.08839117434348112
-0.9422000632970844,-0.08839117434348112
-0.9436095851260726,-0.08995300430822559
-0.943686841135329,-0.09056192818460587
-0.943686841135329,-0.09056192818460587
-0.9437454189872094,-0.09104400991193476
-0.9437454189872094,-0.09104400991193476
-0.9452427063565291,-0.09296930453387811
-0.9452427063565291,-0.09296930453387811
-0.9452540586154591,-0.09320071610261557
-0.9452540586154591,-0.09320071610261557
-0.9452313308472187,-0.09330018904397025
-0.9469005152497407,-0.09572973288312941
-0.9469005152497407,-0.09572973288312941
-0.946837980545148,-0.0956978758531482
-0.946837980545148,-0.0956978758531482
-0.9467312554159675,-0.09554035987225531
-0.9483288253258125,-0.09838643275032291
-0.9483288253258125,-0.09838643275032291
-0.9481346255238894,-0.09797202344470632
-0.9481346255238894,-0.09797202344470632
-0.947895566621954,-0.09742955621339663
-0.9495207268042054,-0.10076930856965904
-0.9495207268042054,-0.10076930856965904
-0.9492208221294016,-0.09997268894272121
-0.9506584898958943,-0.1039910743845685
-0.9506584898958943,-0.1039910743845685
-0.9502100137477342,-0.10345852667016031
-0.9502100137477342,-0.10345852667016031
-0.9511342240525348,-0.1077485113102866
-0.9504549141015732,-0.1069499454282142
-0.9504549141015732,-0.1069499454282142
-0.9519080500466663,-0.11211779781501421
-0.9519080500466663,-0.11211779781501421
-0.9512508498089506,-0.11102744776349452
-0.9505574180140437,-0.10995795619150031
-0.9528847525698256,-0.11690529171965083
-0.9522792325649344,-0.11575952710510504
-0.9522792325649344,-0.11575952710510504
-0.9516366837479455,-0.11458784281382525
-0.9516366837479455,-0.11458784281382525
-0.9534534378001044,-0.12066179634479174
-0.9528032542482572,-0.11932907358301428
-0.9528032542482572,-0.11932907358301428
-0.9517949105696145,-0.1174128906037665
-0.953477565718911,-0.12324871953598066
-0.953477565718911,-0.12324871953598066
-0.9525015911998841,-0.12127616977823158
-0.9525015911998841,-0.12127616977823158
-0.9544003969183713,-0.12770278809742117
-0.9533867567153779,-0.12547012541686867
-0.9533867567153779,-0.12547012541686867
-0.9523119898443703,-0.12323050036442418
-0.9544716269373115,-0.13002693456044737
-0.9544716269373115,-0.13002693456044737
-0.9534112944403004,-0.1275846323561165
-0.9534112944403004,-0.1275846323561165
-0.9556042840520309,-0.13443971072836158
-0.9545734037932374,-0.13197094502143383
-0.9545734037932374,-0.13197094502143383
-0.9545734037932374,-0.13197094502143383
-0.953412491740585,-0.1295476328062608
-0.9558952003664869,-0.13708202540863634
-0.9547400065739994,-0.1345365275519627
-0.9571473226132976,-0.14205111002787163
-0.9571473226132976,-0.14205111002787163
-0.9560119955047275,-0.13935678235814025
-0.9560119955047275,-0.13935678235814025
-0.95478723927238,-0.1366345251146175
-0.958586328081519,-0.14734798254891546
-0.958586328081519,-0.14734798254891546
-0.957479624040906,-0.1445234288336284
-0.957479624040906,-0.1445234288336284
-0.9562796838753468,-0.1416748493654515
-0.9562796838753468,-0.1416748493654515
-0.958935976176473,-0.14952675092484302
-0.958935976176473,-0.14952675092484302
-0.9577577797970963,-0.14656128255996803
-0.9564947411898217,-0.143385508633469
-0.9594196563207412,-0.1512972143717552
-0.9581070379050269,-0.14776601249160487
-0.9581070379050269,-0.14776601249160487
-0.9611391394747408,-0.1553674370539212
-0.9611391394747408,-0.1553674370539212
-0.9599215943561701,-0.15188773715502496
-0.9585155531726472,-0.14839021464478064
-0.9630727132147416,-0.15986217434674707
-0.9630727132147416,-0.15986217434674707
-0.9618044578902119,-0.1562523759036595
-0.9618044578902119,-0.1562523759036595
-0.9604007290845142,-0.1526619050375047
-0.9604007290845142,-0.1526619050375047
-0.9636504631288675,-0.1603290513579298
-0.962220717798564,-0.15669724818152778
-0.962220717798564,-0.15669724818152778
-0.962220717798564,-0.15669724818152778
-0.9606645210419136,-0.15310241337741384
-0.9656290936690431,-0.16462591319305236
-0.964230017196201,-0.16094668656549407
-0.9627183519720138,-0.15730280887898276
-0.9627183519720138,-0.15730280887898276
-0.9662489545895032,-0.16488216677529402
-0.9647709194610885,-0.16119246375910637
-0.9647709194610885,-0.16119246375910637
-0.9647709194610885,-0.16119246375910637
-0.9631702193900931,-0.15753540567206084
-0.9684636172363266,-0.16892608182383215
-0.9670115391517206,-0.16516426999045034
-0.9670115391517206,-0.16516426999045034
-0.9654310285543557,-0.16143812958773526
-0.9654310285543557,-0.16143812958773526
-0.9691759291840819,-0.16872348569564513
-0.967584726947001,-0.16499062612827003
-0.967584726947001,-0.16499062612827003
-0.965845636692694,-0.16132114738206896
-0.9714044535834447,-0.172390719508477
-0.9697746035713508,-0.16866254305460018
-0.9697746035713508,-0.16866254305460018
-0.9680020600375937,-0.1649979896897213
-0.9717336995733168,-0.17197533634513965
-0.9717336995733168,-0.17197533634513965
-0.9717336995733168,-0.17197533634513965
-0.9699357351223845,-0.16832321971194408
-0.9699357351223845,-0.16832321971194408
-0.9680085197020671,-0.1647445177730001
-0.9718663584476388,-0.17173209557388086
-0.9718663584476388,-0.17173209557388086
-0.9699182801678468,-0.16819390416625313
-0.9735228823041515,-0.1748024468816411
-0.9735228823041515,-0.1748024468816411
-0.9715454720388654,-0.1713156968992742
-0.9694659740158467,-0.16790888230839518
-0.9694659740158467,-0.16790888230839518
-0.9751207593548488,-0.17792472656227093
-0.9751207593548488,-0.17792472656227093
-0.9731348629854485,-0.1744981336143709
-0.9710539033220016,-0.17115208884931696
-0.9710539033220016,-0.17115208884931696
-0.9744504723044809,-0.17733744950908978
-0.9744504723044809,-0.17733744950908978
-0.9723779884050345,-0.17406497185132708
-0.9723779884050345,-0.17406497185132708
-0.9705248487353366,-0.17092490513422376
-0.9742127782460716,-0.17697568352218565
-0.9723322727015904,-0.17364824153442254
-0.9703897927386855,-0.17043777758455397
-0.9738763111827471,-0.17591834775999837
-0.9719928336330803,-0.17259039528878997
-0.9700892785919709,-0.16941989144869363
-0.9681559177750357,-0.1663373309571738
-0.9718157939596208,-0.17143134016282752
-0.9699175842170855,-0.16818526628758082
-0.9679829557100501,-0.16500557950071781
-0.9733196183287884,-0.17260426954956135
-0.9716027231645271,-0.16955805696934864
-0.9699535937262111,-0.16693241001093778
-0.9683353410927608,-0.16466883603407773
-0.9721542754530949,-0.1699787942868099
-0.9721542754530949,-0.1699787942868099
-0.9706476062979508,-0.1682773653417948
-0.9755182715074782,-0.17491768979151168
-0.9740827031970272,-0.17329128993235426
-0.9740827031970272,-0.17329128993235426
-0.9726561883572562,-0.17176847144297644
-0.9772911553232563,-0.17804284705669565
-0.9759095156510796,-0.17659400427908054
-0.9787432896034092,-0.1809105608778108
-0.9787432896034092,-0.1809105608778108
-0.9774019834280414,-0.17964364429550433
-0.9813288381899689,-0.18486937308576948
-0.9813288381899689,-0.18486937308576948
-0.9787146605823287,-0.1824805827171107
-0.9809556367115837,-0.18527097208326737
-0.9809556367115837,-0.18527097208326737
-0.9809556367115837,-0.18527097208326737
-0.9798961341626264,-0.18353251299618648
-0.9786616705227708,-0.18217755010275866
-0.9819683733845285,-0.18615293773150254
-0.9807642366353355,-0.1850350482115761
-0.9807642366353355,-0.1850350482115761
-0.9795890781756493,-0.18404798418033183
-0.9795890781756493,-0.18404798418033183
-0.9813523128506321,-0.18645993287810397
-0.9813523128506321,-0.18645993287810397
-0.9802412576139183,-0.18569572448945534
-0.9802412576139183,-0.18569572448945534
-0.9817700967916273,-0.18771385459357942
-0.9807510231909826,-0.1871769417431386
-0.9807510231909826,-0.1871769417431386
-0.9798257756992591,-0.18675507623026735
-0.9812027216391155,-0.1884315287864625
-0.9812027216391155,-0.1884315287864625
-0.9812027216391155,-0.1884315287864625
-0.9804418996319786,-0.18824376284049682
-0.9804418996319786,-0.18824376284049682
-0.9797130969163332,-0.1881717552382037
-0.9815849804085062,-0.189480456477769
-0.9808861003148479,-0.18952739000909788
-0.980219306049696,-0.18969075259337526
-0.980219306049696,-0.18969075259337526
-0.9810761928114962,-0.1906048230351542
-0.9810761928114962,-0.1906048230351542
-0.9805272217897758,-0.19100566915508402
-0.9800484128044709,-0.19152238465043583
-0.9811646919086443,-0.19143395093929316
-0.9807531912861418,-0.19207153829688847
-0.9807531912861418,-0.19207153829688847
-0.9804521997113658,-0.19283034990653178
-0.9804521997113658,-0.19283034990653178
-0.9809360290809106,-0.19295555965949376
-0.9809360290809106,-0.19295555965949376
-0.9808759461971912,-0.19397721485571734
-0.9808971459905317,-0.1950901910586113
-0.981267856535396,-0.19358315087400305
-0.9813562917537643,-0.19485470045602218
-0.9813562917537643,-0.19485470045602218
-0.9814250388049233,-0.1961993830461464
-0.9814250388049233,-0.1961993830461464
-0.9815824217166531,-0.1955705754918227
-0.9815824217166531,-0.1955705754918227
-0.981726185969447,-0.1971358704407176
-0.9819126040590511,-0.1988137266420298
-0.9815739429567223,-0.19588555847439312
-0.9815739429567223,-0.19588555847439312
-0.9817803369439343,-0.19762576683881602
-0.9817803369439343,-0.19762576683881602
-0.9816711364354918,-0.19787173894905322
-0.9816711364354918,-0.19787173894905322
-0.9816711364354918,-0.19787173894905322
-0.9820210075344415,-0.19998112125646894
-0.9820210075344415,-0.19998112125646894
-0.981412126613662,-0.19786470325703173
-0.9817877464284632,-0.20016903113544013
-0.9821848172507839,-0.20255257573546595
-0.9809017853735352,-0.19767797891164116
-0.9817581458469498,-0.20026399791506877
-0.9817581458469498,-0.20026399791506877
-0.9825314863573864,-0.2028573366319433
-0.9816538186457962,-0.19978689174831618
-0.9816538186457962,-0.19978689174831618
-0.9824271231419213,-0.20265178993769664
-0.9824271231419213,-0.20265178993769664
-0.9832558478305764,-0.20580118637698297
-0.9832558478305764,-0.20580118637698297
-0.9823961086037843,-0.20301642993523586
-0.9834171848665386,-0.20654157137166942
-0.9834171848665386,-0.20654157137166942
-0.9844672953428839,-0.2101716612247142
-0.9844672953428839,-0.2101716612247142
-0.9835387443200154,-0.20691135037123853
-0.9835387443200154,-0.20691135037123853
-0.9846833472599371,-0.2107119696281936
-0.9839181404978593,-0.20752931450153328
-0.9854405159313706,-0.21160460879749363
-0.9854405159313706,-0.21160460879749363
-0.9866069107022027,-0.21560732370135904
-0.9857207030575574,-0.21173558422882902
-0.9857207030575574,-0.21173558422882902
-0.9873823622646261,-0.21619474059394683
-0.9873823622646261,-0.21619474059394683
-0.9863958745314185,-0.21218878120146234
-0.9881251156818023,-0.21665008048168755
-0.9881251156818023,-0.21665008048168755
-0.9898092612580324,-0.22116074592502755
-0.9868877859729399,-0.21197783570427522
-0.9886711993722288,-0.2165149337896367
-0.9886711993722288,-0.2165149337896367
-0.9903970152612046,-0.22112912753375547
-0.9903970152612046,-0.22112912753375547
-0.9891657769419755,-0.21635580269074633
-0.9905575585753408,-0.22076164011942076
-0.9905575585753408,-0.22076164011942076
-0.988466302712578,-0.21487008265047322
-0.9899386977772469,-0.219230611769207
-0.9899386977772469,-0.219230611769207
-0.9912807422136756,-0.22380673373950882
-0.9912807422136756,-0.22380673373950882
-0.9897632313875678,-0.2183137018570271
-0.9897632313875678,-0.2183137018570271
-0.9915010543937184,-0.22311299767985646
-0.9915010543937184,-0.22311299767985646
-0.9931666447526085,-0.2279994624454839
-0.9898239246090852,-0.21714325717792646
-0.9916709279633493,-0.2220243564514427
-0.9916709279633493,-0.2220243564514427
-0.9934651928345102,-0.22696837523497274
-0.991953310302061,-0.22101420187926646
-0.991953310302061,-0.22101420187926646
-0.991953310302061,-0.22101420187926646
-0.9937358575241131,-0.2260083367745095
-0.9950083221406885,-0.23094384434523504
-0.9930622877657306,-0.22420177041498382
-0.9945345983168636,-0.22899987501862107
-0.9945345983168636,-0.22899987501862107
-0.9925337040669766,-0.22252148149467474
-0.9925337040669766,-0.22252148149467474
-0.9940583159184397,-0.22739372566042554
-0.9940583159184397,-0.22739372566042554
-0.9955524633452244,-0.2323349491185593
-0.9921198005501766,-0.22047886054429394
-0.9937564746914275,-0.22548040514597534
-0.9937564746914275,-0.22548040514597534
-0.9952551751463184,-0.2305752726819702
-0.9952551751463184,-0.2305752726819702
-0.9934049684759422,-0.22393286508926433
-0.9934049684759422,-0.22393286508926433
-0.9948791340352601,-0.22902448495872357
-0.9948791340352601,-0.22902448495872357
-0.9962319368360345,-0.23413561730827837
-0.9929130498861,-0.2220354224559992
-0.9943984045438673,-0.22709350706681336
-0.9943984045438673,-0.22709350706681336
-0.9957620443291262,-0.23216587705936237
-0.9957620443291262,-0.23216587705936237
-0.9939944995382308,-0.22531535788447987
-0.9939944995382308,-0.22531535788447987
-0.9954309428004602,-0.23033848546878705
-0.9954309428004602,-0.23033848546878705
-0.9967715797055188,-0.23536680704598784
-0.9936542196753029,-0.22319936077321245
-0.9951293424913316,-0.22816496720905377
-0.9964878144662028,-0.23314225608182415
-0.9964878144662028,-0.23314225608182415
-0.9949352924885345,-0.2262106328980839
-0.9963427878467097,-0.23114355183421997
-0.9963427878467097,-0.23114355183421997
-0.997636018863757,-0.23608513460074732
-0.9947989992252416,-0.2240275143085267
-0.9961968243611905,-0.22892836275169592
-0.9974233020090033,-0.23382614926859996
-0.9974233020090033,-0.23382614926859996
-0.9959917081923194,-0.2269999134480643
-0.9959917081923194,-0.2269999134480643
-0.9971302714493133,-0.23184012184865216
-0.9971302714493133,-0.23184012184865216
-0.9981196950171012,-0.23670078072807899
-0.9956414347145732,-0.22492692334575298
-0.996714204452195,-0.22975298713875142
-0.996714204452195,-0.22975298713875142
-0.9976615593340648,-0.23462280281914472
-0.9976615593340648,-0.23462280281914472
-0.9963476809295139,-0.2281845261958778
-0.9972778488512375,-0.23309855129273171
-0.9972778488512375,-0.23309855129273171
-0.9980955549806205,-0.23804767100979968
-0.9959821888024486,-0.22674159708696917
-0.9968934313798535,-0.2316821693156655
-0.9968934313798535,-0.2316821693156655
-0.9976996039078061,-0.2366467796395818
-0.9976996039078061,-0.2366467796395818
-0.9965718828354189,-0.23082553341131473
-0.9965718828354189,-0.23082553341131473
-0.9973710988337885,-0.23573710244138285
-0.9981470467952316,-0.2406164340807418
-0.9963552997262799,-0.22996154078240993
-0.9972294348387993,-0.2348542798107574
-0.9980908019835951,-0.23973933948385728
-0.9980908019835951,-0.23973933948385728
-0.9973406484029199,-0.2345475267371504
-0.9973406484029199,-0.2345475267371504
-0.9982014814756909,-0.23934810715529947
-0.9982014814756909,-0.23934810715529947
-0.9989695442327582,-0.24408013919060118
-0.9974820903915468,-0.2342437982026565
-0.9983016565329577,-0.23888204635824917
-0.9983016565329577,-0.23888204635824917
-0.9990522316289947,-0.24344471303977083
-0.9984957771636896,-0.23872381993468345
-0.9984957771636896,-0.23872381993468345
-0.9984957771636896,-0.23872381993468345
-0.9992058548538914,-0.243102944637625
-0.9997952436654017,-0.24739119202461252
-0.999255105653575,-0.24243293739162325
-0.999255105653575,-0.24243293739162325
-0.9998266800477785,-0.24620776984214238
-0.9994662728980455,-0.2418797972498441
-1.0000482246121227,-0.24558917428270538
-1.0000482246121227,-0.24558917428270538
-1.000672761012475,-0.24929763939089378
-1.0005250515223452,-0.24518434265918648
-1.0005250515223452,-0.24518434265918648
-1.0011063494497243,-0.24877615028000616
-1.0011063494497243,-0.24877615028000616
-1.0010755704934775,-0.24524391262291295
-1.0010755704934775,-0.24524391262291295
-1.001576201672456,-0.24863910782774112
-1.001576201672456,-0.24863910782774112
-1.0019929810300219,-0.25193148481064004
-1.001617098052253,-0.24540560236794218
-1.002011811269382,-0.24858055724030492
-1.0023507753922227,-0.25185849603117744
-1.0025976721223744,-0.24924770104940341
-1.0025976721223744,-0.24924770104940341
-1.0031462636125505,-0.2523689825364665
-1.0036197442007582,-0.25537998408680523
-1.0041611962471684,-0.25311368652164845
-1.0041611962471684,-0.25311368652164845
-1.0044847813741722,-0.25580628430622543
-1.005065706138375,-0.2541921041817392
-1.0053565487753173,-0.25688071617336794
-1.0053565487753173,-0.25688071617336794
-1.0053565487753173,-0.25688071617336794
-1.00557669923288,-0.25945895205078046
-1.0059667224124027,-0.2558345265867475
-1.0061545154777902,-0.25813319561837195
-1.0062969984372407,-0.26033329469391675
-1.0062969984372407,-0.26033329469391675
-1.0069834029044844,-0.2596450868454405
-1.0069834029044844,-0.2596450868454405
-1.007117163970146,-0.26176288842495443
-1.007117163970146,-0.26176288842495443
-1.0072324979447942,-0.26378123551641497
-1.0081167148199224,-0.26348544754138264
-1.0081167148199224,-0.26348544754138264
-1.008203246627306,-0.2652606787706377
-1.008203246627306,-0.2652606787706377
-1.0091205490040331,-0.26552721359486786
-1.0091205490040331,-0.26552721359486786
-1.0091396678332905,-0.2670505164102337
-1.0091396678332905,-0.2670505164102337
-1.009129322280122,-0.2684440300009776
-1.010097421306401,-0.2691500524574943
-1.010097421306401,-0.2691500524574943
-1.0100671765606895,-0.2702807951498467
-1.0100671765606895,-0.2702807951498467
-1.0110353474627831,-0.2715103589499718
-1.0109795019897287,-0.27237743186568725
-1.0109795019897287,-0.27237743186568725
-1.0109232822755123,-0.2731202459531175
-1.0120203652562556,-0.2742148521247944
-1.0119587600664324,-0.27484319641954874
-1.0119587600664324,-0.27484319641954874
-1.0118824251547414,-0.27539273195882424
-1.012874320006673,-0.27771565139081694
-1.012874320006673,-0.27771565139081694
-1.0127678087902048,-0.27807745912548876
-1.012628632574863,-0.27827054789370315
-1.013715827567246,-0.2810089395579341
-1.013540468647054,-0.28104747568623545
-1.0133420016342973,-0.28093307375029275
-1.014079498492692,-0.28411704986630026
-1.014079498492692,-0.28411704986630026
-1.0138470981115406,-0.28373807689344976
-1.0138470981115406,-0.28373807689344976
-1.0136002909340691,-0.28326577878307935
-1.0145548480000537,-0.2876029900213083
-1.0143049692809716,-0.2870653949258896
-1.0143049692809716,-0.2870653949258896
-1.014037015022724,-0.2864073490550744
-1.0142937963503802,-0.290426112624305
-1.0138138066603115,-0.289559211993773
-1.0138138066603115,-0.289559211993773
-1.013310114561174,-0.2883831824293268
-1.0135819263965584,-0.29278209624530793
-1.0131055951054058,-0.2913664421551556
-1.0126918506325828,-0.2899930881881735
-1.0134173496235384,-0.2964587574220128
-1.0130523240067186,-0.2951766092922796
-1.0130523240067186,-0.2951766092922796
-1.0126626849398512,-0.2939085708354505
-1.0133507121578158,-0.301190451210516
-1.013058428486552,-0.29988808414266116
-1.0127339091787655,-0.29855244526420555
-1.0130259480731048,-0.30492735603034554
-1.0126308702547586,-0.3030913057476341
-1.0121212599158886,-0.3010994804123806
-1.0121212599158886,-0.3010994804123806
-1.0125598318652607,-0.30732240889222406
-1.0120531176581573,-0.30503948435286826
-1.0115435577367964,-0.30271807085032026
-1.0124572189681391,-0.3117413191065834
-1.0120154000165282,-0.3093189871751015
-1.0115036132962358,-0.30680981042355976
-1.0115036132962358,-0.30680981042355976
-1.0120285393311335,-0.3139108932431571
-1.0120285393311335,-0.3139108932431571
-1.0115622962120083,-0.31127998369040183
-1.0115622962120083,-0.31127998369040183
-1.012087092996211,-0.31846646449365223
-1.0116985860917682,-0.31579841973507755
-1.0112218563111859,-0.3132053275520741
-1.0106771707110225,-0.3105369559275157
-1.0119778657101848,-0.32107570727354906
-1.0115276473818484,-0.31836195025586905
-1.0115276473818484,-0.31836195025586905
-1.0122029241238961,-0.32628962650121385
-1.0117618966459294,-0.32334792160584
-1.0112347064366027,-0.3203351250993199
-1.0112347064366027,-0.3203351250993199
-1.0121094010109144,-0.32852461393191595
-1.0116276626541145,-0.3253550589427626
-1.0116276626541145,-0.3253550589427626
-1.0125035336007988,-0.33346198946711725
-1.0120477008592774,-0.33015420672081713
-1.0120477008592774,-0.33015420672081713
-1.0115030368626146,-0.32674340573707983
-1.0126820433198358,-0.33521526593523504
-1.0121255772593383,-0.3315622277047179
-1.0121255772593383,-0.3315622277047179
-1.011465680691024,-0.3278538948953728
-1.012781785556685,-0.3358690182692487
-1.012781785556685,-0.3358690182692487
-1.012204060088939,-0.3321476356167154
-1.014110066974486,-0.34434398288656415
-1.0136809411536065,-0.34055569609390807
-1.0131056424414895,-0.3367497738169164
-1.0131056424414895,-0.3367497738169164
-1.0131056424414895,-0.3367497738169164
-1.0145994938201985,-0.3449247240579246
-1.0145994938201985,-0.3449247240579246
-1.0140444302012441,-0.34103001190218724
-1.013354901456263,-0.33715131727879727
-1.0156528990116795,-0.349486665933233
-1.0151311232918383,-0.3455724743222628
-1.0144646053840796,-0.3416892877318476
-1.0144646053840796,-0.3416892877318476
-1.0162172276266705,-0.34988444080033626
-1.0162172276266705,-0.34988444080033626
-1.0155482152208348,-0.3460117200316988
-1.0155482152208348,-0.3460117200316988
-1.014742698885731,-0.3421730954206646
-1.016719567439649,-0.3505813243798439
-1.016719567439649,-0.3505813243798439
-1.015948179155309,-0.34672285978251116
-1.015948179155309,-0.34672285978251116
-1.0178685241711443,-0.35477689350314234
-1.0178685241711443,-0.35477689350314234
-1.017097383084306,-0.35086522988245694
-1.017097383084306,-0.35086522988245694
-1.0161908906262516,-0.346955791323419
-1.0183317965127372,-0.3550359392834085
-1.0183317965127372,-0.3550359392834085
-1.0174429556411357,-0.3510777315850087
-1.0174429556411357,-0.3510777315850087
-1.0195096081730757,-0.3587191290391005
-1.0186293459378675,-0.35477033747470244
-1.0186293459378675,-0.35477033747470244
-1.0176187791200877,-0.3508509660039303
-1.0207438100866548,-0.3624699224116825
-1.0198426775775524,-0.35856403542893833
-1.0198426775775524,-0.35856403542893833
-1.0188142844418289,-0.3546896242220157
-1.020902237331129,-0.3619848492008966
-1.020902237331129,-0.3619848492008966
-1.0198499666059997,-0.3581637719874513
-1.0198499666059997,-0.3581637719874513
-1.0198499666059997,-0.3581637719874513
-1.0186856060303233,-0.3544247648273659
-1.0208785516134613,-0.3616990016524115
-1.0208785516134613,-0.3616990016524115
-1.0197093208153,-0.3580236207631872
-1.0217572293252075,-0.36485450785176066
-1.0217572293252075,-0.36485450785176066
-1.0205746730047998,-0.36125616861556964
-1.0195646668357097,-0.357747255361723
-1.0218838469399032,-0.36443121308184256
-1.0207414357303415,-0.3601941877020526
-1.0196676668290605,-0.35638432268519993
-1.0216299918243223,-0.36186357223957916
-1.0204557478145633,-0.3580170372373138
-1.0192309385550717,-0.3542633299398692
-1.0179724565875494,-0.3504581434109475
-1.0202115851961913,-0.35579665781470693
-1.0189376088656803,-0.35198604146862067
-1.0176782087237854,-0.3481474199382461
-1.019923550867655,-0.35355194578120985
-1.0191142514642824,-0.3508827311751203
-1.0191142514642824,-0.3508827311751203
-1.0184457480363713,-0.3490784135168879
-1.0208479067355551,-0.3552926149297194
-1.0201963984437785,-0.35360973574518606
-1.0196010645869238,-0.3521160837164058
-1.0219225865213355,-0.3581978765593769
-1.0219225865213355,-0.3581978765593769
-1.0213354479255505,-0.35676148090340254
-1.0207703001484383,-0.3554893768412398
-1.0230616366867533,-0.36151415993242814
-1.0225745012252818,-0.3605038224202919
-1.0215712054161616,-0.3589728071128381
-1.0235939436433437,-0.3637629566395414
-1.0228394118889907,-0.3619701003664719
-1.0219959356473067,-0.36035544832529254
-1.0259573228146428,-0.37033322448878486
-1.0259573228146428,-0.37033322448878486
-1.0251076264833967,-0.3690608111374487
-1.0242509536909175,-0.3679207994053767
-1.026434955067492,-0.37271211329024845
-1.0255936749266708,-0.3716986550761629
-1.0248000004920854,-0.3708142035164957
-1.0267503198729788,-0.37481161566016097
-1.0260196333694198,-0.3740519345687034
-1.0260196333694198,-0.3740519345687034
-1.0253302601279133,-0.37342029347172667
-1.0271387939703505,-0.3767227980711114
-1.0264904463423639,-0.3762186693739499
-1.0264904463423639,-0.3762186693739499
-1.0274685461107869,-0.3783661197717533
-1.0268587437325256,-0.37812025910013236
-1.0268587437325256,-0.37812025910013236
-1.0262706532482937,-0.3780037532769688
-1.0277235447716624,-0.3797796573060482
-1.0271502253235432,-0.3797950740745381
-1.0265931748493586,-0.3799382647148799
-1.027843215814577,-0.3809482524019462
-1.0272890239885923,-0.3812240882017714
-1.0267402406021224,-0.3816287310146055
-1.0267402406021224,-0.3816287310146055
-1.0273251860571861,-0.38238055133195786
-1.0273251860571861,-0.38238055133195786
-1.0268694382183874,-0.3830451691551714
-1.0268694382183874,-0.3830451691551714
-1.0273630611723665,-0.3833138026630225
-1.0273630611723665,-0.3833138026630225
-1.026988947395464,-0.38423799815726034
-1.0266490968346433,-0.385288456996011
-1.0274027644158272,-0.3839330543060608
-1.0270972086797956,-0.38511458451180214
-1.0267933520526202,-0.38642136938669447
-1.0267933520526202,-0.38642136938669447
-1.0271433918144643,-0.38576292763148595
-1.0271433918144643,-0.38576292763148595
-1.0269366725797988,-0.3873597887476392
-1.0267635172865412,-0.38909107346668975
-1.0272110024220895,-0.38612082344386095
-1.0270677265175594,-0.3879529777646813
-1.0268483988951687,-0.3897953891902541
-1.0268483988951687,-0.3897953891902541
-1.0269809867875788,-0.38819998405490813
-1.0267857169689074,-0.3903199437783572
-1.0267857169689074,-0.3903199437783572
-1.0265934601689446,-0.39257688179888794
-1.0267565241778402,-0.3881194790333225
-1.02661452288688,-0.390471541031801
-1.0264012674771819,-0.392960143763887
-1.0264012674771819,-0.392960143763887
-1.026472893939155,-0.39064781215678723
-1.0265709621006667,-0.393494723370203
-1.0267403630205636,-0.3965793979464777
-1.0267403630205636,-0.3965793979464777
-1.0269348582038371,-0.3940152365514111
-1.0269348582038371,-0.3940152365514111
-1.0271147759278558,-0.3974863012513823
-1.0271147759278558,-0.3974863012513823
-1.0270926345828362,-0.3946234054167399
-1.0270926345828362,-0.3946234054167399
-1.0272136061875266,-0.3982954767910288
-1.0273089469431635,-0.4020697388235269
-1.0270379523574984,-0.39480183550607717
-1.0272242520916965,-0.39866996235899715
-1.0272242520916965,-0.39866996235899715
-1.0273521997087354,-0.40263513661712225
-1.027331622827255,-0.3991755631392269
-1.0273946276551686,-0.4034364158835879
-1.0275499555817313,-0.4079171405510291
-1.0278225013099664,-0.4123841383211358
-1.0278850491478355,-0.4084449705063252
-1.0278850491478355,-0.4084449705063252
-1.0281212170692897,-0.4129600478820311
-1.0283016487622845,-0.40885784095408007
-1.0287248475550717,-0.41354289305536074
-1.0290767190024779,-0.418331421319307
-1.029215376069586,-0.4230426070162012
-1.0291051873048875,-0.41340653877384553
-1.0293832995352814,-0.41820824599597617
-1.0295988925813013,-0.4231852530330006
-1.0296791548480906,-0.418102207269602
-1.0299079661142696,-0.42290391881714173
-1.0298345657353796,-0.4277189041488151
-1.0297630489294838,-0.43265354446885285
-1.030057414506096,-0.4270786944013174
-1.030057414506096,-0.4270786944013174
-1.0300829345797688,-0.43218654881843377
-1.030285634332642,-0.4265462946104559
-1.030285634332642,-0.4265462946104559
-1.0303074452606078,-0.4316946494604547
-1.0303074452606078,-0.4316946494604547
-1.0305106180450394,-0.42552183412897204
-1.030534747650956,-0.430734445309471
-1.0303942347512085,-0.4359526059766361
-1.0306545730726728,-0.4300715580967941
-1.0304174221364397,-0.43543653301174784
-1.0301257547343368,-0.44078815097041885
-1.0301257547343368,-0.44078815097041885
-1.0302709455060284,-0.43422594823728383
-1.0297991083456275,-0.43938542836166655
-1.029373766617236,-0.4440753308004831
-1.0297939232284075,-0.4321768821035208
-1.0296356316890414,-0.43701813782661464
-1.0293536804183594,-0.4423599480435882
-1.0293536804183594,-0.4423599480435882
-1.0295014884134417,-0.43584795897022205
-1.0291973494287596,-0.4406774455427862
-1.0291973494287596,-0.4406774455427862
-1.0293135895223118,-0.4340602588930776
-1.0293135895223118,-0.4340602588930776
-1.0290387323198584,-0.4394850114453455
-1.0286728508508682,-0.44491133958241175
-1.0292035359940361,-0.4325106603916959
-1.029001847743909,-0.4379551712106973
-1.029001847743909,-0.4379551712106973
-1.0291884567639513,-0.4307787900049269
-1.0291884567639513,-0.4307787900049269
-1.0290580952768034,-0.43625974860525296
-1.0288613304933139,-0.4412701560556721
-1.0292486428580587,-0.42852228163374
-1.0291943841658386,-0.4341333323041498
-1.0291943841658386,-0.4341333323041498
-1.0293462335879868,-0.42775090606714283
-1.0293462335879868,-0.42775090606714283
-1.0293463725996084,-0.4333621387492121
-1.029262220904647,-0.43896892341188976
-1.0295326840632741,-0.4263705115270409
-1.0296021587015574,-0.4319665815493937
-1.0296021587015574,-0.4319665815493937
-1.029785554069917,-0.4254070141694223
-1.0299313055780395,-0.4308990921749
-1.0299313055780395,-0.4308990921749
-1.0300070746022976,-0.43633543638050243
-1.0301520861017912,-0.4242299412851259
-1.030327984132263,-0.42962634994654597
-1.030327984132263,-0.42962634994654597
-1.0303709977471007,-0.4349829704406131
-1.0302850249314395,-0.44028194119242076
-1.0302850249314395,-0.44028194119242076
-1.0306187302362944,-0.43394466325185166
-1.0306187302362944,-0.43394466325185166
-1.0305716893620784,-0.43915997362534864
-1.0308685395250974,-0.42763599651978645
-1.030948332009984,-0.43281531548972535
-1.0309538290349707,-0.4379564260415398
-1.0309538290349707,-0.4379564260415398
-1.0313431397246688,-0.43210246189389767
-1.0313431397246688,-0.43210246189389767
-1.0313503978966552,-0.43715736287597273
-1.031277434318928,-0.44216925238333066
-1.0314546321366604,-0.43625856182695766
-1.031369929416344,-0.44123410348369435
-1.0313485007797407,-0.44620134683613033
-1.0319696404758198,-0.4408049281069077
-1.0319033896263792,-0.44564337157223094
-1.0319033896263792,-0.44564337157223094
-1.0316951881704386,-0.4503055250533133
-1.0322316210312885,-0.4448546568690897
-1.0322316210312885,-0.4448546568690897
-1.0319488522294908,-0.44931302994448735
-1.0324075348512243,-0.44435206842332337
-1.0324075348512243,-0.44435206842332337
-1.0320525985200768,-0.4485915083709315
-1.0317596710690595,-0.45256409331123226
-1.0323790144303973,-0.447430356611105
-1.0322061977936703,-0.451235416277006
-1.0320240073627212,-0.45506637657219723
-1.0329512527952374,-0.4468632421863183
-1.0327710010081927,-0.4505854588716019
-1.0327710010081927,-0.4505854588716019
-1.0325309909505709,-0.4542558731225874
-1.0332927184094443,-0.45008052212031663
-1.0332927184094443,-0.45008052212031663
-1.0330216967371353,-0.45354888450352954
-1.03397874253436,-0.4465497218889151
-1.0337079262669442,-0.44992172242359524
-1.0333946571086536,-0.4531886125733802
-1.0333946571086536,-0.4531886125733802
-1.034123225947924,-0.44989835009954127
-1.0337967534415318,-0.4531026366879768
-1.033442528953748,-0.45621854508271964
-1.034246227588292,-0.45359825563543027
-1.0340118763160122,-0.45652997030520015
-1.0340118763160122,-0.45652997030520015
-1.033846697938447,-0.4595490071842473
-1.0348048370813012,-0.45741929934604075
-1.0348048370813012,-0.45741929934604075
-1.034497794650446,-0.46022202189241324
-1.0356637654221,-0.45598654733176325
-1.0353642169471116,-0.45869816262436186
-1.0350470356228287,-0.46127947252462215
-1.0350470356228287,-0.46127947252462215
-1.0359597061798913,-0.46023059673781463
-1.0359597061798913,-0.46023059673781463
-1.0356610867019191,-0.46258545638915655
-1.0356610867019191,-0.46258545638915655
-1.0353645040609396,-0.4648203645277693
-1.0365545460044097,-0.4621029349959101
-1.0362748288907646,-0.46421632823622516
-1.035975191090388,-0.46620648683467864
-1.0371134950346068,-0.46426610564437687
-1.0368405559536396,-0.46602150414644333
-1.0368405559536396,-0.46602150414644333
-1.0365034210760113,-0.4677123954921105
-1.037321025231848,-0.4681719379000911
-1.037321025231848,-0.4681719379000911
-1.0370306789844541,-0.46960057182785614
-1.0370306789844541,-0.46960057182785614
-1.036745872973526,-0.4709175311875426
-1.0375207633748302,-0.4717912468253704
-1.0375207633748302,-0.4717912468253704
-1.037236426640645,-0.4728670932214452
-1.037236426640645,-0.4728670932214452
-1.037932540135184,-0.4742638177711393
-1.0376534037651626,-0.4750713061459479
-1.0376534037651626,-0.4750713061459479
-1.0373699614586889,-0.4757534652622451
-1.0379250372696656,-0.4775522355833909
-1.0379250372696656,-0.4775522355833909
-1.0376383065514605,-0.47794608043927117
-1.0376383065514605,-0.47794608043927117
-1.038046363733549,-0.4803106266950305
-1.038046363733549,-0.4803106266950305
-1.0377754463593925,-0.48044696835642053
-1.0377754463593925,-0.48044696835642053
-1.03750957632385,-0.48044594567517657
-1.037745015777757,-0.48324227350590204
-1.037745015777757,-0.48324227350590204
-1.0374925449148118,-0.4829531146627673
-1.0374925449148118,-0.4829531146627673
-1.037510476662678,-0.48611002027912725
-1.037510476662678,-0.48611002027912725
-1.03727421809407,-0.48553106724062184
-1.0370466160066096,-0.48481301285247597
-1.0370741754905644,-0.48926526594143677
-1.036875775765276,-0.488409716055912
-1.0367006016853286,-0.4874172589640225
-1.0363055841600741,-0.4861709087177333
-1.036092205773346,-0.4912132643989236
-1.0358311327067657,-0.4901140209358838
-1.035577622424202,-0.4888773289025894
-1.0352845127998376,-0.48771311109179144
-1.034877241284593,-0.4936015649992127
-1.0346927277351048,-0.49244500294014887
-1.0346927277351048,-0.49244500294014887
-1.0338990277928237,-0.4976512505951724
-1.0337820808424147,-0.49639473933200473
-1.0337820808424147,-0.49639473933200473
-1.0336450030950712,-0.49510455998890107
-1.0328915210517273,-0.501989058327368
-1.0328507992284173,-0.5008975304765235
-1.0327743084107288,-0.49951248168211293
-1.0327743084107288,-0.49951248168211293
-1.031892513476479,-0.5058869756879989
-1.0318841723979473,-0.5043125429884887
-1.0318464219005594,-0.502504303950932
-1.0318464219005594,-0.502504303950932
-1.030998591128575,-0.5089745805981982
-1.030926677580795,-0.5067364225961903
-1.030926677580795,-0.5067364225961903
-1.0299939638479172,-0.5133242317345337
-1.0299939638479172,-0.5133242317345337
-1.0299940607085238,-0.5109259319524121
-1.0299456768536048,-0.5084257359563537
-1.0290033582289762,-0.5180453511048551
-1.0290975333908945,-0.5154639836295721
-1.0290975333908945,-0.5154639836295721
-1.0291339659275518,-0.5127843767214701
-1.0282889206282884,-0.519894654107501
-1.028371015979431,-0.5171262160980575
-1.028371015979431,-0.5171262160980575
-1.0283547844688643,-0.5144266195981304
-1.0273751073629422,-0.5240961871730021
-1.027482826817908,-0.5213864855721937
-1.027482826817908,-0.5213864855721937
-1.0274414203692674,-0.5185318321636652
-1.0265118496898264,-0.5297399160441504
-1.026618290097034,-0.5267392147295505
-1.0266523717530833,-0.523656973521794
-1.0266523717530833,-0.523656973521794
-1.0258245566085347,-0.5317483984877543
-1.025936440164661,-0.528530206886642
-1.025936440164661,-0.528530206886642
-1.0259655369973457,-0.5252385839573815
-1.0252923454081673,-0.5336538889561788
-1.0254279950642435,-0.5299287711066865
-1.0254279950642435,-0.5299287711066865
-1.0249301598070775,-0.5377988770312718
-1.0252767214430931,-0.5344338477903785
-1.025461050419835,-0.5305371628582292
-1.0254814770533902,-0.5265992696761704
-1.0254238171406203,-0.5346990474793334
-1.025403634846666,-0.5308187159502219
-1.025403634846666,-0.5308187159502219
-1.0253941438651966,-0.5392151924397073
-1.025450537442595,-0.5352041862979611
-1.0253842141990275,-0.5312354668384884
-1.0253842141990275,-0.5312354668384884
-1.02565797689292,-0.53988138650969
-1.0256217233583151,-0.5358770865833491
-1.0256217233583151,-0.5358770865833491
-1.025936975557399,-0.5442526041148321
-1.0259320960562655,-0.5402552708889834
-1.0259320960562655,-0.5402552708889834
-1.0257943976744135,-0.5362775880129615
-1.0263398763587608,-0.5449233521084771
-1.0263398763587608,-0.5449233521084771
-1.0262443692560674,-0.540970766130036
-1.0267749658269518,-0.5532804102748028
-1.0268327630315492,-0.5493281914059658
-1.0267584934085277,-0.545381578441483
-1.0267584934085277,-0.545381578441483
-1.0273707730741048,-0.5539038787842829
-1.0273707730741048,-0.5539038787842829
-1.027296505569291,-0.5499436289419776
-1.0278680610923767,-0.5580695600313405
-1.0277625923758293,-0.5540837825411764
-1.0277625923758293,-0.5540837825411764
-1.027482805997769,-0.5501109353430839
-1.0281178388269898,-0.5582726311908551
-1.0281178388269898,-0.5582726311908551
-1.027803166134198,-0.5542739691031838
-1.0283486314234285,-0.5619707143010354
-1.0283486314234285,-0.5619707143010354
-1.0280228675185341,-0.5579904299909579
-1.02760137212007,-0.5540407462539648
-1.0285463297536928,-0.5657392331467096
-1.0282311548563365,-0.5618643935317955
-1.0278290421609575,-0.5580550626955827
-1.0278290421609575,-0.5580550626955827
-1.0283950887658284,-0.5655151443040415
-1.0283950887658284,-0.5655151443040415
-1.028008131288591,-0.5618702078522597
-1.0275413985013717,-0.5583042241681282
-1.0281708718541875,-0.5658185387768275
-1.0279681200959137,-0.5621939524613183
-1.0277173123122958,-0.5585922217339215
-1.0288393115738215,-0.5690499676562863
-1.0286364798624104,-0.5655734444173406
-1.0283007095897032,-0.5621612178757484
-1.0283007095897032,-0.5621612178757484
-1.0294230334574752,-0.5724093811836224
-1.0292166728435812,-0.5690282975185408
-1.0289429944580903,-0.5657583689677963
-1.0289429944580903,-0.5657583689677963
-1.0298029616744848,-0.5721973416892119
-1.0298029616744848,-0.5721973416892119
-1.0295321303723768,-0.5691390108619911
-1.0291955070831769,-0.5661917849710462
-1.0304029728084618,-0.5754758461950338
-1.0301228631684336,-0.5726189057776199
-1.0301228631684336,-0.5726189057776199
-1.0297676713765127,-0.5698713148474406
-1.030723738122431,-0.5757958457038201
-1.030590634857481,-0.5731268754311309
-1.0302634300735294,-0.570396825141851
-1.0298220547621137,-0.5676839401477773
-1.0307328619822287,-0.5731642752359882
-1.0302792739914,-0.5705237389531962
-1.029846663440567,-0.5678707687618386
-1.030763001166834,-0.5726307256851184
-1.0303815377964176,-0.5699490455014501
-1.0299609443413944,-0.5672830753953022
-1.0295181232614028,-0.564612441423886
-1.0304852735953676,-0.5690243006532891
-1.03000489607164,-0.5669095235133015
-1.0294399721784253,-0.5652966287182825
-1.030208376435759,-0.5700672845289327
-1.0296807955774052,-0.5689266474733733
-1.0291681832451203,-0.5679302020678172
-1.0286714711469258,-0.5670133294165488
-1.0294423405614896,-0.5717569852574054
-1.0289566069217135,-0.5711161249942878
-1.0284805760469509,-0.5705167492000461
-1.0296525929181275,-0.5753274389604571
-1.029159389398257,-0.5747835507265492
-1.0286634371207304,-0.574313304637199
-1.0281827179211969,-0.5739286759010013
-1.0292657447935196,-0.5780142120046999
-1.0287859698802357,-0.5777238664503782
-1.0287859698802357,-0.5777238664503782
-1.0283123707321662,-0.5775259184851235
-1.0288565662126006,-0.5808471166660647
-1.0288565662126006,-0.5808471166660647
-1.028354879871838,-0.5808451824014851
-1.028871517221114,-0.5836364673431946
-1.0283560542830616,-0.583838189214994
-1.0283560542830616,-0.583838189214994
-1.02880129558917,-0.5860451984206418
-1.0282747836977855,-0.5864562315500758
-1.0282747836977855,-0.5864562315500758
-1.0277604684253414,-0.5869680365267975
-1.0282414945096507,-0.5887093272394999
-1.0282414945096507,-0.5887093272394999
-1.0277236091046338,-0.5894634193012578
-1.0281930003748982,-0.5907284681618963
-1.0281930003748982,-0.5907284681618963
-1.0276753518443114,-0.5917971092358634
-1.0271428193766938,-0.5930197369412198
-1.0281924246249237,-0.5925504118173557
-1.0276261922367487,-0.5939419790498924
-1.0270283502909805,-0.5954904717530932
-1.028088970842481,-0.5942780328293744
-1.0275112393635384,-0.5959715089237325
-1.0275112393635384,-0.5959715089237325
-1.0269482560338852,-0.5977827690474783
-1.0275437803703131,-0.5976548486828173
-1.02697102482189,-0.5997079824035662
-1.02697102482189,-0.5997079824035662
-1.027559275579519,-0.5991196077531886
-1.0269554192698718,-0.6014080688687035
-1.0269554192698718,-0.6014080688687035
-1.0263162373515284,-0.6038036986703714
-1.027085487456713,-0.6028381511355653
-1.026627189284231,-0.606451664129056
-1.0260125953922312,-0.6094921910095834
-1.0267718614362802,-0.6084875707812326
-1.0267718614362802,-0.6084875707812326
-1.0260323168388146,-0.6116750600436651
-1.0253750499120295,-0.6148028683492046
-1.0261443091533269,-0.613332214265967
-1.0261443091533269,-0.613332214265967
-1.0253801416424844,-0.6170325170531099
-1.026128897756307,-0.6153307406645034
-1.026128897756307,-0.6153307406645034
-1.0252528471739004,-0.619165217148153
-1.0245731004340681,-0.6234853379926237
-1.025722827989457,-0.6216841697441183
-1.025010236675995,-0.6259846738035715
-1.024220964392402,-0.6305876579968569
-1.025425504307195,-0.6282488054858386
-1.0243787963645978,-0.6325303477801836
-1.023309779337385,-0.6364032602785554
-1.022186272412176,-0.6409255945099721
-1.0235479396650822,-0.6378779356429563
-1.0235479396650822,-0.6378779356429563
-1.0224305643452023,-0.6427784950764893
-1.0224305643452023,-0.6427784950764893
-1.0238122220991035,-0.6396896230869046
-1.0228176422401285,-0.6448936416087439
-1.0216333323694506,-0.6499836528969947
-1.0230534683358417,-0.6464495020126106
-1.021762666024292,-0.6512886873608403
-1.021762666024292,-0.6512886873608403
-1.0233726240187464,-0.6468646083845566
-1.0233726240187464,-0.6468646083845566
-1.022064534242299,-0.6517330317637275
-1.020654610822557,-0.6566101419165763
-1.0224771684385188,-0.6517124272687673
-1.0224771684385188,-0.6517124272687673
-1.02105666189647,-0.6567080124167596
-1.0241854515950566,-0.64668869380794
-1.022838699811776,-0.6517964600656596
-1.021379526808965,-0.6569729758201153
-1.0195960413135392,-0.6620339843049778
-1.021630279105165,-0.6570092220229591
-1.0200701079274135,-0.6623113516726611
-1.0184694035636723,-0.6674788978181591
-1.0206752786830793,-0.6615179830618352
-1.0189904288535265,-0.6667261486615474
-1.0171838698153546,-0.671994848601682
-1.0171838698153546,-0.671994848601682
-1.0192858101625595,-0.66621091508292
-1.0175309611310577,-0.6715303132671201
-1.0175309611310577,-0.6715303132671201
-1.0195898908167031,-0.6657491827935504
-1.0195898908167031,-0.6657491827935504
-1.0179159773433648,-0.671105316666539
-1.0161795092002417,-0.6764416127213149
-1.0199360783022924,-0.6653500496172529
-1.0183395066979974,-0.6707315620801113
-1.016678008186858,-0.6760860864491638
-1.0205345129968975,-0.6643895015609709
-1.0190229165951563,-0.669784570420658
-1.0190229165951563,-0.669784570420658
-1.017444211380325,-0.6751459154688122
-1.0198524370448738,-0.6685277898796232
-1.0183599114015383,-0.6738874579972484
-1.0183599114015383,-0.6738874579972484
-1.020656755128819,-0.6674562165933433
-1.020656755128819,-0.6674562165933433
-1.0192375187493274,-0.6727978318399606
-1.017741473698388,-0.6780920438522682
-1.021588798540789,-0.6660722915594643
-1.020237472778398,-0.6713896771391453
-1.0188004230873973,-0.6766538674263902
-1.0224606129260123,-0.6648947665469381
-1.0211324047852217,-0.6701589076536526
-1.0197106149855586,-0.6753473283925473
-1.0197106149855586,-0.6753473283925473
-1.022074679088853,-0.6685746377896786
-1.022074679088853,-0.6685746377896786
-1.0207325669626486,-0.6737239646169257
-1.0229807745105028,-0.6672799578515086
-1.0229807745105028,-0.6672799578515086
-1.021726928208148,-0.6723829866219088
-1.02042087559637,-0.6774223345768564
-1.0240311526648984,-0.6657683474877096
-1.0228547539694686,-0.6708051053395725
-1.0228547539694686,-0.6708051053395725
-1.0250143836318042,-0.6645507902538121
-1.0238760598780219,-0.6695415434352237
-1.0238760598780219,-0.6695415434352237
-1.0226519313352995,-0.6744638329664254
-1.0249310303692185,-0.6681159874822523
-1.0237552436704787,-0.672815358640322
-1.0225511859524055,-0.6773438876077569
-1.0249432274676331,-0.6709270693132582
-1.0249432274676331,-0.6709270693132582
-1.0237787736513109,-0.6757901780809582
-1.022450200246161,-0.6804884689660797
-1.0246709836010086,-0.6745672225626121
-1.0246709836010086,-0.6745672225626121
-1.0233856564329162,-0.6791072747363154
-1.0253886627153113,-0.6735458129367826
-1.0253886627153113,-0.6735458129367826
-1.0241217321237346,-0.6778693617189403
-1.0228080551715477,-0.6820638235189648
-1.0260014039873515,-0.6725283981364125
-1.0247656394116627,-0.6766338218005226
-1.0235418594273447,-0.6805128000384915
-1.0252441703860997,-0.6750539080600265
-1.0237106522893433,-0.6783053121570792
-1.0222002535355161,-0.6814638047714409
-1.0209434188097326,-0.6848238401501328
-1.0230401091799703,-0.6794842532974548
-1.0219271912529682,-0.682890784251664
-1.0219271912529682,-0.682890784251664
-1.023874088156361,-0.6779999987853994
-1.0228324961095057,-0.6811738907552064
-1.0228324961095057,-0.6811738907552064
-1.0217766637670715,-0.6842368880421784
-1.0247190618506323,-0.6764818205777936
-1.0237291739633678,-0.679461536700241
-1.0227339540950893,-0.6824694066005446
-1.0245107258814683,-0.6783994083630549
-1.0236042056317685,-0.6813094753210085
-1.0227757605235166,-0.684260175172009
-1.0219213455986282,-0.6870395867755983
-1.023861503079139,-0.6832871480536964
-1.0230304465802724,-0.6859255034262001
-1.0230304465802724,-0.6859255034262001
-1.0247837025704498,-0.682665186194237
-1.0239815578555524,-0.6850464199571568
-1.0239815578555524,-0.6850464199571568
-1.0231780631883147,-0.6873046354430493
-1.0256603790881549,-0.6821397654434487
-1.0249004111866262,-0.6842887911986897
-1.024152962810915,-0.6863212333778106
-1.0257015298187484,-0.6838455036999169
-1.0257015298187484,-0.6838455036999169
-1.024998034734337,-0.6856604099598461
-1.0243047852021436,-0.68735498037543
-1.0264582709044243,-0.683615839235294
-1.0258568947400666,-0.685112006686271
-1.0252241902877133,-0.6865422949648727
-1.0265537941440244,-0.6849204886352421
-1.0265537941440244,-0.6849204886352421
-1.0259910006835962,-0.6861443993878178
-1.0254553819493069,-0.6872362306388073
-1.027222329607818,-0.6849903958226313
-1.026724384472323,-0.6859587406568749
-1.02625342731881,-0.686807207587391
-1.0273405849789308,-0.686048858033256
-1.0273405849789308,-0.686048858033256
-1.0269449586020896,-0.6866483872257545
-1.0269449586020896,-0.6866483872257545
-1.0278597214617116,-0.6863960360825585
-1.0275110810953392,-0.6867336340323815
-1.0275110810953392,-0.6867336340323815
-1.0282425154504418,-0.6869677324554835
-1.0279331748704497,-0.6870371503509517
-1.0279331748704497,-0.6870371503509517
-1.0276452053784828,-0.6869723821527818
-1.0281837462561922,-0.6876080875366017
-1.0281837462561922,-0.6876080875366017
-1.02794239351452,-0.6872789918534049
-1.0282356462265068,-0.6883513205241254
-1.0280446000815524,-0.6877641212111107
-1.0280446000815524,-0.6877641212111107
-1.0278796681728632,-0.6870531804377846
-1.0280956055838717,-0.6894056637778385
-1.0279640454486123,-0.6885727360853534
-1.0278587633466147,-0.6876202716992308
-1.0275629314558912,-0.6895755426394871
-1.0274105578648176,-0.688655625378674
-1.0272208902870092,-0.6874834044502123
-1.0269994848669195,-0.6861934264421357
-1.0264793960900063,-0.6887671969316668
-1.0263175714791575,-0.6873851429986821
-1.0261138769681644,-0.6860064781289373
-1.0255727449289829,-0.690437384033688
-1.0254060583107125,-0.6890348525608812
-1.0252035928158598,-0.6876006670761807
-1.0249567709633323,-0.6861371540715413
-1.02409975894304,-0.6899905732687854
-1.0239806894602568,-0.6882376878072355
-1.0238560255971734,-0.6861840908293032
-1.0230663041375452,-0.6897713760621451
-1.0228639892124116,-0.687358714737235
-1.0226104819120114,-0.6849488399938211
-1.0223512501931786,-0.6825402274996708
-1.0217121199061188,-0.6892443532016201
-1.0215664136410338,-0.6865924607335016
-1.0213596100529827,-0.6838961497261749
-1.0205050610512592,-0.6883069708323762
-1.0205050610512592,-0.6883069708323762
-1.0203128805208772,-0.6854373991005578
-1.0199763357079503,-0.682506439653517
-1.0190930441812385,-0.6874892697450186
-1.018859136443858,-0.6845910139674021
-1.0184892674250339,-0.6817393214347462
-1.0176739011932008,-0.6871122537893588
-1.017358110544762,-0.6839847800752843
-1.016947813302564,-0.6808334898509887
-1.016947813302564,-0.6808334898509887
-1.0162402757288165,-0.6868213181772611
-1.0158561312460277,-0.6835359302705729
-1.0158561312460277,-0.6835359302705729
-1.015130728795123,-0.6896985659541579
-1.0147735899819588,-0.6862918862855524
-1.0142547240656752,-0.6825758212377142
-1.0136325243674635,-0.6785738342517541
-1.0132041878353315,-0.6849231876922145
-1.012624813968102,-0.6813756084147469
-1.012624813968102,-0.6813756084147469
-1.012243649878096,-0.6879349830356912
-1.011659268085466,-0.6840470148057329
-1.0109522662305497,-0.6801556307322365
-1.0109522662305497,-0.6801556307322365
-1.0108227455225591,-0.6873294483841512
-1.010147264932366,-0.6834225594919807
-1.0093508472967236,-0.6794894374355043
-1.0100818748285205,-0.6906392374802708
-1.0094326545167311,-0.6866677564034573
-1.0086613190942064,-0.6826679071100316
-1.0086613190942064,-0.6826679071100316
-1.0088587229770427,-0.6903472525339664
-1.0081270333210028,-0.6863266105855351
-1.0081270333210028,-0.6863266105855351
-1.0083682534484097,-0.6940049330650495
-1.0076801965964175,-0.6899957702368711
-1.0076801965964175,-0.6899957702368711
-1.0068798767545326,-0.6860227749663798
-1.0080291124796696,-0.6981760783692392
-1.0073961903227566,-0.6942077105388685
-1.0073961903227566,-0.6942077105388685
-1.0077769636239793,-0.7023152169620634
-1.0071928770046126,-0.6983536333045306
-1.0071928770046126,-0.6983536333045306
-1.0064954237728787,-0.6943964294625702
-1.0070976050776912,-0.7028458418688369
-1.006454139187824,-0.6988657378552914
-1.006454139187824,-0.6988657378552914
-1.0070304397273002,-0.7071054678896238
-1.0064374343863132,-0.703104926273427
-1.0064374343863132,-0.703104926273427
-1.0057533193633206,-0.6991054754219974
-1.006494822339629,-0.7076064017320249
-1.0058654947866854,-0.7035866001344686
-1.0058654947866854,-0.7035866001344686
-1.0065271156810176,-0.7118000599071279
-1.0059512432100013,-0.7077744517735605
-1.0059512432100013,-0.7077744517735605
-1.0053201597670909,-0.7037730559209644
-1.0060763072330272,-0.7122006855307184
-1.0055148259034494,-0.7082430730569862
-1.0055148259034494,-0.7082430730569862
-1.0061506388918762,-0.7163892935437326
-1.005635286167876,-0.7125227033930324
-1.0052021655656342,-0.7089646704563181
-1.0052021655656342,-0.7089646704563181
-1.006015589468382,-0.7178113500933947
-1.0056598126344225,-0.7138775251907349
-1.0051674974125657,-0.709963771488467
-1.0059868887831829,-0.7177424527057804
-1.0058100821947993,-0.7134796082374949
-1.0055306113710094,-0.70931834013187
-1.0052634564436218,-0.7055647563419832
-1.00650493549333,-0.7132792173197255
-1.0062383004852506,-0.709143501263979
-1.005916964182561,-0.7055078772368377
-1.0068232271259134,-0.7132952724869774
-1.0065347208030992,-0.7108064573800995
-1.0062522050333365,-0.708705326513689
-1.0059664803739983,-0.706604250409972
-1.0070563205607312,-0.7154747077798048
-1.0068145421030923,-0.7133624162239022
-1.006571780664723,-0.7113092002534959
-1.0075353821101825,-0.71982129209831
-1.0072771767773343,-0.7179088742273501
-1.006996651576545,-0.7160166330384142
-1.006707679030369,-0.7142227290797089
-1.0074610287021375,-0.7226615224762005
-1.0072777096523393,-0.7212416287227292
-1.0070801197976587,-0.7200741766104723
-1.0077237539978832,-0.7281930487572792
-1.0073257761561754,-0.7267476477321662
-1.0070471838816792,-0.7254890200148209
-1.0070471838816792,-0.7254890200148209
-1.0074811827657881,-0.7331781919279201
-1.0072058651294344,-0.7321352463113247
-1.0069206420571377,-0.7312151275196788
-1.0074441628057034,-0.7398436079689102
-1.0071458491119794,-0.7390123032281433
-1.0068492010373296,-0.738325600875385
-1.0068492010373296,-0.738325600875385
-1.0069140377385044,-0.7461742250888552
-1.0066156328319156,-0.7456180957229973
-1.0063128323118833,-0.7451481547439471
-1.006460834829977,-0.752816557198667
-1.006117409838578,-0.7524395656862982
-1.0057614254678016,-0.7521543715700375
-1.0057614254678016,-0.7521543715700375
-1.0053834553946956,-0.7590952557082586
-1.004960022502383,-0.7590015345462113
-1.004960022502383,-0.7590015345462113
-1.0044166127502379,-0.7653463269376457
-1.0039063899955032,-0.7654489875530095
-1.0039063899955032,-0.7654489875530095
-1.003381088924812,-0.7656517830552799
-1.0026916912746318,-0.7717039793693603
-1.0026916912746318,-0.7717039793693603
-1.002116553412514,-0.7721008084098225
-1.001382974201478,-0.777557531978547
-1.001382974201478,-0.777557531978547
-1.0007520629131161,-0.7781423254488552
-1.0001080971521459,-0.7788186176468858
-0.9993343381835609,-0.7839054397614232
-0.9993343381835609,-0.7839054397614232
-0.9986162480688017,-0.7848050197577934
-0.9978609153415234,-0.7894110609920513
-0.9970663324810679,-0.7906361923088301
-0.9970663324810679,-0.7906361923088301
-0.9962450580236244,-0.7920263518817185
-0.9955111098235871,-0.7964595138658608
-0.9955111098235871,-0.7964595138658608
-0.9945827377103846,-0.7981950430855838
-0.9939223914970847,-0.802171467934835
-0.992880634172405,-0.804156708938474
-0.992880634172405,-0.804156708938474
-0.9917702531822034,-0.8062279137091212
-0.9911325789456036,-0.8099341741348358
-0.9900398508016977,-0.8121554691323637
-0.9888498759888297,-0.8144482955365756
-0.9881936240698593,-0.8180057372152791
-0.9867412268447465,-0.8206666461752634
-0.9853353991817326,-0.822915788127417
-0.9838910902614363,-0.8253463487236861
-0.983444110347786,-0.8282705312825487
-0.9818038436616837,-0.8314967345790213
-0.9818038436616837,-0.8314967345790213
-0.9815365126700986,-0.8341778444116095
-0.979790320792556,-0.8378896619182892
-0.9776260205855343,-0.8414809555847118
-0.9755951205894658,-0.8452287647349296
-0.9755801667791065,-0.8479733251079128
-0.9734983200963763,-0.8522029315850597
-0.9713106971824887,-0.8563779975556376
-0.971366473241777,-0.858708001688856
-0.9690049946524001,-0.8629929509763655
-0.9690049946524001,-0.8629929509763655
-0.9665310825846907,-0.8673093116262646
-0.966856678405535,-0.8691199447351504
-0.9642377231922244,-0.873533368394628
-0.961586552582324,-0.8778525789416158
-0.9622657397430028,-0.8789806256268506
-0.9594935363628175,-0.8832413809606308
-0.9594935363628175,-0.8832413809606308
-0.9566435731719163,-0.8875755662536349
-0.9575639507228069,-0.8882733978871915
-0.9545805851371924,-0.8927113233153595
-0.951508220815144,-0.8971142970976456
-0.95579629142012,-0.893082587051518
-0.952705075630353,-0.8975396149344236
-0.9495325724424049,-0.9019818278116081
-0.9462816562422226,-0.9064020409916267
-0.9512240781265036,-0.9018275263364335
-0.9479986847845843,-0.9063148785085657
-0.9447965685097578,-0.9107760592928118
-0.9467937919993545,-0.9101756538203116
-0.9434677450766963,-0.914381839336512
-0.9400967071829598,-0.9184049482721426
-0.9400967071829598,-0.9184049482721426
-0.9426675661641976,-0.9169865859361658
-0.939284746657909,-0.9210226691857561
-0.939284746657909,-0.9210226691857561
-0.9420470177650095,-0.9193202839762553
-0.9386221365649914,-0.923393702313063
-0.9351280305685983,-0.9274240384108299
-0.9351280305685983,-0.9274240384108299
-0.9384157016199048,-0.9252472162885899
-0.9349001211045264,-0.9293003320155002
-0.9349001211045264,-0.9293003320155002
-0.9383392046785825,-0.9268733817247479
-0.9348127998633801,-0.9309387857800588
-0.9348127998633801,-0.9309387857800588
-0.931223423459418,-0.9349394830929756
-0.9351951897472262,-0.9320532402904954
-0.9316126918721679,-0.9360567155264787
-0.9316126918721679,-0.9360567155264787
-0.9356849522262186,-0.9329638097696046
-0.9321162804539878,-0.9369585114907741
-0.9284679524703314,-0.940871191025001
-0.9247410186545503,-0.9446967933602128
-0.9330133150005007,-0.9373379181782242
-0.9293665597965557,-0.9412351527037568
-0.9256756008447333,-0.9450384050718352
-0.9339572472148552,-0.9375372867509476
-0.9303658679520728,-0.9414111889962982
-0.9267350295431842,-0.9451891445595078
-0.9267350295431842,-0.9451891445595078
-0.9318471892538714,-0.9411048695629203
-0.9318471892538714,-0.9411048695629203
-0.9282952581542144,-0.9448595155713624
-0.9334038555699307,-0.9406469556728345
-0.9334038555699307,-0.9406469556728345
-0.9299365643571811,-0.9444132632382551
-0.926437777249497,-0.9481063562001228
-0.9320101193614971,-0.9435768174854867
-0.9320101193614971,-0.9435768174854867
-0.9286004048640066,-0.9472623885605047
-0.9340883923084629,-0.9426806705680159
-0.9340883923084629,-0.9426806705680159
-0.9307632883924132,-0.9463420508842123
-0.927408557018629,-0.9499021187209568
-0.9365218113776428,-0.9413633063943738
-0.9332952043998045,-0.9449688199086268
-0.9298500801678211,-0.948481262418524
-0.9354401841045158,-0.9435128931331056
-0.9321994186505955,-0.9470716398626203
-0.9289516742418772,-0.9504906607911549
-0.9256917219146423,-0.9538193045436005
-0.9317386882907047,-0.9485561885566536
-0.928837554369119,-0.9515119192453942
-0.925396790232188,-0.9546320826092947
-0.9311218751729811,-0.9493977845139567
-0.9278883005336146,-0.9524729470484083
-0.924758395912743,-0.9554430924991975
-0.9218618453543981,-0.9582846474217358
-0.9300852266208786,-0.9510424452166654
-0.9274088952874531,-0.9535130385029176
-0.9247682960912853,-0.9560242908026629
-0.9221198022076765,-0.9585755614909318
-0.9286500092893482,-0.9528400174288161
-0.9261377530339889,-0.9553356433686263
-0.9236715180445787,-0.9577294791967658
-0.9300155955321283,-0.9519588716190404
-0.9277056160790624,-0.9542251262897664
-0.9254353379023829,-0.9563869442657786
-0.9230741789172846,-0.9585147028859915
-0.9294868054591852,-0.9524590108299336
-0.9271608542633979,-0.954334556958808
-0.9249780706701611,-0.9563371643081535
-0.9312560359436794,-0.9502085428150051
-0.9293296445032269,-0.9518887626427683
-0.9274622890001265,-0.9535123869522232
-0.9255911989134848,-0.9551840570936241
-0.9320262110128338,-0.9490020893064377
-0.9302965726570946,-0.9506492661029116
-0.9286086805397954,-0.9522150582866522
-0.9347386345904923,-0.9461436918353039
-0.9332352059657183,-0.9475588970407949
-0.9332352059657183,-0.9475588970407949
-0.9317965811671287,-0.948864307868486
-0.9379697078126175,-0.9425557137310874
-0.9367004007937074,-0.9436917627463273
-0.9354879259776632,-0.9447363203258908
-0.9424583271501564,-0.9375310882810683
-0.9413406834089255,-0.9385059569768985
-0.9413406834089255,-0.9385059569768985
-0.9402879409725567,-0.9393798763527734
-0.945808310131403,-0.9332664457743942
-0.945808310131403,-0.9332664457743942
-0.9449242914965088,-0.9339788581085322
-0.9503241528904205,-0.9278172296765576
-0.9503241528904205,-0.9278172296765576
-0.9495897772868621,-0.9283698300877343
-0.9489188999453422,-0.9288401977336098
-0.9547734838604972,-0.9222779707025381
-0.9541780132912581,-0.9226787715335328
-0.9536427060607275,-0.9230006958292774
-0.9589256840743395,-0.9169265311105687
-0.9584615768215146,-0.9171768580783377
-0.9580568919639317,-0.9173507523391977
-0.9577175632158259,-0.9174492464384791
-0.9626559734256197,-0.911697130735178
-0.9623835586061458,-0.9117313070375233
-0.9621812065505817,-0.911686096966194
-0.9664611511605974,-0.9063324369426699
-0.9664611511605974,-0.9063324369426699
-0.9664238036452893,-0.9060780925331242
-0.9664590100543625,-0.9057243241346541
-0.9706286537535613,-0.9004643739968019
-0.9706286537535613,-0.9004643739968019
-0.9708125906333858,-0.8998935755028439
-0.9743057503805317,-0.895023414962771
-0.9742121860887833,-0.8942970488785066
-0.974268990119247,-0.8934588910815386
-0.9743350588424934,-0.8922833227936122
-0.9774568555104264,-0.8872270167066152
-0.9774863673181928,-0.8860298970306772
-0.9775011936039849,-0.8847594803605183
-0.979972745183179,-0.8803065309226397
-0.9798090427834092,-0.879080485177946
-0.9796068053081908,-0.8777990420012673
-0.9793865059952155,-0.8764108457563093
-0.9812144160948544,-0.8722338289220161
-0.9809903081994155,-0.8703422676865659
-0.980763803454361,-0.8685468206289918
-0.9821507201273256,-0.8644860237937055
-0.981838208386323,-0.8621923462540255
-0.9815137616702989,-0.8598985590266527
-0.9811720900761689,-0.8572078244428487
-0.9821076044531127,-0.8529937710038842
-0.9821076044531127,-0.8529937710038842
-0.9816026674283032,-0.8501584794528482
-0.9821709439148114,-0.8464764583498936
-0.9815563256870647,-0.843427476766726
-0.9808610279360741,-0.8404955787984864
-0.9801853999423578,-0.8376064882102858
-0.9804613301675,-0.8346114205945153
-0.9796356597476554,-0.831466287101874
-0.9787147845377491,-0.82834796287912
-0.9796761106251983,-0.8290370799164581
-0.9787328182969208,-0.8258306980268879
-0.977709213743313,-0.8225896925038914
-0.9766079746319161,-0.8192875756449958
-0.9776246052201107,-0.8207799749510342
-0.9764703734362448,-0.8174195251605125
-0.9752173376963074,-0.8140109677081853
-0.9750317578372409,-0.8126016358474418
-0.9733875027084122,-0.8088989582076803
-0.9715463629609877,-0.8051911375477716
-0.9696035175396567,-0.8013716138181791
-0.9689591548700426,-0.8004631785788143
-0.9668941166922577,-0.7965711080353232
-0.964740681389407,-0.7928026546597747
-0.9641665952139888,-0.7925716145807604
-0.9619260103209335,-0.7888084731356282
-0.9595722840918163,-0.785067982338056
-0.9595722840918163,-0.785067982338056
-0.9591919747652148,-0.7856019918146356
-0.9567780513068319,-0.7818500690846628
-0.9567780513068319,-0.7818500690846628
-0.9565489929569915,-0.7829418940750082
-0.9540506634544508,-0.7791934926699364
-0.9514391295931356,-0.7754810400626284
-0.9514391295931356,-0.7754810400626284
-0.9515189384343147,-0.7773493770369322
-0.9489020094272129,-0.7737068351093979
-0.9462208464622716,-0.7701323739252465
-0.9492106051729552,-0.7761276971668428
-0.9466017719028192,-0.772525464779751
-0.9439347793249643,-0.7689604938092423
-0.941214973170649,-0.7654209462146528
-0.9420995319015721,-0.7684904324109291
-0.9420995319015721,-0.7684904324109291
-0.9394394977031906,-0.7649083766512419
-0.940572525818139,-0.7683322763186284
-0.9379902347504236,-0.7647077662845964
-0.9353814546932386,-0.7611012958795601
-0.9353814546932386,-0.7611012958795601
-0.9370702756020074,-0.7651415620435431
-0.9370702756020074,-0.7651415620435431
-0.9345677119690379,-0.7615251091061523
-0.9362861835162197,-0.7655948418996461
-0.9338996549366114,-0.7620191897206361
-0.9338996549366114,-0.7620191897206361
-0.9315180365453527,-0.7584745424152082
-0.9340549981804259,-0.7636799325641025
-0.9340549981804259,-0.7636799325641025
-0.9318278998755873,-0.7601701987792273
-0.9344773722610418,-0.7656698304786547
-0.932417684583554,-0.7622333062020226
-0.9303033212510845,-0.7590604390902731
-0.9282369730731368,-0.7561597953099384
-0.9313671209639457,-0.7624345927529554
-0.92939937490872,-0.7594053387977571
-0.9273444887751008,-0.7562282462184919
-0.9308550624618703,-0.7627408011955492
-0.9292377113117563,-0.7600712733545378
-0.9276556467308629,-0.7575924786262815
-0.9260548330241761,-0.7552173106788658
-0.9300053711066689,-0.7627390222342328
-0.9282225523082916,-0.759997594221173
-0.9264273290963903,-0.7575277052839731
-0.9303764930460526,-0.7653190961157718
-0.9290354011530166,-0.7631112085545543
-0.9278876256650335,-0.7610947640644244
-0.9267146162205049,-0.7591052374837721
-0.9312692812484256,-0.7677911275354596
-0.930361164982973,-0.765991085245742
-0.9295210300979744,-0.7642640813616305
-0.934080803822368,-0.7733436158497284
-0.9334310885839567,-0.7717380822080062
-0.9328528284662961,-0.7702060385394593
-0.9322980584298515,-0.7686710047398299
-0.9367169250084904,-0.7782906496787175
-0.9358330982905927,-0.7764173886848085
-0.9351025861652542,-0.7749625213196178
-0.9393750361815314,-0.7847144360344424
-0.939062283257074,-0.7833237899576178
-0.938876931377455,-0.782144335023607
-0.9387475492813894,-0.7809745810621067
-0.9431442320912518,-0.7917101909631488
-0.9432034062195258,-0.7908270860173497
-0.9433117342458768,-0.7901485595633406
-0.9470878670486718,-0.8014290176735266
-0.947305387446671,-0.8009965586270082
-0.947305387446671,-0.8009965586270082
-0.9476447038248237,-0.8006240984241404
-0.9511839200865968,-0.8124375404323072
-0.9516313375500443,-0.8121419965622879
-0.9521298234744278,-0.8119414963032846
-0.9544986468280904,-0.8239110271562721
-0.954978045756683,-0.823830275372453
-0.9554915381374223,-0.8238679578047579
-0.9560255884375891,-0.8240377139008245
-0.9576800305152297,-0.8362565081097083
-0.9581501715629857,-0.8365167952051163
-0.9586536774052801,-0.8368706853142728
-0.9599930157292801,-0.8491969952096479
-0.9604240559950628,-0.8497644706502369
-0.9608656206719562,-0.8504378835185149
-0.9608656206719562,-0.8504378835185149
-0.961362686686074,-0.8631827746322943
-0.9616697757838436,-0.8641127711028382
-0.9619625355354605,-0.8651872809186485
-0.961360708315582,-0.8766171361473591
-0.961519500177505,-0.8778135398698597
-0.9615795894019366,-0.8791293716192914
-0.9616432605718016,-0.8805589836285944
-0.9602902387517404,-0.8918537989228803
-0.9602167645819728,-0.8934102114248466
-0.9601364762922711,-0.8950960811823134
-0.9582393806282854,-0.9057429925700065
-0.9580151333207583,-0.9075343343880597
-0.9577533546017865,-0.9094555259861047
-0.9574564158170633,-0.9115156095008243
-0.9544526121538218,-0.9240926359689614
-0.9537877613145473,-0.9267164648373848
-0.9531105322009068,-0.9294107207594398
-0.9492049457983183,-0.941311929883571
-0.9483127927625329,-0.9438387391780999
-0.9473884369783079,-0.9465908232443728
-0.9473884369783079,-0.9465908232443728
-0.9425122469852024,-0.9589045667316212
-0.9412545353260304,-0.9620974412504626
-0.939940288503023,-0.9653484612155122
-0.935990553220784,-0.9736054431756731
-0.9344875683977605,-0.976878176370656
-0.9327287889593925,-0.9805995962695945
-0.9309306768861523,-0.9844631702271478
-0.9247092525957098,-0.9959050092775371
-0.9226569396017652,-0.9996818259191298
-0.9205538572720289,-1.0036716300832813
-0.9139356785456052,-1.0143908330389824
-0.9139356785456052,-1.0143908330389824
-0.9115426944019047,-1.0183848106612723
-0.9090564096637836,-1.0224099157644038
-0.9046218274769882,-1.0285459913136719
-0.9019506247842202,-1.032531423062736
-0.9019506247842202,-1.032531423062736
-0.8949941306880838,-1.041898943215722
-0.8920826376965624,-1.0458460544521204
-0.8891558141736808,-1.0499486458157894
-0.8862180945551659,-1.0535745477513143
-0.8789699672844411,-1.0615854068846287
-0.8757130686633923,-1.065009249889584
-0.872346207085563,-1.0685982712095772
-0.8685417148524484,-1.0725732558364314
-0.8650153892324285,-1.076138577468406
-0.8614244655513212,-1.0796844846952283
-0.857771291404656,-1.0831975612308313
-0.850562788310048,-1.0899446852128436
-0.8467263579340165,-1.0933067351842243
-0.8467263579340165,-1.0933067351842243
-0.8397692390170651,-1.0994329630993245
-0.8358414454566032,-1.1022659153821281
-0.8317582768779521,-1.1044402379092884
-0.8275571025937525,-1.1068591888869799
-0.8207212665454231,-1.1115329356630936
-0.8163973864653014,-1.113881031485377
-0.8120247940389691,-1.1162973220805168
-0.8056367762567485,-1.1205053131348268
-0.8056367762567485,-1.1205053131348268
-0.801167455455223,-1.122791031731493
-0.7966702378743048,-1.1250015114405219
-0.7908109391302409,-1.1286517569526986
-0.7862266026445835,-1.1306817920014471
-0.7862266026445835,-1.1306817920014471
-0.7809795444194398,-1.1338406874438673
-0.7763144647452802,-1.1356740644494345
-0.7716221608809646,-1.1374111327747247
-0.7668987512812954,-1.1390485476685384
-0.7622372150206207,-1.1416169609871036
-0.7622372150206207,-1.1416169609871036
-0.7574415360180167,-1.143051711103279
-0.7534323280323716,-1.145247441507585
-0.7485895144105881,-1.1464880248378861
-0.7485895144105881,-1.1464880248378861
-0.7437389699017817,-1.1476215150936449
-0.7404945690398952,-1.1494583683582817
-0.7356285818030474,-1.1504088698360917
-0.7307743999300527,-1.1512558621610993
-0.7282304135566895,-1.1527894397271377
-0.7282304135566895,-1.1527894397271377
-0.7234013047014916,-1.1534615608995946
-0.7186160260938879,-1.1540533651998008
-0.7170191399717758,-1.1554343247737444
-0.7122944387078974,-1.1559503883857811
-0.7075912718526324,-1.1563723992703276
-0.7113796369756288,-1.1572090619605322
-0.7066849278720408,-1.1576034425346604
-0.7020185722076562,-1.1579113085476498
-0.6973940845832891,-1.1581743590380702
-0.6974358397317981,-1.1594079977162317
-0.6974358397317981,-1.1594079977162317
-0.6928858481431523,-1.1595734932837276
-0.6936058762441253,-1.160718978407242
-0.6891906903326847,-1.1607825598767278
-0.6848547180301205,-1.1608985901867985
-0.6805080243647634,-1.1612319584212085
-0.682257854439865,-1.1628159075400368
-0.6779709016135065,-1.1631147507015986
-0.6737441372749726,-1.1633588738365739
-0.680312288416811,-1.1646785718826869
-0.676127077837311,-1.1649609934595417
-0.6720035150772734,-1.1651920981116846
-0.6720035150772734,-1.1651920981116846
-0.6753328065011079,-1.1668056953131658
-0.671310658571785,-1.1669706182016644
-0.6673453313833019,-1.1670426391673883
-0.6714146491905915,-1.1685495087456632
-0.6676124731724522,-1.1687992217487035
-0.6638440578324069,-1.1692332045614675
-0.660102727573238,-1.169462693368737
-0.6564306773028571,-1.1697504132968772
-0.6704558434805367,-1.1732767006612657
-0.6669413046136925,-1.1738961938743242
-0.663500206203737,-1.1744484890437663
-0.660165190749389,-1.1749817649764327
-0.6766853055836738,-1.1778368736761506
-0.6735563536039743,-1.1783973564361094
-0.6705808384683671,-1.1788960028477846
-0.6784244506490342,-1.1804757849166212
-0.6755379070712098,-1.1809829485421668
-0.6835725046639717,-1.1819107248517422
-0.6807949174907284,-1.182400221913014
-0.6781007375901641,-1.182902265955693
-0.675471165974469,-1.1833023072590165
-0.6843848028193098,-1.1839678748442135
-0.6818865874567934,-1.1842225214864912
-0.6909915902088036,-1.1843748350923522
-0.6886580602762797,-1.1844994025906623
-0.6864246333285965,-1.1845893231382574
-0.6842897486786215,-1.184657855733738
-0.6942912502050271,-1.184507819947665
-0.6923528877582287,-1.1846068320245993
-0.6905315042802055,-1.1846846657817844
-0.70079319637883,-1.1841521045210253
-0.6992052778119731,-1.1842326526752651
-0.6977481748355074,-1.1842960764258619
-0.6964035388891922,-1.1843481021677589
-0.7087607718815119,-1.1833287294735129
-0.7075211318768215,-1.1834032949935098
-0.706404328460201,-1.1834533979992878
-0.7175764749811547,-1.1820191396329869
-0.7167562945453383,-1.1820764504992651
-0.7167562945453383,-1.1820764504992651
-0.7284557687054218,-1.1800938978621403
-0.7278831751145521,-1.1801414609743102
-0.7278831751145521,-1.1801414609743102
-0.7394760388263633,-1.1776698736374016
-0.7391307755957177,-1.177702946439121
-0.7389060440545399,-1.1777175233807133
-0.7388344630593136,-1.1777109028278403
-0.7509922330212547,-1.1746362568062034
-0.7510461110290151,-1.1746055530014232
-0.7629037852783401,-1.1710312320675604
-0.7631820634448918,-1.1709395593855434
-0.7631820634448918,-1.1709395593855434
-0.7635798626743574,-1.1708149447451222
-0.7757115295386626,-1.1665664080625968
-0.7763315064657685,-1.166346513569113
-0.7878627969658627,-1.161726106595506
-0.7883580694570059,-1.161824095379677
-0.7889963172927669,-1.161957665435334
-0.8006047506010329,-1.1570433327923384
-0.8016447130296431,-1.1572909958138213
-0.8028321593203918,-1.1576666656141064
-0.8127847613569402,-1.1520143149467872
-0.8140084173829033,-1.1523654323917407
-0.8153440866792836,-1.1527965725741205
-0.826158579002563,-1.1467988617311713
-0.8275836099054432,-1.1470849651295643
-0.8376684253433667,-1.1403900241922538
-0.8390620999328857,-1.1402035880001833
-0.8407716335651487,-1.1396755346880996
-0.8501106614908431,-1.1314034688294408
-0.8515713746330205,-1.1302639895604996
-0.8597199557787213,-1.1214614513544956
-0.861105166402397,-1.1198222059686476
-0.8624825267801908,-1.1181136891716477
-0.8638588052173287,-1.1162985956199218
-0.8697301463429989,-1.1085037759733534
-0.8709401408665758,-1.106461598019225
-0.8771215867582052,-1.0967155287005497
-0.8781173938109703,-1.0944726207735151
-0.8790438425458897,-1.0921463631109782
-0.8799462024502464,-1.0898053818888775
-0.8808678822575732,-1.0873198754625202
-0.8890220764718617,-1.0697526165597266
-0.889508985364377,-1.0669924046396697
-0.8899566665697582,-1.064160157354881
-0.8931384761471373,-1.054225279517127
-0.8933516694995458,-1.0511838068536594
-0.8957034889151121,-1.0416214318328372
-0.8956571504807749,-1.0383831854161227
-0.8955206420845361,-1.0347226894457036
-0.8968956535344625,-1.0253093028449243
-0.8963191433031038,-1.0214589400532847
-0.8968160345041658,-1.0122371830768342
-0.8958530730884264,-1.008277375354866
-0.894819863844216,-1.0043087069482046
-0.8936908391788301,-1.0003720847497273
-0.8944745287190837,-0.9955475090875543
-0.893095554859213,-0.9916420504543413
-0.8921949641725561,-0.9836673487724747
-0.8905443195817956,-0.9797483655288726
-0.8888024922734735,-0.975838120093238
-0.8869523423434578,-0.9719322909509551
-0.8873591070394156,-0.9685157524857402
-0.8853379007787966,-0.9646202668310586
-0.883637233118909,-0.9581121809463625
-0.8814110697781017,-0.9542886737056476
-0.8791001027195033,-0.950499387948075
-0.8791001027195033,-0.950499387948075
-0.8771741162942488,-0.9448086215155365
-0.8746608882246478,-0.9411101499766881
-0.8746608882246478,-0.9411101499766881
-0.8727184655429084,-0.9362310436139889
-0.8700780331382783,-0.9325938482360785
-0.8673966201542187,-0.928977338741084
-0.8646775193830913,-0.9253789965405711
-0.8655742796912097,-0.9248635716246156
-0.8628102687655329,-0.9212649530390353
-0.8611895791650273,-0.9178470960470397
-0.8583791552579347,-0.9142661791253777
-0.8555527905933749,-0.9107080854222653
-0.8555527905933749,-0.9107080854222653
-0.8543193440182562,-0.9080186274719968
-0.8515232841524216,-0.9044727572408789
-0.8506865229553404,-0.902423023590398
-0.8479690971115676,-0.898938599868502
-0.8479690971115676,-0.898938599868502
-0.8452948766760384,-0.8955372261300845
-0.8450642232330161,-0.8943520714086458
-0.8424479004666985,-0.8910079257690202
-0.8424479004666985,-0.8910079257690202
-0.8399197933782,-0.8876831055670027
-0.8374704447907019,-0.8843877840974698
-0.8409707686023309,-0.8872006809239368
-0.8382810275630204,-0.8841114552683051
-0.8393547140268464,-0.8851683610962915
-0.8368662393429718,-0.882340820113922
-0.8343781841664005,-0.8795982617921698
-0.8319899481229304,-0.8769334419388817
-0.8339213230272347,-0.8788481526150469
-0.8318439928199617,-0.8762764284575926
-0.8318439928199617,-0.8762764284575926
-0.8343585921822592,-0.8787816150186163
-0.8326227803648731,-0.876256758523009
-0.8326227803648731,-0.876256758523009
-0.8309624095962632,-0.8737643252033731
-0.8341414508280681,-0.8772213903618499
-0.8371365974391598,-0.8812771021822006
-0.8355072392306383,-0.879299308642546
-0.8339606380275577,-0.8773624526980257
-0.8326820922107036,-0.8755344064366761
-0.8370621484970371,-0.8807085433932923
-0.8359750291175903,-0.8788972116734771
-0.840399264555769,-0.8845809004275706
-0.8395305184359234,-0.8829117663535151
-0.8387460822130415,-0.8813335648587072
-0.8442844993455276,-0.8895246027295258
-0.8436366662085104,-0.888006099393696
-0.8482148345403953,-0.8948586463332782
-0.8472986689560582,-0.8929251885448812
-0.8464642309127013,-0.8909652469669751
-0.8512034411312313,-0.898382080818515
-0.8509675797985812,-0.8969487293399478
-0.8557254287179958,-0.9052314034707516
-0.8557397260334021,-0.9040549561106781
-0.8558642881584462,-0.9029254117228673
-0.8560966323871406,-0.901876923456038
-0.861315588783399,-0.9113127326189145
-0.8617211556566025,-0.9104355034855368
-0.8617211556566025,-0.9104355034855368
-0.8665614227799697,-0.9203203148265278
-0.8670670485225863,-0.9196322390108131
-0.8676206201271235,-0.9190403900924393
-0.8682127154966376,-0.9185474828021162
-0.8720189874719573,-0.9295495043817446
-0.8725951722419967,-0.929173915777042
-0.8765265253826928,-0.9405845872819587
-0.8770956080002008,-0.9404475318548706
-0.8777331928748371,-0.940440022967117
-0.881112529013882,-0.9527816192010483
-0.8818112189284804,-0.9530846829823431
-0.8818112189284804,-0.9530846829823431
-0.8844622839256289,-0.9657120576012015
-0.8851892277854538,-0.966395262133885
-0.8859677757391715,-0.9673174103338946
-0.8878430450226966,-0.9810444906511623
-0.8885669257118478,-0.982489594524558
-0.8885669257118478,-0.982489594524558
-0.8895407236648449,-0.9963916513155748
-0.8901510865625082,-0.9980510678549225
-0.8907442183414749,-0.9997842109262478
-0.8906274986670638,-1.01414492586288
-0.8910267500316482,-1.0160126247354302
-0.8898575003489834,-1.029958734251534
-0.89005334131176,-1.0318134317325494
-0.8901907306865173,-1.0338257741333563
-0.8903034350366879,-1.0360083558543918
-0.8903034350366879,-1.0360083558543918
-0.8848513543571497,-1.0618974665780443
-0.884334142313578,-1.0646216178063683
-0.8839251935307499,-1.0676252013879044
-0.8795106595057642,-1.0818046905005647
-0.8787532521790826,-1.084447433891563
-0.8733884884503713,-1.0982234749309372
-0.8722028672944926,-1.1013072579008798
-0.8709468441558963,-1.1044777984502043
-0.864435879839872,-1.1178968014589805
-0.8629228076771729,-1.1211858801664565
-0.8613262308264683,-1.1245935038237782
-0.859566249259001,-1.1285469715313674
-0.8460569673114526,-1.1508278458412537
-0.8441727185393775,-1.1544942405915926
-0.8359452761483117,-1.1660661951560423
-0.8337249892546215,-1.1693622489715791
-0.8310040448093734,-1.1733783729808334
-0.8282317097578307,-1.1774861715425353
-0.8187740255322502,-1.1885626998705274
-0.8157363572083015,-1.1923921149337282
-0.8060832444718776,-1.202536650525063
-0.8028057660363874,-1.2062665136645607
-0.7928958932194388,-1.215498443986593
-0.7897731227142037,-1.218190672800669
-0.7800903092648658,-1.2257944780005838
-0.7764633124847707,-1.2284055026441982
-0.7727281730289262,-1.2311693707243088
-0.7688946412571082,-1.234326673281186
-0.758707319244557,-1.2415937927009373
-0.7546858033596655,-1.2445749847248595
-0.7447589167427955,-1.2509978277593288
-0.7405445194652495,-1.253787494555428
-0.7307927221414972,-1.259516443531481
-0.7264868438137695,-1.2617787784154253
-0.7177108429556645,-1.2661067242298953
-0.7134695561846449,-1.2679793423260202
-0.7086701081934169,-1.2699770061993676
-0.7038585582275556,-1.2718698489589824
-0.6945436759030964,-1.275652287246789
-0.6896427080703753,-1.2772852147287124
-0.680951031122808,-1.2803897837220402
-0.6760208784418305,-1.2817042565232353
-0.6711022241713431,-1.282901971767168
-0.6661723515612686,-1.284075741841722
-0.6612620195246957,-1.28507147734358
-0.6563532364556499,-1.285951258511379
-0.6457707075915482,-1.2889512346882963
-0.6408466508781825,-1.2894990368391195
-0.6359327745228216,-1.2899611494783574
-0.6292788804393652,-1.2913010890533076
-0.6243617041137366,-1.2915141477661105
-0.6194592707717852,-1.2916255754949306
-0.6184647264788214,-1.2925692730018083
-0.6135630955127436,-1.2925567228867498
-0.6086850696367543,-1.292440558053613
-0.6038332635266555,-1.292202611598413
-0.6035979111809986,-1.2932098113449055
-0.598755620479084,-1.292819931220836
-0.5944430456058558,-1.2933977394867904
-0.5896857895673657,-1.2928870272688089
-0.5849587736142803,-1.2923565267436552
-0.5802613134340566,-1.2917974312430511
-0.5815383925727508,-1.293074149172638
-0.5768572066971341,-1.2924571671675915
-0.5741847759743879,-1.2931506367361496
-0.5695765002109674,-1.2923320843562673
-0.5650286866354369,-1.2913883206013042
-0.5605476777975726,-1.2903213271940412
-0.5632952249428935,-1.2920490994257154
-0.5588532114955171,-1.2909166000129453
-0.557856207043196,-1.2915839014844281
-0.5535149718241456,-1.2902966427934353
-0.5492719716678476,-1.2889658035821376
-0.5490565530636913,-1.2900340685745295
-0.5446965904389536,-1.2891765245952462
-0.5451371419744226,-1.2906455860805446
-0.5408529485778368,-1.2897135733587912
-0.536634906750008,-1.2887506662172292
-0.5325194673099594,-1.2877498922767348
-0.5378229047030196,-1.2904282269610596
-0.5337476548043871,-1.289449032588563
-0.5358896005700517,-1.291363877491326
-0.5319583057068589,-1.2903909737571078
-0.5319583057068589,-1.2903909737571078
-0.5350282674803921,-1.2925594230559083
-0.5313693231628512,-1.2916074787898875
-0.5350964383289194,-1.2939295141151619
-0.5314838152023702,-1.2931655414126788
-0.5279728702687903,-1.29239735404271
-0.5245516070108098,-1.2916372470529391
-0.5288992422974257,-1.2942271230977198
-0.5255961066838873,-1.293622055061997
-0.5309702264061447,-1.296562471851279
-0.5277840371473653,-1.2961026064607082
-0.5246761489098182,-1.2956047197413239
-0.5309253396022545,-1.2986084585410869
-0.5279391310362441,-1.2980780809891472
-0.5348206575808854,-1.300848538893595
-0.5320829501582736,-1.3001591643027703
-0.5394414621031354,-1.3027227045877652
-0.5365916721243604,-1.302125322977565
-0.5338283590858853,-1.301763277555704
-0.5416283892931275,-1.3043700095530086
-0.5390325765980268,-1.304020134938205
-0.5365492116488031,-1.3036285814415751
-0.5452694760263349,-1.3061753795065387
-0.5429649555944454,-1.3057532544062056
-0.5519902962540202,-1.3079353180748414
-0.549858291408659,-1.30755524717084
-0.5478482783919725,-1.307170267887509
-0.5459831274571944,-1.3068043582285527
-0.5569036522467902,-1.3090331218203741
-0.5551466714073798,-1.3087394836794723
-0.5656872863175758,-1.3105151698853694
-0.5641458671629079,-1.3102979296399235
-0.5627086377323509,-1.3100867327594237
-0.5614050260434885,-1.3098915325254472
-0.5739149967151713,-1.3115431526957027
-0.5727324388956809,-1.3114029939641063
-0.5840037061303875,-1.3123817066630656
-0.5830923802424289,-1.312294852012411
-0.5822485226426807,-1.3122256490428497
-0.5940778773112371,-1.3127824705341848
-0.5935061212933473,-1.312723249766422
-0.5935061212933473,-1.312723249766422
-0.6054263093198594,-1.3127690768994933
-0.6051135048003629,-1.312750418992681
-0.6048935950842463,-1.312740435906
-0.6048935950842463,-1.312740435906
-0.617391665203608,-1.3122854235552488
-0.6174274483843026,-1.3122776984829003
-0.6297162125261199,-1.3112825184459536
-0.6300105087363599,-1.3112537684490948
-0.6304308266632784,-1.311217934593747
-0.6304308266632784,-1.311217934593747
-0.630983073809569,-1.3111817293281973
-0.6556745968635878,-1.3074620531319268
-0.6562953835911569,-1.3074292859072412
-0.6567471875891153,-1.3077341992092382
-0.6574154263114564,-1.3082321745463221
-0.6810391063559056,-1.3026079713973058
-0.6821008579790369,-1.3028313251830104
-0.6830971812825161,-1.3031467096542153
-0.6947123623670155,-1.2995348217881613
-0.6956362605309703,-1.3000155007658765
-0.7067837609421687,-1.29598092727058
-0.7082494857819097,-1.2960483886231429
-0.7190740704369571,-1.291120039302784
-0.7205378791218466,-1.290734383949424
-0.730635982585166,-1.2849558309976474
-0.7321014841472325,-1.2842538650634974
-0.7338290200461564,-1.283198977608261
-0.7435574507019608,-1.2763588021152885
-0.745146040281661,-1.2750787709691551
-0.753680852334224,-1.2677322441031265
-0.755167248902936,-1.2659789764279075
-0.7566758002463569,-1.264122468198014
-0.7581989005253555,-1.2621661309121417
-0.7711890617392057,-1.2481510909250233
-0.7722646058729812,-1.246151919109277
-0.7733449831856121,-1.2442076321404536
-0.7792339727746225,-1.2363557177328894
-0.7802261535067906,-1.234176705949808
-0.7853069222746731,-1.2264854893998889
-0.7862005269746171,-1.224075016970716
-0.787092252865023,-1.221597626469758
-0.7915403258790719,-1.2137892128247287
-0.7922362876729863,-1.210929127721137
-0.7956366879174976,-1.203500505792669
-0.7961465303712356,-1.2000989507594717
-0.7965638488076229,-1.196224471855404
-0.7992723670255559,-1.1880048621758712
-0.7992197428275815,-1.1841632518645284
-0.79916212818761,-1.1803582250730131
-0.8008916025644407,-1.172583090259966
-0.8005529641934751,-1.168400158218467
-0.8001139893072722,-1.164171197631619
-0.7995684299834631,-1.159905056780336
-0.8003380327329643,-1.1524384608360028
-0.7994980404737841,-1.1480958419052616
-0.799735863471134,-1.141317477460308
-0.7986513712167318,-1.1369626296811688
-0.7974781587931251,-1.1326200123962171
-0.7962187947806509,-1.128297296949206
-0.7958582015796606,-1.122246198411358
-0.7943915127934958,-1.1179661366703304
-0.7928400862270719,-1.1137055642883176
-0.792123987033627,-1.1084111062579454
-0.7904120791917604,-1.1041347747718424
-0.7886411549877473,-1.0998775542796997
-0.7878175523374814,-1.0953691862080148
-0.7859414921367788,-1.0911618785601918
-0.7851306038988721,-1.0874271155449775
-0.7832103175510379,-1.0832531678337818
-0.7812774670117495,-1.079100254951637
-0.7812774670117495,-1.079100254951637
-0.7806916987685109,-1.0761811095861327
-0.7788075823459909,-1.0720502788400572
-0.7784522934869182,-1.0698372468921031
-0.7766238271028439,-1.065738650974926
-0.7748024352073599,-1.0616801863670238
-0.772983433935196,-1.0576716359373004
-0.7748361495956135,-1.060335831516988
-0.7730579711373959,-1.0563468640047162
-0.7733311668530167,-1.0557016254569707
-0.771597260263697,-1.0517820191801852
-0.7722386138241722,-1.052309049779417
-0.7704181873254239,-1.0488553407007353
-0.7711176131781186,-1.0500248543694195
-0.7692644015750923,-1.0465768810340346
-0.7674191291676856,-1.0431981806897772
-0.7656018904932567,-1.0397984462253556
-0.7668115694404728,-1.042041454694827
-0.7651191824895687,-1.0389534510245486
-0.7666160672646373,-1.0418785467276097
-0.7651359170105481,-1.0389307660822884
-0.763735778144155,-1.0360688226909427
-0.7657461975247453,-1.040249639930759
-0.7642887000484445,-1.0377259202020725
-0.7662195786312426,-1.0422761689859128
-0.76465902179507,-1.0395508146322785
-0.7630677437166346,-1.0368515588795915
-0.765630820397839,-1.0426167037858747
-0.7647720860134863,-1.0408530246459873
-0.7639499610865661,-1.0392068768467737
-0.7675951185085683,-1.047547683007
-0.7668832111632433,-1.0459885786231133
-0.7662404043347599,-1.0445444674465991
-0.7693557544219104,-1.052331437286271
-0.7689369911161967,-1.0508277324217334
-0.7683970143031026,-1.0488961856651848
-0.7677797950765972,-1.0467522061958427
-0.7739857120582343,-1.0641865094312424
-0.7736702678871727,-1.0624632505431364
-0.7735348913714728,-1.0609863302449278
-0.7764348491418113,-1.0702382315256673
-0.7763770778641593,-1.0692015927290013
-0.7763852982173745,-1.0682384621102146
-0.7792369601893401,-1.0785174114515765
-0.7795225019952401,-1.0777130540476674
-0.7798849744683076,-1.077008475264669
-0.7819830150542786,-1.0883482091027086
-0.7824019997212956,-1.0877534019986668
-0.7828896755131776,-1.0872658711534053
-0.7849802517071633,-1.0988298483599561
-0.7855209464025903,-1.0985690951660958
-0.7860997556471153,-1.0984240041745594
-0.7875492264227459,-1.1103454277387728
-0.7875492264227459,-1.1103454277387728
-0.7881361524944759,-1.1104384128829043
-0.7889073980060224,-1.123047684256307
-0.7894655160345418,-1.1233800782350227
-0.7900378196979032,-1.1238314577538908
-0.7899583067538742,-1.1366254150156372
-0.7899583067538742,-1.1366254150156372
-0.7904559243561426,-1.1373133255649175
-0.789507001297815,-1.1506354496683147
-0.7898919108166629,-1.1516197397905503
-0.7902644153403968,-1.1527597822481686
-0.7880724923660488,-1.1648763542408274
-0.7883118169272273,-1.16614919411706
-0.7885268688358698,-1.1675747333589002
-0.7887143609223003,-1.1691512533685708
-0.7855746580215973,-1.18129238524659
-0.7855970207137704,-1.1829840518017392
-0.7817490404015601,-1.1964058404475622
-0.7815516076815076,-1.1983410877776177
-0.7813074713888806,-1.2004091143079072
-0.7762752656286527,-1.2139590714818098
-0.7758720193533734,-1.2161881113766781
-0.775374795960194,-1.2185456514990727
-0.7746198071889547,-1.221095946204548
-0.7624901958081645,-1.243893002013202
-0.7621741392665125,-1.2457892395780028
-0.7544908747419625,-1.2578804776889747
-0.7528520976280973,-1.2606030127615695
-0.7510402637162019,-1.263507209251299
-0.7418955844361528,-1.2752780003619193
-0.7396769554891647,-1.2781516875096972
-0.7374020063467923,-1.2810897790114073
-0.7351398805222831,-1.2841130498300073
-0.7176991328699234,-1.3022630062340128
-0.7149843245534979,-1.3049734949720095
-0.7120327282618876,-1.3078586796559521
-0.7088831107207152,-1.3111194012064142
-0.7059977092075871,-1.3138255984442089
-0.7028938885810136,-1.3166786496956502
-0.6834772035242301,-1.3314032911113496
-0.6797718046378151,-1.3344019705996155
-0.6759941950998188,-1.3374061556773376
-0.6721489539946192,-1.3403999750337114
-0.6527726332205819,-1.3518489941591973
-0.6490421357061482,-1.354116311991752
-0.6379904956074821,-1.3593215342398697
-0.6337027804954539,-1.361466166148016
-0.6293269948411675,-1.3636183511757887
-0.6179199301823308,-1.3685593991242295
-0.6134126453926314,-1.3705947124456594
-0.6089014833881276,-1.3724909769673581
-0.6043510582121586,-1.3743324389567064
-0.5997337758254431,-1.3761297802882457
-0.5824971842031683,-1.3814923399260244
-0.5779248886900323,-1.3825490123820992
-0.568029570374506,-1.384458917578468
-0.5634444928166349,-1.385203881504801
-0.5583778232165031,-1.3863389438121674
-0.5536969458097956,-1.3872523003112542
-0.5484560453787439,-1.387946589839955
-0.5377585698820166,-1.3893847722644455
-0.5326625514051786,-1.3895728009099564
-0.5276105874817616,-1.3896424362602762
-0.5185528358644163,-1.390256460091393
-0.5135226917683162,-1.3900114719330419
-0.5085177152431613,-1.389668216322843
-0.5052832713661254,-1.390215651735083
-0.5002972784067268,-1.3897254576328524
-0.4953461294342166,-1.389154367785944
-0.48790226720569635,-1.3890242872057128
-0.4830210077861347,-1.3882348176525718
-0.4830210077861347,-1.3882348176525718
-0.47640730732691544,-1.3879429065023035
-0.47159077193092447,-1.3869300084965472
-0.4668208468015612,-1.3858246362497009
-0.4668208468015612,-1.3858246362497009
-0.4610630558011599,-1.3853781524723119
-0.45639519214869834,-1.38404268286187
-0.4514611407457691,-1.383504977987306
-0.4468892854434058,-1.3819026044033238
-0.44237824793030267,-1.3801954654809119
-0.4383221004404539,-1.3796743039007302
-0.43390492771570655,-1.3778332578450407
-0.43060514842719355,-1.3774407610636497
-0.42628703634367643,-1.3754462285385638
-0.42628703634367643,-1.3754462285385638
-0.4220344674985159,-1.3733474458372608
-0.4196154416382233,-1.3731383681253237
-0.4154839906033795,-1.37088107022312
-0.413774250851219,-1.3708597209701938
-0.40974785830519067,-1.3685024847897125
-0.40579604542997794,-1.36608486737358
-0.4049446459509566,-1.3664450258538585
-0.40115240948977454,-1.3639644131251254
-0.40080622657230414,-1.3648788997105836
-0.3966818999174099,-1.3629370637308393
-0.39265007478290737,-1.3609560669746261
-0.39265007478290737,-1.3609560669746261
-0.3929444314426549,-1.3626071901475334
-0.3890374419908288,-1.3605934471629044
-0.3899581363245649,-1.3624839098495507
-0.3861800619474169,-1.3604769280701532
-0.3824973454428088,-1.3584553436262947
-0.3824973454428088,-1.3584553436262947
-0.3843117910657422,-1.3608861542419242
-0.38076427148479264,-1.3589265687576686
-0.38322882472447006,-1.3616765332795837
-0.3798037323782777,-1.3601075466013324
-0.38312517483823877,-1.363484599422434
-0.37992825073509345,-1.361812232844101
-0.38380387735917554,-1.365419477684767
-0.38059334930666733,-1.3641454389144267
-0.3774561431897504,-1.362855989349967
-0.37439426309473123,-1.3615512180423244
-0.37908271268787497,-1.3657158700462864
-0.3761326256209213,-1.3644453408087704
-0.3813119374182417,-1.3686082884572253
-0.3784680706616434,-1.36731989808252
-0.38451872288929556,-1.37147406760324
-0.38181560299196116,-1.3701307927839548
-0.3882103640290814,-1.3744498068784716
-0.38555854982112336,-1.3734058685411243
-0.3830193615081961,-1.3725129778415963
-0.3903275793470581,-1.3771691301057163
-0.3879479522905206,-1.3763116751859086
-0.38566708200415534,-1.3754320510991302
-0.3934383600090681,-1.3798747783979708
-0.3913149348278939,-1.3790209945839993
-0.38928918336553786,-1.378142575816653
-0.39795558233195566,-1.38260283278569
-0.3961409848697157,-1.3818524080282177
-0.40519676087089906,-1.3860510603400173
-0.4035823248101076,-1.385420197366706
-0.4035823248101076,-1.385420197366706
-0.4020789784590407,-1.3848276331047642
-0.4116364233722114,-1.388856874272772
-0.41034093493482304,-1.3883774705938576
-0.42070341850059206,-1.3922368261413105
-0.4196236312378049,-1.391849670122459
-0.4196236312378049,-1.391849670122459
-0.41865875447400114,-1.3915000725788385
-0.42979091020909765,-1.3951572706900008
-0.42905524646512017,-1.3949130817795616
-0.44033829846139105,-1.3980942691316112
-0.43984797905486916,-1.3979553133597544
-0.43984797905486916,-1.3979553133597544
-0.43948151296602744,-1.3978595482475578
-0.4514589950077762,-1.4007312339947293
-0.451245087902008,-1.4006893405170293
-0.451245087902008,-1.4006893405170293
-0.46317399131729226,-1.4029846330713598
-0.46318558752091354,-1.4029799933680447
-0.4632940707421707,-1.402953307816372
-0.4758755451401563,-1.404745166558806
-0.47625253878405704,-1.4047832535337013
-0.4887598845919372,-1.4060254729517667
-0.48943161020804277,-1.4060720855949034
-0.5020237711317213,-1.4067575471424587
-0.5027986832118057,-1.4068005359870317
-0.5152886907533369,-1.4070768315005682
-0.5161084271344518,-1.4074747656368
-0.517049619203875,-1.4079310456876364
-0.5295429658427203,-1.4078173118347626
-0.5305332235682165,-1.4085118121874147
-0.5315791243070715,-1.4093141256425736
-0.543646396798372,-1.4084711647811385
-0.5448089407799925,-1.409222265554087
-0.5461122195571402,-1.4099954101787424
-0.5583109855915683,-1.4077609028067948
-0.5697023332291328,-1.404720283204437
-0.571668514896338,-1.4042338313301599
-0.5735371245972282,-1.4037555826713053
-0.5847443114966258,-1.399526907228173
-0.5866159834116181,-1.3987699116450605
-0.5971592987689639,-1.393796269156324
-0.5991440293872096,-1.3925683468391234
-0.6011318509212719,-1.391289736559794
-0.6110937720865828,-1.3853614409201624
-0.6201178238899339,-1.3792744463683548
-0.6218242090165291,-1.3775153513297445
-0.6235038470150172,-1.3757493946208725
-0.631654733873851,-1.3691887339592843
-0.6332330355317966,-1.3671978482977334
-0.6405012051809259,-1.3605675221135662
-0.6418426728911586,-1.3585667705211428
-0.6433805626626353,-1.3561839230231372
-0.6499652103655448,-1.3491741938846469
-0.6558007287771739,-1.3424288333631558
-0.6571240939362035,-1.3396321421566155
-0.6585129284070396,-1.336543590651811
-0.6636752660803704,-1.329143741456449
-0.6648490021268669,-1.3254331489684186
-0.6659242827238666,-1.3216959338306014
-0.6698420337074849,-1.314717847568337
-0.6707025878209398,-1.3107416951422681
-0.6714831151124099,-1.3067065015957853
-0.6746976520990994,-1.2994802904138776
-0.6752449446053292,-1.295314310109715
-0.6757002015427163,-1.2910937797735624
-0.6780360443412206,-1.284236991439882
-0.6782325992303952,-1.2798652301650473
-0.67832459241229,-1.2754499663188787
-0.6799228907540333,-1.26898849393337
-0.6797502042583103,-1.2644588519827413
-0.6795004623210106,-1.2603302189939747
-0.6804393230971428,-1.2544283237515146
-0.6799526532825613,-1.2498423625236361
-0.6793832224546759,-1.2452754775273698
-0.679858796429143,-1.240090702023505
-0.6791357988094338,-1.2355085100028578
-0.6793438483974047,-1.2310508236878868
-0.6785123509103435,-1.226478288039818
-0.6785123509103435,-1.226478288039818
-0.6776439700895749,-1.2219177351432355
-0.6777303117695685,-1.2182782425871321
-0.6768102146095907,-1.213753350970289
-0.67586363240409,-1.2092517612970337
-0.6758921766549033,-1.206365659861179
-0.6758921766549033,-1.206365659861179
-0.6749434564943397,-1.2019102151001604
-0.6750539898192295,-1.1999210089479142
-0.6741272519546347,-1.195536685120938
-0.6743027275893463,-1.1943262271133632
-0.6734014324256499,-1.1900693917393432
-0.6724182394883615,-1.1858774226767417
-0.6715572224946009,-1.1817459673785637
-0.6705353579726347,-1.1777527429351744
-0.672308657697215,-1.182436876993964
-0.6714225408978263,-1.178656947479043
-0.672045083604689,-1.180297583406597
-0.67124837023272,-1.1765127631970846
-0.671945298177986,-1.1789479099332207
-0.671149559632759,-1.1754937654737776
-0.6703457220410409,-1.1721066854243376
-0.6695566928198771,-1.1687855728107257
-0.6704222524028887,-1.1723497343814886
-0.6697539218796646,-1.1691597822344069
-0.6706700577391732,-1.1736439589363301
-0.67026259504102,-1.1709258391559458
-0.6711329917808061,-1.1760097017525057
-0.6707277772305658,-1.1734658352361533
-0.6703454762006851,-1.1710389852241425
-0.6714427751426026,-1.177404668241929
-0.6712089484504369,-1.1751384080487801
-0.6710366684707721,-1.173143519942607
-0.6721968058824478,-1.1804429845229294
-0.6721651572989777,-1.1784010009257568
-0.6721744314835119,-1.176453356050033
-0.672072447684824,-1.1747251275813961
-0.6736630808604634,-1.1932576460090454
-0.6737353811458089,-1.1912374452932386
-0.6738776830712616,-1.2002665908119834
-0.6739015585681285,-1.1984261877223967
-0.6740121547543236,-1.2073238126609973
-0.6744696067428373,-1.2060408909710085
-0.6742504647749078,-1.2164659662484867
-0.6746123033656855,-1.2152978773999652
-0.6748694196474685,-1.2142156305787115
-0.6739934586492942,-1.2251764627484931
-0.6742755672813724,-1.2243853576691046
-0.6728558184109452,-1.2355763575834549
-0.6732318316975536,-1.2350991094723445
-0.6736129987878333,-1.2347318519179789
-0.6716658522512718,-1.2461698171720244
-0.672017873604394,-1.2460339756120467
-0.6723663899855864,-1.2460211393066285
-0.6727097264482771,-1.246150133133996
