x,y
0.004188349832801913,0.3605955344922282
0.002427377164621965,0.361431696813529
0.0024391713156134438,0.36153184393607013
0.002509016578144934,0.3615289931874147
0.002552261710192785,0.3615263167080488
0.0025870481827941372,0.3616063645840931
0.0027130404716548574,0.3616217495807022
0.003037664993608944,0.36159807507188535
0.0034897872675818172,0.36160089799500084
0.0038804561336127086,0.36155393417946846
0.0044533199195422035,0.36155509880957665
0.0044533199195422035,0.36155509880957665
0.0048933516134093205,0.36152791978699866
0.005590060554103193,0.3615311364858121
0.006075437576065481,0.36154708024508986
0.006590095961227394,0.3616358080264501
0.00742393212843418,0.3617491015779632
0.007995418367469712,0.3618632333821417
0.008594406492143028,0.36197649015339506
0.009555976256980679,0.3620596648173942
0.009818055545595016,0.3620970960152461
0.010111694641287765,0.3620699237562423
0.00992504814077726,0.3620680014277326
0.00992504814077726,0.3620680014277326
0.010222142068347165,0.36201526856760513
0.010012255902840288,0.36201234350797684
0.009913508342436917,0.36200431927159143
0.010425947661687286,0.3619413406841683
0.010367205180940836,0.3620121831316763
0.010929279206107832,0.3619586781678415
0.010879577048427378,0.36199952482049225
0.010819112081124457,0.36204941389731965
0.011269768924135025,0.36205617375327737
0.011023060130403092,0.3621263843209987
0.011580283299070099,0.36207712283386545
0.011300573596860018,0.36217297463613135
0.011042398077264561,0.36224566757611076
0.011612375712511658,0.3621867761382121
0.011360694918015198,0.3622579454966369
0.01189867882808146,0.3621468634401967
0.011576502710010842,0.36222231300426283
0.011203438213626501,0.36233805819808446
0.011743802898854135,0.3622567737154054
0.011440548830643035,0.36230828849898994
0.012108533445378909,0.36216395870816037
0.011831824544571809,0.36223087139320453
0.011474576873921807,0.36227109650753997
0.012160833895268439,0.36215497097891475
0.011810183368519156,0.36219209966386096
0.012436091137089352,0.3620647203188845
0.012089579009289766,0.3621224353036913
0.011793870830427402,0.3621627027415508
0.012491023384676565,0.3621098614222235
0.012168375578079439,0.362157933382154
0.012940805660031227,0.3620168611137511
0.012613401089195482,0.3623348949369495
0.012256669699673317,0.36238182375465233
0.012970350595072424,0.36234411575786946
0.012970350595072424,0.36234411575786946
0.012604246175047865,0.36235053198086803
0.012209803474814818,0.3623652311521745
0.012911698059360436,0.3622300458106154
0.012458971989225104,0.36228464524412834
0.013320805742231986,0.3622058953680148
0.013320805742231986,0.3622058953680148
0.012974188819684053,0.36221960287372096
0.013656419813912312,0.3620969087136677
0.013266749067520938,0.36211620457225696
0.01287644793977119,0.3621299706389076
0.013515101810910798,0.36200381418134786
0.013119549578037364,0.36201650278163633
0.013887588594587257,0.3619067042623193
0.013524370453735187,0.361912524422812
0.013088793166570661,0.361895439392323
0.013684007340351419,0.36181722429005336
0.013251755369835864,0.36182387911520913
0.012898602320326805,0.36181531799674427
0.01401114284923879,0.36174890131566234
0.013586132704250372,0.36175131792938203
0.013185938760418946,0.3617510129453884
0.013185938760418946,0.3617510129453884
0.013837602779933879,0.3617058944180246
0.013410876766773569,0.3617094455770774
0.013030288357692096,0.3617422673639613
0.013913576026175928,0.36169967086282806
0.013726294950574758,0.361685667323771
0.013726294950574758,0.361685667323771
0.014440427255338301,0.3616805960280752
0.014149176345743298,0.3617034372612661
0.014830194800002906,0.36173908127701343
0.014545035490561672,0.36175053551895486
0.014845613654889697,0.36179089138625614
0.014550224938055379,0.3617983488632221
0.01421575324490227,0.36181715055794067
0.014907251458549948,0.36187168380625506
0.014728139552024002,0.36185032955729834
0.015426384804344329,0.3619230622195248
0.015137409212064308,0.3619456296235346
0.015137409212064308,0.3619456296235346
0.014878705292754419,0.36194923673614976
0.014702512181767626,0.36196098141039174
0.01455210978518064,0.36196015803243226
0.014381526714485473,0.3619700864911305
0.014282985309284749,0.36197126450928485
0.014212252901484722,0.3619705628036281
0.014212252901484722,0.3619705628036281
0.014147164334394568,0.3619698356389663
0.01408998747823144,0.36196934360956334
0.01408998747823144,0.36196934360956334
0.014043593151077867,0.36196886082163404
0.014005951469977925,0.3619685141385417
0.013975388464852249,0.3619682161939141
0.013975388464852249,0.3619682161939141
0.013950570431816078,0.3619679799044248
0.0153226464476041,0.36200331163859234
0.014625714254671206,0.3620195432616286
0.01570253927549322,0.3623052605168973
0.015224893214242669,0.36224043240075066
0.015830407804187412,0.3623634757116744
0.015359318611777239,0.3623310756148906
0.014956502197591058,0.36228564205709896
0.014956502197591058,0.36228564205709896
0.01543611937244134,0.3624447263953646
0.015084014074014778,0.3624357126444499
0.014920788591464403,0.3623786223703694
0.01540887209796039,0.36245479477772136
0.015335733541095159,0.3623952059209381
0.015681995222981387,0.36253667837139597
0.015644466240262354,0.3624812097036425
0.01569225895377078,0.36245513255955497
0.01597860547604832,0.3624890419183394
0.01609947450891344,0.3624085846919948
0.01626719811926298,0.36238229450964166
0.01612664488596531,0.3622917991233044
0.01612664488596531,0.3622917991233044
0.01624198501604588,0.3623954519762851
0.016146839459124096,0.3622621875003028
0.016393420175138194,0.36229638155591737
0.01645632398598184,0.3622621999629481
0.016705511002893053,0.36218115078692104
0.01669032793229479,0.3622557329718603
0.01660817240657233,0.36224808521900465
0.016710650715124856,0.36232909573649735
0.016826526877997752,0.36223616597040814
0.016990303562862307,0.36226104006742843
0.017050232229846116,0.36228186112798394
0.017050232229846116,0.36228186112798394
0.017120223361082626,0.3622506714231624
0.017085119098257145,0.36229642525981637
0.017297556393907978,0.3622971280248256
0.017244246145329337,0.36234056901483835
0.01748424748825733,0.36232949108984536
0.017703681923929366,0.3623362464565477
0.01758880588331994,0.3623503513895042
0.017738834305939193,0.3623505358685189
0.017738834305939193,0.3623505358685189
0.01756027472226062,0.3623277418796697
0.01776890882309258,0.36236531376514736
0.017855029861636063,0.36235020720798844
0.01761722081133357,0.3623355052342713
0.01788669578914593,0.3623345822883455
0.018072165618946152,0.36232811577669655
0.017543367327306412,0.3622904183347412
0.01779265621844224,0.36229149847440534
0.018082890732985774,0.3622817546820953
0.017815172849696307,0.3622174437854132
0.018134466385628163,0.36220589505061795
0.018134466385628163,0.36220589505061795
0.018514235125664455,0.3621957259132127
0.01827269504863453,0.3621194151277296
0.01827269504863453,0.3621194151277296
0.018681148123062426,0.36210941672917113
0.018414137351061663,0.36202228027630995
0.018414137351061663,0.36202228027630995
0.01883463209865242,0.3620127116606306
0.019260547384862613,0.3620028529107456
0.018509825188603786,0.36191376318934326
0.018940561544422252,0.3619046287148525
0.01937567024099469,0.3618951915959534
0.01937567024099469,0.3618951915959534
0.019032911524949285,0.3617895977902967
0.019475953982048027,0.3617805970233767
0.019475953982048027,0.3617805970233767
0.01991894084664942,0.36177127690518723
0.019509399925706824,0.3616575345357136
0.019509399925706824,0.3616575345357136
0.01993848623023006,0.36164824631751175
0.019483351091693947,0.3615303172682039
0.01994711458086314,0.3615121613359192
0.0204149702053373,0.36149540536375074
0.019973315178862167,0.3613749118682885
0.019973315178862167,0.3613749118682885
0.020480401068002255,0.36138517621393607
0.02004345418067402,0.36127828685841945
0.020555779288403804,0.36128268665944446
0.020555779288403804,0.36128268665944446
0.020068474641278602,0.3611738793025511
0.020585156006740633,0.36116996319072864
0.02110431146131525,0.3611645523883076
0.02061594503726763,0.36105267510426553
0.02061594503726763,0.36105267510426553
0.021138937499447903,0.36104810605597415
0.021663379349859423,0.36104319395217177
0.02113093386010116,0.36093708289802084
0.02113093386010116,0.36093708289802084
0.021657188971933854,0.36093321018500674
0.02112765975765827,0.36083624016710253
0.02165445856994295,0.36083340658756063
0.02165445856994295,0.36083340658756063
0.021084193334874282,0.3607451964184809
0.02161140661074952,0.3608041402581523
0.02205463089770087,0.3609374986433041
0.021487252549119554,0.36094306246201385
0.022554705796326856,0.36102144085144167
0.02193443400734876,0.36100878557176436
0.022416321036912087,0.36104748519047153
0.022416321036912087,0.36104748519047153
0.021740002037506978,0.36100375577290933
0.02228192450308885,0.3609807040125301
0.022770740177301324,0.3609723502020539
0.022121639194101702,0.3609456740098123
0.022121639194101702,0.3609456740098123
0.022607412486541627,0.3609467463511587
0.021983970366620857,0.36092917367555405
0.02246120958758438,0.3609154288942605
0.02246120958758438,0.3609154288942605
0.021818638917842352,0.36089805419378107
0.022286568368521123,0.36086769347494563
0.022749504000806664,0.3608331302718737
0.022129827449730122,0.3608204883957846
0.022654921900841656,0.3607723486775116
0.02314162830805585,0.36072331669695
0.022061390987355517,0.3607647547001153
0.022553917360736746,0.3607202126332393
0.02304825964036585,0.36066899810043257
0.022494891447256263,0.36067674547520145
0.022494891447256263,0.36067674547520145
0.022966381788991234,0.36062888171603585
0.02342565062545667,0.36058200451241973
0.022843353494173935,0.36060259351427126
0.022843353494173935,0.36060259351427126
0.023278249119503967,0.36053603273861806
0.022721535605641115,0.36056113798607564
0.022721535605641115,0.36056113798607564
0.02313093444454689,0.36049682685543843
0.02352708835119812,0.3604334446774994
0.022946502069622312,0.3604806017990616
0.022946502069622312,0.3604806017990616
0.0233155027755987,0.360420765247424
0.0227638314011036,0.3604813176513076
0.0227638314011036,0.3604813176513076
0.023104726686827663,0.36042580356924864
0.023432960478354834,0.360372519939052
0.022870826595716844,0.3604564871982794
0.023253962675214842,0.36040764560270466
0.023253962675214842,0.36040764560270466
0.02277611903542105,0.3604948059741086
0.023514537754663747,0.36031718280213465
0.0227296067282327,0.3604710236958679
0.022994703918504302,0.36044497193177505
0.0232619672249618,0.36041608859850405
0.02286142879434703,0.36054100016543394
0.02286142879434703,0.36054100016543394
0.023141316092871615,0.3605135150518702
0.02342350208741402,0.3604966909428524
0.022950829407869567,0.3606494567960966
0.023139341934814026,0.36056511626652804
0.022711676385580047,0.3607102206034227
0.022711676385580047,0.3607102206034227
0.022863071814927437,0.3606837855794781
0.022521904927966727,0.3608089881659347
0.022739080411288578,0.3607390021988749
0.02295658123346528,0.3607236994890082
0.02264722138282485,0.3608574176483755
0.02264722138282485,0.3608574176483755
0.02274952222054824,0.36084736910257775
0.02245802461637321,0.3609868955718315
0.02277331458957737,0.3609620080365603
0.023063146448737235,0.36098626869956807
0.02287914475188286,0.3611595192184281
0.023055384474910772,0.36115248620049284
0.023181844363254128,0.36119673084140663
0.023036524589999698,0.36137835707064475
0.023036524589999698,0.36137835707064475
0.023313423556570786,0.36138397058785826
0.023224875810472816,0.3615892205559914
0.023339577348345256,0.361640798654819
0.023292646286066917,0.3617846304090639
0.023393700427709614,0.3617844174343847
0.023480813023843087,0.36178459524301687
0.0234679258084979,0.3618875930626474
0.0234679258084979,0.3618875930626474
0.023527134630908112,0.36188651500407343
0.02357249579363844,0.3618856678181004
0.023557854190726257,0.36197343695698925
0.02358921943827514,0.3619731102828986
0.023606664747927296,0.36197498835160186
0.02382386292258796,0.3620437829530664
0.02398498235534537,0.36209755646391995
0.02403372459372547,0.362137015009842
0.024274472332499034,0.36221210097445256
0.02444780011412924,0.36222553232622984
0.024811053381823087,0.36229650649668194
0.02495399917183376,0.3623758936460368
0.024959519417514647,0.3624193625414962
0.025392619672258695,0.3624604940749254
0.025481570526230478,0.3625312071206429
0.025805911218358128,0.3626494656051273
0.025810633651236092,0.362756256421924
0.025856174612544774,0.3628493898144781
0.02628754536852277,0.36290194672613013
0.02631326611342967,0.3629599927567606
0.026772659588145162,0.3629254391121406
0.026724216979937054,0.36292837824143465
0.027108312044620563,0.36286141066746863
0.027035279610803858,0.36285957427008286
0.026995457066828453,0.36290792943015265
0.027447980187370574,0.362935263930687
0.027408391321545274,0.3629893216918346
0.027881409702939508,0.362943154389264
0.027872023739798236,0.3629543731169219
0.027901008731543147,0.36295703108913435
0.02835580810538981,0.3628517497890916
0.02809608834916461,0.3628805220364611
0.028533717300532144,0.3627678883453977
0.02830839424208237,0.3628254234649526
0.027992014000953226,0.3628947577347878
0.02846642943237447,0.36274530821561196
0.028245842380300132,0.36278034989012775
0.02800196207955929,0.36290913882908515
0.0285857228941016,0.362836355808122
0.028387101352473736,0.3629154818809356
0.02889270432194425,0.3628544757988877
0.028597581680632533,0.3629349274903834
0.028597581680632533,0.3629349274903834
0.029216724015797866,0.3628008028208344
0.02884976541219325,0.36287625382943195
0.028582677588651392,0.3629255184229941
0.02916306995101674,0.3627969861334361
0.028820747635230244,0.36287648476320744
0.028489417420960585,0.3629371059579131
0.02947851395921849,0.36273142445681517
0.029134523522691795,0.3627467588625015
0.028784665273742002,0.36277930154128946
0.029482043429610923,0.3626232115418031
0.029138004798827388,0.36266839600513384
0.02879318211108608,0.3626979540393631
0.029488396570144126,0.3625277307880091
0.029488396570144126,0.3625277307880091
0.029192840928022552,0.36256775940418495
0.029851391701856585,0.3624299894109712
0.029482482433986962,0.3624427048082528
0.029095704353718235,0.3624872310731099
0.029799396323564396,0.36236072411414605
0.02933162852484186,0.3624270448430175
0.02933162852484186,0.3624270448430175
0.02996101490157112,0.36233979742865047
0.02955984694761538,0.3623888622636814
0.029162606496033187,0.36241915853989715
0.029833207902405526,0.3622776585060883
0.029833207902405526,0.3622776585060883
0.02940189086360954,0.36230816304968544
0.030071780311971302,0.36218675162929154
0.030071780311971302,0.36218675162929154
0.029649833697092294,0.36221644993150776
0.029226863985790233,0.3622404104232641
0.030342317219909785,0.3621035185224607
0.02991882371681931,0.36212213774930807
0.02991882371681931,0.36212213774930807
0.029494838511711155,0.3621399054657877
0.030160306242154877,0.36203960479759417
0.030160306242154877,0.36203960479759417
0.02973634121390451,0.3620581701404227
0.029312700696061216,0.3620762152655788
0.030417905295123306,0.36197430003277964
0.029994993040053576,0.36199356638454644
0.029994993040053576,0.36199356638454644
0.02957293069616195,0.3620123184767135
0.03022325343356634,0.361949056043105
0.029843874794209288,0.36197060168022993
0.029408480398774008,0.36201041691442054
0.03011807531491696,0.3619752721301186
0.029742689815384363,0.36200601372885066
0.03047150628801102,0.36201478289436617
0.030151034816668726,0.36205361383959656
0.029868919350295182,0.3620755965628393
0.030540990294998162,0.36207122619364734
0.030216381697307008,0.36209836656406286
0.03096400667045495,0.362109957802358
0.030710902979733355,0.3621125467536198
0.03030738312311228,0.3621509775225761
0.030856059216280245,0.36219980508648736
0.030856059216280245,0.36219980508648736
0.030561504671920144,0.36221083852197156
0.03132404975312773,0.3622490469375918
0.031113700413661155,0.36225867977892995
0.031113700413661155,0.36225867977892995
0.030818486529973422,0.36227562547188535
0.03140028572970063,0.36233238065123974
0.031062528129039226,0.3623737823331238
0.031525415321787056,0.36245301743236025
0.031525415321787056,0.36245301743236025
0.031194081246011533,0.3624589388363313
0.03168832168012528,0.36251665706302144
0.03138325641510352,0.3625146999530011
0.031109394320269868,0.3625116850480154
0.03157401952779571,0.3626130804701192
0.031326141221664966,0.36257066253971787
0.031086259696375455,0.36253058364363355
0.03177584436877777,0.3626255191216754
0.03153536577038398,0.36258744969019424
0.031267890500653886,0.362577482728208
0.03162152860343462,0.36268203708928387
0.03162152860343462,0.36268203708928387
0.03135569153419797,0.3626843605723599
0.03109096311454374,0.36268677150526063
0.0313977619300661,0.36279914738548075
0.0313977619300661,0.36279914738548075
0.031135544203470138,0.3628019460449983
0.031373721878048794,0.36291536953485387
0.031114462559388087,0.3629182520249881
0.030959568743016613,0.36291045656275805
0.031370245109621206,0.3628631369807946
0.03131426445045314,0.36274760623394015
0.031645852298307554,0.3627673051689107
0.0315415783278767,0.3626372333831919
0.03146588250916068,0.36260381570449585
0.03175345750334312,0.3626922123180077
0.03183172914115316,0.3624995874082108
0.03206803958345262,0.36237608168857094
0.03206803958345262,0.36237608168857094
0.032079810285177826,0.36229889148733
0.03234761647714968,0.36231523737865007
0.03240113923725404,0.3622051556964765
0.03237217032261985,0.3621909572337752
0.03251204528117652,0.3622712666398851
0.032464439969955586,0.3622300582247746
0.0325050585293981,0.3622006542411337
0.0326185801920742,0.3622682686183304
0.03277883637627785,0.36229277731606563
0.03288502238000761,0.362351815144707
0.03288502238000761,0.362351815144707
0.03307813107624516,0.3623552716571756
0.033068124351948724,0.3624369753600171
0.03322014012274424,0.3623885896678009
0.03341306495328234,0.36233067157919596
0.033423607430318476,0.3623487650999807
0.033423607430318476,0.3623487650999807
0.0336443061975346,0.36233511495901993
0.033578541021311074,0.3623664703573423
0.033701739115899194,0.36235703086013865
0.03380542634484196,0.3623341263745471
0.033636256324667935,0.36232394219556285
0.033636256324667935,0.36232394219556285
0.03387687712405286,0.3623108025999279
0.034138934269180216,0.3623089696576768
0.03396274048594506,0.36229941102559554
0.03396274048594506,0.36229941102559554
0.034254543194114126,0.36227353588860445
0.03401114866636247,0.3622596813908855
0.034203702420660634,0.3622489465794893
0.03391400986660907,0.36221317168519984
0.0342981882272176,0.36217329235673923
0.03470049277964049,0.36217989173751514
0.03470049277964049,0.36217989173751514
0.03452724503125941,0.3621276560060724
0.034875209802482036,0.36210670366755576
0.0351669959022236,0.36208808726166497
0.03452399191290927,0.3620479658073403
0.034808771292027814,0.36202851312022616
0.03511355009978878,0.3620069717164499
0.03511355009978878,0.3620069717164499
0.03476248891989324,0.3619332865165125
0.03509718252304933,0.3619090144535697
0.03509718252304933,0.3619090144535697
0.035433279989201906,0.3618843263552373
0.035017874188621026,0.361800583482964
0.035017874188621026,0.361800583482964
0.03535648285431878,0.3617758473872521
0.03491119172230528,0.3616850678039914
0.03491119172230528,0.3616850678039914
0.03525127555193281,0.3616604038077774
0.03559449865949323,0.36163543386154323
0.03474369013503188,0.3615627207498481
0.0350942358749419,0.3615384052058528
0.035451951947961136,0.36151385897824473
0.035451951947961136,0.36151385897824473
0.03494190572564485,0.361413736810985
0.03539360683605855,0.3613826455386334
0.03489301149200753,0.36125977175948365
0.03533852976277383,0.36121381639555966
0.035802994976361135,0.3611956747977348
0.03534592700039521,0.36107538837592396
0.03583792000611109,0.3610501685660095
0.036329616260797185,0.3610268585289091
0.03532341392646701,0.3609528883595309
0.03582073081699061,0.3609305535462775
0.036343840349053885,0.3609080210680769
0.035856364197282754,0.36081748232231575
0.03638384515786397,0.3607957294012216
0.03638384515786397,0.3607957294012216
0.03585117256367035,0.3607113592297952
0.036380852667835306,0.36069068765392753
0.03691067929185773,0.36066957244871306
0.03691067929185773,0.36066957244871306
0.03638166372468447,0.3605950847728772
0.03691045184506951,0.36057428925277657
0.03743835981833055,0.36055316772916574
0.036890263084381175,0.3605202212865969
0.03744619320005536,0.3605199395114442
0.03689071772657187,0.36054738439608136
0.037371963210991066,0.3606286621543381
0.03783584804503056,0.3606702137040917
0.0371501649814929,0.3606523342315974
0.0371501649814929,0.3606523342315974
0.037596046192966345,0.36064774686372497
0.03747437139339575,0.36063082232713195
0.037893803558066555,0.3606772006976877
0.03720758486913045,0.36070353458662985
0.037641889942189755,0.36074099286471717
0.03697548190655304,0.36073984622179395
0.037425187990308265,0.36068506231457487
0.037425187990308265,0.36068506231457487
0.036784342228910374,0.36068379815963314
0.03725047227670545,0.36063394611693933
0.037711656008330194,0.36058401024840064
0.037094182797194314,0.36059868550711566
0.0375845430749838,0.3605546338680865
0.03807279768079788,0.3604797444439866
0.0369963346525537,0.3605634813432264
0.037471132465500545,0.360489712154559
0.03793054765891214,0.3604319604127407
0.03739731573527894,0.36045277134789755
0.0377584461529284,0.3603982297876897
0.03714856399867821,0.3604031238022892
0.037573807937280074,0.36029624029669394
0.03802557851320118,0.3602073714329077
0.03753950256005108,0.36026780464805447
0.03799205533410583,0.360200154573417
0.03799205533410583,0.360200154573417
0.037427293379563624,0.36026193526008504
0.03780699383723478,0.3601772981844106
0.03817291433594787,0.3600939677175721
0.03817291433594787,0.3600939677175721
0.03762411512946991,0.3601689211761971
0.037961963716741626,0.3600899349896431
0.03828721989379871,0.3600133690657933
0.03772845770702531,0.3601109992000687
0.03772845770702531,0.3601109992000687
0.038097579056292366,0.36005261248355797
0.038097579056292366,0.36005261248355797
0.038486459095931035,0.3599611473496774
0.0377718897376709,0.3601227394975773
0.0377718897376709,0.3601227394975773
0.03801276275358445,0.3600868582333897
0.03747738764881203,0.3602386615336314
0.03747738764881203,0.3602386615336314
0.037697827488964365,0.36020592174157995
0.037907902270261334,0.3601740525245824
0.037187685183336164,0.3603664543250969
0.037387487685262934,0.3603360820138966
0.03757680117178538,0.36030663887378434
0.03710599913544274,0.36046806104392415
0.03710599913544274,0.36046806104392415
0.037274227260748874,0.36044582971354644
0.03743174865157478,0.36042652630610017
0.03683136894754165,0.3606180035306226
0.036978163628193596,0.36060007203453764
0.03711409185202529,0.3605828759738745
0.03711409185202529,0.3605828759738745
0.0367097033441007,0.36075024669296907
0.03682371315026039,0.36073497435689866
0.03682371315026039,0.36073497435689866
0.0364524333607086,0.3609027338622244
0.03654424586750694,0.36088933446650073
0.036665180756382185,0.36087152681486984
0.036638902835683544,0.3610013020319876
0.03689080309695472,0.36099786853916516
0.03711690578557588,0.3610311193332811
0.03693993547218821,0.36118443996348015
0.0370890036792749,0.3611830340889126
0.03700450435696349,0.3613403442762192
0.03721447651054855,0.3613381558752102
0.03740122809827428,0.3613322366005169
0.037193420661942596,0.3614731667331635
0.03732299854857249,0.3614668214358419
0.03743602965775505,0.36146161939789156
0.037398069025862915,0.36157800851234
0.037398069025862915,0.36157800851234
0.03748319376927715,0.3615742550550694
0.03755456407802088,0.361569459283012
0.037487356324600624,0.3616739165947552
0.037545616541317925,0.3616708597294817
0.0375908685143059,0.3616691891072149
0.03762280440803151,0.36175072133112346
0.03762280440803151,0.36175072133112346
0.03785938102719842,0.3617764275378366
0.03793124560417129,0.3618391266278137
0.03814342124917643,0.36178761389715003
0.038375906193374026,0.3617531702483698
0.03873018675658188,0.3617597638094171
0.038946082239118225,0.36177684168365287
0.039153944661841654,0.3617480588586827
0.039491730237808796,0.3617407656535035
0.039504122229541694,0.3617334399453011
0.039682583234219984,0.3617351638120873
0.039682583234219984,0.3617351638120873
0.039579180915870545,0.3617450900109368
0.03946330430309387,0.3617575385986669
0.03967482694404191,0.36173897106427455
0.03967482694404191,0.36173897106427455
0.03953418714949785,0.36175399724911667
0.03977379310351676,0.36171453180887797
0.039608746117146466,0.36173163427002875
0.03943162764244405,0.36174960757128855
0.03970808114970968,0.36168865633892494
0.03970808114970968,0.36168865633892494
0.039507193355394286,0.36170864320498985
0.03990873968292528,0.3616266878281514
0.039797802129516405,0.36162231321773536
0.04026702852715426,0.3615257736597195
0.04008180230819877,0.3615812560847472
0.03996729114185845,0.3616228288992646
0.040521496878102324,0.3615012167648174
0.040326852024685965,0.36152277664517607
0.04015724393049595,0.3615851616256017
0.040610268408249627,0.36147840222844824
0.04037464566850769,0.3615088114607643
0.04037464566850769,0.3615088114607643
0.040869719999766976,0.36136369159030574
0.04062089454140605,0.3614063042880883
0.0403593215350656,0.36151699570559565
0.04104172725045166,0.3613938496329986
0.04086081450892838,0.36139920338321346
0.04150485627929462,0.3612421405432886
0.04128907975539163,0.3613337065734957
0.04102047512464358,0.3614225853110937
0.04190862998553045,0.36119703665899755
0.041280251220214795,0.36130778667452046
0.041280251220214795,0.36130778667452046
0.04183759731771171,0.36112947218284347
0.041499863222398244,0.36124958604307966
0.042199338073298315,0.3610965661317955
0.04199192157175549,0.36120075309310085
0.0416751742680902,0.36129286211427336
0.0423309908816703,0.3611165504726521
0.04198223639882626,0.3611868550776549
0.04165165745973934,0.36123519669323195
0.042672830017984234,0.3609922953764642
0.04237020577333882,0.36111330808915054
0.042033023993338706,0.3612211878889569
0.04269725559233051,0.36105463370389507
0.04233139739358493,0.36110328371437456
0.04233139739358493,0.36110328371437456
0.0419603248424613,0.36114866303093357
0.04264957197091692,0.3609585152355808
0.04264957197091692,0.3609585152355808
0.04227155099523246,0.3610017735198797
0.04296691313099567,0.3608487781503813
0.04258667863274791,0.3608947234252703
0.043331226510427104,0.36071032895627203
0.04294894497404178,0.3607511938488084
0.04255617439728726,0.3608134613545493
0.04318204298523963,0.36066965574194043
0.04269509818557957,0.36070897463050194
0.042291138042190216,0.360753293168906
0.04293178805888441,0.36059831503511114
0.042606878309689664,0.3606396649631239
0.04326236876022012,0.3604995593118777
0.042902017744781376,0.36053130411852025
0.04257696290110336,0.3605455037466768
0.0433636028421597,0.3603966223582206
0.0433636028421597,0.3603966223582206
0.04303924229636943,0.360406745615445
0.04379599278255011,0.36032741004741703
0.04339544915690635,0.3603601303647712
0.04284678198650301,0.3603966337599611
0.04352593901812101,0.36031373709284625
0.043273817825487254,0.3603202541554003
0.04410254420424026,0.36025363403787586
0.04384259843386916,0.36030099430885604
0.043525243293265375,0.36035033210292244
0.04423522359448065,0.3603113014661625
0.04391510515032852,0.3603549640422047
0.04468742258989153,0.3603241232291025
0.044414902763066456,0.36034003027418027
0.044414902763066456,0.36034003027418027
0.045153608653823986,0.3603068997602474
0.044873959325210586,0.36033331818553577
0.044470278656023224,0.36039093021837515
0.04511162887732703,0.36039543109785327
0.04485754577297263,0.36042905015902293
0.044618918128613,0.3604232642963744
0.04529526835853337,0.3604454816528316
0.04505480123785202,0.36045980766551255
0.04505480123785202,0.36045980766551255
0.04567233711670888,0.3604898807491708
0.04542729072703201,0.3605119698702138
0.04562721454514057,0.3605459799359702
0.04562721454514057,0.3605459799359702
0.04533452228323177,0.3605099802418886
0.045863547447897175,0.3605423383125746
0.04553912194706337,0.3605684695389599
0.04523538048618725,0.3605748311959996
0.04580428859981969,0.36065561990153505
0.045599580412396326,0.36065372345440005
0.04600850771257684,0.3606456804263764
0.045772819879991114,0.36064678550416956
0.04546620068899108,0.36061543001025564
0.04588453269247561,0.36073615607489273
0.045688509351054604,0.36076994036210547
0.045688509351054604,0.36076994036210547
0.04602322387937994,0.36081161094270287
0.045769724084907384,0.3607748782815337
0.04548128360851774,0.3607766986930763
0.04569025581040534,0.3608409730099642
0.04563527367599561,0.36077948286487377
0.04585945221246166,0.36067197423212927
0.04585945221246166,0.36067197423212927
0.04572832792882186,0.36059289081743534
0.045637927859886296,0.36054102743652167
0.04596002940700284,0.3606006746864747
0.04596002940700284,0.3606006746864747
0.045906520878661906,0.3605660093578526
0.045906520878661906,0.3605660093578526
0.046101568704315324,0.3606321303870179
0.046005244735165624,0.3605997244538775
0.045919001272082594,0.3605674540034797
0.046146554266094236,0.36066715515482867
0.04607038736714071,0.360635218290173
0.046004352624960596,0.3606034083616326
0.046004352624960596,0.3606034083616326
0.04610400360588637,0.36066489273402647
0.04605827362058676,0.36063345083514664
0.04605827362058676,0.36063345083514664
0.04602272477492188,0.3606028003149752
0.04608163610274327,0.360668381761784
0.04608163610274327,0.360668381761784
0.046066455739497546,0.3606520025244962
0.046076314652470515,0.360724727826923
0.046076314652470515,0.360724727826923
0.046081651036933374,0.3607231946899439
0.04613429157231211,0.360781167217362
0.04626601982137414,0.36074717529176337
0.04640968191852864,0.3607382751525806
0.04642103919954628,0.36074932517839087
0.04651863364685521,0.3607227470650923
0.046592856921506706,0.36070121284327383
0.0463913328822053,0.3607561622870943
0.04654335234659919,0.36072401168664614
0.046642538280552925,0.3607319385522742
0.04650456911772696,0.3607326321675948
0.04679556036017765,0.3607258997999533
0.046618218142957,0.3607679233250474
0.046771040406883596,0.3607375338368673
0.04694166298929526,0.36071752913386
0.04678338800408206,0.3607484830005922
0.04678338800408206,0.3607484830005922
0.047014635995750245,0.3607131754885415
0.04727209036783081,0.360702556353668
0.04689227343073367,0.36068574441024953
0.04722539021342531,0.36064823706966814
0.04707730678106489,0.36060805435613663
0.04741109551192629,0.36057410377286386
0.04741109551192629,0.36057410377286386
0.047307268429109164,0.3604969202413313
0.0479797691049131,0.3604180551623472
0.048666506406077545,0.36033839247706795
0.04848650266638406,0.3602817699913632
0.04848650266638406,0.3602817699913632
0.04885407127490168,0.36024602763319036
0.04922985305564774,0.3602094334842675
0.04889748673311653,0.36014750197947615
0.04889748673311653,0.36014750197947615
0.04927889175437429,0.3601098542379641
0.048919542415081056,0.3600410280199371
0.04931404588527658,0.36000346444493214
0.049720668882999,0.35996479444530205
0.048905378752151174,0.359929624366935
0.04935295567475209,0.35989159635030205
0.04980629496768717,0.35985285924400334
0.049421255626504,0.35977600544402116
0.049421255626504,0.35977600544402116
0.049883185336660155,0.35973706216698864
0.05034827048848929,0.3596974372828725
0.04997433697045287,0.35962203655504515
0.05056996041198543,0.3595845382899166
0.05017993858680271,0.3595219691753974
0.05071348669305768,0.35947798237235085
0.05118636776216977,0.3594395632325565
0.050850782643653517,0.35938524905093083
0.051426233569462874,0.3594103357517161
0.050921237548135795,0.35939347433498514
0.051360864522133516,0.35941516980448285
0.05186431654305931,0.3593907921519621
0.05136175258848487,0.35935431936846923
0.05186331181358742,0.35933020482884626
0.05131938404312455,0.3592720018362251
0.051850973821436636,0.35922815951714576
0.051850973821436636,0.35922815951714576
0.05127831501323154,0.35917985847586203
0.05178212293498913,0.35913913573592626
0.052283378318933114,0.3590981172286476
0.05176303457194194,0.3590638079490239
0.052274439317446936,0.359005422913724
0.0527441961443809,0.3589497320219122
0.052246395483923874,0.3589241404603198
0.05274874573455551,0.35889548130111887
0.052219466512218975,0.3588849707805908
0.05268553509319658,0.3589311411504881
0.05318268180892839,0.3590036643524663
0.05257619077259442,0.3589957255212777
0.053045245357176515,0.35899451275354405
0.05235635488823931,0.3591071755928959
0.05285755531016184,0.3590946756392885
0.05328518289808662,0.3590758379427663
0.05261658030932713,0.3590875070218993
0.05309714620009184,0.35903637985126124
0.052451387474214406,0.35912633914163195
0.052894730545202315,0.3590825380470458
0.053343013657220634,0.359062596753013
0.05269185589884588,0.3591153047121584
0.053157213933403925,0.3590388357354918
0.05262218031690742,0.35906962393447955
0.05318100685903721,0.3589381784606232
0.05365601540755945,0.3588472962152949
0.053039644780026166,0.35890517266991273
0.05357418613466228,0.358782436510172
0.053045339127480516,0.35883993117683927
0.05347679250252716,0.35872707371569934
0.053785910106199555,0.3586208785931399
0.05332664539301598,0.3586604407118936
0.053891652581163116,0.35852233306031334
0.053348824566258876,0.3586042312179471
0.05375005147428273,0.3584439806811702
0.054117101899538056,0.3582926479758093
0.05353680557357805,0.35833658236350774
0.05386145847485843,0.3582431287468171
0.05352191519589805,0.3582901652621519
0.05384938960481103,0.35813563577214524
0.05424750346681624,0.35801384780294093
0.05387494782197212,0.3581485203006459
0.05428095859237628,0.35803120236506997
0.05428095859237628,0.35803120236506997
0.05409376308154873,0.357987043137876
0.05409376308154873,0.357987043137876
0.05397623347521129,0.35793720003968665
0.05397623347521129,0.35793720003968665
0.05418226808793816,0.35778616611880926
0.053764706764756996,0.3579427180655605
0.05395662457164047,0.3578157937082139
0.05418885558896604,0.3577425985200364
0.05385404978298608,0.3579152269495154
0.05385404978298608,0.3579152269495154
0.05402728792637517,0.3578835635421905
0.05378109906065255,0.3580250155263903
0.05405497101464416,0.3579408429042257
0.05420537654424687,0.3578270501317632
0.054054848476689565,0.35802519344090533
0.05428339177300005,0.3580218609713464
0.05410408972592633,0.3582025188948799
0.054346313951456886,0.3581799570189339
0.05456377207072838,0.35817164893662
0.054620078005076275,0.3582990922379504
0.054817689357170414,0.3582994234183926
0.054817689357170414,0.3582994234183926
0.0547026619760077,0.3584618010493612
0.05490649734732696,0.3584522248734264
0.05484779095430183,0.35861162433955274
0.05498304875224317,0.3586104228145063
0.05503412275748357,0.35862178868961314
0.05506942650066992,0.35872470755419894
0.055301971176207096,0.35871712412783546
0.05541860502745348,0.3588021923986335
0.05552336632547387,0.3588418266983454
0.0557673616430452,0.3588068985439314
0.05593072059762203,0.3589210571603341
0.05609953125463327,0.35899617139719214
0.05625414908290861,0.358981221533624
0.05656067428938252,0.3590082012336387
0.05663866175116454,0.35901242615686113
0.056722709944198535,0.3590994788699833
0.05673970986140689,0.35912596948767855
0.05715708829019975,0.35912385507189326
0.05715708829019975,0.35912385507189326
0.05712960811425284,0.35913864252789773
0.057535630741287674,0.3592287213156045
0.05749356795319028,0.35933945440986453
0.05783479295290707,0.35942217218072564
0.0579627028511885,0.35950414040907125
0.057889428070159406,0.3596003398881343
0.058349567021221044,0.35962675476709155
0.05825522315701757,0.3597042599401057
0.058717803617538956,0.35960121621237134
0.05853832646050948,0.3596222683688574
0.05838090482428513,0.35968461321705636
0.05885060684029046,0.35953119436966713
0.05875975763365138,0.35961371638086437
0.059241126273930474,0.35963087696647955
0.059055374493012174,0.35970211219069986
0.05885888669584028,0.3597786390237273
0.059319924348775005,0.35965360764570226
0.05914556208481457,0.3597845566110312
0.05966507061783929,0.3596566468539858
0.059464514343321555,0.359758969000009
0.05927826258176698,0.35990195951731263
0.05970778582041489,0.35977231126206444
0.059464933155307584,0.3599232289111848
0.059252735958790825,0.36007426604818976
0.059728356617604735,0.3599833228279655
0.05946827269772244,0.36009674658656676
0.0601723858468743,0.3599279560269135
0.05986500318211726,0.36005531197695034
0.05961992873160786,0.3601670132127769
0.06016433118383048,0.3599660032144316
0.06016433118383048,0.3599660032144316
0.0598853190863912,0.3600500344925448
0.0604213952645241,0.35985384598173376
0.060099110176947676,0.35995461263276324
0.06067452870563649,0.359832717511828
0.0603086769265498,0.3599371464665596
0.059970006956870624,0.36001755178726147
0.060553812023515695,0.3598287497206564
0.060189823397458916,0.359893377925957
0.06087541709543738,0.3598046056995348
0.06056290747832645,0.3599412887108565
0.060252909945875587,0.3600184671702194
0.0609184480373271,0.35985264592133814
0.060507945166601,0.35993002709739197
0.0601148433184112,0.35997003928243576
0.06084737257340639,0.3597729551266038
0.060486564248023726,0.3598221723522532
0.06114834126464769,0.3596221353559626
0.06114834126464769,0.3596221353559626
0.06079061187145,0.35968138909396663
0.06140997206718037,0.35949418420588525
0.06095973534692335,0.3595717443909995
0.06049012186963486,0.3596366474218116
0.06116055684343456,0.35947064533211726
0.06071549540196453,0.35953756715430457
0.060254022204960005,0.3596031946008909
0.06137769143701439,0.3593566712820889
0.06086828618665622,0.35947587480952414
0.06044296099226765,0.3595421103623521
0.06105416185540938,0.35937279180019643
0.06053760598427714,0.3594593142910237
0.06000064299753767,0.3595207355219617
0.06058621935671034,0.3593433330398353
0.060068534341584164,0.35937397067502064
0.060068534341584164,0.35937397067502064
0.060637732581251526,0.3592261057908341
0.06019272237990066,0.35926591645790606
0.059751883555894315,0.35931038966287987
0.06046252093690643,0.35920686942563557
0.06046252093690643,0.35920686942563557
0.060144602786336196,0.35925537822432013
0.06092704999088941,0.35917358086159595
0.06058545155991194,0.35922384402042096
0.06022572037722183,0.359284928727857
0.060950030993450574,0.3592137110557589
0.060950030993450574,0.3592137110557589
0.060651068725565666,0.35926894480657107
0.061356448533632854,0.35921770060967334
0.061356448533632854,0.35921770060967334
0.0610627778064802,0.35927202005761555
0.0610627778064802,0.35927202005761555
0.061763893999196295,0.35923888726172204
0.06146038890005704,0.35928554094057613
0.06146038890005704,0.35928554094057613
0.061149619403087344,0.3593306524388679
0.06177836624814004,0.3593061905496296
0.06177836624814004,0.3593061905496296
0.06146424019144264,0.35933964499853727
0.06116854118300871,0.35937511019060087
0.06180338801014207,0.3593718849722847
0.06147448055635562,0.35941887336324196
0.06147448055635562,0.35941887336324196
0.062049472474091684,0.3594308098569875
0.061760554824256055,0.3594720487886064
0.06237718552727864,0.3595035584550915
0.06214631741749668,0.35950714974590053
0.061817337600833855,0.3595135126645527
0.06229836917864445,0.35954749271915554
0.06195450932812265,0.35956913775837024
0.06163200413042108,0.3595956323745347
0.06205714762598311,0.3596212405509842
0.06171901847601634,0.35962536861691996
0.061435345683510105,0.359606089270416
0.06211087809893272,0.35964435727981076
0.061834004116393386,0.359644999969232
0.06155775425019277,0.3596624958979326
0.06191035756419924,0.3597417191773459
0.06191035756419924,0.3597417191773459
0.06163577922766713,0.3597680845098987
0.061919306361433474,0.35985543408780607
0.061647054863182546,0.3598815193335677
0.061647054863182546,0.3598815193335677
0.061879027213857164,0.3599798090546477
0.06160977664410414,0.36000550728562464
0.061508363873642447,0.36000240711634157
0.06179975590012292,0.35994659057341377
0.06164647308765162,0.3598800957928786
0.06164647308765162,0.3598800957928786
0.06191319101866973,0.35990972669947086
0.061808585361909606,0.35987621424841093
0.06169691605823412,0.3598340601855338
0.06169691605823412,0.3598340601855338
0.06189223672433596,0.35988165107477527
0.061800240359571344,0.3598495552020304
0.061800240359571344,0.3598495552020304
0.06194883849740998,0.35991028981354206
0.061876652767972364,0.35988270449578164
0.061876652767972364,0.35988270449578164
0.061814476845567255,0.3598547601359972
0.061921337655483716,0.35991222159432046
0.061921337655483716,0.35991222159432046
0.061879254230458744,0.35988370495235966
0.06184725032853574,0.35985492386142515
0.06193523221142043,0.3599410316826166
0.06191331437522689,0.3599119044594103
0.06190149112086617,0.3598863150693765
0.06191820279900087,0.3599482151662705
0.06191820279900087,0.3599482151662705
0.06192675503096968,0.35993783398758294
0.062026997883192284,0.35989869296019267
0.06205422255383185,0.35994453915761576
0.062158060608988035,0.3598799900185617
0.0622183234717054,0.35990931346124655
0.0622183234717054,0.35990931346124655
0.06233275619831649,0.3598720015919276
0.06227558771493164,0.3599130519972273
0.06241510014238284,0.3598910247706457
0.06261891698894599,0.3598713244624733
0.06258174842845361,0.3598944322102948
0.06258174842845361,0.3598944322102948
0.06284490309235435,0.3598590800951679
0.06309809492329377,0.3598224719652971
0.06276020840898744,0.3598714708715755
0.06297342202230234,0.35983459979473903
0.06317526598323042,0.3597972298787131
0.06317526598323042,0.3597972298787131
0.06298856083990217,0.35979920097694235
0.06320261838051446,0.35976135733121767
0.06320261838051446,0.35976135733121767
0.06294666483582387,0.3597586345404575
0.06313416963470087,0.3597304657792937
0.06313416963470087,0.3597304657792937
0.06332263631826565,0.35970423262682183
0.06302268686684911,0.35969927374282573
0.06335099832927224,0.3597084046315684
0.06372335804047431,0.3596504258591558
0.06351493453872495,0.3596449517107793
0.06386486644987616,0.359603751639362
0.06355095907206404,0.35959279650705506
0.06394795246067304,0.35953488467065725
0.06394795246067304,0.35953488467065725
0.06356845400486882,0.3594922920364808
0.0638908497166598,0.35944253252209224
0.06421885368026095,0.3593908477032477
0.06381337530769658,0.3593422692748779
0.0643053694835911,0.35932178259182584
0.06464805573935485,0.3592699334086095
0.06416942055783811,0.35922061037892544
0.06416942055783811,0.35922061037892544
0.06454929665657858,0.3591683970300825
0.0641220642309742,0.3591103819748604
0.06454510493119939,0.3590535893384571
0.06454510493119939,0.3590535893384571
0.06408219248747338,0.35899688330264473
0.0645132204992095,0.35893813319063506
0.06501136308946842,0.3588565236584665
0.06456854784967604,0.3587875292373491
0.06507567804696503,0.358722580337487
0.06556572268383556,0.3586684440684299
0.06510906786840988,0.3586194457636435
0.06571433157554596,0.35864547801212476
0.06528072888596421,0.35862887765245843
0.06580893756449398,0.35866536393032067
0.06649797315267704,0.35865280182050374
0.0659529000165407,0.3586364721754689
0.06648819088908611,0.35857583462696324
0.0660086698550578,0.3585201031099208
0.06647464255729146,0.3585084155105411
0.0670057882663021,0.3584858980532882
0.0664294737890446,0.3584840786129412
0.06695764761707276,0.3585006612225423
0.06650070920526804,0.35851414031324697
0.06703899304009847,0.35843718546266323
0.06753397498885644,0.35847568944262287
0.06693719498105265,0.35852490225849926
0.06733875605679576,0.3585400833069596
0.06677705752135606,0.35853602624248976
0.06727738498731135,0.3584991222058748
0.06772458245608827,0.3584178838613569
0.06711115284307456,0.35847649002624293
0.06755810652103107,0.3584280884508143
0.06686032514657451,0.3584966164136258
0.06730057432291026,0.3584796203369189
0.06780535157054103,0.35840190963947144
0.06728968902943551,0.3584345637297324
0.06777794084511508,0.3583593908872367
0.06715770932056203,0.3584524451992825
0.06758542129021577,0.35839753268822455
0.06807504035685047,0.35829890424930655
0.0675007951791141,0.35836017163841
0.0675007951791141,0.35836017163841
0.06747350473455055,0.35827867279070064
0.06794913867339558,0.35816572032321353
0.06794913867339558,0.35816572032321353
0.06735722353869193,0.3582548062377764
0.06779177936125619,0.35814198035940276
0.06820893326805172,0.3580205642676096
0.06770958012539448,0.358090280660374
0.06814690138103593,0.35792660374510166
0.06753387937401313,0.35804244133337004
0.06788757263375757,0.35792545274088533
0.06830334221752789,0.3577662600966941
0.06776756715116236,0.3578420159885802
0.06815436182147788,0.3577138496895597
0.06815436182147788,0.3577138496895597
0.06847021804524475,0.3575863984623039
0.06788373970155714,0.35770441012142445
0.0682015763483303,0.35757913127254093
0.0682015763483303,0.35757913127254093
0.06767546618600863,0.35769985754796163
0.06805304960838301,0.3575889266165431
0.0676329232112003,0.35768518395824755
0.06791718394522443,0.35755647152205666
0.0681023682867248,0.3573706994813386
0.0676204493583249,0.3574389138724045
0.06813939316367867,0.3572719773817196
0.06851395954876162,0.357111200005623
0.0678028442689267,0.35736985984436265
0.06800991047698138,0.35730881621432425
0.0681982191316868,0.35725122723571107
0.0681982191316868,0.35725122723571107
0.06773563360432223,0.3574443467348769
0.06789976412200631,0.3573959969093351
0.06789976412200631,0.3573959969093351
0.0680534809884166,0.35735233905673297
0.06746835180345098,0.35759657983963905
0.06761180509491539,0.3575582956494094
0.06774476305161418,0.35752315303650695
0.06774476305161418,0.35752315303650695
0.06735354768775036,0.35772021891807015
0.0674635849469882,0.35769250254897705
0.0674635849469882,0.35769250254897705
0.06710478622916731,0.35789225962859217
0.06719296699811654,0.35787400459810415
0.0673417237864079,0.3578308698503757
0.06715250112736815,0.3580177402277633
0.0673661113229981,0.35800057863921164
0.06754675348260837,0.3579725030024546
0.06737632947350128,0.3581487783708615
0.06758050435210863,0.3581474032072947
0.06761430981388973,0.3582959475348089
0.06777479834952879,0.3583154959483203
0.06806067903804827,0.3582949846668947
0.06803273934348152,0.3584802439104421
0.06820948310484025,0.3584718445752407
0.06818234336737884,0.3586030760829692
0.06832978239115646,0.35865302271159916
0.06841421582198574,0.35866424961971327
0.06835690667777132,0.3587761891003768
0.06841977834738344,0.35877029864030424
0.06847733823655168,0.3587702090418526
0.06849786950708883,0.35887814363507214
0.06850628023781162,0.3588796314196338
0.06863371668455204,0.3589302997695755
0.06898555898410609,0.35906537049988885
0.06904137380895282,0.35913883270936375
0.06916014683743216,0.3591660328912156
0.06912698603543935,0.35916988810168965
0.06908155814743189,0.3591809089573245
0.06929348874473339,0.35918050637182025
0.0692360310506458,0.3591938174059863
0.06916606895138692,0.3592089252330146
0.06935023610004548,0.35919664436935683
0.06935023610004548,0.35919664436935683
0.06925559402318936,0.3592158613748018
0.06914874824509144,0.3592370533041327
0.06936687279092313,0.35920055014966595
0.06923577721337257,0.35922575950932023
0.06948001272528123,0.35916603008767195
0.06948001272528123,0.35916603008767195
0.06932495602051753,0.35919523190016434
0.06915797569796531,0.3592262881847485
0.06943718455349639,0.3591421007859928
0.06943718455349639,0.3591421007859928
0.0692467584800038,0.3591770703044609
0.06958470658960526,0.35905554123263084
0.06958022333205648,0.3591332132850286
0.07009281238797534,0.35903098307479475
0.07002856814186507,0.35909493545295135
0.06983123647383138,0.3591986197855276
0.07040690073707136,0.3590300024792128
0.07024546244998119,0.3590384680516774
0.07069805123153461,0.3588527342421918
0.07045256598723082,0.3589806740613896
0.07023072929359488,0.3590578949832147
0.07066209253751649,0.35898811229367816
0.0704389777095557,0.3590645181467411
0.0702227310568864,0.3592299380748225
0.07074426388276334,0.3591365202567223
0.07038850767768458,0.359305418229115
0.07079007086244532,0.359220499350154
0.07056349039237898,0.3593445848587754
0.07022790560189754,0.35946158721933924
0.07081560646340877,0.3592715431439319
0.07055422165876012,0.35938386363368113
0.0711284111483677,0.35918073414702206
0.07081772575413979,0.35927211724285446
0.07081772575413979,0.35927211724285446
0.0714506458376985,0.3590429976803089
0.07110872956653798,0.3591611267459849
0.07072932222530476,0.35929492421853637
0.07134116786644414,0.35905428519299787
0.07105238421542501,0.35914821468397595
0.0707085294325215,0.35922122172531784
0.07136839643542005,0.3589811168916699
0.07136839643542005,0.3589811168916699
0.0710106264420661,0.35905303881315165
0.07164764268898309,0.3588093575057134
0.07164764268898309,0.3588093575057134
0.07128134137962049,0.3588810873528018
0.07091081304157111,0.35895111850441075
0.0719527786890321,0.35863514295657467
0.07157883950855845,0.35870546713379103
0.0712002804188451,0.35877341799643225
0.07194614840174927,0.35855590208608085
0.07157937500398999,0.3586180599854133
0.07157937500398999,0.3586180599854133
0.07229893176902456,0.3583899126904313
0.07187800815955497,0.35847617435530593
0.07145940291038137,0.3585409368788265
0.07211806799690104,0.3583293314705679
0.07211806799690104,0.3583293314705679
0.07160299901011072,0.3584117946463339
0.07111105220709062,0.35848713044219516
0.07220958992598041,0.3582076596004022
0.0718126414423326,0.35828214372566713
0.07141221333602928,0.3583573645780288
0.07141221333602928,0.3583573645780288
0.07208572507304571,0.3581744943717729
0.07208572507304571,0.3581744943717729
0.07168427971526921,0.35825109196099286
0.07128238100033468,0.3583245570165895
0.0723757721535502,0.35807905397683887
0.07197397891481072,0.3581533376696763
0.07157213543917994,0.35822699945507797
0.07157213543917994,0.35822699945507797
0.07223438439805009,0.35807809621570547
0.07223438439805009,0.35807809621570547
0.07183337784080786,0.3581520183445424
0.07143293588598026,0.3582252006578005
0.07225254690473785,0.3580591891902308
0.07204880427698214,0.3581334096745393
0.07287267440928846,0.3580020536699184
0.07265330545336901,0.3580407570576156
0.07240971845114251,0.35807993273826977
0.07311534303551505,0.35799962943707225
0.07311534303551505,0.35799962943707225
0.07275772689228506,0.3580878268761943
0.07345336713154492,0.35801376071225566
0.07309772041559418,0.35808456889967955
0.07275162985221077,0.3581513764434212
0.07339927595061603,0.35809759655346546
0.07339927595061603,0.35809759655346546
0.07306275639986118,0.3581633315392413
0.07368354981242314,0.3581240737947225
0.07368354981242314,0.3581240737947225
0.0733732755308982,0.35817598386692684
0.07305904432230276,0.35822688303692074
0.0739800556918774,0.3581488846006111
0.07366230608028641,0.3581957454481277
0.07334921679284323,0.3582444200944318
0.07390755736129008,0.3582374177882286
0.07372289789022983,0.35826093795294234
0.07372289789022983,0.35826093795294234
0.07439628693945353,0.35820117763756953
0.07410758454710026,0.35825648674698457
0.0738308566831636,0.3582971865885302
0.07428514571735043,0.35831800869561453
0.07404419694180779,0.35837948887610366
0.07450926561407313,0.35841876691949887
0.07425688131311833,0.35845964861671487
0.07394270058695263,0.3585195346021943
0.07424184026071794,0.35860160825396914
0.07388668864967923,0.35867009550426177
0.07355314776958699,0.35871632321238095
0.07388016933845946,0.3587884560405798
0.07388016933845946,0.3587884560405798
0.07360280287923514,0.358804702810555
0.0738836546644619,0.35883578680836686
0.07360827458451136,0.3588204111826773
0.07360827458451136,0.3588204111826773
0.07333424820187301,0.3588046065152303
0.07356575603849272,0.35884455281884825
0.07344157103843289,0.3588617066756025
0.0737295428199261,0.3587246354732352
0.07351510844294165,0.3585148849758824
0.0735125332632803,0.3583438716675743
0.07385639280737702,0.3583261924276992
0.07393051230138792,0.35817241985438547
0.07393051230138792,0.35817241985438547
0.07429031766753534,0.35822536239293334
0.0742416823336625,0.3581998232089177
0.0741746427209998,0.3581268061475551
0.07440802027235725,0.35820813685036956
0.07442361082311803,0.35815445816752617
0.07446705270228796,0.3581091557387301
0.07446705270228796,0.3581091557387301
0.0746799586008508,0.35814940463770095
0.0747180898262398,0.3581109229014452
0.0747180898262398,0.3581109229014452
0.07483873840273805,0.35816006463005284
0.07490951067289087,0.35813639224585836
0.07490951067289087,0.35813639224585836
0.07499698605892491,0.3581176702835431
0.07509724378485803,0.35818073391777827
0.07509724378485803,0.35818073391777827
0.07516382120344174,0.3581668117052125
0.07524851875635002,0.35822343667435264
0.07533589364344154,0.35819463956891057
0.07539989774697545,0.35806955366584814
0.07543308944195873,0.35807518712879893
0.07558619746551162,0.35806137060707344
0.07558619746551162,0.35806137060707344
0.07549463247213713,0.35811361044238765
0.07564442015128513,0.3580863386495587
0.07571694361171714,0.35805669940332213
0.0756053931139061,0.3581022646588172
0.07574383618953962,0.35807702484698123
0.07574383618953962,0.35807702484698123
0.07559240861991723,0.3581284145811602
0.07583252103606496,0.35809807757278395
0.07599372921772071,0.35807857657513736
0.07575224757902306,0.3580695351957089
0.07610095868553514,0.35802026050241637
0.07633552425272598,0.35797923868528936
0.07599528086027192,0.3580142809618396
0.07639019583302999,0.3579486373366736
0.07611065190087671,0.35796020499857323
0.07611065190087671,0.35796020499857323
0.07641123524714112,0.3579204346082354
0.07608542971762171,0.3579108177458099
0.07637964207260386,0.3578695510485939
0.07676349243745088,0.35783234693536103
0.07643690222921896,0.35781058099899365
0.07676946084435923,0.3577783882321439
0.0770726807519552,0.3577220251661809
0.07635850763366477,0.3577499139491532
0.07667646037249426,0.3576918636993015
0.07700795104082425,0.3576357553726443
0.07700795104082425,0.3576357553726443
0.07659134856293899,0.35760670889814783
0.07693122766502435,0.35754634132350566
0.07693122766502435,0.35754634132350566
0.076451276486855,0.3575094360235268
0.07678821710855203,0.35744884273531247
0.07678821710855203,0.35744884273531247
0.07712764681480758,0.357387272528422
0.07663079090312379,0.35734703692541325
0.07663079090312379,0.35734703692541325
0.07698473295317781,0.3572841548428008
0.07734559987675607,0.35722019165973756
0.07690063423185266,0.3571697076583651
0.07741371326426992,0.3570975312434531
0.07695602151665042,0.35705151429574744
0.07743861730892235,0.35705293988525194
0.07800344506768318,0.3570233116579969
0.07750341117503474,0.35702922031476236
0.07804276454638388,0.35698194994776794
0.07755928282754157,0.35697813255794997
0.07755928282754157,0.35697813255794997
0.07813863589715384,0.35694522247345556
0.07757637909761039,0.3569820248185342
0.07809612496306076,0.3569165188673415
0.07860487671462006,0.3568552314781902
0.07811183887090303,0.3569093916304336
0.07866659993500763,0.35697408534219827
0.0791787995124845,0.3569131160973979
0.07856811912266762,0.35694624270415065
0.07909948369552594,0.3568424571780393
0.07852918278307479,0.35685397684460324
0.07907658275048815,0.3568355273288338
0.07957282862099131,0.3568148723647601
0.07898798298615924,0.35690592798493204
0.0794589767840012,0.35689998591588423
0.07893984617073732,0.3568908903604827
0.07940970037532741,0.356859351532774
0.07875202073691939,0.3569526124177307
0.07923672339535495,0.3569372276687894
0.07968114804144569,0.3569003918458778
0.07899548100209558,0.35698337215055154
0.07948561708360803,0.35688149138544545
0.07882444116838554,0.35700152767466553
0.07926860952883709,0.35692378069737335
0.07973213880445819,0.35681922463908455
0.07910507672575097,0.3568940793270335
0.07955780275858762,0.3567995464330054
0.07955780275858762,0.3567995464330054
0.07892980911068448,0.35689933200637025
0.07941154720651322,0.35679404977047213
0.07986466493834403,0.3567048821543625
0.07926733943957824,0.35679726362716563
0.07971726194375965,0.35667308439636275
0.08017588358550616,0.3565331913520127
0.0795551223797323,0.35663456592373055
0.0800058208532413,0.35650151408381625
0.07952745613029623,0.35657305575297243
0.07993574763967673,0.356446836665738
0.0804413526900414,0.3562881070022071
0.07998685311917393,0.356367838481256
0.08040308864982657,0.3562310331439408
0.0798932416658667,0.35630109491425
0.08028041015418659,0.3561078619595108
0.08028041015418659,0.3561078619595108
0.07979393720705774,0.3562312298085525
0.08015134634326246,0.3560861876059038
0.08047327416603536,0.3559443272278288
0.08047327416603536,0.3559443272278288
0.07993887166912127,0.3560750951391291
0.08023512955310008,0.35597304771118043
0.07973754616473576,0.3560462933908608
0.08003911686590921,0.35588552965943165
0.08037778642981809,0.3557837969188325
0.08037778642981809,0.3557837969188325
0.07994864788824486,0.3559722964914634
0.08021898811692751,0.35589328920403146
0.0804677862567114,0.35581722353279155
0.07977537325616672,0.35608696469526957
0.08000711832899873,0.35601490955395926
0.08000711832899873,0.35601490955395926
0.08022138518506661,0.35594635661541546
0.07979450229260837,0.35614037599987786
0.07997311486741013,0.35607961366361174
0.07997311486741013,0.35607961366361174
0.0795588809214593,0.35627946924841375
0.07970343360884549,0.3562268181240333
0.07970343360884549,0.3562268181240333
0.07983662827387102,0.3561792650934367
0.07945443156532332,0.35637849001569655
0.07945443156532332,0.35637849001569655
0.07956711903090942,0.35634279951880216
0.0796684119469713,0.3563137520947142
0.07921774317359266,0.35654745168702506
0.07930787081120194,0.356523847157225
0.0794289832480275,0.3564899812209676
0.07936124951642984,0.35663590836045167
0.07959078421054754,0.3565915034381453
0.07944582422652777,0.3567700420583695
0.0796114258474357,0.3567564964450666
0.07980019891788107,0.3567589102708222
0.07970790216151323,0.3569172565967934
0.07983162611245814,0.3569182991459505
0.07983162611245814,0.3569182991459505
0.07975580729262742,0.357060983717309
0.07988215783481128,0.3570441074023027
0.07999329427905941,0.357025484411837
0.07992363770266303,0.35716280272719814
0.07992363770266303,0.35716280272719814
0.07998204101831333,0.357165901415548
0.08001725389320076,0.35729014571638623
0.0801531735279834,0.3572563211940641
0.08021862913753275,0.35727254958923443
0.08029125194178895,0.3573671878443035
0.0803538948337105,0.3573908277328879
0.08053420027034702,0.3573609324795638
0.08071503827110807,0.35750824244862583
0.08066005764415714,0.35759925852696217
0.08079128823731396,0.35762917623573753
0.08079128823731396,0.35762917623573753
0.08078567995489506,0.35763549386401156
0.08110250509701084,0.35762106733190735
0.0811235264142855,0.35762412325984877
0.0810626820903043,0.3576396999407023
0.0810626820903043,0.3576396999407023
0.08124757223325557,0.35762213750166094
0.08115630787220396,0.3576433503870883
0.08105282268793935,0.35766685738177045
0.0813872964692804,0.3575984756537128
0.08127169267712858,0.3576244191798543
0.0811440014404041,0.35765261200691534
0.0813887342944711,0.357586377742355
0.08123713935627487,0.3576192089233281
0.08123713935627487,0.3576192089233281
0.08152805523457717,0.35752521615501104
0.08135291176276695,0.35756264362858425
0.08116607447000632,0.35760216692756086
0.08165734442412159,0.3574955155319745
0.0816002600043669,0.35756622079442624
0.08145802780857428,0.35762688822683264
0.08184507844846121,0.357555810993091
0.08176063219545662,0.35759207083113476
0.08228797097388581,0.3574637636127218
0.08201969985173327,0.35759818555850825
0.08178138937814111,0.35768174464317837
0.08223492201433073,0.35753586562898304
0.08197809260660369,0.3576446925953842
0.08247010900023902,0.35747217101769224
0.0822590550817349,0.3575706083658342
0.0819911000794591,0.35771621100982937
0.08254154272483735,0.3575455000317035
0.08254154272483735,0.3575455000317035
0.08238650221578872,0.357642287893816
0.08293983036711952,0.3574866312325565
0.08265152013259823,0.35762446692909766
0.08244084524078654,0.35774918254929716
0.08302364148266442,0.3575486889103378
0.08269805200125921,0.35771940105973715
0.08320781580955244,0.357486691811555
0.0829327323588668,0.3575432339877023
0.0827431228017993,0.3576571542686014
0.08367785988915596,0.35731486306389854
0.08334906974670248,0.35741171188019266
0.0829803910831619,0.35752841591571355
0.08361623930908553,0.3573224304571892
0.08332013342239411,0.3574803617508312
0.08297907122058651,0.35761368985311515
0.08362724597412373,0.3573578498476561
0.08330725056090313,0.3574542565164659
0.08395702504885423,0.3572556672612691
0.08395702504885423,0.3572556672612691
0.08362186464055879,0.3573327646459586
0.08428630794524394,0.35715102136973287
0.08394572848231979,0.3572617242741557
0.08353472656708803,0.35744988348058654
0.08415466113460791,0.35720451095337713
0.08379765092818466,0.35727118443187483
0.08344440813518139,0.35733049688431856
0.08415836254302941,0.357064955763156
0.08415836254302941,0.357064955763156
0.08379297404461442,0.3571366280596509
0.0844761501417763,0.35689774296952154
0.08404789443978554,0.356958770507841
0.08470348614216865,0.3567320503985807
0.08427832213838972,0.356832576519871
0.08381132987759976,0.35693092365963197
0.08439050810404412,0.3567314042264846
0.08389581315824646,0.35680052979260596
0.08346209408714454,0.35686642096743065
0.08419855316753108,0.3566744262538948
0.08419855316753108,0.3566744262538948
0.08381393764309543,0.3567608668837972
0.08447719116578506,0.3566307182160749
0.08410193298203203,0.35670279561349666
0.08366295909475045,0.35677502314087484
0.08447435243580204,0.3566718914708195
0.08447435243580204,0.3566718914708195
0.08423850368005077,0.3567143956906114
0.08488671251022999,0.3565978960239691
0.08461092331153838,0.35664820829355
0.08541605621585568,0.35650880475049346
0.08513009908794403,0.356573464376157
0.08494520370478718,0.35660581904379707
0.0856672958195896,0.3564944847653387
0.08533521023270615,0.35657240885419156
0.08503028857072437,0.35664669415366146
0.08561232789698586,0.3565953216123281
0.08527432848065447,0.3566365332653281
0.08588937169855783,0.35656158630183177
0.08561143081801383,0.35661735458912025
0.08536248840763547,0.35666044086122584
0.08609408606179236,0.3566051343233764
0.08609408606179236,0.3566051343233764
0.08580280910262751,0.356666590757059
0.08633984458512863,0.3566790772624939
0.08607975776084734,0.3566982493936887
0.0865430430563302,0.35670455982181154
0.0863986506530332,0.35669993205839845
0.08623349028918831,0.35677808234339614
0.08673264512110072,0.3567804844091358
0.08641593259092034,0.3568270014645653
0.08607732737703505,0.3568266537533754
0.08663361982436493,0.35680514724231244
0.08636737576601305,0.356816000889749
0.08673224388052375,0.3568498195667228
0.08673224388052375,0.3568498195667228
0.0864108557242026,0.35687973993640515
0.08672569058752425,0.3568931213508055
0.08641656465233272,0.35690978775523224
0.08613759532269635,0.3569354256555181
0.08641788212697575,0.35700332350096203
0.08641788212697575,0.35700332350096203
0.08614075162772472,0.3570449517507987
0.0858648220318086,0.357086131752565
0.08609567947593272,0.35717121107548755
0.08609567947593272,0.35717121107548755
0.08609567947593272,0.35717121107548755
0.0859140117812346,0.3571594216465724
0.0859140117812346,0.3571594216465724
0.08612603628044513,0.35697199905588056
0.08606033399454957,0.35688543549435914
0.0865282861009502,0.35688305011364985
0.08656724831063554,0.35681840586659735
0.08683726597529641,0.3567629584797574
0.0869395390128912,0.35668215286243393
0.08699354200486702,0.35657752201392384
0.08731429675219538,0.3565527529882513
0.08731355583656258,0.3564646462711993
0.08759587690635776,0.3564179557195092
0.08761445612108827,0.35634821935903577
0.08755603669471652,0.3562681862500983
0.08763756397439662,0.35631987743881627
0.08763756397439662,0.35631987743881627
0.08759608383370926,0.3562482474851492
0.08766237178748584,0.35624436227785533
0.08767615892080191,0.35616923064438083
0.08778932489392448,0.3560838121970573
0.08778745581125903,0.35614197521459195
0.08786188767931608,0.35612151803805286
0.08786188767931608,0.35612151803805286
0.0878317250022944,0.3561786301273508
0.0878317250022944,0.3561786301273508
0.08789586111294055,0.3561649287348219
0.08796995904300785,0.356149268853517
0.0877749756244667,0.35622518867556546
0.08785898149572463,0.356207342017492
0.08785898149572463,0.356207342017492
0.08795285286831545,0.35618766286245773
0.08779915353310762,0.3562353308936503
0.08779915353310762,0.3562353308936503
0.08791258210666149,0.35621159711155
0.08791258210666149,0.35621159711155
0.08770089672161219,0.35625312767273193
0.08783362054166063,0.35622541337050273
0.08783362054166063,0.35622541337050273
0.0879750066168824,0.35619610174280614
0.08773039696089362,0.35622667805495617
0.08773039696089362,0.35622667805495617
0.08788669161643509,0.35619541137569544
0.08805231229463002,0.35616165298158303
0.08758347886379032,0.356219418238507
0.08775819626028084,0.3561843783408672
0.08775819626028084,0.3561843783408672
0.0879418841950157,0.35614761841921977
0.08779534531993674,0.3561348420624425
0.08811696457825649,0.3560935482551372
0.08841084218811203,0.35605936446700787
0.08811104044576942,0.35605894306545427
0.08841484632155774,0.35602538090301583
0.08811031262735913,0.3560244050238369
0.08811031262735913,0.3560244050238369
0.08845793693831173,0.3559926178893986
0.08813123959511547,0.3560867345764858
0.08852896824118205,0.3560160975652636
0.08885307678981375,0.35595149321532404
0.0884345979108206,0.3559238883411183
0.0884345979108206,0.3559238883411183
0.08877281054909998,0.35585699564941237
0.08911321441051791,0.35578315971113156
0.08829447218473462,0.35582601471924646
0.08861851377652977,0.355754537166253
0.08894493436472763,0.35568102804048646
0.08894493436472763,0.35568102804048646
0.0884312208107666,0.3556481537613905
0.08876686839663166,0.3555720901455582
0.08876686839663166,0.3555720901455582
0.08820376344578172,0.35554232066138103
0.08863583458822923,0.3554609258650908
0.08914077468842455,0.35538387379189523
0.08876915644064587,0.35540406461370044
0.08925469215077966,0.3553111346922181
0.0897303992550138,0.3552193051165571
0.08923236880383414,0.3551782222787991
0.08923236880383414,0.3551782222787991
0.08975779767574932,0.3550769780902491
0.08925074696179933,0.355056530904522
0.08974322220887879,0.3549725223909064
0.08974322220887879,0.3549725223909064
0.0902365010819048,0.35488782843399785
0.08968558573941436,0.354878330525051
0.08968558573941436,0.354878330525051
0.0901799929609032,0.354793868284135
0.08963088188486112,0.3547912664583353
0.09012545427063438,0.3547072148886401
0.09012545427063438,0.3547072148886401
0.08953503267409878,0.3547184141762017
0.0900287458841389,0.3546349777443945
0.0900287458841389,0.3546349777443945
0.09052158787897155,0.3545510578942075
0.08991761998777704,0.3545563199741062
0.09035772112748186,0.3544461419074
0.09076346801305724,0.3543470676787633
0.09002077369787818,0.3543845416235303
0.09002077369787818,0.3543845416235303
0.0903452919292091,0.3543131065493272
0.08955282731838622,0.35438132754084717
0.0898469228376539,0.35432081026930434
0.08902191061772982,0.3544070624739618
0.089308607898552,0.3543492596512909
0.08960181838140766,0.3542914283667761
0.08895233526839999,0.35435340122554143
0.08942940306608851,0.354249963683466
0.08990241953459777,0.35414680114152375
0.08879839839547914,0.35432019742695076
0.08926733531694331,0.35421910999697137
0.0897315280092576,0.3541184997018628
0.08912151080773767,0.3542032195025697
0.08957558611565083,0.3541054158785321
0.0900240248683583,0.35400830936345284
0.088949706446875,0.3542120117401307
0.08941514027285419,0.35409173742778205
0.08983992020682116,0.3539873577661305
0.08928177145560928,0.35406293301127406
0.08976560601810274,0.35391955646204537
0.09030711525588661,0.3537494567866464
0.08975713656568193,0.3538447287814206
0.09018487422594294,0.3536930923721694
0.08968354053719714,0.3537901951139043
0.09003905641344516,0.35366562433809956
0.09044056417929339,0.3535237692515477
0.08988859368957974,0.35362519984023594
0.09027404408194095,0.35347648165655254
0.09072496522198835,0.35332739592215817
0.08980036164888791,0.3535928375981832
0.09022231331674237,0.35346160359885365
0.08971322355965576,0.35355372164868676
0.09010146035407207,0.353372064554195
0.09048076982375576,0.35323270253895717
0.08992292431519633,0.35332971766408217
0.09022839925284035,0.3531794453875427
0.09058026732391602,0.35304375845944774
0.09011659131866355,0.35320539131528544
0.0903952039366597,0.3530946539790535
0.08991695506221623,0.3532643021101135
0.09014676098072229,0.3531787858472307
0.09014676098072229,0.3531787858472307
0.09047813106444079,0.3530315970306114
0.09022532618954056,0.35314306748172647
0.09065092925429977,0.35300580388825065
0.09025191162601441,0.3531603763383926
0.09050304678826204,0.3530767885733213
0.09068433945993383,0.35296273110809184
0.09036087134963317,0.353123155490961
0.09036087134963317,0.353123155490961
0.09036087134963317,0.353123155490961
0.09046456998962613,0.35306456500817107
0.08998840775334302,0.35320392563367836
0.09028927933666948,0.35306595593305024
0.08984207290633772,0.35330693929174356
0.08995622474684438,0.353272614842408
0.09018867525206441,0.3532211208535951
0.0901514638168373,0.3533722146777968
0.0903650217379534,0.35333450956335927
0.09021924274301316,0.35351892099176196
0.0903965048752003,0.35352334770857047
0.09053926782269321,0.35352748237839254
0.09046003052373124,0.35374647913809615
0.09046003052373124,0.35374647913809615
0.09105061540056063,0.3536896679293142
0.09111769719290068,0.35383478991014217
0.09132116465733853,0.35383338562044675
0.09132116465733853,0.35383338562044675
0.09134325620071478,0.3539473592620369
0.09134325620071478,0.3539473592620369
0.0913848185980756,0.353939026481296
0.09145484072781929,0.3539256251001978
0.09140264877633243,0.3540371210619354
0.09146786053888091,0.35402449479110026
0.0915199744188281,0.3540147936991242
0.0915555223565157,0.35409178945234865
0.0915657280628834,0.3540904906859881
0.0917740586507564,0.35407702085964593
0.0919707790427808,0.3541563256993598
0.09191170023419583,0.35424833328029354
0.0921191659542181,0.3542604434911326
0.09220509333500275,0.3542698524936651
0.09241363871977842,0.35433545975498837
0.09248176155299405,0.3544153715330344
0.09243825038166067,0.35443081874615867
0.09243825038166067,0.35443081874615867
0.09262743446595749,0.3544096105455145
0.09253823440071089,0.3544322910129333
0.09243699255020493,0.3544574307188084
0.092658609468122,0.3544103037757991
0.092658609468122,0.3544103037757991
0.09253335672677665,0.35444053223257166
0.09253335672677665,0.35444053223257166
0.09263070761218849,0.35440429563105597
0.09263070761218849,0.35440429563105597
0.09246991737206237,0.3544419851697196
0.09246991737206237,0.3544419851697196
0.0927499433804445,0.35434442534724414
0.09256592409629458,0.35438707602020914
0.09295406139418716,0.35425082478595243
0.09277049904204847,0.35427577408789124
0.09319844685081154,0.3542035814065769
0.09325384389200916,0.35432769405764186
0.09313262519312307,0.3544487742741272
0.09354702733985475,0.35432981163026545
0.09335347209520793,0.3543856285749873
0.09318837772858073,0.35443377583542784
0.09359475869940613,0.35429604657097075
0.09359475869940613,0.35429604657097075
0.09339306853360294,0.35438847458849454
0.09381895043790545,0.3542242502968956
0.0936704992825894,0.35432872765900575
0.09414825675645032,0.35415501294283663
0.09400901526487354,0.35436867850481946
0.09383330658023648,0.3544810490188209
0.09429113506938933,0.3543509521156704
0.09394466520595456,0.3544438182599733
0.09371398000379881,0.3545527209610433
0.09371398000379881,0.3545527209610433
0.09423113580563583,0.3543022997732671
0.09394848658603419,0.3543807652584126
0.094528720511538,0.35418435222710226
0.0941818015711759,0.35431988693286687
0.0947688912651246,0.354154756058687
0.09441234729715284,0.3542567044781384
0.09408473607218786,0.35434515948758477
0.09473630689651534,0.35416700886471036
0.09473630689651534,0.35416700886471036
0.09473630689651534,0.35416700886471036
0.09441824126298094,0.35426531107818227
0.09409707776613568,0.35437148142966884
0.09439703526899465,0.35418245703958273
0.09439703526899465,0.35418245703958273
0.0950466877067144,0.3539300460574259
0.0947041424790872,0.35405250300047947
0.09436251611340786,0.354144778038261
0.09502113424349992,0.35386828848176244
0.09502113424349992,0.35386828848176244
0.09502113424349992,0.35386828848176244
0.09468652774121633,0.35396117778509595
0.09531844023667219,0.3537384271220878
0.09493794052808022,0.35384003154073546
0.09465133288729354,0.35394705616504796
0.09418795418941271,0.3540512735201954
0.09478930858092478,0.35379881276953945
0.09544217331881924,0.35356118417208
0.09504204297335692,0.3536466545990094
0.09504204297335692,0.3536466545990094
0.0957131564617974,0.353419108696869
0.0953697465677297,0.3534675169962002
0.09503929068737454,0.353520864500481
0.09503929068737454,0.353520864500481
0.09581667376722874,0.35339646765365357
0.09581667376722874,0.35339646765365357
0.09539435974359758,0.3534890452817294
0.09568966685224789,0.35337732951609746
0.09536910239605116,0.35344879398568363
0.09602863946877596,0.3532641237494884
0.09602863946877596,0.3532641237494884
0.09571143665841088,0.35332943166511505
0.09629193604180714,0.3531784611140638
0.09595048408299019,0.35326240877950227
0.09558627986903652,0.35335197804206897
0.09640039566541028,0.35315920612405216
0.09611736348811051,0.35321754614333417
0.09578925242362038,0.35330515574005095
0.0964789416260631,0.35318154662441614
0.0961902456153211,0.35325115942551094
0.0961902456153211,0.35325115942551094
0.09691353736375816,0.3531238407256013
0.09691353736375816,0.3531238407256013
0.09673429210480859,0.35316067778961935
0.09715545078430812,0.35313919706349656
0.09685749103512618,0.3532123148492261
0.09685749103512618,0.3532123148492261
0.09724995316951111,0.3531787032975499
0.09724995316951111,0.3531787032975499
0.09697826985639224,0.35323502566745324
0.09789869238546048,0.3531173441639076
0.09789869238546048,0.3531173441639076
0.09727823032501672,0.3532421254000961
0.09784011174591696,0.3532137654393853
0.09766054144276787,0.35321547697021594
0.0973504264027771,0.3532513851403571
0.09818660326190069,0.35317872972857367
0.09783359044765261,0.35321722424228535
0.09751616525758576,0.35327614406221564
0.09796379950178848,0.35325861615787124
0.09766930671324872,0.35330971681794976
0.09766930671324872,0.35330971681794976
0.09773181611401952,0.353348769514326
0.09773181611401952,0.353348769514326
0.09741205999313643,0.3533696597242796
0.09780251771940157,0.35336646567712493
0.097521266250673,0.35339144943588907
0.097521266250673,0.35339144943588907
0.0978680549272703,0.353435039180527
0.09758715173295571,0.35348329575022697
0.09730673662358758,0.35353119937475147
0.09730673662358758,0.35353119937475147
0.09730673662358758,0.35353119937475147
0.09730698101839888,0.3536446980767038
0.09730698101839888,0.3536446980767038
0.0975354197611407,0.35372560754383536
0.09725911629834082,0.35377239178694786
0.09725911629834082,0.35377239178694786
0.09750946072977702,0.3537767113495868
0.09747012877509433,0.3537653574099403
0.0975096575203567,0.35364668464900834
0.09775989761384521,0.35353382025457764
0.09774465100649951,0.3533583538422081
0.09801926747123721,0.35340507890012074
0.09807439821700446,0.35339019037063113
0.09807439821700446,0.35339019037063113
0.09834937995827617,0.3534505778364733
0.09834937995827617,0.3534505778364733
0.09836269815770393,0.35345186543910684
0.0987218798829488,0.3533412936509294
0.09879363423373927,0.35325257594604814
0.09879363423373927,0.35325257594604814
0.09912605380999834,0.35321904241972746
0.09912605380999834,0.35321904241972746
0.09925772330155605,0.3531754967090346
0.09948476726676214,0.3531284309039443
0.09955209702846568,0.3530535263852371
0.09955209702846568,0.3530535263852371
0.09960991765839823,0.35305830221397577
0.09971846146759553,0.35299992278237213
0.09971846146759553,0.35299992278237213
0.09965632932285139,0.35305181841816385
0.09981418056900539,0.35301555725836475
0.10001198477238249,0.35297383607819593
0.09981703551327704,0.3530549721010629
0.09996581877695074,0.35301477921213714
0.09996581877695074,0.35301477921213714
0.100079400971721,0.3529866621351506
0.0999265020394459,0.35303833261912904
0.0999265020394459,0.35303833261912904
0.10003998473806865,0.35301214652590834
0.10003998473806865,0.35301214652590834
0.09982926485382371,0.35305887175704004
0.0999612776897067,0.3530287743360849
0.0999612776897067,0.3530287743360849
0.10010016840337578,0.3529974920115684
0.09985732245129818,0.35303372634730246
0.09985732245129818,0.35303372634730246
0.10001424364872788,0.3529981613252913
0.10018014939271311,0.3529605712299297
0.09971254286041535,0.353029114277621
0.0998871364323532,0.352989953989858
0.0998871364323532,0.352989953989858
0.10006984034672159,0.3529508685220588
0.09982791228610141,0.35295036933444696
0.10017759528710732,0.35289402191272934
0.09991484758749276,0.35289322117064964
0.10020685511357558,0.35286074199136247
0.10063376448947903,0.35276188892259
0.10044902629775385,0.3527474329613255
0.10078726870070084,0.3526892779374578
0.10040260151210016,0.35269215187163677
0.10093195789678333,0.3526479684118176
0.10093195789678333,0.3526479684118176
0.10123231620133968,0.3525975616716606
0.10084388679603318,0.35258288179007496
0.10115167270436567,0.35251380080048567
0.10115167270436567,0.35251380080048567
0.10146929458337536,0.35239315451738795
0.1018700637752138,0.3523250597091345
0.10230711878313449,0.35227002723506334
0.10148569666255769,0.35233238478366263
0.1018807162963612,0.35225051741838237
0.10151886067558764,0.3522431553293897
0.1020460007430884,0.3521717988474637
0.1025927661063633,0.3521090172122759
0.10215687833037296,0.3520824478695112
0.1027114553362296,0.3520001236475052
0.10331009098695093,0.3518938571661516
0.10280339166374358,0.35187357425297405
0.10280339166374358,0.35187357425297405
0.10325720257300693,0.35177522688471463
0.10273141540673042,0.3517650872640444
0.10320482634267042,0.35166023407760977
0.10368028641245737,0.3515513668817115
0.10311563465769127,0.35155679112034754
0.10360059480791724,0.35145057812785085
0.10409425218319285,0.35134079969719834
0.10305546018350828,0.35145916762973395
0.10354560243115118,0.35135827117079954
0.10403685988737567,0.35125715278618314
0.10295701282461073,0.35139032287100014
0.10344786448478062,0.3512901845636805
0.10393780435050202,0.3511894783542591
0.10336775225106215,0.35127128126890383
0.10386418335548933,0.3512285392223586
0.1043477695593317,0.3511180228564021
0.1043477695593317,0.3511180228564021
0.10378376278561532,0.3512128540087096
0.10361424645940015,0.3513844800634766
0.10414818224055847,0.3512806416498126
0.10414818224055847,0.3512806416498126
0.10387315169072257,0.3512475894942713
0.10430442982013043,0.351138905767445
0.10430442982013043,0.351138905767445
0.1036837656520095,0.35122784315665795
0.10415768444320958,0.35110621314059953
0.10462738041559679,0.3509844478488761
0.10353225891026772,0.35120706123427214
0.10445818402299391,0.3509688699189119
0.10445818402299391,0.3509688699189119
0.10385362584366113,0.3510834687478692
0.10430378160932965,0.35096807944844366
0.10474804621742849,0.3508537465189936
0.10418549571520641,0.3509447264004317
0.10471235485096862,0.3507520406406279
0.10415514792093152,0.3508571914193101
0.10460918647324097,0.3507085681416258
0.10460918647324097,0.3507085681416258
0.10460918647324097,0.3507085681416258
0.10502753262897879,0.35058161240293395
0.10452339420801343,0.3506770545325035
0.10497479004114921,0.35050883061598004
0.10484249073103577,0.35044718239416356
0.10529654828204237,0.3502566550608534
0.10529654828204237,0.3502566550608534
0.10520381788081695,0.35016641515403796
0.10520381788081695,0.35016641515403796
0.1048305994601763,0.3502903961456857
0.10532688206683025,0.3501114357770367
0.10532688206683025,0.3501114357770367
0.10581526912389483,0.34993794971382497
0.10547050085098288,0.35007052779874537
0.10588108812452006,0.34993604615576523
0.10629057439062013,0.3498077498375615
0.10547957647794427,0.35012103264435607
0.10595449692687554,0.34995986443264165
0.1064369090157524,0.3497807080167154
0.1069184651733485,0.3496093916671537
0.10661031713280876,0.34977870186680526
0.10635173820999565,0.3498844056798485
0.10657169171845297,0.3497188708183953
0.1068501614720333,0.3496019201277439
0.10636067250168264,0.3497913204963358
0.10660304484627556,0.34956815028047433
0.10660304484627556,0.34956815028047433
0.10631818576691267,0.3497737610132038
0.10659993803498694,0.34964882476272546
0.10659993803498694,0.34964882476272546
0.10630407967479762,0.34987290216550726
0.10653908930305099,0.349809286423348
0.10674756474187673,0.3497496907111491
0.10674756474187673,0.3497496907111491
0.10644779715221264,0.34997085936262995
0.10661285276898735,0.34992117183338894
0.10661285276898735,0.34992117183338894
0.10675615259700795,0.34987643403801266
0.10675615259700795,0.34987643403801266
0.10644513209259246,0.3501021082510174
0.10668939230374572,0.35004960549699626
0.10653781728658222,0.3502447783920857
0.10672224821155978,0.35019600745193263
0.10694239282937304,0.3501339325683229
0.1068306110900384,0.3503110070804435
0.1068306110900384,0.3503110070804435
0.1068306110900384,0.3503110070804435
0.10700586903433118,0.3502682546644179
0.10693031385872129,0.3504236450316822
0.10708210932593476,0.35038592721280803
0.10722196397887625,0.35035152048489826
0.10717343165779729,0.35049353434586117
0.10717343165779729,0.35049353434586117
0.10728695579592143,0.3504660417342669
0.10727568301454764,0.3505839074774646
0.10736136969397508,0.3505639395956586
0.10736136969397508,0.3505639395956586
0.10738384322846861,0.3506622722160697
0.10743702270328506,0.350650961680019
0.10743702270328506,0.350650961680019
0.10743702270328506,0.350650961680019
0.10747292204753886,0.35064335823242054
0.10750954111646548,0.3507208307434572
0.10751759465326946,0.3507208631042158
0.10774189542540598,0.3507726530637014
0.10774189542540598,0.3507726530637014
0.10799019175681297,0.3507779828776371
0.10827525191937844,0.3507187645173253
0.10872625291120491,0.3506735671819081
0.10900005007777148,0.35058168447858556
0.10942535792279032,0.35061366989095477
0.10938630526239686,0.3506236027404662
0.10938630526239686,0.3506236027404662
0.10963447209098069,0.350628859414535
0.10963447209098069,0.350628859414535
0.1100475399876146,0.35053442516820166
0.1100326596001218,0.3505670854173192
0.10999182533369803,0.350611249022144
0.11023018862118822,0.35058737753562114
0.11023018862118822,0.35058737753562114
0.11051161564081795,0.3506075986327627
0.11051161564081795,0.3506075986327627
0.11051161564081795,0.3506075986327627
0.11036799744681867,0.35073517822525097
0.11074209574167604,0.35060025073447
0.11074209574167604,0.35060025073447
0.11065306925000491,0.35066259805145744
0.11100670932123466,0.3506068354424197
0.11139367226327215,0.350451847605713
0.1112507281550121,0.35056478323165274
0.1112507281550121,0.35056478323165274
0.11098350988213748,0.3507218589383749
0.11159316115036697,0.35045584569730504
0.11143761108630644,0.350544586117537
0.11126470984141561,0.35060120458329824
0.11175686058960586,0.35040264580219527
0.11175686058960586,0.35040264580219527
0.11152980381681626,0.35048559093711656
0.11121573025345124,0.35063281667498863
0.11230454485211605,0.3502463413896427
0.11203520419756285,0.3504254434987039
0.11203520419756285,0.3504254434987039
0.11170656040293665,0.35060940810910024
0.11253163232152795,0.35023294370714675
0.11196382978155044,0.3504547608882155
0.11248226673156987,0.35020224488053786
0.11218930053019664,0.3503066936439812
0.11218930053019664,0.3503066936439812
0.11276052981242682,0.3500198339347269
0.11237744002348403,0.3501719277709927
0.11205571074503208,0.35025852501990934
0.11266674310073656,0.34998071961423843
0.11235179758689934,0.35009019594391927
0.11235179758689934,0.35009019594391927
0.11297523267069183,0.34976137685967423
0.11264612490795221,0.3498516303185744
0.1123253388035368,0.3499824449246477
0.11294057841592282,0.3496933425741389
0.11294057841592282,0.3496933425741389
0.11256332757372577,0.349841974279826
0.11220537298374751,0.34995820806137967
0.11321028243343169,0.34954281810015303
0.11286039271738528,0.3496580386511183
0.1131282173873753,0.3495312008331519
0.11278535821011665,0.3496279854329487
0.11235899186314749,0.3497432151216569
0.11304317801817934,0.34946129859981473
0.11265795267140247,0.3495553488220887
0.11332864047237046,0.349244965463602
0.11332864047237046,0.349244965463602
0.11295803048546654,0.34936361648892394
0.11295803048546654,0.34936361648892394
0.11261160116978666,0.34945997314030036
0.11322810821675877,0.34919039172914074
0.11270531055538685,0.34931604557653023
0.11234737414210352,0.34941445802710286
0.11338688752038018,0.3490548142775993
0.11295853695667163,0.34917694016767975
0.11207817425816886,0.34940177209326123
0.1131401278700493,0.349053862488664
0.11280562764455575,0.34916101803962146
0.11345519316916475,0.34894582882722036
0.11317452696590748,0.3490340683490949
0.11282905506785018,0.34914784373457464
0.11353256698583228,0.34895617416954566
0.11322361753010357,0.3490554157763253
0.11322361753010357,0.3490554157763253
0.11394883125286265,0.3488911021708738
0.11357158067722509,0.3490050440614096
0.11424570280019881,0.34884758804284033
0.11391139301048286,0.3489314161016258
0.11364766570996826,0.3489945075238577
0.11364766570996826,0.3489945075238577
0.11442423263588002,0.3488177224645146
0.11416878946636617,0.34888908107939337
0.11378755193885152,0.34900331121761063
0.11354349622392278,0.34906499850535205
0.11426346311815727,0.3489231260516661
0.11397647772332058,0.34900392179981155
0.11397647772332058,0.34900392179981155
0.11462375984532383,0.34888353719336856
0.11428298447387555,0.348992995279682
0.11397744868154337,0.3490847514033603
0.1146178382993428,0.3489966197662023
0.1146178382993428,0.3489966197662023
0.11519172946572001,0.34894132320865945
0.11485258161745822,0.3490034169440932
0.11460085040186252,0.34905643655748614
0.11428488228369299,0.34912447862761414
0.11524642664182173,0.3490923046541427
0.11524642664182173,0.3490923046541427
0.1150131574385917,0.3491594785210547
0.11544496300449113,0.3491512619803564
0.11544496300449113,0.3491512619803564
0.11513332550722835,0.34920988924490676
0.11523185023010014,0.34925256287904
0.11523185023010014,0.34925256287904
0.11494490411164,0.3493173054312544
0.11465836850279994,0.3493804522221247
0.11500602405081736,0.349411146010628
0.11500602405081736,0.349411146010628
0.11472070975121912,0.3494693562764132
0.11499883469354633,0.3495127185217757
0.1147153595760938,0.34956591036202533
0.1147153595760938,0.34956591036202533
0.11494240566930508,0.34962257180516493
0.1146614931067524,0.3496706862125554
0.11452382383900363,0.34959456694585067
0.11489230724345059,0.34945245357951954
0.11490472253713604,0.3493067572168693
0.11484117987831524,0.3492742422212688
0.11521930368342762,0.3493094637114077
0.11520704279283248,0.34916584216016217
0.1152186359719295,0.3491613289306286
0.11552840067111261,0.34920445428345354
0.11552840067111261,0.34920445428345354
0.11544630776788252,0.34918724304518584
0.11534235014866696,0.3491612521986241
0.11558295176728546,0.3492188019681899
0.11551748973016336,0.3491609880755336
0.11546697550406207,0.349090042106999
0.11546697550406207,0.349090042106999
0.11546697550406207,0.349090042106999
0.11560588766307608,0.3490884428021294
0.11561112825886397,0.34903329425128415
0.11561357506577227,0.34899010061356595
0.11561357506577227,0.34899010061356595
0.11571331546216536,0.3490118365075551
0.11571623721215799,0.348962803431016
0.11575380030707973,0.3489948768001781
0.11575380030707973,0.3489948768001781
0.1157739431277052,0.3489594110352906
0.1159363747976804,0.34890873832171165
0.1159363747976804,0.34890873832171165
0.11622908471698327,0.3489008316771614
0.11631037129371713,0.34893624312079013
0.11631037129371713,0.34893624312079013
0.11653250917348931,0.34886689931901993
0.11669686372606244,0.348829065629444
0.1166916385467114,0.3488676254047888
0.1166916385467114,0.3488676254047888
0.11683586685026404,0.3488219616653193
0.11673308782166186,0.3488642925898732
0.11673308782166186,0.3488642925898732
0.11688782063671872,0.34881864967323695
0.11688782063671872,0.34881864967323695
0.11673036550444893,0.34886338440661757
0.11690534068057502,0.34881346996726814
0.11690534068057502,0.34881346996726814
0.11708627119849187,0.348761440016688
0.11708627119849187,0.348761440016688
0.1168759087966113,0.34880322130512365
0.1170415652116765,0.34875474970605125
0.1170415652116765,0.34875474970605125
0.11720963620913642,0.348704357655407
0.1167470002116387,0.34879964698129745
0.1169227855032175,0.3487477375305821
0.11710636345053083,0.34869330503287504
0.11682453370856301,0.34873106706617574
0.11714590528140172,0.3486718262302234
0.11749928971212047,0.3486066898749905
0.11691047627326161,0.3487042928171663
0.11722492416887555,0.3486253626084962
0.11762889259356445,0.3485430788642415
0.11735181307333187,0.3485474488768804
0.11735181307333187,0.3485474488768804
0.11802581422759598,0.34838231174948675
0.11802581422759598,0.34838231174948675
0.11766497585985067,0.34839800907583096
0.11814337738972591,0.348341012408851
0.11814337738972591,0.348341012408851
0.11809670964560026,0.348236941589393
0.11846610597595217,0.34814514756041626
0.1179805898317095,0.3481781877208261
0.11826847012134654,0.34809068127960063
0.11826847012134654,0.34809068127960063
0.11826847012134654,0.34809068127960063
0.11779428317249732,0.34811385916122745
0.11760902915865937,0.3480268363758926
0.11813367706734242,0.3479610986688622
0.1186316059457787,0.3478251790833837
0.1186316059457787,0.3478251790833837
0.11821123331029719,0.3478368305926278
0.11868489492833878,0.34772346599786486
0.11910511668825632,0.34761349466814867
0.11950900858891499,0.34750242662649444
0.11903339835599176,0.3475395308037049
0.11952378771848839,0.34742304304531985
0.11952378771848839,0.34742304304531985
0.11907605377340774,0.34744940685176595
0.11955373828369423,0.347314748303152
0.12007160492933608,0.3472038870614232
0.12062038213741132,0.34710711936258404
0.11956353771552489,0.3471498158345819
0.12005635105612991,0.3470465650174448
0.11948018141784301,0.3471463647667494
0.11948018141784301,0.3471463647667494
0.11999688298013211,0.34702514892070574
0.11947675511944285,0.34703946694463605
0.11998735244661785,0.3468585789054069
0.12045727707865359,0.34669163338257314
0.11989981091339391,0.3467299559786477
0.12033838952574846,0.3465795846631562
0.11963159911781165,0.3466799563746207
0.11998477000189843,0.3465666387404109
0.12029431079530144,0.3464708513800418
0.12029431079530144,0.3464708513800418
0.1194610769818268,0.34663555084103553
0.1197557084035274,0.34654837183879256
0.11913792775771684,0.34666765575697533
0.11913792775771684,0.34666765575697533
0.12008229390510752,0.3463856843290965
0.11945424867427715,0.34652084225362023
0.11945424867427715,0.34652084225362023
0.11991161037258508,0.3463839223835778
0.11931087293128007,0.3465291189643752
0.1197569632706047,0.34639633247914153
0.1201968356062959,0.34626496190319356
0.1196734936932829,0.3463676857052768
0.1196734936932829,0.3463676857052768
0.12016578997537783,0.34618402055132064
0.11957672421953927,0.34633093888088046
0.11997475681694794,0.34616809732283826
0.11997475681694794,0.34616809732283826
0.12042873599787599,0.3459643949030895
0.11985426667241286,0.34614132336702774
0.12027121474634957,0.34595938905380474
0.12076454102686578,0.3457364080487283
0.12035237549419148,0.34585994276270676
0.12079617391090428,0.34564736089561354
0.12033035291461165,0.3458049029451264
0.12033035291461165,0.3458049029451264
0.12090184956126393,0.34556444634475497
0.12052333036705853,0.3456897333495725
0.12091912982680277,0.3455446884426741
0.12127297463191182,0.345403360488827
0.12161280315604565,0.3451946938742474
0.1206691860747317,0.3455098793778238
0.1206691860747317,0.3455098793778238
0.12102673612582433,0.34533199435731604
0.12145911494678459,0.34517768798147824
0.12108712375758311,0.345398015896818
0.12146436534466898,0.34527023674713186
0.12146436534466898,0.34527023674713186
0.12146436534466898,0.34527023674713186
0.12113865263268862,0.34548783337146205
0.12199209400181132,0.3452125734129429
0.12199209400181132,0.3452125734129429
0.12174218582880368,0.3454252482051988
0.12223028261596638,0.3452666771288973
0.12207220902828128,0.3454495021496614
0.12238657279584124,0.34534968029406654
0.12238657279584124,0.34534968029406654
0.12214334084409992,0.34557351248480445
0.12243336169535647,0.3454836261621041
0.12271332549499747,0.34539832716309576
0.1225067044528875,0.34561191909673683
0.1225067044528875,0.34561191909673683
0.12275288769282701,0.3455351702438352
0.12294669913756541,0.345475321369695
0.12268775796056575,0.3457073003348876
0.12268775796056575,0.3457073003348876
0.12288850474425678,0.3456111291401174
0.12319493490075882,0.34572469400789846
0.12344763331395736,0.34567360924292306
0.12344763331395736,0.34567360924292306
0.1233334573514385,0.3458767215390355
0.1233334573514385,0.3458767215390355
0.12348198610401202,0.3458544846447119
0.12343622132315975,0.34600124290746004
0.12374797713069201,0.345930780175452
0.1235795650956559,0.3461117582660197
0.12370780768730923,0.3460758798777257
0.12382142285550549,0.346044242233462
0.12382142285550549,0.346044242233462
0.12382142285550549,0.346044242233462
0.12381459616082116,0.3461639270715005
0.12389773882661147,0.34614128141542255
0.12396543461561559,0.34612336045983916
0.12396543461561559,0.34612336045983916
0.12397661024784279,0.3462259329365603
0.12401347004143635,0.3462172568517982
0.12401347004143635,0.3462172568517982
0.12405367540134385,0.3462929158840897
0.12406015454058562,0.3462934429632369
0.1242661627408197,0.34624711324552754
0.12440781552773825,0.34627909251906147
0.1246037045127302,0.34635232287280915
0.12470100690238786,0.34650849750666596
0.12470100690238786,0.34650849750666596
0.12460862871300102,0.3466657962737807
0.12456706782228014,0.3466791005007323
0.12480043306231287,0.34668719789480984
0.12481674348313514,0.34669530706674395
0.12485871781495675,0.34669868352689
0.12525550243652278,0.34666843177817347
0.12528848863544567,0.34677148747949676
0.12526954397944148,0.34683441111322855
0.12520877192750865,0.3468808510123346
0.1255390551344124,0.346857659324873
0.12545954399765075,0.34691575675656255
0.12536490842101794,0.34702605287848276
0.12567339062165317,0.34700564788768457
0.12558720625516742,0.3470467453616675
0.1265054113559928,0.3466868797167963
0.1270499775567424,0.34646694772760084
0.12690243995492775,0.34655801147970633
0.12667904946449846,0.3466397983974063
0.12702436095578912,0.3464449179704604
0.12678022849492024,0.34653380572911263
0.12678022849492024,0.34653380572911263
0.1271661596729085,0.3463106055774769
0.12690133629894895,0.3464075981658496
0.12662607766867393,0.346506981813724
0.1263403142133233,0.34660718535273094
0.12701004689622855,0.34627179641526085
0.126714967168597,0.3463761222526145
0.12644978323739534,0.3464790373420733
0.12644978323739534,0.3464790373420733
0.12688421624921659,0.346222011716874
0.12657876191372328,0.3463333851738629
0.12711047328262184,0.3460596782841195
0.12711047328262184,0.3460596782841195
0.1268805243022222,0.34615357904176275
0.12666772267956317,0.34626078766589297
0.12696186372871002,0.346043204143964
0.12696186372871002,0.346043204143964
0.1275020201709643,0.34572792838080113
0.12721321364228347,0.3458300176449601
0.1269054394802834,0.3459350126952169
0.12778411435008832,0.3454945567172274
0.1274598086560705,0.34559811963337733
0.12713260053536057,0.34571155535349535
0.12713260053536057,0.34571155535349535
0.12769364537229946,0.34538459985559505
0.12734524800794159,0.3455061818662448
0.12734524800794159,0.3455061818662448
0.12734524800794159,0.3455061818662448
0.1276059946188901,0.34528679238526083
0.1276059946188901,0.34528679238526083
0.1272635490723513,0.3454044924091972
0.1278595560358241,0.345071682236994
0.1278595560358241,0.345071682236994
0.1278595560358241,0.345071682236994
0.12750675335563558,0.34519175907583743
0.12714994608351884,0.3453127412588631
0.12813545814294255,0.3448532189411307
0.1277742763967098,0.3449771122622265
0.127409923252379,0.3451011194096454
0.12813874156879582,0.34477612910868893
0.12779147082317854,0.34489445490618853
0.12839275524964092,0.3445868988522651
0.12805917932724276,0.34470490588834013
0.12805917932724276,0.34470490588834013
0.1276865650109213,0.3448195499384147
0.12832228023260156,0.34450356320303754
0.12832228023260156,0.34450356320303754
0.12832228023260156,0.34450356320303754
0.12756934193327796,0.3447511640500414
0.1286090783786777,0.34432261210068055
0.1286090783786777,0.34432261210068055
0.12823283263703966,0.3444482343745465
0.12785665432820653,0.34457441236505576
0.12785665432820653,0.34457441236505576
0.1281283400597669,0.3444253338442243
0.1281283400597669,0.3444253338442243
0.1277540118267065,0.34455994683508634
0.1287985640240557,0.34416283552059446
0.12842520514007677,0.34430063598317906
0.1280523863136635,0.34443845723803357
0.1280523863136635,0.34443845723803357
0.12869884867148246,0.34420596117041075
0.12869884867148246,0.34420596117041075
0.12869884867148246,0.34420596117041075
0.127940919743024,0.3444849768276619
0.127940919743024,0.3444849768276619
0.12860554982438957,0.34427560588178374
0.1283109595376886,0.3443777830751419
0.1280522220645992,0.34447504937749446
0.12838276469741042,0.3443897874411686
0.1290098651876736,0.34422125878536275
0.1290098651876736,0.34422125878536275
0.12939259832021272,0.3441302318702192
0.12909822929129136,0.3442172042710242
0.12909822929129136,0.3442172042710242
0.12880846683164854,0.34432683668785563
0.12948661275370554,0.3441592630395418
0.12948661275370554,0.3441592630395418
0.12984815374073633,0.34412921198657387
0.1295721055985036,0.3442151359928023
0.12932185407505323,0.3442888421289909
0.13022382093475582,0.34408029649701827
0.1296771236369801,0.3442846124639117
0.1302749876586199,0.34420331733477105
0.1300284610493075,0.34427994891738356
0.1300284610493075,0.34427994891738356
0.1300284610493075,0.34427994891738356
0.12973861865010974,0.34434609799650073
0.13020914576949177,0.34424678743476267
0.12987430049667886,0.34433676649046074
0.1296306177886219,0.3443828679555132
0.13027407550981043,0.344298170868237
0.13005094738330203,0.3443180558659167
0.12974902717754128,0.34437016795568504
0.129430504931206,0.3443824661286192
0.1299589675484752,0.34424470030151993
0.12965333081973174,0.3443536070493794
0.12938532644697764,0.34442016393909874
0.12978242897139447,0.34438076792290784
0.12948436254313775,0.34441300090033583
0.12917082980297448,0.3444315563374513
0.12886640776909256,0.3444460409339861
0.12920573398381507,0.3444317943369065
0.12892282024393426,0.34447639036175515
0.12885202536502105,0.3444589151133889
0.12923078088865414,0.3442597343783693
0.12922470488155946,0.3441426098313149
0.12918301803063348,0.3440022592053645
0.12917069215283386,0.3439045395769795
0.12965047584633682,0.34377983067769957
0.1296267157159774,0.3436206282278673
0.12957093562279456,0.34352016555219234
0.1299759087494719,0.3434420495074234
0.1299759087494719,0.3434420495074234
0.12990736060782046,0.34339906339362053
0.12992342129640738,0.34333745560581924
0.1303868400161161,0.343199592674748
0.13055294799476935,0.34306337217541777
0.13067169986424468,0.34293837562598445
0.13098000133934123,0.34292523913809464
0.13108854487035732,0.3427711939581866
0.13152079218722207,0.34275710517424496
0.13177402555887735,0.34275893884516584
0.13191562027003442,0.34288193505795916
0.13192311925378866,0.34293963390634297
0.13192311925378866,0.34293963390634297
0.13192311925378866,0.34293963390634297
0.1318732122830827,0.34300077582564525
0.1319407368399593,0.34297315167615333
0.13201806020940285,0.3429423380030151
0.1318338492597981,0.3430409279800595
0.13192132718038643,0.3430069040908903
0.13192132718038643,0.3430069040908903
0.13201685038864175,0.3429723162373327
0.13201685038864175,0.3429723162373327
0.131874598599773,0.3430349096042356
0.131988312614234,0.34299406930231724
0.131988312614234,0.34299406930231724
0.131988312614234,0.34299406930231724
0.13191841934879397,0.34300979421257943
0.13191841934879397,0.34300979421257943
0.1320587386078238,0.3429586908276488
0.13220793676897696,0.34290434664008906
0.13182644722173403,0.3430121552994282
0.13198524408259743,0.3429541150008163
0.13198524408259743,0.3429541150008163
0.1321520946758262,0.3428938763123681
0.13169382262469517,0.34300833204487724
0.13186801137134896,0.3429469032954139
0.13205054348639936,0.34288242719415174
0.1318874950103325,0.34288968209357773
0.1318874950103325,0.34288968209357773
0.13224627538343198,0.3428095461866823
0.13223552735122737,0.34273794699228316
0.13223552735122737,0.34273794699228316
0.13249742532674227,0.3426511278302965
0.1321842708022123,0.3426752515942883
0.1321842708022123,0.3426752515942883
0.1325046865194084,0.34257470595468353
0.1328263531881287,0.3424721749521777
0.1328263531881287,0.3424721749521777
0.13212630470375208,0.3426026544389423
0.13244923337722128,0.3424990311747083
0.13244923337722128,0.3424990311747083
0.13274521346755297,0.3424031516000956
0.13274521346755297,0.3424031516000956
0.13236177956340237,0.3424217665369733
0.13269129193801363,0.34231223607552136
0.1330202915673029,0.3422013299416077
0.13220754739592494,0.3423450940691737
0.13253612236357842,0.34223378407094646
0.13286542594889988,0.3421211350631654
0.13286542594889988,0.3421211350631654
0.13286542594889988,0.3421211350631654
0.13236370310827492,0.3421524625687374
0.13270377064200065,0.34203737432621184
0.13304891690923915,0.3419207446673355
0.13347617881386137,0.34177714580180474
0.1330871119169531,0.3417923491293452
0.13362864571512484,0.3417772927610618
0.1340926199742062,0.34162172332771085
0.13362298921354526,0.3416349303299137
0.13419214143885308,0.34152570566567875
0.13475871451280794,0.3415259990210152
0.1352262083606563,0.34142666959787343
0.1347630742848942,0.34147610126072453
0.1347630742848942,0.34147610126072453
0.13476092017154837,0.341408385344263
0.13476092017154837,0.341408385344263
0.13471413979542143,0.3413516303898322
0.13372881383246363,0.3415504383957847
0.13421533952425163,0.34143535376569517
0.13470448554562675,0.34131957410366
0.1352033240799836,0.3411744619248421
0.13460931328784134,0.34123754780016397
0.13507584060763891,0.3410771150128497
0.13551938143776104,0.34090776486940394
0.1348594614054215,0.3409963180510801
0.13522539944211398,0.340862026870609
0.13472160324456361,0.34091699841580264
0.13368333139994804,0.3411712802572126
0.13397213299788116,0.3410739865270599
0.13397213299788116,0.3410739865270599
0.1342566196600195,0.34097862067905665
0.13343303941470602,0.34116980076796255
0.13370888845427395,0.34107861770349623
0.13401081341858093,0.34097935221877923
0.13340450838433968,0.341117825789364
0.13386860975867979,0.34096423860273306
0.13432652415597926,0.3408120980697687
0.13477890034385395,0.3406612780667499
0.13414697020871205,0.34082392814779167
0.13458813309283474,0.34067776336438677
0.13502310012836502,0.34053323363453925
0.13398203691522484,0.3408499203376846
0.13443834417283765,0.3406654384261389
0.13474257659374236,0.3404672031987777
0.13474257659374236,0.3404672031987777
0.13455549169999997,0.340457807365524
0.13455549169999997,0.340457807365524
0.13507741060605657,0.3402255756401236
0.13551638318276416,0.34001356283994044
0.13490259508871252,0.34019665573959174
0.13522123706096578,0.34003585569493827
0.13558815523437012,0.3398391872555301
0.1351441950186618,0.33994146680778176
0.13551157592271135,0.3397329009403456
0.135886437388018,0.33952272666114475
0.1362114762093456,0.3393154735878229
0.135288325003489,0.33969042800589494
0.13559255753918134,0.3394698540235942
0.13588843481131904,0.33925108292537876
0.1353069893713823,0.3394061588537007
0.13562937766734207,0.33925336181882426
0.13609180611144456,0.3390126561106223
0.13640500290095428,0.3388444326600942
0.13596122836349864,0.33904919662563604
0.13626697371901197,0.33888748282345543
0.1364952669105757,0.33875301468292734
0.1359251112945112,0.3389648889808602
0.13625801903499205,0.3388163673686183
0.1366229978749721,0.3386251898994734
0.13693183433274647,0.3384826336395145
0.13654336564621986,0.3387322932646589
0.1368617018513067,0.33862219927589526
0.1368617018513067,0.33862219927589526
0.13648127655919837,0.3388746883416341
0.13648127655919837,0.3388746883416341
0.1367536278135008,0.33878140660717465
0.13700950138239465,0.3386930186769746
0.13658650016078341,0.33898539773925057
0.1367977988208633,0.33891400890763523
0.1367977988208633,0.33891400890763523
0.1364341515789201,0.3391753384739971
0.1366201504574247,0.33912908324051855
0.13685627677690387,0.33909091152111637
0.13706990402745667,0.3390193156679116
0.1366928512340009,0.33932253313161415
0.1369726649488706,0.3392231376074675
0.13724081827539933,0.3391672592914938
0.13696935565878376,0.3394409526387428
0.1372538081206681,0.33931439914800793
0.13746541956358121,0.3392515374636911
0.13763678870647647,0.3392018615668738
0.1374674330885419,0.33941703041009147
0.1376093167924385,0.3393765057658293
0.1376865750030785,0.3393453641059901
0.13738767938604968,0.3395888149837188
0.137405784185167,0.33959681279566833
0.1374677576606347,0.339579379346433
0.13749745134791308,0.33957148796347686
0.13722499560671683,0.33980511186306006
0.13737527770961822,0.33973872180934017
0.13747530108614833,0.33970982119844934
0.1374084832032199,0.339914559002271
0.13761753770559398,0.339967205813126
0.13767362328538577,0.34004055351083967
0.1378146457988806,0.3400160364785971
0.13779742037725284,0.3402265387708991
0.137813838965138,0.34024917089788964
0.1379092617665524,0.3402503068646164
0.13789988567705247,0.34043677052871085
0.1378675675256078,0.3405261914289363
0.13790034179742455,0.3406042634340512
0.1379430102192953,0.34066008196625586
0.1377905954003402,0.34083813238211885
0.13768764309005085,0.34088196666337117
0.13761746311788378,0.3409197294012772
0.1375934457066659,0.34106694050642966
0.13745406990384693,0.34115544395786473
0.13742249739918966,0.34124101577003324
0.13741610670780102,0.34137579070858287
0.13737784070592163,0.3415330529897685
0.13730611826450353,0.34156591621888455
0.13724007999089874,0.3416326841142823
0.13726965805003355,0.34176159443820714
0.1370762783071341,0.3418767713659513
0.13701332861101936,0.34194195982720854
0.13698197442968482,0.3419801576795495
0.1369572439820543,0.34209910187444276
0.13676331676264245,0.34219099866958924
0.13652977301975583,0.3423288853513732
0.13656390356435524,0.342431061508972
0.1363150739403522,0.34257096106880874
0.13613086339652344,0.342688323727514
0.1358039741324277,0.3428801830649671
0.13586865586884614,0.3429058998615509
0.13563535182054715,0.34304349109982096
0.1353074702997321,0.3431829949062704
0.13533915765761634,0.3432024109051289
0.13501822796924473,0.34335870245204547
0.1347239132740775,0.3435154574532992
0.13441029058288054,0.3436349540447689
0.13455553067288747,0.34357574980545175
0.1342752266673551,0.3436939184759322
0.13393497559271178,0.3438071295557519
0.13408330760821802,0.3436937588850008
0.13375269533527212,0.3437949640046581
0.13342004392101015,0.3438944317046757
0.13307875923131815,0.34398817054613084
0.13327777994502568,0.34382932475623024
0.13293187287941158,0.3439244849799153
0.1325836912104603,0.34401948437207164
0.13278751500108812,0.3438440465195717
0.13243928757201867,0.34392719713858094
0.13210829633679005,0.3440784908697023
0.13167119501516453,0.3442239820617098
0.13197742916213356,0.3440452855241442
0.13163721899545228,0.34415888726009947
0.13129894166622139,0.3442617997427412
0.13161351299045007,0.34408070062658375
0.13130052031788625,0.34419288438346934
0.131111554734376,0.34427882008857674
0.13092674419359487,0.3443510560226034
0.13163631149419697,0.3440012449057322
0.13128356434936247,0.3441206315450999
0.1309051977400631,0.34425127689986873
0.13167401062333292,0.34387138270024137
0.1312963124793307,0.3440041501829005
0.1309196319776012,0.34413670773432953
0.1309196319776012,0.34413670773432953
0.13136496913284382,0.3438654886918867
0.13099128901629514,0.3439992638125125
0.13099128901629514,0.3439992638125125
0.1314540924266255,0.3437223675200301
0.13108416318152627,0.3438566366176518
0.13108416318152627,0.3438566366176518
0.13071615609225218,0.3439904662100168
0.13120499730027757,0.3436936278792271
0.13086815540728458,0.3438083452020327
0.13046592772808213,0.34394090326272175
0.13136229106389644,0.34351001422437083
0.1309700924588246,0.343652483854294
0.13059512120987277,0.3437786421457431
0.13028374291641173,0.34387799204767405
0.13092302924950522,0.3435418856239605
0.13056691219778038,0.3436551258971947
0.13024009985307536,0.34377487863687745
0.1308963246964327,0.343423837964879
0.1306329681551313,0.3435143798134728
0.13033606870226214,0.34361192990895384
0.13010696949844275,0.34367255855775936
0.13088465003234176,0.3432667150599876
0.13053008406920366,0.34341474325153254
0.13022961493510296,0.3435141070022831
0.1309055624366734,0.34320076963221696
0.13059292419869298,0.34328913364344743
0.13033059044376105,0.3433751812340554
0.13070504354253354,0.3431168638869012
0.1303945615433925,0.34319869890224297
0.1308053859692061,0.34292545324284607
0.1308053859692061,0.34292545324284607
0.13050626452025488,0.3429686471011115
0.13017273498734608,0.3430151466623007
0.13121853060353084,0.34260148560814374
0.1309278670652336,0.3426550090403247
0.13063811783913698,0.3427111448560735
0.13137538652849662,0.3423716960828568
0.13137538652849662,0.3423716960828568
0.13108479277507337,0.34242243255693094
0.1339016460521091,0.3413717669122525
0.13361194730870024,0.34141889782970647
0.13361194730870024,0.34141889782970647
0.13432505531081987,0.34113805846401807
0.13374912093663416,0.34121793074733764
0.13572192227288465,0.3406286119357461
0.13572192227288465,0.3406286119357461
0.1354359177642419,0.3406654653119332
0.13529441001028722,0.3406490314064689
0.13617827921268935,0.34033728472963404
0.13611087277555217,0.3402546062785232
0.13602630913473662,0.3400300733872627
0.136930516162174,0.33963389353955714
0.13687497877382945,0.3394487949474739
0.13683574019027042,0.3392941353118455
0.1367421667986685,0.33914217586925444
0.13763707634407185,0.3389102511554189
0.13756329817455365,0.3389182348297489
0.13739125296089366,0.33896374394925893
0.1382374879811869,0.33877920798711947
0.13805397922163282,0.3388270161247954
0.13788858695254133,0.3388703456028784
0.13788858695254133,0.3388703456028784
0.13857254686966966,0.33874348617473454
0.13849759392635422,0.33876166208090297
0.1384850015784993,0.3387378693460993
0.1392483391451271,0.3386018471439771
0.1392608447429036,0.3385768226374518
0.13928295685503198,0.3385501830249697
0.13943158068083647,0.33849896447684236
0.1403828005711793,0.33829913721925176
0.1404158715159774,0.3382929591575349
0.14053116164371182,0.3382302468413725
0.14139655324735279,0.3380586683820687
0.14156289809980682,0.3380122503685171
0.14187009137603868,0.3379052705934635
0.14203989899772376,0.33784088785592103
0.14293659801233174,0.3376854892408981
0.14311709810897688,0.33762154507920544
0.1432464776281702,0.3375682422078586
0.14497129584010127,0.3372382815345741
0.14606399149409233,0.3371416920177641
0.14666016806434024,0.3370717606781016
0.1471819044503298,0.33722582063620454
0.14751593089175713,0.33721018134550634
0.14767795477497964,0.3372908336090783
0.14780458699632593,0.33729264786048047
0.1475613728046145,0.3374014706972719
0.1475613728046145,0.3374014706972719
0.14785632753888225,0.3372932619130288
0.14815613264084726,0.3371783168756075
0.14777117694336583,0.3373007683832675
0.1480824151233125,0.3371816926370185
0.1480824151233125,0.3371816926370185
0.14795149274188793,0.33719044266055687
0.14827353597014872,0.3370641930615627
0.14860182246695874,0.3369383115901787
0.14809745630018162,0.3370731065943577
0.14842468133660988,0.3369468439049216
0.14875025311063725,0.33682240878306896
0.14875025311063725,0.33682240878306896
0.14849684011596337,0.3368421139299913
0.14882701103425838,0.33671470956603305
0.14916058654133324,0.336587051780225
0.14886101011649178,0.33661179672116526
0.14918321754616198,0.33648633820855345
0.14918321754616198,0.33648633820855345
0.14951159829511207,0.3363586017506448
0.14914831883898425,0.3363905944694794
0.14914831883898425,0.3363905944694794
0.14948362581547536,0.33626076868778115
0.14910537424767806,0.3362870319512721
0.14943795404709076,0.3361581546957265
0.1497531053887017,0.336034681767175
0.1500726392641334,0.3359096586337933
0.1496803986215002,0.33592685738304723
0.15017630907960655,0.33571829219429244
0.15074953425925353,0.33549652711273376
0.150520313308134,0.3354716613780069
0.15110447391658582,0.33527039081912263
0.15164328244866254,0.3351017200113602
0.1521769821678507,0.3349335604457827
0.15177993555856192,0.33496675373922946
0.15225587939748997,0.3347965998813583
0.15273155925238924,0.3346253902650131
0.1523053588641882,0.3346634922750517
0.15277989750744428,0.33449189939234797
0.15277989750744428,0.33449189939234797
0.15325325460337985,0.334319627784403
0.1527528877302025,0.3343641909075823
0.1531854530527687,0.33417138664193385
0.15358192364662276,0.33399834939087397
0.1529758803894778,0.3340841571583712
0.15329196097728603,0.33395678046688726
0.15357902908229323,0.33384540230978266
0.15385946390909655,0.3337378261405348
0.15211247773751266,0.334143913944542
0.15238615256590493,0.33404074788852806
0.1513341574647326,0.3343158390797057
0.15160418737468773,0.33421495411798224
0.15198193169334387,0.3340757600462491
0.15140852091693208,0.33417879897570774
0.15186256997268316,0.3340047582943954
0.15231162674689908,0.3338320504600183
0.15275550738806956,0.3336610050394545
0.15212250525975748,0.3337986489840913
0.15255545629763131,0.3336328388791992
0.15255545629763131,0.3336328388791992
0.15192988510203506,0.3337825865737705
0.15235062544579292,0.33359007531512863
0.1527710838326243,0.3334119075674296
0.15318783174232287,0.33322916768415217
0.15253567945723212,0.33338073080241903
0.15296867138507522,0.3331561460367383
0.15338950949276536,0.332968512076658
0.15276212672444628,0.33311160359770425
0.15324854020827752,0.3328834821723083
0.153698843297995,0.33266916054687345
0.1541457560734729,0.3324315129055162
0.15342111438639475,0.3325981211069338
0.15390621765162737,0.3323303060292989
0.1543149155143744,0.3321127694682422
0.15362827171849838,0.3322461704260847
0.15394205524237745,0.3320120651699874
0.1542530727034709,0.3317765989093425
0.15454792817175597,0.3315272722526957
0.15384292779803205,0.3317504407270368
0.1541862918440404,0.33153555796659145
0.15460252894110815,0.3313323546031049
0.1539990699358833,0.3315460785151021
0.15434544592145172,0.3313335034348734
0.15470103885983538,0.33116333629791683
0.15504455587703167,0.3309897932283914
0.15437619660475294,0.3312668947990715
0.15462193517588604,0.3311320161705112
0.15490550153998175,0.3310022467867393
0.1542813096296105,0.3312978460794477
0.1545582762361034,0.3311863277497318
0.1545582762361034,0.3311863277497318
0.15482065080247234,0.3310805016953725
0.15420390441156404,0.3313895487479345
0.15420390441156404,0.3313895487479345
0.15444140010661153,0.33129428652355447
0.1535829117528873,0.33172038551976507
0.15380178760755908,0.3316334049244256
0.15400099002489195,0.33155422693814096
0.15418041239559055,0.33148300126107066
0.15335276953751004,0.3319139689397906
0.15351308175873535,0.3318509757639994
0.1537261524928845,0.3317920966516783
0.15322575284018236,0.3320922758135989
0.1534385221423607,0.3320098734691418
0.15366101386496842,0.33192075620446826
0.15385493619514728,0.3318514280082293
0.1533261246130903,0.33219162133714647
0.15347699866286593,0.3321525812059535
0.15363404876073078,0.33211837665027855
0.15313033883733054,0.3324771504119137
0.15323639486587315,0.33247138194049
0.1534890923410185,0.33239081593536385
0.15359905190590736,0.33241505629852636
0.15307470292144823,0.33280970710716257
0.15315283868165214,0.33278230049695456
0.1532257307702038,0.3327576874120159
0.1527114534553281,0.33311348291659815
0.15274247620434767,0.3331025908364654
0.15275140957174094,0.33309863794102723
0.15294682885221794,0.333087522605302
0.1524454666181008,0.33354024796626525
0.15241083109407288,0.3336018035178974
0.15238610048002002,0.33362253398878877
0.15194267013858348,0.33397387778469195
0.15215208198521255,0.3339933457788499
0.15217538981607845,0.3339772882983679
0.1515550821974204,0.3348396567853552
0.1515550821974204,0.3348396567853552
0.15146483327152915,0.33494515658788315
0.15135124892381704,0.3351009293694029
0.15094230175671508,0.3354507014523458
0.15082831079166065,0.3355320042622361
0.1508648190168834,0.33554499094371054
0.1506074248517527,0.3358404106657236
0.15059138187175172,0.3358903182883305
0.15050619542025523,0.3359545274556836
0.15043932676098465,0.3360485769210607
0.15014565412809347,0.33635629390018823
0.15000888470807147,0.3364560184438998
0.14983553156877202,0.336636446646034
0.14948181088459905,0.336870751847258
0.14937119379851294,0.33693407845412177
0.14920023359457257,0.3370192335813499
0.1490501734162974,0.33712714503085767
0.14882049652324184,0.3373704065847041
0.14862045306172306,0.3375951820980872
0.14842452249631594,0.33776398130188073
0.14825237825050563,0.33795929146082215
0.14799595600476767,0.33810261347394177
0.14770276308250846,0.33822412572257726
0.1474202382616784,0.338348348787186
0.1472766434359875,0.33850792509982286
0.1470356740678864,0.3386340943992262
0.14678433339223493,0.3388566326142851
0.14667204275011247,0.3389838857138266
0.14635358912611166,0.3391136984179983
0.1459833132954896,0.3392997048316866
0.14566465237824133,0.33947061731525224
0.145524162993241,0.33959216127188596
0.14520647827934063,0.33978309739698037
0.14494745274734788,0.3399216315666935
0.1448983867604591,0.339970483074178
0.14459779970660339,0.3401165948553884
0.1443213757361666,0.3402714212445829
0.14400906206155178,0.34038551457278304
0.14398452395476125,0.3403704062647616
0.14363945113975687,0.34046346857136844
0.14329279211075902,0.3405540792302889
0.14329507066309163,0.34052739562608875
0.14296192331495478,0.3406744426596631
0.14262335572295565,0.3408126178605
0.14228230681471543,0.34095011289401156
0.1423521710117439,0.34088858380806714
0.14198517545695766,0.3410087783695093
0.14160372509768168,0.34113773642842027
0.14178452247175452,0.3410546848660637
0.14138574978530014,0.34118985014456993
0.1409946630441208,0.3413427888243633
0.14059703936304718,0.34148859152100425
0.14076329471067228,0.3413672843537881
0.14038742729221831,0.34150845368227173
0.14038742729221831,0.34150845368227173
0.1405875262571304,0.34136604638994106
0.1405875262571304,0.34136604638994106
0.140212446487574,0.34150984943376544
0.13983862148689363,0.3416534920677462
0.1401036484123473,0.3414758368882179
0.1401036484123473,0.3414758368882179
0.1397335548435659,0.3416203255002797
0.14003163375304262,0.34142321216643307
0.13978675564431126,0.3415130345943926
0.13950273798525858,0.3416170962073996
0.1391468778932432,0.34174391402782334
0.1396131304063058,0.3414586302035693
0.13930129878885167,0.34156484134599846
0.13898758470771444,0.34167855867340796
0.1394662539693485,0.34139989834498174
0.13922633183396288,0.34149674232339916
0.13891820767840046,0.3415835790772016
0.13866339913160478,0.34164855640547165
0.13926443663657884,0.3412660993726533
0.13893136848225063,0.34138912959187606
0.13860086671694347,0.3415033791584169
0.13909312635455134,0.34117565681332773
0.13876417391289825,0.3412712661823953
0.13845568240073625,0.3413661394853722
0.138203593116869,0.34144816974265146
0.1388993248313783,0.3410598396569398
0.13860426135411907,0.34114991773649245
0.1382922352403664,0.3412346360804818
0.1388642805941347,0.3408844670001899
0.13857178032598766,0.3409671458467175
0.13828672980329976,0.3410485836181119
0.13799957038957084,0.34112942705256066
0.13861766128298833,0.34075868552493027
0.13832734145849174,0.34081687641711667
0.13803554668536422,0.3408711797533869
0.1386978503509381,0.3404624994440901
0.13840446278220098,0.3405107526817208
0.1381105229339843,0.34055550723757144
0.1381105229339843,0.34055550723757144
0.13880840739767838,0.34012985649111
0.13851450701260165,0.3401685383701319
0.13822087775816,0.34020375008125553
0.13920600883325596,0.33974881754317343
0.13891337855235966,0.3397814141651455
0.13862155611091276,0.3398105407136184
0.13862155611091276,0.3398105407136184
0.13935069334556138,0.33937865369698794
0.13918483326059078,0.3393750813805309
0.13898393918988206,0.3393200236699688
0.13985553058652217,0.3388759129971758
0.1397435930079844,0.3388706860531521
0.13964413681057636,0.3388582606331323
0.13952732616799826,0.3388040482666292
0.1404835796910548,0.33827327964074905
0.14046752938649157,0.3382040654492549
0.14046752938649157,0.3382040654492549
0.1414824505693738,0.3377203491103682
0.1414943659960416,0.33765962810241895
0.14150322776124266,0.33760463348757797
0.14150322776124266,0.33760463348757797
0.14257272440151897,0.33714627643512995
0.14260669224836728,0.33711077656444804
0.14267187529347725,0.33708269982105243
0.1436837426478363,0.3366904616178542
0.1437554392173319,0.33665924564906063
0.1438419706694369,0.3366232261868023
0.1438419706694369,0.3366232261868023
0.1449522570593748,0.33620539460872034
0.14504187073058758,0.3361687294178359
0.14516575663918221,0.3360981490700501
0.14625321154042756,0.3357167047644249
0.1463940534596213,0.33568065915093886
0.14659393953923705,0.3355948914430209
0.14665186617843656,0.33553101482939757
0.14777316787990627,0.3351318259485561
0.1479061095018982,0.3351048790061434
0.1480673214708791,0.33501641730151255
0.1492117270177784,0.33463485908785084
0.1493652032297847,0.334582335374218
0.14956359715288892,0.33451692589129456
0.14990932652164124,0.33440420844169455
0.15104589636674337,0.33404437193082104
0.15107657728705576,0.33403040442711945
0.15118624268536884,0.3339845079661053
0.15231463567223483,0.33361797606791055
0.15257749513965654,0.33355683753293336
0.15278447044927007,0.33349036742972393
0.15308543146923057,0.33340268542433354
0.1542242426967585,0.3330521200885351
0.15444259102199148,0.33296358325632647
0.15467275711687295,0.33287007415940084
0.15574838806531,0.33254473075066987
0.15599477356302688,0.3324440821697036
0.15626034295578506,0.33233580555222264
0.1565445780743423,0.3322178817010013
0.15764537869435744,0.33189018786835783
0.15764537869435744,0.33189018786835783
0.15793753098087437,0.3317676670058013
0.1589872412677541,0.33146286507216466
0.15929309632423577,0.3313327132127098
0.15960836156264732,0.33119821120737347
0.15960836156264732,0.33119821120737347
0.16065052231897342,0.3309054077129915
0.1609777456285848,0.33076797248120693
0.16131600064064824,0.3306260335979621
0.1623201852081994,0.3303471062955372
0.1623201852081994,0.3303471062955372
0.16267158026079295,0.3301975691660857
0.1631018049971727,0.3300219896060844
0.16413249241111078,0.3297358707629135
0.16459441209314576,0.3295451330601788
0.16508310806507756,0.32934536790931773
0.1661430337704552,0.3290698088843759
0.16672669523927144,0.32887753173610235
0.16749098786426186,0.3287579019540982
0.16803195055989373,0.32856947371140316
0.16902437322441283,0.32832484844562737
0.16954858065399467,0.3281409528986651
0.17013150320791792,0.3279528838467457
0.17103893599729222,0.3277148183747506
0.17159804758083697,0.32750699254823856
0.17212635332111928,0.32738323141892617
0.1726498788834062,0.3271890514712332
0.17350340735576342,0.3269930054509741
0.17432690006910107,0.3269366886178068
0.17480877274940113,0.3267251667741851
0.17532112649215736,0.326490545002997
0.17607128557374763,0.326275115869709
0.1765702280485522,0.3260463717006221
0.17697989093948024,0.3258355404790775
0.17739121329164717,0.3256732530509357
0.17808645923471306,0.3255766510985178
0.1786066110914465,0.3253937588537274
0.17911662415396748,0.3252502971641944
0.17955614045703835,0.32506483266878083
0.17997173123438018,0.3249647381625644
0.18040019294088494,0.3247599206987037
0.180726121886375,0.32472220930656726
0.1812490962000638,0.3244457902318468
0.18168634031544487,0.32423632951944126
0.18193208958027426,0.32417082791538393
0.18231162535865622,0.3239523887044424
0.18249607071914062,0.3238833114786893
0.1829750387581051,0.32360510568627593
0.18309962288054416,0.3235172267629253
0.1835139755355689,0.3232803812901789
0.18356357340894747,0.32320774847567496
0.18398255773134162,0.32296550393582973
0.18438891258019804,0.322706779795883
0.18432099653985073,0.32262923705362795
0.18463351412096404,0.32229139521596684
0.1850094333384944,0.3220370328715151
0.1854192743100816,0.3217469623447498
0.1852071589327225,0.3217110524004756
0.18566186619694414,0.3213954805321955
0.18549384771543959,0.3213387666779786
0.1858418580459109,0.32108567970012986
0.18619805700440914,0.320819262526436
0.18604964712350822,0.3207051443206159
0.18640123177992843,0.32040875252893314
0.18604591799899955,0.32045453439177435
0.186347126364302,0.32022368170704313
0.18656222954068188,0.31999719665268533
0.18607832824929407,0.3200596026521024
0.1864544053738368,0.3198002402732065
0.18594009069772316,0.31985731919324073
0.18621468638042826,0.319680248772187
0.18641294753844462,0.3195416532292244
0.18662743631965972,0.3193648848023329
0.18684981241834311,0.31921597761190224
0.18536067162133835,0.319682705506484
0.18553202667558147,0.31957691471434363
0.18505861962021228,0.319661927485982
0.1852652585513774,0.3195505560183662
0.18452256528163308,0.3197847045506121
0.18469830816692923,0.3196909500567075
0.18485823707861043,0.31960576950976405
0.18401149208103762,0.31987304160526736
0.18424124301008862,0.31974089378603127
0.1834690631553305,0.31998860493660297
0.18377483694382413,0.31981071838321135
0.1839775745415423,0.3197032243161041
0.1841605912021345,0.3196061731174258
0.1833089701512402,0.3199093915582906
0.18345419436112223,0.31982962675271565
0.18258493492499517,0.3201504476888325
0.1827095561968496,0.32007996435455915
0.18282323883117968,0.32001442081034487
0.1818936297263104,0.32037466756977373
0.18100228895670994,0.3207305771348677
0.18108333722134728,0.3206854966943015
0.1801630111429493,0.3210632789392585
0.18020746777851324,0.32103766911737647
0.1792253715440726,0.32146457476793694
0.1794090695577402,0.32143700642423234
0.1795888995475139,0.3213431047858173
0.1786025982615395,0.32178791063400386
0.17881129480176786,0.32167511058518433
0.17804665566377434,0.32207489589176924
0.17827055486996518,0.32211085927199357
0.17848225477100285,0.32216797223715865
0.1776814151197545,0.32270959618079614
0.17782545636019498,0.3227294901848223
0.17775309994257144,0.3227791454227872
0.17767117552971912,0.32282489257450864
0.17573870466376085,0.32382066293164935
0.17563537783894273,0.32387610212032514
0.17464657280131593,0.3244089906770933
0.1745120752367991,0.3244783865429458
0.17436740034935558,0.3245532334227116
0.17333357198045812,0.32512651276541626
0.1732526611790618,0.3252454815942678
0.17235733644093748,0.3258633020902524
0.17233012766675926,0.3258794560120233
0.172244681967127,0.32591685425332456
0.17208746953972948,0.3260161489882121
0.17114488003369857,0.3266145214547926
0.17111006884569013,0.32674167007674126
0.17018973701226997,0.3273259409144573
0.17001816077934956,0.3274639743734268
0.1698947575414758,0.32761203719301757
0.16967809355462724,0.3277277441923318
0.16875510049444636,0.3283023442413582
0.1678776958918409,0.328858342954013
0.1676503507405225,0.3289833392534928
0.16742172537724098,0.3291149505795546
0.16658511500710935,0.32965265295438295
0.16634435506455597,0.32979234359079695
0.1655426012821216,0.33032740572885805
0.16533312823939944,0.33045633930830226
0.16505183097554396,0.3305924255152158
0.16422900163569398,0.33115136558525315
0.16394281857256787,0.3313152573387345
0.1636430326742937,0.33145246812692836
0.162921429875649,0.331938897861904
0.1626309378128075,0.33209257098213796
0.162315809740933,0.33221963307662056
0.16199461278363742,0.33235729116167456
0.16131619874414985,0.3329239415062467
0.16068415315566667,0.3334753108327836
0.16036033486927156,0.3336622234352609
0.16002537930167743,0.33381716323869093
0.15940900746138253,0.33423571724848866
0.1590488554736521,0.3343953379193371
0.15848139141369333,0.33477853468571594
0.15811375897405294,0.3349401467075433
0.15784529534950703,0.3351048983183911
0.1572916066700525,0.3354576956931081
0.1568910690025625,0.3356339661944829
0.1565200420843282,0.3358019944204627
0.15614893571540533,0.33596108357496474
0.1556846539330277,0.33639409447025076
0.15528086204229552,0.33656838792717275
0.15495858472259352,0.33677950736106577
0.15447326077124593,0.3369703993459435
0.1542395724987985,0.33716346533735114
0.1538068539153854,0.337342991688463
0.15355580969322036,0.3375187559050823
0.15317284093889452,0.3376658417269931
0.15282062017342368,0.33781598280808517
0.1526790923494761,0.3379216002891744
0.15226258617673807,0.33809669320062385
0.15205664666617197,0.33818865691714706
0.15165994214700362,0.33833600066289227
0.15126386287482316,0.3384895600274963
0.15139075364991395,0.3384347677263731
0.15108409935236888,0.33857679119457573
0.15117079021532115,0.33853359590018073
0.15097064304886312,0.33858469000030805
0.15071701714647784,0.3386629905962343
0.15092766170195326,0.3385784557629568
0.15058689176848883,0.3387173276966585
0.1507440137863091,0.3386100801363798
0.15048036889847333,0.3387096835597481
0.15011975701623362,0.3388668751021441
0.14951684838258683,0.3390962442678544
0.15037224115912506,0.3386044890048874
0.15014027438707153,0.338672103662729
0.1498581880961556,0.3387880032448466
0.1502106962572601,0.3385463896502531
0.14988519764879887,0.3386346959710802
0.1503430185529095,0.3383313075775099
0.15009616581586402,0.3384124283733287
0.1497887547557453,0.3384828836080446
0.1501923942808224,0.3382172297293683
0.14993583580174905,0.3382986073850523
0.14961197164664203,0.33836815986555546
0.15002274341401778,0.33801418088045865
0.1497170344804915,0.33807706216487277
0.149421639928566,0.338129533591299
0.14912724470777913,0.3381770317472327
0.1496235802233525,0.3377776503039142
0.1501357811789906,0.33736508320503994
0.14984136089993003,0.33740230829938056
0.14954693042625505,0.3374356365678038
0.15011203687670244,0.3369875645418057
0.14981910868659135,0.3370138921915051
0.1503962573954318,0.33655635882411533
0.1501058665523075,0.33657572681399883
0.15005944804210325,0.33652025137459274
0.15087534469418604,0.3359787200523534
0.1507610079110916,0.33578431172029555
0.15163401905577162,0.3351349256570033
0.1516756199498715,0.335106319645707
0.15155090260466325,0.33498917748975926
0.15150860577925718,0.3349276509504582
0.1533999992619108,0.33383079015472594
0.15337038915183454,0.3338352302375294
0.1533489128562477,0.333829795826605
0.15427791752515524,0.33327595612172634
0.15525698959161252,0.3325720296432468
0.1553620962070895,0.3324676280772073
0.15639227080785562,0.3318710275062176
0.15639824753964424,0.3318388036690564
0.15743589863544982,0.3313287839724278
0.15756054383854526,0.33126275481412215
0.15773267530743512,0.33118783789375583
0.15783291269552696,0.33114454104776725
0.1590353721808544,0.33060887347869516
0.1593095056147862,0.3304954632881684
0.1595592960451568,0.3303743777906854
0.16070072624512508,0.3298633506074959
0.1608261019367987,0.32981104164986
0.1608761369420861,0.32977292218851567
0.16102594434486298,0.3297058437011167
0.16215510649217343,0.32920164217636005
0.1622901676017447,0.32913790642383356
0.16340069709775892,0.32865370273504074
0.16355125601674414,0.3285823866801611
0.16370953534408764,0.3285084600248615
0.16484771350852606,0.32802957658740567
0.16502087827683387,0.3279508702292571
0.166135380435735,0.32749453789271515
0.16634264473677776,0.32739088025319957
0.16655927311765614,0.3272884158029859
0.1677193606850521,0.3268303290837049
0.16794588804883606,0.3267241384247607
0.16817715154568638,0.3266126568582456
0.16929164377474307,0.32617164436452256
0.16955090752090266,0.3260498122236363
0.16982933689716398,0.3259181914104998
0.17098082150726626,0.3254777809738893
0.17126355631133744,0.3253424181534614
0.17236812060287787,0.3249293907159059
0.1726546708769954,0.3247907946843184
0.17294117933884676,0.3246526122469386
0.17399911729141232,0.3242663701493995
0.17430748261081203,0.3241149765051439
0.17464531737682554,0.32394785270682996
0.1750002071604169,0.32377747974086446
0.17682192346278802,0.32317805806660466
0.1772407015953821,0.32299341870991743
0.17762088147202432,0.3228432915554108
0.17811652082019858,0.3226386183341567
0.17978806678525483,0.3221324099800107
0.18025725579444868,0.3219417564337853
0.180872266905626,0.3217601179512212
0.18149967963207447,0.3215498592007631
0.18220969302982648,0.3213937191958075
0.18375376708593066,0.3209942370838362
0.18434107473447398,0.3207360044502925
0.1848534536103875,0.3204938092498007
0.18535448461368892,0.32033651399536917
0.18659704662988108,0.32003736338498984
0.18707527084033246,0.3197958544314883
0.1876017034904004,0.3196501969293142
0.18807348316808697,0.31949389428978436
0.1891003958072219,0.3192793008716465
0.18955321282164897,0.3190618663744047
0.19023166303500158,0.31882842990837074
0.19072745297411045,0.3185701448636305
0.19120573181109726,0.3183123222399532
0.191797320744858,0.31809625116166823
0.19226562796949767,0.3178138002524751
0.19275922760547443,0.3175984645114341
0.193266395055483,0.3173380810814363
0.1937861493374282,0.3170695351344784
0.19424200180494572,0.3169002969319181
0.19471520254986974,0.3166415296504775
0.1950987683853753,0.3164902364215534
0.19555838063423298,0.3162378132545394
0.19625544094754038,0.31589711156356487
0.19666647787619532,0.3156677391258429
0.19685727814888926,0.315585084960406
0.1972561951485004,0.31536255325410656
0.1976792689093705,0.3150731983382375
0.19783793724746068,0.3149282643666966
0.19838055240269958,0.3144661985593166
0.1987439087838628,0.31420665965158723
0.19912199816809664,0.3139345817773394
0.1998556635643442,0.3133733542357525
0.1993202855675146,0.31349439012750435
0.1997186412937928,0.3131896717640268
0.20004869124118796,0.31294031695535046
0.1998319406020942,0.3128981666734261
0.20041095168919787,0.312381465865539
0.2008278236001952,0.31206448735906706
0.20112742215995724,0.3117881753070807
0.2003037332221727,0.311986551061099
0.20062969519920923,0.31173974086349604
0.2009782114509887,0.31147478088646396
0.2006220217286028,0.31154551754314147
0.20091084128295994,0.3112880280491257
0.20127231851659882,0.3110248583494211
0.20074749409972018,0.31114630076582317
0.20107235596054474,0.31085776803726173
0.2013093300749209,0.3106603664220651
0.20075016742011106,0.3108261417496296
0.20095226118711593,0.3106760707234824
0.20121043308868863,0.3105132830675275
0.20146096646092837,0.3103563210514892
0.20086572155496327,0.31055810695956326
0.20026853480261503,0.31076213369021544
0.20048552432705843,0.3106274628342369
0.20068852139127155,0.31050137173709846
0.19996252262609104,0.31077435126807834
0.2001374312054714,0.31066662151181074
0.20029797359942286,0.3105678696954866
0.1995182090876392,0.3108728762844592
0.19966421023109285,0.3107861253569576
0.19985658619274058,0.3106787713713441
0.19907917230192101,0.3109773469701077
0.19926548375511274,0.3109010749850949
0.19853824562387304,0.3111939663696837
0.19870613662033007,0.3110846389686571
0.198849114314221,0.3109936415091089
0.1979848317459509,0.31136118613862884
0.1981083594855687,0.3112820151478238
0.19723686192912662,0.3116627282725523
0.19733965624175867,0.31159440263867
0.1964224212823863,0.3120097553854896
0.19650533768022996,0.31195342293109457
0.19558796150416666,0.3123817047273859
0.19565079485903683,0.31233745499228227
0.19570346682359308,0.3122990494391687
0.194738016917675,0.31276781056064235
0.19494822941787743,0.31271954839704685
0.19414286090037122,0.3132372578289886
0.19411259231569752,0.31334253564238934
0.19410713621326509,0.3133502061527128
0.19311668749577993,0.31387403122615937
0.19309729952245563,0.31388867857612507
0.19210562132456904,0.3144276132362292
0.19205105121584523,0.31446185398056054
0.19200457581187974,0.3144912947881119
0.19099517753157003,0.315054607505391
0.19093207451700467,0.31509450364753716
0.18994331812462376,0.3156622556722827
0.1898593341884506,0.31571357479036694
0.18976502277917418,0.315770660308771
0.18875280379561538,0.31636715861187464
0.18863756511361784,0.31643517165484447
0.1876796244510392,0.31701010977048
0.18754347844064392,0.317088792610094
0.1874700550064881,0.3171092676909172
0.18747785059010044,0.31717871499871986
0.18583491860385973,0.31826988825059205
0.18580220950665335,0.31831392943797665
0.1857426729349106,0.3183951450329203
0.18559718534746494,0.31850672338204156
0.18461241417646965,0.31915558265013455
0.18368505349288664,0.319774267145651
0.18346040465860317,0.3199096995643582
0.18325019630040276,0.32002654265099634
0.18231133275143777,0.3206541899151286
0.18204935991742818,0.32079392778161825
0.18177903908239582,0.32093993142364025
0.18150229079381705,0.32109068064801166
0.18002749363985615,0.3221484316657362
0.17978478586619615,0.32228487474866413
0.1790109894134609,0.322840423371156
0.1787594163189293,0.3229840553059348
0.17850034895600572,0.32312994097041287
0.1777166020413041,0.32369491266197087
0.17673497535489957,0.3243973071540256
0.17639764155131737,0.3246161129424996
0.17610069027983197,0.3247748140805899
0.17537644151946963,0.32533202719665405
0.17446013903364602,0.32599748238268084
0.17388299529721357,0.3263109019190927
0.17338278731054543,0.3267461141185629
0.17302202270698233,0.3269122074891831
0.17248091165118548,0.3272889295964571
0.17218621854064844,0.32750743553497935
0.17185593922195433,0.3277361123541493
0.17150825214630355,0.32787823300567115
0.17097820205156244,0.32828042251653183
0.1706519514869852,0.3284336483291056
0.17033548704312532,0.3286114355616627
0.1698926487071885,0.32896544318389076
0.16974622816549664,0.32915249737790103
0.1695752269262674,0.32926218734681395
0.16941638742567036,0.3293625411750883
0.1690624682244282,0.3296507339943239
0.16870169643113583,0.32983173942686933
0.16834100350426826,0.33001179058653834
0.16800817494545187,0.33026857528823433
0.16764819316414264,0.3304472018336199
0.16728901586070735,0.33062482069525895
0.1670195704076904,0.3308367642248764
0.16666254576358258,0.331012166566153
0.16630610265044943,0.3311867748801222
0.1659523142543062,0.3313602161081288
0.1659429780788256,0.33147793091625855
0.16558133676176337,0.33163877973336003
0.16553898740698533,0.33164558130026517
0.1652713063215252,0.33173790701869793
0.16533370067605788,0.33171432474632306
0.16507075107926408,0.3318537875010944
0.16512980943932873,0.33181574014702303
0.16481978891633317,0.33195816636049935
0.1649959552786649,0.3318309862937662
0.1647750283063737,0.33190136375130014
0.16453988270140152,0.33199578540168223
0.16426039098616238,0.33211514383671525
0.16508962267066285,0.3316124744653348
0.1648432337149923,0.3317096797271067
0.16424845138694827,0.33190830345681643
0.16408973052888473,0.33197493286476665
0.1649202779486133,0.3313958311613115
0.1646380799043824,0.33151988018200557
0.16506255788076582,0.3311795828225755
0.16478597394973857,0.33120466954597494
0.1645085629851376,0.33130290856165007
0.16493177374745668,0.3309638882341349
0.1646159065602379,0.33106390506177846
0.16500138100011594,0.3306526129876579
0.16463886108561723,0.3306605829768083
0.16432218388943615,0.33072089380367276
0.16402716128525677,0.3307819987296373
0.1645152439569076,0.33034747342707194
0.16500592034758924,0.3299158577396064
0.16475799339918348,0.32996071400696936
0.16452729905782687,0.33000239583514956
0.16515010142447442,0.32951418964187384
0.16493574109547465,0.3295492782901574
0.16558001885661222,0.32905444150086227
0.16538247095025194,0.3290840316879877
0.16597293623422263,0.32855262683950676
0.16598269509197036,0.32857695235721085
0.1667462354566154,0.3279796954086858
0.16674109317454844,0.32797278888807885
0.16767200325439535,0.3273618867049664
0.1676768384226449,0.3273161221725835
0.1677439835230696,0.3272354729337162
0.1676770170060862,0.3272154819779858
0.16948550069098478,0.3260886174116887
0.16955649062064335,0.3260522109185788
0.16972738491231876,0.3260111348949751
0.17078197242487303,0.325407670538863
0.1708786328834293,0.3253517087085853
0.1709282664012361,0.3252995663018182
0.17104845911483074,0.3251607832901618
0.17292554149243594,0.324098344202621
0.17298033799895188,0.32401147055537016
0.174110430208429,0.3233953214093129
0.17420285406339084,0.3233506829949018
0.17517960966003676,0.3227700034828166
0.17532748228347667,0.32269680770747233
0.17547409131718378,0.32262083430008637
0.17579635862711182,0.32244324692604553
0.1779842332174014,0.32137359282809513
0.17813062907641625,0.3213113885959036
0.17938784922586787,0.32066630175607913
0.17955298834861552,0.32060933091740446
0.18059501735313147,0.32014925015960577
0.18080812130009483,0.32006222828231934
0.18099916731240714,0.3199723406474235
0.18223274385690397,0.3194338452800637
0.1825146418924107,0.31931337353180994
0.183717079143987,0.3187857354905187
0.18400630902464157,0.3186526011215341
0.18422408201952822,0.31854691954587827
0.18534288009188693,0.3180871734612247
0.1856309759590588,0.3179407471467947
0.18595073089261266,0.31778799155904525
0.1870880960268163,0.3172921623988976
0.1874205102641696,0.31711678513112956
0.18776127600292397,0.3169379562781144
0.1889246321790708,0.31646199312883583
0.1893097944033233,0.3162826703568798
0.19042113310250708,0.31583228036444366
0.19078666982501827,0.3156450411550125
0.19114310747264363,0.3154605086145956
0.19219252944979803,0.3150394441523273
0.19316782834772445,0.31465269909428467
0.19349096705725916,0.314471835001644
0.19386766563547123,0.31427985339122305
0.19503638783564015,0.3138909463527115
0.19548734226356107,0.3137052999085394
0.19651497959938052,0.3133218454732663
0.1970134204092291,0.3130767315423804
0.19749812889579463,0.3128481655821489
0.1984275052772308,0.3125522742575303
0.198919017110273,0.31231244065096436
0.19989470564118617,0.31181629727146287
0.20037815165501482,0.3115642063912462
0.20210585367860254,0.31090464882807217
0.20286043560332875,0.3106230248749028
0.20375164442018745,0.3101331524072623
0.20443724212828204,0.30987801758110406
0.20489658010956238,0.3096396185841948
0.20598462576749452,0.30936802692548565
0.20649840111308293,0.30921214218293647
0.20717010922450244,0.30905182053063124
0.20813940493702912,0.30862243143661433
0.20856901976548922,0.30833654966196355
0.20942126311723164,0.3078979502070965
0.20981201106269476,0.3076768399033418
0.2101590089050317,0.3075482846821076
0.2105818445566516,0.3073798718900713
0.210952028456758,0.3071544460375474
0.21169426868738772,0.3067157242123808
0.21170291566449664,0.3067598737045468
0.21202876065239956,0.30652596753549627
0.21239400209253248,0.3062138307841335
0.21279213811055364,0.3059070994927646
0.21290645638744657,0.3058037456152581
0.21325856582254243,0.3055259416786894
0.213330487124408,0.3054156005556509
0.21373138260986135,0.3051198344731918
0.21412982474654002,0.30477998632774006
0.2141199989127587,0.30469002579789756
0.2144841790107584,0.30439626750118987
0.21439809326389553,0.30434987013729564
0.2147070109565172,0.3040845921419843
0.2149943431952594,0.30381006669088156
0.2147443885082318,0.3038200933385228
0.21502076969386136,0.30354587028470487
0.21470422119274674,0.3035509723739649
0.21494879297179373,0.303259897173198
0.21454095602635712,0.30328267628169997
0.2147800063562941,0.3030096037151242
0.2150994660876781,0.30275074831337245
0.21478107847200348,0.3027965840067948
0.21510700987889486,0.3025444115798256
0.21542346162942014,0.30229472047735806
0.2149972280399822,0.3024044322282183
0.21530015979346612,0.302164487631976
0.2148337423783416,0.30230050743983555
0.215121199483463,0.30209384640573944
0.2154006387301034,0.3018906640420975
0.21566637427149216,0.30169724308851353
0.21509231510543267,0.3019149336047731
0.21532643886838668,0.30174844940379597
0.21475045697059006,0.3019768857241347
0.21496185469875093,0.30183003059605895
0.21425968120360117,0.30213238323496583
0.21444182026816558,0.30200596163866794
0.21373933392362937,0.3023154575940287
0.2138961760438376,0.30220716234133016
0.21401931667676236,0.3021135257255635
0.21323655632696348,0.30248905230755624
0.21246001837408238,0.30286677373819787
0.21280034609242196,0.30268618749464765
0.21214926142213175,0.30308063348510994
0.21248057500989867,0.3029815045818976
0.21296217192057637,0.3026176333693339
0.21310757295515595,0.3024992304499344
0.21351267978879446,0.3021754815886517
0.21375508599379872,0.30207440562010907
0.21391432696211296,0.3019922022064951
0.21398156456698075,0.3019915670413713
0.20922139823581526,0.3046865642679729
0.20931407915154587,0.3046682693736955
0.2085453190085355,0.30526233478045767
0.2086588516261051,0.3053316343149652
0.20773706540033224,0.30600131378729856
0.20779297197603638,0.30601778629109677
0.20702667045965767,0.30666770196807214
0.20621031131295026,0.3073156455323825
0.20623055125710751,0.30732739414403765
0.20632338330825392,0.30742240105660174
0.2054761917138151,0.3080688469978028
0.20452506843948842,0.308718494927014
0.2044581281121519,0.3088344579458425
0.20442518517618863,0.3089522326028715
0.20431160257197492,0.30907242509146954
0.20268475746106207,0.31023723065285597
0.20265623376856173,0.3101951739081322
0.20180522865355793,0.3109554985917652
0.20178316168885257,0.3110650676506302
0.2010818030180821,0.31165782858433383
0.20089062074968017,0.31197120538078377
0.2001525856512801,0.31266902020334875
0.19999038301360728,0.3129264551534457
0.1992766172723837,0.31365997922257133
0.19889060060078695,0.3140531644096883
0.19813476056402898,0.3148337901552888
0.1971777707642518,0.3156668927334537
0.196974366396816,0.31580193714106286
0.19670453050136136,0.3159686638775435
0.19596940591465434,0.31657031482136977
0.1956795620649563,0.3167371360343937
0.19500688625963933,0.3173918647815252
0.1943737052736762,0.3178281308795947
0.19372792903208247,0.31844507823330626
0.19343077424860428,0.31863813479518815
0.19283935256290066,0.3191826896841603
0.19256570866695136,0.31937366377316545
0.19229890661759952,0.31956599496808696
0.19177578783549085,0.32003903094866726
0.19147680660408878,0.3202252294551996
0.19099238742497401,0.320651698429408
0.19069665300698446,0.3208279790393386
0.19036053447879087,0.3210359410249174
0.1900643706018699,0.3212196476161387
0.1895904419979433,0.32162287021428615
0.18917566554182214,0.3218684983826755
0.1887991531345637,0.32221459582379897
0.18850662136403473,0.3224003404280825
0.18819715873403706,0.3225955177903247
0.18788143942268368,0.3227938631714461
0.1875175891068187,0.323112609846941
0.187167674926966,0.3233202360608528
0.1868176567101405,0.3235277522798677
0.18650173162855943,0.32381065422642125
0.18615221628675305,0.3240160637250245
0.18580331224494756,0.32422044428426927
0.18554684174920186,0.3244535010728065
0.1853397465742781,0.3246364495258881
0.18499373896955346,0.3248321917923583
0.18464907098294725,0.3250257692072246
0.18430597455524012,0.3252185400641419
0.18440776118456542,0.3252382645978474
0.18412673785295364,0.3253859876669323
0.18389495363408237,0.32549150775775054
0.18394245316726276,0.32545320880481654
0.18371607799891232,0.3255631854373459
0.18360695161165294,0.32557825580255934
0.1832925107817373,0.32574784743477125
0.1826601913991664,0.3260923821214679
0.1823896591069364,0.32619949010430166
0.1830118254269989,0.3257435974475371
0.18275637214757715,0.32588157618772606
0.18305426890918547,0.325634877659986
0.1827695633604986,0.325754847318492
0.18254418876970055,0.3258514028693832
0.1822983766719936,0.3259513060278271
0.18264860787126821,0.32565466226094475
0.1824189622802629,0.32576180779590186
0.18267384727120511,0.32552032612626464
0.18243271014461018,0.325644384681961
0.1821906288439616,0.32577286240925063
0.18254676715531576,0.3254432607730247
0.18225822622255572,0.32557414710824234
0.18266357001727238,0.3252056801532378
0.18237293549072991,0.3253155585759691
0.18208085670723154,0.3254003393919686
0.18178735221226683,0.3254601658770716
0.18300171520764535,0.32444134106392625
0.18251442953277772,0.3245491446493666
0.18306218759921014,0.3240497535956847
0.18285048363612585,0.3240968731966036
0.18245131060023134,0.3241814765630288
0.1822640828859258,0.32421891496482474
0.18394413689983208,0.3229963485854979
0.18473161334249774,0.3223476476167145
0.18463951440220205,0.32227095954249835
0.18466258989655138,0.3221679250471576
0.18550448430715025,0.32152884183049624
0.18549794172593584,0.3214648801261722
0.1863342939243398,0.32070157908051405
0.18631698786454806,0.3206514285886456
0.18727071674243875,0.31994536922383887
0.1873617189160777,0.3198923574712063
0.1884203527061125,0.3191756842451076
0.18848918591233768,0.31911122951771403
0.18855308083243888,0.3190751922870695
0.18867760446236848,0.3189910750101136
0.18962334806223904,0.31833242135676754
0.1896137968194228,0.3183462773186506
0.19060107137920937,0.317663633126007
0.190640300112775,0.31758316439248385
0.19089164828085253,0.31745263447718863
0.1910022213612509,0.3173802148168504
0.19213258064626051,0.31671626845427614
0.19230492107704447,0.31663477572920695
0.19340954808863658,0.3159879278837621
0.19359490017893788,0.3158976543183402
0.1937861696933517,0.31580328727030327
0.1939882148985886,0.3157030112937542
0.19513202616405986,0.3150439086334078
0.19532847997959885,0.3149370523718615
0.19550581721558827,0.31483085553656026
0.1956863387355613,0.314722909195279
0.19586406101777692,0.31462128556876484
0.19604790256172605,0.3145162148974847
0.19895480431075938,0.3128869751640076
0.19914938655110834,0.3127725486380005
0.200322452233285,0.312161435378392
0.20066484735467935,0.3120634595004698
0.20180319332709623,0.31149671571468035
0.20207232038275968,0.31135126293040033
0.2031706083851479,0.31083177390193467
0.20453030640440825,0.3101776990443336
0.20485259251626303,0.30999363151377674
0.20631500396023875,0.30930388245067164
0.20661898638908552,0.309114623759549
0.20769174680136132,0.3086037612813047
0.20801456038326302,0.30842866239296335
0.20830744237556095,0.30824523894222516
0.20931324542869517,0.30775074397144825
0.2096746503078497,0.3075602689529574
0.21058335307804935,0.30713337551729447
0.2108916224273267,0.3069346817720222
0.21234030178473043,0.30621283909862684
0.2127583480787585,0.30596485118337174
0.21371272962146,0.3055284850961716
0.21413928615285374,0.30527260211225127
0.21456454510732387,0.3050123694755383
0.21547560667805452,0.3045976450729757
0.2158818028509081,0.30433959346022793
0.2167092086661454,0.30396939073700047
0.2174900065277468,0.3034595692984098
0.21827156293309113,0.30310792224235944
0.21940837696460572,0.30252048119587505
0.220217220061762,0.30199136669658544
0.22086056397682266,0.30170086727979695
0.221303034535575,0.3014754413338213
0.2218906001959656,0.3011968512787513
0.22277974036467416,0.30069523147773736
0.2233320516297291,0.30045957744589524
0.2237579136720078,0.3002574822790741
0.22466757323084827,0.2998207912028368
0.22502642672699982,0.29962868341967824
0.2259664403498531,0.2992421164262022
0.22626517393551912,0.2991040632472634
0.2266486279249116,0.2988123757127166
0.22702819477462413,0.298576752490757
0.22776415241385478,0.29808500155477696
0.22773026218895948,0.29813120379603403
0.2280858125191098,0.29790183090012423
0.22857504496365758,0.2974848917575864
0.22893727303093092,0.29721279899616176
0.22937259092392034,0.2967359878470852
0.22974250625077353,0.29641001604235206
0.23052033076334338,0.2956913677758298
0.2303045779430751,0.2956583151541658
0.23070847872780997,0.29528128271886595
0.2304918673709528,0.29526540734929596
0.2307711082281003,0.2949373560030672
0.2309148292100055,0.2945493345735708
0.23130079808374904,0.2941463434655151
0.23091955300462677,0.294173581908002
0.23116472580870218,0.29386119973476804
0.23083060831639987,0.2939093680326535
0.23108656614447642,0.2936704767019887
0.23130516855330824,0.29342581296259024
0.2317219379942988,0.29291302067809216
0.23051651633288783,0.2934120785569803
0.23092168342040026,0.2930180650264617
0.230321369925694,0.2932251270137753
0.23051543767187074,0.29303536668211866
0.22989276455112995,0.2932917533429664
0.2303660233421424,0.2929127020788753
0.22976904526109526,0.29317468282541803
0.22993819678820837,0.2930152587588746
0.23023210195906396,0.2927445984440588
0.23027369746800802,0.2926465058202445
0.23069160538139338,0.29235858292614986
0.22815205307416694,0.2937899558533367
0.22835933113080065,0.293603226828459
0.22861226714127866,0.29341045117101255
0.22784422218343325,0.2938470859460062
0.22797427627284456,0.2937765146581831
0.22713112150585868,0.2942859271843921
0.22723447446612516,0.2942298664144331
0.22740677420798952,0.2941536015934076
0.22660046288649083,0.29465776379590664
0.22585879218070498,0.2950722355395315
0.22602256291652156,0.2949304168988533
0.22516866078031084,0.2954560469931202
0.2252264595040129,0.29540428617315684
0.22537923481062114,0.29527000680070564
0.2254247975753621,0.29536693618071685
0.22552072125179592,0.2953357001088601
0.22561003418046854,0.29529554704527516
0.2229530681228606,0.29707344126557933
0.22305508532331672,0.2971259056457333
0.22303306733945505,0.29721422317934354
0.22213647651333632,0.29788703099431146
0.22215424383895002,0.2978927230850795
0.22210682189930406,0.29793223405457686
0.2220498602524747,0.2979786051834525
0.22027165830187823,0.2992843020710227
0.21933281735981813,0.29999973511119343
0.2192367968418403,0.3000722802235489
0.21913114618591148,0.30015148207859643
0.21887793488230325,0.30035550324553284
0.21724514748700333,0.301593766568729
0.2172976209281597,0.30171888537593095
0.2165468547958433,0.30245866663993626
0.21645235958645162,0.3025975368795533
0.21567513240669753,0.3033010191981417
0.21548944025667885,0.3035812975131492
0.2147210831594426,0.30426493196557747
0.21392320198627918,0.3050953850529734
0.21372706933199762,0.30523704276134567
0.21352053427786932,0.3053749119553134
0.21282302702909062,0.30606751399041526
0.2125890985270047,0.3062588869428529
0.21184979360367115,0.3069162972375253
0.21158589001483852,0.3070983077273325
0.2113556568466172,0.3072954454704966
0.21110210421692666,0.307484370423635
0.21038477086719193,0.308121829384439
0.21010310007429706,0.30830146255300245
0.20943584376905894,0.30889277061040327
0.2091425373262286,0.30907150673268946
0.208848045529734,0.30925021196512026
0.20822325208572298,0.30980386616920697
0.2079188453972942,0.30998497673625114
0.2072847756580411,0.3105651637820579
0.2069889401307012,0.3107520109272992
0.20669219403664307,0.3109415790513654
0.20615576828931684,0.31144082392601175
0.20566606212684868,0.31189004291751427
0.20534335697855036,0.3120911980643668
0.205018190883857,0.3122929607874505
0.2045689420365828,0.3127152741927933
0.2043270423926633,0.31291697393886064
0.20364655678083637,0.31333325894854647
0.2033180309883022,0.31353860112948767
0.202869590990549,0.31403807431111125
0.2025337434792534,0.31429001766630216
0.20179148844261013,0.31474171410592716
0.20143273017698937,0.31493367525355126
0.20124402186793536,0.3152233842057402
0.2007011461345873,0.3156172776148872
0.19985772744101438,0.31613860761577806
0.19965930526099024,0.3162653946117194
0.19932902137187516,0.316469510229221
0.19887605815413956,0.31672806717857366
0.19866118944843442,0.31684151712736475
0.19813685832768163,0.3171578084917428
0.19849077004910345,0.3169414069557244
0.19825365689589772,0.3170956544824103
0.19797910930529444,0.31725624601008734
0.19804182377671758,0.31715860511204147
0.19784905217706877,0.31722769293258773
0.19760630004867316,0.31737814694819033
0.19749805923851485,0.3173794500822061
0.19725423958553154,0.3175219529827119
0.19752168506011836,0.31726669404651386
0.19731775839234875,0.31735619116123087
0.19705310781952848,0.31750727197987155
0.19699330780160437,0.3174173301328739
0.1973314635455853,0.3170664963203766
0.19698855488642256,0.3172762565937515
0.19676582957633015,0.3173848948478174
0.19720968339948444,0.3169969525008576
0.1970210011816522,0.3170908338388416
0.19741926516731226,0.3166944405522678
0.1971394641319279,0.31683848350291116
0.1968617356655467,0.3169732579508729
0.19731283027393481,0.3165239983454177
0.1975403730526853,0.3161388340647355
0.19730532671479425,0.3162130176356412
0.1976379078863669,0.31572683741705926
0.19742874915140457,0.3157833181576275
0.1980106642554805,0.3152229317280582
0.1978177936113203,0.315272988974641
0.19832919638109303,0.31466975473007247
0.19802529838339325,0.3146538012514201
0.19861336142918412,0.3140178389943353
0.1984384135356626,0.31400517159431257
0.19904316943888298,0.3132534756418879
0.19901595929299143,0.3132113707245862
0.1998395334569163,0.31258508639645355
0.1998778684146252,0.31243957361499397
0.20083023907911057,0.31168610256442125
0.2018174324514285,0.3109424029782935
0.20190225612033744,0.3108738136506648
0.2029280262152144,0.31013894500512645
0.2040986772134331,0.30931018329822874
0.20415885748837942,0.30919282931488
0.20524710281879666,0.308413995576217
0.20529502829778556,0.3083077062088138
0.205343723394203,0.30820481730597366
0.20753455852632252,0.3067575132157667
0.2076085374739525,0.3066925301282573
0.20799520579393002,0.30651302217482745
0.20815641172347502,0.30642652315553454
0.2101404247654233,0.30521409072398525
0.21028020669716949,0.30511993711842267
0.21138238106769097,0.30447975515223463
0.21159584378723195,0.30438368124889603
0.21177406756642725,0.30426446372842364
0.21283968757391497,0.30364042829376275
0.21307707774639528,0.3035175728240655
0.2141343533015186,0.3029142554761994
0.21439040958155164,0.30273860684183296
0.21466914037856233,0.30258537619088155
0.21581153098802555,0.30197284568182375
0.21609158730673877,0.3017839198877361
0.21633878072337703,0.30161597269324
0.21735835524287503,0.30104213624025594
0.2176616566334134,0.30083493595409927
0.21797613685312972,0.30062122852385786
0.2190230521354105,0.3000384014206924
0.2200821459481931,0.2994795952733664
0.22042338313560267,0.2992631053152604
0.22073405278232827,0.29905478868436824
0.22131812319460972,0.2986466307077913
0.2229117325903431,0.29784951073619814
0.22321510656509053,0.29763594538852123
0.22465172522263221,0.2969055222745014
0.2250662479248517,0.2966462981949486
0.2259056489849031,0.2960563612820003
0.22635426249788612,0.295753972738813
0.22735137221489787,0.29509460624961703
0.22923131934380603,0.2942320293335407
0.23005443820927518,0.2936603160412185
0.23090171193241735,0.2934440763711078
0.23208210749897798,0.29277730293261583
0.23299156413380198,0.29219224725000564
0.23369139605980258,0.29192125760529125
0.23410423770521707,0.29160356183594366
0.2349574707472409,0.2909402461220205
0.23531777413578248,0.2906342831105583
0.2359118617673384,0.29042531081754897
0.23653082100299896,0.29006567997550314
0.23697041870566538,0.2897143626349584
0.23739086337705886,0.28939587299381825
0.23821646743149613,0.2888163972701034
0.23853761391263445,0.28872608336106015
0.23892444260842985,0.28843009900670635
0.23930594921884943,0.28813768369216886
0.24005206451899566,0.28755938813780585
0.2400767730561226,0.28761012320131685
0.24041912933433154,0.28731992507756654
0.24084966303611588,0.28693230482766696
0.2412706805291035,0.2865743345286888
0.24197576677621474,0.28590508531213654
0.24192426997831368,0.28580872454769296
0.24229980760805897,0.2854454482334298
0.24217511394236016,0.2853988362057953
0.24247213386906105,0.28507377738710943
0.24274388009397943,0.2847493331339596
0.24331680195400213,0.28414051670921514
0.24255318638323053,0.2844874329324373
0.24284816817251723,0.28412358834965223
0.24318637063969908,0.2837712242362082
0.24269195549943529,0.2838732811262212
0.24280552983325837,0.2835944972677154
0.2430964990378597,0.28327520821672514
0.24272768207120174,0.28341301963996635
0.24296597251431998,0.28318500271322805
0.24315964097060225,0.28295036251481914
0.24273845189578064,0.2831380031681095
0.2429942565222912,0.2829044539364907
0.2432165308955149,0.2826863333843669
0.24271604510471875,0.2829329741743974
0.24293848958474995,0.28274233065698534
0.2431514710132223,0.2825594217971169
0.24335478106871755,0.2823844650320964
0.2435482120259992,0.2822177205783856
0.24217243905209856,0.28302176911959687
0.2423463783116428,0.2828733732120045
0.24167506681969197,0.2832511569566541
0.2418287086612455,0.2831202501317118
0.24197101561127912,0.28299829500517737
0.24210142955924327,0.2828856596489056
0.2405135740335836,0.28383771686559944
0.24077636400217192,0.28361283695549216
0.24010941541050343,0.2840099982225661
0.2404645227439393,0.28374552960234883
0.23981449723060888,0.28419936010335817
0.23999840134920172,0.2840108802085087
0.2392795297847391,0.28443440127829933
0.23947337664037732,0.28428783664410673
0.23881285488222373,0.28466848010822904
0.238915330617674,0.2845732482850629
0.2390931303717311,0.2844030628893636
0.2391688689026018,0.2843295570113852
0.23741595117773595,0.2855392548703004
0.23747467355153834,0.28548051611441627
0.23752453338413568,0.28542893400823016
0.23671233980527082,0.28602763687761407
0.236780339454851,0.2860300293065788
0.2368205587535298,0.28606096799917435
0.236056817636671,0.2867600683491554
0.23608017194884903,0.2868915835609546
0.23601855716390457,0.2869514322588513
0.23598015188538674,0.2869869358645166
0.2342160392502148,0.28834901785206024
0.23418636908166202,0.28837609691642174
0.23338286582172962,0.28901737455338156
0.23329343225205335,0.2890941149000716
0.2324011469258845,0.28983024908181965
0.23233323142700382,0.2898868360250049
0.23216970016112065,0.2900231984599041
0.23207409001280746,0.290102990482681
0.23191625894360549,0.2902739360211199
0.2295788271644902,0.29233163235939386
0.22942226030195606,0.292525176430984
0.22860596553356421,0.2931858895702225
0.22785674387728094,0.2940298012600815
0.2277711912028238,0.29413885223757147
0.22698519506909937,0.29507776059748014
0.22689031939400536,0.2952449692285608
0.2265282171115434,0.29577094849008023
0.22642752169138944,0.29605748716998426
0.22517790671327015,0.29735142051393554
0.22426961180680424,0.298247911957203
0.22406573980941008,0.29853924771902807
0.2238529217768244,0.2987432899635018
0.22332610931138563,0.29917170256485154
0.22230763004538373,0.3002840623946251
0.22179607396894926,0.3007474521255863
0.22119255952772923,0.3013639432840658
0.2210088687000568,0.30158787283723903
0.22063338173758928,0.3023005176969972
0.22041358210768525,0.3026058129372845
0.2198754546501146,0.3030354491122638
0.21898164774049647,0.304165991575256
0.21866713047014485,0.3043960921071221
0.21834423291560648,0.30460703214325424
0.21796513612885413,0.3050374730283403
0.21735096734168574,0.3056926941767916
0.21704997988954247,0.30592311532633615
0.21673978968190388,0.3061375495441817
0.21596183430314003,0.3066460995664453
0.21561281369108137,0.3071083191602492
0.2152751196276903,0.307347185741057
0.21497582117270472,0.3075308976136735
0.21465468031329413,0.30781391675086417
0.21405350410716917,0.30823797845121625
0.21378172462247125,0.3084603192396207
0.21348873118921305,0.30865669943778146
0.2127095683630559,0.3091192045867026
0.2123429400206228,0.30941999836778383
0.21208382929357478,0.3095877239876235
0.21218075567794842,0.3095164922606751
0.2121528437468584,0.3094869693172591
0.21195750131835453,0.30961567841394905
0.2118030848845858,0.30970654177424817
0.2113037171837567,0.30999996900394816
0.21083895626324553,0.3102591619379107
0.210603562332824,0.3104045607951246
0.21157465493229613,0.3096189364163164
0.21146190211297794,0.3095804821649145
0.21118006957048294,0.3097779623528512
0.211162448557609,0.3096730370808068
0.21090421887204147,0.30982438931093587
0.21117222602950023,0.309547448930699
0.21088341129386062,0.30970486327867874
0.2110529557014579,0.30933406307348427
0.2108890185829265,0.30940997331156844
0.2113077834146663,0.3088716092387294
0.21116631160173843,0.3089946496981871
0.21158693287682429,0.30853142769256847
0.2114085923796318,0.3086219230231875
0.21196451174563624,0.30809095141334525
0.2115786720519921,0.3082295773267273
0.21114790510715112,0.30838360538056686
0.21246306431724454,0.3071776532597627
0.21230102388266542,0.3072209348702234
0.21279371911198716,0.30662153595608366
0.21280091391299358,0.30659362307423
0.21265156798977977,0.30655707016423056
0.21270318811699934,0.30639646050978747
0.21437595224407627,0.3049321422017169
0.21439497833171753,0.3049042238500043
0.2143699749001931,0.3048833535632897
0.21441476945058938,0.3047838983382141
0.21449361331228445,0.3046120348326342
0.2171182519425079,0.30239171311601
0.21709797572086256,0.3023568071215316
0.21804477890135981,0.301406400058106
0.21816492033559987,0.3013314858436027
0.21905642006826162,0.30066692805756073
0.2191567725625796,0.30055405085558035
0.2202935002246919,0.2997032178148293
0.22038001208894722,0.2996637332678758
0.221445219189007,0.298782693588138
0.22156909502477315,0.29870259493689705
0.22273778833349342,0.2978617651297871
0.22383683901422136,0.2970997155871758
0.2240220780105757,0.2969932640644059
0.22420256425003404,0.29690560516840736
0.22514277996392665,0.2962570439852862
0.22537349051393224,0.2961193719964408
0.22650827718385189,0.295321221491306
0.22670893975996145,0.295204002704827
0.22772153649601268,0.2945422775638234
0.22789517953873378,0.2944074985731216
0.2289863516283998,0.2937044312893632
0.22926422745336406,0.29350460354812186
0.22949040294841713,0.2933434112577241
0.23046084321117205,0.29272715115366565
0.23068688197851142,0.2925613689438905
0.23170411750958225,0.291930203850366
0.23194596931693826,0.2917442151697902
0.23317667822321336,0.29094807568155334
0.23343421198949424,0.2907475177974156
0.23402255872039815,0.2902878578417286
0.23431813108301,0.2900593892237591
0.2348840233118672,0.2896233706165043
0.237102204788298,0.2883825319186122
0.2377570025619344,0.2879035728841203
0.2388898617586482,0.287321249604019
0.2404606531928798,0.28635974704726197
0.24107028206208056,0.2858974660229663
0.24156730253950345,0.28556626438209265
0.24247981174642494,0.2850357920440566
0.2438602494523363,0.2843987045000648
0.2446738927635746,0.28377646015023533
0.24535048500343587,0.2833842545102776
0.24625190262840113,0.28279301503105164
0.24655770226563825,0.2825446912033805
0.2474066198936117,0.2820000792586186
0.24782624787613333,0.28174422685249045
0.24839957093398396,0.2814085307640635
0.24921347207514763,0.280722712755378
0.2497744081173599,0.280468508232903
0.2506924872445153,0.279893228829364
0.25108090009498607,0.27963690717300865
0.25149196880956676,0.27935696326679027
0.25186674811544935,0.27915458944381666
0.25254856396754066,0.27871145124206154
0.25286287903399896,0.2784865936063717
0.2535483560849092,0.2779610439242751
0.25388532941942793,0.27771548514907607
0.2538721301075531,0.27779348407827875
0.2545358502863179,0.27714842009447394
0.2545771926877186,0.27713403233230477
0.2548990849029757,0.27682020464135065
0.2554706163927442,0.2762469477142021
0.2558408579976033,0.27586488843349594
0.2561866129257188,0.27550695160575356
0.25583921535210413,0.2756851357927771
0.256117434667939,0.27540676537646325
0.2560180153089759,0.2753461306698222
0.25632024563449635,0.2750159039720561
0.2560827619242463,0.2750527535972945
0.2564153151227739,0.27464961317939895
0.2562058339337437,0.2746602279173772
0.2564954631343813,0.2743723409638378
0.25677641817202046,0.27408448263244184
0.2564492589165505,0.27420740200657134
0.2566805302929568,0.27393297990726695
0.2563104380334892,0.2741150466945856
0.25656468280617745,0.2737971350031847
0.2567934821187477,0.27355993426089986
0.2570413083931748,0.2733178936437677
0.25660490453748697,0.2735435452273772
0.256838773191145,0.2733212809232062
0.2563684319001956,0.2735813103760691
0.25658788097716273,0.27337351102102225
0.25679919049730626,0.2731729871932276
0.25625380279432236,0.273492518843851
0.2564489875373691,0.27330779631649
0.25587192140155957,0.27365402684577844
0.2560505149362489,0.2734855410126586
0.2556063526126666,0.2737063732132458
0.2549299009717037,0.2741390677044631
0.2552093616815056,0.2738775167044716
0.2544558314583449,0.27436899542716386
0.2539815516304249,0.27466064372228777
0.25409015675677643,0.2745779508304475
0.25419390455931884,0.2744932188740361
0.2534671211761245,0.27499328063571654
0.25300072421016745,0.2753056367491941
0.25314530241887667,0.275183487113768
0.2525080045855003,0.2755927899622735
0.2526181631856548,0.27555353418980133
0.2528537902573288,0.2753430883193615
0.2529506280587621,0.27533739614072306
0.25310630729210787,0.2753045727977689
0.2508478461983076,0.2772622592849073
0.2510173542044767,0.27721022398810063
0.25029122054980324,0.2778393038846082
0.25038680458435886,0.2778318947064745
0.2505254310243365,0.27783318158724474
0.25053572269900576,0.2779097361231733
0.24889904807666174,0.27935899450119994
0.24827438344484246,0.2800874050621228
0.24824192859073016,0.2801186867980823
0.2481505563361203,0.2802061350522724
0.2480917257419804,0.28026194882827027
0.24648887831321767,0.281734631846029
0.24640309403572508,0.2818142995932515
0.24555757896449973,0.28262486354600236
0.24475913278111439,0.2835566935425917
0.24474281486077104,0.28374634284833256
0.2440614744829378,0.28449092649909213
0.24328164725941676,0.2854570823692997
0.24322459344564523,0.2855830775498721
0.24241206051030598,0.2865227267343263
0.24160926915847813,0.2875106722385471
0.24151701950231327,0.28772339203948816
0.24079468838825363,0.28866006457377247
0.24063121777172097,0.28890015177131745
0.24007556929633336,0.2897170072118148
0.23984312226885837,0.28990865863602505
0.23943236171672427,0.2903454945643832
0.23916682826243177,0.2905683026776422
0.2386895001964733,0.291002825371861
0.2384024100651918,0.29122033239021233
0.23785124979891697,0.2916343945667635
0.23630317560032202,0.2935550817358908
0.2360010301188167,0.2937713292768298
0.23572681226923364,0.294046449748585
0.2352828142946319,0.29460141307292237
0.23463699917912967,0.29531334529051995
0.23437710463841482,0.29553575285469097
0.23407988176986586,0.29575519356579505
0.2336655815903206,0.2962041035489612
0.23306069557105163,0.29690778561830483
0.2327454477216209,0.2971534404649103
0.23239513566780232,0.2974103852789545
0.23170927304020777,0.29795460259616746
0.23145084193683407,0.2983798944397433
0.23077444280658346,0.2988877841824055
0.23054239850960537,0.2991783509767462
0.2301692694473577,0.2995663393761382
0.22945512002650031,0.30007514903304033
0.22921155634860263,0.3002748883829348
0.2287927110082509,0.30056782856555425
0.2281960223225909,0.30102910078190415
0.2278682814137228,0.30128262574145476
0.22739556387423973,0.3016344677566793
0.2280112133888453,0.3012069218417676
0.22780845538828123,0.30135109502949514
0.22768216961247725,0.30140030819129165
0.22741821933844988,0.3015963836482846
0.22682919953264274,0.30205646970747985
0.22652637263063016,0.3022711397544888
0.22592160614287754,0.30268828047643354
0.2269172021070654,0.3017478664483843
0.22669601864864491,0.301874146624544
0.22647671323521104,0.3019935956787051
0.22658210570731613,0.30178005588205503
0.22634840880142537,0.30197505004406083
0.2261341041957527,0.30206052260444943
0.22596275079036,0.3021655939597907
0.2268066376875027,0.301256963542025
0.22657733020553403,0.30142952338578
0.2269191942123483,0.30105066606268754
0.22662581987305358,0.3012289781354497
0.2263441503347447,0.30139781797514736
0.22674605273815066,0.3009244036058611
0.2269426086702935,0.3005647771287193
0.22671863828912278,0.3006914115824794
0.2265018164738858,0.30080064701500636
0.2270014340673485,0.3002109980854646
0.22732757049285152,0.29967682289380976
0.22715527013994524,0.29974764489010675
0.22700650179227125,0.2998151890107285
0.22770479407439606,0.2991302701052941
0.2276140045330623,0.2990997719094757
0.22830131358358785,0.2984568251819447
0.22825410621343825,0.2984900197506248
0.2282155344489777,0.29850312138138824
0.22894511723947492,0.2977765578497912
0.22978810913923942,0.29690970507499764
0.2297962716640291,0.29690241361994796
0.22980864428941872,0.2968904694690523
0.22984652470698164,0.29685529639077
0.23149479559619812,0.29537685625424986
0.23155913460480151,0.295316535933579
0.23246126727636815,0.2945306518356571
0.2334211880104592,0.293710024279097
0.2336659587685507,0.29349716359565753
0.2345646851287714,0.29273614563000777
0.23565470114258474,0.2918391862648087
0.23574476647393708,0.2917442647822106
0.2358760373824427,0.2916317567501242
0.2369804063234788,0.29073161621045235
0.2370993875262537,0.29065999687679334
0.23801228182053738,0.28992675860512596
0.23849621539620028,0.28966450862453275
0.2395193365899519,0.288880498470989
0.240688914509601,0.2880076188976872
0.24094489095765373,0.28784411637237145
0.24118995886674102,0.2876776076857516
0.24172474272289343,0.28731463420614856
0.24358372829686406,0.28596658922412344
0.2437963877192745,0.28579375385310296
0.2441822885132452,0.2854791726098171
0.24442950963286283,0.28529214700530936
0.24617397122411827,0.28407405912108746
0.24642800980998247,0.28388728581869804
0.24666890303641237,0.28369091551153863
0.24767658133644488,0.28303286648647036
0.24796399451619658,0.28280489882060533
0.24861969197345873,0.2822878557468764
0.24889365837048028,0.28206548732225184
0.2504728768906783,0.2810249927285835
0.2515785384546077,0.280230876171143
0.25183997938144786,0.27999895268071284
0.2531030658364543,0.2791295943344582
0.25351227329540704,0.27877666167271087
0.2546008648788883,0.2780948385330053
0.2550045524559788,0.27778964489394375
0.256444335225672,0.27701157619550926
0.25771263477556206,0.27619327296573176
0.2585994442787209,0.27549066814399614
0.25945414934638017,0.275006883728648
0.26053733992268646,0.2743362038728157
0.2609471076412031,0.2740085880179754
0.26198880193803253,0.27337947550329905
0.2624549428351105,0.27307162829772974
0.2630077919455286,0.2727577710622012
0.2633989985302077,0.27245065715044414
0.2643450500816419,0.27180506616853434
0.26472967464043157,0.27147969199475597
0.2652105949610914,0.27127506251774475
0.2656347189929342,0.27105376477573573
0.26639312948326793,0.2704955395104008
0.2667596060346145,0.2701498447972135
0.267475889103949,0.26947312891473574
0.2679926532854582,0.2691170633754575
0.2683306720531732,0.2687974747173742
0.2689880039268677,0.2681556950464697
0.2692701310080793,0.26778077714557313
0.26957238512540294,0.2674088048553325
0.2701972947791829,0.26664366483542173
0.27011484026602645,0.2665500904443544
0.27039421432806926,0.26618683689665057
0.27110214837657204,0.26531827066933067
0.2713512150955484,0.26497584709611804
0.2718278868500833,0.26426312175858296
0.27074610221446477,0.2649749857410758
0.27101959595682634,0.2646457497659785
0.2711139975750807,0.26435902678204615
0.27064770978368574,0.2645046386235642
0.2707407260370658,0.26425124895579527
0.27026914276627106,0.2644342137957214
0.27042396757903764,0.2641525183791388
0.27032443630755915,0.26400225198485094
0.2704453808519702,0.26375082994899995
0.2699672124848757,0.26403935872864726
0.2701766578421965,0.2638154550812127
0.2703797364962724,0.26359789688555535
0.27057603425996457,0.2633869053849266
0.2700485294609794,0.26373652620731325
0.2694996141300399,0.2641052668762538
0.26984859680146545,0.263737631825938
0.269391282087065,0.2640035671018923
0.2687564691437802,0.2644582351333693
0.26902884679840033,0.26417283744099396
0.2694262594197564,0.2638155968526684
0.2682000121730806,0.2647478287124951
0.2683741668259799,0.26456504536692294
0.26872363906673163,0.2642453877015598
0.2672988196390862,0.26544140142371897
0.2674438949639818,0.26530550894447125
0.2669052284370934,0.2657554123013216
0.26698849426384685,0.26574344927385996
0.26713433886644755,0.2656057829807798
0.2656654306562707,0.2669016976180651
0.26488703074009523,0.26766301152425837
0.2650078572922792,0.26760190558661673
0.26442821078212014,0.2682727883966505
0.2645696805920588,0.268193569261763
0.2639630203608853,0.26889623734746865
0.26409464132853944,0.26880141168550425
0.26337440208389806,0.26955358528176265
0.26348492486974795,0.2695410193264952
0.2634944166698161,0.26958158227621704
0.2619756471456544,0.27114198568582687
0.2620023461023775,0.2712349867365589
0.26187460577881216,0.27145808731832527
0.26028962064226724,0.2731291457783917
0.26023437414681305,0.2732114617531198
0.26019181707495787,0.273334955397304
0.260189339044091,0.2734431899491658
0.26008216864942985,0.2736982861132324
0.25820727616624617,0.27593186827439536
0.25793848761041754,0.2762745176704146
0.2576285782394555,0.27686057623870197
0.25643924395409473,0.27836344954655806
0.25626196539084256,0.27852128050072106
0.2554491687081428,0.2794374238147554
0.2547479156182449,0.2804592108191066
0.25438834774786623,0.28083638449287157
0.25381080695383323,0.2816028448179804
0.25358643275186477,0.28183296024039867
0.2531367192240669,0.2822832466169533
0.25289897551457435,0.28253400414900204
0.2523965794803836,0.28302382970342244
0.25136056320390965,0.28454150913231885
0.2508938746325186,0.2849758148055992
0.25051530520904336,0.2855533118291522
0.2498611798579767,0.28629343961773857
0.2495841675056856,0.28659888435927366
0.2489385881074109,0.28733979897857753
0.24838599063176378,0.28810964730664496
0.2480695147198816,0.2884002102603455
0.24778296088687926,0.28864796930908865
0.24753164936620314,0.2889708302596494
0.24726003570875854,0.2891952750465351
0.24700220937070452,0.2894865971287817
0.24670904967207793,0.2897595540451096
0.246352100212358,0.2900212722610036
0.24610504124402854,0.2902933405236659
0.2457628532126798,0.29057759688998047
0.24517445904396928,0.2910921273264649
0.2448525245187615,0.29137157429566235
0.24424887205692328,0.29190187077402685
0.24365796419886013,0.29242746163338107
0.24340179429417577,0.2926368319771228
0.24392167213890403,0.29234613292821005
0.2436770776870891,0.2925128674926616
0.24320360466078134,0.2929130909533051
0.2427691542027481,0.29326428342503574
0.2431976822352708,0.2928130174212893
0.24294611576869063,0.2930209760627856
0.24285018224824323,0.2930400998087086
0.2425929048984214,0.29322955577271753
0.2421092498525952,0.2936097556714917
0.24181654001660538,0.29383715729584214
0.24134279990307672,0.2942058587237314
0.24113334779841078,0.29445015043125744
0.24105954107251007,0.2945474475625267
0.2404912668731687,0.29491125941922824
0.24292996088740412,0.292250544010218
0.24277112472568002,0.2923985308470152
0.24256396079369827,0.2925014351136772
0.2423881489226806,0.29258448400642517
0.2419385836875442,0.2927351671155167
0.2415347990971238,0.29288937025050243
0.24130872021889846,0.29294587725377375
0.243665136237369,0.2902805794346273
0.24334408430470833,0.2904396111213863
0.24400416225191124,0.2896563776778916
0.24465687248821036,0.288884330145909
0.24455090358654982,0.2888672116994707
0.24448826630048331,0.28885881130539504
0.2451419911587929,0.28794371525717594
0.24574473740413705,0.28693834222180825
0.24574082899896194,0.2868760812147364
0.24570923880704737,0.28691235975865803
0.2464668152414205,0.28609735094466965
0.24723345514022524,0.2853646493055392
0.24726980246106364,0.28529390853889014
0.24739662458228695,0.28519254373832903
0.24761891573698327,0.2850475034936876
0.24932442349119932,0.2834090451168354
0.24946776303576854,0.2833150130330796
0.24952868375198786,0.28328589652929015
0.24961034601562568,0.2832175184531964
0.25050704052666894,0.2823608652585304
0.2506325077651319,0.28223032142680665
0.2515174708837197,0.2814028492709638
0.25151908699709347,0.28132673202594555
0.25166871582118006,0.2811899987011813
0.2526039639417209,0.2803530773345666
0.25272224485876293,0.2802481693833306
0.253638663878868,0.2794423498220624
0.25376996302538973,0.279325155998006
0.25404968981816495,0.2790728114837773
0.2557437837768408,0.2776311990329654
0.25605633031638075,0.2773429099079964
0.2570083182984254,0.27655616606134303
0.2572070941365305,0.2763759359939961
0.25823611547134434,0.27558989115378796
0.2584658284039878,0.2754499609497465
0.2588933364219734,0.2750452945707916
0.2598797084654756,0.27427143575099167
0.26011159569045506,0.2740861892535197
0.26101635050483557,0.2733843565722557
0.2612626729105882,0.2731537159931472
0.26150530189558036,0.2729401151471027
0.26243531927966884,0.27222782228041387
0.2635677790868437,0.2713229482651899
0.2638203329673499,0.2710839985146423
0.26407227669889416,0.2708432213472785
0.26457795964093767,0.2703517993406811
0.2660215429327674,0.26932122210854825
0.2666088629263094,0.26878964410813705
0.2675533527118742,0.2680941324394163
0.26878741223909014,0.2671962520948723
0.2695208104045901,0.2665744987709779
0.27009336286886276,0.26597930535111286
0.27135314393773524,0.2652073519212989
0.2722653208969217,0.2644628149781283
0.2730156479239125,0.26379016713484005
0.2745183371064234,0.2628561802800163
0.2749081062932246,0.26251714150664524
0.27570386224068993,0.2618556728516675
0.27646304411469147,0.26105621438350557
0.2778278367066839,0.2601998155228681
0.2785744413376552,0.25970289297599447
0.2793063218130655,0.25911624917870135
0.27962796425776676,0.2589431237477609
0.2802979935963986,0.2583131662321172
0.28095391628932764,0.2577536384740435
0.28115732177785496,0.25762242269669444
0.28169089012913223,0.2570163812559664
0.28201499347495557,0.25671819909142746
0.2823820471708474,0.2562450337213943
0.28270631591017364,0.2557505874552457
0.2829665609629979,0.25543850928066525
0.2832269737129544,0.2549788090663416
0.28351392149936827,0.2545755321492813
0.28403693466063445,0.2537624331689512
0.2843016645780102,0.2533283377501897
0.28371132723774245,0.25370635858244894
0.28370415180237785,0.2533811400839941
0.2839351196887505,0.25296807486310957
0.2841589966331404,0.2526370439590914
0.2846113981251878,0.2520001506135936
0.2836971781907484,0.25269137855959584
0.2837997736772884,0.25241672200734416
0.2840233680214446,0.25208322393484967
0.28353659086794836,0.25231906404172333
0.2837460912422381,0.25202857817214835
0.28337458824276496,0.25216398252397315
0.2834996531297546,0.2519496888305251
0.283658250538707,0.2517432084130205
0.28310969518261686,0.25214416095241954
0.2826813498408109,0.25238485890773016
0.28280073678927553,0.25219219427571377
0.2829599926249972,0.2520057679057087
0.28325251868719076,0.2516630969889575
0.2835132324486917,0.25135673564829625
0.2814725459349852,0.2530373969319601
0.2810077056565076,0.25345238425993205
0.281148453944841,0.25328276858518445
0.2806327714733482,0.25369270105655534
0.28085332973380306,0.25346403720073374
0.28119395554419235,0.25313348610835423
0.2798917036704236,0.2542844418746119
0.28001921117865847,0.25423584908610813
0.28021119428252467,0.2541980205428914
0.2788044619540011,0.2556538579760411
0.2788837855638706,0.25556844785151595
0.2790234185145468,0.255451988651396
0.27753014938031656,0.2569178240752507
0.2775280110547337,0.2569619805893008
0.2776328006529557,0.256953574481985
0.2777553571027428,0.2569604627389566
0.27625773250649693,0.2586309672116556
0.2755411350963831,0.25949023255301207
0.27554155310467393,0.25954631518658366
0.274823420987718,0.2603409321684314
0.2747840075611416,0.2604022308326709
0.27493743185771014,0.26051166982053336
0.27489977932244175,0.26056640054207625
0.27472847392244765,0.26072237876539356
0.2727983435381855,0.2630474152885214
0.27268297997917795,0.2632902045573043
0.2721392206052706,0.26406962444370174
0.27144344810079407,0.2649802620268405
0.27115823130888933,0.2652712794287856
0.27091963584138506,0.2655378942519151
0.26984928537558994,0.2669627595532832
0.2696328517769485,0.267530031911107
0.26903566319779204,0.26838078121004216
0.2688665178781099,0.2686133789145922
0.2686809585905698,0.26900722546627853
0.2676298535313825,0.2705350785991903
0.2673880147747101,0.2707883014314572
0.2669085184225712,0.2715475042430867
0.26650973008959505,0.2720674313223908
0.26600658512969355,0.27276068711619467
0.2657255728732181,0.2730330625257897
0.2652767046209132,0.27354615955526235
0.264544352110635,0.27483917769869304
0.2643100366942435,0.27509395172836243
0.26386818014173646,0.2756558660473657
0.2636410160402005,0.2759192864142204
0.2631375630242062,0.2764616882510983
0.26261760120340155,0.2774662374709621
0.26210156274704166,0.27793255238626974
0.261813025360489,0.27833590048834095
0.26132755648010214,0.27894838563386426
0.26073653761397786,0.27951707453714186
0.2605075124849555,0.2798233945155342
0.2600224352114474,0.28027481303636503
0.2596938902692769,0.28058736999505013
0.2592109759534829,0.28102403460319164
0.25886020549746425,0.28132379467941426
0.25817586888477767,0.28195989651382786
0.25794544234823474,0.28218711447456596
0.2575517444600563,0.28254470211612026
0.25713485291215593,0.28294731984219346
0.2578420841924242,0.2822538677570962
0.257376053847806,0.28270077072227723
0.2571708150238379,0.28290160054435876
0.2574491969521542,0.28251317593414216
0.2573812739113793,0.28250243881499915
0.25712311416963124,0.28274809612197765
0.25721083975807707,0.2825443637762342
0.2569802090573782,0.28270214721019216
0.25666920877193933,0.28297192685722306
0.256422357224118,0.28311712002775413
0.257191086844377,0.2820738402871239
0.2569604502494868,0.2822501733493989
0.25725889322910356,0.28174750020286493
0.25696924059994364,0.2819806637359214
0.2571893024292369,0.28148996530205295
0.2569370752003943,0.28153036668865644
0.25651630799485453,0.28182903563464995
0.25630929603200353,0.2819733074528573
0.25735119726166716,0.2806352405613228
0.2576329583308838,0.2800697405488849
0.2572992313120804,0.28024201356972284
0.25795511489853007,0.27940124716460296
0.25778221845081684,0.27943838261629156
0.2574210931161277,0.27938162731982064
0.2573538540093502,0.2793618932581246
0.2585060770244633,0.2775906931766738
0.25920408679235674,0.2767765781278274
0.2591780318518684,0.27674142662945445
0.25921202448071484,0.2766883783752141
0.25999121396319064,0.27576308167999397
0.260716645884572,0.2749040906823515
0.26077819814463626,0.27480090987620986
0.261615055201498,0.27394229456350255
0.26250012345598506,0.2730301635340891
0.2625931760196108,0.27291574460208956
0.2627101030125464,0.2728174903081792
0.26280891541867785,0.27270362430506384
0.2644296831271586,0.27104870397373104
0.2646809053034967,0.2708522590886438
0.2655971682284271,0.26997738706663005
0.26664127008212546,0.2689853759044389
0.26678348362933546,0.26885566037277236
0.2678614506694017,0.2679324975833857
0.268007337827916,0.26777523057908464
0.2681193287665897,0.26765260947009517
0.2698916224452798,0.26606033230860204
0.2700959397106363,0.265850759779158
0.27046958768313384,0.2654943285710669
0.2707512344502413,0.2652125855650682
0.2712890611764421,0.264757210481179
0.2717743237446653,0.2642890801808485
0.27227866240220533,0.2638584070844622
0.27253438749067393,0.26361986921485797
0.2731537712970421,0.26309703995298406
0.27770747216432934,0.2593441910589533
0.2788070058786625,0.2584175123546895
0.279189669472256,0.2580973383053899
0.27962381779043166,0.257717578225179
0.2804215242835046,0.25696135380694546
0.2817220434141664,0.25597126458864516
0.282451909183061,0.2552101559382516
0.283366246966262,0.254492651458814
0.28445125105376556,0.25358652968344697
0.2848141726147279,0.25321077898102834
0.2860520715052496,0.2522534402792317
0.2871516001694607,0.2513006153626647
0.2875209389078026,0.2509721101506514
0.28861533474912426,0.25009457856233874
0.28948913477603644,0.24926041690257847
0.28980036288074834,0.24889650268590224
0.2901488788280768,0.24848358182314328
0.2908044485848286,0.24770605752384964
0.29156260628307185,0.24707781966501682
0.2919775820686904,0.24662347140660776
0.2926058040835121,0.24581645276372832
0.29325602568268916,0.245086944702857
0.29356366913117976,0.24473092157063386
0.29412826935626496,0.24413536518957074
0.2943056496784872,0.24450882203212898
0.29455221285583916,0.24420985418182328
0.2948528906927011,0.24378913036442423
0.2949206686375016,0.2436620133165045
0.29516659753256197,0.24332922138266289
0.2951705195855531,0.24329599884138728
0.2957693065558799,0.24241527780363226
0.29568684483382857,0.24239461402962492
0.29581161816924506,0.2420076189652165
0.2960527716429499,0.241631450920365
0.2962876253951013,0.24126529149020282
0.2967381425961918,0.24055854743261432
0.29716214673266705,0.2398903042240927
0.2973638557753291,0.23957088314480018
0.29774775158249034,0.23896568040032043
0.29604203641542054,0.24050813003916022
0.29623154804057394,0.24018901208144897
0.29644968509619224,0.23985423701676328
0.2960319629573496,0.2401472424065089
0.2961324107542717,0.2398830143539513
0.29570747638697903,0.24017322963049673
0.2958175014676791,0.23995037326241647
0.2959588467281413,0.23972980053254633
0.29545186803285206,0.24014220437588185
0.29508744335440923,0.24037414849349487
0.2953716655395131,0.2400051415693366
0.2947909293248217,0.24051048624786783
0.2943167355163579,0.24088032327127432
0.2944284608046126,0.24073647493183717
0.29396588985867944,0.24108076986663987
0.2941383682819496,0.24087051078315597
0.29454338634901284,0.24036716733482474
0.2947325885190824,0.24015412544932901
0.2933486148210141,0.24152833792081096
0.2935014443726717,0.2413575543505484
0.2928849015923021,0.24205214879555487
0.29300703782629556,0.24194331048106765
0.29241624900875657,0.24256292676594565
0.29177199861057557,0.24322550211297497
0.29193644668615976,0.2430351722675632
0.2920480220196608,0.24290704714438618
0.2921908739382228,0.2428050383430511
0.292317232621802,0.2427203286724952
0.2901400023592798,0.24509973378562516
0.289450679123081,0.24597845096475304
0.2895687323617587,0.245984228788144
0.28955565788933985,0.2460908082716257
0.28965850581588365,0.24608368717396875
0.288261293560503,0.24776321485915315
0.28824067495688105,0.24778853797655762
0.2881882568407449,0.24785128273764032
0.2868736874175898,0.24951323836655384
0.2867757933034498,0.24963001144084954
0.2867555036709312,0.2497769187533732
0.2866878247417485,0.2500718220930086
0.2848713076172008,0.2526384360307683
0.28483793859835016,0.25274593071173856
0.2847292138606907,0.25306537023125436
0.2836132150646938,0.25481978037307773
0.28353290168959266,0.2549745094913317
0.28340321193204077,0.2552247965729547
0.2823429876996579,0.25703437557885106
0.28217522771197656,0.2573742262642193
0.2814588856577189,0.25873756453021285
0.2813391256325188,0.259021854470723
0.28096445400678083,0.259559970252066
0.2802004203067765,0.260911384715952
0.2798234909247304,0.26145550397153217
0.279362102713128,0.2621666757111321
0.279101703154499,0.2624366105215578
0.27870392579196596,0.26308727398612447
0.2784889671515983,0.2633586920785342
0.2778484544386672,0.2642757741318382
0.2773220821501861,0.2650941570372271
0.27711428888905887,0.2653860654436564
0.2768643284354791,0.26564191683883326
0.27632108586170856,0.26639475268622137
0.2760260562058072,0.266842499613232
0.2755137249035669,0.26739736124499774
0.27524746327029165,0.2678138412703597
0.274754914142642,0.26838716925194905
0.2741535798773272,0.26885372124035545
0.27397365698089565,0.26917613715593397
0.27371052547312197,0.26944860078939276
0.27325609738248585,0.27002077669591995
0.27291513759644487,0.27035631863717097
0.27286339349529154,0.2705043467480811
0.27252052728521137,0.2708800339151977
0.2719366743441445,0.27138472077233655
0.2714477848343837,0.27191146125560345
0.2710665136984292,0.2723397087012975
0.2708284556987709,0.272571392409862
0.27041606904150556,0.27299984996948706
0.27134599655734093,0.2719020288384992
0.2709429870372847,0.2722777245857521
0.27046882022471086,0.27272172685426577
0.27007342186566613,0.2730943803199434
0.2708577298045939,0.27195384979128695
0.27096410521425424,0.2716065634067636
0.27076246368626844,0.2717570293366714
0.2705342846733539,0.271899335961049
0.27080895200247795,0.27144193076464374
0.2705491393562069,0.2716109124289084
0.27082791287388275,0.27115320837921697
0.27064442556766266,0.27131693423816017
0.27022049182110314,0.2716491546077808
0.26998677351636235,0.27180352649232553
0.2695552720057951,0.27215793603701993
0.27087228118781925,0.270244697796711
0.27069085776920954,0.2703907794224574
0.27036498075217735,0.27065133006626374
0.27140661047030534,0.2692053372633676
0.27127350921109683,0.2692690492844741
0.27113764058096923,0.2692282601102719
0.2723210020815527,0.2675841642218466
0.2729260363999063,0.2667647662384973
0.27285002275564907,0.2667531765028652
0.27351899622743664,0.2658709422959056
0.27429309315484685,0.2648681130778717
0.27440747810190785,0.26473049387454806
0.2752082359699537,0.2637743461556283
0.2751878312462882,0.26369534089266106
0.2751697908346514,0.26358144683321055
0.2753073007482427,0.26341797600640315
0.27688385162963286,0.2616092729165216
0.2769708543459353,0.26151235655988087
0.2778079243502397,0.260593248497296
0.2779717180540403,0.2604220716438317
0.2781128589072024,0.2603040112915303
0.2791482730092711,0.259224168834219
0.2800433771831275,0.258270545549232
0.2803389021410784,0.25795523926807706
0.280608723387302,0.2576658542827667
0.28218907343925814,0.2560359558979283
0.2824706938752359,0.2557273962760998
0.28278644668240543,0.25538841000188306
0.28437294181473816,0.25384193940725014
0.2849146821884419,0.2533209987119933
0.28539603692720344,0.25284634604182743
0.2869314089904893,0.25138166023543856
0.28719427625622507,0.2511137672865427
0.2876931165247764,0.2505745674323938
0.2879855512770064,0.2502395709929435
0.2884869275930248,0.24968028684762839
