time,motor_with_onshape_mounting_x,motor_with_onshape_mounting_y,motor_with_onshape_mounting_2_x,motor_with_onshape_mounting_2_y,motor_with_onshape_mounting_3_x,motor_with_onshape_mounting_3_y,motor_with_onshape_mounting_4_x,motor_with_onshape_mounting_4_y,motor_with_onshape_mounting_5_x,motor_with_onshape_mounting_5_y,motor_with_onshape_mounting_6_x,motor_with_onshape_mounting_6_y,motor_with_no_arms_x,motor_with_no_arms_y,com_x,com_y
0.000000,,,,,,,,,,,,,,,,
0.008000,,,,,,,,,,,,,,,,
0.058000,2.765194502378962e-08,1.2713358705573549e-05,1.010368628680366e-08,0.10538201082291364,3.286834582512741e-07,0.22538200016492682,6.472632256727365e-07,0.34538198950694,9.65842989499763e-07,0.4653819788489533,1.284422750802129e-06,0.5853819681909663,1.6030025106591502e-06,0.7053819575329796,,
0.108000,2.765139253676001e-08,1.2705313780965332e-05,1.4853751033405926e-08,0.10537485715627357,3.334304575033817e-07,0.2253748516684373,6.520071604568554e-07,0.3453748461806011,9.705838605677581e-07,0.465374840692765,1.2891605587712618e-06,0.5853748352049286,1.607737255860851e-06,0.7053748297170924,,
0.158000,2.7649502276019076e-08,1.2702870484396319e-05,1.9897669056130922e-08,0.10536772322274662,3.384738624716126e-07,0.22536772119920484,6.57050053158322e-07,0.34536771917566306,9.756262415684053e-07,0.4653677171521214,1.2942024285815698e-06,0.5853677151285795,1.6127786148247231e-06,0.7053677131050375,,
0.208000,2.7648445705395367e-08,1.2703135898481476e-05,2.2985359736284497e-08,0.10536338703707705,3.41561377598128e-07,0.22536338629237673,6.601373933527862e-07,0.3453633855476763,9.787134073350116e-07,0.46536338480297607,1.2972894202867448e-06,0.5853633840582756,1.6158654326700285e-06,0.7053633833135752,,
0.258000,2.7647355587378177e-08,1.270397691278684e-05,2.4920765620824242e-08,0.10536067516494901,3.434967234158419e-07,0.22536067490175904,6.620726795808447e-07,0.34536067463856907,9.806486343625013e-07,0.4653606743753792,1.2992245883754406e-06,0.5853606741121891,1.617800541968102e-06,0.705360673848999,,
0.308000,2.7646875475570204e-08,1.2704471836298364e-05,2.601224212280031e-08,0.10535914978437345,3.445881759119912e-07,0.22535914968432144,6.631641084412729e-07,0.3453591495842694,9.817400399054284e-07,0.4653591494842175,1.3003159707846282e-06,0.5853591493841654,1.6188919013527221e-06,0.7053591492841133,,
0.358000,2.7646457204747052e-08,1.270496375082142e-05,2.6654213706963734e-08,0.10535825427677205,3.4523013878681446e-07,0.22535825423635056,6.638060628942325e-07,0.34535825419592914,9.823819861786983e-07,0.4653582541555078,1.3009579090093493e-06,0.5853582541150859,1.6195338316023068e-06,0.7053582540746645,,
0.408000,2.7646246688608174e-08,1.2705230099291635e-05,2.7097983428859548e-08,0.10535763731890252,3.4567390429254223e-07,0.22535763730400346,6.642498244051677e-07,0.34535763728910435,9.8282574388068e-07,0.46535763727420537,1.301401663003496e-06,0.5853576372593063,1.6199775819457172e-06,0.705357637244407,,
0.458000,2.764610408365061e-08,1.270541680556062e-05,2.7360632357006207e-08,0.1053572728654845,3.4593655179034354e-07,0.2253572728596967,6.645124706434243e-07,0.34535727285390877,9.830883890032e-07,0.4653572728481211,1.3016643070893255e-06,0.5853572728423332,1.620240225040252e-06,0.7053572728365453,,
0.508000,2.764603290466389e-08,1.2705511795978447e-05,2.7493036070025023e-08,0.10535708952988712,3.460689549098145e-07,0.22535708952700742,6.646448733013492e-07,0.34535708952412775,9.832207913109084e-07,0.4653570895212481,1.3017967091083143e-06,0.5853570895183682,1.6203726268061128e-06,0.7053570895154885,,
0.558000,2.7645960491567513e-08,1.2705609634045319e-05,2.762490222233233e-08,0.10535690724974163,3.4620082059353634e-07,0.22535690724864152,6.647767386185825e-07,0.34535690724754153,9.833526563478504e-07,0.4653569072464415,1.3019285739127042e-06,0.5853569072453412,1.620504491405679e-06,0.7053569072442409,,
0.608000,2.7645888440843875e-08,1.2705708207780117e-05,2.762490222233233e-08,0.10535690724974163,3.462008206862424e-07,0.22535690724864152,6.647767388830019e-07,0.34535690724754153,9.83352656850726e-07,0.4653569072464415,1.301928574691055e-06,0.5853569072453412,1.6205044924810385e-06,0.7053569072442409,,
0.658000,2.7645888440843875e-08,1.2705708207780117e-05,2.7712427029887485e-08,0.1053567865664821,3.4628834512682846e-07,0.22535678656595032,6.648642630177666e-07,0.34535678656541846,9.834401807313503e-07,0.4653567865648868,1.3020160983462338e-06,0.5853567865643551,1.6205920159274692e-06,0.705356786563823,,
0.708000,2.7645888440843875e-08,1.2705708207780117e-05,2.7712427029887485e-08,0.1053567865664821,3.4628834518231033e-07,0.22535678656595032,6.64864263176035e-07,0.34535678656541846,9.834401810323928e-07,0.4653567865648868,1.3020160988122685e-06,0.5853567865643551,1.6205920165714328e-06,0.705356786563823,,
0.758000,-0.052764952750360694,0.010071002117596536,2.7712427029887485e-08,0.1053567865664821,3.462883452252029e-07,0.22535678656595032,6.648642632983693e-07,0.34535678656541846,9.834401812650831e-07,0.4653567865648868,1.3020160991724924e-06,0.5853567865643551,1.620592017069202e-06,0.705356786563823,,
0.808000,-0.09042521795817422,0.03264315051633416,-0.014798203911219401,0.10944206073123225,0.02192016798019565,0.2236835756664194,0.03614718393667747,0.34283314765178574,0.029313402582142267,0.4626331183229449,-0.002308324689815615,0.5783850642916926,-0.05742592868647118,0.6849698948289605,,
0.858000,-0.11914244109995265,0.06114428248732938,-0.029425251677581712,0.11928990057891822,0.031887678374388995,0.22243702809467475,0.05848982232960087,0.33944794088061475,0.04751005654997323,0.458943574906773,-0.0024730234823527875,0.5680384484343822,-0.08528227695294986,0.6548855931099871,,
0.908000,-0.12716102093307408,0.07454673991771209,-0.03291935139113626,0.12364860589296812,0.03814589908955307,0.22031530221825396,0.06727061849575167,0.33670568246190635,0.048840409042199384,0.45526768496208386,-0.015609351988353629,0.5564851754597696,-0.11437967374139814,0.6246347670087989,,
0.958000,-0.13653545850760038,0.09034826706582441,-0.03617216772770056,0.12737216122944267,0.04189253139323304,0.21850835996600565,0.07397398636987174,0.3341391994807132,0.052554655112412446,0.4522102312801132,-0.018552823866853294,0.5488709240006312,-0.12375495239333875,0.6065964038949827,,
1.008000,-0.1419357772929349,0.09800747667474213,-0.03979334359823182,0.13212820757240784,0.04233502872795003,0.21960929340353755,0.0760457318931402,0.3347734921353578,0.05275487738641946,0.4524914158477681,-0.021999196436715426,0.5463608460714063,-0.13016685691692154,0.5983062280422511,,
1.058000,-0.14180703979002765,0.10225856037862176,-0.041535059928234,0.13368898478920707,0.04308259272905898,0.2187670647323158,0.07772715708565164,0.3336545181280748,0.05339679706898168,0.45116203214966266,-0.023072313583459125,0.5436400227104576,-0.13232511934837846,0.5932655276647572,,
1.108000,-0.1416682787546805,0.10458308594544749,-0.04090543301946874,0.13440915651631133,0.044477479763109756,0.2187257730198847,0.07860104771932877,0.33377026308787494,0.05278209572943604,0.4509592565302728,-0.024918027398760048,0.542407000012646,-0.1345322533561695,0.5912398876752818,,
1.158000,-0.14147489132032273,0.10569295514987424,-0.040495788153271706,0.1347594872664562,0.0451373190718424,0.21882273224473106,0.0786523410387974,0.3340462930148179,0.05193632344536836,0.45103409155336405,-0.026042229210811507,0.5422445109289378,-0.1352655098472261,0.5919460332899568,,
1.208000,-0.14097159162739645,0.1056150022238718,-0.03990017918907207,0.13435843356070545,0.04556667264232098,0.21859261164676974,0.07834246230709907,0.3340297497972754,0.05105116992055611,0.4508851328333848,-0.026651650208411495,0.5423305904816595,-0.1350238522952201,0.5938617735019946,-0.12880223401512195,0.1090203571777988
1.258000,-0.14075055435689068,0.10553511965776202,-0.03941759700955126,0.13384616589477125,0.04574099000082951,0.21839210047892657,0.07795388281150553,0.33398764336046555,0.05069740084038482,0.45085117141622577,-0.025904016636983634,0.5432212035719258,-0.13270750808271964,0.597929650950518,-0.023280238179051504,0.349693276748986
1.308000,-0.14081728862302953,0.10530803929272145,-0.03920033702096064,0.133482715557162,0.045692072269718026,0.218295915261846,0.07774242002894208,0.3339366313095192,0.05131897797384424,0.4509913266864547,-0.02320597870487777,0.5450446670419676,-0.127540797555656,0.6043257396985549,-0.022575995166935592,0.35110944560452867
1.358000,-0.14060067790898612,0.10400385335286255,-0.03929555390906592,0.1331380755968948,0.04532008121543568,0.21822740684631992,0.07745382290083785,0.3338449775062111,0.05235006169996398,0.45118977361396134,-0.019510614641099905,0.547294108561997,-0.12073813424896228,0.6117377992852779,-0.02229976459606095,0.3525159376223097
1.408000,-0.14006049940892604,0.10254554091878576,-0.039238819825434895,0.1326043116523051,0.04461292778329809,0.2184465181865306,0.07640342353946566,0.33415893920973283,0.05239535393066816,0.45173279937058997,-0.016797144809750794,0.5497756375470321,-0.11463021493106103,0.619264416428661,-0.020984060376662866,0.354046235168805
1.458000,-0.13978453679569958,0.10025998186274565,-0.038895601736606944,0.13177181686028674,0.04413802449201826,0.21840562616716547,0.07581109212898879,0.33415024498341134,0.053434698522335455,0.4520455248149235,-0.012332181184155938,0.552418417225527,-0.10581729751502406,0.6276549311150093,-0.01971470567655742,0.35547661641910994
1.508000,-0.13894048534445505,0.09853081512589336,-0.038919536958830186,0.13100860127690594,0.04344133482489168,0.21828223296667668,0.07545876594245288,0.333932066948672,0.055445322387490836,0.45225138944760174,-0.005983852860668992,0.555336094558967,-0.09398924102359826,0.6369145944936321,-0.016144595416113544,0.3573183288133864
1.558000,-0.13846256299539572,0.09595749810018499,-0.03864774639398835,0.130445251746203,0.04293659392629964,0.21844522569223473,0.07535320071840815,0.3339838062793362,0.057917198266858455,0.4527103231932265,0.0012119583741256879,0.5584671942168261,-0.08061966218965466,0.6462372681367043,-0.014363367245007697,0.3593476526970822
1.608000,-0.13810002016210315,0.09400112254887742,-0.038846781092936766,0.12997864580684576,0.041821069395029914,0.2188195029484281,0.07471992677439279,0.33422169176273214,0.0602072644331893,0.4533408868228487,0.008854720329985855,0.561797865455523,-0.06577469823824802,0.6557683389254765,-0.01027985569329845,0.3614056537104862
1.658000,-0.13745474199605845,0.09098307181209928,-0.03908361065847954,0.12956392244063014,0.04055735307341146,0.21932648087038753,0.07397090287841959,0.3345806985347666,0.06255152631168778,0.45403612050809816,0.01690224922279457,0.5650142422315296,-0.049835096191396255,0.6647445120951283,-0.005633078768707167,0.36328585824274273
1.708000,-0.1375927088099613,0.0894865872008505,-0.0394908419093974,0.12929031043990247,0.0393239803577356,0.21977911522259314,0.07377043867072192,0.3347288499313105,0.06623355131693318,0.4544919299216772,0.0273506286542399,0.568017778629605,-0.030030031927470766,0.6734097128124387,-0.0013503954080512082,0.365190731248944
1.758000,-0.13721647825605926,0.08708414615865273,-0.04014731218935648,0.1291471066281625,0.038203864711875535,0.22003766212317377,0.07428428424275521,0.33448504447190075,0.0713704425707127,0.45444966228361233,0.04015023153889444,0.5703172523298723,-0.006679721216391377,0.680802344197223,0.0034982733844231284,0.36697730797403616
1.808000,-0.13665881871201865,0.08518683883694309,-0.040728748955513164,0.1291860936279512,0.03711309853853009,0.2205132351506885,0.07500434972865486,0.33437390914854814,0.07713774223763117,0.45435494363484763,0.05431821362119374,0.5721652535135826,0.019208224248583344,0.6869140602448737,0.01137564950836728,0.3679726359935104
1.858000,-0.1357878062348315,0.08232934236220155,-0.041076318282394414,0.1291769919897815,0.036098319237884424,0.2210686419021298,0.07571190469039607,0.33434160358141396,0.0828761218523417,0.4541275543121088,0.06858176090077303,0.5732731427532519,0.0455450947999082,0.6910411860203339,0.01693684215725416,0.3690999512716654
1.908000,-0.13515413596373346,0.08031860951370744,-0.04153966019804228,0.12919812220178772,0.035012870942148944,0.22160867341770707,0.07662244191577242,0.33416374262114623,0.08930939238750271,0.4534911966613958,0.08428606021726401,0.5733860094512218,0.07435777726464934,0.6929745925083549,0.025958781619231097,0.36898048819769524
1.958000,-0.1336144931173773,0.07705967556274128,-0.042072375341703716,0.12926397198402953,0.03380755327728624,0.22222760160753868,0.0774283091740896,0.33401861043647574,0.09568082593341115,0.45262234407058477,0.10001750885663788,0.5725439567232813,0.10331356634931896,0.6924986815364581,0.0327115957170723,0.3688451712070341
2.008000,-0.13237758581141476,0.07498751526287618,-0.04197067388447573,0.12904132078221744,0.033401168474995024,0.22241736362160064,0.0794221886382094,0.3332418451337707,0.10380657367974153,0.45073823557240056,0.11822811024305221,0.569868497400138,0.13554300559377444,0.6886127368351251,0.04427392952160239,0.3665386847098984
2.058000,-0.13150231873847945,0.07292632715540197,-0.04200841309728831,0.12890351504207104,0.033488695077145414,0.2221783061452069,0.0825711952093943,0.3316813114938228,0.11361846160435851,0.4475953626238983,0.1384453844441156,0.5649990418776009,0.16973379338578523,0.6808482346494231,0.0533936440294647,0.3644288446769564
2.108000,-0.13130387942450697,0.07212232128009739,-0.04256458303477473,0.12919998191485654,0.03316869801268946,0.22228311756136135,0.08574642461767293,0.3301514755958266,0.12418660787371644,0.44382800048659643,0.16035799261968697,0.5582466655966165,0.2065048256962554,0.6690188182208361,0.06646188767248651,0.3600323142526372
2.158000,-0.1298354649161203,0.07021845044937032,-0.04307055901546339,0.12975944808380796,0.03316452902882189,0.22243205110584494,0.08939831661128497,0.3284403580168149,0.13514944714787877,0.4393765291001163,0.18220150979505076,0.5497672143984993,0.24208473730320343,0.6537575940651146,0.07603850894484615,0.3564152250325303
2.208000,-0.12897126010113458,0.06912750674646843,-0.0432322164942201,0.13023460071726725,0.03346479889554557,0.2225252710491164,0.09351959826435613,0.3264166618029797,0.14687361460983583,0.43390316765281306,0.20503671078670327,0.5388653238955297,0.2784156724159568,0.6338154581250953,0.08885867374855116,0.34984249528342864
2.258000,-0.12828183533941984,0.06836766856146026,-0.043703065748724235,0.13109743028475634,0.03361714448645764,0.22286662494647952,0.09757088579613152,0.3244043961069897,0.15836046491507327,0.42786756380597046,0.2269963430525782,0.5263008723555509,0.3123861760839533,0.6106132463851088,0.10103486392640632,0.3424382080871381
2.308000,-0.12813804885148167,0.068139703902891,-0.04446075392207438,0.13214333403173395,0.03386488806552487,0.22305589535509682,0.10215287166880951,0.32173087341639417,0.17066967777779357,0.42024710193039905,0.24961722712591444,0.5106201313747808,0.345922179067316,0.5822117246216542,0.11199537535017548,0.3342750185431516
2.358000,-0.12745674944244362,0.0675076505955614,-0.045162991027015945,0.13297376124664184,0.03437797558477279,0.22282494170890438,0.10698073073622233,0.3183699046546385,0.18276923112767346,0.4114080861092277,0.270872608646451,0.4928807494363045,0.37592544347757745,0.5508799036701582,0.12278806885918142,0.32458668454775735
2.408000,-0.12718176881695492,0.0673006429632935,-0.04570404032105507,0.13397436229271492,0.03514676931289945,0.22264874744157126,0.11224459329356576,0.31460485402201266,0.19533276039904046,0.4011863560131955,0.29206878005843145,0.4721944013351991,0.4042796175969418,0.5147235435652325,0.13258755377445408,0.31428929905071656
2.458000,-0.12691904909543134,0.06715732495310699,-0.04634580392609074,0.134854074802701,0.03601048610660543,0.2221320301640087,0.11757794173513086,0.31014765481263873,0.20746532370152165,0.3896477086694007,0.3115448487434725,0.44937586339597047,0.4285793312793044,0.47588868854847854,0.1420941528539605,0.3022766444364331
2.508000,-0.12663366416478766,0.06708092926567827,-0.046800420556762604,0.13562714590366412,0.03740869941799421,0.22111880697699346,0.12358679665656852,0.30462530706135105,0.21991715280852214,0.37618271397103287,0.3301431677463497,0.42361925717272325,0.4497368567225278,0.43348584508694976,0.15138716298697402,0.28845888903289424
2.558000,-0.12626241326985754,0.0671506690593369,-0.047117548960301806,0.13644027934785952,0.038984948688672694,0.22002472705396794,0.1296283068018146,0.2986617516022988,0.23178038642452678,0.3616296214150392,0.3467327207103955,0.3960674036013737,0.46653114057663514,0.38911480725914294,0.15973415030787652,0.2735271717572014
2.608000,-0.1261137111738658,0.06719200834027654,-0.04740241940953273,0.1370752818174899,0.04080046231238568,0.2184402107238808,0.13587917844676767,0.29165248932682275,0.24325815426685804,0.34522258874644457,0.36146174139086884,0.36590862246491956,0.4790771553055093,0.34210495867903506,0.16657633945220776,0.2581110953100289
2.658000,-0.126022079127241,0.06727181748030152,-0.04766576660370865,0.13751993841284732,0.04272911370185287,0.21644246760779945,0.1419703728271231,0.2839048459176076,0.2536826670914187,0.32772679601334215,0.3734815628901571,0.33467118694358094,0.4867335963758843,0.2949978090770244,0.17231771438977767,0.24177044735547837
2.708000,-0.12592140011905492,0.0672571334033659,-0.047700380783732524,0.1377440299643565,0.04508046184996875,0.21384734947264156,0.14835382745512657,0.27495882103554176,0.2636232037680545,0.3083200393050897,0.38340860375906616,0.30114661968867396,0.49010397230732905,0.2462276035799492,0.17713576951028645,0.22404472412294113
2.758000,-0.12579868588857443,0.06729165349479747,-0.04756120702070789,0.13771626117813682,0.0476505021311078,0.21075550022394024,0.1545797156856316,0.2652178109407197,0.2724051191906224,0.28795927722779263,0.3905799370197862,0.267109518690967,0.4890163207881081,0.19847805104954425,0.18080891326725526,0.20586804268979558
2.808000,-0.12549969438847833,0.06726856448382645,-0.047193085883612,0.13745702034094096,0.05059932814995041,0.20700300338445132,0.16092121401032772,0.25421615303801515,0.2803601798439183,0.2658063834327226,0.39530487400909614,0.23134310901960647,0.48369659639455626,0.15018336891571205,0.1832602989078109,0.18736510122927807
2.858000,-0.12378211253203707,0.06770547782645103,-0.046052345568548245,0.13697108225438517,0.054299155321257925,0.2027705979741651,0.16752957064177837,0.24250563347463708,0.2875284239326701,0.2430302369861352,0.3978465203494136,0.1958082336086885,0.47512295623876966,0.10400217467943348,0.18513890169512648,0.16932031402992087
2.908000,-0.12183338013745092,0.06843198283179387,-0.04355374450383631,0.13665774445093382,0.05948805861990371,0.1981588567092367,0.17524978346078374,0.2297693464533754,0.2947511202049442,0.21884091946873724,0.39891596685251673,0.15926168883517233,0.46377310454785026,0.0582985683902871,0.1880612774662287,0.14976461635305915
2.958000,-0.11767065136176781,0.0700965612324516,-0.039787057926485916,0.13647528769046563,0.06594272236357313,0.19323102361041944,0.18369014149085977,0.21637287506752728,0.3016097155345028,0.19412486263122974,0.3984063887712712,0.12319952124823562,0.4502473499148967,0.014975149003786312,0.18935565360588907,0.13193898547140828
3.008000,-0.11404368821460781,0.0715431916908231,-0.03461642274600313,0.13633669453973307,0.07383759810826293,0.18769548502921424,0.19301303838678752,0.2017387907091392,0.30817476381314785,0.16800784057690027,0.396235315166431,0.08648889004786219,0.43427253777274694,-0.027323102713874517,0.19251815781626247,0.11188181922489547
3.058000,-0.10727144492698,0.07413383854026828,-0.028128384848309318,0.13613962067615143,0.08293227525893432,0.181587720488391,0.2028417621628201,0.18624765079332556,0.314142652274373,0.14139108092473207,0.3925271086126967,0.05052922421607019,0.4166951722147719,-0.06701185244109699,0.1933165749823685,0.09440273292054648
3.108000,-0.10183124667935459,0.07608778900412357,-0.02018586640789924,0.13577106472837874,0.09335797233300897,0.17460142249107038,0.21324311949714686,0.16935247122124591,0.31945459910681584,0.11350337454882996,0.38706570111089256,0.014363378150835646,0.3971159109705656,-0.10521501990573855,0.19656739708743984,0.07383803461674668
3.158000,-0.09220956026606764,0.07925753046298444,-0.010891013126130736,0.1351296889956937,0.10485660936748625,0.16679177810988682,0.22387408201586748,0.15146724861003535,0.32393591455556514,0.08522806331313204,0.38016364803511804,-0.020783454871225363,0.37648983043498396,-0.14072720445510714,0.1969899584819838,0.05679711547943797
3.208000,-0.08477385124246825,0.08146387747737306,-0.00011138280385221411,0.13407217576967984,0.11750957677389635,0.15784842164680757,0.2347151798549047,0.13210261409650667,0.3274372095000335,0.055927649583959294,0.37153769834382655,-0.05567497979249625,0.35437713382698355,-0.17444162083897552,0.20018239986851508,0.03576428299764267
3.258000,-0.07200336193441141,0.08478604375042624,0.01202693379274862,0.13249856141825386,0.13104070598976847,0.14785180301199718,0.24546553142993321,0.11169991062739548,0.32990454675673975,0.026435306654590096,0.36162515847655596,-0.08929629141663961,0.3317208261177861,-0.20551045107963514,0.2033963324370769,0.014369617380026331
3.308000,-0.062361363151195434,0.08692590909853694,0.025642449701905726,0.13023358033667592,0.14547860660411077,0.13650219253636375,0.2560396289191605,0.08985178691485762,0.3311470170664869,-0.003737102627047101,0.35014383531806315,-0.12222389892231617,0.3081192042034131,-0.23462465683647588,0.20337416300780525,-0.002210035617801101
3.358000,-0.04612214302578538,0.08986323558226815,0.040576085837873754,0.12718404132578637,0.1605315175298465,0.12391381081519179,0.2661864566885815,0.06701887403375231,0.33121247143847127,-0.033835562684456144,0.33758329206485765,-0.15366632937042213,0.28440004268126157,-0.26123743136813415,0.20347241206047392,-0.01827286481481423
3.408000,-0.034066965282740315,0.09153587261889208,0.05692129656730281,0.12314535915760336,0.17617853213300003,0.10981450152473547,0.2757847990480897,0.04289222129430771,0.32992150683362403,-0.06420220839343882,0.3237236471787429,-0.184042045408091,0.26026286483910616,-0.2858886413494441,0.20618884982643668,-0.03996750808008172
3.458000,-0.014075209222892878,0.09342000478308302,0.07447927256935188,0.1180421393778334,0.192119591732627,0.09436186684640438,0.2846391802877871,0.017941151503090114,0.32739436338670286,-0.09418375348317148,0.3090329049860817,-0.2127706703222657,0.23634285726888335,-0.30824923840364915,0.20633964240309838,-0.05557979992934979
3.508000,0.0005541471424086804,0.09413457651064962,0.09330801647749222,0.11164789867335811,0.20829529818424114,0.07732698601514426,0.2926294100526945,-0.008041378004316604,0.3235121363646127,-0.12399937563942226,0.2934003686294549,-0.24015996036532616,0.2124835288392832,-0.3287740960230848,0.20870252264381642,-0.07741195726344503
3.558000,0.024479179996991295,0.09416348677230141,0.11316765591078874,0.10392046094394691,0.2244098492993806,0.05891852309572641,0.29961716105447156,-0.03459008751619831,0.31842996781832994,-0.15310623958698455,0.2772061898694131,-0.26580317890486665,0.18908099486838822,-0.34725224277935995,0.20902898116626292,-0.09265343208715214
3.608000,0.0416756440428663,0.09339546033004203,0.13406986176435387,0.09465976362885914,0.24039702828425746,0.03903123084352936,0.3055653503199227,-0.06173131082278516,0.31220947262412097,-0.18154723480122326,0.26059346140865447,-0.2898790740093008,0.16628356544235798,-0.3640790977480179,0.211609647222276,-0.11387513375872613
3.658000,0.06880600934088191,0.09171935213086808,0.15558459106759737,0.08480586804866228,0.25630380969157923,0.01957060917913267,0.3114779930382281,-0.08699303139320508,0.3069444714094584,-0.20690736407133614,0.24648176852363934,-0.3105618939276872,0.14738479191517947,-0.3782360339448487,0.214450522111587,-0.12661263218258428
3.708000,0.08776042085449455,0.09096435835964331,0.17765658953811536,0.07571718519266014,0.2726758578732561,0.0024277681868297013,0.31873906630505744,-0.10837918479432772,0.3048249304541744,-0.2275697751256252,0.23761632036646158,-0.32698306764769075,0.13536887162758807,-0.3897959582545673,0.22271744911699465,-0.14162400256840071
3.758000,0.11785729710282866,0.09205104577970452,0.20039678868990768,0.06829447373816624,0.2898633014918464,-0.011678916130342762,0.3278383264062646,-0.1255116771561095,0.3062326561194295,-0.24355063263885074,0.23401768239749918,-0.3393890256259044,0.12981796398583662,-0.3989072470621185,0.23077498989879736,-0.14934788147450057
3.808000,0.14013811996795608,0.09571381402225651,0.22455609416580527,0.06375619792731554,0.3084411805902939,-0.02205343017790387,0.3389774120873426,-0.13810315471854487,0.310880501414043,-0.25476747493092433,0.23493413688231146,-0.3476768378305447,0.12967523551438648,-0.4053011702155487,0.24459427917936502,-0.15583671885950703
3.858000,0.17703665854093834,0.10447018018457412,0.2509728222419885,0.06216632597503849,0.32823547400336395,-0.029651333779501188,0.3505759799582238,-0.14755341940007394,0.3156505895124555,-0.262358546037392,0.23588255340592965,-0.3520081997774259,0.1295247428640632,-0.4075781209285344,0.25504321272424063,-0.15814267682196417
3.908000,0.202520872961984,0.11075001440674782,0.2790799280783232,0.061922973845830044,0.3486574769814715,-0.03584698413723833,0.3621829285149656,-0.1550823067485669,0.3203209595746924,-0.26754374705542594,0.23688084451152241,-0.35378612178049607,0.12957640971376364,-0.40750537598185643,0.2695721265587502,-0.15936813840323877
3.958000,0.24002921376573588,0.11889188033063715,0.30662568423736314,0.06155286373759091,0.3678375354592305,-0.04166103682813113,0.37242336974667944,-0.16157338032899063,0.3238977409833055,-0.27132429537321523,0.23711412048104644,-0.35420133207459603,0.12904978826062818,-0.40637508123664134,0.2795850330354278,-0.16086822416438634
4.008000,0.265357073562342,0.12339466971079609,0.33300249074632515,0.06020131556790331,0.38546025598908973,-0.04772543211650862,0.38138865120009424,-0.16765633736799923,0.3268825561218837,-0.2745632389194124,0.2374349416937803,-0.35455776543915846,0.12907521088756435,-0.40611519690738235,0.29215999427765704,-0.16180860945182163
4.058000,0.3047651584686875,0.1283145703042472,0.3591655561616325,0.05780377980370105,0.40226004744748767,-0.054191152317414504,0.38947767924097815,-0.1735084229157362,0.3292259092038482,-0.27728570466561026,0.23733190496236542,-0.3544575388051867,0.12878698298042607,-0.40562393316647316,0.3042188659706255,-0.1628557493072076
4.108000,0.332455250631999,0.13000565636671238,0.3856299894038934,0.053868973279118826,0.41868749970354224,-0.06148786879272608,0.39715457709152924,-0.17954011673314027,0.33145834128999857,-0.2799592613297244,0.23744137194869208,-0.35453009661990875,0.12895786190469702,-0.40582656870653877,0.3145682137854982,-0.16584280330410914
4.158000,0.3760167016118522,0.12963146348171958,0.4127287188350284,0.04815856513156477,0.43498670170816633,-0.06975912734254658,0.40448726827293624,-0.18581852834104376,0.3333596306628523,-0.2824666486952885,0.23721287376030992,-0.35427055622909487,0.1287463285627394,-0.4056028908039355,0.3269589505536223,-0.16813512404527473
4.208000,0.4049004336722262,0.12781093968313129,0.44001116459031997,0.04046986261315526,0.4508989645607345,-0.0790351824873789,0.41149791919904993,-0.1923822496027434,0.33524906779814256,-0.28504352878346506,0.23724695726580672,-0.35429370082092504,0.129016441160823,-0.40612183388036116,0.3373259995227946,-0.17220463487652993
4.258000,0.4468662336002328,0.12322617005778558,0.46586088297544936,0.0321627108728567,0.46524345186627547,-0.08783570069505375,0.4172792048713799,-0.19783311434737932,0.3362880225459396,-0.2863793078596317,0.23664422460343573,-0.3532456935221809,0.128766023919274,-0.40580322216581594,0.3476608277835192,-0.17392620437026585
4.308000,0.4743342533414602,0.11835067445292873,0.4897860947277762,0.023124688688588857,0.47784608054905603,-0.09627981734619784,0.4219798116829296,-0.20248226554292093,0.33692906731442795,-0.28713668587856306,0.23615846983363456,-0.35229255041402335,0.1290822757249146,-0.40646531714409545,0.3571708366852248,-0.1785582217660288
4.358000,0.5157002033723322,0.10762277318842745,0.5127797818864709,0.012948389832784013,0.4895392284910462,-0.10477958763168281,0.4260973280647346,-0.2066379464948484,0.3372439742232728,-0.2872920320151957,0.23544159317918034,-0.3508237187057988,0.12923413829711822,-0.4066804687676696,0.3667262482569807,-0.18111405099001715
4.408000,0.5435548705240414,0.09766603930552498,0.535287878660185,0.0006953075755801452,0.5007193662431412,-0.11421778110135251,0.43002887642630794,-0.21118609886265033,0.3376852439414305,-0.28781933929718817,0.2350636398474244,-0.3500190689844854,0.12998155327209615,-0.4079652084674139,0.3762604170977254,-0.18745767695245852
4.458000,0.58297054039604,0.08004910038989235,0.5574483671192997,-0.013556719973361775,0.511510512319709,-0.12441570019784208,0.4337122990476877,-0.21578001495848048,0.33789912378922593,-0.2880284436396026,0.2343345710185497,-0.34864513613770653,0.13024815354485392,-0.4083612788253532,0.38517468094573354,-0.19139158968440526
4.508000,0.6062260005709649,0.06814706521494936,0.5765069817650099,-0.02741289979733849,0.5202457747507944,-0.13340665709135768,0.43632863571975433,-0.21918493975570733,0.3377227126781348,-0.28757259903068344,0.23365375608300937,-0.347319166071827,0.13100314625074722,-0.4094710148059125,0.3923048678488098,-0.19706104913695827
4.558000,0.6388274370273631,0.04768221632175382,0.5928630928479669,-0.04081998765773591,0.5271548410583923,-0.141231270125185,0.4378716376473506,-0.2214092570583985,0.3369368934247301,-0.2863105467891439,0.23265017846414343,-0.34567620254000175,0.13176939720317055,-0.41066133908810565,0.39866450100068407,-0.20015708318680472
4.608000,0.6599487751696075,0.03203714955182167,0.6080977016548191,-0.05508928967408606,0.5333977756514868,-0.14900372442773113,0.4392123048222313,-0.22336162303084822,0.3362649333392272,-0.28502067512168344,0.232038019694148,-0.34449126005256525,0.1333951662256756,-0.4128256398302249,0.40549103771588746,-0.207036301751987
4.658000,0.6886106831500076,0.0060179928951717004,0.6222610044841489,-0.0702841988480595,0.5389792340297546,-0.15667949218040236,0.44016500555855387,-0.2247658215838985,0.3352607588830453,-0.28303329990108694,0.23106221353952044,-0.34255357500372247,0.1347213528802541,-0.4140968386099615,0.41222641716981856,-0.21474732222526946
4.708000,0.7067648537818696,-0.013592502733511288,0.6345770441957284,-0.08627421752146826,0.5437319268429492,-0.16467807337274293,0.4409229800340319,-0.22656765602928436,0.3343496361787096,-0.28172309384467376,0.23032633541071823,-0.3415491155418009,0.13649071379248712,-0.416348019939612,0.4167539205796603,-0.21876653786749364
4.758000,0.7291145912165429,-0.04226383391364864,0.6462429922495551,-0.10337124707303669,0.5481912748865312,-0.17255116259710118,0.44152235412307383,-0.22752152910186876,0.333179625283324,-0.2791146765250709,0.22913536822812497,-0.3389042452034484,0.13765708154185485,-0.416568412566095,0.4227883372688648,-0.22733675039613166
4.808000,0.7405519161295468,-0.0591609458364353,0.6545426203200304,-0.11777968452280027,0.5510417453835187,-0.17850504044637272,0.44159773682284686,-0.2277189500184687,0.33215744806671815,-0.2769411310167245,0.228670143716999,-0.3376896108593579,0.14024301496634017,-0.41881077269887074,0.4248208920306939,-0.2287651083993156
4.858000,0.7555659311255559,-0.08794852586937434,0.6608794772308901,-0.13033977829311272,0.5528863301631377,-0.18266071278754975,0.44121696393989307,-0.22659193911311382,0.3310216576172438,-0.27409977493095466,0.22849763464153328,-0.3364602168178574,0.1437785701345181,-0.42144656925182156,0.4265845021308015,-0.23124757443103267
4.908000,0.7634194545021594,-0.1072968292568437,0.6659701128086727,-0.14466275875226964,0.5539234992717446,-0.18762269780473903,0.44015448404524743,-0.22578827271626012,0.3291579030600015,-0.2713926474176518,0.2275981102686323,-0.3353114118910457,0.1467778275035332,-0.42401361832040235,0.4300947569296552,-0.23918320143026328
4.958000,0.7732885290435828,-0.13712861686333055,0.6698207244184274,-0.157556813522714,0.5546236170831997,-0.19116672962158082,0.43911124061273366,-0.22367658782572264,0.3273651380942652,-0.26741225487104314,0.22670821298777,-0.33274359056571384,0.149644983821559,-0.424728690894146,0.43355345316685034,-0.24620465051274773
5.008000,0.7785305697374173,-0.15979572686285862,0.6736369840427636,-0.17253750124479683,0.556082299390337,-0.196639287753101,0.439135630583932,-0.22353680905372392,0.32671540406735855,-0.26550933183718556,0.2270205001298995,-0.3322994967485532,0.15381875725155847,-0.4273863246298335,0.4350496390137973,-0.25089641825982567
5.058000,0.7822581473315929,-0.18950102327595442,0.6764035993782711,-0.18831290060028885,0.5572557368822689,-0.20258829383597188,0.4390997059694609,-0.22354425604868688,0.32589016945346827,-0.26333873859931356,0.2268234032625468,-0.33105709526662525,0.15691103353907188,-0.42858791355821035,0.4353972765913031,-0.25367447151071054
5.108000,0.7832094076784362,-0.20899414303362948,0.677443229616734,-0.20131454950680414,0.5575649649281514,-0.2067184050982506,0.43864297447734024,-0.22276708688886543,0.32503063357601875,-0.26139655743819473,0.22718508872181598,-0.3308677698371746,0.1613900519911542,-0.43122220741524453,0.43778519591048465,-0.26177013210847866
5.158000,0.7820351698926887,-0.23370425182320848,0.6778997560011101,-0.2134258850202392,0.5579463819354309,-0.21008103072457646,0.43846441395465874,-0.22121922301245467,0.3244155507213323,-0.2585402197192148,0.22761312643747378,-0.32945771158665094,0.16554710923972438,-0.4321602408116346,0.4376311759005853,-0.2625548422461425
5.208000,0.7799927308787837,-0.24896462092717817,0.6772594290575467,-0.22289511010570395,0.5577824753552524,-0.21170325887278346,0.4379934274708616,-0.21881550232693572,0.32378573902422686,-0.2556476065252629,0.22851482952446556,-0.3286096089860526,0.17081046713060555,-0.43382465810317306,0.4393730110042039,-0.26890407426476237
5.258000,0.7754945168218634,-0.27081314556613434,0.6762510959559046,-0.23183805268313762,0.5577284418708439,-0.21306625285911893,0.4377697802345985,-0.21621577638511172,0.32336971568080697,-0.2524459465487795,0.22946298684082633,-0.32715555957531267,0.17570441476258702,-0.4344403018647396,0.4390349779712968,-0.26928397296960416
5.308000,0.7717480127803652,-0.28355354087263535,0.674818258632202,-0.24033299360877838,0.5576491405521714,-0.21442164921394186,0.4376500144298716,-0.21396368645960123,0.32314674551558026,-0.24986635220939618,0.23074201716617482,-0.3264259118912056,0.1809998447368827,-0.43563083981121553,0.4405693100818337,-0.2749772198729439
5.358000,0.7660520756873515,-0.2957765398381772,0.6733611747643611,-0.24578954394149355,0.5576910576948961,-0.2138454675404431,0.437733401965997,-0.21065786153986937,0.32332849442357486,-0.24687273597299214,0.23274932554027006,-0.32558368924132297,0.18726944026188796,-0.43663133683034283,0.4408511081965086,-0.27338802710620114
5.408000,0.7616441111224775,-0.30381837619128077,0.6717558121445156,-0.2486683486027589,0.5575416593304285,-0.21185629491160585,0.4376423011797137,-0.2069426491117333,0.32359216383644707,-0.244259752053709,0.23531130292352698,-0.32554006699203586,0.19453548515716002,-0.43839985914798474,0.442234939872465,-0.27705516533424446
5.458000,0.7544211799205903,-0.3156591917327252,0.6699134122308186,-0.2522556068417158,0.5574032623032033,-0.21052472902605635,0.437598182572355,-0.2036878532274838,0.32381105582693687,-0.24179939724005514,0.23756211773234404,-0.3252327279751701,0.20090588645284102,-0.43949698620311983,0.4420067107762995,-0.27594533598539495
5.508000,0.7495875418262454,-0.3220780805201584,0.6679752336325375,-0.2554314131271965,0.5572132884571239,-0.20926008543393357,0.4375090389848942,-0.20084030762865973,0.324054169269201,-0.23992985275002265,0.23989651394908174,-0.3254721759065746,0.20720436550354082,-0.4409330932336717,0.4432502943649239,-0.27966896611314984
5.558000,0.7425275981709726,-0.3296931410593867,0.6661352405986618,-0.25758797248031085,0.5570986656625467,-0.20747784050881274,0.4374954586129795,-0.19772730906389477,0.32438435097142726,-0.23780070832202108,0.24219157535441482,-0.325232668361651,0.21301981795519032,-0.44163287699651865,0.44317788747264736,-0.27788202265147594
5.608000,0.7378832770669246,-0.3341065550755565,0.6643886640283763,-0.25890174556165035,0.5569513722414127,-0.20544869762719795,0.43742079703897513,-0.19484484965703072,0.3247698927538264,-0.23619426033890495,0.24466620114696075,-0.3255441265444686,0.21891857182139918,-0.44274932943287904,0.44423944383199515,-0.28088465045700944
5.658000,0.7310997897282583,-0.3399830534832704,0.6627052330199085,-0.26010305868389627,0.5568581116506349,-0.20356646082164195,0.43740565384251306,-0.1921161191848676,0.3251442526103051,-0.23451161179176214,0.24680070350294608,-0.3254087421824559,0.22377327045079565,-0.4431785911550546,0.44402783354562614,-0.27937702338391207
5.708000,0.7267661638979888,-0.3434262203122155,0.661104338353189,-0.2611798584128514,0.5567401952470479,-0.20195042625517406,0.4373462400903556,-0.18990536618717174,0.3255077735344064,-0.2334043017881014,0.24883292920629307,-0.32571339260400956,0.2281369628657659,-0.4439152410550037,0.4447672689650247,-0.2820280460850909
5.758000,0.720647650172318,-0.34791320954210775,0.659614051888536,-0.26215434055398784,0.5566745496056726,-0.20048215176717415,0.43734134092124505,-0.18784944401788922,0.32584650243352137,-0.23222174382978078,0.2504817531182811,-0.32560351164690327,0.23140342530123914,-0.4440772108704248,0.4452781944309217,-0.28419377650173255
5.808000,0.7168805133643043,-0.3504798439367748,0.6582495220559409,-0.2630031309590405,0.5565795070294273,-0.19925983292302368,0.437284881475664,-0.1862678233022061,0.3261481837304004,-0.23152966610912137,0.2519361057145594,-0.3258300769065865,0.23400511531027585,-0.44448284587183867,0.44479124990675156,-0.28317628109526327
5.858000,0.7118194162518967,-0.35369301821785365,0.6570369086323673,-0.2637420126932657,0.5565306647780579,-0.19817910438149178,0.437273175130825,-0.18485051994652058,0.32641429503358343,-0.23078861637623138,0.2529925514049888,-0.325705672601848,0.23552004538054727,-0.44442682292151875,0.4443042388726095,-0.28240439057142225
5.908000,0.709035094349416,-0.355238389450592,0.6560324905466747,-0.26429344310905234,0.5564764660899003,-0.197296443218295,0.4372293153195886,-0.1838756744935705,0.3266591746473937,-0.23050446379514938,0.2538456345943789,-0.32588888802126714,0.23633522906330534,-0.44460445438952967,0.44447340592029133,-0.28435928189284476
5.958000,0.7056918763413405,-0.35674752317035335,0.6553056247682516,-0.2645373894975663,0.5564900223360685,-0.19645305417757722,0.4372359532350485,-0.18309389990609978,0.3269222820560248,-0.2303262400027563,0.25445889578070674,-0.3259769464795724,0.2363786533785628,-0.4446070642181959,0.4441267798007741,-0.2838821586865008
6.008000,0.7041553530997654,-0.357178936231967,0.6548840736063275,-0.2643711739488397,0.5565318040435726,-0.19561922072672977,0.43723934953110816,-0.18260729172324985,0.3272026155707095,-0.23048126355898146,0.2549151919793785,-0.3262650220492781,0.23578332982431133,-0.44473008799903163,0.4441619094350143,-0.2853614392528469
6.058000,0.7025810022755284,-0.35735484879780655,0.6547666732561426,-0.2639164106783688,0.5566524049905796,-0.19482523640326233,0.43730700290463287,-0.182308247909871,0.3275136104852141,-0.23073769123761856,0.2551518798882262,-0.32646532541400947,0.23447144413255938,-0.44466989206418467,0.4439790157022654,-0.2864735464447242
6.108000,0.7018924117812804,-0.3574442335045965,0.6548009297075919,-0.26341149957369003,0.5567203362137503,-0.19427252952285967,0.4373118829465804,-0.18237205523230843,0.32770981278472555,-0.23123294159443578,0.2549535686364069,-0.326661076528266,0.23207052370378023,-0.4444590657042907,0.4434963062807623,-0.28623764517110695
6.158000,0.7013832364478333,-0.35741332816137666,0.6549672920091387,-0.26298365727863493,0.5568525636055248,-0.19389313643615594,0.43739634502829494,-0.1824820960265758,0.3278406081877617,-0.23144678253969264,0.2542454664061921,-0.3262294555667321,0.22845082570453834,-0.44342432111583596,0.44279408032815654,-0.28684698733261527
6.208000,0.7014445134657809,-0.35734934622050546,0.6552465493189005,-0.262694246091699,0.5569351061961089,-0.19388392600005783,0.4374300062613598,-0.182996727573207,0.32782676110067727,-0.23185497815841868,0.2530075813897717,-0.3256744342823338,0.22357927713780612,-0.44201004752631734,0.44192904701010516,-0.28690299858284796
6.258000,0.7019761603319589,-0.35718739055142423,0.6555907651969393,-0.26252320992308326,0.5569863427060964,-0.19413338710384087,0.4374405134744076,-0.18370291667782906,0.3276748872140893,-0.23219525928653467,0.2512820273683744,-0.32473784929023497,0.21765764280327926,-0.43993073432493923,0.4409061103257855,-0.2871896121358063
6.308000,0.7027953718560439,-0.35689773118154355,0.6560384000117891,-0.26241377305260105,0.5570216720158037,-0.1946222722802402,0.4374406471030681,-0.18460336611141515,0.3273882899864917,-0.23244141261297624,0.2490035692442114,-0.3233030412256899,0.21043915726241785,-0.4369374819929963,0.4394926661765971,-0.28717935367187264
6.358000,0.7047251564219023,-0.35612889377816415,0.6566485789991471,-0.26225852114904147,0.5570678996624245,-0.19529817241311542,0.4374489596149325,-0.18574258860496978,0.3270561177724849,-0.23278959137824268,0.24648689961267173,-0.32171990727285976,0.20265470309918698,-0.43342818158055485,0.43794592658170656,-0.28679121224159915
6.408000,0.7059172408644141,-0.3554786996322143,0.6573917117879542,-0.26200267788954745,0.5571205231622367,-0.19608083985943078,0.4374672593347188,-0.18696511418443257,0.3266273963397234,-0.23294907629329736,0.24352322270990712,-0.3195152147366081,0.19380075051965706,-0.4287291138434628,0.43632493712149634,-0.2863421065075976
6.458000,0.707653670378826,-0.35493211234459315,0.6578221192793177,-0.2618743271097494,0.5570236817724334,-0.19676154037649127,0.4373742980430841,-0.1875950266887844,0.325848559792414,-0.231889605450107,0.23971452145257266,-0.3154415500071952,0.18344780379939407,-0.42143238208496253,0.43424151058889154,-0.2855392444738477
6.508000,0.7092015982777188,-0.35435519627107187,0.6582917308666367,-0.2619364899481582,0.5569555225884792,-0.19766384497530914,0.43732848855115936,-0.18821012996829192,0.32496577392116904,-0.23033637310697375,0.23541137948061763,-0.3102113406273812,0.1719846080658758,-0.4120791209502198,0.431750471837933,-0.28307829938405
6.558000,0.7118358673317728,-0.3536583878781074,0.6588545434216116,-0.26206221307294375,0.5569074101029937,-0.198763066095153,0.4373066917209408,-0.18898205579473604,0.3240844674743044,-0.2287404251859016,0.23107356163756498,-0.30456239690537856,0.16049109881724388,-0.40160937492230575,0.4296021173718084,-0.28207090230791815
6.608000,0.713978221705237,-0.3530811860595584,0.6594931121688768,-0.2624035908601404,0.5568830195479209,-0.20018487267727503,0.4373221554801963,-0.1899281781132789,0.3231650754330842,-0.22691683955320124,0.2265025988433212,-0.2980249658084572,0.148493146334172,-0.38920898479875365,0.4270336877412836,-0.27885655155335504
6.658000,0.7174297064319531,-0.3517777763003544,0.66022789468043,-0.26286915771637476,0.556839829300403,-0.20195193570998918,0.43731373961990955,-0.19129764616583642,0.322275206101907,-0.22544637683078733,0.2221273242668712,-0.29155539107208184,0.13706185226616752,-0.3761950122509212,0.42455195803226153,-0.27519820901651204
6.708000,0.7190227953394456,-0.35109478258617893,0.6607632059121533,-0.2630339847433827,0.5566330986082254,-0.20339405891993334,0.43717115681085117,-0.19204309150763554,0.32118140291327657,-0.22280633239755673,0.21742448161145056,-0.28309315750391617,0.12525158039883066,-0.3599316653083904,0.42186676095664705,-0.27188528366305487
6.758000,0.7213864002154337,-0.34988051243713747,0.6608593811323922,-0.26345653813204883,0.5562826378723568,-0.20460329039565248,0.43696319778965825,-0.1918411895361717,0.3199378048771398,-0.21839410677076482,0.21251924310188808,-0.27188478433362173,0.11345880853750367,-0.3396124028057995,0.4191217666624937,-0.2675548328948544
6.808000,0.7229526937583415,-0.3492030106249406,0.6609296350896762,-0.26371383977217366,0.5559725865145246,-0.20554152716219354,0.43685731809391115,-0.19099667140199192,0.31883860798829117,-0.2127126577946335,0.20789828229499718,-0.25845371304115733,0.10239645243748274,-0.3156320646850768,0.41647772168545916,-0.2600097598339315
6.858000,0.7254082590412193,-0.3482251956193351,0.6609332379036368,-0.2643334715632182,0.5556280645286688,-0.20679374215415752,0.4367678611911898,-0.19029367965205946,0.3179210440510218,-0.20688988571403077,0.20393309002696314,-0.24439650296231133,0.09301907727977965,-0.29020132559396705,0.4142365823046686,-0.2547662880440674
6.908000,0.7270513576206602,-0.3475398010110228,0.6609305517198322,-0.2650461674256741,0.5552964913848055,-0.2081124753169068,0.4367652549907212,-0.18939494345799157,0.3172678680461942,-0.20036647541253405,0.20068879756509017,-0.2288150311889027,0.08537218604360097,-0.2620126080161557,0.41246627337648933,-0.24595549244233095
6.958000,0.729243053554576,-0.3464889092335627,0.6607265298444055,-0.2661068572396096,0.5547865933020286,-0.20974437108616545,0.4366488771103383,-0.18868540594038616,0.3167594200262304,-0.19383497680373016,0.19828211694742104,-0.21289091171047697,0.07997455259150477,-0.23297374557845868,0.4109679226234374,-0.2392305644251545
7.008000,0.7303234688532451,-0.3456916613893159,0.6605566767498716,-0.2666254824465951,0.5544773891400113,-0.21052570757909683,0.4368919427631918,-0.1865744487319279,0.3169005536320777,-0.185136904163751,0.1972129866778064,-0.19379059219641437,0.0773503353993874,-0.1995303507721726,0.4107682727181179,-0.2269796958329412
7.058000,0.7317342868762272,-0.3448817488629441,0.660320163149718,-0.26712692704718743,0.5543480480948582,-0.21082496588419164,0.4374947381991334,-0.18352471009026666,0.3177891291681145,-0.17512428352295217,0.19780642552583083,-0.17308692575174506,0.07812239881487382,-0.164384411732741,0.41051087449695195,-0.21839936519823822
7.108000,0.732429777072795,-0.34437796862461345,0.6595928958164797,-0.26817061491036265,0.5538774593436548,-0.21138816611357214,0.43798343708887805,-0.1802662187836043,0.31905477817944794,-0.16426702849145391,0.19981541153567905,-0.15077727525453968,0.08220868861841057,-0.12693070894698102,0.4120910599370414,-0.20549065519219362
7.158000,0.7337680240388055,-0.34290336950181366,0.6591602620496525,-0.26867719330045325,0.5537438671228093,-0.21134148295665597,0.43902346937174674,-0.17613877936960215,0.32144977533252883,-0.1521298962224762,0.20417301038645552,-0.12671021086283027,0.09077503714873325,-0.08745591599492031,0.4140723404640365,-0.19422466238178882
7.208000,0.7345498660752997,-0.3420835851164004,0.6585805871411313,-0.26912471656287795,0.5535777366749445,-0.21103511857859514,0.44029615580945475,-0.17144618784517568,0.32473957454555324,-0.13909380730526433,0.21077102909034118,-0.10152825597398152,0.1038086787570307,-0.04713105373733906,0.4183128563755174,-0.18005598832008085
7.258000,0.7354269357195938,-0.3410875676888701,0.657923812554823,-0.26984199970986333,0.5534557202339297,-0.21079610516611758,0.4418589952379994,-0.16668067742321335,0.3289576397481243,-0.12602008331372921,0.21955687186620576,-0.076710125021144,0.12095165182660705,-0.00832145281065122,0.42375414344380374,-0.16639431386521072
7.308000,0.7357922273701057,-0.3406034716327129,0.6573572946881672,-0.2703225838599701,0.5535302041719512,-0.21015668591988287,0.4439330049939479,-0.16128487469566455,0.3344521754805795,-0.11215293020876971,0.23105004373675853,-0.05125958779079243,0.142903593029587,0.030166472090108087,0.4295658951295174,-0.15427478694938213
7.358000,0.7359058994225484,-0.3403543737787117,0.6565510912827914,-0.2711609390511203,0.553596261824601,-0.20951434067620647,0.44637494316756543,-0.15562938150049785,0.34109135732736956,-0.0980501617022676,0.24500449968952231,-0.02616611765020077,0.16901021223385404,0.06670405126347201,0.4376538687917496,-0.14083698249466098
7.408000,0.7360185288297959,-0.3401105812152385,0.6558520349341741,-0.27182125941782903,0.554048770724866,-0.20829098792203482,0.44966596101746964,-0.14909445899010032,0.3494552797200298,-0.08308067744486414,0.2620509304325267,-0.0008585409752779327,0.19980215598762208,0.10173332069069518,0.44676806362675137,-0.1283912631586492
7.458000,0.7361221418733523,-0.3397780404937486,0.6552716533967917,-0.27242942327906644,0.5547862020652733,-0.20683465160707315,0.4535579767813524,-0.14239206936623172,0.3590405365894581,-0.06845660088478078,0.28118915056305405,0.022862409697725294,0.2333989216172203,0.13293554001255148,0.4570251477007629,-0.11659151243509663
7.508000,0.7362202196415787,-0.33958769870347794,0.6545957396964103,-0.2730325733741594,0.555475632814413,-0.20539231604391694,0.4578275473453279,-0.1356438292917141,0.3699608559521981,-0.05391596046091396,0.3031272772928943,0.045749844926845085,0.2713496743707863,0.16146580731978732,0.46867871136216505,-0.10546168959719379
7.558000,0.7357502021057394,-0.3390596468399894,0.654037260987107,-0.27349163018344974,0.5565671871633828,-0.2034945966143981,0.46308207909263543,-0.12825807244732695,0.3828788139120378,-0.03899757584172647,0.32835753573343873,0.06790158330262874,0.31358570190929236,0.18698891648810467,0.48207587405424124,-0.09410707979380917
7.608000,0.7357230507716356,-0.3388385811438288,0.6531250160122585,-0.27364989161405334,0.5575402536741243,-0.20109954214041628,0.46872183708736803,-0.1204069843979993,0.3970112326608469,-0.024190617740435016,0.35568907963322005,0.08847028794184164,0.3581974712241482,0.20844406829225792,0.49626287893506005,-0.08422576861939957
7.658000,0.7356852404663763,-0.3387070014004495,0.6528037623569966,-0.27381501967469885,0.559275615718319,-0.19863200439641962,0.4754489080835712,-0.1127653456334371,0.41267044302173556,-0.010496756494445425,0.3847345413879446,0.10620622290157139,0.4038068123599778,0.2246808973259788,0.5118612862955745,-0.07533332638778728
7.708000,0.735652652170291,-0.33863103893588636,0.6526527965184581,-0.27384620597350806,0.5615576484910514,-0.19573299322518495,0.4833777571585603,-0.1046950638152965,0.4304084149068173,0.002981529655233184,0.416539618878839,0.12217740415068018,0.4519498255905492,0.23683392276446824,0.5285972252146965,-0.067378819152007
7.758000,0.7356197432194392,-0.338506538980768,0.6527072523510346,-0.27362797246209947,0.564293550688791,-0.19249217667269652,0.4921358980018659,-0.0966106187029126,0.44931835971891654,0.01549048929958724,0.44935784890964253,0.13549048280210307,0.49986727465340464,0.24434266656997866,0.5457140821356989,-0.06076845250030427
7.808000,0.7356780859053218,-0.3383163904085984,0.6529872299777726,-0.2731415270294325,0.5676521744294951,-0.18877371151562228,0.5021530701294179,-0.08822587545791505,0.4701669558565199,0.027432623986445193,0.48431205682829176,0.14659602490509294,0.5490240397929191,0.24765224322334256,0.5649085807020109,-0.054408131967487894
7.858000,0.7357174474587966,-0.33598964993747094,0.653718520894347,-0.27165303227392634,0.5717045575575933,-0.18405331871738,0.5130739806354003,-0.07935157351690764,0.4918166915510963,0.03875061808067243,0.5191928841332625,0.15558616095912436,0.5961708737906921,0.2476426061849734,0.5830790952375294,-0.04777970603521997
7.908000,0.7351630555083025,-0.3337778192966344,0.6541343128579371,-0.26869074526019016,0.5757971812185059,-0.17778808409739824,0.5246563956257239,-0.06923109423058499,0.5147161256368569,0.050356493054000584,0.5553093225129812,0.16328209850891645,0.6434623085537229,0.24470108310123,0.6013273543606422,-0.0425679091582018
7.958000,0.7335387051500916,-0.32940032675039993,0.6542070561253779,-0.2645334869571229,0.5799971419194415,-0.17023137333528898,0.5367780671999245,-0.058284459217995965,0.5381998264771213,0.0617071179887041,0.5912067877405761,0.16936519737714656,0.6887542558758541,0.23925433430408843,0.6190346603722228,-0.037906544256720964
8.008000,0.7319719499838178,-0.32573479525735494,0.6539966882055507,-0.25903183796904716,0.58455478982868,-0.16116548650023862,0.5499740012844705,-0.04625609148111648,0.5631184095016939,0.07302183829895215,0.6280306094804811,0.17394956637163783,0.7334602086306943,0.23126099300739122,0.6387405201049503,-0.0308788761119691
8.058000,0.7289723709747962,-0.31904058853958406,0.6536156615098897,-0.25224876968427995,0.5894682182437463,-0.15083326040479697,0.5639241422284285,-0.03358352615979465,0.588628473102361,0.0838460103123862,0.6643783147295674,0.17691566967274436,0.7758775237294041,0.22127698606902363,0.6587010326233367,-0.023488424273286512
8.108000,0.7265860623172219,-0.313732179589415,0.6531488339316347,-0.24403096720495335,0.5950119538932478,-0.1390542879880806,0.5791523481071734,-0.020106934489525163,0.6155007295157073,0.09425562568197382,0.7012373310656178,0.17821534908952147,0.8171955023438732,0.20909742340137427,0.67634712415198,-0.019569084052835306
8.158000,0.7225125603679295,-0.3044097879825092,0.6527108757282454,-0.23445841115973068,0.601172064003237,-0.12608982306348335,0.5953066088383392,-0.006233256970054057,0.6428940893434841,0.10392767847973422,0.7373482893706312,0.17794392059747266,0.8560645173109731,0.19544984027102336,0.6968580236529728,-0.012137429570081237
8.208000,0.7195229557439501,-0.29723035807492426,0.6524166319276923,-0.2233775828056144,0.6082364411081594,-0.11180648108500912,0.6128702828260418,0.008104016832953143,0.6714636531808729,0.11282658818441299,0.7735173300655244,0.17595381712979896,0.8934473604760558,0.18005110961740212,0.7140458397500766,-0.008679191286245891
8.258000,0.7147347341160879,-0.28490866918585867,0.652383709193604,-0.21089228134471696,0.6161714706309895,-0.09648653945085797,0.6314604216917232,0.022535508823663397,0.7003998631975621,0.12075645060729229,0.808671680385785,0.17249824805152542,0.9283471008647803,0.1636781724749986,0.7350493195777276,-0.001372561307406206
8.308000,0.711410999381159,-0.27559513006759434,0.6527600222640658,-0.19685678287463632,0.625264011852765,-0.08004937980675869,0.6514920294118204,0.03704925850693769,0.7302185533623582,0.12761489452118668,0.843432117397847,0.16739791751318983,0.9615181456592231,0.14605102243560403,0.7517166551348956,0.0017804209147795902
8.358000,0.7063665035407892,-0.2598657476577813,0.6536625700672906,-0.1814078544807516,0.6354514625335521,-0.06279775557515846,0.6725566102136943,0.051321515433882026,0.7601719016703705,0.1333188367496525,0.8769367609054967,0.16099495728344765,0.9922785948046716,0.12788511957959975,0.7731078493355508,0.008819201481116423
8.408000,0.7030558208918972,-0.24814410851567392,0.6552718603870559,-0.16441840759426324,0.6470025273868028,-0.044703671109021376,0.6949793766832313,0.06528824646489756,0.7906304096243071,0.1377512018097165,0.9096391781777502,0.15314318048021242,1.02121465047773,0.1089740285635587,0.789240155391929,0.011834089776270484
8.458000,0.6983449259060228,-0.22860860246128129,0.6576950361229023,-0.14606649620328208,0.65981495627001,-0.02608522292044907,0.7183352445974194,0.07867820511661389,0.8209335316129677,0.1409163887459196,0.9408886178561817,0.1441992662006904,1.0478913949169233,0.08988162908999475,0.8108784006074521,0.018497859796525407
8.508000,0.6954891807708257,-0.2142314822001678,0.6611400664180654,-0.12625485201668757,0.6741222131571385,-0.006959152739449775,0.742849644292385,0.09141025413865406,0.8513200765554958,0.14273437443948211,0.9710093528731493,0.13410436084989985,1.072784238205199,0.07052863658624675,0.8265105645212227,0.021538532031763202
8.558000,0.6918493447006864,-0.1905641552898389,0.6656897915435699,-0.10520692369992168,0.6897727944029022,0.012351610542715774,0.7680928053334933,0.10326902299947277,0.8812324039700902,0.14326191262187626,0.9995364555013282,0.12315839573317766,1.095615970906754,0.05126453841936762,0.8418017854291221,0.024801217061095532
8.608000,0.6902301986809615,-0.17345331541912337,0.6715495085053623,-0.08287824212167184,0.7068799549639737,0.03180287904922244,0.7940864010800235,0.11423488591201103,0.9106876589609331,0.14259236569647354,1.0266090615068695,0.11157255862443982,1.1167463769260726,0.032355992375303955,0.8627216726733004,0.031693961914522895
8.658000,0.6894465797317849,-0.1468429905060997,0.6781061385114806,-0.05997971190683225,0.7233889811710247,0.051148431066363104,0.8177771397594666,0.12524887315872246,0.9364292394758147,0.14318429155088175,1.0495500128300232,0.10313818517653162,1.134536532147472,0.01841928802657586,0.8795230089911903,0.04226291223515663
8.708000,0.6890173888607148,-0.1286992083044918,0.684256912449004,-0.03711814623045394,0.737311024477942,0.07051670498801005,0.8368220792402188,0.13758048045658255,0.9564106582151931,0.1475088125796719,1.0671504253804958,0.1012843172533352,1.148940716307124,0.013475728207972076,0.8891260188442645,0.05093180020833782
8.758000,0.6842851643429528,-0.09978214590674463,0.689070785629492,-0.014010847806877114,0.7489160506821936,0.09000138344873966,0.8524945147133631,0.15059430208568692,0.972453061947546,0.15374817993119083,1.0811037603628255,0.1028067848396549,1.160795719427874,0.013089497428729127,0.8988042410883498,0.06465211012121126
8.808000,0.6778476672114512,-0.07889626970733754,0.690631361751063,0.010406315920205952,0.7575328056035917,0.11002657897169026,0.8649174852146281,0.163585243862024,0.9848598978180814,0.1598680326946334,1.0913035885042053,0.10446279184941433,1.169180827131908,0.013165827476419437,0.9028899939543064,0.07454660950854361
8.858000,0.6636319936351335,-0.04470830313782337,0.6890883865244675,0.03631087125744674,0.7632592753079146,0.13064368239478905,0.8741467283341551,0.17651276524318818,0.9936571595989308,0.1656842464660263,1.097665294779583,0.1058318629191442,1.173718724483705,0.01301012069115029,0.9038864092505815,0.08910657166528538
8.908000,0.6524488956012907,-0.020938374307562766,0.6845335723731782,0.06391164229620042,0.7660964587060024,0.1519315012565024,0.8800834088730578,0.1894411692300306,0.998710950735727,0.17134403378627092,1.1001303670780729,0.10720276791935143,1.1745643506500096,0.013077414871005354,0.9032322680288161,0.09975826805872233
8.958000,0.6375493780481155,0.01304546725641601,0.6796721050768055,0.09082806276197845,0.7681856737358966,0.17185489880442736,0.8846256086380709,0.20086768146954534,1.0019809858476947,0.17581343153662807,1.1008548417386257,0.10781372108756056,1.174026598708011,0.012703816340121356,0.9030811922739904,0.10964884341573103
9.008000,0.6282664157800076,0.03529164870684061,0.675850632254788,0.11579014713341419,0.7706036250625479,0.18942349792542823,0.8887861506053766,0.21022952239060308,1.0046507354923055,0.17899816044936032,1.1014065415382193,0.10801707848908067,1.1742485007211227,0.012654355262173084,0.9015751413089801,0.12109330324765973
9.058000,0.6155366968709785,0.06985822857105581,0.6727842486684139,0.13982522231161879,0.7731891591738063,0.20554321026898284,0.8925218994328095,0.2181803420621083,1.0066621494651267,0.18113977886109697,1.1014589147059075,0.10756278993261112,1.174341004668196,0.012230733614610988,0.9000759945973013,0.13164913401094253
9.108000,0.6081028539716917,0.09446363129530143,0.6706705514075556,0.1692893612741863,0.7772000265936485,0.22452948176328724,0.8971716258161768,0.22714010964454734,1.0089116907966824,0.18338901962506143,1.1015200453429017,0.10707589710897551,1.1749287399446666,0.012148748430930653,0.9015438957128483,0.14278662198036973
9.158000,0.5988610551230124,0.13339007056072993,0.6705634309830943,0.19481617492383352,0.7815768160586926,0.24037962880330402,0.9014243432623965,0.2343322970564297,1.0108434237092856,0.18506298780719876,1.101669340423163,0.10663688977193739,1.1757615107219128,0.012242237911070084,0.9028951664248721,0.1532002283270129
9.208000,0.5937782156742599,0.15935529211815372,0.6714576530988896,0.22002957488009192,0.7861470765991644,0.2553330610697251,0.905237005531331,0.24058216865898815,1.0120784420932742,0.18594786228127302,1.1011390528819116,0.10552269454160329,1.1759958628984617,0.011733260199849799,0.902368450653801,0.163472604545716
9.258000,0.5883215178352512,0.19894598110666425,0.6733268780555893,0.24433800646504494,0.7907424494687999,0.2691086259508124,0.9084967418137778,0.24600177341021576,1.0127500295561662,0.18657743500496035,1.1004857581870437,0.10470899223481428,1.1767728493185126,0.012079192889793838,0.9017870080055359,0.17329162012176152
9.308000,0.5866040681335073,0.2263926104726079,0.6764491400033683,0.2685854838806741,0.7956558114497758,0.28236116835253094,0.9114549380789889,0.25088796908853217,1.0128805117733708,0.18675644017517012,1.099257895166656,0.10345609420872554,1.1769309041904783,0.011985313796698732,0.9039814879427192,0.18332066875574357
9.358000,0.5874921948838707,0.2691688410527003,0.6815161572592116,0.2932003922433404,0.8014923158463041,0.2955923309308332,0.9147338431471426,0.25588897471787087,1.0132267077833368,0.18733858729550706,1.0984787775468403,0.10288691708680908,1.1778908452637933,0.012921793283648675,0.9071187748978264,0.19404855354324138
9.408000,0.5906771398255735,0.29841421622033704,0.6884670823820691,0.3179274059869158,0.8081009430534178,0.3085604758137864,0.918100295855699,0.26060067615741567,1.0133470747035953,0.18760717563100032,1.0973169330222055,0.10188050012125899,1.17825481469939,0.013285583169946491,0.9086047646508578,0.20413931120961606
9.458000,0.5988701710627315,0.34146161237186407,0.6975182376033479,0.3423119928290182,0.8156247272317705,0.3210785968401338,0.9217932344408238,0.2651478532731655,1.0137344758695188,0.18803230280375605,1.0966694115447793,0.10130401189235608,1.1794484164484198,0.014426878266540377,0.9134231041823131,0.214927575032294
9.508000,0.6053150477896555,0.3680507682848011,0.7068744843562247,0.3643251678762037,0.8223695728458564,0.3317539453838025,0.9243437170411353,0.268498321794859,1.013087781737248,0.18772400049649807,1.0952637059285864,0.1002762018776151,1.180069015302037,0.015375910346505983,0.9148262551782721,0.22307438067500332
9.558000,0.6183874561909934,0.405739467232322,0.7166427155573021,0.38394539074513856,0.8285575094067658,0.34064320930320585,0.9261421603409268,0.27080599929343685,1.0120319793887487,0.18700302211701575,1.0940411239235093,0.09939879726282558,1.181433967774368,0.017164431919704293,0.9168201845055408,0.23017566715667576
9.608000,0.6295653489409251,0.4309853690150225,0.7279339486340707,0.4025768719910475,0.8351968192497644,0.348774673269433,0.9278856298579039,0.2725592916982021,1.0107172185317326,0.18573229176287293,1.092412396185746,0.09783520450692806,1.18210251383553,0.01811266819524393,0.92229282672894,0.23903138975451083
9.658000,0.649981422000837,0.46707382086388466,0.7407293982132644,0.4209260725057582,0.8422357943787164,0.3569225449662366,0.9295817940647413,0.27463842536318706,1.009319481521559,0.18496177734912023,1.090834303472824,0.09689740429024046,1.1828891288204482,0.01991747748968814,0.9253961802149968,0.24578377803430362
9.708000,0.6656718237599054,0.48944781221956374,0.7547491757432006,0.43761519670186166,0.8495889301210762,0.364093628508955,0.9312719804988004,0.27618527122143566,1.0078665382873038,0.18380955083353495,1.0891799989674853,0.09555921875363504,1.18341303600612,0.0212616095695215,0.9322882619851405,0.2538491162765564
9.758000,0.6854880350630219,0.5138459554261495,0.7687848874108557,0.4516907789309665,0.8564201159810209,0.36971476955355115,0.9325993355994944,0.2769962776793329,1.0065765890523695,0.18251160030655728,1.088303698941333,0.09464421011906371,1.1851338092771067,0.02376463986434385,0.938682266355134,0.26036860402701834
9.808000,0.6970049039986237,0.5267598248876326,0.7762051467150444,0.4587262047106975,0.8576629245105013,0.3706090650578291,0.9297643878853395,0.27468535425557006,1.0025027491386405,0.17924368130168433,1.085678603584382,0.09274642418584983,1.1855633641601429,0.026241562873118407,0.9390676579374231,0.26229716472869113
9.858000,0.7222225640368326,0.5490330845009693,0.7875972450705024,0.4677270100706935,0.8617430703171196,0.3733744980700916,0.9292073958480936,0.27413456329490243,1.0005514580969241,0.17764609411474264,1.0852201725596788,0.09260957978039874,1.1881133356371083,0.030860110372203597,0.9408240685043568,0.2644842035145549
9.908000,0.7382821794886063,0.5607303646580492,0.799831365431211,0.4759514204467317,0.8658916282682224,0.3757713742025943,0.928306220717705,0.2732803080829383,0.9979933110123035,0.17558839724774145,1.0838812120176966,0.0917834543609411,1.1893389564451997,0.03452383476581822,0.9472952229096503,0.2697110304519748
9.958000,0.7663794723103269,0.5778119523312307,0.8133142747427464,0.4838396606229663,0.8708775528298557,0.37854735795223216,0.9280421359792141,0.2730380672772768,0.995889002530854,0.17405926805907013,1.082712050047339,0.09122353652913939,1.1902707005878337,0.03801510999067592,0.9501557540019552,0.27172142443202574
10.008000,0.7855979568640415,0.5872206485520335,0.8259810394608218,0.49000943204076636,0.8750510301199791,0.38050082043262734,0.9273148419658744,0.27248001701424224,0.9938037010858067,0.1725839129222057,1.0819625408945868,0.0911712667286364,1.1916878524893018,0.042587771769440175,0.957715288936907,0.27678228785789494
10.058000,0.8137489549649102,0.5976015389526579,0.8401721008522358,0.4955101550894874,0.8802567836800119,0.3824030456964783,0.9273524879060562,0.27203097207756416,0.992303252248275,0.17112805735397396,1.0815869155327453,0.09095058262099531,1.1931286559081549,0.04669631576073552,0.965449249450034,0.28125926604147156
10.108000,0.8268697386214833,0.6004922602167906,0.8501354711231275,0.49814856510845346,0.8824249608377076,0.3825743947713304,0.9255274732222574,0.27058254943717175,0.9899324765323272,0.16933041096962237,1.0809626604007228,0.09114150113168873,1.1943922148057402,0.051978557089816024,0.9659438910212419,0.2806509209518973
10.158000,0.8470816047567683,0.6038534860293163,0.8570600951133591,0.4988785702470694,0.8825146551726918,0.3816093698130648,0.9225185914945115,0.2684736766077134,0.9870827751401724,0.1673229663349472,1.080215797273423,0.09165104163796722,1.1954149338519915,0.05804808148225893,0.9662431093680426,0.2801779141344143
10.208000,0.8613188273723948,0.6054087959813697,0.8650892832941401,0.4999497516620977,0.883571977219352,0.3813816698498838,0.9204589589690236,0.267191694034259,0.985194088120101,0.16615030126252978,1.0803329163571105,0.09301615491936455,1.19699128911407,0.06489456062604082,0.9718149691681257,0.28339568833376716
10.258000,0.8822808427423684,0.6062729719371849,0.8731204039819214,0.5006857097930428,0.8846831852517584,0.38124408351031136,0.9185094166704412,0.26611030884895887,0.9834191580004361,0.1651809995266884,1.0804193453421,0.09453424690803147,1.198218620461908,0.0716578227726854,0.9727948798648867,0.2832196287804416
10.308000,0.8954850640988482,0.6059796382490545,0.8809860656155204,0.5011338062300542,0.8857036247417329,0.38122657277101063,0.9163804535499717,0.26521393477763855,0.9812276742299025,0.16424444448470943,1.079727062709246,0.09570343144030247,1.1983152622407245,0.07735025918386029,0.9778860840327868,0.2860856156203121
10.358000,0.911598824838879,0.6042499725747199,0.88698404187337,0.5010979470627714,0.8857703237836339,0.3811040851847667,0.9141362586308412,0.26450488390001836,0.9795827697930574,0.16392280708367823,1.0798887468680936,0.09805391485818549,1.1991432036760676,0.0846982220110779,0.9777906937835026,0.2862093405553439
10.408000,0.9222728962117438,0.6026978142850815,0.8923113661481137,0.5010639367816554,0.8855957992108329,0.3812519959714643,0.9118694837686862,0.2641635956076918,0.9779242182687435,0.1639799040699984,1.079843499529813,0.10063592166265312,1.1995192657463751,0.09182053849019323,0.9822024721403302,0.28902655088254525
10.458000,0.9367174936037981,0.5994113732411007,0.8976455395119317,0.5007779613221571,0.8857102563700293,0.381372982295642,0.9100782677543175,0.26387319497168515,0.9768023676576824,0.16413406277130121,1.0802241569019926,0.10327411280824755,1.2001373068652703,0.09870941502149289,0.9823995304516052,0.2890748983332857
10.508000,0.9455051711809286,0.5968303250754693,0.9022365275266278,0.5002766704695885,0.885529976154463,0.381445314585507,0.9082046568533892,0.2636070404331682,0.975587103365043,0.1643114921839937,1.0803256031146877,0.10574659937103242,1.2003228211985866,0.10492949954530206,0.9862536760688592,0.29138132730995603
10.558000,0.9576624267791718,0.5925226781618189,0.9064670403231687,0.4995965489584068,0.8854350868215137,0.38145402091746716,0.9067324212543755,0.26335904411466304,0.9749151750555186,0.1646113247278706,1.0809115146823445,0.10835498299012014,1.2008814350787183,0.11104165380875602,0.9864284296302002,0.2912486828836322
10.608000,0.9650498494122468,0.5894306344705003,0.9103976706541572,0.49883648603248826,0.8853006438837167,0.3814902494192769,0.9052328754861807,0.26315721876702947,0.9740262241217547,0.16483389913478574,1.0810145000062947,0.11048770494187532,1.200890035082452,0.115951777617537,0.9898278178050599,0.29304375752338324
10.658000,0.9750550471987856,0.5846114227655743,0.9139481446501099,0.49796304026290816,0.8852326621219675,0.3814494313445678,0.9040930606654222,0.2629408436102519,0.973595199281114,0.1651172639995815,1.0815013125928885,0.11261706676236627,1.2012406580499935,0.12052207463738052,0.9899729816083123,0.2926221964304292
10.708000,0.9810386941032312,0.5813712527733772,0.9171808618960039,0.49705605678129866,0.8851230441858278,0.38141741132200113,0.9029332400249804,0.2627464505768761,0.9729584554746359,0.165296621427568,1.0815494740529126,0.11422813129781856,1.2011625174982616,0.12385724536615567,0.992900951823003,0.29388622115878416
10.758000,0.9889935927966238,0.5766137796715164,0.9200621443385969,0.4961434707468275,0.8850763625188948,0.381356733401156,0.9020800848571365,0.2625675359687128,0.9726649878585811,0.16552233274734468,1.0818452076424798,0.11572595127298912,1.2013480329568313,0.12663808863867332,0.9929939374953614,0.29323871169107096
10.808000,0.9936114233773914,0.5735909854802972,0.9226112586357338,0.49527384128985763,0.8849863218152578,0.3813248872391285,0.9012192489498423,0.2624279062991431,0.9721893904157263,0.16566407514146098,1.0817572261500648,0.1167264682067835,1.2012043012083347,0.12823282558103627,0.9954462795808977,0.29401489329717534
10.858000,0.9992702647023807,0.5694838532929767,0.9247646540708896,0.4944726449158837,0.8849367259455317,0.3812748704623136,0.9006534360860071,0.2623085516054192,0.9720371855110106,0.16584943944887742,1.0819010959599213,0.11758018235003942,1.2013364665152062,0.1292074030119923,0.9954516593529341,0.2933131612744019
10.908000,1.0016179470297955,0.5672680815802491,0.926083777875727,0.49384249865100305,0.8845266549788727,0.3812680542307185,0.8999653848455533,0.26226534157212555,0.9717545341442074,0.16610756475207022,1.0818122325363346,0.11828180783566006,1.2012803342994292,0.1295677575574513,0.9971397877394728,0.29392033647088134
10.958000,1.0038757705231358,0.5645921566243168,0.926406688245934,0.4934073200227711,0.8837598664100456,0.3812411549492607,0.89938402730675,0.2622626459811538,0.9717601755665078,0.16654591200489693,1.0819980589215767,0.11913695638051919,1.2015247586937228,0.1297843993401805,0.9967102029929047,0.29357732592790464
11.008000,1.0047504530269704,0.5632690138485251,0.9263460025911878,0.493147941717167,0.8829545964952853,0.38126771166278944,0.8988788692516285,0.26232899829669665,0.9717374713949715,0.16697898993949695,1.0820144170553936,0.11966096741310367,1.2016413169795992,0.12911637933031161,0.9979342092216344,0.29390762890321354
11.058000,1.0051175573661826,0.5619399424514901,0.925777382680491,0.49308581165680826,0.8821332819847963,0.38130391475724745,0.8986542456610438,0.2624466147744189,0.9720310051252629,0.1674947787177627,1.082260724597452,0.12006684449032162,1.2020084874661279,0.12784330177801417,0.9988583598515,0.2939922190708778
11.108000,1.0052039374310482,0.5613054342000077,0.9251924027928484,0.49309008014319256,0.8815312551776415,0.38131484056503934,0.8986534900559554,0.262542667602048,0.9723649479370788,0.16785042411298146,1.0823715904475582,0.11990734742516346,1.2022466045943299,0.12538283633257485,0.9985072180100012,0.2934030552704539
11.158000,1.0051533684899496,0.5608542007305459,0.9246120838907037,0.4931709581418966,0.881139189101436,0.3813223666503605,0.8988395807317394,0.26263497837286304,0.9726605405865494,0.16802807647815743,1.0822169577383742,0.11906491215174425,1.2021938513896495,0.12141969235174543,0.9985536349387867,0.2926931847944687
11.208000,1.0050611713919944,0.5608070942991911,0.9242069602484659,0.4933415829544031,0.8810773134189185,0.38136018465826416,0.8992809606954064,0.2627489405629711,0.9729766738934981,0.16804444301283017,1.0818679758972514,0.11761940609735155,1.201859636396088,0.11620469385386173,0.9991464496760094,0.2917597052296783
11.258000,1.0047678102837665,0.5611360289925463,0.9239729070657174,0.4935375369837931,0.8813697609850527,0.38135477563415643,0.9000169848429844,0.2628124581167729,0.9733282674285643,0.16781005895939766,1.0812763451034044,0.115396200808078,1.201124599630893,0.10936330045134912,0.9995052678214434,0.290504753559912
11.308000,1.004273000255638,0.5617218511632505,0.9237339113390055,0.49381729781366573,0.8818600098644125,0.38136029991982157,0.9009350439048325,0.2628860703322997,0.9736844560019934,0.16745272689554563,1.0804739635957525,0.11271698840703687,1.1999535106352728,0.10155285658986979,0.9996951411088637,0.28893659301490215
11.358000,1.0030104250012921,0.5631742565720396,0.9233975972412436,0.4942033092986209,0.8825565974275128,0.3813670884552461,0.9021154798431088,0.26297177554695195,0.9741311142410713,0.16698350333487927,1.0794860988697352,0.10953502890871214,1.1982779362058396,0.0925497593402742,1.000251984113499,0.2875305944801674
11.408000,1.0023557510148804,0.5641238371371666,0.9231223553531169,0.49464386080575456,0.8834437411772466,0.3813936618186605,0.9034036776396895,0.2630653011589495,0.974463717461025,0.16636746904889932,1.0781051879831856,0.10588238352142532,1.1958259902677182,0.08260551335460464,0.9995060067799153,0.285151919734083
11.458000,1.0009646287346785,0.5657783263541823,0.9228191777219721,0.49506006502802724,0.8840342073418598,0.38150071460254203,0.9038460893939101,0.2631474749782908,0.9732740149731134,0.16527121050785698,1.0745417518363003,0.10089073628069922,1.1905314986755826,0.0701274689825433,0.9988230404686922,0.2828252719205624
11.508000,0.9996926533126519,0.5675610424674769,0.9225834827490331,0.4955603738448738,0.8851087238811811,0.38156194209690897,0.905005601813889,0.26322296183965493,0.9728413640972055,0.16423655189906183,1.0715610494149335,0.0960132148270248,1.1853052186394348,0.05777365479209218,0.9977467604315773,0.2802466321956969
11.558000,0.9973600716326,0.5706113315497451,0.9223769483499227,0.49627698411964205,0.8866700042818761,0.38171253004198746,0.9068548953807707,0.2634223353039312,0.9730363575897734,0.16332231503936706,1.0688870001657833,0.09112360101126527,1.1797137903719341,0.045108141048992634,0.9960337112320012,0.2772943155878538
11.608000,0.9955432085959566,0.5728702355376706,0.9221820555376302,0.4970532583039611,0.8884869633593152,0.3818810361559102,0.9090247733339346,0.2636516051274841,0.9734718961524289,0.16242627056763953,1.0661881129828292,0.08624423118792912,1.1734733195852083,0.03248658592691134,0.9964301222797394,0.2754787374360732
11.658000,0.9924458511023917,0.5762614031052642,0.921977395408993,0.49781852860241677,0.8905227289575723,0.38201436654323484,0.9113757867541896,0.26384013085536445,0.9738252725426539,0.16137032202714574,1.0629025925658508,0.08096366157015267,1.1657516074624685,0.019140687552873237,0.9939625898778495,0.2723118591279945
11.708000,0.9909065476789316,0.5779119938867694,0.9218930248619688,0.49815175607141315,0.8925062555857931,0.38180564401144046,0.9133334939927896,0.2636268551350646,0.9733649200257258,0.15972195684628304,1.058243278651109,0.07489469567972684,1.1557413563004817,0.004936673590457463,0.992778120542498,0.2692997265025374
11.758000,0.9890385511367082,0.5798634775726782,0.9221146587383886,0.4983257339311427,0.8938052739936063,0.38171278981527057,0.913341230908215,0.26331369189881776,0.9695862760905584,0.15731135752624292,1.0487645770937237,0.06714042734222458,1.1390454671970383,-0.011912471922459367,0.9891175837713271,0.26534965166261
11.808000,0.9876920903986349,0.5811342270083207,0.9223969187515345,0.4983687147120542,0.8949217434272673,0.38155640910643485,0.9127858258046515,0.26289354819025135,0.9647519127013312,0.15472920188036077,1.0374991359240642,0.05929418989114943,1.1193690051307918,-0.028440207673730344,0.9825364802876807,0.2608886536089404
11.858000,0.9855104635946661,0.5830927910798211,0.922718825967887,0.49837425925800916,0.8960320413332408,0.3813793212227935,0.9119313796950116,0.26243727214149637,0.9590703247065563,0.15208365931799994,1.0244664741966878,0.051468831226590406,1.0964463873990757,-0.04454623058860674,0.974841305180653,0.2565236237840066
11.908000,0.9838706846639222,0.5844374079152402,0.9230205914205464,0.4983605407317937,0.8972247627483397,0.38116593666183596,0.9111562223206578,0.26197736995267207,0.9533277290434033,0.14963163562896353,1.010959550922425,0.044376834755537664,1.0722168018026992,-0.05881012766991078,0.9694864308180182,0.2531384402979137
11.958000,0.9818993680967723,0.5861947005354564,0.9234422068945889,0.4983119107018223,0.8984421905463713,0.3809449682410578,0.9100774879424268,0.26151038424418815,0.9467043098022823,0.1472366955820713,0.9956355955854234,0.03766603677411995,1.0447636329410497,-0.07181654606709797,0.9630781590452777,0.24977311853348355
12.008000,0.9811575353373777,0.5869152527675339,0.9243871705538288,0.49811757551098074,0.8996575595136587,0.3806933602153192,0.9083831310829935,0.2610110123072487,0.9387659130516085,0.1449210189406902,0.978107742369481,0.03155338482087888,1.0139729375633724,-0.0829616263073748,0.9519434690454966,0.24638326214171352
12.058000,0.9789784929640878,0.5881217316887172,0.9250291860590557,0.4978042738013664,0.9000734767829265,0.38042790235240176,0.9052631406924252,0.260540174087552,0.9286378707883913,0.14283876376065452,0.9574160032963398,0.02634061317724412,0.9788583804399028,-0.09172811453010943,0.9429639420171007,0.24386919583223593
12.108000,0.977523186517085,0.5888217817350769,0.925193189026391,0.49742279734386974,0.9000413528965747,0.38008829628259255,0.9015471429270183,0.26009774416958575,0.917556793386464,0.1411704929099759,0.935172524173252,0.02247050963766295,0.9414708699475479,-0.09736408820664677,0.9299151760921885,0.2420789430241474
12.158000,0.9761560852977601,0.5894769547530986,0.925658821422762,0.49709003306401073,0.8998568588294394,0.3798967793062419,0.8971960122232215,0.25992628336937335,0.9053331072654207,0.1402024858841856,0.9112668558635832,0.020349281389796747,0.902089665013393,-0.09929928386737308,0.9159816260515248,0.24132889133535262
12.208000,0.975028486091105,0.590043605170067,0.9262405316396191,0.49668010528214024,0.8995468235745159,0.37968674671108715,0.8922584736534781,0.2599082847263526,0.8918515665757745,0.13990897461737717,0.8852928861212098,0.020088343210699522,0.8599950596540047,-0.09721476832533404,0.9040679206974371,0.24146003238079566
12.258000,0.9737288937979676,0.5905905236211677,0.9271138339863381,0.4961147178570524,0.899318554719412,0.3793781663832151,0.8870706841076688,0.2600048458133856,0.8777010832414203,0.14037119428623623,0.8582808519335914,0.021953059632192407,0.8169383313823266,-0.090700373491017,0.8891489480107708,0.24300347484810486
12.308000,0.9728427888756471,0.591008633549873,0.9278403730089314,0.4957950471534882,0.8989130878286075,0.3793338425740812,0.8817312321876936,0.2605702798392965,0.8635453757265388,0.14195630670772702,0.8317150233242969,0.02625484316635418,0.77549552819223,-0.07976104406177753,0.8744990368723831,0.24609863223610762
12.358000,0.9715218145633479,0.5915504891041712,0.928606869294933,0.49537461526169313,0.8982334819588298,0.37928216356163297,0.8757085015801345,0.2614151823542593,0.8483060039515524,0.14458580623799527,0.8039343131808561,0.03309072536826407,0.7334843139499497,-0.06405245559857653,0.8615187829424618,0.24996624611739926
12.408000,0.9709787929586836,0.5916888801653929,0.9289857747938207,0.49516172399365244,0.8969365266514786,0.37952070318567716,0.8690720069891158,0.2628006597313253,0.8328134551065363,0.14840958746002303,0.7768671015650201,0.04224930521940495,0.6941316592657295,-0.04466931526861673,0.8487550300730543,0.2548808281576498
12.458000,0.970442905626642,0.591840724881371,0.9297916712433187,0.4947131401109591,0.895744986075267,0.3796443640287066,0.8619859657349435,0.2644908641007338,0.8162745733662302,0.15353831294613646,0.7485239108804983,0.05449363750750191,0.6542684186603154,-0.019775482497591756,0.8335784561721795,0.26220133857216643
12.508000,0.9700788879282958,0.5919140822889282,0.93036788957717,0.4943828901582592,0.8939175330251161,0.38005279128999025,0.8541482744215145,0.26683439141558885,0.7993480089203656,0.16007798223560749,0.7209447212183562,0.06923237432022211,0.6174128356959316,0.008559903790569812,0.82041725721606,0.2700340411389165
12.558000,0.9694190437259441,0.5916224007813389,0.9308983334854659,0.49398007498301566,0.8917933696078706,0.38053051879118216,0.8456666507647483,0.2697499888743249,0.7816128857632689,0.16827528666629915,0.6930502935907918,0.08730203636685185,0.5819119216055251,0.04204430483034305,0.8059165869830508,0.2800897960266398
12.608000,0.9688387488601506,0.59056970800085,0.9309671868193942,0.492982823134181,0.8890209448760791,0.38055278805977477,0.8366105914905738,0.2726030087275962,0.763887013419999,0.17714997739061739,0.6665840037971338,0.10692089285968526,0.5502555613701426,0.07746425569216042,0.7926580139386995,0.28956160575468615
12.658000,0.9683257180168826,0.5884859725355032,0.9307435425378882,0.4911644520440309,0.8854962651851154,0.38002182344386426,0.8265026431013518,0.2755242035991068,0.7453004141511768,0.1871715125692044,0.6403530212837987,0.1289817821483768,0.521039964439132,0.11616014188719165,0.7792689574640549,0.30090039928451645
12.708000,0.9678618754687196,0.5874248358862043,0.9301604154217105,0.4896013593706192,0.8813562763156765,0.3799740087409307,0.8159484496110857,0.27936677139946337,0.7271017310466884,0.1987053766736403,0.6161878272012509,0.15290029037582153,0.49623183410563537,0.15614986196592773,0.7662934895660733,0.31303416188308625
12.758000,0.9667832077254566,0.5864092879983674,0.9291002340331457,0.4885828316077363,0.8765547737220385,0.38069875214951415,0.8047378517337404,0.28456171601821206,0.7087899345199098,0.21249232458494682,0.593301459465746,0.17989766050245026,0.4748747785413422,0.19926570736456173,0.7550281706276252,0.3263778068336944
12.808000,0.9664859191113622,0.5862839005975274,0.9283268351740891,0.4882913339268856,0.8719933556534596,0.3823359702821003,0.7940173572815317,0.2911233413434533,0.6918115054276113,0.22824278912889756,0.5733437333990636,0.20912769063119768,0.45849730341614847,0.243917021181784,0.7443312177349631,0.3416787317525513
12.858000,0.9657318892909849,0.584911709571138,0.9270139772204993,0.48802035227381585,0.8664254449235873,0.38443932237883083,0.7823959683367849,0.2987710840146828,0.6748043984941885,0.2456292539925743,0.5549390204575486,0.23994672405763717,0.44542592923947266,0.289006716408655,0.7346388858797834,0.35717375599554213
12.908000,0.9642545003804281,0.58331105945412,0.924536930184028,0.4869413229037073,0.8595471730362292,0.3860635182791525,0.76957629804561,0.3066579665011409,0.657356209265151,0.26415324120083866,0.5376405671686451,0.27240945308420617,0.43539009194095024,0.33521741684743805,0.7235818226742352,0.3729986370788535
12.958000,0.9612879183663136,0.5797913794590224,0.920844103659153,0.4851028887055053,0.8511795436850702,0.3873949100977323,0.7555109296609014,0.3149551676186583,0.6396573286019316,0.28368308549354315,0.5217079192370093,0.3057723776486291,0.42829639641719197,0.38110024368341616,0.7169101807944221,0.38796757412964217
13.008000,0.9587327138256478,0.5767350967226607,0.9159967930743825,0.4826522084397347,0.8414628629345775,0.38860597907399225,0.7405207924370799,0.32371608461145984,0.6221624562390311,0.30393467285768605,0.50748043494105,0.3392621973694775,0.4240182959445379,0.42548325831641726,0.70290495861252,0.4047554985191556
13.058000,0.9542562885297945,0.5710437912590366,0.9099096646000499,0.4796370119644482,0.8301613317653307,0.3899698306209908,0.724345711899961,0.3333742955303648,0.6046122765851784,0.325380268616806,0.49460524098705977,0.37332244332958364,0.4219991171468016,0.4688648463656427,0.6944628069349157,0.4200670640086421
13.108000,0.9501798630728594,0.5667291958889409,0.9024111748850107,0.4761621564483073,0.8174281974979731,0.3914397063277272,0.7072491076652961,0.34389427370520037,0.5873243132838548,0.3481420603107944,0.4834957436206947,0.4083054056219133,0.42280235680916534,0.5118250307885639,0.6824665553393477,0.43658220447988283
13.158000,0.9430473979355014,0.5592955726134397,0.8934557475319469,0.47229849051640577,0.8031430971122456,0.39328187723686286,0.6892568854150134,0.3554674516182723,0.5704044818253123,0.37202360332909135,0.4740198079202441,0.4435078297971923,0.4257443665298819,0.5533690229283954,0.6745314229647081,0.45168841015314126
13.208000,0.9372999330211192,0.5538306760390034,0.883014359795724,0.4681872751726114,0.7875442045256923,0.3954861785322204,0.6707638220230894,0.36787563231977843,0.5542436237874275,0.39656436532775424,0.4663773626845805,0.47829269675159336,0.4307183007495661,0.5928720635661382,0.6622803070621672,0.468657329327458
13.258000,0.9273457921249415,0.5448161449561804,0.870998775584695,0.4639264941455291,0.7704337796012101,0.39845373963771835,0.6516083790149738,0.3817048837039582,0.5387208866306066,0.42240395078821863,0.4604114426490544,0.5133304649669087,0.4375243914800939,0.631127675827114,0.6547396997099686,0.48335163783664575
13.308000,0.9195637282370133,0.5384043535240141,0.8574145637052507,0.45966740114088,0.7521273645553604,0.4020947887703344,0.6322561804285032,0.39653608249356664,0.524224765702687,0.4487779567927036,0.45621051328327683,0.5476418099679732,0.44585050558312356,0.6671937661949288,0.6423921043154317,0.5007827373452781
13.358000,0.9061694461243357,0.5282129589313228,0.8421213247869566,0.45554151340548743,0.7324903613929326,0.40674549035753327,0.6126437836507308,0.41281160962716656,0.5107257802843195,0.47615764808303884,0.45371716033089204,0.5817512901661909,0.4556377257277771,0.7017359201248996,0.6351003925441316,0.5150446201038579
13.408000,0.8959925850889553,0.5211174883994173,0.8252420879471577,0.45171109158797024,0.7118604115379574,0.41240974994884005,0.5931862009036986,0.4301982779872434,0.49845730719578346,0.5038626295750814,0.4527970774922177,0.6148362454503539,0.4664243258353861,0.7340599767292642,0.6278104120200645,0.528807545016168
13.458000,0.8787442164164957,0.5101572373030308,0.8066073137077919,0.44836698168953587,0.6901652110647918,0.41936290038919477,0.5738785562761347,0.4489840738540163,0.4874100400036817,0.5321898169951345,0.4534131260750446,0.6472733077338506,0.4782139224257364,0.7646825088136043,0.617834684135642,0.5373268781917191
13.508000,0.8657680555594083,0.5027814731776089,0.7863862156949227,0.44567454845863447,0.6677629473417119,0.427549422108765,0.5550739356239717,0.46879486594895753,0.47771907397943963,0.5605348538398303,0.45541950746652454,0.6784446894382499,0.4907072229819784,0.7931389662422879,0.6058257208972763,0.5561463228290822
13.558000,0.843989493506522,0.49182828206957474,0.7644685751656497,0.44372147252791416,0.644651372859793,0.43710044303113665,0.5368496907372862,0.48981474214356535,0.4694719420535826,0.5891134781893435,0.4587754986993871,0.7086358028688263,0.5035776095828508,0.8199586255876203,0.5962192901592074,0.5782604080888134
13.608000,0.8277881224037189,0.48582665391787383,0.7411011072612983,0.4428301990413405,0.6212070554849711,0.4478716619249492,0.5193664333415191,0.5113420304525182,0.46235796628801884,0.6169357550961571,0.4628204336740617,0.7369348639424654,0.5162478243360015,0.8443849171153789,0.588532452990974,0.5911319845190538
13.658000,0.8022326007169173,0.47726980289857435,0.717387171904913,0.44288300531638936,0.5981785914793921,0.4566421605196332,0.5014676044117882,0.5276842957606812,0.45228884772648864,0.6371441052369882,0.4602684600962437,0.7568785020760826,0.5186219461933308,0.8617349308736988,0.5668846421566045,0.6058438961513881
13.708000,0.7849455972809956,0.4667630299512071,0.6937822376995454,0.438938212421337,0.5758013653019026,0.4608588362056615,0.4842966815822432,0.5384919016893425,0.4422500349523208,0.6508844259371152,0.4564233129424476,0.7700444787694041,0.5182306099238867,0.8729029156608383,0.5564522053361299,0.6088619177771933
13.758000,0.7581590828441914,0.4445103004301387,0.6698395637735696,0.4296427221482279,0.5537410854902794,0.459993065437692,0.46799760617026587,0.543945764930988,0.43320992424873,0.6587926943015608,0.45333075273539164,0.777093802753651,0.5182488080500185,0.8780177646948931,0.545761189142359,0.6082902803916936
13.808000,0.7394901693387573,0.427192946724748,0.6453907457025094,0.4163370272145269,0.5319227398034339,0.4553884245502878,0.4525137417936315,0.5453562578725374,0.42503081443276053,0.6621667398632848,0.45067507817052227,0.7793946023249918,0.5181021752942897,0.8786598357810751,0.5308135732802648,0.6028105910869447
13.858000,0.7101306221363907,0.40124346602296956,0.6202697478718918,0.4028046722153929,0.5102797929996515,0.4507860209453756,0.43781184057596634,0.5464332680077062,0.4177200805825497,0.664739316796562,0.44857627429629704,0.7807043775238478,0.5180800190037619,0.8785268160109715,0.5164084062653058,0.597283842715594
13.908000,0.6899534528949536,0.3847187388138246,0.5947944333574106,0.3903672484144569,0.4890661883647644,0.44712584433270436,0.4239494743205668,0.5479217448041735,0.4112304179153933,0.6672457809524754,0.4471072826646937,0.7817571366039002,0.5185729188291646,0.8781555953284781,0.5060391790656033,0.5942460627485948
13.958000,0.6581203289389737,0.3593920008831419,0.5691052118231067,0.3783840576721566,0.4686101467591638,0.4439640995876284,0.41135470477232355,0.5494241126824165,0.4058568509670546,0.6692981031969379,0.4461370958000329,0.7823357158502107,0.5187687763379425,0.8778586920424818,0.495308183910099,0.5910106629999358
14.008000,0.636014838017984,0.3436549156956579,0.5429651323384677,0.36721727909766755,0.4486335226076975,0.44138969584113863,0.3996871054328591,0.5509535961238475,0.4014079074766511,0.6709412573187632,0.4459168603359981,0.7823816140738178,0.5195690794861881,0.8771199411256443,0.48202249869966507,0.5861476869467129
14.058000,0.6010842688225139,0.3203671075633584,0.5111913988524883,0.35544002252776297,0.4253592822017273,0.4393020982897142,0.38669807513789833,0.5529036434708517,0.396772810684594,0.6724799776770691,0.44583975643964907,0.7819899536270087,0.5202444036187929,0.8761384983661069,0.46994399501373957,0.5833690288187621
14.108000,0.5764058164536777,0.3050022569043493,0.4843705078797424,0.3467661005642598,0.40658851152683817,0.4381442218147731,0.37675847100163756,0.5543774730012386,0.39352498376237455,0.6732003834520484,0.44592564768716336,0.7811548665357098,0.520473475292808,0.8751900801355491,0.45736562811433545,0.5785131541494422
14.158000,0.5383127799560862,0.2848346664163745,0.4572418304894935,0.33890319761739357,0.3885687880378399,0.4373105816916164,0.36799961379824203,0.5555345600978869,0.3914492367798734,0.6732210724101395,0.4470140882139504,0.7795815316174344,0.5214881636894791,0.8736751662564184,0.4452616006480982,0.574129551560536
14.208000,0.5118488855272211,0.2724206418749602,0.43058404085520824,0.33348125007444873,0.37148204927262496,0.4379176163014141,0.35993033613822,0.5573603135396026,0.3894925926970513,0.6736619600761943,0.44764593555652754,0.7786295203711163,0.5215390555133588,0.8731800720513576,0.43467480909614575,0.572252130938036
14.258000,0.47046672544961526,0.2558694376155666,0.40359769666572953,0.32856282911636525,0.35515248664403043,0.4383492655404008,0.3530723843708194,0.5583312357407886,0.38884802617411857,0.6728742558393266,0.44957966614963796,0.7763714437522529,0.5228183743438802,0.8714298027848537,0.4236538772696599,0.570575039985263
14.308000,0.4420314245650808,0.24686142287923662,0.3768004565270695,0.32553834182105246,0.33959681416313103,0.43962554089487715,0.3468807806408095,0.5594042695218306,0.38846379518568197,0.671969152594788,0.45132432404363043,0.7741873208022921,0.5234266117223114,0.8701105198286437,0.41222942483551395,0.5695524831231588
14.358000,0.3980618992799856,0.23809534059268136,0.35017196801526745,0.3248201321364158,0.32469973645799494,0.4420854953921218,0.3413171922654975,0.5609293432029601,0.3885630242250504,0.6712372366759551,0.4534933376471479,0.7721533126941398,0.5244620194189828,0.8689182144280214,0.40188779487366455,0.5671695175612324
14.408000,0.3673978933780136,0.23529346646634405,0.3230873848635694,0.3275014933817592,0.30970194914755766,0.44675261543389133,0.335420598715909,0.5639641808375677,0.38791228370987485,0.671874435246008,0.45448649558111853,0.7717136775995173,0.5238370443287897,0.8696447829154322,0.3907718217979876,0.5672036051816126
14.458000,0.323491582155188,0.2341904921027827,0.29692378204616166,0.33158695957775397,0.2957138910493604,0.4515808601025788,0.33025421468385063,0.566502424840672,0.3877279018923244,0.6718436573983091,0.45581332533628305,0.7706585100892098,0.5234732999050025,0.8697651589036902,0.3791801483205715,0.5695810424002021
14.508000,0.2957847126470157,0.23564437983894057,0.27417238350386014,0.3365820155890852,0.2843704577771957,0.4561478940039231,0.3266015122584978,0.5684712577240112,0.38792723559023706,0.6716175405355493,0.4564440553052079,0.770133759586756,0.5212379519427777,0.8711374771347696,0.36802623048237565,0.5725340716283167
14.558000,0.25517028333614794,0.24085342680234154,0.2521380214439959,0.34283145912005997,0.2738610072950883,0.46084888107848615,0.3237341942449439,0.5699940377436572,0.38896055792632467,0.6707190171723185,0.45807799704834606,0.7688147847120734,0.5202176644318106,0.8714727689971372,0.36005464678735155,0.5734097790690563
14.608000,0.22985460585840822,0.2462051903576859,0.2323724884989084,0.3500492377965352,0.2649668610729392,0.4655377951366675,0.3216635565596589,0.5712992470976062,0.3900303792307827,0.6699196180047107,0.45900229333344156,0.7681177598660271,0.5176119939686198,0.8728311925833943,0.3530304819841046,0.5746517236944846
14.658000,0.19312884573057612,0.25746855468808877,0.2140373668476492,0.35822641713998005,0.25712928652065,0.47022233875722,0.32031752688679,0.5722382506505626,0.3916823285638691,0.6687113820478099,0.4604981825933854,0.7670189516148966,0.5156123339679904,0.8736136527883436,0.34378120185764605,0.5788433111613986
14.708000,0.16929013921984012,0.2672691523721736,0.19650969399913448,0.36786848918435155,0.24970969032380771,0.4754313098569912,0.3189841116231156,0.5734162809170764,0.3930308777233919,0.6678465537647742,0.4613741593082733,0.7664832399530748,0.5125721231398386,0.8750132749641325,0.3377753537424599,0.5811426078215793
14.758000,0.13877745549696036,0.2824973447153618,0.18093179407452376,0.3776844034623407,0.2435867396499366,0.4800287134874016,0.3185110677008286,0.5737642186583455,0.39504982383779724,0.6661861783580776,0.46286785131967245,0.7651847395673099,0.5101658780777358,0.875470262277315,0.32952439950738416,0.5858986621298483
14.808000,0.12320376390187487,0.2917503635414687,0.17046447336906162,0.3854518761656267,0.2408517635559803,0.48264050304706607,0.32005181732402693,0.5727923234867321,0.39794932203881067,0.6640719932707186,0.4641490141290176,0.7641599581512926,0.5064045125907124,0.8764741254369661,0.3273785262169042,0.5866532008516195
14.858000,0.10059463768977472,0.30795024315628616,0.16182343804776483,0.3928085732234069,0.2389630552548433,0.484729623340616,0.32169132376872067,0.5716550716894191,0.4003162655121948,0.6623089107181998,0.464220029943904,0.7638781426404277,0.5006824033135685,0.8782044086926835,0.3317941555492666,0.5831758839655752
14.908000,0.08545712565681231,0.3205051027333824,0.1518993841606395,0.40190987781191084,0.23587507197798532,0.4876308428979231,0.32229083059447217,0.5708913777382001,0.40180741342294735,0.6607641381012836,0.463465310987605,0.763712201039567,0.4940753078721173,0.8797424904494218,0.3295355882120167,0.5837017772716424
14.958000,0.06684257513034617,0.3410489782332559,0.14438367196404273,0.41101693823768004,0.23452046182015956,0.49023410250348753,0.32444525639715227,0.5696918354196199,0.4050410232655078,0.6585980914587422,0.4649272264194181,0.762586757531792,0.49049924744281603,0.8798304001725286,0.3128303036878719,0.5975553066137954
15.008000,0.054603313132513036,0.35610104929404285,0.13700473753993392,0.42155249003601036,0.23283231411677752,0.4937818162644098,0.3259694533607754,0.56944867356299,0.4073384882854297,0.6576477674099814,0.4649763482147214,0.7628992619493504,0.48490105665249456,0.8812335595712423,0.31147378833535333,0.6003090293181566
15.058000,0.04103061080741573,0.3765804383974818,0.13096118508263405,0.4309258031752933,0.23159096112940103,0.49629894882440945,0.3274769998562576,0.5684506471914916,0.4093743394092732,0.6561594025773678,0.46463882220349495,0.7626762412574573,0.47900196935714706,0.8818135567767509,0.3109455283884628,0.60181365941707
15.108000,0.03179950694661942,0.39236524436448234,0.12586279771946898,0.4401284553867985,0.23058398077584996,0.49872430693559455,0.328811049181968,0.5676550187564067,0.41090510902681066,0.6551796743580253,0.4634378317678564,0.7630699567776893,0.47197436970376094,0.8827659363125538,0.30503322151824075,0.6078463784082517
15.158000,0.022133455980115367,0.41489784971300164,0.12111335700202336,0.45041158954186317,0.22955008335998814,0.5018068848203988,0.3301879472043882,0.5671675791315518,0.4128468384315301,0.6541590022783168,0.46327017268468285,0.7630510927293447,0.4669213209030453,0.8829955345208989,0.30534645739189265,0.6100501014385641
15.208000,0.017907654324830234,0.4284801074458751,0.11873503362675589,0.4587434024106946,0.23000588568906363,0.5036744326829686,0.3323802889115538,0.5662801957151287,0.4148758709649988,0.653426503391721,0.4623467592368973,0.7636377313436722,0.46036039454352695,0.8836212900311228,0.301224507032604,0.6152598963109785
15.258000,0.013266172320787174,0.4474600524404316,0.11698651716454614,0.4661756648096984,0.23054682263633802,0.5049578388224231,0.33441270149390373,0.5650567507023018,0.4166396179507059,0.6524566031621659,0.46119794756507115,0.7638772263069749,0.45390165370641566,0.8836552046499413,0.30189200611109523,0.6164480031097413
15.308000,0.011429837202960117,0.45907236775214333,0.11582884889111546,0.47268430144613055,0.23117257713140762,0.5057875392816099,0.33618598680329626,0.5638580463275666,0.4177711369443952,0.6518572694828143,0.4590303751131044,0.7645412313643887,0.44623634537804113,0.8838572520948966,0.29808704804959874,0.6208795479959105
15.358000,0.009840694040178382,0.4757904677897526,0.11517278284727395,0.47872108402399893,0.23195596910185043,0.506319768923658,0.3380378520039972,0.5624146360675856,0.4190704705357828,0.6509229110131913,0.45733798237139756,0.7646576793907232,0.43967665342107176,0.8833508866930138,0.29889780008665956,0.6216569847987017
15.408000,0.009251259281059689,0.48612911185203983,0.11473390163316001,0.48403491756596484,0.23255773469508526,0.506784518938094,0.339364468259276,0.5614866364962425,0.4194191064002882,0.6508804557015504,0.45427488586443165,0.7657067359598018,0.4315672387160048,0.8835386618584258,0.2951200872018982,0.6257748528639311
15.458000,0.009429970528032185,0.5003260423528002,0.11439128372086885,0.4888976703259597,0.23302707083300528,0.5069406749616582,0.34054693597974744,0.5602274331556634,0.4197947352524096,0.6503372900551163,0.4516747166583982,0.7660250888307599,0.42467751414171107,0.882948786412871,0.2956039796915312,0.6261189113270352
15.508000,0.009853492882809333,0.5092818128843892,0.11417825861479791,0.4933467635513397,0.23339329530963787,0.5070498663331173,0.341472578215562,0.5591926377069254,0.41977538899723593,0.6501248642478465,0.44866664478342383,0.766595012093108,0.4176363304048142,0.8825136024467033,0.292295476236625,0.6295808455617051
15.558000,0.010952707954326636,0.5221402872598812,0.11389292876727368,0.4976480064872478,0.2335142712665347,0.5071734680862716,0.3421554501589761,0.5581351620226052,0.41971239251481934,0.6497043746020108,0.4461039792097991,0.7667662563215584,0.41181510150600403,0.8817630948251196,0.29262058129280927,0.6300087440450136
15.608000,0.01197347793592466,0.5303640689856385,0.11367052234009775,0.5018807958048966,0.23353924686406827,0.5074922912380635,0.34266370847686434,0.5574107435149259,0.419474978951758,0.6496063438873555,0.4435632260930034,0.7671638036662325,0.40647076917495145,0.8812872002148038,0.2899088640159716,0.6331967687974119
15.658000,0.013919702884368095,0.5416837191908737,0.11352622323038739,0.5058574747603226,0.23351111791236917,0.5077614306825335,0.3431158847135647,0.5566162676432226,0.4193794518456772,0.6492654356280769,0.44165949756053924,0.7671789614126264,0.40250101772515773,0.8806100570477388,0.29047209879263153,0.6336572768330238
15.708000,0.01543731227340419,0.5485256469969337,0.11352690488950556,0.5094412217349078,0.23351882913236266,0.5080490592097578,0.3434871358043087,0.5560800026494284,0.4191412857133976,0.6492274642441123,0.43975535692761053,0.7674436224796738,0.39892053773825,0.8802820802047429,0.2884379369743304,0.6364205331574295
15.758000,0.017916753705767476,0.557707241941674,0.11362556290774568,0.5126607187123599,0.23354411387313306,0.5082401831835155,0.3438593353457438,0.5554689023218625,0.41907484532288314,0.6489709186577624,0.438484081055613,0.7673908560343345,0.39664378121046695,0.8798603599403636,0.28925463176945815,0.6367887953894342
15.808000,0.019624900248893868,0.5630730747645372,0.11381229470501597,0.5154517636312352,0.23360653011886753,0.5084274372143675,0.3441663677886186,0.5550806503345622,0.4189134406508245,0.6489575649543562,0.43731974145874175,0.7675375299171122,0.3949144178762699,0.8797952179917641,0.2879028906462309,0.6391013187933995
15.858000,0.022096323142336227,0.5698542371971174,0.11402528670559145,0.5177923687914432,0.23366337312578,0.5084795669726838,0.34443957193182356,0.554616686281153,0.4188610232147974,0.6487519484783549,0.43668470302919765,0.7674208847585532,0.39432246455715086,0.8796948387801224,0.2888092524197228,0.6393062613053484
15.908000,0.023530678918445746,0.5731252288153912,0.11420193773997359,0.51933881136533,0.23369451658847618,0.50831503705095,0.3445402322916599,0.5542848892396289,0.4185196357543443,0.6487679451983847,0.4358673511377277,0.7675073942916709,0.39389973854535015,0.8799294539298756,0.2878309493447217,0.6409786033814051
15.958000,0.025325301131773212,0.5762205200971967,0.11434648588508964,0.5198847320521268,0.23372645241597348,0.5077018099443137,0.34452569174623354,0.5537835695009514,0.4180172826889743,0.6486465552261796,0.43506306695025393,0.7674297242313797,0.39385040122884346,0.8801307277057732,0.2882866892977628,0.6406314190628427
16.008000,0.026283785136349085,0.5775110008445036,0.11444632932827109,0.5199101730632254,0.23375426272482341,0.507040945089341,0.3444084580792235,0.5534699128839226,0.41740382396872644,0.6487152621596618,0.4344006178194973,0.7675054511434091,0.39443898599423177,0.880656094013266,0.2877081685606585,0.641690793432598
16.058000,0.027280102762880867,0.5781277912257159,0.11448370255633439,0.5193309920708215,0.23376174427680682,0.5061875996879837,0.3442053861055632,0.5531152245970004,0.4167614918384731,0.6486956175700092,0.43399858372485595,0.7674511760222366,0.3957478097920111,0.8811915747095032,0.28802551297683743,0.6411949793961272
16.108000,0.02773388101208862,0.5783173552783251,0.11447271584628595,0.5186451397802099,0.23375681889176572,0.5055568717276506,0.3439504544719919,0.5530685826798933,0.41619703568251504,0.6488831510053258,0.43410223350545135,0.7675398149180773,0.3982375194387919,0.8820549767303145,0.2880657981807615,0.6419463267602264
16.158000,0.028256293336628546,0.5783842092746436,0.11449476118241778,0.5180212339824699,0.23379724520537548,0.5051015859241132,0.3437899189994635,0.5530767014698554,0.4160124453482706,0.6489094030272876,0.43513742333149946,0.7673755805512583,0.4023712777345598,0.8828155203585883,0.28872908358014854,0.6424187489504494
16.208000,0.02838825095378669,0.5783201424692479,0.1144145137512279,0.517574034367597,0.23375000390603204,0.5049628968490126,0.3435843506677562,0.5532993869100971,0.41608302016108484,0.6489233531617491,0.4370610074134417,0.7670754756599926,0.4082946579219307,0.883576536328693,0.2900709795740521,0.6423208011088621
16.258000,0.028273694933411437,0.5778313424668503,0.11433803944451142,0.5171975506003286,0.23372761075379786,0.5051091155244053,0.343410736632623,0.5537877750935614,0.416370373093286,0.6490604965175235,0.4396028150729034,0.7667900749575387,0.415414086050194,0.8843269006262029,0.29156979906498187,0.642667474081007
16.308000,0.027995688589371813,0.5772143184299457,0.11424520552774836,0.5167864957470848,0.23371008544594757,0.5054664928261381,0.3432469144295823,0.5544734626999221,0.4168898775567357,0.6492189849257913,0.4429037310425058,0.766365386606854,0.4241165345583443,0.8848856011200985,0.2936564232007374,0.6426978592892674
16.358000,0.027232891350478704,0.575693509305328,0.11412525487875011,0.5162894052674559,0.23368181833435436,0.5059827018815002,0.3430622719059432,0.555337705442168,0.41752021307801274,0.6494441079683331,0.44662156249632695,0.7658619393432267,0.4337169263224096,0.8851660480956867,0.2956361023902699,0.6428391731184298
16.408000,0.026522093309433597,0.5747525421126655,0.113899211441338,0.51587367972601,0.23354444382761333,0.5066531393777827,0.34284799549039974,0.5561782198001838,0.4184751443365356,0.6493476050908842,0.45133600249921463,0.7647606199552882,0.4452975571829387,0.8846085952326096,0.2978605786779407,0.6429622112063286
16.458000,0.025412510803474897,0.5730770594695703,0.11359283720213201,0.515495651904083,0.23331569737240102,0.5073447775553627,0.34263487471119874,0.5568353571232336,0.41972489504558397,0.6487980058717201,0.45681531617073823,0.7629220640748551,0.4582782379366292,0.8829131464931004,0.3011251540298294,0.6420273045307834
16.508000,0.024627972276724367,0.571777474020464,0.11350388116669874,0.5152389106132147,0.2332976761414033,0.5082070768867121,0.3427230188810715,0.5574624762486681,0.42162092383455924,0.6478788497324038,0.46357250547390116,0.7603068924884593,0.47347102041610084,0.8798979431650814,0.30435417344808674,0.6416443913973723
16.558000,0.023182645405889886,0.56950316420818,0.11338482733559102,0.515042987921522,0.2332536056570192,0.5094326417888556,0.3427379103897408,0.5585568417028752,0.42343883081771316,0.647367659974514,0.47030308586315406,0.7578382062709628,0.4887805941191836,0.8764070963250086,0.30734047173697093,0.6417170062146642
16.608000,0.022107099626791117,0.5678133447382102,0.11325149347464741,0.5149586128290199,0.23318155750886543,0.5108623046437919,0.3427958524911745,0.559695759728716,0.42557723484883203,0.646570627987351,0.4778544962098854,0.7545849230810464,0.5056428715233152,0.8713231181906151,0.3118420393696658,0.6397890686332491
16.658000,0.020358166803457214,0.5649463612854111,0.11310919477083348,0.514872138716137,0.2330855689577093,0.5124910387663705,0.3428150083884963,0.5610652101149907,0.427692921639006,0.6458929169226051,0.48539835011887517,0.7511073813462485,0.522502090706941,0.8652271098526417,0.3151333502523734,0.6394008292657163
16.708000,0.019390414690589716,0.5640507950009522,0.11289645111643268,0.5150889048814983,0.2328903389454518,0.5138777603169317,0.34298025603936955,0.5616293063666019,0.43033236510120937,0.6439069402788192,0.4938016203947455,0.7457482562170074,0.5404040718066008,0.8563295001983999,0.3203040530414019,0.6359347980001544
16.758000,0.017822963049164572,0.5619627012852658,0.11253270098484446,0.5156079463175784,0.23253163662227064,0.5151025304078775,0.3432841639256526,0.5612964444646849,0.43377319832351374,0.6401110031045689,0.5039706898571988,0.7374368074003823,0.5612375489452412,0.8428906212210646,0.3248311837694726,0.633233027133896
16.808000,0.01688558805562851,0.5603437998535724,0.11242516431877814,0.515841219295222,0.23242465379546567,0.5161912554852679,0.3438845624023336,0.5606512236965542,0.4376848072432862,0.6354944870392032,0.5148975035085825,0.7273541601032995,0.5831343477071843,0.8260645095800148,0.3311256759484483,0.6271879019945485
16.858000,0.015505332991415363,0.5576431133562069,0.11240138511732496,0.5162437322027342,0.23239443548351346,0.517535190222652,0.3445330074771938,0.5602545145527249,0.44148313938343325,0.6309699437274282,0.5252808083444436,0.7168649416999564,0.6036306177248825,0.8077566760328899,0.33703895625900226,0.6207768178471438
16.908000,0.014606731576917352,0.5555581210917642,0.11245420628851345,0.5165054258346922,0.23243148563470964,0.5188404720194085,0.34526001496939557,0.5597027158169754,0.44533963356792294,0.6259150254064549,0.5355442873889721,0.705054904285718,0.6234658623815549,0.7867237272895019,0.34173142001553697,0.6161138010302409
16.958000,0.0131824600324554,0.5523763733292559,0.11250616857263343,0.516795805312622,0.232460759350105,0.520096737201277,0.34595772703011546,0.5590638814055688,0.4489137116635286,0.6207085505032124,0.5448260076029153,0.6928253411113077,0.6409494063405038,0.7646605150521532,0.3470059037974347,0.6083398332287782
17.008000,0.012434687699194836,0.5508097850477984,0.1122864026898191,0.5173216650956752,0.23222569347248967,0.5211382767087527,0.3465792528705195,0.5575149650201846,0.45265343936134905,0.6136243845528311,0.5543430177482898,0.6773364685516781,0.6582270826132027,0.737403939508448,0.35110932251439014,0.601741139149393
17.058000,0.011320461715818667,0.548352736892311,0.11215902600990027,0.5176091261591718,0.23208348874268891,0.5218662658171956,0.3473090243198352,0.555378591175679,0.4563778968455215,0.6054183857993141,0.5633455339384376,0.6598051913201044,0.673779697271554,0.7067551175065593,0.3551898585826849,0.5939309924973362
17.108000,0.010935756268235234,0.5475563516941563,0.11233064550698729,0.5188155593060086,0.23226385305545058,0.5228187739064541,0.3485049591434748,0.5526181909382134,0.4605718029149598,0.5955253293547705,0.5723443320047426,0.63919341542313,0.6879630284900642,0.67132310610068,0.35995935769101706,0.5819920357933688
17.158000,0.010377533574439601,0.5465379396946025,0.11249621985308991,0.5201777895289117,0.2324471122708491,0.5236104864542278,0.3496534041680758,0.5493531580269038,0.46433228407775023,0.5846908787040844,0.5798841894807366,0.617059955887956,0.6987106395602699,0.6338013644754489,0.3632522245271698,0.5721393523532659
17.208000,0.010077140498500512,0.5458241401608657,0.11262679720507324,0.521623671223461,0.2325986360268103,0.5242232653708364,0.3507036373375034,0.5454649382192961,0.4676044953715768,0.5725608676349334,0.5858964331582482,0.5927355412301647,0.705895470702485,0.5932161538150308,0.36633994469239467,0.5558210387536705
17.258000,0.00962470944007805,0.5438802988834522,0.1127720666826606,0.5222860907622012,0.2327593946667417,0.5240299724009218,0.3515914341633655,0.5407316606105883,0.4701135254871469,0.5595070132896194,0.589850772904884,0.5674437368439239,0.7088513623645573,0.5519886500409601,0.3676447462070664,0.5440341315471241
17.308000,0.009367831850329536,0.5428169631024534,0.1128243400889097,0.5230409816162618,0.23282304978174753,0.5235974634693699,0.35225420190145956,0.5352679348949472,0.471852739379427,0.545075576460844,0.5917497150075153,0.5401041344937462,0.7074979327395824,0.5084442214885406,0.36788668162243016,0.5311560075310169
17.358000,0.009147634858811253,0.5416562037452637,0.11295682912620389,0.5237829044653117,0.23295414428736666,0.522980187757836,0.35277861286490536,0.5294683870542769,0.4727762938457347,0.5302144160235452,0.5914603615316402,0.5124917729495775,0.7018704467503913,0.46548525125324375,0.36702266331374067,0.5159424627017307
17.408000,0.009131592652850701,0.5410860236115912,0.11315728724804192,0.5246256013968611,0.23312526220989027,0.5218534211081862,0.3531238942181587,0.5224264098896864,0.472778702152451,0.5133309748694529,0.5886988051034986,0.4823063115865351,0.6913738449413871,0.4201948296022193,0.3649876111836779,0.5015229681200979
17.458000,0.009173178990673709,0.5404498090348567,0.1133726204205724,0.5253132648043423,0.23326680992431242,0.5202750783012026,0.3531374469906659,0.5147045873618215,0.4716265504223266,0.4957221647566705,0.5833166275209672,0.45184362013974677,0.6763630483392141,0.3760652355375814,0.36141612256780686,0.48533681064870976
17.508000,0.009245729465125295,0.540216079715905,0.11359886807204012,0.5259819791172426,0.2333481769802821,0.51822936562255,0.3527235859587148,0.5060018666455866,0.46909722551759764,0.4767242981704043,0.5748909022877909,0.42008775559016037,0.6561818709628633,0.331816704775817,0.3565644164893639,0.4699921704541171
17.558000,0.009364467506291878,0.5402018109290408,0.11375746063637356,0.5265100910536057,0.23326581971070193,0.5156587265605435,0.35175263424439157,0.49666202206584364,0.46515800128559087,0.4574290929596597,0.5638434459457365,0.3891562358916469,0.6323173557478889,0.2906101873843296,0.3501599375193852,0.4539820379526353
17.608000,0.009433687234504634,0.5402001546780085,0.11394747460747863,0.5270924882305107,0.23311613028007283,0.5129917256558602,0.35024419757400804,0.4868954452314892,0.4595963151013168,0.4374776914147319,0.5494572940024146,0.35794779470326565,0.6032213988474141,0.2506658249682916,0.350707217765492,0.4557102268162275
17.658000,0.009504020152551675,0.540157476184867,0.11405476778756955,0.5274263877465342,0.2327586794798676,0.5098371481681152,0.3480749107674907,0.4766382505716683,0.45250530362484476,0.41752570496873653,0.5324981643630586,0.3280766008317094,0.5709883039995995,0.21441698112990182,0.33315208106585315,0.42376558196274566
17.708000,0.009528553057816464,0.5401374373686094,0.11409650719269196,0.52742248765417,0.2321594588685067,0.5059483301248476,0.345092869711438,0.4653768535017121,0.4435370903568402,0.3967566274636163,0.5123654879511124,0.29845783965519634,0.5347519895794045,0.18056447875286896,0.32255058853913776,0.4090848901240522
17.758000,0.009527160063063611,0.5401343521570824,0.11406882331961371,0.5271330111524117,0.23131262649086554,0.5015617261252439,0.3413607517662246,0.4537139453681509,0.43303278427327396,0.37627856291267103,0.49003163570228564,0.2706796475026467,0.4964748832636277,0.15085275335586867,0.3108986639224965,0.3950642580481406
17.808000,0.009599974819089361,0.5399402337038349,0.11402234380390547,0.5264180761203281,0.23020307406219448,0.49638413005734316,0.3367211068052597,0.44112194859341375,0.42061660876244794,0.3553225036583388,0.4648597764360559,0.24377636022796428,0.4552478407990894,0.12416193512276036,0.2981541591836583,0.38185782092061116
17.858000,0.01087999064475317,0.539185877336385,0.11457156974649103,0.5248602691844231,0.22941579055582412,0.49006364655447615,0.33186159506873614,0.4275747904477767,0.40738420346265747,0.33432064511739745,0.4387542668174335,0.2184935363513022,0.4140401031737022,0.10106606888582459,0.2850025370668099,0.36800279200074726
17.908000,0.01262871445494853,0.5381286077396856,0.11625300992712893,0.5222989443789584,0.2294352290995561,0.48242683303277145,0.32704391118352705,0.4126232143455639,0.3931340970235088,0.3124629061609527,0.4108239589679351,0.19377394802083264,0.3711532463821177,0.08052098089443521,0.2717162991534581,0.35330810229936804
17.958000,0.0165333425586706,0.5359922182095066,0.11886248462443065,0.5188122095918656,0.23000248174436308,0.47355846897106735,0.3221242554213806,0.3966586717373129,0.37818932819910706,0.2905610392735233,0.3822522724203105,0.17062984031240386,0.32878213871668893,0.063201050866947,0.2586047427575192,0.33810434713304605
18.008000,0.019972695028908024,0.5341359100502946,0.12242212704265186,0.5142270085369256,0.2310036460156224,0.4631383235125248,0.31676144303785,0.37920024961340315,0.3619271216923656,0.26802443627400346,0.3521264234199892,0.1484253296160779,0.2857226685778728,0.04847263409030378,0.24581641884643574,0.3290862605917893
18.058000,0.026356476798400096,0.5305881119164668,0.12679294722647144,0.5085399849521549,0.23230574926198225,0.4513818831063526,0.3110059307499622,0.36079335494875964,0.34485092649476745,0.24566509489487837,0.321598149300487,0.12793953117674123,0.24369839592698844,0.03666177690798145,0.23267838774238522,0.31400901916823354
18.108000,0.03141150849777161,0.5276422365612491,0.13197339314966125,0.501561007247633,0.23375235398118802,0.43799180769270285,0.30447969833373384,0.34105036783937487,0.3263422649011558,0.22305872329161452,0.28981955404799115,0.10875171741736317,0.20162530843836732,0.027377427611864125,0.21909962728559776,0.29828594332591746
18.158000,0.04016050834435649,0.522219134824666,0.1378113008127137,0.49330294870235425,0.23521193600040352,0.42320932370667746,0.29727921623288517,0.3205075577795884,0.30696925981901274,0.20089943491454648,0.2579194058365194,0.09138180243330601,0.1609963760919509,0.02062923141900641,0.206510085169121,0.287014993560075
18.208000,0.04674878658745222,0.5178499086607264,0.14427490413519367,0.4835609224865463,0.23649158591825398,0.406774962826451,0.28901905234161845,0.298882121214311,0.28616630456383024,0.17891603504777676,0.2251655198653531,0.07557725110791191,0.12088937911181767,0.016193023660307282,0.1926364015648263,0.27091958511097064
18.258000,0.05771792726818583,0.5100096263695602,0.15119532966181787,0.472371214278237,0.23746798436936387,0.3889624074907489,0.2798448406231198,0.2766939700114266,0.2645372993823763,0.15767431121018932,0.1925968999010425,0.061629639715795104,0.08250956795516878,0.013872134074911946,0.19112738008553432,0.2655861889029436
18.308000,0.06572070348490623,0.5038283657314988,0.15850375424089969,0.4595213750695015,0.2379230919353058,0.36956266898619977,0.2693971903667729,0.25376378674666206,0.24161198840047657,0.13702483629869827,0.15963114917049198,0.049394122509824945,0.04511654269915161,0.013527635300815688,0.1765713838390187,0.24880806969894503
18.358000,0.07868465664195422,0.49295078028754646,0.1660146591939567,0.4450822224457162,0.23775221541690572,0.34888594898796116,0.2578706893742381,0.2305844400980569,0.21799565079386973,0.11740325218145076,0.1271628209625171,0.03898516099817528,0.00961002859534757,0.014874146778920738,0.15415891365615403,0.2330356790176114
18.408000,0.0879119209568819,0.4845238153731315,0.17361782723890726,0.4288452222199999,0.23672909077165677,0.32678167135437586,0.24496448498371232,0.20706459537032068,0.19334225729730864,0.0987357182936468,0.09477112797893585,0.030297918322427564,-0.024573818287777008,0.01777658450388403,0.13955510509903096,0.2165837176073978
18.458000,0.10251245553164041,0.4699389683697257,0.1811173757508599,0.4109282859821415,0.23478154635663676,0.3035962926474696,0.23091767250846565,0.1836585151172626,0.16822299183663647,0.08133854142953445,0.06317120770380627,0.02333748410719577,-0.05682104571882193,0.0219739891274624,0.12797581709875847,0.20605151199128963
18.508000,0.11266953453895112,0.45881474042231857,0.18836202962133972,0.3911404240538776,0.23169545186261165,0.27923772293875876,0.21551303845107916,0.1603338563229995,0.1424258564831811,0.06515894454478277,0.03209246403700579,0.01797269113006178,-0.08754747574514463,0.02726165280095927,0.11301400150776902,0.1896278511005729
18.558000,0.12837092677788692,0.43985409448612606,0.19515887240137175,0.36965700846007166,0.22744619921354603,0.2540822338450034,0.19902484069645987,0.13749652983270494,0.11645702482410215,0.0504186578900096,0.002060869880816607,0.014176145088165615,-0.11637284036863214,0.03350116194584546,0.10921458228007785,0.18375756521824343
18.608000,0.13769289391374573,0.4251238990332028,0.20094731747428723,0.3463523572253337,0.2220991948231635,0.22823124105992254,0.18217554093560295,0.11506719261750925,0.09146463655851314,0.036508094946248126,-0.0257235088668179,0.01068294108879575,-0.14236528604930218,0.03887329077925683,0.09370970616950736,0.16749361846186123
18.658000,0.1524671452771852,0.40250336747355775,0.20636111334780816,0.322905743894614,0.21817745901965294,0.20348893613724445,0.16918191795748333,0.09394699459874062,0.07263502190121571,0.022682018194481235,-0.04603774708526712,0.004883875002634541,-0.16104373887649376,0.03914203975368863,0.08035395661945544,0.15000868753533053
18.708000,0.16496497581177672,0.3879736965441444,0.21505931261995465,0.3007459636659326,0.21763470675561863,0.1807736029112739,0.16026867918971002,0.07537370309487279,0.05888348272915789,0.011178361062485098,-0.06062276681178255,0.0003037888567176128,-0.17422195287949147,0.03897192722351833,0.07771144736530822,0.1394780066208846
18.758000,0.18719799280609606,0.36638917882038086,0.22600859349383132,0.27915832260697143,0.21942624352430204,0.15933898915498365,0.15431691008028414,0.058538321009997174,0.048863427568349105,0.0012708518315444617,-0.0710482634198478,-0.0033320129667317455,-0.18335402582298768,0.03894582674924152,0.07456367043284015,0.12360398812436146
18.808000,0.2047626176728986,0.3519842323580439,0.239950829356534,0.2580295311704397,0.22419138473144098,0.13906886580113112,0.15186694487097424,0.04331305449513406,0.043012116272879264,-0.0071906710197164325,-0.0769839793064927,-0.006222659807884889,-0.18823794086868806,0.038750176846228224,0.07785674702402745,0.10988254874103465
18.858000,0.23453526983294812,0.3297442107248402,0.25649953218801935,0.23703103807203982,0.2316423743291108,0.1196337565737986,0.15262650881931838,0.029320451918623924,0.040918707010953875,-0.014512948761030764,-0.07892385737737073,-0.008368051623545203,-0.18922124364210485,0.03890230465994404,0.08268802993867969,0.10024688759277495
18.908000,0.2552932033600478,0.3143569477649696,0.2740196109237159,0.2156415108439082,0.23967433293694365,0.10066150441194327,0.15419896791584178,0.01643584339120502,0.040073772484824716,-0.02065107836799035,-0.07943291553027187,-0.009781326089104314,-0.18905251203127932,0.03904022710459848,0.08826814314053225,0.09040462165388474
18.958000,0.2857500290534325,0.2901382396800435,0.2909576414055627,0.19411489024312872,0.24714004901101536,0.08240088665922118,0.15565566847289797,0.004743896522797608,0.03955456142072586,-0.02559638923370955,-0.07946268385310601,-0.010270094009088404,-0.18851626895039225,0.03980300830333372,0.09639930557774609,0.07873749107293077
19.008000,0.30623663446040555,0.2729405920249383,0.3068847141090014,0.17210589044006686,0.2538181375219045,0.06447718400789493,0.15690487356160343,-0.006288763089062843,0.039290066789163636,-0.030095426599308195,-0.07914976632253418,-0.010807971324106713,-0.18787569208461385,0.03997266538644256,0.10417193885034112,0.06750515611981786
19.058000,0.33549525936409386,0.24535261772646255,0.32164552974662164,0.14959060968297302,0.2593738928312003,0.04701262356640376,0.15747549465397073,-0.016364946984267215,0.038727881960828214,-0.03365669298202767,-0.07906119660473149,-0.010727825357527976,-0.18766004713454298,0.04032400774732847,0.10895195386891446,0.05776507388879448
19.108000,0.3544521800613326,0.22535448615878262,0.3351459012420627,0.12611546585685263,0.2639286904791182,0.02953333039099193,0.15760184925290385,-0.026095824149185654,0.038102665646225164,-0.03704776997342352,-0.07902044530703817,-0.010929253923895377,-0.1877533426220862,0.03983645341358949,0.11540317095031946,0.046607963687664344
19.158000,0.38189462667007057,0.19224412781892578,0.34762274144924754,0.10139592790453314,0.26771866373679964,0.011867505797790473,0.15744843996652994,-0.03546617934983623,0.03753047181068281,-0.0399024968963215,-0.07882090725378132,-0.010536588264076385,-0.18765894003582767,0.04000332289665104,0.11754530769889887,0.04603225402021366
19.208000,0.39899914320045415,0.16951418364666282,0.3585740638210849,0.07626262971584544,0.27049900243651487,-0.005240643593620531,0.1569293832349321,-0.04399553481932725,0.03694385660358368,-0.04213182910301572,-0.07866233678396456,-0.009957179917397418,-0.1878528936978126,0.03981653081683714,0.12357797495578726,0.03556349415327925
19.258000,0.4216607510329525,0.13397277781756786,0.36788015285685804,0.0515855276731744,0.27241961552198757,-0.02112819738432517,0.15624478092319938,-0.051184940487066954,0.036508762437812925,-0.043229698362079294,-0.07835562200986551,-0.008499694252436213,-0.1879884827741693,0.040292065714125885,0.12947426351434027,0.01466639540446682
19.308000,0.4357388576739034,0.10916418255791742,0.37533613434219726,0.02681066908085239,0.2734545377811358,-0.03659390711179403,0.15540085736560516,-0.05811897483172815,0.03616869698869729,-0.044565675165030766,-0.07807075028520855,-0.007832193345952837,-0.18837417550420849,0.03942406957184949,0.13196328851074468,0.004349740845642366
19.358000,0.4541705370612058,0.06964469738717531,0.38157904607009524,0.0017397794593062704,0.27398349270905936,-0.05139398473007206,0.15465271390233398,-0.06404962495016275,0.0361916914796695,-0.0448927419422995,-0.07742478031737854,-0.006275422817448001,-0.1884605743226604,0.03923339445587376,0.13577908766162394,-0.005261685340966729
19.408000,0.46436817604878616,0.04156313738654698,0.3858404238891194,-0.024199184799088058,0.27349074133615503,-0.0663601718635309,0.15354876858466743,-0.07009154861768192,0.0360806636528509,-0.04557126469339336,-0.07699770292670521,-0.005405570230337706,-0.1888973646396292,0.03793570003869322,0.1368752607646982,-0.017098795699565912
19.458000,0.47612368282359985,-0.000986194991490303,0.3883497218588884,-0.05005767938358545,0.27233840611070437,-0.08073950803282798,0.15245229797573334,-0.0755125513920085,0.03621687669295992,-0.04569096812646323,-0.07629660619681061,-0.0039690776173565145,-0.1889846748664749,0.03727894245127167,0.1374429017491895,-0.02882258090050885
19.508000,0.4815574600965823,-0.029521093492840562,0.3888833149148156,-0.07465381784035233,0.27040533214229395,-0.09370552637669546,0.15119997757278136,-0.07991845119902138,0.03627861511795144,-0.045377454520887955,-0.07588833137881268,-0.002732687977000575,-0.18956603624491597,0.03570400564208073,0.13891634352180027,-0.03793053293861505
19.558000,0.4858523025107068,-0.07128023833289901,0.3876811609124958,-0.09820060978150147,0.2678865356660445,-0.10521828475695352,0.15000311695255747,-0.08277948816666045,0.036641475118960376,-0.04342039568739595,-0.07509200888142137,0.0003474984033234804,-0.18959359569435946,0.036255528387147344,0.13803557083451395,-0.048311363717489876
19.608000,0.4861200507363254,-0.09810889421034902,0.38477636192676534,-0.1199103050558908,0.26485275779263173,-0.11562904691123442,0.1486945116833155,-0.0855082590595673,0.03676618717644403,-0.04224106394600041,-0.07484637069060207,0.0018342911436266263,-0.1903342790234972,0.03443096319590455,0.13801553967535812,-0.05579159401234196
19.658000,0.4835078549411035,-0.1377965347167165,0.3805818738165259,-0.1411801172492665,0.2615836856928378,-0.12570655194521949,0.1475688212619498,-0.08828181829491048,0.03704797252231257,-0.04153631590368996,-0.07463024023033521,0.0023724166711966005,-0.1911426446812024,0.031092785907609152,0.135669261328134,-0.06688362777783603
19.708000,0.4801142157393694,-0.16237214344012108,0.3758163199287364,-0.16010874025696656,0.2586806704759411,-0.13404651423146033,0.14703613798233278,-0.09005221500878263,0.037728372591398385,-0.04053643546104674,-0.07429554307075648,0.0024826570399185677,-0.19185872656305447,0.026542953894226506,0.13324215201039952,-0.07781297640352317
19.758000,0.47136362468363896,-0.1979125009738731,0.369631828984804,-0.17766192063874242,0.25528491966746614,-0.14126433383193165,0.14642543956816656,-0.09077063529211907,0.03851992265900056,-0.03826921225928359,-0.07366334626423793,0.00433259722990173,-0.19196313985468255,0.02446115462414966,0.13209621015332612,-0.0827047643364203
19.808000,0.46419914106460747,-0.21969848632712274,0.3626781140518094,-0.19380255452899303,0.25191598460219067,-0.1476316689146296,0.14594175045797664,-0.09133369671792602,0.03913688368357143,-0.03662793454686164,-0.07355892577175993,0.004598932067540473,-0.192612050657073,0.01964397656495151,0.13069927427687622,-0.08762667364525745
19.858000,0.45109406555830206,-0.2487112913699509,0.3555030929485668,-0.20728316358914647,0.2488723172279551,-0.15223883906151614,0.14587727445906767,-0.09065945023838423,0.04013980962475999,-0.033918032222834765,-0.07301005252904702,0.006045809771124039,-0.19256087862016458,0.016418832852691634,0.12707904712553975,-0.09565701738116891
19.908000,0.4402734361546809,-0.268055423648721,0.3470727060597665,-0.2197707551308516,0.245395802570468,-0.15603844545475853,0.14559570876862366,-0.08940556110240983,0.04080509722264619,-0.03093396347031513,-0.07294486730250899,0.0072883538737128495,-0.19283698081314465,0.01237569168591085,0.12493700972348709,-0.09839704846181876
19.958000,0.4230161951898512,-0.2927454731057501,0.33817208164908813,-0.23154228731892104,0.24204082094707632,-0.1597176358271236,0.14563008232172348,-0.08826856775456032,0.04184486708260904,-0.028030464760045726,-0.0724016319675595,0.008681078915259377,-0.19240133049353986,0.008949400523041717,0.12297113273266141,-0.10001472881915566
20.008000,0.41141286004786837,-0.30654552118181766,0.33002742906876625,-0.2399490807247121,0.23931089283596327,-0.16139648654014332,0.14574280084889346,-0.08626319058310236,0.042356466099369994,-0.025343031464363897,-0.07271086483824396,0.008708537513845815,-0.19257817734953186,0.0030669609964515954,0.11854677777443007,-0.10702258943796888
20.058000,0.3976690506588835,-0.3192879623970472,0.3240759083804643,-0.2447972320811812,0.23832551086287482,-0.16085159893831844,0.14696126673761883,-0.08305330271833092,0.04344855377860385,-0.022348127851424926,-0.07259571106045959,0.008208845029746892,-0.19197854023905037,-0.003945992431733492,0.11545691123550045,-0.11215759948923723
20.108000,0.38606171126315875,-0.3292549026781496,0.31783679963623823,-0.24906832151578034,0.23706377407483484,-0.16032307746486318,0.1476732431927521,-0.08026476753629039,0.043812267755020395,-0.020157382123823342,-0.07318603674495261,0.006514639624278673,-0.19169182424798548,-0.012363345657127489,0.11398544177638026,-0.11236341373900949
20.158000,0.36762688897208845,-0.3423141680696934,0.3099515960647737,-0.2544910072279938,0.2349329481519052,-0.16083097057774975,0.14811167291301938,-0.07799338148986268,0.044384050508761375,-0.017656159558788742,-0.0732117586837488,0.006244168061533828,-0.1907517986988414,-0.017928936688382358,0.10995566174895988,-0.11760556659552529
20.208000,0.35539877007625104,-0.3494552176165715,0.30266584982519223,-0.25837088429175636,0.2332007950073284,-0.16052096779127523,0.148592559229071,-0.07542427902789989,0.044708324478059225,-0.015357101882667978,-0.07350269743873244,0.005286403085912161,-0.18975906350335242,-0.024453424577493776,0.10815500388168359,-0.11704172314327094
20.258000,0.3368270144603483,-0.3584524301115372,0.29538004415236524,-0.2617065262413267,0.231575572041496,-0.1600748907204258,0.1492430013322352,-0.07277455967635393,0.04530151488323336,-0.012806506558281527,-0.07337308964105566,0.00497939350338561,-0.18827466206226445,-0.029627378306964658,0.10439130797137441,-0.12134203092915805
20.308000,0.3251373182010941,-0.36270539871133123,0.2883806766327766,-0.26420702967100274,0.23004694135418186,-0.15933961181457118,0.14972670462476956,-0.07018435638246845,0.04555147238894808,-0.01062328698187115,-0.07354562463495212,0.004069618796899044,-0.18687156966737029,-0.03539213715070155,0.10873517677496164,-0.11077227077088792
20.358000,0.3124232855832187,-0.3642522712475428,0.283758987040444,-0.2639192519810077,0.2296059033380834,-0.15683310197744116,0.1502492003805617,-0.06681913809863632,0.045238115943505575,-0.008744426358127944,-0.07429347438042233,0.0018479725282416481,-0.1855584646651367,-0.04309757159938438,0.09968111682051717,-0.12345418679151052
20.408000,0.3047281668059551,-0.36451801470245576,0.2804873685870574,-0.262418391527887,0.22972240828676085,-0.15368514550346202,0.15065006724471855,-0.06342128298485095,0.04444730692060167,-0.007555607480734805,-0.07541090173236958,-0.0017238142755695574,-0.18416026849806133,-0.05245423122619952,0.09706771606401884,-0.1267473893980667
20.458000,0.2927104893756652,-0.3654076344851911,0.27742290183492613,-0.26128825110373716,0.23016247112426216,-0.1509866115500668,0.1515791664762437,-0.0602966769899847,0.04445356316946325,-0.006221681697358539,-0.07553292649653953,-0.004421044077515035,-0.18192722005668022,-0.059921082763139843,0.0970837056007055,-0.12463538384931205
20.508000,0.28412681220382935,-0.36619614659359845,0.27315890754562444,-0.26148438877589397,0.22977610426457343,-0.14960082260338764,0.1520146473054293,-0.05820522198940209,0.04424671490005361,-0.005421960011097071,-0.07574417771327563,-0.006900367890023573,-0.1800590751857693,-0.06621648850915324,0.09631062020843317,-0.12335908404728169
20.558000,0.2714761740931349,-0.36704971496010325,0.2690633956288673,-0.2616462161712111,0.22951574983000073,-0.14835021574856863,0.15267037591987626,-0.056183038789451745,0.044427066066959814,-0.004381630776874368,-0.07550093437204275,-0.008537916462747652,-0.17804359573245204,-0.07086770549756122,0.09567268905063347,-0.12196771844368776
20.608000,0.2633317844118699,-0.36741863876629904,0.2650349882124401,-0.26199730527351645,0.22915942421015345,-0.1474855420894757,0.15315917961705913,-0.0546202481320997,0.04447637108204508,-0.0037473955588314123,-0.07534400760811127,-0.010310691266591399,-0.1763020322618628,-0.07517576089587985,0.09325405430989761,-0.12473365436036343
20.658000,0.2518345159898706,-0.3675336571307436,0.26120489374775446,-0.2623545846852771,0.2288631584470817,-0.14679502360207988,0.153751386992442,-0.05320965194098126,0.04475924474724047,-0.0030029499102589563,-0.07494457659661785,-0.011428812220884599,-0.17469528824240949,-0.0781355999276695,0.09258862253126954,-0.12344149313979905
20.708000,0.24470769387200936,-0.3673696338132841,0.25762115873923397,-0.2626702391589126,0.2284808051609277,-0.14626216472534387,0.1540858741339569,-0.05210594221460246,0.04477326862213174,-0.0026008487775018296,-0.07480108681214559,-0.012699042798071714,-0.1735615469000149,-0.08086334080833751,0.09034546051630585,-0.1256526937325328
20.758000,0.23486490896162374,-0.366900190795598,0.2543066093835615,-0.26297610130795346,0.2281514374849924,-0.14586117065026027,0.15447464208836303,-0.05114195496472368,0.04494629298473049,-0.0021160358745852537,-0.07452266279206829,-0.013392941726869556,-0.17269298307924777,-0.0824044495694935,0.08834326335618961,-0.12734343143227214
20.808000,0.22893256064666984,-0.3665426339857914,0.25123619656031393,-0.2633870950903615,0.22773335194825803,-0.14571119995825915,0.1546338066545903,-0.05054578356207551,0.04490387055014142,-0.0019727342187044195,-0.07447599856198439,-0.014156610891246146,-0.17235842542559715,-0.08357584821988207,0.08754906704101997,-0.12620109438034158
20.858000,0.22167642789078676,-0.36579159517883597,0.24882573822946133,-0.2637155812922094,0.22758567410787875,-0.14561029065664535,0.15493818034449186,-0.050099340237865275,0.045044421955420716,-0.0018980760726541868,-0.07427516554939861,-0.014658798531815176,-0.17218965791087765,-0.08403280076315434,0.0858761614701696,-0.1275117675778082
20.908000,0.2178910735155204,-0.36524254577605175,0.24710052258488815,-0.2639238483372764,0.22758817755693408,-0.1455208568568663,0.1551136571278212,-0.04987858645005239,0.04500950417388705,-0.002159874163396136,-0.07426192940526052,-0.015363098465625502,-0.17244022770238218,-0.08436325602690498,0.08551065097299626,-0.12663381184114877
20.958000,0.2142480213779008,-0.364346228374292,0.2463010329483995,-0.26398329417604177,0.2279803598021803,-0.14539006951514724,0.1554428776135638,-0.04979554206856096,0.04511088513369543,-0.002606015312910326,-0.07413133429209975,-0.016070528167466014,-0.17279420840748852,-0.0843759984556573,0.08555943934806448,-0.12615156228712196
21.008000,0.21265576372077127,-0.3638031628452784,0.2461630884448489,-0.2639410263299002,0.22850408106023246,-0.14524747360613155,0.1556506332044194,-0.0498935269886982,0.045065700593503094,-0.003299829137603627,-0.07416860666554376,-0.016834228734748602,-0.17357044246474623,-0.08405978220772753,0.08457038601180789,-0.12704191862427042
21.058000,0.21155954515512532,-0.3631984083158352,0.24645140042830194,-0.26391830591897736,0.22911213333484934,-0.1451776228458963,0.15586685815893855,-0.05012432377424331,0.04508680623676875,-0.003996456967709228,-0.07417988185157948,-0.01724247948152985,-0.17461013364229405,-0.08292173438940509,0.08383365618600777,-0.12754991026842286
21.108000,0.21138600289663595,-0.3628675734896667,0.24719017718111472,-0.26385901752320184,0.22972052975357937,-0.1451374465967938,0.15591283284820617,-0.05052019723173845,0.044955079293404615,-0.00482143450449779,-0.0743762497294104,-0.01747188416451667,-0.1761171097984426,-0.0811020447727071,0.08403119126756631,-0.12706660627123229
21.158000,0.21131619208980765,-0.36260910498841087,0.24782900297346713,-0.2638584904595064,0.2301295152407076,-0.1451709673831615,0.15587492287660035,-0.05090402984491188,0.04488184189726924,-0.005291137207899033,-0.07456733146476424,-0.01677569131882861,-0.17795390115793014,-0.07769545171789899,0.08387480753533139,-0.12645283625222584
21.208000,0.21139630548398383,-0.36253028615334365,0.24830979321722077,-0.26389011579846755,0.230230156196966,-0.1452599057960579,0.1556079317722034,-0.051283719334272004,0.0447185190454982,-0.0054193743032301955,-0.07488990469019385,-0.015105703404756532,-0.18028003549499794,-0.07248967615801089,0.08308330407800535,-0.12565540775624648
21.258000,0.21202911727827795,-0.3625434097316601,0.2487626023006463,-0.2639182907217689,0.23018305916304507,-0.14536534652889793,0.15528358230638953,-0.05160998206051498,0.04462456270361348,-0.0051925135755535035,-0.07514835976202555,-0.012571337603810462,-0.18271052138625982,-0.06577266640979051,0.08245360052495015,-0.12429338576878843
21.308000,0.2130911728383293,-0.3626320323371719,0.24949043764295703,-0.2638631776248999,0.23006944760512152,-0.14544516739862456,0.15482708326052175,-0.051964759783795944,0.04447328289391997,-0.004826253818415949,-0.07543773117722574,-0.009446719642274892,-0.185288569334831,-0.05774571917716681,0.08207333231680808,-0.12270037747739018
21.358000,0.21564539572238478,-0.3629130411754902,0.2505255941617245,-0.2637505914639684,0.22993544072370978,-0.14553026503319366,0.15426551611259884,-0.05239561783168867,0.04425531932431376,-0.0044606973393924165,-0.075733778982565,-0.006078191544045597,-0.18777800596864686,-0.04904435496470949,0.08179034653319159,-0.12060923568869439
21.408000,0.21685670228104262,-0.3633358289012044,0.2513695721267529,-0.26375746803743183,0.2295710621885374,-0.14575397247919986,0.15364953434214323,-0.052824313008410284,0.044189848500267775,-0.003645281141267054,-0.07579113771376972,-0.001509175595455381,-0.1900739583469223,-0.038107493967361905,0.08130830210931161,-0.11858498144433371
21.458000,0.2202107145028571,-0.3638468577652733,0.2524637926361444,-0.2637939308381789,0.2294291662974027,-0.14602548859307132,0.1533931488335208,-0.05318948238943022,0.04464560627466435,-0.0024551548854592764,-0.07518524165564355,0.003914137406301643,-0.19148616618399095,-0.02565095947881041,0.08180600035944896,-0.11528603094935586
21.508000,0.22301561130863276,-0.364212135394838,0.25400582632542396,-0.26366375652032853,0.22947107239341713,-0.14619867299011033,0.15331815726336867,-0.05345853326233602,0.045418022653396506,-0.0009460494990179424,-0.07406785948070499,0.010150074627279904,-0.1920867904614335,-0.011564711352462287,0.08228557995256217,-0.11257138577183229
21.558000,0.22810574293563066,-0.36472665949764427,0.255798038839027,-0.26345862017743726,0.2294826309333974,-0.1463795900022614,0.15313302482641317,-0.0538013115169268,0.046130166082276436,0.0005161646816263521,-0.07280445919967726,0.01647094167904034,-0.19203550970724897,0.0029078817420125636,0.08351434177835443,-0.10849549606414977
21.608000,0.2318885044172369,-0.36510037899152914,0.257774810380387,-0.2631380601446091,0.22930070349852744,-0.1465652278154444,0.15258525125330752,-0.054289882317251625,0.04647084616270317,0.0017434384147103632,-0.07171346774328166,0.022539302102393355,-0.19159663243800304,0.017245265580949132,0.08405642255222115,-0.10601853649172166
21.658000,0.23827964218645734,-0.3655154778069468,0.2600524436497188,-0.26265670918390094,0.22919613677944756,-0.1466916785654995,0.15210409714514184,-0.05473072258404804,0.04699466329668628,0.0031657964482490475,-0.07016699843989577,0.029110834878024516,-0.19011664776456116,0.03258669835193856,0.08443179774505852,-0.10365528794724593
21.708000,0.240784116858681,-0.3658944330202747,0.26090070316880287,-0.26250891875666904,0.22821591007369255,-0.14704591905404343,0.1514412123546058,-0.05481986096771668,0.047995518474466786,0.0059994486112034395,-0.06750208539198799,0.03856175045102067,-0.18667213923292275,0.05265069177208265,0.08659701177478071,-0.0973449096780108
21.758000,0.24370292832184273,-0.36637215218390257,0.260946370668567,-0.26245075136409746,0.2271896684810303,-0.1472965718593051,0.1514298084684128,-0.054235067407310544,0.05024718452182769,0.010279090816166903,-0.06288868053360785,0.05028254114433489,-0.18014502167346097,0.07579627200625005,0.08793697187866001,-0.091988810633655
21.808000,0.24573539486199789,-0.36669212897423215,0.26088332721667945,-0.26244011932195555,0.22621532646316606,-0.1475570060121467,0.151793943345712,-0.05342168992469182,0.05335299020956538,0.015203223522588849,-0.05663405384850104,0.06319124431287104,-0.17060604285187678,0.10074634679727407,0.09365861702544204,-0.08277069770168316
21.858000,0.2490140439004999,-0.3671087862432898,0.2607531545434234,-0.2624274697436822,0.22507021175045716,-0.1478555377811205,0.15199927210588418,-0.0526681553217897,0.056498310851930245,0.019992469500532295,-0.04975180791142994,0.07576802205513378,-0.1592047290098235,0.12496210770603322,0.09410395678767564,-0.07896583858933043
21.908000,0.25134709632968705,-0.36735575568615353,0.260602523940128,-0.26241410566780365,0.22390070142871307,-0.14816448324242934,0.15237391801716793,-0.05181138648473416,0.060246282351578556,0.025081387861546567,-0.04141308588464898,0.08884166428668899,-0.14481973265748332,0.1497273391470184,0.09941968088236022,-0.07132779975241138
21.958000,0.2545385103533292,-0.3676299098075314,0.2605619588550253,-0.2623856584648863,0.22277491960723966,-0.1484903571361256,0.15281869355762814,-0.050990990795224456,0.06427924746517649,0.030007567745293007,-0.03217920300988569,0.10139221127555043,-0.12832815191455083,0.1731931835845698,0.10554331729556052,-0.06394876936768656
22.008000,0.25640392622333297,-0.36772796125446583,0.2599044564251371,-0.2624568701697575,0.22185030821727045,-0.1486505355298363,0.15419958342418935,-0.04953757252816415,0.07001558994976392,0.03597883082638487,-0.02019716272894667,0.11510947757042322,-0.10755121232990833,0.1973850512135935,0.11051262975423096,-0.057883017887685406
22.058000,0.2593675002969465,-0.3678519628609394,0.25949077597063824,-0.2625125657280564,0.2210868946084517,-0.1488237716614506,0.15599294317444595,-0.048013169606372696,0.07682254325515483,0.0421646978369169,-0.005913761281954644,0.12908249757634105,-0.08251897817357873,0.22144937878918292,0.11700715424973274,-0.051539385112956415
22.108000,0.2614809067957518,-0.3678443921930086,0.25935028001610416,-0.26251708963457876,0.22089710135625706,-0.14884496002070263,0.15880937746383744,-0.04615555189182774,0.08537519562415155,0.0487518816291348,0.011295897741752797,0.1431566358804477,-0.052848098323174164,0.2445743255052002,0.12748680342255736,-0.04373459749829611
22.158000,0.2644323647253613,-0.367755909569119,0.2591034569437928,-0.2625430393949746,0.22073812478580287,-0.14884123075321598,0.16183974480254507,-0.044289899650509446,0.09450400768873315,0.055037329785026456,0.02975075002420477,0.15606710570198667,-0.021016974171064795,0.2647990613545592,0.1385887976473653,-0.03675637367915846
22.208000,0.26600669455366405,-0.3676828947863893,0.2586337870681354,-0.2625966968323985,0.22068209723957077,-0.14875615379453164,0.1654727269949899,-0.0422107388899155,0.1050260930307432,0.06145316245665894,0.050779419418072264,0.1684919330118197,0.01484115114313167,0.28298403262309596,0.15096431212400907,-0.030307578211720976
22.258000,0.26686762005928977,-0.3675851871590003,0.25730518695928667,-0.26266157371373744,0.2201052247208522,-0.14857317461260888,0.1689600934825372,-0.04001823206923849,0.11592568205128004,0.06762632749654529,0.07288341006333435,0.17964133908924973,0.05240140809816421,0.297880451042316,0.16105070574522456,-0.0256634154779245
22.308000,0.2673536137491908,-0.36742845430706744,0.2558288064179512,-0.2627387612045938,0.21973353768729492,-0.14829606123966943,0.17319150004119876,-0.0376893763976161,0.1283787283610294,0.07362915527766684,0.09759237100089158,0.18961277567509144,0.09352482424121195,0.3095438186262717,0.15593313683739823,-0.027365414195816784
22.358000,0.26817508099863335,-0.36723308396624144,0.25450055461698745,-0.2627871021844623,0.2197668333956701,-0.1479238416956549,0.17811952378313622,-0.03538273097589362,0.14190593593842243,0.07902258382815291,0.12372276588164949,0.19763696881870257,0.13596031744977466,0.3170113476929703,0.17002519277085543,-0.022171024652440585
22.408000,0.2686554113214937,-0.3671406607159177,0.2535648031233875,-0.2628955931463993,0.22062127985558386,-0.14750614703149859,0.18447398553919808,-0.03307986895865178,0.15766174616590722,0.08388638181390784,0.15289936927287354,0.2037918436008026,0.18175364447353426,0.32027115851397836,0.1828666261318494,-0.018782052383582104
22.458000,0.2688669613350442,-0.3669358678532862,0.25262137018029557,-0.2629083165772177,0.22193546777625806,-0.14689807826330906,0.19165384208785763,-0.030781657608572988,0.1744799608376187,0.08798305854400612,0.1829962811923463,0.20768047826396374,0.22744337225108463,0.31914552254429474,0.21702401290772044,-0.014147642927413495
22.508000,0.2690461831848616,-0.36684716999233974,0.2516771442407103,-0.2629539311320602,0.22353412381154836,-0.14630072542761452,0.19970881942306581,-0.02868969333114807,0.1929897656300668,0.09112205198677459,0.21548053180549795,0.2089955665557478,0.27543094092225995,0.3129472305478779,0.23276838334654656,-0.014317754956825468
22.558000,0.2685873118830503,-0.36679721421776657,0.2507601516156748,-0.26298449533953117,0.22565063653926923,-0.14564093031724448,0.20858296653960348,-0.026860904048794376,0.21230893926778038,0.09308123669785545,0.24810509696720998,0.20761784697503843,0.3217721269439457,0.30234465782806924,0.24973733946987822,-0.015684841616814105
22.608000,0.2685909894187385,-0.36670963759708464,0.25006106137598527,-0.26302384319401295,0.2281160691669921,-0.14504750100225394,0.21820759364951134,-0.025457275177066918,0.2328553164050511,0.09364538733757366,0.2820313709818445,0.20310641079459912,0.3684338350144932,0.28638074182815265,0.266323265574347,-0.018679502275975868
22.658000,0.26850343009598304,-0.366621428287292,0.24959556339377256,-0.2630196136990486,0.23108068940359044,-0.14445655266768162,0.22846265296080395,-0.02448511487858035,0.25381051140247807,0.09280719549350175,0.315383397135288,0.19580612627695332,0.4124202717486251,0.26640247862801675,0.2831184787854778,-0.02295208553870537
22.708000,0.268493569681268,-0.3665609767146371,0.24950321238374723,-0.26295862032392114,0.234842149062987,-0.14385759924389607,0.23993125561047635,-0.023965560331596858,0.2761042677882457,0.09045259028266056,0.34942601632794595,0.18544691217129228,0.4552888203105966,0.24195413943410227,0.30050434477764215,-0.028701347589396797
22.758000,0.2684328651648729,-0.366478315768009,0.2497082567954793,-0.26284280198523025,0.2391616286685365,-0.1433071644742691,0.2520188884186281,-0.02399794072472572,0.29859284962403243,0.08659530562258733,0.3823858648832186,0.17249484341979443,0.4948361993734225,0.21438663585030776,0.31707688142506657,-0.03558181166977409
22.808000,0.268521853750592,-0.3662657372626759,0.2502948800773809,-0.26259424170297196,0.24429178352905928,-0.14274449063233338,0.2652480709220626,-0.024588517365606244,0.32209883951387625,0.08109019435290044,0.4153554879614553,0.15660971183231842,0.5323862106163251,0.18313912861535864,0.33434068590934557,-0.04373003615277682
22.858000,0.2687066361916939,-0.36464572436257514,0.2514745679216328,-0.2614627306223546,0.25039730665878146,-0.1414675661029065,0.27944925316762753,-0.025037396456050742,0.3459002295125374,0.0748839112956326,0.4470766874222597,0.13940773917964477,0.566526565524059,0.15088496102534865,0.350292480467041,-0.05197097231415482
22.908000,0.2690891604316796,-0.36255015578731553,0.2532709272107953,-0.2589555387722579,0.2575156337225263,-0.13903063532585488,0.2949762296687084,-0.02502754873888241,0.37082157548690475,0.06796429777315394,0.47880700469457804,0.1203011593415989,0.5987393905595539,0.1162734030512439,0.3660279726900663,-0.06062073814284813
22.958000,0.26980189297018486,-0.3580257566020911,0.2556706864605339,-0.2552909726034645,0.26564319952177534,-0.1357060697802261,0.3114985201967168,-0.024812924970466665,0.3959923793975254,0.0603973312042097,0.5092283157948185,0.10011663014349353,0.6277273397387564,0.08119623574131313,0.3835197811989516,-0.0685703575863294
23.008000,0.27043681105706974,-0.3540866140056864,0.25883139895249696,-0.2503962899203051,0.27511862472725124,-0.13150673496882007,0.32957630623903106,-0.024575163745155837,0.4221622017036688,0.05176520539864099,0.5392205586215801,0.07817242175476041,0.6544553634702084,0.04469198341386388,0.39864532664503927,-0.07732014429182471
23.058000,0.27174706118523695,-0.3467872922326748,0.2627974834994573,-0.24440235495190632,0.2857757695284787,-0.12662290695197526,0.348674149566077,-0.024428025531006592,0.4484063194259351,0.042306480498815635,0.5676969773917173,0.055334869581537105,0.6780980388261775,0.008307158238707146,0.4053339386669873,-0.07584059189638642
23.108000,0.27293236971041174,-0.3409890222733278,0.2677498728568273,-0.23725390043797284,0.2979443486832623,-0.12111478717475382,0.3692745978305431,-0.024616105543413147,0.4753146826362493,0.031557735471766046,0.5953129871779972,0.030919842764542183,0.6993528375014402,-0.028877394167239057,0.4355956647395005,-0.0932553883122732
23.158000,0.2753140139027066,-0.33088432922850536,0.27372150092095393,-0.22909914554557637,0.3114335031188394,-0.11517897661036686,0.39083753721195785,-0.025206762178694164,0.5020559204416923,0.01985398827848217,0.6212358310713344,0.005848671348453516,0.7177645532198829,-0.06544091975970423,0.45488505763768444,-0.10132012697377801
23.208000,0.2773907124492585,-0.3232053034037931,0.28091632726364296,-0.21990699452946263,0.3265478206135208,-0.10892155938295328,0.4137479465899264,-0.026482866830857488,0.5290582852074794,0.006736492101928282,0.6459258529077294,-0.02050266390238764,0.733822891167851,-0.10219789427172274,0.46403442773699294,-0.11031449598732446
23.258000,0.28140073273356,-0.31027046336178576,0.28935011143618017,-0.20984845116158787,0.34306333623489915,-0.10254099810392622,0.4374669221029046,-0.028460211288031,0.5556022140954346,-0.007387651267006579,0.6687947094183957,-0.047230580408341605,0.7473549926372123,-0.1379404580434663,0.48319819292828403,-0.11839548064531563
23.308000,0.2847728069719578,-0.3007066254934432,0.2992450966607912,-0.1989252282309829,0.3612441468782476,-0.09618225877743203,0.4622731260070199,-0.03142775795935704,0.5819713504363462,-0.022922755404000128,0.6901550841384545,-0.07484846928711655,0.7587146458809817,-0.17333494802238553,0.4948777797183746,-0.11852008097988276
23.358000,0.2910666573541708,-0.2849688885849144,0.31058933356481033,-0.18733440769566861,0.38082622228684804,-0.09003703125288853,0.4876390532712711,-0.035346820638071264,0.6075698410451321,-0.0394218843113287,0.7096304917439242,-0.10253783775369618,0.7679046055694008,-0.20743839856180335,0.5153074528993697,-0.1277805703143902
23.408000,0.2962023464169756,-0.2735698716140575,0.3236138011139278,-0.1751180590037544,0.40202059968656484,-0.08427548122444489,0.5137420686866503,-0.04047692685945542,0.6325719982995937,-0.05719361995895628,0.7274468431890148,-0.1306699005344473,0.7752218947919751,-0.24074961912208925,0.529195250686779,-0.1364477527201829
23.458000,0.30552303899168304,-0.25516702651961787,0.3382650617949366,-0.16249718877153868,0.42451928087436425,-0.07906931758331961,0.5400783344676802,-0.046725769036242454,0.656505883662317,-0.07578821539800654,0.7433853767722904,-0.15856474393692305,0.7807312359656665,-0.27260546824674364,0.5494939723896115,-0.14615393123729326
23.508000,0.31293929439558876,-0.242076034408011,0.35476983759286734,-0.14955800347382064,0.44847409985873743,-0.0745946041831734,0.5667439590356907,-0.05429089983486274,0.6794853937582093,-0.09539283283938305,0.7576518097993942,-0.18644233258142667,0.7847514697912961,-0.3033423258591138,0.5695733425478833,-0.1608315398772467
23.558000,0.3260823522277699,-0.22131424037165992,0.37301937590238227,-0.13653594837360655,0.47353467901401847,-0.07098692976633933,0.5932707467807921,-0.06303242942058421,0.7011480794421374,-0.11559173970785298,0.7701147636606436,-0.213793554700779,0.7873002883930208,-0.3325565865738026,0.5828617377955398,-0.1682709605002944
23.608000,0.33630986519331163,-0.2068444012244711,0.3931639775334084,-0.12354868306378411,0.49969510002268386,-0.06831173943853272,0.6196083543899114,-0.07287369367206742,0.7215541466708959,-0.13617500039814168,0.781057430298862,-0.24038324974855485,0.7889172590582805,-0.3601255692818194,0.6026939674990124,-0.17751002876387048
23.658000,0.3526081279490953,-0.18362263678908672,0.41398638916022357,-0.11021470599055098,0.5253336605467052,-0.06547339225570498,0.6442077924248191,-0.0818728059685704,0.7396815189682245,-0.15456921261862377,0.7901699430187715,-0.26343113909823407,0.78988636065,-0.38343080401874163,0.6153958047339283,-0.18278646417442979
23.708000,0.3634513957834958,-0.16661751488493962,0.434044279309198,-0.09528560879659725,0.5489769387942544,-0.06078222079353246,0.6658654052356534,-0.08793155619930608,0.7548261268109779,-0.16846720058609563,0.7973322720897248,-0.2806867515277261,0.7906494726050417,-0.4005005244882978,0.627227215330895,-0.18543015878303232
23.758000,0.3797234741775893,-0.1387838067850005,0.4535993093693041,-0.07904525826407344,0.5711016273469278,-0.054689452593035134,0.6852261985946513,-0.09177829508674586,0.7676365317489072,-0.17900522320762224,0.8029052892134566,-0.2937053310842358,0.7909866238900114,-0.4131119699989447,0.6428432131801833,-0.18553740574985525
23.808000,0.3902507147947957,-0.11813656214594458,0.4722323883662862,-0.060634848440594996,0.5913703745388634,-0.04627726331137623,0.7021192897362353,-0.09247983664452888,0.7781503557607531,-0.1853198980360176,0.8071380182081898,-0.3017660891537758,0.7913741259373313,-0.4207261652317304,0.6505386738790364,-0.1830743934334363
23.858000,0.405759702766354,-0.08367865191982415,0.4899929687051119,-0.03991194020695131,0.6099090925827022,-0.03542604741126505,0.7167624694749871,-0.09003699729052744,0.7865603377533193,-0.18764979145092708,0.8099711826587048,-0.30534402385343684,0.7912854203967714,-0.423880272691885,0.665141105445648,-0.17513099972558616
23.908000,0.4161767504374443,-0.059171140353726386,0.5073493290559873,-0.017282781476728862,0.6272224331913264,-0.022799927927392702,0.7296298395988666,-0.08535169139476752,0.793264225514817,-0.1870899090373584,0.8117279279568226,-0.3056609497349916,0.791042050192425,-0.42386456415139623,0.6696411857681841,-0.16840783853135904
23.958000,0.4318164386374051,-0.02396776150243003,0.5240963935807462,0.004262532108501756,0.6430988334264998,-0.011178300471309986,0.7405907290025888,-0.08114493749911733,0.7980935213747768,-0.1864702852051706,0.811937196181923,-0.30566907994670306,0.7895997693857983,-0.42357174897555794,0.6781980000210479,-0.15788329871738435
24.008000,0.4428904472894736,-0.0009679150324185564,0.5407116674681495,0.024342573221744105,0.6580107448525729,-0.0009739519103320509,0.750225051127144,-0.07776276436566039,0.8019596733491074,-0.1860380102141494,0.8121465580086911,-0.30560484249188574,0.7894777658252469,-0.4234442495717918,0.6914492870952331,-0.1469083822406482
24.058000,0.4620865031606714,0.03375887892062362,0.5584031672748726,0.043732683642250136,0.6730886051813953,0.008416252166390227,0.7594559566757111,-0.07489449501461468,0.8052758797410626,-0.18580227044215294,0.8118914012069469,-0.3056197769916318,0.7890225527759505,-0.42342052304801325,0.6994784977295664,-0.14006190403760088
24.108000,0.47699971293849086,0.05710351966446934,0.5778964486261053,0.0625826416001297,0.6889462927282021,0.01710811988851601,0.7688637061547865,-0.07240839831457516,0.8086874018886417,-0.18560766181967636,0.8120007348807119,-0.3055619107001711,0.7893829110737808,-0.42341111114819546,0.708729160927136,-0.13107685500092733
24.158000,0.5022125215770346,0.09201879325002756,0.5990614858279151,0.08073124195995843,0.7053696369503066,0.025066378671356637,0.7781639917183534,-0.07033268795879312,0.8117159071366771,-0.185546701740805,0.8116264702104174,-0.30554666841178457,0.789181242944203,-0.4234288628813819,0.7182772591077163,-0.12456490989886705
24.208000,0.5193412373739414,0.11332809833094454,0.6198637390684373,0.0974390506067998,0.7204901020803386,0.03206065152119149,0.7858454275912619,-0.06858069896339446,0.8132641894880817,-0.185406259077804,0.810079206842286,-0.3053639844878249,0.7881193515038616,-0.4233375609933945,0.726667335646743,-0.11657275422966082
24.258000,0.5461570785042317,0.1439026589423673,0.6400063660654407,0.11215158008498789,0.7342107384164431,0.03781762936290073,0.7922104715336815,-0.06723488587747384,0.8142054617446277,-0.18520191688877108,0.8089720370851303,-0.30508774284969686,0.7887336327606164,-0.4233687937006151,0.7339187450640874,-0.10960072603877302
24.308000,0.5657632142537479,0.16308265024343865,0.6607807938332223,0.12532116432214827,0.7476651117227449,0.04254970000700897,0.7980857609150172,-0.06634363374226054,0.8148875090266254,-0.18516156698633798,0.8080472530578771,-0.3049664537743235,0.7900833855549216,-0.4236142496423304,0.7435328748021373,-0.10471729456035489
24.358000,0.598560219664128,0.19022065756716544,0.6828331355566108,0.13727497947421236,0.7613992165181349,0.04657012336194449,0.8037804335435816,-0.06569666800327595,0.8151873379527954,-0.18515328159917088,0.8065703001153285,-0.3048434928067196,0.7906630579487831,-0.4237844850955633,0.75360881117309,-0.1002074892389978
24.408000,0.6227351667167382,0.20691065095835995,0.7063522226552976,0.14770125753850893,0.7756529467730696,0.049734887611107614,0.8097235112815329,-0.06532682032891285,0.8158562526524168,-0.18517000738298678,0.8057588352345929,-0.3047444283997328,0.7923082709664871,-0.4239882220364227,0.764750257105066,-0.09604672221791757
24.458000,0.6610381617730905,0.22876547806471828,0.7310003743715869,0.15645735862378024,0.7901154332951073,0.052028388470007375,0.8154881233307967,-0.0652585528272317,0.8161543362747383,-0.18525670345000306,0.8043753420182348,-0.30467720119843,0.7931095249058584,-0.4241472030949923,0.7715014749094271,-0.0905572963431143
24.508000,0.6854565394628299,0.24091779549092415,0.7532982104437678,0.1630052034102587,0.8020413149599105,0.05335070162351713,0.8192305430474196,-0.06541179429904076,0.8152662578396878,-0.18534629493492583,0.8027690625007528,-0.30469377127454467,0.7947327217686342,-0.42442437399423105,0.7682029108160398,-0.08917161588342476
24.558000,0.7221889339356068,0.2556143258029017,0.7743257038149907,0.16789164593300865,0.8123715915855706,0.05408254953141073,0.8214862632515817,-0.06557079459411108,0.8130901896695584,-0.18527670901944343,0.8000166659697857,-0.3045624289446348,0.7952568023106339,-0.42446799052518036,0.7913442236419694,-0.08612152834399667
24.608000,0.7473013736114419,0.26313105128077724,0.7950599014970344,0.17094940366186598,0.8222254642459702,0.05406470748425024,0.8235861507251002,-0.06592757781903663,0.8112793335920955,-0.1852948356917658,0.7982386821172622,-0.30458415377646186,0.7974177560076168,-0.4245813457449509,0.7976798038949995,-0.08401633722439789
24.658000,0.7863888106267866,0.27088833200598766,0.8158850382050752,0.1724682347183661,0.8317544393830236,0.05352218767916278,0.8252028161868398,-0.06629882981565821,0.8088182016360516,-0.18517500239040546,0.795549880800817,-0.30443921186756706,0.798278909970996,-0.42440817618662474,0.8077768514351351,-0.08334327951528747
24.708000,0.8123161962136466,0.2735628814640884,0.8364268142468052,0.17219585707197504,0.8410386269805031,0.0522845098886944,0.8269534865018481,-0.06688599324734362,0.8069778328597281,-0.18521170161864364,0.7940219116537685,-0.3045102519271232,0.8008544336949169,-0.42431558003300174,0.8185057896872228,-0.08326103434765436
24.758000,0.8491124274555588,0.27472206460387305,0.855549173972201,0.17096684064092224,0.8490041909593912,0.05114546026569988,0.8275734385273906,-0.06692537779012703,0.8040981204932556,-0.18460676703102458,0.7914204645504596,-0.303935208886537,0.802161376311294,-0.4234535450632104,0.8097160702946795,-0.08154678281372635
24.808000,0.8696649250973306,0.2735796129769485,0.8710850573460455,0.16879774160752248,0.8547880709832741,0.049909524333984545,0.8274317737197058,-0.06693067832351007,0.801784502564022,-0.1841578826815205,0.7906334886483721,-0.30363865462962014,0.806386192041352,-0.42260021284277116,0.8139705768422936,-0.08064263943517075
24.858000,0.901370460397125,0.26872665699719056,0.8856036601198672,0.16546267998992178,0.8597795100711544,0.04827431335854526,0.8268166812144245,-0.06710961926869957,0.7993459821125076,-0.18392297762154564,0.7901063124184671,-0.30356673423248404,0.8112001742565457,-0.42169822415068414,0.817116489290583,-0.08036160691315947
24.908000,0.9205697889129224,0.26399915504600735,0.8990770607438967,0.16128425817691683,0.8642121501919492,0.04646075008654141,0.8261207476912346,-0.06733312080900072,0.7972799170370389,-0.18381576537616479,0.7903956615482799,-0.303618131902288,0.8171492003710911,-0.4205978231318747,0.8261169773466689,-0.08200425154029789
24.958000,0.9473731384866708,0.2546106339097461,0.9108542898877612,0.15638471459249662,0.8667890869553282,0.04476814855411876,0.8231970899491472,-0.06703407737402678,0.7923987378011118,-0.18301451309866523,0.7870883418634644,-0.30289695424370394,0.8184817838494678,-0.4187177284705453,0.8466184254573976,-0.08652233739187837
25.008000,0.9656160264850605,0.2463182152743037,0.9216819430181631,0.15075157009739748,0.8688909614989498,0.04298741896058847,0.8200136399697207,-0.0666073228846639,0.7872604277454877,-0.18205093288103466,0.7833496794837453,-0.3019871911519727,0.8189733025017196,-0.4165775811638369,0.8520629908542452,-0.08811522869944244
25.058000,0.9887335832299952,0.2328555033747696,0.9318550300736885,0.14446649015932025,0.8712954233299226,0.04086854601447018,0.8179946152471614,-0.06664435487525502,0.7841545644721886,-0.181774068518375,0.7825356567889681,-0.3017631477627507,0.82312039153737,-0.41469179472799955,0.8478405146955947,-0.08924250618573801
25.108000,1.0015946863980867,0.22356408325884622,0.9400207865837192,0.13829800438412662,0.8727045385856431,0.03895756571254902,0.8158142084940494,-0.06669985400830847,0.7816684302906481,-0.18173926391154172,0.7830656050847102,-0.3017311298966777,0.8290758728427418,-0.4125600758486906,0.8545777839634657,-0.09184814655382503
25.158000,1.0181222780793506,0.20896687885008672,0.9462750116588057,0.1322949836723536,0.8729084569172967,0.037335262498789046,0.8128152886093356,-0.06653393949444392,0.7785434590712699,-0.18153585991368631,0.7829248204432295,-0.30145584854163904,0.8340057187959012,-0.41004103088013316,0.8602450928112269,-0.0942969816358396
25.208000,1.0280943316568996,0.19866724526511081,0.951849602142487,0.12610118952936344,0.8729702166831128,0.03566865915698508,0.8100197366239366,-0.06649413769352724,0.775898286689143,-0.18154076586813878,0.7834440212574099,-0.3013032887616769,0.8395124494680959,-0.4073991480493184,0.8598634929454377,-0.0960497279376431
25.258000,1.0412473860739735,0.18269137633689583,0.9568008259273659,0.119864733085353,0.8728178642277816,0.03415089438840843,0.8070783306097664,-0.06623991056745207,0.7729415123979964,-0.18128197957864675,0.7832494424028491,-0.30083843728384585,0.8436295861805998,-0.40454108063192107,0.8647361105973611,-0.09855362248736396
25.308000,1.0489638205048122,0.17210202602479963,0.9612175091528204,0.11366688889941062,0.8726677312891058,0.03267962545455702,0.8044808252481292,-0.06606522678869389,0.7705937129900007,-0.18118109720927406,0.7838035791845369,-0.30045179534932775,0.8483680149279498,-0.4016023447134292,0.8695435776337064,-0.10113878428338427
25.358000,1.0595376488836623,0.15599271167195408,0.9653762580067168,0.10811894662671263,0.8725060421293228,0.032124716563811856,0.8017438162747309,-0.06479126453341055,0.7677025978050338,-0.1798616579671135,0.7831558547562143,-0.2988624850628198,0.8510524745759908,-0.39780716160953233,0.8679544662948644,-0.10194138537018688
25.408000,1.065756270327289,0.14486464802532217,0.969229507684514,0.10216078703459214,0.8724216373658278,0.03125072960726463,0.799226172917266,-0.06384093135274538,0.7650397732229426,-0.17886827625777374,0.7825847271628288,-0.2975787416397409,0.8534586342072882,-0.3944130811078366,0.8663827208447339,-0.10307244266562934
25.458000,1.0735776861479274,0.12843816464575109,0.9727579839582503,0.0962687190712497,0.8724072470607325,0.030468038192405997,0.7968371067076104,-0.06274759293778417,0.762303360305052,-0.17767113430068646,0.7814857848097227,-0.29612802346341205,0.8547137622315338,-0.3911946491671998,0.8697039603740329,-0.10516771659995389
25.508000,1.0760475391008184,0.11928440317777879,0.9747017859185358,0.09108751907289417,0.8716073260059967,0.029674716373948737,0.7944404296496945,-0.06222343435136246,0.7603438007845644,-0.17727742124459855,0.7817861710460611,-0.2953461502017826,0.8576472141222548,-0.3883251916218262,0.8678240682199125,-0.10630057991963553
25.558000,1.0781266052409375,0.10766922275229132,0.9749649363148264,0.08734352022781915,0.8698932910721513,0.02937845000447928,0.791898733769119,-0.06181830997690753,0.7589581611279117,-0.17720859845071107,0.7831415457160025,-0.2947465238614607,0.861764798221973,-0.3854018279830713,0.866173274830517,-0.1069195533082054
25.608000,1.079158032229464,0.10030247700311691,0.9751614821300528,0.08389803471674329,0.8684208634065487,0.02906701872649113,0.7898362254435483,-0.06162176049246007,0.7581910651445762,-0.17737401243449227,0.7850393291520661,-0.2943319994203476,0.8661313214544821,-0.382785878840216,0.869051295465864,-0.10869010541359518
25.658000,1.080241942150056,0.08988638191871345,0.9753407276102444,0.08065840069312594,0.8671047529510282,0.028841667975118127,0.7879004244969344,-0.061306401078721706,0.757274873849214,-0.1773325862591526,0.7862507115859985,-0.2937817203368747,0.8691848508667044,-0.3805107728035557,0.8675231374513727,-0.1093399507581474
25.708000,1.0807401337477172,0.083393663850033,0.975538823662342,0.07764344752004046,0.8660293065204381,0.028575477770446917,0.7863499346136098,-0.061152988685484966,0.7567445825064134,-0.1774436724336203,0.7876184691024617,-0.2934040239614344,0.872018348069993,-0.3787073675668639,0.8698638455177278,-0.11099275024306346
25.758000,1.081417273155878,0.07423636992336512,0.975874821078563,0.07481037379634237,0.865227928959244,0.02836400403146422,0.7850246918945747,-0.060896517837660175,0.7561327727552585,-0.17736650113141347,0.7883511986417031,-0.29296050198526213,0.8736298935110596,-0.37738528626913914,0.871716437469689,-0.11251583612854119
25.808000,1.0818250763562274,0.06857156682927242,0.9764092574342877,0.07212788695180437,0.8647956510727337,0.028055187068905432,0.7841607819105405,-0.060815606081577794,0.7558941195026118,-0.177438913341817,0.7891318038227328,-0.29274397108446726,0.874864606235683,-0.37670757385627585,0.8705101786981938,-0.11336083920133559
25.858000,1.081826095465263,0.06160757810864556,0.97672084380173,0.06995721129062839,0.8643184991312602,0.027936824422098674,0.7833402565002793,-0.06062120299720414,0.7555702849115897,-0.17736377739901935,0.7894651718858697,-0.2924773588609856,0.8752323235721311,-0.3764058742274915,0.871856061549867,-0.11472475738282123
25.908000,1.0816601806701034,0.057933471142912606,0.9768094110783986,0.06842218227003165,0.8638444306771258,0.027938689301414535,0.7827919544855683,-0.06055140112241207,0.7556479017601986,-0.17744109443042938,0.7900812168822731,-0.2923947668802641,0.8756095336090212,-0.3765666567122564,0.8729341167832387,-0.11599020999149467
25.958000,1.0813211178664948,0.054069048942598036,0.9768262996299422,0.0675777060114518,0.8634669229641716,0.028212090025569535,0.7824884902932043,-0.06034576361911647,0.7559267930348677,-0.17736916400876704,0.7906323350444762,-0.2922409418909748,0.875579505256085,-0.37699929412271654,0.8701786065418131,-0.11538978966279773
26.008000,1.0810717088777364,0.05237306300878725,0.976804083082009,0.06735369828902102,0.8632322812584126,0.02860520373062858,0.7825596356826584,-0.06023129921612612,0.7566457450379416,-0.17739985417714654,0.7914344740051407,-0.2922464663903361,0.8754641942183792,-0.37791446578850607,0.871259143843312,-0.11626988227382368
26.058000,1.0807824441996001,0.050956233428840265,0.9767818007748204,0.06752714554493286,0.8631082405965452,0.029078196061285477,0.7828069811328899,-0.06009415239130786,0.7573931321793256,-0.17737218222369128,0.7919105850524384,-0.29230061842271227,0.8746094847346318,-0.37925400818616223,0.8710389143874312,-0.11629594667067755
26.108000,1.080604482607976,0.05016221413049732,0.976771017534464,0.0678326997565734,0.8630826781539374,0.029427472418289108,0.7831788310584866,-0.0601011554927056,0.7580450750345378,-0.17743953073437074,0.7918176529391504,-0.29258905517757483,0.872605649094837,-0.38132067116989393,0.8713023746043278,-0.11721235896958523
26.158000,1.0803376121565444,0.049412125272199854,0.9767098004935801,0.06794606625419765,0.8630310537830941,0.02951245410009274,0.7834002265331724,-0.06025909677933463,0.7581593777316337,-0.1775744817403605,0.7906110908654629,-0.29310320679784635,0.8688731165509098,-0.3840705379421712,0.8704757708766627,-0.1178259520469058
26.208000,1.0802615521469043,0.04954673895254758,0.9766311185204299,0.06837447080464065,0.863084235781665,0.0295530151350281,0.7838235762626778,-0.060545530095261244,0.7583415199136557,-0.17780875879132435,0.7890759749300528,-0.2938061435672101,0.8642324541024399,-0.3873556151766735,0.8698797947753394,-0.11871924852013083
26.258000,1.0802536560537312,0.05015934993364964,0.9766358933825653,0.06886777975106015,0.8632422302030216,0.029601036179379127,0.7842217497295068,-0.060708230597263345,0.7581203948415978,-0.17783516717896944,0.786579111531347,-0.2944117576436591,0.8579761184954504,-0.3908610572604379,0.8687628551481683,-0.11934362400089404
26.308000,1.0802726860986431,0.051142349165249505,0.9765997910545812,0.06958021897892092,0.8634621277798561,0.029581854653177614,0.7847147664062031,-0.060965663682154614,0.7577746204968472,-0.1779025207392113,0.7834676665929159,-0.29511970114509317,0.8503807807792332,-0.39473212582137834,0.8671771703691771,-0.12009776112910739
26.358000,1.0803697219289439,0.05346460610311645,0.9765210418019599,0.07053137243640623,0.8637361225475516,0.029548912910694156,0.7852982253902263,-0.06126681419390401,0.757377033221747,-0.17797331370396058,0.7799901108398344,-0.29582342494972197,0.841920560975641,-0.3986077590964017,0.8651536752920913,-0.12067098435379174
26.408000,1.0804473295734653,0.05502028373924707,0.976430144727084,0.07149934847671528,0.8640738422096107,0.029356006361970513,0.7858892935804636,-0.06167792333270822,0.7566563164218422,-0.17806277220249614,0.7755821244744631,-0.2965609316378026,0.8316440687330592,-0.40266021724305845,0.8632374765822151,-0.12132206520142348
26.458000,1.0805578360497679,0.05714382304501467,0.9763215278251675,0.0720672932197844,0.864342481482842,0.02893154029644563,0.7861543532560553,-0.06209931493622573,0.7551807594493312,-0.17803307398291607,0.7699084963389594,-0.2971258687528344,0.8194853722092574,-0.40640593728749913,0.8598752907527485,-0.12178965623293206
26.508000,1.0806975349047234,0.058487299787335356,0.976287641400832,0.07240461805289708,0.8646755442730458,0.028328096244369404,0.7861938610902979,-0.06244979426209021,0.7527781365644352,-0.17770338142713957,0.7621941925973339,-0.29733338555982064,0.8037462843823344,-0.40990968709922493,0.8564287338117599,-0.12257573679039024
26.558000,1.0809407602568584,0.06086183625832258,0.9762682022265117,0.07264223409967668,0.8650594872281744,0.027557627986075334,0.7862061717045514,-0.06289763516058718,0.7501311906288806,-0.17734673188218653,0.7538833846652326,-0.29728805520285656,0.7868357961976797,-0.4126749633605686,0.8529957930799151,-0.12345759261699049
26.608000,1.0811164166450362,0.06275484204586099,0.976265814085128,0.07288445954019027,0.8655229196925757,0.026667456807862644,0.786206628065893,-0.06338211777520256,0.747141716286942,-0.17684547162878278,0.7446315750246579,-0.296819215384837,0.7680379157265539,-0.4145143436397769,0.8476157885388161,-0.12322377969759338
26.658000,1.0812699107519832,0.06607476517315851,0.9762787152498441,0.07315024218506586,0.8660758589516393,0.025659922500763765,0.7862952660016442,-0.06397855689590601,0.744151263637642,-0.17633461176053242,0.7351919583662765,-0.2959996895779745,0.7486844865494295,-0.4152387422546324,0.8419221808104759,-0.12257201338890739
26.708000,1.0814033791674662,0.0677277702805085,0.9762158901094804,0.07321762405912825,0.8664690048831365,0.02468288203739999,0.785853894991061,-0.06420583522800204,0.7399783932206366,-0.17509063282132314,0.7236591336479191,-0.2939757949190309,0.7260331547632861,-0.41395230938642075,0.8367522776687291,-0.12239131844731216
26.758000,1.0814250439651283,0.07091228512889736,0.9761206687687021,0.07333197001717529,0.8668311258675837,0.023775983371114126,0.7852705914797393,-0.06424605495094045,0.7354834054586838,-0.17343046825295344,0.7115749832669056,-0.2910246320039647,0.7025232077931072,-0.4106827506619643,0.8295829318061705,-0.12038893744690614
26.808000,1.081414882208123,0.07320629915553817,0.9760801499840022,0.07328074258555896,0.8673063424336258,0.022602751396151158,0.7847135118263415,-0.0644513945836725,0.7307610531921758,-0.17163876420961605,0.698841920153838,-0.2873157668768743,0.677777300153563,-0.4054524749072068,0.8218918988278827,-0.11771207692494484
26.858000,1.0812471112433792,0.07708178759684871,0.9760237480243659,0.07330066749889194,0.8678313646583626,0.021392978457827866,0.7842261641898243,-0.06468936848168981,0.72614212956957,-0.16969529651545884,0.6863007409808367,-0.2828883340898678,0.6534126666636768,-0.3982935963949677,0.8164480204985742,-0.11630828636728584
26.908000,1.081196091245604,0.07963672173978437,0.9760136072982386,0.07333897863342587,0.8683973138166169,0.020247233726355077,0.7835946261614262,-0.06465567650913773,0.7210579284600476,-0.16707228375916516,0.6728993965461624,-0.27698477533268584,0.6278282695815072,-0.38819895389880177,0.8107036372098679,-0.11416399112295583
26.958000,1.0809888049866,0.08355753040404619,0.9760746723284013,0.07330864339362186,0.8689686013533706,0.019194970811808806,0.7828042423540718,-0.06432570470173697,0.7156865095388427,-0.16380037455161034,0.6592350319949669,-0.269692917646534,0.6023193442809232,-0.375336679847785,0.8025569024900558,-0.10917725626651999
27.008000,1.0807169554757547,0.08601672472996032,0.9761301386416472,0.07348631128381611,0.8693341796285426,0.018763161372518877,0.7814481615412887,-0.0629439241489668,0.7093951647198352,-0.158904153666445,0.6444626658773438,-0.25981882353160946,0.5759091654737876,-0.358309521480187,0.8066238619547607,-0.11276730315429304
27.058000,1.0806263470566226,0.08835519619094769,0.9763178280624828,0.07302630169916777,0.8696564135337363,0.01804137057502342,0.779772330165315,-0.061462412712432204,0.7025758223263308,-0.15333569053283885,0.6292023882561324,-0.24829009629026666,0.5495696407083172,-0.3380599437780835,0.7998455617025071,-0.10873061297434063
27.108000,1.0804157125315448,0.08951678322087073,0.976534140861269,0.0720224886382471,0.8698571059279686,0.01706786901587677,0.7775889179859579,-0.05965619170758682,0.6947432256953477,-0.14646973482667375,0.6125249169817607,-0.23387768476417822,0.5219111024891463,-0.31254875074842736,0.7912332163108088,-0.10226632443429828
27.158000,1.0799855032298615,0.09123277403545053,0.9766477948795715,0.07078174071575949,0.869789937420437,0.016179558531864438,0.7750069020890304,-0.057415116638051114,0.6866474559985132,-0.13860999508846156,0.5962426268049725,-0.21752112775354698,0.49617645147019984,-0.28375375229667205,0.7830472740905606,-0.09584392169634022
27.208000,1.0796886414743005,0.09284243066623052,0.9767745954575807,0.0703276603724308,0.8696680760396216,0.016214875393552347,0.772299302184785,-0.053923002233345424,0.6785541907973112,-0.12883531157533615,0.5805758181449439,-0.19811906502730953,0.4725592973966263,-0.25039172753294703,0.7740580552896983,-0.08582901642186229
27.258000,1.0793312520505642,0.09359057253597676,0.9769445018170997,0.06907595496497376,0.869449882267749,0.01573828753417325,0.769455915413826,-0.05060330267079298,0.670642028185199,-0.11869012730469979,0.5660592869918907,-0.1775327159898082,0.45204716122009825,-0.21496579196166526,0.7564074927470088,-0.060526912150198495
27.308000,1.0791401334359048,0.09424598170694495,0.9771984563016374,0.06772587998688417,0.869164643711136,0.015488964523203946,0.7664374516070429,-0.046536223928007964,0.662759024619963,-0.10695794003640996,0.5524406712847318,-0.15417934320702845,0.43435676113338095,-0.17553795185472543,0.7587321930796529,-0.06516970710587501
27.358000,1.07872328432091,0.09517323853693264,0.9773961849676781,0.06669068240122389,0.8687560043030006,0.015726860477378493,0.7634139622125586,-0.041745342961858514,0.655443575156902,-0.0941132292949176,0.5407034263832207,-0.12925150272032554,0.4208139918288727,-0.1344015980732446,0.7524593603514314,-0.053773874248848066
27.408000,1.0785019456769822,0.0956157478284019,0.9775433904222278,0.06557548185578704,0.8681080235713324,0.016342358024269296,0.7600884195939444,-0.03592393280039077,0.6482102732746753,-0.07932071120805229,0.5302447435796667,-0.10132375199278384,0.41082182743179685,-0.08956930182548281,0.7461722807539539,-0.039604041483236804
27.458000,1.0782457831868573,0.09587775015501332,0.9776981699512473,0.0646219117652441,0.867373998627183,0.017414102859740876,0.7568417627705708,-0.029304467714905982,0.6417666731911527,-0.06332980765867192,0.522077721799817,-0.07196432645490346,0.4054351269602726,-0.0437773601566674,0.7414190549148509,-0.025421839927989923
27.508000,1.078123191872351,0.09602020674489814,0.9778395457207538,0.06380943495214725,0.866466709474521,0.01913179684906882,0.753500512643334,-0.02134830163768596,0.6358852603747155,-0.04515276411406141,0.5160086733112141,-0.039711819893916034,0.40458521899690847,0.004839429568560538,0.7345052458042549,0.009482743644840419
27.558000,1.0780535993285942,0.0958678757204507,0.978015102830663,0.06299233763155623,0.8655628479379034,0.021105700508267863,0.7504708086799944,-0.012862262330696941,0.6312203876513818,-0.026253942004650185,0.5127773563214593,-0.006986136489265285,0.4086604909051349,0.052676903458866955,0.734761615680077,0.008405721793506404
27.608000,1.0779738927093487,0.09582984676145592,0.9780813026172176,0.06244783114212606,0.8645057623578501,0.023710295665629863,0.7475728767332801,-0.0032470829070584406,0.6275986433450487,-0.005733711730616264,0.5122677482758711,0.027414208906164722,0.41762156878074097,0.10118480404390001,0.7337291646481594,0.025059393264376437
27.658000,1.0778753960981973,0.09577578869332731,0.9780865724278792,0.062130914033292094,0.8634114856347579,0.02678088618337421,0.7450494057764688,0.007021886926835086,0.6253410005455473,0.015382372383399123,0.5146333787582512,0.061683803011415295,0.43098714428541196,0.14772627774636665,0.7339967487209677,0.04325774272158367
27.708000,1.077810520575303,0.09573674734574636,0.9780000839008817,0.06210002026556588,0.8622194846063642,0.0305587326095067,0.742828120947687,0.018488012509968038,0.6244247560955418,0.03799809174327054,0.5199719352668657,0.09707099772336,0.4490098339654973,0.19384072531879296,0.7356784930669893,0.06115311504881203
27.758000,1.0777094059997188,0.09568367263814996,0.9778163194124974,0.06234873089759325,0.8610036602497069,0.034875058785594215,0.7410791126966719,0.0306203091807664,0.624988090708736,0.060999160604026895,0.5280594930179228,0.1317441035306593,0.47063607408936325,0.2371127466772573,0.7388350216258174,0.07957618897074549
27.808000,1.0774595291991016,0.09575948514676075,0.9774435342501689,0.06296246679208783,0.8596647049399291,0.03998100978364272,0.7397299853485468,0.04393866520888093,0.6270506653387118,0.08521057868608015,0.5390638212955025,0.1668090791336655,0.49620667318203304,0.2788950499577588,0.7432418667420992,0.09819266710561386
27.858000,1.0756708558805512,0.09592395636930898,0.9760347358667276,0.06406215697912546,0.8574244476078102,0.045852282760475066,0.7380485655557464,0.0580751622991475,0.6297409873906386,0.10974206187664934,0.5516216335669901,0.2008319436317027,0.523494361047041,0.3174889474531061,0.7480233164999799,0.11778244800265952
27.908000,1.0735313531030561,0.09596772276121147,0.973258128963051,0.06553588091814096,0.8539474663720918,0.05269197994899491,0.7357880434617223,0.07362880820657444,0.6330185244030395,0.13558383990252504,0.565992090746451,0.23512005035519687,0.5531123642131593,0.35442685085050635,0.7533682305578625,0.1356481315294616
27.958000,1.0688999601023121,0.09602297292355619,0.9692315518629118,0.06745269545893676,0.8494393793747765,0.06039327547051958,0.7331798881792319,0.090120883967556,0.6369048836602031,0.16175274492942832,0.5816337892819694,0.2682661531287362,0.5836927456670444,0.3882484880726952,0.7592435876560644,0.1533582316071273
28.008000,1.0648587314539502,0.09610914522670945,0.9638638133005103,0.0699584405584718,0.8438656200211694,0.06929995009239653,0.7303243894091631,0.10813793344775666,0.641705531259336,0.1890496012109466,0.5990887555828126,0.30122718556244193,0.616029721807555,0.42002534911462897,0.7716547076208018,0.18708032894226517
28.058000,1.0573498678176965,0.09641868675165717,0.9572826289635399,0.0731146738099605,0.8374411512363884,0.07928072734302896,0.7274132837155418,0.12717507323912633,0.6473186875205412,0.21653309280290026,0.6176546767496753,0.3328088274382313,0.6487054605358165,0.44872193638741914,0.7779898451696836,0.20312681149766765
28.108000,1.0513662584650152,0.09681387386275254,0.9494087828538385,0.07709349202674964,0.8301796529875041,0.09067342543294707,0.7246210199948508,0.14774684306955224,0.6541189504526372,0.24485224039773826,0.6379117923850797,0.3637527367271196,0.682521063610662,0.47515297425255054,0.7753952025717082,0.21103289751463353
28.158000,1.0408984227156313,0.09782052836329051,0.9403869190285017,0.08194815442740686,0.8223051789718819,0.10331875725467567,0.7220930765843625,0.16933038149672347,0.661893961879272,0.2731382164068271,0.6590656947728053,0.393104882215186,0.7161316780487101,0.49866753447797324,0.7819979740611698,0.22756319868127145
28.208000,1.032909348531084,0.09885200183284429,0.930157980083316,0.08787755177885677,0.813880546230357,0.1175349012317446,0.7200558574225606,0.19234751895175314,0.6710370488546031,0.3018790505149425,0.6816665653005338,0.4214073458266621,0.7502691256738576,0.5198638779117626,0.7960477785693667,0.2538386836072132
28.258000,1.019386052291688,0.1010995079992657,0.9188910742182692,0.09492135865169388,0.8051359451795679,0.13312830327421504,0.7186027365542593,0.21626676492108954,0.6812473300479596,0.33030436225086973,0.7049020142650981,0.4479498292888625,0.7837599012909626,0.5384011070787089,0.8012756210690035,0.2741047250669967
28.308000,1.0093339472233207,0.10316674341916428,0.9065572070249076,0.10330150337881713,0.7961786368903966,0.15038197974706136,0.7179811779261328,0.24140481980126025,0.6928846451701149,0.35875116206903673,0.7292341945448872,0.4731133510138578,0.8172104455086889,0.5547232723859198,0.7997032835560566,0.2857973769395309
28.358000,0.9926945703821041,0.10731057278044089,0.8933551979084158,0.11303373025524925,0.787237485712097,0.16906078763129956,0.7182282522495331,0.2672327067166946,0.705590241836703,0.3865653539378353,0.753904496688149,0.4964094834038632,0.8496850775122513,0.5687011173389016,0.8129271983740372,0.3095926430809864
28.408000,0.980565992605484,0.1108869849070234,0.8792952120080264,0.12435433339078973,0.7784523745801406,0.18939833495506134,0.7195763912454621,0.29396227991877555,0.7196443287311882,0.4139622606875157,0.7792467143580379,0.5181138599435438,0.8816333816474041,0.5806995640729742,0.8126571547908815,0.31598662045693826
28.458000,0.9608481438104551,0.11768717856871722,0.8646056658837877,0.1372408932954116,0.7700382249763518,0.21111239741045293,0.722005499081317,0.32107992554077164,0.7346671784810569,0.4404100637070295,0.8046169426257803,0.5379140661689672,0.9123882889198895,0.5906903574175495,0.8189283508208973,0.3373413339322812
28.508000,0.9467166353780171,0.12330823300015627,0.8493415162575217,0.15193148254639727,0.7621491587828972,0.2343783915122115,0.7256977771645718,0.3487081635670669,0.7508269880158441,0.4660475123039348,0.8302022151595846,0.5560451418053811,0.9422362788355387,0.599037799041847,0.8308039699521113,0.36626051889085637
28.558000,0.9241193868921623,0.1336004828836971,0.8337531894231623,0.16835031319835508,0.7549697609007578,0.2588664520369907,0.7305802427325185,0.37636177706535556,0.7677617507579508,0.49045619174440436,0.8555153331782772,0.5723054970096231,0.970774040870179,0.6057035553542743,0.836248832129214,0.38056405262090187
28.608000,0.9074413134338466,0.1408878174159949,0.817486274435118,0.18610093604451447,0.7481166539438319,0.28401853279168465,0.7361359022734852,0.40341895820376805,0.7848080587503454,0.5131049699941308,0.8798379116530761,0.5863806621158991,0.9973598833448168,0.6106414570097105,0.8412266172700341,0.39473382521379263
28.658000,0.8786330936801803,0.15063692320125316,0.7987749544004523,0.202317910278267,0.7388953449663536,0.3063103733415905,0.7385037554839178,0.4263097344093872,0.7971514622300404,0.5310018854575906,0.8979200621462363,0.5961608393179696,1.0167989671585411,0.6125256167674404,0.8417469789018196,0.40070600049835303
28.708000,0.8570559728406546,0.1563153279814944,0.7770522777434371,0.21646368532860283,0.7261740208533999,0.325143964016971,0.7360068866659824,0.4447404303074477,0.8027373528566297,0.5444753032475373,0.9075893905549655,0.6028366790766511,1.0271062436843241,0.613594086601051,0.8424788334927731,0.41184674637738455
28.758000,0.8210795202592089,0.16337307704446843,0.7524504192844906,0.22851750070487434,0.7100554138992055,0.3407790859346459,0.7288799179769526,0.4592933806221119,0.8021845104873795,0.5543009419785538,0.9099867164020637,0.6070141698979301,1.0297932231831217,0.613825992793539,0.8351536233582242,0.4237270417548641
28.808000,0.7961393505049635,0.16831944234424545,0.7266462735230906,0.24025105755880533,0.6930017730958938,0.35543806893990104,0.7204744333271932,0.47225096608127437,0.799637492035132,0.5624352780948829,0.9097829676365856,0.6100585308340658,1.0297205624513193,0.6139280718290124,0.8277867563682794,0.43038670383488953
28.858000,0.7582544952370669,0.17698921780565569,0.7013130236402841,0.2529055185514073,0.6768646857271755,0.37038861849862503,0.7128938104469156,0.48485215929163394,0.7975411358224458,0.5699099649565897,0.9097318026450029,0.6124922884636246,1.0297266821018525,0.6136008469095615,0.8191817772303976,0.43660203631396943
28.908000,0.7321336637532985,0.18285322150668756,0.6756929975701246,0.2658647115043685,0.6612238788559505,0.38498920354369565,0.7059147668879159,0.4963567236153504,0.7957047241402955,0.5759667956955536,0.9095930005532826,0.6137750024194772,1.0295894618482202,0.61285344032655,0.8067116012967216,0.4427422298697429
28.958000,0.6945259914682697,0.19245468447796765,0.6515212358978534,0.2787164398994155,0.6470984843100583,0.3986349091541085,0.6999752027303973,0.5063570176049381,0.7943099520603316,0.5805254412692984,0.909548593949979,0.6139926702467433,1.0295253452525044,0.6116306484661778,0.7949054683121703,0.44891298951509817
29.008000,0.6697970724480675,0.19979760653460235,0.6287780888042315,0.2920754052605729,0.6344383135045482,0.41194183866184564,0.6949812168661768,0.5155495451925104,0.7932353059458723,0.584441736180453,0.909473882585182,0.6142510183064505,1.029440216372083,0.6114087027486941,0.7771512989000283,0.45808611016306866
29.058000,0.6324596889852192,0.21294562854882046,0.6066590924871053,0.3063925651943975,0.6226124266308883,0.425327384022585,0.6905577382666194,0.5242386302321076,0.7923940303702626,0.5877159459486689,0.9094771373369468,0.6140132093619491,1.029437258708779,0.6109197840023934,0.7727096239877916,0.46307247352851355
29.108000,0.6072939809640745,0.22351078913304986,0.585111587544873,0.3221867234705346,0.611577576218031,0.4392318064238657,0.6866258142102579,0.5328681347065464,0.7916640260106869,0.5908937675059234,0.9094098382012514,0.6140437936740353,1.0293781351483244,0.6112855827287131,0.7626390118172295,0.46852030843767034
29.158000,0.5690936407421889,0.242505099841735,0.5639463834669236,0.3396384475886185,0.6011353049858472,0.45373044606466917,0.683080569905855,0.5413944270214431,0.7910964141511252,0.5936684874336733,0.9094337650283384,0.613575053871995,1.0294080981442704,0.6110932413513932,0.7526628407005443,0.4740907672689023
29.208000,0.544836719101061,0.2554810308369332,0.5440731393258894,0.35744334019911356,0.5919114921266933,0.46749556414243465,0.6802859864838763,0.5486740634116869,0.7908756659835282,0.5952564934364128,0.9096536552815964,0.6123383334471287,1.0296429952308963,0.6107388652448321,0.73747387313993,0.49816133980372246
29.258000,0.513481002953056,0.27390362993949474,0.5277476139601296,0.37280935711379115,0.5849352739481732,0.47830614160476115,0.6785230783317465,0.553414881890384,0.7909645451870824,0.5953304700471391,0.9099582828611328,0.610838222763042,1.029957045974835,0.6113830632544728,0.7313789395935573,0.5052345109041696
29.308000,0.49223648580879653,0.28846264145780165,0.5124751411693943,0.388928668364851,0.5786451433179379,0.4890362645583511,0.6769305642769177,0.5578837483679348,0.7909037140831232,0.5954353278720271,0.910023428911952,0.6099437233414551,1.029974928759198,0.6133551283882345,0.7243759263060179,0.5109100312083152
29.358000,0.46055847567578206,0.3145701420534486,0.4973636584544436,0.40728181624069326,0.5725469792681909,0.5008097172725092,0.6754072007706753,0.5626140442444925,0.7908814968475455,0.5952589051808064,0.9101732971159817,0.6082768308494975,1.0300357226224128,0.6140213022538379,0.7174645645055948,0.5171590882556163
29.408000,0.44004298652508395,0.3349074018344236,0.4831555685832145,0.4279345471215864,0.5670171903271691,0.5137671073681143,0.6740415654424703,0.5680421765175792,0.7908068361817902,0.5957165608679716,0.9102370021750078,0.6073971195375037,1.0299466826190211,0.6157393259597908,0.712365926730183,0.5294150564619032
29.458000,0.4117581588248266,0.36809567244566144,0.47028069669249706,0.44989660233631584,0.5622216632874485,0.527012480407692,0.6729379199846697,0.5732932593870202,0.7908118183926436,0.5957820136864086,0.9103812070200428,0.6059388485083613,1.029904837204862,0.6166206937632008,0.7106786069919946,0.5247739518568328
29.508000,0.3948040345264866,0.39148854245740516,0.45932290618275684,0.47191453344785017,0.5584142175561404,0.539596968462607,0.672142284367488,0.5778843922379518,0.7908303292692416,0.5955803804025908,0.910476901442237,0.6047835193614874,1.029696110054918,0.6184502782079931,0.7047265217233183,0.5317760619638429
29.558000,0.37298336765910906,0.4275153891929212,0.4503790635749004,0.4934540131849921,0.5555814266416863,0.5511815003696574,0.6716918950892283,0.5814859408318356,0.7909761387538508,0.594572927238749,0.9106808435016072,0.6029862298741895,1.0295119744952532,0.6196943807643565,0.7005776809451525,0.5417901788371249
29.608000,0.3604493763551644,0.4535998866483844,0.4430981456357553,0.5160299126600993,0.5534484110936005,0.5631766931797231,0.6713616058822918,0.5854584905650515,0.791044584200763,0.5941754109384257,0.9107787589985252,0.6021583543475086,1.0290764451553676,0.6222992939961898,0.6968810715336312,0.5520534143786596
29.658000,0.34542617194810704,0.493713773936149,0.4374542336236573,0.5393177971629207,0.551946939526756,0.5752541338492044,0.6711281189657563,0.5892486494691225,0.7910564862451119,0.5933943365890972,0.9108352261273873,0.6006781180373258,1.0285774984805025,0.6238461412781113,0.693707094060969,0.5418040842642717
29.708000,0.3380586613016858,0.5192258782557438,0.43386934343838374,0.5602087835585952,0.5512257924246802,0.585258012714811,0.6710495372464766,0.5917595642591685,0.7910482582915052,0.5923135857654295,0.9108049654614405,0.5999510646655941,1.027676563846355,0.6271729215243927,0.6897286918383385,0.5484720880122658
29.758000,0.3315995519430522,0.5476468409162826,0.432339134103641,0.5756177658521693,0.5514428742733566,0.5902567233818582,0.6714424415469968,0.5899344593949115,0.7914183780004282,0.5875314046663866,0.9111157915545559,0.596047811681798,1.0268794266565353,0.6276513049626793,0.6870302387787905,0.5503625456041811
29.808000,0.3292105882937354,0.5634637220211737,0.4318168259717041,0.585525440297597,0.5516495157448174,0.5918599854044913,0.6715540680586276,0.5870747649919162,0.7915188631014577,0.5841682291982635,0.9109298611430523,0.5960431416861192,1.0246573744583205,0.6343322094968199,0.6865089369047033,0.556918140670793
29.858000,0.32780400077371485,0.5895937905530088,0.43209377425074535,0.5960201778474977,0.5520744807649391,0.5938684194148444,0.6717032907341958,0.5844372039402778,0.791646557758423,0.5807476652760685,0.910728962933375,0.5955591735576828,1.022254719911687,0.639853705153806,0.6850662187214487,0.5581116113364235
29.908000,0.3284509122284173,0.6075971248243833,0.43346817744049476,0.6075594228765446,0.5529438327471986,0.5963537194611667,0.6720610628589065,0.5818249380080406,0.7919616827943121,0.5769421786340467,0.910702934440667,0.5942775516446195,1.0199022411689393,0.6440320630969965,0.6863924137540278,0.5988869787764464
29.958000,0.3318936011848297,0.6358447898036561,0.4355140901011625,0.6191426772989099,0.553791633167572,0.5988837828035762,0.6721582510286871,0.5791519867342814,0.7919913415535513,0.5728250273335125,0.9104056039592014,0.5922688556322737,1.017290398486127,0.6468182891662617,0.6864201899690792,0.6061292947815042
30.008000,0.33604112065700764,0.6558089481790141,0.4386093759670192,0.6322484691746441,0.5549469678242402,0.6028279878586885,0.6723040619034808,0.5777817811743183,0.7920439008377103,0.5698842516868938,0.9101221357653495,0.5912742127988739,1.014602612467685,0.6502981908759906,0.6867145022502741,0.6142737875729551
30.058000,0.34379002438027184,0.6805870576153342,0.44203136260092213,0.6432005747920405,0.5558244895088109,0.6051069497547144,0.6719907341866624,0.5750170245736017,0.7916232028064077,0.5656323321488549,0.9093531760135902,0.5888627735696477,1.0114093054114803,0.6519860375244209,0.6876177213438368,0.6149988285283196
30.108000,0.3500305872792209,0.6952714211972707,0.4460396323731329,0.6520864007407432,0.5569656053435862,0.6063105498960212,0.6719804132255027,0.5720819950348264,0.7915633797915718,0.5620862905944979,0.9087437642349699,0.5879466367193545,1.0078236321209317,0.6556458226797512,0.6886275173469331,0.6152118271806639
30.158000,0.3609370006407336,0.7157619039202758,0.45039062402546765,0.6601731986652379,0.5580702893297214,0.6072101013241281,0.6718456600698752,0.5690634761399714,0.7913775186007899,0.5584741042914917,0.9079937533328909,0.5867699307842364,1.0041420807018713,0.6585717353865401,0.6897620470990002,0.6150306160325271
30.208000,0.36899667365365546,0.7282830335257345,0.4551539263746865,0.6676150892805539,0.5593287461823931,0.608053298524803,0.6718806368780726,0.5664351306070801,0.7913938217932532,0.5556370459885092,0.9073208002481294,0.5866360083311863,1.0002774741181115,0.6625244579334131,0.6909791247998791,0.6211927029752131
30.258000,0.3820143872383758,0.7454276514423747,0.4600941444587172,0.6744568534223525,0.5605149052072244,0.6087630880355895,0.6717856958297908,0.5638319056092509,0.7912741137544095,0.5527631214903138,0.9065282510770042,0.5861769484190643,0.9964668863317585,0.6656190146592639,0.692251126200111,0.6266986990084289
30.308000,0.39095411030314664,0.7553593956810836,0.4651941395607627,0.6805472224482888,0.5617520638691258,0.609297189092084,0.6718055101628011,0.5614616483416642,0.7912990642758084,0.5504484505571081,0.905770118886466,0.5864536954017676,0.9925366456491973,0.6693486278978626,0.693788822369745,0.6263670482954358
30.358000,0.4013778163407702,0.762841600422938,0.46891720900367273,0.6827171486636315,0.562343326371112,0.6074073843986608,0.6716742587260693,0.5579427785638242,0.7912663917920796,0.5480573494521629,0.9046428453678761,0.5873737553735494,0.9877504079829891,0.6739366402386873,0.6945115941242428,0.6302221487340629
30.408000,0.4082465581171064,0.7670704269787119,0.4719967224377316,0.6835099606285748,0.5626122975560915,0.6048409225896558,0.6715472495355883,0.5545102536369709,0.7912854850840114,0.5465884515850179,0.9031963971212124,0.5899006642622975,0.9820175133553044,0.6803839866792586,0.6947453922912912,0.6285080044358456
30.458000,0.41859309377087917,0.7726795937651096,0.47505872197539706,0.6842583553357482,0.5628143801942938,0.6024112756653763,0.6712998364998914,0.551118919800528,0.7911341514306778,0.5448151935160872,0.901674278955153,0.5915150886645,0.9766963919521665,0.6851723497896434,0.6952186765917527,0.6319289770564429
30.508000,0.42547257587294895,0.7759546724126105,0.4780971733961478,0.6849128140201458,0.5630810642460837,0.600191280181303,0.6711896996564098,0.5481093932174349,0.791099842916145,0.5434663830483963,0.9002278487087056,0.5933770868276347,0.9716213000488961,0.6898290184087899,0.6956209663126899,0.6300526306141939
30.558000,0.43570594938677026,0.7802167012291598,0.4810960453886949,0.685513728808215,0.5632921105792709,0.5980848613376446,0.6709679411968018,0.5451139683791075,0.7909215301164791,0.5417768280930118,0.8988118047243963,0.5943095668853898,0.9671809896237074,0.6929283001778214,0.6961085698459217,0.6279789469657481
30.608000,0.4424440504864411,0.7826525033391293,0.4840782545607479,0.6860354131087707,0.5635926214501998,0.5961606922014454,0.6708892622246753,0.5424258722193035,0.7908715304316114,0.5403630305097105,0.8975710010981831,0.5952740763882349,0.9632510406862305,0.6957038150103806,0.696865584026328,0.6306642163437679
30.658000,0.4521312448062164,0.7857026512090559,0.4869676138531491,0.6865091326357292,0.5638419465147859,0.5943661080607351,0.6707163890466579,0.5397963954583987,0.7907111805331384,0.5386783542623573,0.8964436123705403,0.5954291503602902,0.9600888376801515,0.6971605874645049,0.6976370036840187,0.6327271131747637
30.708000,0.4581627491524414,0.7873526833879322,0.4896303009041168,0.6869006434718824,0.564107176763352,0.592809225360303,0.6706651044703237,0.5376240095611798,0.7906650433832771,0.537502927409642,0.8954837300654164,0.5959241814378764,0.9574336626096007,0.6986967743689249,0.6984059747929372,0.6306971619485673
30.758000,0.46646314089107255,0.7893240893353558,0.49204138944028597,0.6872406995051824,0.5642769971304901,0.591417857856508,0.6705223826976698,0.535633289688588,0.7905206663765045,0.5362750950593128,0.8946399984192364,0.5959338303373538,0.9554980153947004,0.6993567570500228,0.699126664290441,0.6288636463263085
30.808000,0.4714425591892992,0.7903449791835909,0.49415461404621613,0.6875126417721464,0.5644453975934732,0.5902541935616561,0.6704877267709317,0.5340845894806272,0.7904791789800296,0.5355168592707793,0.8939934426407263,0.5962193898505148,0.9541653638675827,0.7000429897489434,0.7000037667966978,0.6306133950967227
30.858000,0.4778544512967635,0.7914727048421001,0.4959382899161158,0.6877340855472813,0.56450860237362,0.5892550915968949,0.6703749223732404,0.5327544518683223,0.790357702669544,0.534787290368779,0.8934779978487077,0.5961567023112292,0.9535293839445611,0.7000500660452363,0.700850018526969,0.6319180018885057
30.908000,0.48130042909794013,0.7919312160569736,0.4972307575834606,0.6878246522101357,0.5645269229163108,0.5884706078460854,0.6703887786639469,0.531961604159357,0.7903568737364262,0.5347285816946077,0.8931416368403261,0.5966583198958559,0.953408883180217,0.7004266147580481,0.7014681566793427,0.6307318109479556
30.958000,0.4850998347147578,0.792295260525663,0.49802168817917,0.6878065098723588,0.5643794244816273,0.5878232571106411,0.6703146760413468,0.5314519658625341,0.7902659299056451,0.5348720091930543,0.8928747472680965,0.5970928304627792,0.9538063698982755,0.7004724095084178,0.7018130937748501,0.6300206962466864
31.008000,0.4869266072700367,0.7924218779651664,0.49834639990234925,0.6877154380673935,0.5641500410356802,0.5873666422918797,0.6702738315944392,0.5313510991146446,0.790204704125528,0.5354236675832841,0.8927741324013481,0.597709399361689,0.9548246079674989,0.7004213192250353,0.7024902065621297,0.6311946584114643
31.058000,0.4884685886941685,0.792382868965559,0.49831245939334823,0.687579175010204,0.5638546108296819,0.5870593939464916,0.6702130479021446,0.5314906719573816,0.7901253040455638,0.5360787899370147,0.8928394357155827,0.598125604160422,0.9564627244969377,0.6998707619058612,0.7031309675759297,0.6319889381192985
31.108000,0.4891140832340099,0.7923525255176538,0.4980092495826103,0.6874204655713799,0.5635820723141123,0.5869206898920999,0.6702246021691858,0.5318991411710492,0.7901221691271372,0.5368563014028235,0.8931935029611133,0.5983079095133021,0.9589455346348075,0.6986905291447069,0.7023902602935334,0.6299649384558826
31.158000,0.4892104812419193,0.7920666298485587,0.49749605034448396,0.6871123661129566,0.5633120759793584,0.586771692598816,0.670240237507408,0.5323073164493748,0.7901314652693061,0.5374154967260383,0.893768589164882,0.5979080297235246,0.9621020352403253,0.6965515299690402,0.7027678491816292,0.6301986926099699
31.208000,0.4888307501692114,0.7919770832329015,0.4968964536905361,0.6869586145153659,0.5631532849607245,0.5869084656007543,0.6703579164685878,0.5329903148610671,0.7902545446654616,0.5379701288151013,0.8947194103499037,0.5970217319630101,0.9662387235000522,0.6933803736973644,0.7036388111360369,0.63084819924734
31.258000,0.48730312834163547,0.7916799771491612,0.495917557736552,0.6867825589230537,0.5628714296933556,0.5871975248249088,0.6703827982981289,0.5338936261081225,0.7902902116739015,0.5386066099416463,0.8957157630612052,0.5959254820992921,0.9707046416580543,0.6896093551395619,0.7056595890216425,0.6305496680190269
31.308000,0.48594216451871874,0.7914778959554929,0.49488142956496095,0.6865366634658739,0.5626184757604552,0.5874826753549939,0.6703657886891174,0.5346573352756128,0.7902982834506984,0.5386818476219299,0.8969719819266435,0.5936429433732122,0.9760366260710787,0.6839135478409633,0.7062520994078572,0.6296258601466675
31.358000,0.4829316025483502,0.7910833664573311,0.49353810372807705,0.6863129488578567,0.562310080785568,0.5879746797980043,0.6703299405720489,0.5357089176706642,0.7902864608476459,0.538938970564999,0.89827085537027,0.5912779668305034,0.9815284508009444,0.6776965573406134,0.7070462098635669,0.6282153461427916
31.408000,0.48114770569640614,0.7909070874120456,0.4922940637330958,0.6861736185250107,0.5621701502143259,0.588616801551186,0.6703850549034996,0.5367560803549718,0.7903684720575842,0.5387509757425522,0.8998859625335089,0.5878011467841917,0.9877858136466354,0.6694933506570323,0.7078605806414602,0.6269619212086684
31.458000,0.47884422810398136,0.7908099678144112,0.4915674293805006,0.6861922974395357,0.5622397448104478,0.589210733048307,0.6704182663882994,0.5372741614514996,0.7904182089145073,0.5373916080639856,0.9016300148334018,0.5824685891547612,0.9943361127155643,0.6586629420653468,0.708972821628439,0.6239416841575975
31.508000,0.4773572006162337,0.790731488962912,0.4910422518985888,0.6862530431143979,0.5625763054900286,0.5899053437294255,0.6706126562285087,0.5376736778636682,0.7905894950174729,0.5353161040669654,0.9036761655762267,0.5754584126943459,1.001610222639359,0.6448047930408006,0.7104272079065731,0.6211476145198698
31.558000,0.47485578929781835,0.790576202992582,0.4906957242274672,0.6863538030255423,0.5631027297006338,0.5906604095314834,0.6709262233879183,0.5379907388559596,0.7908165470552366,0.5328613830537523,0.9056723826442397,0.5676196487059951,1.0085500529416165,0.6293949265619806,0.7120076383485148,0.6182638103755719
31.608000,0.4728955521652031,0.7904554573156657,0.4903302983818179,0.6865169081354059,0.5636913973541933,0.5915529720461443,0.6712328813778425,0.53830985780598,0.7909457670876034,0.5300137746915393,0.9074641187586696,0.5587100065671317,1.0150592714378206,0.6118445821272142,0.7123705303113713,0.6200447673486852
31.658000,0.46958533957072474,0.7900033117038154,0.4899688498398128,0.6866800904784406,0.5644023813808288,0.5925543799508033,0.6716574346052153,0.5387365988944091,0.7910975034036429,0.527157740339834,0.9089947215908281,0.5495239189075558,1.0206605752124205,0.5934640729236841,0.7135532898232835,0.6151892989303859
31.708000,0.4678486456527958,0.7900614075344277,0.4896026380663766,0.6869380647668634,0.5647457959948311,0.5933778925965613,0.6713867612664453,0.5383533114907684,0.7903427906643852,0.5225589115429898,0.9094234883196307,0.5373841415819065,1.024748105193208,0.5705538980280844,0.7147443093959054,0.611521326306774
31.758000,0.46512775248391736,0.7896810966751567,0.48954212715808265,0.6871474522996716,0.5652996331385342,0.5940840315178098,0.6712296967899828,0.5377029920204749,0.7895235933446592,0.5175398068080264,0.909312604656872,0.5246526662079124,1.0272576788701728,0.5467650941347358,0.7157735281578769,0.6063358249744908
31.808000,0.46313540609161447,0.7893488783532207,0.48951810103439786,0.687324514153008,0.5659603797121924,0.5948227410319136,0.6710342539193006,0.5368617113731095,0.7883770905693919,0.5117487926476811,0.9083666056407684,0.5101625162102789,1.0279816638706047,0.5197665697645206,0.7142957433702473,0.5887894775556866
31.858000,0.46000877977199506,0.7887851867213767,0.48959481020415146,0.687597461256197,0.5667519728407249,0.5956911380032598,0.6709185824437282,0.536114989723806,0.787077274614742,0.505995922123371,0.9066278746640991,0.4956202762235492,1.0265890854902204,0.49256939157631474,0.7140901238257715,0.5827535084736046
31.908000,0.4577521277422471,0.7882792740390311,0.48962618793432494,0.6878247513914634,0.5675033166631899,0.5965276932737573,0.6706289217261903,0.5351672045176368,0.7852709302605145,0.4997100489744218,0.9036500991967273,0.48005369219165667,1.0225350833560674,0.46373313639740815,0.7119380467215909,0.573582663179669
31.958000,0.4554311018843582,0.7877839996947004,0.4899570716188032,0.6881660179096669,0.568554575307753,0.5974883888445259,0.6705699954993868,0.5342993546446473,0.7834155336162381,0.493484105945453,0.8998853097068502,0.46459135156142634,1.0162305328221326,0.4352010630840312,0.7092581273943096,0.5644172572426542
32.008000,0.45401274504495526,0.7873426208544089,0.4913651026576737,0.6888411586803568,0.570263761428911,0.5984254429883591,0.6707207701614256,0.5327871203672419,0.7811558970925598,0.48583946079081886,0.894655100125985,0.4468788279574459,1.006622477226233,0.4037127942585944,0.7131654614212906,0.5696773822824772
32.058000,0.4512717037283923,0.7863102914507079,0.4916076375463398,0.6890056103836889,0.5707345639211034,0.5987895944969162,0.6694897749267947,0.5306176919327283,0.7771152914871764,0.4775446461833963,0.8867354076381142,0.4287242597136579,0.9927017803476699,0.37241149158085124,0.7091165919567219,0.5591755627072312
32.108000,0.4495803173851354,0.7855908012645613,0.49182795688051145,0.6890857881786638,0.5708521958200665,0.598779810192575,0.667467773619414,0.5276079749872212,0.771557074925834,0.46789685915824786,0.87601187161146,0.4088274470284126,0.9739062508943869,0.3394250659106852,0.7053945001188131,0.5505760101764557
32.158000,0.4473895430811856,0.78458227102128,0.49222144709730076,0.6892748230605239,0.5710055773640798,0.5987592950108727,0.6652634281691923,0.5244931684012186,0.765310406229285,0.45823154918584397,0.8635894094565736,0.38937490444729617,0.9518258414716424,0.30804636047133316,0.7004053727829692,0.5412345128179927
32.208000,0.4460911299323977,0.7839282439003953,0.49274677023771446,0.6894827370637846,0.5710827211717098,0.5985790584183825,0.6625979116312563,0.5209583787308616,0.757848695870426,0.44797010500266005,0.8486249186361325,0.36948649282539964,0.9252638603069565,0.27714759192455585,0.6823083812404691,0.5172725907456375
32.258000,0.4445437774941602,0.7830090157782735,0.493326588911792,0.6897499049518947,0.5710919763323982,0.5983576486096723,0.6596437001444124,0.5173725128758019,0.7495867557933384,0.43793545137162165,0.831934331199357,0.35064927363001974,0.8957602033973737,0.2490310762537138,0.674345982501609,0.508700356989829
32.308000,0.44411537163675074,0.7826827820391775,0.49448658070989826,0.6901929299803682,0.5713014421897502,0.5980003215140107,0.6563206747247726,0.5133142535975241,0.7400032289675846,0.4273071020611619,0.8124687688211254,0.3316580271375912,0.8616987734911719,0.22222125708206075,0.6631583264961826,0.49861860136156977
32.358000,0.4436619151432806,0.7822499474087474,0.4956354089169347,0.6906806677810503,0.5712185997817452,0.5974756182467437,0.652320514315292,0.509030836269557,0.7290924791300442,0.4168025032125113,0.790757925759574,0.31385896192904994,0.8245409770974108,0.19871250978090693,0.6509075279541752,0.489432958790913
32.408000,0.4433572046170339,0.7819234185793061,0.4965739230366331,0.6910452959837329,0.5704930065390174,0.5965150410694077,0.6470161733945097,0.5040801724623378,0.7158419266276919,0.4057795331364165,0.7653381127880011,0.2964628941669359,0.7823928124711159,0.17768100489622862,0.6383276969745856,0.4816160321276207
32.458000,0.44298528768842776,0.7815134920861739,0.49724901514016884,0.6912841653176429,0.5692661138892927,0.5952969917590942,0.6408549397187372,0.4989899825834302,0.7011865599728099,0.39525910194743835,0.7379415323851921,0.2810265671643697,0.7381990203716369,0.16102684341495155,0.6233627783714155,0.4739858505066291
32.508000,0.44286604265097135,0.7813438192874583,0.4978359876513113,0.6914946957410877,0.5675394242794902,0.5938144473680343,0.6335386023561471,0.4935941475620286,0.684428920860403,0.38491951628804966,0.7074318654515372,0.26714488175184326,0.6904325067622028,0.1483550597797948,0.6244462279642213,0.4745587224234201
32.558000,0.4430873872849657,0.7810772792417597,0.49843650567935105,0.6916389320217198,0.5655532333091179,0.5921635839739113,0.6255914959578632,0.48826263587302093,0.6666037756438534,0.3754885567820585,0.6756786326623025,0.2558321864178621,0.6421229803595505,0.14061926097441413,0.6079619952859698,0.4678084135059629
32.608000,0.44310243274629385,0.7808769813821225,0.4989109349522653,0.6915480720365001,0.5631060753757364,0.5901627479209715,0.6166306171003084,0.4827610559735234,0.6470710883288484,0.36668617621315347,0.6417774779774785,0.24680299269916905,0.5921529459393421,0.13754455677774613,0.59190101381702,0.4626526591565123
32.658000,0.4431245847905589,0.7806810427771165,0.4990772394197168,0.6915004022003547,0.5601307561935652,0.5881927641015897,0.6068781139266138,0.47767270010876367,0.6265899692315497,0.3593027598349034,0.6073075445218493,0.24086210761905902,0.5430794980622452,0.13949762642380625,0.5930260068313065,0.4629193557768987
32.708000,0.44313965750652234,0.780632314426542,0.498987628364284,0.6913217838602916,0.5564788921285636,0.585990142883869,0.595864478336137,0.4726377031258921,0.6042984238584427,0.35293445102751864,0.5710143679322737,0.23764277040353066,0.49330357526090685,0.14620408765717974,0.5744352813578012,0.4584778824218061
32.758000,0.4431962335735052,0.7805287048306551,0.49865163006321916,0.6910115220836911,0.5523082751208537,0.583675766432748,0.5840882034030178,0.46796044264898784,0.5812832697751408,0.3479932290139986,0.53478238880725,0.2373692349204476,0.4454849321113556,0.15720712274989124,0.5552660726055008,0.4554797486817784
32.808000,0.44315199638598946,0.780251034319466,0.49802573002492545,0.6904251616912225,0.5474097456969559,0.5810578036906846,0.5710673153297269,0.46341291685485386,0.5567412070350698,0.3442711415625072,0.49749983859537383,0.23991377352881127,0.39823233390867385,0.17249002022041127,0.5538399618236107,0.4549052974250965
32.858000,0.4434784858387646,0.7785644587955356,0.4971368542118215,0.6887891316194157,0.5418350131924623,0.5774245295964162,0.5571668103608027,0.45840799294884343,0.5316488599397743,0.3411525700197171,0.46089730402363327,0.24422879927486163,0.35381569929559525,0.19006672833206795,0.5317462123928257,0.4524286158281135
32.908000,0.4438215830371327,0.7763569264099762,0.4961698808800062,0.6855953135518131,0.5357291645496717,0.5723033761708043,0.5421830928388184,0.45247705681800954,0.5052405721485089,0.3383050367559757,0.4235959004986201,0.25036103416807065,0.31037056354562986,0.21061153012233857,0.5098615257187895,0.44973426494837354
32.958000,0.44470025907964345,0.7716421789289756,0.49505297104636026,0.6810556772102188,0.5289905132073025,0.5659546640431998,0.5263274505314595,0.4459842172774045,0.4783519799091986,0.33599169835646797,0.3871315672110194,0.2580248059778829,0.26980597965715336,0.2328314238083503,0.4889753756003865,0.44888981739306855
33.008000,0.44546360382312583,0.767535567605926,0.4936587943768265,0.6750405290038277,0.5212914717461236,0.5582653812137078,0.5090071187550732,0.4388958094142276,0.45013353863590966,0.33433051132756586,0.3504436709683838,0.2675328295980989,0.23088410208475094,0.25726104843026654,0.46607432028595097,0.44644567923067646
33.058000,0.44676018477235574,0.759879350024154,0.4918930083732521,0.6676604898921573,0.5127130771266327,0.5494804376959238,0.49067848607840225,0.43152079715163755,0.4215374404751956,0.33344166678795983,0.3148674465030058,0.2784733815138766,0.1949437418250699,0.28275182238868557,0.45955548470376695,0.441551393372716
33.108000,0.4476545369507137,0.7537453399097994,0.48959843486128723,0.6587947012671034,0.5029185508807068,0.5395362654680825,0.47079946664657735,0.42391462204453967,0.3918481371281154,0.3335448949935674,0.2795513522379617,0.29124321531847047,0.1610100442395775,0.3098968556611011,0.4333446280367581,0.4389726419790056
33.158000,0.44890870497921376,0.7429404551148756,0.4866855350560011,0.648575887520955,0.49201180884795814,0.5286941507655464,0.44985093527173564,0.41634442562440604,0.36196832002284,0.3346336800824972,0.2456132012922804,0.3052825924502245,0.1300264352954023,0.3375269644612119,0.4115108855748781,0.4398488122115257
33.208000,0.4496018429011416,0.7346324192076743,0.4829653288256319,0.6368992935975987,0.4796629834265267,0.5169447417253792,0.4273695224511975,0.4089382884958535,0.33133672651085805,0.3369820371768673,0.21240549194368272,0.3210020045008206,0.10124808939861846,0.3662129750658782,0.38463610913029544,0.4387502185428276
33.258000,0.4502668355221087,0.7204534430458329,0.4783571216818977,0.6239272072067404,0.46600889912225507,0.5045642255096603,0.4038568519454657,0.401913735828733,0.3007794204635261,0.34047235629436673,0.1808099434967333,0.33776595715267843,0.07527350300921926,0.39488040129096424,0.35745723917543376,0.4383553629835176
33.308000,0.4503574003683731,0.7098240552585027,0.4726419839626319,0.6095815159393925,0.45074425553653014,0.4915963919204016,0.37894846536279536,0.39544357337965863,0.26989099180542664,0.3453789405408589,0.15035605273916203,0.3559334818584345,0.051535734867428296,0.42401097282078887,0.32302111701207276,0.4476589771732056
33.358000,0.44977079155537536,0.6920688889447923,0.46575764863973074,0.5940609270085214,0.4340490944056879,0.47832602480358255,0.3531580648660725,0.3896883277440297,0.23939711133293343,0.3514987290130796,0.12169484922008622,0.37486916960624395,0.030370123686586092,0.45271385154554444,0.3105197458278358,0.45369368030930035
33.408000,0.44877564516166235,0.6790057616756592,0.4574623057500473,0.5773249890673251,0.41566012361360516,0.4648413121687114,0.32622812649504057,0.38482932624544447,0.20902901176327848,0.3590539987772767,0.09448579762800025,0.3948290193301679,0.011319591193497569,0.4813355630554472,0.28539296882110576,0.45544178341927466
33.458000,0.44615147975842984,0.657557389498852,0.44772679750710953,0.5596112870716664,0.39580946596063654,0.4514235304395336,0.2986721096442849,0.38096550032322873,0.1793975079542222,0.36779092664219826,0.06918052419078835,0.4152484496505787,-0.005441293796877911,0.5092249588441828,0.27090860490345137,0.45188581825479357
33.508000,0.4435083718645304,0.6420276986519367,0.43629830406539827,0.5409253703309169,0.3742890048273796,0.4381885862270244,0.27033167629609334,0.3782480002719455,0.15033237725459359,0.3778378423161367,0.0455079180344401,0.4362487381250728,-0.020335941887705822,0.5365711489341874,0.24520633039253356,0.4553237560667912
33.558000,0.4379535832388581,0.6169227941248314,0.42319799644094636,0.5215387846979516,0.3513872206751565,0.42539715748104084,0.241705756721766,0.3767147534212464,0.12232911956607195,0.38893025592412356,0.02377499320626031,0.4573925388064103,-0.03323942692979348,0.5629830492538435,0.22785970134459782,0.46024771822945354
33.608000,0.43374871671778964,0.598856088583327,0.40892778446670625,0.5013266072497707,0.327967874825708,0.41275181946623657,0.21383210911191305,0.37569744071196204,0.09631375610152693,0.3999757583099508,0.0045348840035183136,0.4772844812061401,-0.044120952181956996,0.5869777335260031,0.2047405958047127,0.4578315925721013
33.658000,0.4279261329455947,0.5694866174260579,0.3954409379518536,0.48000481878216916,0.30658543661789706,0.39935309913099737,0.18942235385019565,0.37341447857478655,0.07463438238505643,0.40839621104891427,-0.010542358686102704,0.49292385611525613,-0.051983308874625656,0.6055411178802397,0.18453572982964933,0.4599119181358189
33.708000,0.42516057924825573,0.5479486916934894,0.38345016913814883,0.45697849517419303,0.2877656684499663,0.38455973843221936,0.16874744050871354,0.3692410760323709,0.0572857664719581,0.4136966181043632,-0.021687164998445363,0.5040474681001363,-0.05720763824562297,0.6186698742007156,0.17396325350608327,0.46105666571075543
33.758000,0.42347297849629945,0.5121628373314516,0.37385241742257475,0.43174163943250177,0.2723719176907653,0.36769705984779216,0.1524893154521278,0.3623903018458345,0.04473263137296929,0.41519652341357405,-0.028454939786901723,0.5102942595996405,-0.05901062313790645,0.6263388640194478,0.16343525780635876,0.45581216935323304
33.808000,0.42329172325411213,0.4867155080157119,0.3664985836300975,0.4044340961313908,0.26019954063993217,0.34875184169270124,0.14026376107442656,0.35267724358473423,0.03626223456123617,0.41254110983913816,-0.03208749780817971,0.5111733261025273,-0.05943063110897917,0.6280166102967575,0.15960637908328124,0.4506412717101233
33.858000,0.42202992630022906,0.4472350544729533,0.35895267647159934,0.37665375781676247,0.24850594195798703,0.32973341217353846,0.12920758304862234,0.3426910956675988,0.0292200579523052,0.40904239426162103,-0.03455691335185085,0.5106912896381505,-0.059267766158333346,0.6281194538645238,0.15546240580399862,0.4396403078617786
33.908000,0.4209932954346517,0.4199211345395619,0.3506209238348179,0.34861645801568153,0.2365796702175382,0.3112722151750647,0.11864745200144244,0.33345310574842435,0.02308131939160163,0.4060279932645846,-0.0362032206780214,0.5103608419205273,-0.05873252738443585,0.6282269962618293,0.15430329317382807,0.4352497640439125
33.958000,0.4181935575498496,0.37977211264301797,0.3419878275522059,0.3214530186112816,0.2251511594199919,0.2940816288080127,0.10927688917333284,0.32527703704068084,0.018356468586215646,0.40359355586180623,-0.03665844288260989,0.5102395099157472,-0.05744936552504093,0.6284246931481424,0.1524680097355502,0.42476488924766903
34.008000,0.4153477255585318,0.35332337225069804,0.33262181841911564,0.29572207931681005,0.2138630558790684,0.27850707655884843,0.10063864856842397,0.31825922856541544,0.014325301741645813,0.4016259255106597,-0.037047150600739875,0.5100734756919765,-0.05708721404821954,0.6283882924184582,0.15189380454873758,0.4150857157746936
34.058000,0.40891745056483403,0.3131634720136623,0.32219218741082245,0.27056386653481723,0.20237894541761425,0.26387155429785925,0.09245587501570257,0.3120059348736636,0.010958172613669936,0.40008615117215895,-0.036896986713519486,0.5101310680278197,-0.05643597891219576,0.6285296650797276,0.15149726685385578,0.4089507892659302
34.108000,0.4028990657537375,0.2859509441541393,0.31017968112803557,0.24587462404342658,0.19025211485934188,0.25004341869751406,0.0842594586064131,0.30630669997801163,0.007655530686062839,0.39867465019438114,-0.03705985954206925,0.5100323346025345,-0.05674179398847451,0.6284072536371317,0.15153509818238586,0.39913313720238086
34.158000,0.39065667231498624,0.2443197105764522,0.29644628185277877,0.22138671994951564,0.1774419417775714,0.23681290039912126,0.07612328290344778,0.30111320649441575,0.004755163255911854,0.39758388337591594,-0.036718185376852286,0.5101892178551721,-0.056496309320355875,0.6285481035092515,0.15375495809381848,0.39228382089028174
34.208000,0.3802916097569911,0.21655226784044135,0.28088747029565464,0.19766911604276527,0.1639143250578557,0.22445126107349347,0.06786682912734493,0.29638788961139034,0.001738553808743215,0.39652305428061824,-0.03689984170328642,0.5101323602018195,-0.05740022732934652,0.6283682861656916,0.154554782637297,0.3816459444439574
34.258000,0.36081388580525975,0.17454682311264091,0.26330637774213866,0.17437662336305965,0.14959157277716206,0.21270341727724887,0.059600286027098326,0.29208583541291677,-0.0009067735007029509,0.3957144788822403,-0.036514232506387356,0.5103098926784748,-0.0575514358757791,0.628451486007624,0.154939160624543,0.37005428411127606
34.308000,0.34633898156471066,0.1477277815336043,0.24467128414087347,0.15263378686950446,0.13538406538445258,0.20219489880701727,0.05190307729318322,0.288397709824439,-0.0031467955006173054,0.39502562129880314,-0.036253476136432594,0.5103683614139645,-0.05853367788905506,0.6282818577146685,0.15356325770633752,0.36217016412891717
34.358000,0.32251263952962744,0.10963595110621183,0.22605389602832596,0.13277742062244768,0.12229517328696637,0.19306114525091128,0.045743343725272334,0.2854722776471619,-0.0038744696024906045,0.3947337649177033,-0.03466161932903189,0.5107171749887731,-0.058343880009252,0.628357093932438,0.15477202115426084,0.35035575259990936
34.408000,0.3045054843412201,0.08556892843066964,0.20636751464161257,0.11474374046448549,0.10917508243784635,0.18512577739377634,0.03980616593271591,0.2830438728761956,-0.0046762802396119185,0.3944948126771922,-0.033728064053335116,0.5109250229202369,-0.05951867666131577,0.6281207749819214,0.13761160923676555,0.33969785278545306
34.458000,0.2752917269858911,0.05250170160674899,0.18576358112511596,0.0984126868713277,0.09618231907643704,0.1782575206996242,0.03440256606488884,0.28113250364885545,-0.0048678038637209875,0.39452491098131803,-0.032180317225795674,0.5113753564485368,-0.06000585769647582,0.6281046984739693,0.12096021992943651,0.33251194751466145
34.508000,0.25542431874366106,0.03293995813736616,0.1661992883562824,0.08487599636741824,0.08472441248655588,0.1729773278102625,0.030181847997005767,0.27986562772611207,-0.004718652578655669,0.3946783232765956,-0.031358565667977345,0.5116839429304968,-0.06235133021216149,0.6276125785038906,0.11480925044320872,0.3265752286624528
34.558000,0.22372480888820656,0.006322164219280506,0.14672440019283728,0.07297562089681686,0.07412862484949845,0.16852588726114706,0.027049723143088872,0.2789051290329256,-0.003467157830376544,0.39495994356315484,-0.029423325019896696,0.5121191403204913,-0.06345518593614702,0.6271923015813672,0.11267445896842873,0.3184484372080441
34.608000,0.20080930101103167,-0.009840296008413659,0.12656228224467203,0.06258510139398477,0.0636052660235791,0.16474387051605788,0.024120343042767084,0.27806174579264137,-0.0022109434209038603,0.39513720587359985,-0.027823930070869668,0.5123719060048691,-0.06524851990351863,0.626386817643032,0.10583500283546374,0.313233323369677
34.658000,0.16574669093538424,-0.030347427514185475,0.10657188578089485,0.053832216872398225,0.05383572837245455,0.16162320769163224,0.02208747527760549,0.27734722605180423,-3.6134821168903875e-05,0.3952902032746868,-0.02523971626630292,0.512613600269227,-0.06584104245553898,0.6255362831618827,0.10333252242249333,0.3056240507507813
34.708000,0.1420067871105461,-0.04145428643628525,0.08700217571025043,0.047114693667410244,0.04457662961244796,0.15936474060861675,0.020116196347904042,0.27684532285313324,0.0015092164678175146,0.3953939639239691,-0.024064130411692253,0.5126373173789947,-0.06856461502683872,0.6240810559604731,0.09551664837065367,0.30160269913155874
34.758000,0.11485086654670398,-0.052731886238074864,0.0717645648573551,0.042787794592208286,0.039136215024831944,0.1582667570925258,0.021296522006808136,0.2769332862316789,0.0056578680332411285,0.395909889950513,-0.02060100466600366,0.5130016127253346,-0.06898758572707052,0.6228139010137862,0.10487384473542682,0.29573743447787176
34.808000,0.09646892177001287,-0.05815630135402245,0.06056697674172718,0.0403196218947907,0.036702632329134385,0.15792273854424907,0.023909449195217106,0.2772388498570305,0.009332094498786386,0.39635014524280854,-0.019710409111409463,0.5127826706502704,-0.07399916528238504,0.6198001035649457,0.10108433848757079,0.29401118930236003
34.858000,0.0643713228009484,-0.06425880436089149,0.04589707279418581,0.0384564928329211,0.03175459924695882,0.15762020530281298,0.025035762643651836,0.277431962416132,0.012747244108948064,0.39680110514190015,-0.017613675690499583,0.5128968178672586,-0.07608362263956787,0.6176883504576162,0.10700565666904739,0.29159463056706125
34.908000,0.04167806793622134,-0.06661919584235561,0.029756142590721152,0.03770375366630478,0.025863248753178008,0.15764059275140158,0.025408966377138083,0.2776397328194205,0.01538228172670928,0.39722010575258043,-0.01645889668993314,0.5129185904287633,-0.07922505880132748,0.615194730696728,0.10517428202020662,0.2869343157167391
34.958000,0.006910880226915557,-0.0667835605944617,0.012942041082897704,0.03811007918766181,0.019345597069408933,0.15793910097826913,0.025272390805919663,0.2777926495648804,0.01777143608823316,0.3975579854354405,-0.015113984899504534,0.5129640038469787,-0.08151179587302267,0.6129206478476686,0.10285924335948055,0.28188779000483394
35.008000,-0.015843381690310326,-0.06501889008821433,-0.003459407871331587,0.039562589181925414,0.013017251728746355,0.15842603894013813,0.025222392234894267,0.27780373595773517,0.02030136706878805,0.3977027914640841,-0.01340680692805101,0.5128711855911137,-0.08299486064047991,0.6106336670475299,0.11201841321157041,0.27409405674570964
35.058000,-0.04784826428958007,-0.05973128112288296,-0.018756909015965998,0.041846929185459084,0.007176355637781538,0.15901119756277288,0.025011441570287528,0.2776784201212827,0.02199910025879296,0.3976406049950089,-0.013166102192891785,0.5123725035065615,-0.08634453856311956,0.6074772691568975,0.10688324974494472,0.26940924434129426
35.108000,-0.06477553135545278,-0.05495643954827763,-0.031166513267766927,0.04489350761460652,0.003443536851670745,0.159794092603239,0.02622402800104677,0.27761195722059184,0.024503098853701916,0.3975996165979975,-0.012614428594268784,0.5117148616625584,-0.08957834362172701,0.6037830743292427,0.10319906278032691,0.26462231330254987
35.158000,-0.08679909602062043,-0.04623402076037322,-0.04009269716464693,0.04826600116830702,0.002135433532430467,0.1605904641219777,0.02906197635807388,0.2775304542513547,0.028039746948161637,0.39752610020167045,-0.011371719652095089,0.5108695442132977,-0.09209116779368813,0.5996635231291938,-0.01833428362788625,0.2908366136474714
35.208000,-0.10029006624429643,-0.03946633323321489,-0.04814196876570085,0.05214351551254601,0.001110873189066497,0.16157000937659466,0.031719010005651416,0.277600789605882,0.031002545601620024,0.3975986507483114,-0.010955672825246204,0.510024216819572,-0.0953853803191809,0.5952980374944343,-0.0245502009195607,0.29132856402325896
35.258000,-0.11901996121086103,-0.028102581626335894,-0.055646371829444576,0.056342501055418576,0.0002444293952455767,0.1625320407401829,0.03445165403670507,0.277553194369977,0.03418402285822174,0.3975528959260738,-0.009956498553139667,0.5091396978765428,-0.09752422772879471,0.591187810633748,-0.030046598257865556,0.29198564092230617
35.308000,-0.1296623720400141,-0.020229600379915787,-0.06224546623753699,0.0607510971149558,-0.00036770892926499266,0.16356716176596753,0.03694042112606394,0.27762023463755126,0.03671103411765911,0.3976200153918174,-0.009853167531396534,0.5082173712558389,-0.10050349112007195,0.5868463661157217,-0.018586904102512028,0.2930850118535544
35.358000,-0.1389977622826324,-0.009823548225927414,-0.06479481861435048,0.06433299741134897,0.0017244043954233457,0.16420888524222593,0.04097506547875954,0.27760811629987053,0.03979696612499142,0.39760233316848537,-0.009853774314238561,0.506848861597205,-0.10376690316106393,0.5815504293841599,-0.027211603764644585,0.29404582426873954
35.408000,-0.144351922366773,-0.0030207268173062063,-0.06646441228342946,0.06760110434799559,0.004081106912519367,0.1646749407889956,0.044760555281707415,0.27756950434445904,0.042207914979513456,0.39754235138697785,-0.010731583956848562,0.5052336205426848,-0.10777847469397958,0.5758162033677369,-0.030976732611865898,0.2942485663609524
35.458000,-0.15100073759624083,0.0070506685033438505,-0.06759661135982603,0.07065053902318456,0.006610473607785994,0.16495487901138245,0.04860359900849598,0.2773674113157488,0.04478676236131923,0.39730669494712956,-0.011079943713214496,0.5035089131555157,-0.1107445782499197,0.5703442378174411,-0.033971903340148976,0.2944053478371814
35.508000,-0.15481735841858776,0.0136982661462637,-0.06840092067978285,0.07359668300743337,0.00905382674361152,0.16525235441721675,0.052062178471183246,0.27728039412905625,0.04680560638861339,0.397165207387203,-0.011940761563899366,0.501802028116753,-0.11395956331124144,0.5649856026439708,-0.03682641334225237,0.2945628159223523
35.558000,-0.15980077105278803,0.02348359303022322,-0.06913124110510359,0.07645018252582514,0.011338799535364513,0.16547025082124606,0.05538640775329942,0.27709376183160317,0.048957539420339674,0.3969214283029046,-0.012181227306808262,0.5001786372671381,-0.11603911009628767,0.5602913662227154,-0.03406363610368271,0.2951270421272612
35.608000,-0.1626541216196812,0.029800144071874677,-0.06976018552988422,0.07918397267455973,0.013372227614659504,0.16572299210952265,0.05822522204697009,0.27702532312938555,0.05054192496709073,0.3967790994622524,-0.012852590972445094,0.4986669561910696,-0.11828564266849081,0.5559720310977384,-0.03644482632949243,0.2954437179122182
35.658000,-0.16628547333795368,0.03883472348298173,-0.07032471903722122,0.08176070497001392,0.015240338357578431,0.16589524575454917,0.0609065080295193,0.27686641745014534,0.05222535381047563,0.3965519953675585,-0.012969302537061106,0.4972975003974434,-0.11955858625022583,0.552422128264799,-0.02970692482173337,0.2962968564434659
35.708000,-0.16830889339790756,0.04449423668796244,-0.07080389230023339,0.08414714490118433,0.016860105185741103,0.1660923921384649,0.06311495183446356,0.2768194853067731,0.053386404368810925,0.3964244825443824,-0.013442138330574116,0.49609366474568506,-0.1209536969790096,0.5493971801736942,-0.0319183165900887,0.2967887362381472
35.758000,-0.17081202607887494,0.052330484571533,-0.0712292702764686,0.0863210436490881,0.01831177087047761,0.16621098012622443,0.06514561698742671,0.27669442168148156,0.05461008613269755,0.3962310377855401,-0.013432568150470697,0.495075345654538,-0.12152261280084699,0.547195804665176,-0.03361733663923541,0.2973315250799548
35.808000,-0.17216534106165424,0.0570634344152005,-0.07158400106115302,0.08824311019837297,0.019522568047735167,0.16634300178093137,0.06672131543132861,0.2766710500978472,0.05536052290693577,0.39613205793395123,-0.013703442235112828,0.49426548098062734,-0.12215232719029968,0.5456351155128741,-0.035124279073634385,0.2979570655536885
35.858000,-0.17372309063716204,0.06319855639764205,-0.07188119395429972,0.08988281619076108,0.020565545298688925,0.166391641835192,0.06808227897787272,0.2765831116523313,0.05609527139389975,0.3959829091780463,-0.0136237541378951,0.4936520316216155,-0.12214423477174427,0.5448702440367161,-0.03056861484073367,0.2987111404706142
35.908000,-0.17440313063616042,0.06652286647142415,-0.07199986679144384,0.0910777142384498,0.021407955525328398,0.16641016893122018,0.06890911199946995,0.2766083546405099,0.05616558486870393,0.39592977985940114,-0.014105181902530017,0.4932026914914832,-0.12253012564563842,0.5446228390438166,-0.032095356032021904,0.2993473005934043
35.958000,-0.1749313763721484,0.07023283396281854,-0.07190172655588625,0.09184181773529473,0.022201280467577633,0.16630405023702613,0.06954446106384204,0.2765701975852921,0.056135806753024736,0.39581871115914347,-0.014423132088472096,0.4928827938548651,-0.12252283500863217,0.5449832183116113,-0.03318323550092267,0.2999266366076274
36.008000,-0.1750842550014116,0.07199114702610789,-0.07173412878193526,0.0921285294852804,0.02276210367542883,0.16609110144815775,0.06970937500587346,0.27652639342778546,0.055624508275839035,0.39569692891872454,-0.015018311473563611,0.49269998050914304,-0.12255829116129138,0.5459461331284929,-0.034068619484166784,0.3005014179869235
36.058000,-0.17514736456194713,0.07362857252198535,-0.07151955433429094,0.09214170589526557,0.023171465606571517,0.16585473556139163,0.06965771156333617,0.2764848803540618,0.05506483305120721,0.39559427501598704,-0.015348575603624154,0.4927639816205029,-0.1220547267174188,0.5476620445597361,-0.033239951846134125,0.30088926465104343
36.108000,-0.1750460514032544,0.07411529639555398,-0.07127753814159768,0.09181101779787035,0.02337339396181798,0.16557551500499226,0.06926421941504732,0.27645397161021196,0.05427646487602353,0.3955143227421275,-0.01559689182557969,0.49307309485097267,-0.12113675687559375,0.5501812105048973,-0.03117130494222381,0.30030545244546064
36.158000,-0.17420859354990761,0.07386741097429664,-0.07046087611532606,0.0910705793926353,0.02396886676595439,0.16511802134282832,0.06921710103033366,0.27626026036856216,0.05401144479006684,0.3952929786335758,-0.015009660916470297,0.49345655113445613,-0.11906698470267119,0.5532233760939128,-0.0310704232265524,0.3004121065744497
36.208000,-0.1742203517293669,0.07363219052244953,-0.07018903993582407,0.09039871110024295,0.023965947085025002,0.16479520576967982,0.068724271274555,0.27613564054285333,0.053729140240959844,0.39519506286887146,-0.013856837071622774,0.4943521890366072,-0.11586217206865765,0.5575575023530124,-0.031387207179467,0.30081018722352654
36.258000,-0.17428542056182697,0.07256803082825919,-0.07025823979803539,0.08963246270344771,0.023538092322900328,0.16448062955242826,0.0679014770231699,0.27597901562804505,0.053430628705306654,0.39510329756818485,-0.012290667006179451,0.4955060429910845,-0.11177509687703095,0.5626093082761847,-0.031775966583541565,0.3020087359854243
36.308000,-0.17411007977598697,0.07165057911565642,-0.07017565658194459,0.08881970128841696,0.023092578625390436,0.16432490840229236,0.06702083690994906,0.27599544222426825,0.05323105143484666,0.3952004832944788,-0.0103267747271574,0.49698654684720844,-0.10687259387487993,0.5682529821803655,-0.03152716080100651,0.30295827794508423
36.358000,-0.17383252361797588,0.06932441993108844,-0.07010000583946058,0.08788885942933497,0.022504874227733895,0.1642061981390967,0.06603497047504953,0.27603253994056776,0.05320437027856792,0.3953446336217954,-0.007730077051465056,0.4987225477455743,-0.10072559330799644,0.5745633939709509,-0.03261133556338683,0.30222242596971477
36.408000,-0.17368672164805757,0.06759025819932467,-0.07007755673026214,0.08693198733307272,0.021780893654060413,0.16414613819281362,0.06508521178416118,0.27606010528910907,0.05372807901852847,0.39552146111253395,-0.0037908492936662153,0.5008379977322223,-0.09221311543853047,0.581964459811785,-0.03357787290159919,0.3031288701116299
36.458000,-0.17347305602846777,0.06538789890018254,-0.07012208419669902,0.08621111655014194,0.021012350326562734,0.16427849029952088,0.06427945178109531,0.27620685101173337,0.05469159028844048,0.395823208220928,0.000937509939887643,0.5031102011225903,-0.08240884016808155,0.589443195531911,-0.032965116202094025,0.30447705747792553
36.508000,-0.17320968681108392,0.06360019865798211,-0.07016403138006005,0.08562737508370183,0.020189445031223358,0.1645973016405605,0.0636535512978953,0.2764493086249658,0.05643204096110793,0.3962318189862688,0.007371379942133854,0.5057446106609462,-0.06961295317140495,0.597795751094206,-0.03266383177155566,0.3061908936472936
36.558000,-0.17285049710546113,0.06075544285860339,-0.07024230583098574,0.08507314793985524,0.019265390966083235,0.1650004412387275,0.06301355409726087,0.276741652180116,0.058387793848141994,0.39665246212699967,0.0144004409937607,0.5082997316362183,-0.055555758865586724,0.6057991167688387,-0.0324772915923717,0.30799476276571497
36.608000,-0.17260998352867532,0.05877888132471257,-0.07043533295773365,0.08464781227153531,0.018219381130963663,0.16552019117713748,0.06249740756907507,0.27705250207736903,0.060977491686418694,0.39704287609007727,0.022841474597154937,0.5108218029639376,-0.038930522189772804,0.6137014433839723,-0.015563036624806875,0.31262765826194694
36.658000,-0.17192323413907518,0.055517984329034965,-0.07062881119285054,0.08425941798237824,0.01709029913535559,0.16614566642024428,0.061948798865945065,0.27744577873789067,0.06370881502171258,0.39743287114007936,0.03175880104348722,0.5131013482926338,-0.02118826632117443,0.6207888965862118,-0.017619996599967214,0.31294661630560217
36.708000,-0.17163911458334674,0.05392146364891414,-0.07066909575976071,0.08404268801088241,0.01638472765229848,0.16663585860737884,0.062438608397869855,0.2774466887109476,0.06837892029576634,0.3972995680846082,0.04379024066462728,0.5147533753159711,0.0012252242852885953,0.6269506095932486,-0.014077771241678277,0.3145804007364704
36.758000,-0.17108128273022255,0.05128356511353551,-0.07087088957222899,0.0839799352093438,0.01567928063403598,0.16710073908699075,0.06327320581396251,0.277258890333129,0.07385871456287033,0.39679109103454735,0.05724010359669118,0.5156347773184637,0.02592326027019945,0.631476286822,-0.00897257020417419,0.3160975984533505
36.808000,-0.1706321666731246,0.04947720254889551,-0.07103354815060177,0.08395438009487419,0.015023773200946555,0.16758533992313424,0.064393141217962,0.27695931078275016,0.08009325332154354,0.3959278212379733,0.07219251823617914,0.5156674487015264,0.05323075712759287,0.6341598603389833,-0.0014331607215459508,0.31667163477866167
36.858000,-0.17006085157335318,0.04658780023457169,-0.07141280428239918,0.0840239981835545,0.014110690727877406,0.16820078715312253,0.06529625219078133,0.27673667199185825,0.08620392990246076,0.3949012564184305,0.0871994008719548,0.5148971273371786,0.08089908014155603,0.6347316213641245,0.0069317974966812135,0.316732267140311
36.908000,-0.169705749253111,0.04463521512088071,-0.0719214831462343,0.08409787720606604,0.013094658205666937,0.16878704835346559,0.0663300012585804,0.2763323794935876,0.0928708439785989,0.3933605114436066,0.10339189160336615,0.5128984031636682,0.11057098640056306,0.6326834631581959,0.010180184509473778,0.3179173487159049
36.958000,-0.16886752303819927,0.041753191146028074,-0.07246211379343033,0.08437093772323101,0.012058418826591366,0.16955473644597235,0.06741825875855484,0.27602204655864143,0.09966608286332782,0.39160784949518124,0.11976599762951315,0.5099125130814346,0.14038466353024384,0.6281278700209841,0.022178294322392766,0.3156370729180885
37.008000,-0.16836076814899542,0.04050962457079114,-0.07277106256055697,0.08481377629940016,0.011586775158622026,0.17015869539447379,0.06965138659636214,0.27517536501689255,0.10834786421504361,0.3887649007140986,0.13886083082966932,0.5048207444634536,0.17368803950249584,0.6196556935689388,0.029643794639573895,0.3147416662128164
37.058000,-0.16787808264423332,0.03918851571051149,-0.07325813700760726,0.08572185028763044,0.01139496683300395,0.17077390499620687,0.07252603092001636,0.27403567431859255,0.11774769684282166,0.3851887261487882,0.15834689815462305,0.4981121730180893,0.206461942583629,0.6080437085281275,0.023638834636647565,0.3181448434808116
37.108000,-0.16724644888900736,0.03776011438168303,-0.07374269409612827,0.08628845642410468,0.01106143457998987,0.17118992731527577,0.07547923044333102,0.2724339275133562,0.12782160199714143,0.3804166860450905,0.17936370318669087,0.4887837096499043,0.24155201425341494,0.5914122337875354,0.03458337308567508,0.315296501140039
37.158000,-0.16621080187209208,0.035796461868668236,-0.07394473713641248,0.08672609516146579,0.011132693682493006,0.17135369565477016,0.07890106972867886,0.27038625195855714,0.1382190744545092,0.3747000780572405,0.20017065994723515,0.477471674595085,0.27518670421618197,0.5711337966201563,0.042651584765628525,0.3129611073328678
37.208000,-0.16565480015998388,0.03483449288676276,-0.0743724695732166,0.08742838247907384,0.011226647482397073,0.17152827046532115,0.0826727729076808,0.26794119056275734,0.1492087875497124,0.3678058928131287,0.22148221201891427,0.4636002147507809,0.3084854185963206,0.5462467031531877,0.055178000295074386,0.3074466946764982
37.258000,-0.165210496153752,0.034010478685760334,-0.07499401773335305,0.0884629661334664,0.0113120600149679,0.17183718842825582,0.08652948214288758,0.2653376665412547,0.16009004421203976,0.3601471792859745,0.24194408461817357,0.4478963449146002,0.3392652092788058,0.518100324109078,0.0672529169683562,0.3010342776695363
37.308000,-0.16471936753690286,0.03334453313435262,-0.0755045608096106,0.08931086633703984,0.011807370857909477,0.17163113473116692,0.09111156662880321,0.2616913619828257,0.17180327519814242,0.350510550043852,0.2627974090145899,0.4287414110309454,0.36897881006219757,0.48464767245193746,0.0634338877828648,0.3039658225147881
37.358000,-0.1642205964304192,0.032530975223514585,-0.07603331180255427,0.09014640913021146,0.012546940534567425,0.17110033983042228,0.0959597186474491,0.2573691548649024,0.1833242851931666,0.339633560972358,0.28224040110224236,0.40757178300715613,0.3950307024359615,0.44853942785592127,0.07526603444698066,0.2965157806660404
37.408000,-0.16395648863369355,0.03216876643549352,-0.07630288869760021,0.09058527333691718,0.01366497506022818,0.16999423686819182,0.10124865367278463,0.2520253238950045,0.19503454397720155,0.32688657407365607,0.30094130237463146,0.3833113782384886,0.41834640606609785,0.40813156411918877,0.08733165371932372,0.2870278513758733
37.458000,-0.16364489905128288,0.03203045523394613,-0.0767954315917721,0.09152743844283012,0.01464682692456426,0.16923402347544828,0.10635759214420204,0.24662352885459174,0.20610722737877707,0.3133319261563461,0.3177742044570887,0.3572692250058097,0.4375087905719795,0.3652459967763473,0.08378813024793799,0.29040176532046635
37.508000,-0.16345013087742075,0.03196240173560671,-0.07711174661863064,0.09227289724460672,0.016116139607826208,0.16782791845264292,0.11206398181768673,0.23989740974591947,0.21735110973066046,0.2974701523923927,0.33344444127577233,0.32784017660635045,0.4530731960085433,0.31840826051863236,0.09640859979284866,0.279099752592894
37.558000,-0.1633282712472061,0.032166575388527754,-0.0773668495047072,0.09285750505301094,0.017876734527240923,0.16585517417025197,0.1178656575900843,0.23220436603526168,0.22781965980535154,0.2802680466548099,0.3466412904255255,0.2970436270101987,0.46380653811971984,0.27111478722453214,0.10780488775502442,0.26679357488925043
37.608000,-0.16334260339111434,0.03222761948249421,-0.07751996375389049,0.09331307202801542,0.019747937268402377,0.16359077425575436,0.12362060828502602,0.22367794606066743,0.23755107104894002,0.2613588384857223,0.35752812628598735,0.2637053712720257,0.46974978240524595,0.2212047842483716,0.10671982344909037,0.2683839445988066
37.658000,-0.16320851376667952,0.03225488620589762,-0.07757708529238322,0.09354856440014131,0.021777189259560903,0.1608443898892212,0.12918272130447286,0.21436122542860123,0.24608768165558112,0.24143944998829583,0.36550781514965447,0.229656762847545,0.47073843129909687,0.17198079363325464,0.11800022883366362,0.25377608534410967
37.708000,-0.16313640981920313,0.03228530460610919,-0.07743141180961326,0.09350528749473955,0.02414914194537232,0.15739105350588206,0.13483890899522877,0.20373515205627446,0.2537834333496985,0.21961596205101092,0.37093277061426616,0.19361533170341072,0.4670729989968397,0.12180268318974981,0.1284932954601609,0.23737251801375575
37.758000,-0.16301605179567472,0.03234910452040292,-0.07709513509470034,0.09322594455943656,0.026713082068213267,0.15342440009990108,0.14023200460944243,0.1923275391130751,0.26014111631346626,0.1969971140778746,0.3734516755752152,0.15749120110538842,0.45904159782748566,0.0733819554254378,0.12887196488811414,0.237030238454427
37.808000,-0.16272227651156332,0.03232808471896109,-0.07647177420845776,0.0926552236628812,0.02962105561441411,0.14872938402369124,0.1455682390049961,0.17965268694867523,0.2653707479277083,0.17277090986564433,0.3732182563464958,0.12015042974772608,0.4467064313339946,0.025284797736112717,0.13830052996355208,0.2187306380199327
37.858000,-0.16089317144093296,0.03266323353753347,-0.07470047038605843,0.09190136756885386,0.0336217197751863,0.14353762535997494,0.15145045179214123,0.16626183956589602,0.2700578209985513,0.148032962202374,0.3711353474124326,0.08335426668328451,0.43172741354523614,-0.020224696054126565,0.14652081379249882,0.19927810052969352
37.908000,-0.15875593708125119,0.03322805844086049,-0.07147157587746264,0.09118401637261857,0.039118900308009075,0.13776455498125434,0.15831140886053047,0.15166224921292915,0.2745501191527289,0.12185348825903586,0.3673555333705533,0.04578013489625831,0.41398366021027105,-0.06479028514192009,0.14838342362849788,0.1970535072692721
37.958000,-0.15414046871658357,0.03449618197658052,-0.06687927164107559,0.09039829000445584,0.04588046389690134,0.13144998962098212,0.165784615162021,0.13624524867459936,0.27853633578025216,0.09517154056797297,0.3619871957899331,0.008939562951518966,0.39436531687371046,-0.10660980863952096,0.15654443724416373,0.17536629794917558
38.008000,-0.15009959067145984,0.03556593291070796,-0.06078934486290888,0.08942511002997376,0.0540404390632509,0.12426934518403418,0.17394229566606417,0.11941704849087878,0.28195323476840445,0.06713285361106307,0.3547879203985297,-0.02823542502057015,0.3724264238076008,-0.1469320264777651,0.1657879259354993,0.15135972468525655
38.058000,-0.1425423379142501,0.03740306584112532,-0.053309557132886626,0.08816381869780256,0.063349384164223,0.11628305438153888,0.18244843140181063,0.10160596519127846,0.28462175869258743,0.038672578262464896,0.34608567930808654,-0.06439141381319471,0.34923228595935807,-0.18435015199671398,0.17110159519381105,0.14647946447406585
38.108000,-0.13647303229533986,0.03871651839991265,-0.04431078001255259,0.0864652336193966,0.07389172885999643,0.10715742770883407,0.19128177171484312,0.08226610716256222,0.2863677850415199,0.009063306194026587,0.3355395888723415,-0.10039962683822498,0.32425697304602863,-0.2198680435018597,0.18130868293798422,0.11905603988307324
38.158000,-0.12575812640851902,0.04069412354258508,-0.03392124246162369,0.08423208973503324,0.08539989990537245,0.09697826501372078,0.2001456138733564,0.06185816925676677,0.2871413916031948,-0.02079613890185588,0.32363879569796883,-0.1351112275574782,0.29860983387064016,-0.25247200068822273,0.18703908408964873,0.09441287743597307
38.208000,-0.11750117971248558,0.04193608510944264,-0.02202512536120721,0.08128236750391543,0.09790364422815641,0.08541640001241269,0.20894094673942298,0.03991126347793501,0.28670424542384004,-0.05148277012228493,0.3100148829799458,-0.169196890671724,0.2717698388696552,-0.2829392161315188,0.198737814740199,0.08115131780003515
38.258000,-0.1033767010224362,0.04352912106782596,-0.008779955971442002,0.07752565123236867,0.1111185288040313,0.07259074003300892,0.21741926890263308,0.016911725543800236,0.28512221385035297,-0.08216557380073183,0.29524737719390215,-0.2017376485810352,0.2447727251717462,-0.31060596124933276,0.20314121299386978,0.054355439583524616
38.308000,-0.09276292418781398,0.0443107714716533,0.005905635549626823,0.07274826118098118,0.12501971254778094,0.05819365157172686,0.2254306926213283,-0.007515062315167048,0.2821468158647504,-0.11326609712919128,0.2790076537519801,-0.23322503035731618,0.2171739315527491,-0.33606758380183305,0.20598209487299246,0.02799397332023338
38.358000,-0.07498858172283199,0.04487289340060969,0.021836898195669627,0.06687581977790569,0.13931157707731107,0.042387050481446656,0.23278295676873306,-0.03286652869311499,0.27793560568564296,-0.1440476345330296,0.26188956274724806,-0.2629699810706721,0.18984201969052417,-0.35893430537658005,0.2185138195035125,0.008567652772899184
38.408000,-0.061876872550810175,0.04471978552429245,0.03906910532939259,0.0596694048312254,0.15392235121089418,0.024902582852745284,0.2393110180304786,-0.059410972277933266,0.2722834915598258,-0.17479214920621958,0.2436590025691705,-0.29132814634883575,0.1624599654372457,-0.3796837707812863,0.2189988399921796,-0.019166898502828295
38.458000,-0.04028819043523131,0.04347433656944378,0.0573667315862147,0.05108524425417651,0.1685567405909785,0.0059545241455793915,0.244884201245171,-0.08664201331712859,0.26540593272120816,-0.20487423623975415,0.22485155486382827,-0.31781378837540264,0.13566698976859803,-0.3981014795165398,0.2216061744919183,-0.053882788304038
38.508000,-0.024611457762967245,0.04182741235557113,0.07673981454291236,0.04087055009680423,0.1831118801462894,-0.01467207911059662,0.24936144546011246,-0.11472703948602975,0.2571854887481812,-0.23447170260980502,0.20536317675721438,-0.3427050060792588,0.109300846199094,-0.41462182363775746,0.22862220560106036,-0.07074198171288545
38.558000,0.0008096233601687316,0.037880648161015135,0.09691583703446527,0.029029694647527117,0.19730958679200936,-0.03670534174570531,0.252673940607035,-0.14317030465202793,0.24785548847594135,-0.26307352612276386,0.18561145251091304,-0.36566826276546044,0.08374423659212142,-0.42909594064313655,0.22466739568542107,-0.09752117723594883
38.608000,0.01907057329801082,0.03438764572334429,0.11792404960852149,0.015589277658678742,0.2111940710279712,-0.059913722968727975,0.25502569022931276,-0.17162222380097703,0.2378377777093697,-0.290384910123463,0.16617145621452983,-0.38663426524552746,0.05959310433996328,-0.4417800258167138,0.2219460093766852,-0.1319032365048274
38.658000,0.04824504601115692,0.028130742075552728,0.1396717509102093,0.0016974713287247999,0.22510171012604616,-0.08257424437933326,0.25746320787465804,-0.19812827270998482,0.22886607232073755,-0.31467098521496745,0.14916517616820932,-0.4043803334031562,0.03900509633457745,-0.4519697945361059,0.22613188936668044,-0.1508388808621291
38.708000,0.06897139421071363,0.023408303398477184,0.16200655760398167,-0.013283639929282713,0.23878714285388786,-0.10550479655118661,0.25959388626612245,-0.2236871955308028,0.22027872970442525,-0.3370640823487473,0.1335550343286852,-0.42000382348878046,0.020587463364986423,-0.46048008703374804,0.21262260664337737,-0.20312139945251642
38.758000,0.1034188859214053,0.018133738673201193,0.185956258668629,-0.02691818373305104,0.25357848022626084,-0.12605059594828236,0.2631616867983329,-0.24566732618196244,0.21423659460118805,-0.3552407506675596,0.1218099903235172,-0.4317738991830808,0.006926624621091462,-0.4664410635448042,0.208467419066941,-0.2350393684859527
38.808000,0.129007757615656,0.01618588685952374,0.2124915179836861,-0.038126976185389586,0.2706805001650314,-0.14307478394095474,0.269605350052143,-0.26306996739526994,0.21222929745649594,-0.36846441026841936,0.11524734974326073,-0.43913619967372103,-0.00091524349434699,-0.46924021821467465,0.2073226237072368,-0.25044872621468917
38.858000,0.17017400018162282,0.01441853286913557,0.24113000202838233,-0.0472805402242187,0.2898293477412405,-0.1569544830143798,0.27880340463396,-0.27644686176128985,0.21407858968278637,-0.37749486188764714,0.11347411573155053,-0.44290693891471505,-0.0035398575699504,-0.46951013519252277,0.21477284135378358,-0.25764978806501365
38.908000,0.19863488746028835,0.01310628543640599,0.2705487267448773,-0.05620251635031183,0.3094212954787144,-0.16973191077098437,0.2888274415170362,-0.28795159262470416,0.21754363452250075,-0.3844845861974591,0.11401663080668244,-0.4451653861043953,-0.0035365910906848264,-0.4692743054334764,0.21550495916049556,-0.26071479609910525
38.958000,0.24173681074371106,0.010453080389057418,0.29960590111890273,-0.06508526704091416,0.3280790353302655,-0.18165833694907874,0.29792383838148473,-0.29780765505510887,0.2203621679416185,-0.3893728628337003,0.11412569936808174,-0.445174410656256,-0.003924926891151981,-0.4667162219286975,0.22125213882878242,-0.2629538083076096
39.008000,0.2702812082681202,0.007202825050377391,0.3276947539999007,-0.07516195197539788,0.3453102689703398,-0.1938619672752389,0.3059085580736041,-0.3072088030417236,0.22277382191318093,-0.39374559084087546,0.11443763245648103,-0.4453524707330136,-0.0038459259484012187,-0.46557621442196423,0.22717102045372062,-0.26232513515985567
39.058000,0.31241191725710027,1.5718121869709353e-05,0.35439871347668955,-0.08654710436642907,0.3609887498468872,-0.2063660153136968,0.3127423959568818,-0.31623998555360044,0.22455950790922824,-0.39762658306988985,0.1144396695135472,-0.4453090871057911,-0.003996391723011805,-0.4646196903596093,0.2342426374986027,-0.26313195370505776
39.108000,0.3403151997548915,-0.0064183454225772455,0.379942191851967,-0.09919099976524519,0.37537266780952244,-0.21910396591156703,0.31874518790775863,-0.32490249387845976,0.2261034359036122,-0.4011750694577859,0.11457824450351795,-0.4454710250630325,-0.003874002619092265,-0.46468209352254436,0.23662817145091541,-0.25989601720105615
39.158000,0.38240922406889466,-0.019043874067820852,0.40475751965864176,-0.11333155417286736,0.38880459499971837,-0.23226642792662733,0.32405050554496173,-0.3332956707174127,0.22725472177602335,-0.40422222600189617,0.11445665754265272,-0.44516849207270454,-0.003995845342148752,-0.46437798348308146,0.24342629573884988,-0.2592222714866631
39.208000,0.4099111618416509,-0.02881760821524131,0.4284354116736006,-0.12856849598899503,0.401080522085795,-0.24540902840663498,0.32867095200045593,-0.3411004813164078,0.22820751767045125,-0.40672896874663556,0.11440467752460964,-0.44479356613524257,-0.003934669991597417,-0.4646882596231791,0.2507893791516383,-0.25385843991719154
39.258000,0.4489992432493435,-0.04484342958518312,0.4501741595183852,-0.14363974020784323,0.41176554011688027,-0.25732693366279297,0.3323165728216505,-0.347259472800292,0.2286414213475799,-0.40768680905489874,0.11401732530299286,-0.44320182849683504,-0.004142114470791158,-0.4641385615835769,0.25957932746382917,-0.24649176676079043
39.308000,0.4741476593799857,-0.05732777585482067,0.47015643824192965,-0.15941781259754856,0.42115014497830183,-0.26895494429524747,0.33537076799355364,-0.3528709647210773,0.22902175381571788,-0.40845771838957684,0.11384664763928581,-0.4421429513151125,-0.003954117947922664,-0.4650116991397649,0.265394031919015,-0.24006197265985618
39.358000,0.5110544446633025,-0.07955441777832896,0.4890563693818334,-0.1765002821173808,0.42970941961229925,-0.280797643316274,0.3379908288088124,-0.3581778740022994,0.22917969881947658,-0.4087756801844236,0.11347726012148912,-0.4406024877424938,-0.0039457616115251,-0.4653377655272303,0.2767354748599745,-0.23153856242103377
39.408000,0.5351867900933931,-0.09716720341990581,0.5069881419466681,-0.1955980088376587,0.4375876163016814,-0.29349370353461335,0.34037217535475356,-0.36384395613895126,0.22937399438084882,-0.4094444366241838,0.11324145592321999,-0.43966419028610343,-0.003689584402962298,-0.4666295719492007,0.290510267660933,-0.2236227411581984
39.458000,0.5681279752476606,-0.12511252984631563,0.5234840495900365,-0.21578395979653986,0.44458728670659986,-0.30620132980283377,0.3423686404288294,-0.3690610812472622,0.22939595166087506,-0.4095230581789241,0.11283939556347677,-0.4380637169590166,-0.0035908197387142238,-0.4671154800402576,0.30220245203222473,-0.2189764100424887
39.508000,0.5867694759734764,-0.14236276281234359,0.5363170309404212,-0.23286704769019959,0.4492943859254242,-0.31549306812849115,0.34313226149786114,-0.3714359259114264,0.2287881618783305,-0.4078423385631974,0.11214268706847291,-0.43601738437061954,-0.0033688031939275165,-0.4685303912646529,0.3177588896876069,-0.21024602998751354
39.558000,0.6107901807989743,-0.16764602277608426,0.5467722092971022,-0.24791155833911135,0.45291820276975703,-0.322687393063088,0.3436084733307628,-0.3721988366887975,0.22822684896128703,-0.4051697444379976,0.11161711472868396,-0.4334923481698475,-0.0027777037807457106,-0.4697390790312145,0.32691745221689017,-0.20464612588945894
39.608000,0.6261564674990766,-0.1873283701874639,0.5563329963445953,-0.2643403994499124,0.4561285105117628,-0.33036358491515305,0.34403677125020615,-0.37320564356455826,0.22778089718045502,-0.40294739442556216,0.11132840615430994,-0.4319097378011508,-0.0015897011002317107,-0.4725237877598986,0.34296383276811016,-0.19595318997615224
39.658000,0.6472395096353029,-0.22056072970696744,0.5651710891332473,-0.2827078124395446,0.45919258509722793,-0.338997746551137,0.34457696410954786,-0.37454010755330536,0.22741810499416765,-0.4004977987214837,0.11096921256317493,-0.42947460757951883,-0.0005988410261746901,-0.47366249526702897,0.361490279447532,-0.19025696667739128
39.708000,0.6590334943413503,-0.2435966989791429,0.5724174211579311,-0.3016555889805537,0.46167658715713,-0.34787752841202724,0.3450915973912987,-0.3763018166405966,0.22723659805385854,-0.3988894046298396,0.11091484679097463,-0.42837245371122756,0.0010135934463165741,-0.4765566265615845,0.36784048435031147,-0.19269691091612592
39.758000,0.6726127525420359,-0.2782231460765537,0.5778928440906701,-0.3200626580305858,0.4633873137414699,-0.3559581104353732,0.3452980662222634,-0.3772871868923021,0.2268545221169052,-0.39655183567656366,0.11064991446734107,-0.42649326444155217,0.0024680828029821633,-0.47842293665661706,0.37095410990571476,-0.19881008639300063
39.810000,0.6819025051693534,-0.3113704756482325,0.5812670796563942,-0.33724146490444307,0.46401297375231776,-0.36276546632664985,0.34489870720073595,-0.3773185245324521,0.22602589635774029,-0.39372751115011584,0.11007285985584969,-0.4246288594296448,0.003968548152074369,-0.4806812904883755,0.3866310643875932,-0.19714065410199716
39.858000,0.6856555382107191,-0.3322003126023938,0.5832795718136634,-0.3528538509135387,0.4643175479272095,-0.3686030373317451,0.3446006291824287,-0.37684071653369516,0.22538603549866276,-0.3905476728764673,0.10963620802990304,-0.42220169960270965,0.005464806417075363,-0.48176946625134187,0.3928476590616457,-0.1998371915554642
39.908000,0.6882001024223748,-0.3527517094881688,0.5841545582815115,-0.36712534622873894,0.46431154751795245,-0.3732615315707788,0.3443406299706533,-0.3759033002097004,0.22495722248851457,-0.3880524572976148,0.10982786299732172,-0.4218937128515711,0.008630043352827244,-0.48638403199834374,0.4077852283781198,-0.19514104061417925
39.958000,0.6890235087936813,-0.3856967049451045,0.5841168131232011,-0.3825118749549747,0.4641724243064965,-0.37885898756126773,0.3442153572101033,-0.3756493070875049,0.22464790691071213,-0.3858289351774057,0.10999773898831566,-0.42125969854632606,0.011519150275801748,-0.48983059281086566,0.41351749866943643,-0.197322520361785
40.008000,0.6876959244328824,-0.40767347154455025,0.5828811568699482,-0.397730773818116,0.46363429620074614,-0.3843074277190504,0.34397265558294116,-0.3753023311274014,0.22425694700998317,-0.3835575792080955,0.11010568105524865,-0.42056417971237425,0.014441379053884318,-0.4930096165756183,0.42642191360472614,-0.20019809974199998
40.058000,0.6832440174972556,-0.4382662917869444,0.5809840281655908,-0.4117050323842847,0.46317732754482754,-0.38886687815200355,0.3440717353855554,-0.3742429964401889,0.2242385730670548,-0.38056859591717584,0.11054326526851288,-0.41895318897923445,0.01757340747239533,-0.49482548656541875,0.4432585717400462,-0.19881852833427188
40.108000,0.6785940754810041,-0.45757671444547743,0.5781003798432047,-0.42562099795564984,0.4624334380178805,-0.3936654261601597,0.3441144564311753,-0.37364996722752764,0.2242016678348731,-0.37822414814382643,0.11101450721937756,-0.41808222978096904,0.020850142629440627,-0.4972680072796906,0.4642055249691573,-0.20349929039088294
40.158000,0.6702878295938408,-0.4806784684706791,0.574835024177836,-0.4359046796498295,0.461677566767289,-0.3959623483160156,0.3442100378263523,-0.3714393051828684,0.22426134086828298,-0.3749478801159751,0.11176698104362981,-0.4167213047737818,0.024693892400030948,-0.49929416492809603,0.46592189769235487,-0.20793812785110488
40.208000,0.6638554783760512,-0.4942694041312423,0.5711869262335163,-0.44400924730205305,0.46077296470950224,-0.3970118314095435,0.3441347643667579,-0.36880668611997225,0.22417770852300417,-0.3720167878782549,0.1126534430039281,-0.41631507453169814,0.029170622205299424,-0.502516110671086,0.47341947781516835,-0.21072663770678562
40.258000,0.6529603087629104,-0.5132109629608353,0.5672032016434423,-0.4515944613280776,0.4598841634946367,-0.39790438728440364,0.34417976806578765,-0.3660846940356536,0.22421150984213178,-0.36884458874056847,0.11356867466134501,-0.415300621967236,0.03336797614510911,-0.5045634247324855,0.4630104430130276,-0.21934292712375658
40.308000,0.6453599572041196,-0.5239124682378414,0.5629905575258982,-0.458228844767812,0.45891645778842477,-0.3984912371585083,0.3441143446345255,-0.3635559424749255,0.22414523926317714,-0.3662787637974353,0.11454126362467809,-0.41513537567482495,0.03781958132793961,-0.5074055413056229,0.4698808000383239,-0.21856408417094814
40.358000,0.6356378486365498,-0.5338708171244795,0.5595719922867021,-0.4617535178616168,0.45822829516138164,-0.39749268182663167,0.3439756455024896,-0.3608002842279213,0.2240383086042983,-0.3646778111421666,0.11593773772366944,-0.4167764346792559,0.043372113696802495,-0.5123496014656073,0.4713454917846388,-0.22131771755158092
40.408000,0.6297241292433949,-0.538253673515912,0.5566843115058828,-0.4627532646754501,0.45760213919364057,-0.3950574514379479,0.34357288397983565,-0.3576765879490469,0.2237250156092721,-0.3637171546442181,0.11761963882176096,-0.41976756958052364,0.04989170203580595,-0.5188277864983645,0.46968042922638026,-0.22215873744782444
40.458000,0.6216902366422892,-0.5420585061146888,0.5542226591573159,-0.46247999165422893,0.45716159227228403,-0.39191690431293963,0.3432314871486939,-0.3542349305565193,0.22352462039379106,-0.36261741526826974,0.11952788956869842,-0.42248961227087134,0.05653876171570016,-0.5246285850856646,0.47942869104226293,-0.21834049137295725
40.508000,0.6171633551525444,-0.5424616702530072,0.552375428711861,-0.46025235486538363,0.45684982282475756,-0.38762413294098835,0.34275394598888204,-0.35044711196507683,0.22329947831416708,-0.3618764667573411,0.12183031008293776,-0.42593899789340717,0.06399048629990267,-0.5310796407562114,0.4699690451204831,-0.21976003659874366
40.558000,0.6107558489392778,-0.5423153539957385,0.5508402670212313,-0.4572152505311008,0.4566340597457651,-0.38288362529142306,0.34231266686092854,-0.3464059728371849,0.22318405208100123,-0.3608411084235832,0.12425094264790115,-0.4287545817237298,0.07122533357293537,-0.5364034775838916,0.4637526570210234,-0.21809024110392622
40.608000,0.6067781354615447,-0.5417564921631494,0.549433808494722,-0.4541989213108126,0.4563869878090878,-0.3784210276986673,0.3417897457650617,-0.342819453077985,0.22306529793220092,-0.36026953860688965,0.12670268222963893,-0.4317834973263284,0.07821134070134206,-0.5415495658243122,0.4712362290576191,-0.21279221670732712
40.658000,0.6011765471353826,-0.5409966912552974,0.5482496927287721,-0.4513368881577198,0.4563017826160739,-0.37422928914244247,0.34146470332312684,-0.3394091050777809,0.22316214394419798,-0.35952140080959494,0.12912900098675312,-0.43407184022706863,0.08447425674140085,-0.5454538576644957,0.4595801700871133,-0.21464141755393512
40.708000,0.5975849569381997,-0.5406959926744465,0.5471292201325058,-0.44871069498623073,0.456145546134619,-0.37046766931727615,0.3410488386447826,-0.33651552764127657,0.2232085978962245,-0.3591799856861621,0.13138938129492173,-0.4364407872612487,0.0900811604355537,-0.5491068020447019,0.44953368518466486,-0.21702219081974045
40.758000,0.5929626895335547,-0.54031979455331,0.5463430280443325,-0.4466608907726135,0.45619059980372384,-0.36746152409385013,0.34084574818758173,-0.3343622007643602,0.22346697282510097,-0.35930660076518617,0.1335972498343388,-0.43882661638882003,0.09496034262876335,-0.5524364284531953,0.45565061021192654,-0.21194133293549106
40.808000,0.5900035875407736,-0.5399677933615827,0.5454857524417549,-0.44493010146962964,0.4561201826996456,-0.3648439294755337,0.3405583414174547,-0.33251034262506923,0.22361634272761216,-0.35942816087699414,0.13537984401501613,-0.440756632462763,0.09866514991964531,-0.5550021191731495,0.44578923835370987,-0.21459855059764404
40.858000,0.5859408541228057,-0.5397533492448024,0.544842497042545,-0.4433280264962143,0.45612499456745736,-0.3625245318034745,0.34035872001327405,-0.33093070844629247,0.2238199669770034,-0.3595439752362384,0.13689352775679936,-0.4422712026686487,0.10140050609954948,-0.5569021121527211,0.4336815795676787,-0.22033227084639767
40.908000,0.5836938026720971,-0.5394388884132324,0.5442370099310326,-0.44207681158399786,0.4560754775854441,-0.3606670811184298,0.3401234122253824,-0.3297620889969115,0.22394066528492645,-0.3597882327879892,0.13796834300286187,-0.443506568879629,0.10292750228945013,-0.558276510411417,0.4383784723658648,-0.21637038737065561
40.958000,0.5802915440290589,-0.5398534820449635,0.5436758511295506,-0.4412016537952935,0.45605518949524154,-0.35921007096654123,0.33997754913029465,-0.32878012835559856,0.22404608187010905,-0.3597622990171332,0.13854622103588532,-0.44396309353433533,0.10308990762091363,-0.5586053625236486,0.4258726989523973,-0.2235808396455814
41.008000,0.5784247706596714,-0.5403663598624012,0.5432380395209273,-0.4411128488834025,0.45616375563314154,-0.35854124913249796,0.34002828579264066,-0.3283327628261097,0.2242250758129533,-0.35979093439408427,0.13871392614058753,-0.44398026436950166,0.10204053511602179,-0.5582390162914274,0.41586971989345783,-0.22994688635988564
41.058000,0.5764950004568006,-0.5408189677850589,0.5431242512371615,-0.44093577986995397,0.45636472237074727,-0.3580335232608888,0.3401348698151261,-0.32819024303070704,0.22443256460850575,-0.36001753587621754,0.13861303546907994,-0.4438924929151757,0.09998753535980082,-0.5575061837332586,0.41922378271652394,-0.22741749692037427
41.108000,0.5756119033575013,-0.541051633434329,0.5432023868906046,-0.44080938323112434,0.4565127445350874,-0.35783405010527103,0.34016234434423137,-0.328464263337511,0.2245233946670202,-0.3605209836526748,0.13811751685648588,-0.4437917725272261,0.09694192459809087,-0.5565063261659086,0.40883897088684995,-0.23631360103561633
41.158000,0.5751281343283898,-0.5410361737529601,0.5433950555345436,-0.44062145923066875,0.45662066226615705,-0.35773476142643845,0.34015758798983126,-0.3288150046832554,0.22451515329243443,-0.36085915075142316,0.13722088323218906,-0.4431981476765653,0.09295828358696373,-0.5547365817369574,0.3987357584533614,-0.24621097329320268
41.208000,0.5752095551759658,-0.5409981864630512,0.5437993801871788,-0.4404456049373661,0.4567309014484495,-0.3578678839096975,0.34014496339123856,-0.32944748547265623,0.22444195487196167,-0.36127222144309457,0.13594499491979323,-0.4423171970999748,0.08795711858986716,-0.5523043041868679,0.38904247099540545,-0.25727698116589964
41.258000,0.5758194132632565,-0.5409180077337583,0.5442369954350329,-0.44037208922049464,0.4567810870016322,-0.35820479597014687,0.3400975517698425,-0.330187790316228,0.22425268753837385,-0.3614922218107077,0.13424722558679603,-0.4408585674421094,0.08202300944049012,-0.5488985195334719,0.37939000091356434,-0.2700641844876618
41.308000,0.576684974336812,-0.5407580370958409,0.5448181442578278,-0.4403199196847247,0.4568090479090651,-0.35874542023867106,0.3400329259102541,-0.33111686017994224,0.22397594520077102,-0.3616255020474309,0.13214039516382314,-0.438866888294774,0.07505891876960702,-0.5444211636826356,0.3698576442596466,-0.28468607840908566
41.358000,0.5787037959211637,-0.540336264798796,0.5455699400574701,-0.4402526408418756,0.45684291530120263,-0.3594596022933676,0.33996944856628686,-0.3322457680658548,0.22366435633788478,-0.36179446552856737,0.1298459591231107,-0.43661497303854657,0.06765075844101187,-0.5392393220601772,0.3616827870979452,-0.2995379733884168
41.408000,0.5803492435363359,-0.5399890830199274,0.5463503151349534,-0.4402225820734491,0.45672115277868636,-0.36043152207856016,0.3397474465825273,-0.3336518271830591,0.2231433284386793,-0.3619975434612342,0.12710273378877507,-0.4339433854400526,0.05933384514734086,-0.5329755909626132,0.3545295969905568,-0.3151717999309692
41.458000,0.5827225924886309,-0.5395616214760909,0.5471157601364054,-0.44031459660472605,0.45663030792306136,-0.3614959253540461,0.339615329124888,-0.3348971521334745,0.2226273633289193,-0.3616144846894498,0.12412862038902844,-0.4301564254210622,0.05047877184849392,-0.5248965954122308,0.34855766490850637,-0.331820324916011
41.508000,0.5842613984314162,-0.539174447908829,0.5476211134319441,-0.44035199400995806,0.45644007393589936,-0.36233905895159285,0.3394952583793257,-0.3354334811945743,0.22198912596565118,-0.3597708772175666,0.12061046494965127,-0.42397653966725257,0.04043700641424597,-0.5132638094568012,0.3440517964365929,-0.34720912198938325
41.558000,0.5867363699691093,-0.5386468157766567,0.5480302909283813,-0.4405381649239593,0.4561236630906206,-0.36338136509729896,0.3392794197649649,-0.33604233070222633,0.22125269035935713,-0.3577146897296931,0.11699415561921295,-0.41712982192543974,0.030395192934932647,-0.5001997903978458,0.3403215696846469,-0.36368635633124136
41.608000,0.5886317675752152,-0.5381627123272953,0.548432271820005,-0.440717870354617,0.455727262229208,-0.364522193333081,0.33901750887841486,-0.33661460524673786,0.22046915653214272,-0.35522342455329015,0.11327652137961841,-0.4091654208924835,0.020216421474241297,-0.48492700618213325,0.3379148226814511,-0.37888815587814006
41.658000,0.591567847028176,-0.5374579407753745,0.5488007775364835,-0.44092273876363103,0.45521898868900834,-0.36580650352712196,0.33865233330217215,-0.337307120166662,0.2196428271081658,-0.3526933944219328,0.10971359735590075,-0.40081370662035026,0.010667844829393869,-0.46856279448474314,0.3364435715448206,-0.3935361226005695
41.708000,0.5932020944115896,-0.5369748294104345,0.5489167190119253,-0.44129494205567515,0.45471986882912774,-0.36695145938486484,0.3384617574666871,-0.3372184551229778,0.21899067895519653,-0.3484728497890171,0.1062551836086571,-0.3895910706765968,0.0012854622101611257,-0.447740512544118,0.3355415581059421,-0.39944526350899445
41.758000,0.5955283323982328,-0.5363993221274583,0.548766446498272,-0.44178936496950794,0.45403095874473287,-0.368133493783984,0.3381605437263244,-0.3369237689620539,0.21835107795240538,-0.3436833481624575,0.10314377721016993,-0.37725830692172285,-0.006976703588979838,-0.4249393273445534,0.33460686367712633,-0.4157469999579819
41.808000,0.5972056092603255,-0.5359708126882007,0.5487513717350397,-0.4423387203848508,0.45359649913264644,-0.36922545059049466,0.33825221323441657,-0.33612415589334743,0.21826283204484181,-0.3377205273234649,0.10090849403034341,-0.3627796444104411,-0.013620147183741937,-0.39860129068270556,0.3348311355376657,-0.42908453809888525
41.858000,0.599822194715446,-0.5353655923158633,0.5486862581499895,-0.4429959305142528,0.45311615982392095,-0.3704262653231718,0.3383626505202479,-0.3353316488914196,0.21842127235929837,-0.33158120827036164,0.09952208135754675,-0.3477979397267615,-0.018171958353533246,-0.37120975333627626,0.3355160246230052,-0.44185939578228134
41.908000,0.601709354588657,-0.5348223992112281,0.5486922867540025,-0.4436649944962275,0.45274434015234977,-0.37159564218245705,0.33870639022002047,-0.33424131210907054,0.21908949832283636,-0.32466012362030167,0.09927288426894998,-0.3312917898258611,-0.020311946141346016,-0.34126517118528854,0.33669462456813126,-0.45618240998139725
41.958000,0.6043138159935516,-0.5339774686066819,0.5484793265322111,-0.44451247498970253,0.452175723598795,-0.3729190670451865,0.3389367819934674,-0.3332083367092103,0.21994726741081466,-0.31766821382231636,0.09998809886464555,-0.31453805700359655,-0.019956161064054623,-0.3108809392650369,0.3380967940051452,-0.46768712084932207
42.008000,0.6058338929819188,-0.5332321568357252,0.5484211848825177,-0.444830805943672,0.45202096489930466,-0.3733675455425135,0.3398583670241035,-0.3307113427358199,0.2219433224075923,-0.3084393366950678,0.10274208797765583,-0.2946166846208512,-0.015859491523817715,-0.276350175930204,0.3384830529378712,-0.4723936481082147
42.058000,0.6076217232944496,-0.5324094168933199,0.5481412932438112,-0.44533257654859537,0.45187292654222444,-0.3736917950578399,0.3410303929339775,-0.327714270730171,0.22467747763097767,-0.2983544495370938,0.1072656479863291,-0.27356610026788036,-0.008140653393195363,-0.24068167231337723,0.34023816795267414,-0.4840193183208176
42.108000,0.6085738508369792,-0.5317857396914496,0.5474267805692755,-0.4460230475500163,0.4514807185797123,-0.3739511862677184,0.3422673487697073,-0.32422755149769167,0.22810442473042092,-0.28725693107011385,0.1137169769470191,-0.25098694637754093,0.0036203319780108156,-0.20325091421557745,0.3414513269049395,-0.4946162801160049
42.158000,0.6100167553623581,-0.5305109641535783,0.5468511427256616,-0.4462656415789751,0.45127616255810094,-0.37370240594294385,0.3438636648330855,-0.32019955244452425,0.2324149648422527,-0.2757114948295516,0.1221690855980927,-0.22832113600328913,0.01921517617708768,-0.16667300111721783,0.3424278087247988,-0.5020772647728936
42.208000,0.6106181450632472,-0.5299499091570246,0.5460862291247751,-0.44673499826103985,0.45109366944779605,-0.37341096668874085,0.34585758865728233,-0.3157449689096997,0.23789243408682403,-0.263366295782396,0.1332079064736284,-0.20470498247965785,0.03959185788248454,-0.1296314488863834,0.34288630773771145,-0.5057217903733178
42.258000,0.6117860182761422,-0.5288958154059217,0.5454358062733429,-0.447033126464457,0.4510847917906902,-0.3728853951042317,0.34822673317075015,-0.3110774686164788,0.24431236847232385,-0.2510624304251873,0.1462857167692832,-0.18184700182963753,0.06356993431827296,-0.0949096719115039,0.34319875540159583,-0.5122645207076433
42.308000,0.6127924122243036,-0.5281106061763017,0.5449992654690703,-0.44748579667102617,0.4515158560002035,-0.3722471619567249,0.3514691991015761,-0.30598505783150265,0.2524726983363472,-0.23816402248171148,0.16257236855987006,-0.15867861057722804,0.0927336229271738,-0.06109505864483766,0.34336432956277413,-0.517710033799502
42.358000,0.6136943470092959,-0.5273230408455177,0.5444073709989041,-0.4479977732491898,0.45187078661790847,-0.37159763879303853,0.3548669951900612,-0.30095583507347606,0.26135868981785515,-0.2257481438540216,0.18053724530113668,-0.13704699332504355,0.12463136799642838,-0.030865390256447967,0.3440555443144555,-0.5210886953014081
42.408000,0.6137241526795568,-0.527123852821429,0.5435756599119805,-0.4485835789928283,0.4523078582055731,-0.3706721653766225,0.3589056080402426,-0.29533280206601165,0.2718781487286308,-0.21271185238760315,0.20159865458609383,-0.11544524607758672,0.16122522007572038,-0.002440884277536637,0.3444929127845677,-0.5227024505896398
42.458000,0.6139009524108698,-0.5267391125745522,0.54269034752029,-0.4492056286342623,0.4529604076714998,-0.3695279159742437,0.3635863030000559,-0.2894512688530151,0.2837607709555114,-0.19985280662399352,0.22494085028589755,-0.09525731469236043,0.20073247092322205,0.022275465282558637,0.3442996036400801,-0.5286750157985907
42.508000,0.6139814104322328,-0.5264792004824587,0.5421273667905031,-0.44949060871588487,0.45427827891525036,-0.3677438182009912,0.3695499124915317,-0.2827667393904799,0.29793183529884204,-0.18648148081357308,0.25181456435975796,-0.07569701745732876,0.2446864299935746,0.04409108587709076,0.3427288106444156,-0.5318250827215124
42.558000,0.6137878822539012,-0.526529616241012,0.5415553270267659,-0.4499047168579864,0.45588735624656523,-0.3658749674688506,0.37626889423520987,-0.27609244964413016,0.31351559050081523,-0.17380841926590263,0.2806761040776098,-0.05838932148990389,0.290493926071604,0.061208380708730026,0.3428570291799348,-0.5341701491621392
42.608000,0.613746890403752,-0.5264028318119147,0.5411912866473154,-0.45004535479730257,0.45800517611830494,-0.3635579510033847,0.3840697962965405,-0.2690404414583784,0.33101581448230893,-0.16140552605610325,0.31221092210705426,-0.042888117956174865,0.3389664431200763,0.07409111992461404,0.34068410187750314,-0.5354593224178279
42.658000,0.6136645297199795,-0.5263438191220471,0.5410086951452884,-0.4501202026241639,0.4605239495441262,-0.3611134291431074,0.3926134792526327,-0.2621782583251579,0.3496218399836017,-0.15014380401335026,0.3448222173958779,-0.030239827336209057,0.3874756528911675,0.08192382292725642,0.33776341502319873,-0.5354680992829626
42.708000,0.6136088870925992,-0.5262677862174937,0.5410401015229119,-0.449943146235633,0.46363547825304685,-0.3582451402788501,0.4023654914592405,-0.2550657396298508,0.3701504744112655,-0.13947078871676555,0.37969252663906905,-0.01985076848903844,0.43753567270943905,0.08528804666826584,0.3377186143557559,-0.5368403971290386
42.758000,0.6135682506326715,-0.5261441545369798,0.5413022794262481,-0.4495608416741791,0.46724761015332394,-0.35513676657212795,0.4129497527562033,-0.2481239510681803,0.3916858700328063,-0.1300229464512609,0.4151038092136614,-0.012330125410546011,0.48654940644937084,0.08408318609586796,0.3340601170617041,-0.5349183877976341
42.808000,0.6136272261383484,-0.5258308342943767,0.5418379907221316,-0.4488345503701169,0.4715430554096476,-0.35157910286506733,0.4247944821792363,-0.24105955300661025,0.4149595016281179,-0.12146326059967683,0.4520911803494717,-0.007352619399571325,0.535837224277716,0.07859271279459856,0.32996177258470444,-0.5315986159034237
42.858000,0.6129735640728856,-0.524428360748095,0.542502760630864,-0.44702473576307633,0.4763552810383165,-0.34690225605172553,0.4374398354421498,-0.23338755174445736,0.4388959010795125,-0.11339638593408641,0.4887466144008665,-0.004240962886591704,0.5827731730822306,0.07031778081037754,0.3299451417620511,-0.5314004939162855
42.908000,0.6122509997602885,-0.522409951952348,0.5429330400590043,-0.44383306044755644,0.4815841707871713,-0.34070054259303856,0.45119460122391386,-0.2246123258729527,0.4643015898376628,-0.10533027840596698,0.5263925593496238,-0.002642832716226007,0.6291554550509372,0.05932318429277972,0.32528190979290605,-0.5260033873698123
42.958000,0.610497733293983,-0.5181311188912606,0.5432539648001052,-0.4391774895942843,0.487001042223836,-0.3331793353576688,0.46544380358001514,-0.21513152529154095,0.49012347699985515,-0.09769680419961124,0.563550978240729,-0.0027842019899914083,0.6732583261117373,0.04583984370368255,0.32046536930509095,-0.5189850614976481
43.008000,0.6090591826399945,-0.514262675911715,0.5435464094512086,-0.43306467902257784,0.49305125129062405,-0.32420587596880324,0.4808419591077985,-0.2048286034929402,0.5170317818328677,-0.0904157688580432,0.6007968156731599,-0.004488944742987888,0.7156421663744724,0.030303948482929277,0.3154177785234162,-0.5077511984592142
43.058000,0.6067076007063844,-0.506781463114022,0.5439455172284412,-0.42548194707083414,0.4997638472245861,-0.31391143109265385,0.4974264165665814,-0.19393419817864432,0.5451194703677386,-0.08381892849003664,0.6382821708066885,-0.008183544930583597,0.7565351381478089,0.01221831073010704,0.3103811617146315,-0.4948739207802783
43.108000,0.6048338641959204,-0.5008881710410452,0.5445558104057472,-0.4163530854147951,0.5073536531865463,-0.30226540203858154,0.5152806418073242,-0.18252750974672988,0.5741256263572314,-0.07794611660756867,0.6753945179980981,-0.013567458789761067,0.7952435383488007,-0.007549791623550406,0.3052855400499648,-0.47507783972077533
43.158000,0.6015953031653922,-0.49066161778499134,0.5454627173924103,-0.4058597357465213,0.5159257092135636,-0.2895516743415467,0.5342771899641399,-0.17096321304184015,0.6035571623121929,-0.07298216676640956,0.7114067969390692,-0.020366044638962244,0.8311521240779234,-0.02817991857405533,0.30116383406764047,-0.4554781053248995
43.208000,0.5993119124009022,-0.4827746625914718,0.5468696228213528,-0.393763961331046,0.5256121027233644,-0.2756618113118319,0.5545972359182972,-0.15921499060568867,0.6337153287518194,-0.06899122775031896,0.7467732578953693,-0.02876804221674195,0.8648741554264112,-0.05003251963706279,0.30108063660659784,-0.4452545065188231
43.258000,0.5961202061156237,-0.46905308403632834,0.5488706704503379,-0.38024241623794297,0.5365470187547356,-0.2608768952161655,0.5763029099201366,-0.14765380076669155,0.6645292939336155,-0.06631435669627705,0.7813671924793756,-0.0389482195806275,0.8964048892106136,-0.07309976901532811,0.29917287375897944,-0.40721324599331943
43.308000,0.5939482903406165,-0.45879762096213417,0.5516590184511146,-0.36517185071221003,0.5488281206969418,-0.24520524695217094,0.5992132863944563,-0.13629549038201116,0.6955379138115972,-0.06473037213423694,0.8146656894573606,-0.050288313205391344,0.9254310497247916,-0.09645144744150413,0.29966028427062535,-0.3996898756382972
43.358000,0.5911160063581975,-0.441460332666139,0.5553338007505944,-0.3487467902989515,0.5625575835767959,-0.22896441696502257,0.6233919349733378,-0.12552756816956517,0.7267807317267564,-0.06461158748426454,0.8467712741801452,-0.06310502904246651,0.9522087280350193,-0.12040200385294259,0.3045401741217277,-0.32961406875831784
43.408000,0.5895373486181861,-0.4286115471118658,0.5601250036875356,-0.33084117412953146,0.5777586450855987,-0.2121438502720585,0.6486232882280191,-0.11530273115814516,0.7578966763993535,-0.06571113272335494,0.8773739005438057,-0.07690009640435486,0.976652532296514,-0.14430746451597432,0.3159728190610034,-0.28399786311284575
43.458000,0.5879063039873416,-0.4072982124705989,0.5661133279502901,-0.3117068893562047,0.5944922953824284,-0.19511085937516232,0.6748602058694367,-0.10599857647975192,0.78878152268969,-0.0682900420119194,0.9064548805500106,-0.09180558681779688,0.9989165848600552,-0.1682963263529692,0.3190544661728305,-0.273536350086304
43.508000,0.5874278849426745,-0.3917157971918522,0.5735015817110116,-0.29127212969491156,0.6128007254693013,-0.17788969146177833,0.7019923579419654,-0.09760985155518348,0.8192706589328871,-0.07219725401301275,0.9339613568277949,-0.10749659980548237,1.0192146064977052,-0.19194707889734158,0.3305127187328049,-0.23951602589140505
43.558000,0.587895032635373,-0.36630159126279155,0.5823979153121421,-0.2698260762651346,0.6325720090459851,-0.16081891907907983,0.7296585296469345,-0.09029085717335777,0.8489523872928679,-0.0772917985429818,0.9596184898792031,-0.12369237758701546,1.0373335604433263,-0.21512742450850475,0.38465793311786883,-0.14722355140987547
43.608000,0.5890732741948018,-0.34799790428246036,0.5929764374033524,-0.2473826566760956,0.6538191286823868,-0.14395071326767642,0.7577775828695206,-0.08401207962729695,0.8777760554886587,-0.08340663017805933,0.9835320479838123,-0.14011350852021398,1.0536289333364781,-0.23751179733231703,0.41576579640037636,-0.11044133011566282
43.658000,0.5910621002534299,-0.3186269075747309,0.6035091061464969,-0.2240953496335339,0.6738097766926888,-0.12684404773604888,0.7830898962299847,-0.0772672842887005,0.9026258237609806,-0.08781062480793228,1.0033752610016178,-0.15299920429617464,1.0670156865162366,-0.2547336440907605,0.46123362791160166,-0.06485192950397933
43.708000,0.5917902777159614,-0.2978998101557637,0.6124879708880603,-0.1998781142477888,0.6905400578358936,-0.10873058700163765,0.8035548225218849,-0.06838628179049286,0.9219301068020314,-0.08806601938006806,1.0183209045440293,-0.15954198814343096,1.0773646758324347,-0.26401128062711954,0.502556252532792,-0.035000531792160505
43.758000,0.59060951617074,-0.26485121595639727,0.6191700518869448,-0.1746068277546878,0.7036074286367673,-0.08934060110187683,0.819204024348319,-0.05713148655490316,0.936101461339137,-0.08424217125628586,1.0288962257769072,-0.1603285149254272,1.0849373939271143,-0.26643877584471937,0.5469195898966225,-0.009876215514078301
43.808000,0.5870003715904527,-0.24047704847949478,0.6228799773070486,-0.14728577928730108,0.7134526835120134,-0.06856738949997687,0.831052051408532,-0.04468457830993389,0.9460736792324631,-0.07889020844201985,1.0353841496726859,-0.15903782144294515,1.089035059654099,-0.26637644384032033,0.5736981019219751,0.010445576482783492
43.858000,0.5794503443827137,-0.20079658015249063,0.6245669982132973,-0.11795486457748765,0.721273334476094,-0.046906398537559235,0.8403551909137309,-0.03209047914772578,0.9529223883617044,-0.07366722816335913,1.0383770281820874,-0.1579139167224271,1.0894580149521604,-0.2664990574673541,0.6497604135078274,0.0330885832880603
43.908000,0.5741996210522996,-0.17332064819928378,0.6264778600819865,-0.08800462787251374,0.7289803212900758,-0.02560875108330668,0.8488616118079221,-0.020272443556748898,0.958478463128371,-0.06910016010436594,1.0400325426472379,-0.1571281790120989,1.0889036932511718,-0.26672567277268705,0.6706249627834702,0.049856382839532254
43.958000,0.5683634426757718,-0.13411804926368578,0.6289996466999096,-0.0595764710810375,0.736498642391335,-0.0062476241059852,0.8564350117726777,-0.010154962968687897,0.9628404188127593,-0.06563369179585815,1.040763839818925,-0.15689124194130272,1.0880092424798065,-0.267199319279941,0.7313403534214664,0.05722732797253688
44.008000,0.5651718205904254,-0.10876908818897693,0.6324032111940855,-0.0333479086391722,0.7440054001941494,0.01075369456482686,0.8633413080545467,-0.0018534896114984906,0.9665354589294155,-0.0630986300305353,1.0415070282069256,-0.15679635572284592,1.0882645139669418,-0.26731213524900266,0.746569544766389,0.07269612467761324
44.058000,0.5617085835658576,-0.07030888549118303,0.6362429321026124,-0.00804883367180112,0.7511869121849098,0.02641682231709068,0.8693075911069328,0.005262503350239742,0.9691100026858774,-0.06136690939680568,1.0413258848991904,-0.15720461782179287,1.0879587778899102,-0.26777302782803536,0.8013831928750503,0.0734030729027006
44.108000,0.5608058967411044,-0.043427671365699014,0.6415444108576427,0.017624607973174014,0.7590702839726879,0.0418664962771909,0.8753447336554514,0.012197449258971732,0.9715784097827839,-0.059489924657355184,1.041304746932059,-0.15715382744515877,1.0883609674413097,-0.26754274043638615,0.8233938419594735,0.06795477220683366
44.158000,0.56216937843876,-0.0010952772466926535,0.6485996325576615,0.043811611792133026,0.7678559168406917,0.05715097680719648,0.8815665411112921,0.018811781093275595,0.973843964839097,-0.05790117133432418,1.0409261638530578,-0.15739980738252,1.0883065291477463,-0.2676499819154515,0.8412032957707662,0.05930230711555309
44.208000,0.5640929162448622,0.026464100580634965,0.6564269977834533,0.06924502327885154,0.77640798064712,0.07138131704809558,0.8869373633754805,0.02465599678501339,0.9752077659152556,-0.05663567582335442,1.0400360816979133,-0.15761730520604947,1.088371881583016,-0.2674519557015434,0.8511633446640416,0.06461446135813678
44.258000,0.5693665688621627,0.0666722925899154,0.66482307128835,0.09270973543921548,0.7844993605860022,0.0839014563822905,0.89138450798503,0.02935271427499593,0.9756621114157109,-0.05607143664253368,1.0384392500631483,-0.15834084000072518,1.0878681935674808,-0.2676879000620066,0.870385102163074,0.03926797424096478
44.308000,0.5749920142456764,0.09388556189184016,0.6748667745439914,0.11563758543988373,0.7931809764611851,0.09559389254916356,0.8958651153610891,0.03349745450006773,0.9762164860643716,-0.055629742393493636,1.0375074644116045,-0.15879667495058306,1.088918261019945,-0.2672260528520347,0.8770764588746123,0.027933438644080474
44.358000,0.587210318568635,0.1351363696845959,0.6865892520315893,0.13811968619950185,0.8024197404588617,0.10676210417059687,0.9002751345797912,0.03730476588703263,0.9764478562956274,-0.05541910626249372,1.036134995298258,-0.1595221582719358,1.089350412840028,-0.26707735031701996,0.8759306615606275,0.015659442641859103
44.408000,0.5981868551014823,0.16292747902866098,0.7005482907902727,0.16027962185042788,0.812700439855565,0.11759595448179103,0.9051372013471141,0.041075074161747674,0.9770448832857697,-0.054994095076926375,1.0353259794530285,-0.15989077676678032,1.0906357700851868,-0.26638409608882346,0.8710434797993947,0.005202495337031779
44.458000,0.6178462655951662,0.2027435575199215,0.7160481995737802,0.18142718933401086,0.8233122442640355,0.12762733178937996,0.9097141739368175,0.044352446327241946,0.9771056716887299,-0.054936959016430476,1.033837562959937,-0.16067953545928337,1.0910213093371617,-0.26617844119462647,0.8618108881438721,-0.004427542074966942
44.508000,0.6325649242450472,0.2270482290042092,0.7319866959958581,0.1999707293474924,0.8334380782919235,0.13588003555957137,0.9136078323752455,0.04658943958093903,0.9766940509516961,-0.05548959365176784,1.032207886413699,-0.16187668907361655,1.0915155783716568,-0.26619637884798175,0.8595408194309178,-0.0030024111478077903
44.558000,0.6585310727299473,0.2630362240312909,0.7493204901986757,0.2176247856050622,0.8438432016915238,0.14369605633125546,0.9173941616346113,0.04887909428621656,0.976283387546212,-0.05567739318124015,1.0309527881085747,-0.16250087675181046,1.0928278370438487,-0.26531857133429676,0.8354378566558821,-0.01233026550441324
44.608000,0.6774772750139278,0.2848847060762416,0.7673918939460803,0.23349520246977257,0.8541287828304359,0.15056925896194773,0.9209339867053429,0.05088443195586767,0.9759100094632484,-0.0557815744459953,1.0301795599181762,-0.16280874806755757,1.0950235727416682,-0.26378029852087526,0.8183835137036884,-0.008615336521967942
44.658000,0.7077579163846304,0.3141096089243378,0.7857907515705465,0.2473470766465094,0.8639377980390444,0.15628095161502248,0.9237398128807881,0.05224384755657674,0.9747534309643962,-0.05637295947631177,1.028562524013196,-0.16363237167526784,1.0961467476485058,-0.2627906931395427,0.8000302327297717,-0.0008557368820816813
44.708000,0.7286044722003243,0.331105300920827,0.8038639040247292,0.25904116182354114,0.8730025949127624,0.16096037154180987,0.9260379321979375,0.053316268131322564,0.973654396654623,-0.05683214226413069,1.0276727353334343,-0.16398632597331292,1.0985564425481797,-0.26081349184887825,0.7813342852514761,0.012451172065030658
44.758000,0.759951395343578,0.35199527542349995,0.8212322229590858,0.2684330027910956,0.8809566465847933,0.16435133666983756,0.9272309831671923,0.0536323871902708,0.9715677692708676,-0.05787657835957605,1.0258498848612072,-0.16489737973499552,1.0998760292158274,-0.2593438193290263,0.7672800056443344,0.024108665873360358
44.808000,0.780125842083923,0.3632123791193605,0.8371596663198543,0.27540411916058366,0.8875148526200227,0.1664804981563436,0.9275651804128948,0.05336121932340765,0.9693760496442344,-0.05911922881812409,1.0247016145108374,-0.16560435393985806,1.1024428549201928,-0.25701715140068837,0.7513590309685896,0.04456732277729508
44.858000,0.811902010570696,0.3771359941988659,0.8528633562729516,0.2811257877706257,0.8935972845384029,0.1682508698833242,0.927400468986156,0.05311032654088904,0.9666768926937956,-0.060279984071340775,1.0229305670448772,-0.1662777393400371,1.104039351072008,-0.25471622165198216,0.7375664564395848,0.0678196106243632
44.908000,0.8338704790338262,0.384531921145008,0.8690030745597171,0.28556896887063615,0.8999490459801539,0.16962783357843075,0.9276518995337035,0.052869313953563424,0.9646711125658867,-0.061277862386799054,1.02212402401506,-0.1666304274529301,1.1066705835580528,-0.2517883940176804,0.7256742299923414,0.09223741070297548
44.958000,0.8666539178282212,0.3925377644706793,0.8848088102409746,0.2890125593335243,0.9060998290999244,0.17091644374987147,0.9278025881319696,0.0528953005152939,0.9625027910593001,-0.06197809029737383,1.0208745782815858,-0.1668243322731746,1.1083174836225669,-0.249005463352164,0.7184001851293973,0.10982760296121424
45.008000,0.8898769393807255,0.39608810755530766,0.9013701620807067,0.29138961261676954,0.9126283307951985,0.1719188896876936,0.928281584766638,0.05294420481689599,0.9608291425148542,-0.06255755484340769,1.0203748472687522,-0.1667415701497954,1.1108303295793744,-0.2455946342624391,0.7158722639036034,0.1265991756337806
45.058000,0.9170170900127623,0.39727754860600867,0.9146134294142637,0.29191306174750564,0.9166107921040446,0.17192968563945707,0.92690490301309,0.05237203728272394,0.9578396242443904,-0.06357210022470461,1.0188695479483876,-0.16689367789695514,1.1122980001422715,-0.2422005455827861,0.7108641941661944,0.15474492475320192
45.108000,0.93365643280903,0.3966590779710028,0.9247025316230113,0.29165964443984543,0.918410307565234,0.17182472500311902,0.9243440462627429,0.051971520018564366,0.9546293663155024,-0.06414393713207461,1.0179198153710243,-0.16609647049123355,1.114657877043536,-0.23710173384434885,0.7116904057056235,0.18265707153905014
45.158000,0.9567765403117047,0.393972923116638,0.9338221124486993,0.2908461514165205,0.9195776558042659,0.17169458636215432,0.9213186917033349,0.051707217051888466,0.9509534289798226,-0.0645759818486989,1.0162975403414625,-0.16522461378355235,1.1158998012373726,-0.23215285613626202,0.714984607720977,0.21661095979271625
45.208000,0.9718932091297983,0.3910500006566887,0.9428711175241877,0.2895742985564777,0.9209985218167526,0.1715845127399966,0.9188200437637865,0.051604288397095965,0.9480255924162037,-0.06478744639499001,1.0155032057341298,-0.16401834733273452,1.1177870710568847,-0.22677192009665376,0.7190918295016595,0.24727022605986732
45.258000,0.9933391848626728,0.3850340536424868,0.9515227164721919,0.28782324201282494,0.9222891074644912,0.17143855184962142,0.9162200183397925,0.05159212446358524,0.944834103573797,-0.0649464276392322,1.0140969134186368,-0.16293960685287723,1.118578367957513,-0.22196185399275425,0.7243731195287609,0.2684022939944809
45.308000,1.0061288724271398,0.38028751867881594,0.9593843811205539,0.2856353520991497,0.9233792745168534,0.17116425400685661,0.9139005377114409,0.051539199989841966,0.9423107096658497,-0.06504923052331141,1.013554201736291,-0.16161198130023302,1.1201413383632317,-0.21674076058712588,0.7311417625463978,0.2874190974361525
45.358000,1.019506325032025,0.37317860287234406,0.9647120405058188,0.28352656950358196,0.9231119876723195,0.1709679820735237,0.9110565612369876,0.05157507318249149,0.9397694866573324,-0.064939165920743,1.013133103702545,-0.15990115670675892,1.1216461122587194,-0.2111351978716683,0.7376655763079257,0.30374663084691733
45.408000,1.0258726514078838,0.3683976974223942,0.9665905664154267,0.2814848448031542,0.9204382307551445,0.1707149846736919,0.906936667387567,0.0514769547225421,0.9370789330239526,-0.06467571990144377,1.0133869088941203,-0.1572883152575717,1.1240651750401398,-0.2036598733822551,0.739789382558658,0.3154634531758438
45.458000,1.0346782732797195,0.36087373435240777,0.9682001238140078,0.2794745701674371,0.9177767473630526,0.1705824992564417,0.9028389537503334,0.051515869498210076,0.9341802558667334,-0.0643190249923904,1.0129888028491671,-0.15481329510115205,1.1253542095910047,-0.19693235691099542,0.7411140517643277,0.32559272472501033
45.508000,1.0399962561566407,0.3557434649636381,0.9696924475875939,0.2774294146807814,0.9154201725250233,0.17040362265132408,0.8993360182727343,0.051486424643682804,0.9320110026213405,-0.06397935122873033,1.0132272349021556,-0.15231917018999297,1.127030943043809,-0.19038117241280528,0.7422855865922399,0.3334957850505436
45.558000,1.0471642172770463,0.348026279402247,0.971085563497387,0.27541487087287686,0.9132274963959163,0.1702842660459203,0.8959979015280715,0.051527619660591883,0.9297685579323379,-0.06362246833774615,1.0129764409498727,-0.15008892543956248,1.127857900296858,-0.18476240663639215,0.7412533779222196,0.33491249263826506
45.608000,1.0514188297618627,0.34294871760503626,0.9723476026737792,0.27344452047818746,0.9113099042779241,0.17012753555055501,0.893207233084332,0.05150083832072949,0.9281713961764674,-0.06329248595932857,1.0132552866308528,-0.14791359198581672,1.1290241821285087,-0.17949781012166366,0.7415973409418843,0.3390437226884261
45.658000,1.05704896391905,0.3355519928003682,0.9735082686764768,0.2715538121486631,0.9095495395727117,0.17001918272878888,0.8905812572674092,0.05152781483058988,0.9265054488639304,-0.06296870240088076,1.0130839857962335,-0.14605995911698666,1.1294799236768127,-0.17524875225579728,0.7398383336704837,0.33759510748660904
45.708000,1.060322085008693,0.3308452443693209,0.9745370003332513,0.2697669438012873,0.908044707756045,0.16987312503442292,0.8884636279395179,0.05148148127009816,0.9254059234756179,-0.06269061164460421,1.0133408001827766,-0.14434511218497098,1.1302209618950299,-0.17153017790344094,0.731837237963457,0.3210535212863649
45.758000,1.0645539548606608,0.3242326920965133,0.975459376284522,0.26811490911291624,0.9066882930298497,0.16977601493579558,0.8865132305220571,0.051484143478764954,0.9242507061414553,-0.0624275896038079,1.013196280197651,-0.14297996297550808,1.1303737842190658,-0.16885335763703901,0.7261292976743149,0.3033469914671907
45.808000,1.0669498969269406,0.32019339598538255,0.9762505970265869,0.2666341023988925,0.9055701785033576,0.1696584434045803,0.8850364685036436,0.05142830023606498,0.9235912127243592,-0.062209421045537616,1.0133896494344377,-0.14180992835815492,1.130750848587548,-0.1668368924837531,0.7250969847074622,0.29825672516419327
45.858000,1.0699230757849956,0.31483175875518893,0.9769274579174664,0.265352568841606,0.9045951943812206,0.16960266726607925,0.8837439626716804,0.05142810936043246,0.922916761861282,-0.06199804196125863,1.0132617999832318,-0.1409776221497061,1.1306628868817594,-0.16581680078033634,0.7233277896700082,0.28741215696754285
45.908000,1.071302116622738,0.3119135854193774,0.9773171005344048,0.2643985498297803,0.9037725804149405,0.1695765926658528,0.882930815710333,0.051400364751784666,0.9228149834772067,-0.06177760643317637,1.0136010626062035,-0.14024981703274814,1.1309542629074216,-0.16531426155206846,0.7222628396405459,0.27745747627241796
45.958000,1.0725473764448104,0.3084735343114219,0.9773208179403333,0.2637424226554627,0.9028888199510902,0.16961549943298995,0.8822033375113092,0.051411815834577934,0.9227055482210711,-0.061546454901220904,1.0137154198813392,-0.13975900670962,1.1309060065647727,-0.1655730802508616,0.7213833848913208,0.26366133971206235
46.008000,1.07292745274918,0.3068975718896355,0.9770451839919753,0.26346015160162267,0.9021350932174803,0.16971326738589565,0.881898645367453,0.05143188179030361,0.9230646702843907,-0.0612861664208772,1.0141585917390363,-0.13940080956808,1.1310739713334572,-0.16643401164057742,0.7236410883766868,0.22915235522335592
46.058000,1.0730345550422564,0.30527841375457515,0.9765632822261909,0.26341023725536084,0.901440622024715,0.16983360596178643,0.8817413603978063,0.05146156918217104,0.9234291915351949,-0.06106453772222947,1.014367215044031,-0.13936061604232358,1.130862499730924,-0.1681503476444023,0.7224709324942882,0.2339169237744766
46.108000,1.0732874114699413,0.30443791489850663,0.976236375142477,0.26348565135631813,0.9010713140947043,0.16994307496630293,0.8818906425549042,0.051485901948872204,0.9238393680407313,-0.06094320651559393,1.0142631615723108,-0.13983260734585168,1.1301025483235696,-0.17115730171130877,0.7253896755905769,0.21681636744087968
46.158000,1.0732864753865634,0.3040252293753778,0.9760168981492431,0.26370995701080213,0.9009660974431157,0.17007568276590207,0.8822613903317775,0.0515424218984179,0.9242167142081881,-0.06088422440229452,1.0138087699179053,-0.1407169467265828,1.1287554525422925,-0.1751735883744342,0.7297677617943609,0.20068579516840307
46.208000,1.073232831243657,0.30411178136106026,0.9757914538807977,0.26407840372561997,0.9011042143138178,0.17015387952738648,0.8829424726420433,0.051536211621430184,0.9247186113939361,-0.060957140319840564,1.0131542010363026,-0.14206907831053933,1.126893983419187,-0.18032168480335403,0.7361917415258743,0.18327381342297333
46.258000,1.0731043357465035,0.30467947235217,0.9756865622800215,0.2644688333677348,0.9014431644160916,0.17019307893628932,0.8836913656285649,0.05151336862400735,0.9249617856586022,-0.061166498391108826,1.0118588490090863,-0.14392458186977536,1.1240302258854087,-0.1865576935280866,0.7442792457352618,0.16649151726599154
46.308000,1.072882009257004,0.3055283618698481,0.9756051986651435,0.2650195991061554,0.9020204697802767,0.1702288417774968,0.8846875488933921,0.05148723216431611,0.9252067395162012,-0.061464948829556,1.0101648713247608,-0.1462123136239813,1.1202942115548002,-0.19387286775941082,0.7664164417126496,0.13335835940627794
46.358000,1.0723115963292298,0.3075154179770324,0.9755019931022624,0.2657361060244163,0.9027925894301292,0.1702722771799645,0.8859231859296618,0.051463930564339844,0.925547903300728,-0.06180513746953736,1.008299027431046,-0.14870882815738273,1.115975697018511,-0.20167801567759913,0.766767674589995,0.1330247134147367
46.408000,1.0720984222876229,0.30856292921762146,0.9755102228392611,0.26638843432808273,0.9036304786883441,0.17029836001874885,0.8868960911364433,0.05147092096397521,0.9250557622286193,-0.06230007489983719,1.0049080149571468,-0.1518747238312927,1.1093435087042243,-0.21097825708375878,0.7806779549413994,0.117715070633225
46.458000,1.0714880795035535,0.3106260714847772,0.9755250704886899,0.2668962039822648,0.9044547602507305,0.17020592007202875,0.8876187165103822,0.051392841536398504,0.9239139990292247,-0.06298658173029448,1.0003621427224063,-0.15548350776477993,1.1008646151258101,-0.22105219724980463,0.7959853041308222,0.1038771447638917
46.508000,1.0710474286652507,0.31220120871525125,0.9755980458251049,0.26745651760267064,0.9054275636945222,0.1701112381199922,0.888327850573662,0.051335820582594394,0.922340614104087,-0.06374298683659285,0.9947441542845034,-0.15943900226744678,1.0903811469728772,-0.23192048700336798,0.8133496929708146,0.09087259952105275
46.558000,1.0702621600676956,0.3148591867999073,0.9756974312940243,0.26804516262836675,0.9064910893274238,0.17001209559686997,0.8890123872508073,0.05129185733179242,0.9204724108355856,-0.0645108495279566,0.9883924039031159,-0.16343948310644257,1.0784084733536807,-0.24279379767515896,0.8318003185379056,0.07970159597601284
46.608000,1.0697768910712813,0.3167448376207379,0.975973145016912,0.2685745362437149,0.9077500577529286,0.16985467824052042,0.8896439679247216,0.051228502751580196,0.9180460486180441,-0.0653618991359241,0.9807145671939317,-0.16769789856673634,1.0639518007743418,-0.2541361016130732,0.8518531138256132,0.07004615686893212
46.658000,1.0688482770550174,0.31964809832210533,0.9762073916199785,0.26909193990837826,0.9091057687529926,0.16960640222265874,0.8903656650470614,0.05107873240210187,0.9155626789074233,-0.06624607525817366,0.9726284568070974,-0.17180883854478335,1.048353347414838,-0.26489880010050304,0.8680739176609368,0.06399181621442124
46.708000,1.0680076351528132,0.3215002416682593,0.9764171707550585,0.2693941678339522,0.9101089725379656,0.16937805496418448,0.8900811996235782,0.051061157147018754,0.9111661440113031,-0.06707192509523113,0.9614564113285771,-0.17602553453379316,1.0280781345370766,-0.27583307928478623,0.8719473777594585,0.06239633868335048
46.758000,1.0673851171220337,0.3238902227425283,0.9770175035101419,0.26952036150555264,0.911330492994022,0.16909518214571845,0.8896714430445343,0.051066009670073687,0.9061764377280073,-0.06779350888228508,0.9490323109326138,-0.17987996717172644,1.0055325268771835,-0.28574651334291773,0.8905757778328698,0.05727835940510545
46.808000,1.0667278498822372,0.3255119842715656,0.9773438092214641,0.26958449384939653,0.9122330042701841,0.1687847761980245,0.8886472032329622,0.05112547996762673,0.9000222870030125,-0.0683341679023724,0.9345671079143171,-0.18325438086861118,0.9796081856892033,-0.2944807325703392,0.9129853532877183,0.052593013729448246
46.858000,1.0659164200458755,0.3280589712203198,0.9779411160398321,0.2695994935773173,0.9134161876446131,0.16842373751099549,0.8878073742059893,0.05118812571037512,0.8938616458116745,-0.06865905112464493,0.9197313400496644,-0.18583737215730395,0.9526736925770793,-0.30122715251050275,0.9312283223084845,0.050674566177127456
46.908000,1.0653174217497103,0.3298366770880349,0.9787825678185103,0.26954547428116116,0.9148058943493329,0.1680221505972993,0.8869080614921662,0.05131006501112928,0.887146737059537,-0.06868969763019173,0.9035602373090923,-0.18756188533428708,0.9232852720175448,-0.3059296301203993,0.9514082001758086,0.049751174458443015
46.958000,1.0640123455715518,0.3324792055593614,0.9795375246821225,0.2694208165337103,0.9161437572996093,0.16753249405732684,0.8859226218906205,0.051400315163656674,0.8802645058934466,-0.06846621779430673,0.8870540385810908,-0.1882739898538996,0.8933171743821482,-0.30811043310025726,0.956796019244758,0.04916012077434828
47.008000,1.0630742809447147,0.3340119640739298,0.9798964044495945,0.2693467469219962,0.9167514718017502,0.16730402312015324,0.8836316768672607,0.05196504799250029,0.8713059851809348,-0.06740026239730129,0.8675076445584924,-0.18734013320144993,0.8592308490621912,-0.3070543539787346,0.9761434372288307,0.05009456420243491
47.058000,1.0613682208867947,0.3360932986699692,0.9800671134801544,0.2691003996539729,0.9169705173323516,0.16702778062927526,0.8806954406410358,0.05264194754213497,0.8614503809297673,-0.0658047817360925,0.8468509200102032,-0.1849133697591991,0.8240129020107292,-0.30272009679062,0.9935255450163096,0.052090418050051324
47.108000,1.0603283497766605,0.33727695556393666,0.9802679682311384,0.26881751544115295,0.9168858232248416,0.16692196257253783,0.8769290679634972,0.053769597555340776,0.8501101728998999,-0.06319512733027455,0.8240089001901894,-0.18032208222509505,0.7861095336638884,-0.2941800552305238,1.0075490189483869,0.05489318690305783
47.158000,1.0589838772948288,0.33874332886834607,0.9806375621823159,0.26837068941873266,0.9167792717075883,0.1667728610086469,0.8729503976275185,0.055063283098454374,0.8384569397088879,-0.05987235698248655,0.8009664724609559,-0.17386562373772851,0.7486310895429976,-0.2818517695844557,1.0222400060016763,0.058108935739868806
47.208000,1.0581715149453619,0.33946270207166335,0.9810345135349828,0.26775807099484594,0.9164272525414832,0.16663486976526762,0.8683250748381763,0.05669770361933041,0.8257314926107362,-0.05548868928566586,0.776588990789279,-0.16496478035000722,0.7101170036379958,-0.26487211203372124,1.0338745846135877,0.06137684912687885
47.258000,1.0575582308718943,0.3401157596463261,0.9818273188347504,0.26693300439047973,0.9162763890315171,0.16641894765248813,0.8637664711643358,0.058517564317627724,0.8131354966011277,-0.05027813603295661,0.7528213913845023,-0.154019201729785,0.6735059288221941,-0.24406950655173165,1.0444557636014435,0.06441068718301757
47.308000,1.0570902966177604,0.34053673339581975,0.9824958750125802,0.2661573695386081,0.9156385239666771,0.16650750947285198,0.8582925286120455,0.061096709187556664,0.799302488072519,-0.04340293252065636,0.7279039244065659,-0.13985107976278194,0.6367373318839089,-0.2178808971905306,1.0480274035267452,0.0646719575217044
47.358000,1.0565953957422196,0.3408113154211769,0.9831802760430463,0.2653143706719411,0.9147205420091254,0.16675847376057207,0.8523698969315656,0.06422849249454532,0.785179111457343,-0.035196848074932174,0.7034888540403237,-0.12309850814538004,0.6023113568214427,-0.18762070631409222,1.064832112804773,0.07004154115520017
47.408000,1.0563135828416035,0.3410207729036962,0.9836620634559006,0.2647499094519312,0.913267921928884,0.16756624395943634,0.8456076729760664,0.06845978245739737,0.7701812045789563,-0.024872140618852512,0.6788215936144829,-0.1026758775742691,0.569392134039961,-0.15192212997446353,1.0713926253467418,0.07212189184042445
47.458000,1.0561007881346598,0.34104288995756515,0.9841636043184467,0.26411054319632343,0.9116834076283266,0.16847257433584256,0.838777886234346,0.07315843608621747,0.7556388244017014,-0.01337419589493255,0.6559191171883128,-0.0801273231121244,0.5406173059306705,-0.11337626776765819,1.0768432333614237,0.07359236375257477
47.508000,1.0559693105316914,0.3410483778693773,0.9846523509445889,0.26355155841445227,0.9098565603148298,0.16971345472480365,0.8316014872675481,0.0787401424713487,0.7410696067866356,-2.5196457584919507e-05,0.6341325327844638,-0.05447207151808653,0.5152391997474176,-0.0707316951097211,1.0786260690831582,0.07372595240386726
47.558000,1.0559732280231977,0.34089081389310616,0.9849910483801799,0.2631267142405808,0.907701995672618,0.17133127681819957,0.8243173444719305,0.08503527491695917,0.7272451736856,0.014487463761478137,0.6147819408105959,-0.027369689167282996,0.4947821878072328,-0.027126216116705626,1.0849726819615837,0.07427146297315729
47.608000,1.0558240772644956,0.3408397132021965,0.9850989534928776,0.26279197646696467,0.9052141635643939,0.17324634375334746,0.8167393992123664,0.09217713829990043,0.7136476662721379,0.030759758028672257,0.5970281626383456,0.002477407132611187,0.47825775085215205,0.019611854428570386,1.087009767248006,0.07330918218578131
47.658000,1.0556485852183985,0.3407819464689326,0.9850686309294322,0.26260010899092473,0.9025051795531189,0.1755180988118345,0.8092130391519335,0.10004243028637189,0.7009893731648276,0.048199994769593524,0.5818778582385686,0.03362443262017417,0.46656736917381414,0.06684326931935936,1.088165006787452,0.07178987609741622
47.708000,1.0555977641426593,0.3407507875746792,0.9850650416134742,0.26251977155594963,0.8996744106960405,0.1782082056143625,0.8016542577586978,0.10898357402892234,0.6890037830059822,0.06763299316253313,0.5690038770594406,0.06748275062138825,0.45950354527864345,0.11657121504935092,1.0884218993024084,0.07176372556891197
47.758000,1.0554988043428029,0.34070902789254026,0.9847809595418495,0.2626811571257621,0.8964797442924545,0.1814229551675602,0.7941129000484741,0.11880483319373666,0.678089228618033,0.08816976068197291,0.5588943000007478,0.10204668368097705,0.45702206645255505,0.1654663023482507,1.0875078481261724,0.06636834532892344
47.808000,1.0552243365108822,0.3407256026036049,0.984116619132863,0.26309742536237296,0.8927405760365743,0.18531298766586854,0.7862959064327952,0.1299096275460804,0.6678696079424675,0.11053924227752615,0.5511461397739631,0.13838941244477043,0.45873642760805144,0.21494295643339187,1.084967721123369,0.06250694746210211
47.858000,1.0535581429606686,0.3401330663198834,0.9823128987464993,0.26350330177856973,0.8878467262858352,0.18950234056435272,0.7778093923189214,0.14162974784777838,0.6580825284343794,0.13353789614075565,0.5453222514131799,0.17458810838482863,0.4635693759521067,0.2624315335949393,1.083902132400844,0.06237469844030935
47.908000,1.051650630563078,0.3392034227764524,0.9791184910683166,0.26355929692273095,0.8813798344011174,0.1939377844938341,0.7681086752683057,0.15431904513091255,0.6481646942722376,0.15798529973399283,0.5409650458635411,0.21191335719067592,0.47127193412977164,0.30960097245924845,1.083148989589516,0.06228517398060579
47.958000,1.0475384505214052,0.33709037009656995,0.9745997069947698,0.263386319560329,0.8735744128462295,0.198626069852651,0.7576360725945832,0.16766962852465928,0.638623053749823,0.18302870875287114,0.538296609419614,0.24886642262613223,0.4813691019292914,0.3545038160573375,1.0680175785265642,0.04774723206082726
48.008000,1.0439263659952402,0.3352520158721191,0.9686015710991738,0.2630689465973929,0.8642307988407998,0.20385119673984897,0.7461924156314432,0.1822424001671319,0.6293328017187307,0.2095156587948017,0.5373210219023815,0.2865470314622266,0.4940275192880985,0.3984651829452952,1.057204420099616,0.04161406720631672
48.058000,1.0371304610667722,0.3319392066175034,0.9612053441974399,0.2627263524695303,0.8536035490892881,0.2096052296509816,0.7341965674690294,0.19768999820802696,0.6206704081270542,0.2365720139101541,0.5380129705432617,0.32356481827971917,0.508517353273035,0.4398833832719351,1.0435937187916575,0.0352775122828331
48.108000,1.0317743888107238,0.3292961767345507,0.9523081812537394,0.26246167017877986,0.8415583132165507,0.21626138089672792,0.7215694639798466,0.2146255145050363,0.6126458785101037,0.2649807776700286,0.54045227825114,0.3608352719916248,0.5249905584301121,0.4798349998071795,1.0266321785272652,0.02885274959834866
48.158000,1.0219232926651607,0.32521351804603443,0.9418850123070198,0.2624292977239394,0.8283315172712181,0.22362718740563145,0.7086579003333988,0.23247170033852327,0.6055044649426031,0.2937853918525477,0.5445585392759156,0.3971565393968727,0.5429273747348033,0.5171454526440549,1.0066876806988063,0.02303132699295618
48.208000,1.0142952192361168,0.32229999833809575,0.9298672866643335,0.26275183466716484,0.8138422170700796,0.23212205788625212,0.695473229496891,0.251839633317787,0.5993478544869503,0.3236721627121937,0.5504562286777989,0.4332605239817094,0.5624614394476067,0.5526584926175805,0.9831914599598139,0.01809757592262151
48.258000,1.0011479988485585,0.317784152175124,0.9163814255551559,0.2635501740431391,0.7983904177016913,0.24168417153413832,0.6823616114795545,0.27229979053271247,0.5942920017514742,0.35380895469444107,0.5577827902526247,0.46812027292554304,0.582733937264851,0.5854976142771611,0.9567743470426509,0.014785680602714568
48.308000,0.9911826232185134,0.31476717559277717,0.9012905875578839,0.2650091084463419,0.781932395617797,0.2526146735341182,0.6693864817378186,0.29424900154503325,0.5904882507731182,0.3846650905482677,0.5667574989518688,0.5022952372709437,0.6040608370383213,0.616349877543086,0.9417151752358861,0.014760324582404838
48.358000,0.9743308054602668,0.3104038212042039,0.8847629800241319,0.2672425852243587,0.7647874723590908,0.2648182171591373,0.6568422186819569,0.3172378910285846,0.5879435057881515,0.415487406862389,0.5769544508040233,0.5349831836520137,0.6256851675056658,0.644643191174101,0.8760791890883645,0.017218898538842342
48.408000,0.9617725914369699,0.30771374251244404,0.8666914185011504,0.2704673470519778,0.7469652457574476,0.27856941840102456,0.6448298441404823,0.34156433674005565,0.5867972127158547,0.4465986820273632,0.5885287881122512,0.5665861882379957,0.6478191825359481,0.6709157100862362,0.8393683409326201,0.02362319100804866
48.458000,0.9408699415120707,0.3042157043410105,0.8472908131217918,0.2747771603852115,0.7287961523255637,0.29372486111080987,0.63358541133675,0.3667653622068524,0.586976938024083,0.4773440681834664,0.6010677299131479,0.5965139032254729,0.6698904871411119,0.6948166401534992,0.8013160343745164,0.034081716994587175
48.508000,0.925521803483453,0.30237454079141546,0.8264941392289351,0.2804120395540983,0.7103312454075053,0.3105148982062456,0.6232090298090797,0.3930359230982176,0.5885601165240261,0.5079247946574981,0.6146161383380003,0.6250618243587402,0.6919674023644705,0.71680484563833,0.749980285596791,0.05361246824147298
48.558000,0.900340668499148,0.30059443162743005,0.8045627437024283,0.28742814894220076,0.6918974420544455,0.32873831481658367,0.613875457736304,0.41991161114319275,0.5914331652934203,0.5377943643766835,0.6288434001397618,0.6518139869367569,0.7137128437781115,0.7366501675233259,0.7104302672533849,0.07470381247167057
48.608000,0.8821769119257917,0.3002228018379059,0.7815280145414765,0.2957981784463954,0.6734759064047766,0.3479972390425161,0.6052834440971278,0.44673825424496033,0.5948850397699769,0.5662868769257843,0.642667453253735,0.6763634001212926,0.7338289360561411,0.7543991871120803,0.6850134972340076,0.08725424065761961
48.658000,0.8538409120413318,0.30005032086323324,0.7581352907858511,0.30318879951530453,0.6545850624384737,0.36382995888059594,0.5947663152658891,0.46785744316133215,0.5937856392342844,0.587853435895962,0.6489425201595311,0.6944260331433065,0.7439922740747826,0.7676759087656719,0.6586675416860059,0.10178420906029284
48.708000,0.8333798409586538,0.2970438548007657,0.7336565804136373,0.3069396584015001,0.6341726653412949,0.3740436869078837,0.5811769949086479,0.4817073247534728,0.5872236825863141,0.6015548844511367,0.6472565925452047,0.7054589253680758,0.7443340793866988,0.7759994211578656,0.6178738564710926,0.1275868729192995
48.758000,0.7990436207359115,0.2859111983359903,0.7066173573148625,0.30565668473357654,0.6122075493693468,0.3797295418646669,0.566933266167573,0.49086117228242,0.5804509198002029,0.6100973791902715,0.6453980255062981,0.7110026489121246,0.7443914856570918,0.7788281223366622,0.5483727982934012,0.23104770204813818
48.808000,0.7746480035888224,0.277050133317238,0.6780784850783015,0.3026617459775719,0.5896682730842587,0.38380134429480484,0.5527308566276099,0.49797501579776215,0.5738519686152316,0.616101636955948,0.6435582571650722,0.7137798501568401,0.7443016991462141,0.7789776944137609,0.5262894428794103,0.25481262524357556
48.858000,0.7368372810074535,0.2644655140254088,0.6491025849066687,0.30011121403981966,0.5676047677640134,0.38819132417220337,0.5394745897040079,0.5048476273952022,0.5681399716386806,0.621373572476789,0.6422827564851658,0.7157284740641836,0.7444873907743882,0.7786110052503492,0.4852548352242907,0.2887509460120208
48.908000,0.7109033052324376,0.25623150020278246,0.6199458703528645,0.2982675755306801,0.5462283772954757,0.39295512070788896,0.5272161131730606,0.5114394395477713,0.5632026388095547,0.6259163803374916,0.6413563277876401,0.7169768047726564,0.7446805422190508,0.7780022642898093,0.4742504345112477,0.3601037813561243
48.958000,0.6712086305764788,0.24551381764692307,0.5911129385666413,0.2974557569092903,0.5258407348392249,0.3981510369310618,0.516012697350382,0.5177479000918795,0.5589740995927668,0.6297939527532241,0.640743670318968,0.7176218372959066,0.7449484998230849,0.7771311097491579,0.46268109012802483,0.3882741326320426
49.008000,0.6438797673847372,0.23921399112630584,0.5622438987790179,0.2978690036615279,0.5061993138481624,0.40397745996037987,0.5056806892773817,0.5239763392362145,0.5552789303614409,0.6332467125358041,0.6402260325974024,0.7180051328945082,0.7449775679009162,0.7765467065962912,0.4475479214316462,0.42164191308195986
49.058000,0.60220390170034,0.23192360528211464,0.5333959497431512,0.2992785690220223,0.48729749463416044,0.41007086313838564,0.4961998538155352,0.5297401908728891,0.5522222665129839,0.6358603551932785,0.6401361092498568,0.7175375016617422,0.7453331634809329,0.7752746628412734,0.4451826128476524,0.44716204813636673
49.108000,0.5737915524424089,0.22838690851735743,0.5052243310170018,0.30248132615431866,0.46943536975592703,0.4170201852751888,0.4875619443068948,0.535643232333236,0.5496327038731769,0.6383428954601854,0.6402634167769046,0.716994493527539,0.7458253366876351,0.7740618315123531,0.4326637036671659,0.45877267190294146
49.158000,0.5300236279682787,0.22508867094709611,0.47710533647952913,0.30657878777282477,0.4522464510668246,0.4239757034615847,0.4795129665600192,0.540836890908285,0.547195232148152,0.639928318007228,0.6400825602943884,0.715901630886473,0.7456155043540729,0.773022535273755,0.4479804580862034,0.4946999312734033
49.208000,0.5008436732246143,0.22546845621784808,0.44993632237004594,0.3130342688191351,0.4364689615580561,0.43227616661578316,0.4726260203734114,0.5466993596220124,0.5453777049348476,0.6421309706989305,0.6399941495357362,0.7159396992366676,0.7450112287846934,0.7740035697729938,0.45325841083183477,0.514148781591341
49.258000,0.4566605384369562,0.22893014106280712,0.42311467691552684,0.32127042866795247,0.4213811424643039,0.44125790658936603,0.4663109430777615,0.5525292551783947,0.5439663086330262,0.6440150147281408,0.6402830639200612,0.7155907274431259,0.7448186304196616,0.774517082634249,0.4634767571422752,0.52451653369576
49.308000,0.42955967214396307,0.2321255437527869,0.39889935179835706,0.32978202184924554,0.4085296964095227,0.44939496622642383,0.4614040614480946,0.5571182298316665,0.5431482336639656,0.6449697540570415,0.6405394421194207,0.7150764763845926,0.7440326466613574,0.7758149042003725,0.4728740595921554,0.5333078225666973
49.358000,0.38912300559120555,0.23990536740400106,0.3765941135910788,0.33887891421571714,0.397313870704672,0.45707659467149675,0.4575993631611352,0.5608342902862349,0.543017647258104,0.645117839938137,0.6412610305337877,0.714025297027552,0.7435265067109839,0.7768088329444428,0.4835229221903835,0.536031527306405
49.408000,0.36129976461893204,0.247750882081539,0.3541746479658703,0.35003506469682955,0.38618820848454266,0.4656859701965595,0.453729372831118,0.5648736262768825,0.5426493841152823,0.645454216949964,0.6416301529435382,0.7132982100677221,0.7424760381089516,0.7783374862414187,0.49344449000165946,0.5337058284321862
49.458000,0.32070974937187174,0.2628985125524613,0.3321623055161513,0.3629712305245536,0.37548152585149897,0.4748794301769905,0.45012953005028206,0.5688351403231633,0.5425313953026865,0.6453981555317398,0.6423729384061658,0.7119689169114786,0.7419271685871915,0.7789685829779972,0.5027584703031561,0.5260212069676004
49.508000,0.29455801719816116,0.27524682848221715,0.3123713527799908,0.37672254115325954,0.36644224616159327,0.48385021490515234,0.4475308817961012,0.5723071714969564,0.5429114364501129,0.6451257803391421,0.6432363126478124,0.7109658837405238,0.7410350152002622,0.780503023306241,0.501852303885493,0.5234635772689242
49.558000,0.2584790815898635,0.29584570828190004,0.29414953998576515,0.39124964793809275,0.3583064488213679,0.4926591694270193,0.4453482719244252,0.5752649865972974,0.5435498247186019,0.6442320441522977,0.6444369349652493,0.7092073547318467,0.7406365892895593,0.780940377162037,0.5152566376694827,0.5027434706802099
49.608000,0.23672045502629513,0.31066562978533374,0.2779623860723272,0.4059958512215092,0.35149653782470686,0.5008258492016887,0.4437641069988931,0.5775506540465187,0.544201734213072,0.6432186297938859,0.6450780253408182,0.7082107361401913,0.738850328844347,0.7830890046537817,0.5143928410502332,0.4856812248783863
49.658000,0.20782876731983332,0.3336686228915907,0.26405802873101225,0.4201609368542829,0.3458814921904688,0.5079386105021904,0.44271807891732284,0.5788094464978308,0.5451499749690606,0.6413210935994167,0.6460090331000803,0.7063399367958828,0.7374251946424828,0.7840772211234621,0.5126606059583321,0.4703881122208052
49.708000,0.18989946922313236,0.35103454357179437,0.2521179701398849,0.43466324351735874,0.34154325930226975,0.514682726508522,0.44251448667423954,0.5795272424107802,0.5467590936886102,0.6389668075827746,0.6475107273015928,0.7041519924327562,0.7364053298140836,0.7847606125927793,0.5059382387425799,0.46290529015343274
49.758000,0.16893484098441952,0.3727325813552121,0.2425156367592649,0.4474800313242647,0.338517557212857,0.5194774702033196,0.44290613056658695,0.5786638196132983,0.5484640481271339,0.6357385382880769,0.6485752063380321,0.7019031493841594,0.7341430618930846,0.7860348225676113,0.496228816750687,0.4352768416647099
49.808000,0.1575516446949013,0.38625616054767725,0.23631196954156325,0.45578179700601823,0.3376026612355111,0.5201261501083778,0.44450190272683465,0.5746472667430881,0.5506259488945748,0.6306623255941888,0.6491623142607366,0.6991501690313389,0.7300121102470183,0.7878254779772911,0.48129695255550203,0.4161868437642868
49.858000,0.14241778759996238,0.4104585523220993,0.23041990824814784,0.4664240167417272,0.33622199713322554,0.523044843077316,0.44531335393417604,0.5730356007249607,0.5519379444227112,0.6280919054382081,0.6488875021614857,0.6988081217744173,0.7250099199283951,0.7915732957507735,0.4696265356572451,0.4026795204966141
49.908000,0.13382770502132235,0.4274908968865985,0.2256632369815279,0.47851304235852987,0.3354863289311282,0.5268750983104393,0.44668705612783466,0.5719794023217457,0.5539780580914901,0.6257254802470174,0.6496136688283203,0.6982087881976324,0.7213794224711471,0.7943840258475358,0.45708361139623976,0.3946993171501425
49.958000,0.12367113251782025,0.45180852847234254,0.2220180227128958,0.48906852865868633,0.3350867789057981,0.5292612689603005,0.4480143088130958,0.5698491118323006,0.5557252921776042,0.6227484886022354,0.6497002923052366,0.6973722070216989,0.7165966054126407,0.7969959155020003,0.4372243046106151,0.3716945977902323
50.008000,0.11679005271688879,0.4723148541831913,0.21793531992325343,0.5017621207404815,0.3337300894628782,0.5332513465923467,0.4482855745530938,0.5689870546895871,0.5565353291226294,0.6207749937593507,0.6490263642563878,0.6972302644577542,0.711286162804305,0.7998154363059942,0.41832472352810274,0.35903737686326265
50.058000,0.1121729832968747,0.4974921100457462,0.21559401865661348,0.5144666925144628,0.33347064983576263,0.5369411184614069,0.4495097181465221,0.5675178191574656,0.5584609834535861,0.6178131647471806,0.6498330618852431,0.6956022596312084,0.7080682902711501,0.8005244125532157,0.39616458298270674,0.3456172543173211
50.108000,0.11026436856862568,0.5114104568173142,0.21518611226766027,0.5218958252811328,0.33422148127712936,0.5370807166136159,0.4511280067713248,0.5641521830843302,0.5600999657170525,0.614402677246372,0.6494006222393578,0.6945612247923377,0.7024632499865581,0.8021918781237471,0.37408038770144536,0.3364633270688746
50.158000,0.10877041357039001,0.5352642444461126,0.2143167415548528,0.5311300385265948,0.3340850740933401,0.5385829923672092,0.4518130947550334,0.5618233269405303,0.5609264403621492,0.6117660722637711,0.6483224477268381,0.6939970755211271,0.6964857010518973,0.8039074982714112,0.3489051468934178,0.33245950808904967
50.208000,0.10917733856064255,0.5506188940296745,0.21419211911525585,0.540500722242047,0.3341919865993021,0.5403223860109191,0.45259712545336095,0.5598216960743815,0.561831510189608,0.6094991476122127,0.6473261344125282,0.6937052592014652,0.6907152679777959,0.8055863706030568,0.3272055520138058,0.32886710768644756
50.258000,0.11137558320588838,0.5723648326435987,0.21453804364041962,0.5491302203174028,0.3343013568632324,0.5415970399867304,0.4532508458596206,0.5574406212579627,0.5626472586675226,0.606760240728951,0.6464364781577334,0.6926634810474702,0.6855268403863519,0.8061180692351473,0.2989589483871181,0.3267389672513219
50.308000,0.11365689735428938,0.585592330313275,0.2153059015768597,0.5571037833914164,0.33444682700111006,0.5427706089873685,0.45377603747835704,0.5554410283341404,0.5631630950536077,0.60478139350064,0.6450086835220543,0.6925384424949661,0.6796481204523499,0.8074301715669089,0.2787792040027781,0.3281529290995459
50.358000,0.11765157999503277,0.5986942669997936,0.21617850118825216,0.5613606643883087,0.3345104407968862,0.541421956595262,0.4540530589831864,0.5518891643014116,0.5631130428026515,0.6019483285902609,0.6425787800636884,0.691866049877885,0.6724461888466179,0.8080897044951344,0.26807979347105665,0.32934653293128513
50.408000,0.12061754109880155,0.606378382798838,0.21718380291037503,0.5641446379506212,0.33462534395055626,0.539497438553785,0.4542818414032516,0.5485706197683922,0.5627100523958882,0.5999838774062455,0.6393197544203088,0.6923470386542749,0.6640265953717696,0.809776047038912,0.25159793429504673,0.3324258653523157
50.458000,0.12579388348272136,0.6188679917620012,0.21823988378371992,0.5675651285635014,0.3345939014309255,0.538209676304104,0.45436314180743953,0.5456480269030461,0.5623473936876867,0.5979873175541746,0.6365865749399168,0.6922663924700782,0.6570348708490787,0.810511338215811,0.2331693003112728,0.33242799158245995
50.508000,0.12967768539090585,0.6273637419215414,0.21948621386451717,0.5718539337536778,0.33458767544411416,0.5379179124453315,0.4544475074002391,0.5437162469863439,0.56204288893345,0.5968503591246187,0.6341240466529439,0.6927894371992876,0.6508275381598149,0.8116212232309714,0.2164639510431089,0.3348579830395303
50.558000,0.13583156920789566,0.6389667804561102,0.2208334447165757,0.5759755909152928,0.33456900872580303,0.5377104438555604,0.45449721218791117,0.5418608672497687,0.5618076102740333,0.5955682081129877,0.6320945919001727,0.6928294039409577,0.6457757471504114,0.8120469613350718,0.20792796407975112,0.3374939584312894
50.608000,0.1400379897806096,0.6459337889872103,0.2222459794634274,0.579695106955279,0.3346078646871906,0.5375666516197005,0.45457464993570207,0.5403898478823673,0.5615263250980325,0.5948080358342953,0.6300358561006549,0.6933293236953494,0.640972042798019,0.8128299505578072,0.2022801882101662,0.33967266113942063
50.658000,0.14638623396766176,0.6552954085556529,0.2236700300689483,0.583080967653004,0.3346264993103204,0.5373790865813409,0.45461679446433256,0.5389052152957758,0.5613036823064432,0.5938407043949447,0.6283997567571509,0.69332998418581,0.6372936327133141,0.8129999426986981,0.1985646624851365,0.34153829840901506
50.708000,0.15055652243110312,0.660823252194723,0.22510237955869827,0.5860972201733059,0.33471328714579957,0.5372561622616274,0.4547122181843202,0.5377626695294518,0.561091542747181,0.5932913945782904,0.6268765791627606,0.6936523879163441,0.6341149427626259,0.8134338810294128,0.2153634237483315,0.33790484485517636
50.758000,0.1565580815726144,0.6680938893471517,0.2264852770526971,0.5887953801188338,0.3347859422295895,0.5371139915708989,0.4547850368783519,0.5366478548126955,0.5609481655254107,0.5925888068591888,0.6257907104495687,0.6935612999835963,0.6320579812181815,0.8133975270483402,0.20232770642465295,0.34216919920308914
50.808000,0.16028244293801697,0.6722496570848454,0.22775815574300007,0.5911191552653867,0.3348787846524529,0.5370343065363454,0.4548731569030986,0.5358721412411205,0.5607884944339739,0.5922808398231721,0.6248338696116513,0.693760837450047,0.630568964603566,0.8136237119585189,0.22091444433529733,0.33984284005444065
50.858000,0.16518129039529933,0.6770410071402745,0.22886489411177557,0.5929943257236712,0.33491930299853934,0.536847532799417,0.45490655348137854,0.5350983268171419,0.5606388466363406,0.5918493812936286,0.6242082907698693,0.6936281893656147,0.6300167497667183,0.8134875311128554,0.23071936869920592,0.3396228393450871
50.908000,0.16776654257150278,0.6788973631903455,0.22964816450205805,0.5936718186425508,0.33495921068831813,0.5361428385442093,0.4549459701046674,0.5343602660314832,0.5603405174611092,0.5917361267006772,0.6233756338161611,0.6938467241237902,0.6294574469809259,0.8136925064802374,0.24141280658832234,0.33933549475637614
50.958000,0.1708818166311706,0.6807492829411816,0.23019493815229491,0.5938323249241126,0.3349525340580188,0.5353015970963038,0.4549413096044287,0.5336603345112005,0.5600290929838636,0.5915961419570017,0.6227872164075151,0.6938772152029434,0.6296525426315364,0.8136806679738788,0.2524193908959109,0.3393591213405535
51.008000,0.1723403446170667,0.6812874089289811,0.23045867351988183,0.593553183181632,0.3349029887038453,0.5344652400311644,0.4548968460250298,0.5332510715159992,0.5596559596821618,0.5917790828077912,0.6223285366608012,0.694112596843304,0.6304698916241755,0.8138361047244227,0.2661194212571299,0.34024218121449007
51.058000,0.17384161373442505,0.6815479864993097,0.23050730501236794,0.5929988879774777,0.33481878536041576,0.5336767583157838,0.45481693529860756,0.533010416503159,0.5593022638583235,0.5920258053078443,0.6221761605315361,0.694235751580828,0.632115479311122,0.8138234179273109,0.27953386055101553,0.34167484478975596
51.108000,0.17462693272614857,0.6819100079978709,0.23049640485355655,0.5926259156340473,0.3347918941261162,0.5332756762312368,0.45479183532360157,0.5331568797745159,0.5591291328425492,0.5924335897552186,0.6226517888738672,0.6942416059911907,0.6351761842097987,0.8135862310079349,0.2972084691504223,0.3457558432897771
51.158000,0.17519583964704386,0.6820576683583228,0.2303762060412347,0.5923887735047758,0.33472438195748117,0.5331312154809584,0.4547239464457605,0.5334545150658361,0.5590774829161393,0.5927026325559749,0.6236972663171776,0.69381783217107,0.6394952466878057,0.8127733861238096,0.2940218347865106,0.34468664581446556
51.208000,0.17521001556961976,0.6820211360115035,0.23013041312612922,0.5921303235473967,0.33467975937920447,0.5332284203688623,0.454676983808892,0.5340445877355993,0.5591526551096733,0.5930770712192797,0.6252660806932472,0.6932220409262259,0.6450592124320025,0.8115784177547346,0.31172173773217327,0.35034353635844884
51.258000,0.17474446088814138,0.6818141957026604,0.22981977060687378,0.5919793078592014,0.3346534012915515,0.5335848742420441,0.45464692785784655,0.5348313020112521,0.559379063548409,0.5934075749696229,0.6273482280838638,0.6923024316222938,0.6516993796364391,0.8098057142064986,0.32947070186139216,0.35810465112089607
51.308000,0.1740244021098302,0.6814459875840728,0.22938367142332783,0.591802664222574,0.33461887735844226,0.5341350699273891,0.4546073381966823,0.5357991810024495,0.5597299570785381,0.5936717565406099,0.6299747208408945,0.690963447675931,0.6596185920585488,0.8072443184123987,0.34686675457154215,0.3678089534568262
51.358000,0.17227811900349868,0.6804711565196727,0.22880858022865394,0.5915390230940012,0.3345747126100259,0.5348510592825703,0.45455558630952203,0.5369934752798935,0.5601277793973098,0.5940418060761123,0.6328427623912937,0.6895013852087727,0.6681067272703182,0.8042029666320946,0.36456421406967865,0.38006742655419873
51.408000,0.1711747817392029,0.6800343091512032,0.2282395394272559,0.5914149080277981,0.334576899697996,0.5358058637116694,0.45455168113999556,0.5382659079593294,0.5607670375391537,0.594107631294113,0.6364373804976103,0.6872419385943952,0.6781012706805912,0.799776912065574,0.3810569629210141,0.3942919561086997
51.458000,0.16944864959724856,0.6793962933127502,0.2278579248676395,0.591501686802835,0.33464848263197833,0.5367679972471304,0.4546257545109473,0.5391034270741071,0.5617494194117658,0.5931822622891224,0.6408647641532903,0.683408434913399,0.6895590922175125,0.7930846055904011,0.3824387617504371,0.39563479960387393
51.508000,0.16804560645023697,0.6788114783954021,0.2273938029081679,0.5917118555890906,0.3346681031359102,0.5379324495803943,0.45465099824074506,0.5399585004835286,0.5628478898619724,0.5918567918186405,0.6457977751785992,0.6785707844954758,0.7021306528711359,0.7845264681130968,0.40901460050372596,0.4272660621097202
51.558000,0.16560381828736723,0.6777544119720744,0.22689741536793528,0.591807738789029,0.3347173649448805,0.5391308133545945,0.4547054793473948,0.540819718955611,0.5640045093745248,0.5903547776022756,0.6508279129822687,0.6731901359099861,0.714802024180649,0.7747150742078116,0.4213345489292286,0.4470281825818009
51.608000,0.16375370941575645,0.6770355566594055,0.22637430788674587,0.5921670647368172,0.3347590605530759,0.5406622553549891,0.45475348965877754,0.5418185354234438,0.5652784813283165,0.5885542414355296,0.6562372207718232,0.6668262525177031,0.7282047412756382,0.762850603557075,0.4309731808664622,0.4669490091438536
51.658000,0.1608410426178892,0.6757994709954149,0.2257666816886138,0.5924999862066972,0.33480280652842276,0.5423888748648246,0.4548007929962135,0.5430840321678023,0.5664989439502286,0.5869420197351075,0.6614310670708833,0.6603442812793174,0.7410342487116206,0.7501403472993352,0.43847359126492524,0.48723409202557466
51.708000,0.1595166321037585,0.6751313602188221,0.22565660477271537,0.5930899777667931,0.3350714679606067,0.5438113037426894,0.45507013595108553,0.5432459007796503,0.5681827211246702,0.583315129314132,0.6674103518460643,0.6507975514803407,0.754851347627213,0.7329807143350314,0.44008340933633416,0.4916500884989107
51.758000,0.15718387522931077,0.673894800440593,0.22557655404899724,0.5935464210332798,0.3353844829389171,0.5451499464415672,0.45536723971488224,0.5431157201907386,0.5699001161919843,0.5789238227079181,0.6733881118624168,0.6396711251345815,0.7684470622559528,0.712909065780665,0.44773332765385343,0.5275768406048983
51.808000,0.15564131107795096,0.6730209448884904,0.22549048971316046,0.5940267846496895,0.33562740562924065,0.5463837394857385,0.4555646280535134,0.5425026729892062,0.5715091586172646,0.573435920997641,0.6791349579267014,0.6265083933633109,0.781359319066026,0.6893588507177079,0.45047597561193387,0.5519934410046601
51.858000,0.1534428569849922,0.6719993497382367,0.22548971304594942,0.5947563923675415,0.3358966748334232,0.5477425349544415,0.4557480936201596,0.5417728268538442,0.5729610932534922,0.5674849391155069,0.6842688809850752,0.6123243903866902,0.7926352333425608,0.6638679028468752,0.4507601278650145,0.5735141787763887
51.908000,0.15196377479585263,0.6713020535850287,0.225552361618662,0.595740406593537,0.3361758963385457,0.5492384328066249,0.455880562370934,0.5408245793449584,0.5742201034628929,0.5607181213660396,0.6887933843726295,0.5963967326279502,0.8023212636186514,0.6352737262604402,0.4492883199543754,0.5923342572200294
51.958000,0.14967365844644193,0.6694956180919764,0.2255790314557892,0.5963856356055779,0.3364757324339448,0.5505389158520172,0.4559902927079841,0.5397560645360153,0.5751628945562124,0.55382343702428,0.692235238162499,0.5801685762824343,0.8094202623235731,0.6060078895931335,0.4493329544904783,0.595017966933528
52.008000,0.14848458249298188,0.6686537364242274,0.22584869695486692,0.5970296556454777,0.33684856180766254,0.5514332741809236,0.4560528024998196,0.5376365716398714,0.5758256333216157,0.5450168830786515,0.6947687212372645,0.5609084480453344,0.8142219911489652,0.5723503144753519,0.4429157161042478,0.6266867840183226
52.058000,0.14678182483580263,0.6670279909710466,0.22611885069180893,0.5977964480839757,0.33711167383553176,0.5521829280423665,0.4558810718540047,0.5350414551088775,0.5758806309061262,0.535366766185231,0.6957756016670806,0.5403863265474438,0.815729724495516,0.5370684331705232,0.4383572968215472,0.6442618298029965
52.108000,0.145720990986601,0.6657109473455632,0.22636464984137167,0.5979513624939219,0.3372550817406411,0.552089481664703,0.45541934064802303,0.5311799642893734,0.5751956590366408,0.5238564710471845,0.6950147212086414,0.517269184790899,0.8135393369338757,0.49850977469395025,0.4329516133441327,0.6598634155113395
52.158000,0.14468503765810994,0.6641069721253451,0.22683537938161605,0.5982913833706555,0.33751740151212073,0.5519287909377202,0.4548955830188971,0.5269815965832005,0.573927916462824,0.5117729281702952,0.6925214720927532,0.49345439757827325,0.8076200870830597,0.45950872293019535,0.4274452793776353,0.6737619172444529
52.208000,0.1441443358674075,0.6632149544501067,0.22748286530278594,0.5988202527791994,0.33779063324859215,0.5515741277442922,0.4541020175192815,0.5220502071198906,0.5717339933853708,0.4983285239199222,0.6877604728939177,0.467704088368346,0.7971737457587053,0.4184218834560704,0.4267276189005455,0.6774352607711038
52.258000,0.14363185627340547,0.6626698355127767,0.22809199839780747,0.5996671335443984,0.3379302560292031,0.5513395310743938,0.4529361876746735,0.5170811644122595,0.5685189635146752,0.48482249225856133,0.6806897216137202,0.44218775257968856,0.7824433094653125,0.3785779470515497,0.41817642685107353,0.6926402759211843
52.308000,0.1431877104522982,0.6620644230776388,0.22863194229616834,0.6004562806440279,0.3377758774470594,0.550580420553418,0.4511019632156569,0.5111190687726128,0.5638315404179792,0.4699846254946781,0.670689123250209,0.41538190586228985,0.7626805701779011,0.33832625264885213,0.4137763163453063,0.7016766373471792
52.358000,0.1427981539725984,0.6613347075751955,0.2291476352065979,0.6010910091833522,0.33751740638827105,0.5495546851581389,0.44883854387300776,0.5047483870617293,0.5579108866899034,0.45471615712508195,0.658017393718942,0.38854450722540773,0.7382960417018811,0.2993518019293395,0.4100603051040168,0.709148302372013
52.408000,0.14280874874433352,0.6611113490090978,0.22977452873759566,0.6017165271686304,0.33708201460274123,0.5480033679122474,0.445858965160885,0.49733212333239574,0.5502167506822406,0.4380914903084424,0.6418671885859271,0.3606305502672671,0.7083125833420134,0.26070553079912884,0.4091133376501897,0.7120370362317717
52.458000,0.14281116054691514,0.6608466599207531,0.2302756358725203,0.6022259468294324,0.33632062677397423,0.5460613680923802,0.4421243698750888,0.4894436328339531,0.5409198861564337,0.42133015426544584,0.6228801830178835,0.33368022706420386,0.6743044941024785,0.225257257959522,0.4039094663251283,0.7227317502483033
52.508000,0.1428327357457182,0.6606940501809031,0.23066519574425007,0.6025703395471637,0.3351768721229408,0.5436016232603407,0.4374151269662039,0.48077376919382026,0.5295562330751178,0.40389713708089625,0.6003020381044638,0.3069691686159082,0.635255900409534,0.1921727073901447,0.4025144156983137,0.7271486158019178
52.558000,0.14289979001124,0.6605013075606303,0.2309477316468707,0.6027349899388662,0.3337681951450038,0.540864542340445,0.43204252174602775,0.4720012231414395,0.5168171321975956,0.38707027811745565,0.5755484871884081,0.2824250300625808,0.5937637117580689,0.1638155633546431,0.4019631670528244,0.7304981588194974
52.608000,0.14293435349330982,0.6603508656607376,0.23111611231585183,0.6027453546808816,0.3319757191020133,0.5377273593338942,0.4256840200613834,0.46276900868963233,0.5020948863731818,0.37024128576574056,0.5476863588505752,0.259239404532389,0.5485915074321341,0.1392428183057577,0.4023704329386393,0.7329029153389854
52.658000,0.14297775339824592,0.6602482889730203,0.23114628753973163,0.6026419947018233,0.3298349383176823,0.5343737721701969,0.41855146690174655,0.4535692082149793,0.48600283711620923,0.3543204668819456,0.5180727295447404,0.2386851695042747,0.5021785541259969,0.1197424303910436,0.40366742278309753,0.7343464471665824
52.708000,0.14298847420814995,0.6601635137220729,0.2309952638669766,0.6022884303274497,0.3271763396456059,0.5305304993228177,0.41024756068771945,0.4439327381821725,0.46783743376097664,0.3386549792802749,0.4856723773160119,0.21998773532311244,0.4531818837023784,0.10446991061738808,0.40356316130401804,0.7346839846796985
52.758000,0.14301971837815006,0.6600492371380142,0.23068920579155955,0.6016972852957467,0.3241065033004441,0.526376580797339,0.4011102979843588,0.43434171998754867,0.44842684823917467,0.3240641426112595,0.4521185041958997,0.20412094073513326,0.40422449213672085,0.0940929278980599,0.409135370177901,0.7341830377123023
52.808000,0.14304284752182242,0.6597451699655063,0.23020900172891196,0.6007317797641257,0.32046427961817237,0.5216496401045774,0.3907342281678261,0.4243761373876472,0.4270540068964836,0.3100044902321525,0.41636983687055845,0.19048106779637103,0.35395527497562174,0.08798998299712979,0.41332313682928457,0.7322907721930412
52.858000,0.14393608907648148,0.6580583209150791,0.22996785537166464,0.5986001445649728,0.316737566941531,0.5157085457501526,0.3798567662577324,0.4136499024235133,0.4049668689901168,0.2963064631490503,0.3804235599907424,0.1788431668248281,0.30512918325844396,0.08540464782709789,0.4182443124826024,0.7290764067617119
52.908000,0.1451955765314495,0.6561482544243492,0.23030052745994256,0.595059640579941,0.3130075553732389,0.5081139820698738,0.36818797964208816,0.4015535730170282,0.381441097636687,0.2822876731821583,0.3431274396348246,0.16856844169286134,0.2562070365287412,0.08583487218280117,0.42409553426023017,0.7242418878241361
52.958000,0.14800290106775912,0.6520366155054617,0.23106754314643363,0.5901622807294411,0.3092191365556698,0.4991000577849213,0.35595482897860065,0.38857506036918193,0.35724063268012085,0.2685819492800817,0.3059384132295593,0.160101157065762,0.20920394524879432,0.08909099790189046,0.42454012164089594,0.7222764488301867
53.008000,0.15043917326583425,0.6484185170753346,0.23219969435159532,0.5837315313988856,0.3051092154459232,0.48842045264202877,0.34262223349696824,0.37443460493845654,0.33154466647334935,0.2549470009419029,0.26778102685303273,0.1532897421633464,0.1628109719012404,0.09514090242068518,0.4247983647374053,0.7209159205350445
53.058000,0.15485418304477955,0.6415859140713638,0.23355601618243257,0.5758351054190509,0.30063708049251026,0.4763357043604153,0.328466223956715,0.3596072212294814,0.3051655489789361,0.2418911282532875,0.2300458935789047,0.14831208480561947,0.11873401661049926,0.10348278583975778,0.4454414513550654,0.6971784305338173
53.108000,0.15824968942441814,0.6360351242969943,0.23503473396376492,0.5662909576725438,0.295511930712513,0.4626448835866759,0.3129634058066624,0.3439206399923776,0.2773631028047212,0.22932300290430335,0.19180740650980316,0.14517894291495093,0.07586283627215305,0.11424584361328671,0.4547341500018227,0.6787956146220858
53.158000,0.1639166477513543,0.6261050519198608,0.23649038565498737,0.5551894412229461,0.28971194837056624,0.44763728986319085,0.2964377552477406,0.3278259234497701,0.2489656062552577,0.2176152385320385,0.15432341201006375,0.1438395306841636,0.03554773739865866,0.12674160330668194,0.45846515270408417,0.664892219473878
53.208000,0.16800842626107393,0.6183468987906338,0.23778299785424017,0.5423508297073483,0.2829301619316081,0.43116749653294123,0.278409585378093,0.3112526751486611,0.21935296273116928,0.2067906470162395,0.11684714672186826,0.14440028170021246,-0.003109468942949306,0.14117377302313827,0.47290376439824733,0.6310748099043852
53.258000,0.17448307196000865,0.6048796530945627,0.23876338243747053,0.5278983047930186,0.2751722809106018,0.4135549966723717,0.2592480545255356,0.29461627709780613,0.18933428211272102,0.19708646408143066,0.08045314873580625,0.14663947413595924,-0.03911634327161784,0.15679509233902844,0.4798634535526686,0.6043063501344459
53.308000,0.1789353960898334,0.5946089718164443,0.23925081003264798,0.511666457387318,0.2661321116340849,0.3947160592511314,0.23854756945393113,0.27792953163466655,0.1584334834337881,0.1885889852900357,0.04457635752732664,0.15068707398835918,-0.07317668076570283,0.17380031635632442,0.4858302729047836,0.5651819068440564
53.358000,0.18564503890524833,0.5771428170424164,0.2390992982282757,0.4938223817514717,0.25585537682550036,0.37499799944698164,0.21671677913935983,0.2615600420818984,0.1274061528658128,0.1814126027302459,0.010079818740683671,0.15622269759428742,-0.10461754131355439,0.19150039021424836,0.48809205272859246,0.5308064411451846
53.408000,0.19006918765898093,0.5640951743592136,0.23807617638507955,0.47423742628647736,0.24402378963005752,0.3543849090134215,0.19342845335074654,0.24557263053905343,0.09592063899077537,0.17562818016061804,-0.02344454427555795,0.16330125743859847,-0.13398090393016623,0.21001007025060497,0.4864552185631782,0.4821341225649878
53.458000,0.1962633570481711,0.5421901617422603,0.2360857538497544,0.45311274372263144,0.23081816849653644,0.3332284138686153,0.16916585120306907,0.23027700896151543,0.06465677097351424,0.1713036916936826,-0.055342711870289496,0.17165599443232776,-0.1608674560374981,0.22879204582236645,0.4807478403868104,0.44172329278480776
53.508000,0.20002098422351688,0.5260369107836199,0.23285803375655353,0.43036392487574165,0.21594031993051274,0.31156244778517617,0.14369362095472943,0.21574796825779707,0.03340804240504333,0.1684500701653764,-0.08590951897060978,0.18122972381354907,-0.18572646199777393,0.24783736515230104,0.46741591644233516,0.38629418867205967
53.558000,0.20483693075495155,0.4994184365836224,0.22830183875239377,0.40626405209016747,0.19955886516239701,0.28975722195045106,0.11746857147778067,0.20222903401780035,0.0027490741069524094,0.16702339635869062,-0.11467844981989284,0.19173729172971943,-0.20828335156163003,0.26682472323406453,0.45098862495708136,0.34306938390491826
53.608000,0.20707467550756892,0.48014335188660245,0.22226305792481055,0.3808513083523281,0.18190686825099128,0.26784078692369795,0.09102026011257619,0.18948503116702253,-0.026737911522380364,0.1663979565798061,-0.14126268309154955,0.2022319725005351,-0.22846352333243913,0.2846699095249503,0.44113962146794894,0.3147736389705512
53.658000,0.2086872774619752,0.45009787030642107,0.21602350318190858,0.35516814209365943,0.16626317090185638,0.24597148769798566,0.06888228551711692,0.1758504269427304,-0.05039213178865959,0.16267418407263434,-0.16198869629332974,0.20679001785905554,-0.24436860688207512,0.29404567860024544,0.3945419436329015,0.24429769162856652
53.708000,0.2103005488132436,0.4294639275228895,0.21080431480656914,0.3293442832790365,0.15337957893330267,0.22397635784684244,0.05119910290646432,0.16105457847810828,-0.06868356910281118,0.15574939686802036,-0.17780003983786427,0.20568531394507245,-0.2572137133084458,0.295649020326634,0.37794678584187785,0.21555868162669867
53.758000,0.21759392340729838,0.3965319581527929,0.20866397379582574,0.30262690544990023,0.1437897296373559,0.20167477597831857,0.037407219717679796,0.146152153713565,-0.08257187680432584,0.14839188533335068,-0.18914294309414395,0.2035517242547125,-0.2659905135131353,0.29571706980655976,0.30115694029685086,0.14393987717434353
53.808000,0.22473639149156935,0.37314509312298444,0.20915525287993575,0.2746155361096272,0.13665052311804596,0.17899616483918362,0.02644663146200016,0.13150824780904297,-0.0931443687945833,0.14140737189295383,-0.19698651686395982,0.20154727781520101,-0.2714964417139617,0.29561252697155305,0.26024769496944866,0.1160624805652225
53.858000,0.23916875113037256,0.33523256191031797,0.2118896476776179,0.24525293687630523,0.13173074514577482,0.1559525989996181,0.018183390893726975,0.1171325224623424,-0.10050149977286543,0.13484965336604676,-0.20135590907187106,0.1998757106427158,-0.27352763706052946,0.29574667433418556,0.2221332881893509,0.0937610999591087
53.908000,0.24970765928136365,0.3090111212795655,0.21595969975223892,0.21490380765518746,0.12827768750259794,0.13297783663347343,0.011982565006599527,0.10338992552707027,-0.10526952585920132,0.1289231820290822,-0.2030095750058122,0.1985427395744684,-0.273130381819639,0.29592380781554334,0.17890533770435385,0.06598000413626781
53.958000,0.2634375060230705,0.27070551157625095,0.21890060369687162,0.18604539237632503,0.12459423482470902,0.11184088584102364,0.006380058133415967,0.0912154542285793,-0.10906020589412457,0.12398045752861703,-0.20374345613177974,0.19770346699264563,-0.2720241343250495,0.2963835003604288,0.14637855215346235,0.05233331187003071
54.008000,0.2722214901701991,0.24486288650615015,0.22136344998063795,0.15793830565343653,0.12085713613411789,0.09237550463803754,0.001408713833257913,0.08088314152876358,-0.11191319078321221,0.12035649879788413,-0.20396693458850534,0.19733771891960897,-0.2715910894182474,0.2964688123442406,0.10947414740934434,0.03418208965278796
54.058000,0.2834019885055477,0.20500525735374064,0.22248520177273295,0.13027233069823052,0.11651952078157948,0.07395826094580463,-0.0034573042713624824,0.07159998822710606,-0.11434457334818743,0.1174695157664628,-0.20383238912171647,0.19741906753558092,-0.27102942610875347,0.2968401831004486,0.08312997993995108,0.028757898931129955
54.108000,0.28933912725378824,0.17701363087483202,0.22182788666870715,0.10207066057084813,0.11111399036609265,0.055784235287684086,-0.008688131892556017,0.06267274037396982,-0.11684037090456051,0.11466402038023868,-0.2039067010355634,0.19724400680261103,-0.27110677216641044,0.29666307157395677,0.07208264346012885,0.01452141938398982
54.158000,0.29581980257971763,0.13298900265681265,0.21932501033632057,0.07318979934926967,0.10467302380553742,0.03776492130367684,-0.01420231041532899,0.05415561725831193,-0.11919254796077294,0.11226800853720548,-0.20367434971792936,0.19749021909211012,-0.2707861466981158,0.29696889372185276,0.055595374829705224,-0.0032953381120712777
54.208000,0.29872741448536694,0.1044721872270608,0.21593611331873297,0.04558872834285678,0.09841724295253695,0.02131291511542395,-0.018842507637493233,0.04681097173870245,-0.12060775753555414,0.11040211823870855,-0.20296069142098833,0.19768324036979307,-0.2707253523801703,0.2967183388202268,0.016047025343613186,0.030182436649540262
54.258000,0.3007249335944873,0.06254381739503208,0.21154799118509066,0.01974474665390933,0.09225493285303277,0.006738354618289311,-0.022761967595047394,0.04095987725122335,-0.12120816580583177,0.10957726613948537,-0.2016607382408932,0.19861312177406207,-0.27037314541063145,0.29699302368974856,0.004832267483549757,0.0400005452133515
54.308000,0.30012761909378466,0.03470970354212643,0.20583863967279864,-0.004758817874166765,0.08585121217936093,-0.00649583932107696,-0.026404471948743014,0.03591478883898869,-0.12164114727024822,0.10892147122975479,-0.20073629848084829,0.19916534667275818,-0.27112775427883773,0.29635095749370055,-0.005393619883914291,0.048900728376571695
54.358000,0.29569220640162647,-0.00790376220444331,0.1984550442541285,-0.028954907197925712,0.07885515367470766,-0.019163779919080706,-0.03000203453103395,0.03133485942832878,-0.12179050180782885,0.10863218975077085,-0.19946820916740332,0.2000989803327099,-0.2714416176829475,0.29611891819279446,-0.009406523368297004,0.05877921273170658
54.408000,0.2900765525663035,-0.036995243907654234,0.18891245049298344,-0.053106966883057556,0.0708574551206301,-0.03158911225873172,-0.0339902599234706,0.02678002898928593,-0.1222329932341204,0.10810173591840454,-0.19870605387779933,0.2005780625960365,-0.2725665880499776,0.2951540716670499,-0.006616403321155373,0.07037449185877723
54.458000,0.27856576284318657,-0.07913230978795822,0.17775068878243888,-0.0764570552902577,0.0624342126259704,-0.043259008315280054,-0.03778963479277547,0.022734782361235176,-0.12227457652448498,0.10795388006200798,-0.19747619408937073,0.20146707005169212,-0.27308699593299934,0.2946497220383388,-0.00034041091052899874,0.08074930881412119
54.508000,0.26994447913978786,-0.10424276722586476,0.16686887209736107,-0.09646503070217129,0.05524509411310616,-0.052418099049454464,-0.040259304722900235,0.02023800738971103,-0.12150177072709456,0.10855370088501679,-0.19625165782376858,0.20242837467413963,-0.2744561115969785,0.29344520504098714,0.010675954597587634,0.08853838580552481
54.558000,0.25419872327777676,-0.1400450475998068,0.1552818604394696,-0.11441335061164415,0.04817429591505887,-0.06030263439772254,-0.042486839952379285,0.018313893376767115,-0.12074362210657485,0.10928573542628472,-0.19538359533664384,0.20324782563125438,-0.2763700030147199,0.29179838616001313,0.022654630340008197,0.09403008989702946
54.608000,0.24190468078406258,-0.16223290478440888,0.14288889510635994,-0.13103427626265773,0.04119163072373169,-0.06733446139979875,-0.044300401962875435,0.016874281297075577,-0.11953059058526871,0.1103644878420923,-0.19406286406022416,0.20441203013135884,-0.27768146279585093,0.2904813623300281,0.039477454820974034,0.09419280670362468
54.658000,0.22012900590691717,-0.19504899399665784,0.1298201234657409,-0.14622282163648068,0.034285125633198466,-0.07360695444637122,-0.04599624092991855,0.015583303692549566,-0.11859688835636084,0.11112986762948746,-0.1936013748309499,0.2048012449208143,-0.2803492077199402,0.2877157399502593,0.050945424568282355,0.08775170742915364
54.708000,0.20341154507725134,-0.21588152737080935,0.11466793098796137,-0.1613072225059486,0.026466948965299303,-0.07994023440709647,-0.047972305174061536,0.014180950472693632,-0.1176099879578334,0.11190808659503448,-0.1928530300818197,0.20538794866099802,-0.2824055724701853,0.28526499248344495,0.05491787016616473,0.08554154079728363
54.758000,0.18135434937764697,-0.2397115862871144,0.10151966239323292,-0.17295505801890598,0.02078683568964923,-0.08417324292358072,-0.04810880427312675,0.014078427737401228,-0.1151459653928962,0.11360741357210372,-0.1908242865274686,0.20673523813381958,-0.28304942921786924,0.28351103545915524,0.09219005152144821,0.08291733961113809
54.808000,0.16628536884779593,-0.25343487939335607,0.09004518122985986,-0.18158719148480595,0.01630589003917332,-0.08691662095746971,-0.047941124963614856,0.014435836987088113,-0.11335781997642835,0.1150373068745914,-0.1902951860272688,0.2071277064885031,-0.2856258298935166,0.2800116350229867,0.11189352496792021,0.07031205231818449
54.858000,0.13893110479360857,-0.273368369408553,0.07658448341355935,-0.18984770354776492,0.011143848764964936,-0.08926180336475475,-0.04781882665360784,0.015253280603608532,-0.11147571338129819,0.1169774209527118,-0.18981827901691595,0.20787539843396868,-0.28836556164381205,0.276347522305587,0.12674224997721362,0.05910341301038993
54.908000,0.12224249096259476,-0.2838627954003755,0.06432908059976306,-0.1962337310366777,0.007470414467864686,-0.09055926824893121,-0.04612976731270929,0.016804694573311352,-0.10793043128099694,0.11966711692865173,-0.18743013182281892,0.2095548113772141,-0.2886934541373693,0.2739422290376693,0.14452675171521978,0.039075607742266594
54.958000,0.09586027495787688,-0.2972711861279805,0.05249813903995948,-0.2016533552290617,0.0038447558240389257,-0.09195901489989336,-0.04511997985198078,0.017596699961752726,-0.10590275454589858,0.1210638652872631,-0.18727249757777775,0.2092623058364843,-0.29153956586292135,0.2686624611385876,0.1602052471582468,0.021228395032450414
55.008000,0.07752698024645453,-0.3046731129105845,0.039905059736129296,-0.20638888108038358,-0.00021164578353534413,-0.09329312546485477,-0.04430871215252194,0.018310856263617503,-0.10380527104591589,0.12252294519684587,-0.18665383240392677,0.20933375028920387,-0.293354109739311,0.26424322867108774,0.16777563818095026,0.007385081943217742
55.058000,0.052451918854971566,-0.31194576445757877,0.0279389788199077,-0.20981564151942517,-0.003681564492752018,-0.09405666242775029,-0.0431395188085585,0.019270606316319328,-0.1016239174136086,0.12405407409480712,-0.18611350375731334,0.20926856699039192,-0.29511534121389377,0.25945421664309815,0.17980273282177092,-0.008221242661915762
55.108000,0.03752648191377547,-0.31459844380922425,0.019527749280253158,-0.21088673148505563,-0.004741233188683129,-0.09336645029955604,-0.04078475066257672,0.021092559167182945,-0.09939307141622084,0.1258067642132879,-0.18632725711548945,0.20852585122955214,-0.2978164044173357,0.25291244868758,0.18606389985454364,-0.02327960606859575
55.158000,0.01573156097063441,-0.3157649146927687,0.011022552019152884,-0.2108829439056746,-0.005262511847984583,-0.09199309280458423,-0.037192419510221994,0.023680936245498774,-0.09515163600584776,0.12875581061236713,-0.18371178061750754,0.20973173781520005,-0.29693752365323545,0.24948008512666786,0.19749474216769547,-0.05350711169566186
55.208000,0.0018662940522677274,-0.31562074155559283,0.0036330407967463786,-0.21036637764377436,-0.00530575186573335,-0.09069976581858644,-0.033774785489465046,0.025874305588920843,-0.09165946388826512,0.13099026064174307,-0.18217158349519721,0.20977830671635816,-0.29705455583842133,0.24444677460229142,0.20079446458214162,-0.06907085781231967
55.258000,-0.017352244540541142,-0.3142524056367047,-0.0029510945330038646,-0.20977701006077903,-0.004782209516866245,-0.08979098163286925,-0.029873590946021628,0.02755646221644098,-0.08760646305377766,0.13275587038105302,-0.17981460173753144,0.20955208878063986,-0.2959873004319374,0.23961708633689732,0.20564715473821293,-0.08811875273845995
55.308000,-0.030269370568557056,-0.3127333902091614,-0.01024384578632559,-0.20919532732463464,-0.005523252987270251,-0.08928821325869257,-0.0276558583257758,0.02865307629200803,-0.08549017949965267,0.13379674606897957,-0.17940956001847194,0.20849045371930874,-0.29666069803972,0.23402808540583941,0.20780657924183935,-0.10384627011460545
55.358000,-0.04559513158671329,-0.3098005404997727,-0.015239981855853402,-0.2085172334777483,-0.004752940117500271,-0.08897635362665329,-0.024625605170154028,0.029366695107523433,-0.08310366239726066,0.13415370204510746,-0.17897101316015593,0.20633022909995463,-0.29717361084307875,0.22702191586074744,0.2109920130542556,-0.11726687549528383
55.408000,-0.055795315231014775,-0.3073933247055156,-0.02039280665920451,-0.20794938577922661,-0.004571148486454894,-0.08899697877262316,-0.022513681227620413,0.029654045322544897,-0.0818237391245514,0.13397238998091554,-0.1796011641509922,0.20353944508028476,-0.29853438752789085,0.21950466907434918,0.2122171922222284,-0.14013904229326438
55.458000,-0.06997085556036028,-0.303118995322751,-0.025277015055659886,-0.20721190798058084,-0.004354467611213719,-0.08904995552364611,-0.02035972969822667,0.029877886403827048,-0.08029333086197853,0.13383924197186653,-0.17963771005822893,0.2011496744627636,-0.29904102935557586,0.21310155049859308,0.21196517197203177,-0.15417198534213888
55.508000,-0.07869411072898275,-0.2999204865946541,-0.0298018801093407,-0.2063312991971934,-0.004223440797969852,-0.08908905662910477,-0.018608928653490564,0.03004556360850147,-0.07932074618786679,0.13355438068063602,-0.1801774525798876,0.19857687506337823,-0.29990026241866896,0.20672848866480525,0.21049274501208098,-0.17256079335474145
55.558000,-0.09065084123131523,-0.29473843244103093,-0.033985756811049046,-0.20537106652370396,-0.004039189348337843,-0.08916778301931547,-0.016839102553591972,0.0301476066918947,-0.07815115776005653,0.1333020146750704,-0.1802293929940931,0.1963895244650809,-0.3001231709084982,0.20143749607863853,0.2089780695346106,-0.18228231476794995
55.608000,-0.09788065800657708,-0.2910984965146631,-0.03779106247437663,-0.20428655867992018,-0.003928310334558371,-0.0891635200754895,-0.015447231077536552,0.03028234408445951,-0.07747850460691047,0.13300586186069213,-0.18070765672666994,0.19419198898633683,-0.30068665768085695,0.19643683420041835,0.20603048764244214,-0.1953455362797808
55.658000,-0.10762972703780259,-0.2855220931757434,-0.04126488987568956,-0.20315095709905362,-0.0037779687764132736,-0.08915652413631361,-0.0140502002470793,0.030403006059371906,-0.07661798845933754,0.1328006226245343,-0.18073375839624284,0.19246557423304017,-0.30073366784562877,0.1926129924787654,0.202969859137757,-0.20533786145929592
55.708000,-0.1134192389442354,-0.28181518916555626,-0.044367251751209744,-0.20197777209693019,-0.0036955637073006475,-0.08908041255447269,-0.012999169746363629,0.030558389322969726,-0.07617742761862345,0.13258048365662978,-0.1810908407581758,0.19083145569495358,-0.3010806839379436,0.18927019540445889,0.20165409688499908,-0.2070472811077329
55.758000,-0.1210842446137801,-0.2764242132804347,-0.04715623943305511,-0.20083442134080853,-0.0035806210805621047,-0.08902581037905002,-0.011941284871541738,0.030682582396787506,-0.07553817712444169,0.13244424165887414,-0.18100565742037356,0.18968592751828256,-0.30097830798502173,0.18712406950253868,0.20059598025506337,-0.20669832752676032
55.808000,-0.1255015948380258,-0.27304061398749574,-0.04956736949909417,-0.1997605257995927,-0.003528415094918941,-0.0889434933660797,-0.011216927645172653,0.030809948232751183,-0.07528121362318763,0.13227800853808624,-0.1812069298713559,0.18866721528292846,-0.3011664278686117,0.18554970983043007,0.2008535839794543,-0.19981034716540097
55.858000,-0.13073572826638608,-0.26853126791988385,-0.051552112145396914,-0.19881452876875683,-0.0033817811917589424,-0.08890720773955063,-0.01048838865603631,0.03088217463780646,-0.07488415932569087,0.1321401852831932,-0.18107480008944113,0.18802889446657067,-0.30103607182354264,0.1849804056709461,0.20023272100041212,-0.19509647364563792
55.908000,-0.13277386188577367,-0.26614016105418364,-0.05234499127823965,-0.1981347455364677,-0.002727387914506829,-0.08887316291732716,-0.009785418128878232,0.030919091462883186,-0.07476659555919637,0.1318024229888073,-0.1812417267385083,0.1871472189532728,-0.3012099873308412,0.18438742721292256,0.20039442546431738,-0.1671174891563031
55.958000,-0.13485613327267387,-0.26323154889944633,-0.052554507744199064,-0.19764995127957286,-0.0018961864740534018,-0.0888669816285714,-0.00909432191390186,0.030916935681681912,-0.07461056479343828,0.13145360520554072,-0.18123490776993947,0.18651038939086545,-0.3012186633459393,0.18453595329953582,0.1996468306806772,-0.15719062376040338
56.008000,-0.13553144342069165,-0.2618387974856878,-0.05231700764149401,-0.1974117200899062,-0.001078221187989753,-0.08890095213219532,-0.00870082951895701,0.030856702496778854,-0.0747819577442863,0.13102298670692392,-0.1814514821066656,0.18599218328376832,-0.30144947403047934,0.18529796843784907,0.1982006876810807,-0.14447723645758034
56.058000,-0.13586307977482143,-0.2604149963075872,-0.05170903781569797,-0.19736500357699624,-0.00024374098361801266,-0.08896148323754469,-0.008431602180283299,0.030758853084335624,-0.07499415557305944,0.13060586849207745,-0.18156385203995484,0.18576835388707902,-0.30155889979381534,0.1868585440304602,0.194888726879326,-0.12841038218216186
56.108000,-0.13601821697436006,-0.2597926412776032,-0.05121875293817785,-0.19742794188187918,0.00023878947477093404,-0.08902074042302158,-0.008536084009196532,0.030658002866417733,-0.07538233495548388,0.13031530934044938,-0.1816181069347762,0.18611818336849056,-0.3015627292919169,0.1897633945652945,0.19546219202455656,-0.1296190687209928
56.158000,-0.13599493525797932,-0.2593863343283125,-0.050713904876196245,-0.19766545724650675,0.0005863817152358397,-0.08918375097472606,-0.008696553121562117,0.03045665658399027,-0.07557148064121004,0.1300947219467914,-0.18122962952148547,0.18698369781376867,-0.3010327388938362,0.19385501389706522,0.19123631121553208,-0.1149915893993472
56.208000,-0.13591836498646617,-0.25937149220687533,-0.0503905670982044,-0.19788817546218967,0.0005241775704914187,-0.08922498585631847,-0.009267533621362622,0.030374856919227478,-0.07595111671999988,0.13014108239221583,-0.1807618112783957,0.18857667348349044,-0.30026732993002886,0.1994592748179223,0.1852531439981367,-0.09982552498537181
56.258000,-0.1356758583275434,-0.25975466475727543,-0.050215415802421295,-0.1981354097840463,0.00017834350844123104,-0.08922962930147105,-0.010035197238136034,0.030334928931384952,-0.07627722339431457,0.1303948808138647,-0.17997664215554351,0.19078056246591912,-0.2989715745782535,0.20627914490802263,0.17596167123678771,-0.08197181855885191
56.308000,-0.1352486489423479,-0.2604054656329844,-0.04999938777842031,-0.19850526635514867,-0.0003667202913004708,-0.08925052587166668,-0.011003252537727007,0.03027714532530229,-0.07657850803438279,0.13077533369976152,-0.1788529706113709,0.19354422969601293,-0.2970257875060781,0.2144053261957174,0.16477736068853194,-0.06483869409614723
56.358000,-0.13416327614333387,-0.2619758738304236,-0.04969487907443555,-0.1989919699648016,-0.0010773137158353319,-0.08928175011905415,-0.012188604820210044,0.030202722554150685,-0.07697417709558237,0.13121177969732234,-0.1776055795326769,0.19658242175890467,-0.29462364335153707,0.22316761952166636,0.15129518258270577,-0.04809271255313391
56.408000,-0.1336958361833201,-0.26350422742048857,-0.04959140336124028,-0.19975113668821598,-0.002106173348084772,-0.08954608723338256,-0.013548607774519203,0.02990712827110248,-0.07719172020877658,0.1316398871723915,-0.17573395415704288,0.2001192863544778,-0.2910743315189812,0.23323419729761535,0.13622078099287524,-0.03301236737717439
56.458000,-0.1332155308426287,-0.26655486196677197,-0.04993203289173136,-0.20104246304741316,-0.0035971399558483164,-0.09034884220340975,-0.015235629085393373,0.029085430812036905,-0.07753527076776962,0.13164641093828033,-0.17374154114047952,0.20337055984665475,-0.28696920895103856,0.24311342381145373,0.11905817298280905,-0.01986368573986866
56.508000,-0.13305773815396785,-0.26849793844373643,-0.05076398900283921,-0.20228527359263904,-0.005679599076655384,-0.09107647095263327,-0.017267918793870282,0.028362680275564045,-0.07767218474506883,0.1320512748956605,-0.17079560411994776,0.20773501662708754,-0.2809794053219551,0.25526952988449864,0.10024967750174713,-0.008464440262324235
56.558000,-0.13249860133021102,-0.27175486030110463,-0.051823693498675355,-0.20333932172071956,-0.008102122164481793,-0.09158770338816727,-0.019576700854889023,0.0278624286497286,-0.07789099241608965,0.132740659944448,-0.16757880545828926,0.21246578892654128,-0.27403577517396593,0.26784551083133595,0.08044752808684344,0.0011842852964555894
56.608000,-0.1314488599558434,-0.27421224479256157,-0.05232736495313199,-0.2043910792631238,-0.010299201386669982,-0.09199164213288569,-0.021745037390930366,0.02746124748540818,-0.07780509417166276,0.13356153039582974,-0.16361869259352876,0.21744255522105543,-0.26549676766506336,0.2808527895645246,0.05941445867727249,0.009008777467856555
56.658000,-0.13040565129259582,-0.2773944615895287,-0.05295779193557709,-0.20527511709590157,-0.012676389117084658,-0.09223791708208948,-0.023978043201711055,0.027228700074965362,-0.07754876154709567,0.13460736711799093,-0.15907352124165097,0.22266254048499734,-0.25557831717875473,0.293984517189701,0.05726127706107331,0.00959709070427106
56.708000,-0.12998783379960732,-0.27853114902397774,-0.05377569179502868,-0.20559849271839942,-0.014257299354789033,-0.09229228521440072,-0.02430190743205622,0.027286583523240704,-0.0743357963111726,0.1363581653566046,-0.15054772263802976,0.2290498170063066,-0.24043813603342803,0.30854644322153896,0.019678616633217877,0.018377108108238227
56.758000,-0.1286479286896638,-0.2806179050277092,-0.05426030511526908,-0.20571411680146331,-0.015495423511704146,-0.09214790723954483,-0.023861928991196643,0.027560077398329774,-0.0695300059962668,0.1385304641808357,-0.13915144550827896,0.23626917278840454,-0.22054404944017406,0.3244465169601679,-0.0015348513179885281,0.020540245187042172
56.808000,-0.1274813225041017,-0.28203007351369846,-0.05475903935077468,-0.20573780596202415,-0.01664989469626675,-0.09194987561041879,-0.02301602239352106,0.027881140483671962,-0.0637730357039351,0.14074772484775516,-0.12592029399139315,0.2434011139167574,-0.19738967730709372,0.3397967945693336,-0.021100499731856043,0.020978622298473304
56.858000,-0.12612084672669993,-0.28411851786380204,-0.0553840518366356,-0.20575433255364456,-0.017969763783885956,-0.09173603994449403,-0.022279029842834405,0.02818656103644357,-0.05795455919177607,0.14276080162163246,-0.11220814151279539,0.24979607060030284,-0.17291678896125162,0.35330674698191566,-0.03951742072689182,0.020108157507353397
56.908000,-0.12531791909322182,-0.2855215245296961,-0.05632404326211246,-0.20574171262393615,-0.01948367001984272,-0.09153669128349656,-0.02138354845485714,0.028448268031961654,-0.051384782517676864,0.14463744977754356,-0.09680568097301194,0.2557092373003439,-0.1453411493526586,0.36545580129743804,-0.05971394821344632,0.017991846990749516
56.958000,-0.12336590982208617,-0.2876365655761984,-0.05706962425330879,-0.20572616211206515,-0.020871840212568757,-0.09131584601015086,-0.020354292987106143,0.028683037921614918,-0.044576054630534684,0.14621306073659146,-0.08086104114369945,0.26059575065835966,-0.11666293540232645,0.375130567930201,-0.0742989527234825,0.014874592273136422
57.008000,-0.12202908684945092,-0.2888021382530626,-0.05736398597316322,-0.20560527432090647,-0.021446835136283024,-0.09110654823296782,-0.0179201331869078,0.028841617127575547,-0.035546874780904736,0.14753996581355544,-0.0615886391315025,0.26468016604177735,-0.08324773573857575,0.3827093299554708,-0.09302960050682876,0.010385541313481461
57.058000,-0.11981638744159624,-0.2903446946281023,-0.05757783638362801,-0.20533690027142454,-0.02166204960946863,-0.09083774629903427,-0.0147836140758619,0.02896495452448644,-0.025416436222552005,0.14849295581789412,-0.04072095497777871,0.26751300331272104,-0.04772803641140835,0.38730824866821273,-0.10831971031476001,0.005432832071381732
57.108000,-0.11848904336481206,-0.2913090454023359,-0.05780709003023438,-0.20519432471257854,-0.021539123633164514,-0.09080623698740947,-0.010753227253461867,0.028708048515563966,-0.013643216866619096,0.14867324330153414,-0.0172726341074797,0.26861834462081136,-0.00866634569135924,0.38830932924245454,-0.12259867239142361,-0.00018026530766152016
57.158000,-0.11690177592497279,-0.29220844773756893,-0.058215963992263156,-0.2047971897574353,-0.021337073549880084,-0.09060460050691219,-0.006362294861691112,0.02845738336384185,-0.001231917514134706,0.14834766332127464,0.007032898472790594,0.2680627117350064,0.031162295570158066,0.3856117321295528,-0.13502187938720048,-0.005937022980926354
57.208000,-0.11598035193011387,-0.29283612656310326,-0.058808896337646854,-0.20432572447786893,-0.020989274020505863,-0.09044123840628532,-0.0013338398940636736,0.027938083729385832,0.01242828617479505,0.14714632122187105,0.03320281034699041,0.2653343880705118,0.07312368364997895,0.37849941745117643,-0.1481884745120497,-0.012345458184438218
57.258000,-0.1147343070971387,-0.2936365139748507,-0.05935494050890228,-0.20400719773126447,-0.020574804039629524,-0.09044619643493657,0.0037461673254048367,0.027063336590521292,0.026025116172898266,0.1449770696255277,0.0589329765780682,0.2603766914773945,0.11362784408918578,0.3671871379137862,-0.151889376368258,-0.013945432997634344
57.308000,-0.11428428266830544,-0.2939103159018682,-0.060125399201987985,-0.20356040169760575,-0.019880877828294743,-0.09051006556629504,0.009473445936542979,0.025844236787803954,0.04039541646053578,0.1417917755237051,0.08511738080712812,0.25314681988624,0.15343338577046067,0.3518023998898562,-0.16683184100547443,-0.02321040904983812
57.358000,-0.11327246021903918,-0.29421857096604154,-0.0607709803862346,-0.20294569704860088,-0.01888896204952145,-0.090491721840771,0.01594204428231287,0.024342075439958644,0.05608950135074513,0.13742691832767007,0.11303152864691006,0.24305648581425393,0.19461934808670617,0.33105323415792404,-0.17019812853876512,-0.02459223309177877
57.408000,-0.11300461273160674,-0.2942826716259669,-0.0615572235589597,-0.20237721638783615,-0.017558512265517787,-0.09073442260106124,0.023228394341605688,0.02212136258260472,0.07289432543372316,0.13136098583695804,0.14180195490433872,0.22960424820512393,0.2353193182378529,0.30480067601354344,-0.17354843544679227,-0.026106198676822234
57.458000,-0.11268967525242021,-0.29429372616803495,-0.06217944319603404,-0.2018968970215234,-0.01578388510493782,-0.09122868934914932,0.031054808520309563,0.019252697225604576,0.08994667551559266,0.12380769711470535,0.16979569373514172,0.2133852293947036,0.2730895130578129,0.27446212265013525,-0.1893281570307961,-0.03595174489756037
57.508000,-0.11257560272712835,-0.29427325305744106,-0.06268004787293904,-0.20151709849250832,-0.0134911056024411,-0.09206186582494866,0.039731091232166754,0.0154899717423298,0.10785030356267855,0.11428153469924762,0.19788323661231358,0.19361671583901613,0.30898500021876874,0.23896424194061677,-0.19208564920211774,-0.03717575703457593
57.558000,-0.11255715684253427,-0.2935277466458555,-0.06286700942833431,-0.20074666083661252,-0.010552916041808469,-0.09275019963002779,0.049006719032523446,0.011425852655572388,0.12569680460804167,0.10372228148366736,0.2243642691708136,0.17202112068869418,0.3407139205384545,0.20139387382195634,-0.20079874578065388,-0.04054505522218804
57.608000,-0.11246276675271946,-0.2934959073026102,-0.0627197451686338,-0.20065513967140403,-0.007107195213297016,-0.09431961274147752,0.058666493296416766,0.006048818051412275,0.14326302688973294,0.0911571402296511,0.24908992537306243,0.147731582846429,0.36834798605646113,0.16105505694422861,-0.20540112062979476,-0.04125858564639173
57.658000,-0.11232795387608478,-0.2934565287009215,-0.06284752953636141,-0.2004857021086695,-0.003938151965796194,-0.09594056719437236,0.06815290703801717,-8.928973664945605e-06,0.16044818576844838,0.0766825407219407,0.27238086791287497,0.11993846133351443,0.3923149884990074,0.11596269483747251,-0.20760617695461148,-0.04217923429618481
57.708000,-0.11230523428506117,-0.29342542613922395,-0.0627572497040885,-0.20046487301947213,-0.00030286903679065114,-0.09799804748328106,0.07802961321158798,-0.0070913798245914594,0.17729024913710578,0.060342485226002884,0.2936648040635561,0.08961641502148127,0.41181005210624366,0.06859974628136445,-0.2097959134878443,-0.0386683589492392
57.758000,-0.11227078394139059,-0.2933997406507799,-0.06237661892049689,-0.20064055415738863,0.003781173103348634,-0.10052488827771994,0.08806134830745453,-0.015103274692134017,0.19328741092084334,0.04258100173466328,0.31231260295345814,0.05784545919633355,0.42647273525114426,0.020866219158514776,-0.20921285286954222,-0.03474760423313339
57.808000,-0.11203636834439026,-0.29336095304799087,-0.06153787024181081,-0.20098589414814516,0.008580994116962365,-0.10360342724577418,0.0986762799697784,-0.02433906283244247,0.20902273375847108,0.022816638147627466,0.32901927873389036,0.023727238429427144,0.4370756290633772,-0.02846303990822241,-0.20830797757983985,-0.03065746382392409
57.858000,-0.11059036099462272,-0.29233496332341125,-0.05958425347030636,-0.20099852016431682,0.014594121270421312,-0.10667159549393365,0.11010148106083459,-0.03401938132572413,0.22447290897599237,0.0023010877723154133,0.3437597806398292,-0.010761922926849743,0.4440568157174245,-0.07664443012245242,-0.20850218166909118,-0.030716240659840632
57.908000,-0.10893831766078851,-0.29091556617132946,-0.05630528163363623,-0.20031343976814941,0.022247064157559587,-0.10959668844462583,0.12297005541947459,-0.044367254664688105,0.24039093630802655,-0.01962181606774477,0.35729066096762285,-0.046722634773062016,0.4480746155436726,-0.12519730324325057,-0.20826484689041394,-0.03061655986729389
57.958000,-0.10534210296340325,-0.28775472631206184,-0.05173596983435754,-0.19907010463661923,0.03130960426067954,-0.1124477482658435,0.13677020903718468,-0.055193396115340965,0.2560693836244795,-0.042243224580178484,0.3690286338930377,-0.08274270332701208,0.449122976407542,-0.1721009502724914,-0.19795473371775746,-0.013073635121784943
58.008000,-0.10214600080451017,-0.28500302554142437,-0.04569490324659076,-0.19731929635678178,0.04204972241901113,-0.11546038928611899,0.15183003758500196,-0.06700130962032544,0.2718283107970129,-0.06635755024326162,0.3792288830675353,-0.11988433863901987,0.4473586483314547,-0.2186686242571447,-0.18908928900435268,-0.004874874949461816
58.058000,-0.0960536545540858,-0.27998571582847714,-0.03823407835582699,-0.19520533477610866,0.05421249351907553,-0.11869630688672514,0.16765055461042358,-0.07955800983849393,0.28708422014420476,-0.09120273126774686,0.38758049048513,-0.15678092617705833,0.4431145351280109,-0.26315747380670507,-0.17850030188115476,0.003995655575309065
58.108000,-0.09125822226656762,-0.27598844200448647,-0.029192106427229247,-0.19280877778284228,0.06798564185787873,-0.12240646789008247,0.18438712615422378,-0.0932398010663307,0.3019695715495888,-0.1172057881072604,0.39426813269888483,-0.19389330736410992,0.4366739607549167,-0.30615080487266055,-0.17272897634084539,0.006329319515233078
58.158000,-0.08215953972747406,-0.2694860673313952,-0.018597740244843397,-0.19028900781187824,0.08319357459433269,-0.12673959221022452,0.20175232904117527,-0.10819716130127183,0.3161299085719733,-0.14449825358065038,0.3989488083978703,-0.23133735670607455,0.42777172140380504,-0.3478244361863856,-0.1439949981148998,0.025216741313571323
58.208000,-0.07503786560510414,-0.2647141286179384,-0.006254091253310862,-0.18775896538459935,0.09990704530176117,-0.1318142329664768,0.2196773888492629,-0.1243936665114552,0.32950153767717577,-0.17275332257127907,0.40180040782122617,-0.268528441343817,0.416971048444318,-0.38756562739542433,-0.13386970888596822,0.02874654422154982
58.258000,-0.06261858890001924,-0.2570261300473464,0.007702538184962193,-0.1853745900848943,0.11784547837957982,-0.13774547372436485,0.23777995237257707,-0.1417105648989847,0.3418119805461717,-0.201521409351211,0.40290016477590884,-0.3048085515689802,0.4047599762697751,-0.4247941386251231,-0.08365966134320992,0.04884950182158487
58.308000,-0.05309439698407309,-0.25162953596352317,0.023455134042462814,-0.18329675700030124,0.13712128094995574,-0.14482589728539208,0.2560864567165041,-0.16055125753036742,0.3530205929774355,-0.231288611363736,0.4021686956023902,-0.34076218812254533,0.3910020736494745,-0.4602415024583778,-0.052775415520692225,0.05687938031341311
58.358000,-0.036797279020785494,-0.2432873083664436,0.040856273612455335,-0.18168509879114947,0.15738729809981267,-0.15304037271588572,0.2741934143770782,-0.18054184904392845,0.3629406680640797,-0.2613126665649552,0.3998390529877961,-0.37549895816784973,0.3763133591251034,-0.49317028742132085,-0.019209232531919695,0.062477774995145396
58.408000,-0.024512524427799217,-0.2376662981849274,0.060063741926521586,-0.18074075972123363,0.17869493475930456,-0.16266757275625643,0.2920672679353852,-0.20199585863565536,0.3715115790556756,-0.2919325109561776,0.3958613931738375,-0.4094360706997486,0.36062596984937795,-0.5241464230797587,0.02877237217020956,0.06564567476705868
58.458000,-0.003830770434853222,-0.22934875138805524,0.08087594137476765,-0.1806121235515603,0.20067343252599054,-0.17364354307396945,0.30936010512474926,-0.2245081397932026,0.3786509450932334,-0.322481500950519,0.3905087653142178,-0.4418941975100005,0.3444282698311224,-0.5526939625640492,0.06915372720164854,0.06399072039706899
58.508000,0.011523516898823551,-0.22401176660032573,0.10341246689738558,-0.1815333253732524,0.22332123302952384,-0.18621176578306292,0.32601658821900753,-0.24828965252629678,0.38433411463426304,-0.3531660851163025,0.3838175692858578,-0.47316497336491503,0.32777493764417126,-0.5792744613415998,0.1250409908012914,0.056294183327112945
58.558000,0.03699219213469208,-0.21656743946511525,0.12741453803017547,-0.18362271382710482,0.24625764010220608,-0.20024550209793612,0.341751486213771,-0.27291547770561586,0.38854798545531594,-0.3834147431273194,0.37602328207625646,-0.502759335821193,0.31095244434022956,-0.6035848587622203,0.16930061114460748,0.044324802807524516
58.608000,0.05550706448661187,-0.21269938419820666,0.1527837049507227,-0.18707378743382763,0.2693875662153603,-0.2154205603879099,0.356793251614261,-0.29764127650381167,0.3920625454347529,-0.412341219453326,0.3684591884493029,-0.5299969950822927,0.2957159614200039,-0.6254350531165427,0.19791722592963754,0.03751014151382365
58.658000,0.08449932281480062,-0.20923062741183826,0.17834020450975885,-0.19130861539308336,0.2921953345559275,-0.22921652172075985,0.37224035318180015,-0.3186189545352243,0.3980235196996652,-0.4358163449680938,0.3661065839868854,-0.5514939539280189,0.2882662130818969,-0.6428223539871941,0.27222932667184274,-0.0016536176986552131
58.708000,0.10439685065157261,-0.2065232065263965,0.20401367660796482,-0.19510900404424697,0.31485985709424363,-0.24107773549947686,0.38822624606580547,-0.3360375847478472,0.406194472131693,-0.4546847206258149,0.36814074346651615,-0.5684911955500346,0.2871835162518947,-0.657068435074193,0.32793273368414483,-0.038055530111614055
58.758000,0.13563801095119546,-0.19836120963290843,0.23023511085561799,-0.19637266864118852,0.3374484294380135,-0.2502735435742487,0.4038476185474142,-0.3502292722025441,0.4142491109342607,-0.46977762625280217,0.37064132373055797,-0.5815736945879466,0.28713006084606985,-0.6677471764221969,0.3661977130510897,-0.07391274776208426
58.808000,0.15766536250436494,-0.19032707539628468,0.2573982242444208,-0.19509246249963277,0.3601257403373073,-0.25711711435182566,0.4189622487223426,-0.3617032763478454,0.42172936953020396,-0.4816713681157596,0.3728913907016657,-0.5912836476465825,0.28723846879013315,-0.6753287365454401,0.39364818406139834,-0.09275280000430058
58.858000,0.19319835277193312,-0.1738437190078654,0.28573866898148453,-0.19098690203580956,0.38304141886245513,-0.2612163464704714,0.43369206778852337,-0.37000288866833786,0.42867524792561373,-0.48989797413251823,0.3747333075229191,-0.597090637433661,0.2870839352734971,-0.6790515277672966,0.43737216568224696,-0.15776563209731168
58.908000,0.21820617029647693,-0.16032101096294826,0.3153422573844466,-0.18399421427286122,0.4061517406236621,-0.2624393400221806,0.4479729224348561,-0.3749159542667204,0.4350924264412351,-0.49422267169268236,0.3763012649665436,-0.5988343313318292,0.28696565627686366,-0.6789539233180859,0.4689578336596639,-0.20006252580968686
58.958000,0.2546901526752298,-0.14214422284228995,0.34380795281345067,-0.17741915394471697,0.4274966530812724,-0.26342032514303665,0.4604653612590185,-0.3788025780292175,0.4401325066505918,-0.49706742920433455,0.37696337050602424,-0.5990951716999378,0.286239424066606,-0.6776392073898456,0.48561445173610907,-0.23221199814729798
59.008000,0.27904375933001824,-0.13085751688008015,0.3709717259283727,-0.1721296824481521,0.4468701935504335,-0.26507817685566243,0.4710575288141472,-0.3826152893471675,0.4439652764975578,-0.4995169996187209,0.3773541101862503,-0.5993315903489709,0.2861382568629859,-0.6773038168306393,0.5076517827787885,-0.26776641413465746
59.058000,0.3173697386433136,-0.11555597823795677,0.3982058544660522,-0.16810744298578373,0.46554756461179087,-0.26743062293209485,0.48076480474455685,-0.38646186086038703,0.4470858881350822,-0.5016388141801027,0.3772542479434353,-0.5992274509578764,0.2856893922106711,-0.676789537022125,0.5233060318064736,-0.29994892092508163
59.108000,0.3446955929683542,-0.10666643068865797,0.4263931572455735,-0.1657653057864859,0.4842721365650816,-0.2708843989757441,0.4902673844299992,-0.39073454291824494,0.4501873444985738,-0.5038432976594021,0.3774495477206449,-0.5992854944063993,0.2858509340739195,-0.6768077104350818,0.5251168001716783,-0.32291889277130914
59.158000,0.38813754521252325,-0.09552517969922539,0.45567347572766004,-0.16521197512216504,0.5031165890757433,-0.2754351623190562,0.49949640563086545,-0.39538054268789485,0.45292125385772286,-0.5059732876457291,0.3772126043430976,-0.5990764583150002,0.28548337846849897,-0.6764440815203604,0.5225645468174733,-0.3426144480627841
59.208000,0.4156710122502408,-0.08984480866787391,0.4832999530905696,-0.16568512628814405,0.519959362927724,-0.2799483647788804,0.5069984865682492,-0.39924637684946873,0.4544099221371824,-0.5071094515835015,0.3761254412917383,-0.5980574590314891,0.2845454426726177,-0.6756016648299991,0.5200410819627119,-0.36254483090530143
59.258000,0.45603757451357746,-0.08316718841037311,0.5086075628443909,-0.16712375113261851,0.5346399170887023,-0.28426604295115265,0.5131220068245407,-0.40232102818203336,0.4554636886593952,-0.5075613167903741,0.3754341587045798,-0.5969776147187231,0.2847408872772518,-0.6755570682534033,0.5141714562520648,-0.3779007348943387
59.308000,0.4836890959232379,-0.08060687902857638,0.5333152536780479,-0.16998134397870993,0.5482209363227517,-0.2890519978985375,0.5183163791740008,-0.40526609971814065,0.4560561884137115,-0.5078510335363791,0.37483003245616775,-0.5961817280222755,0.28568858835462463,-0.6765172926464904,0.5059260009034928,-0.3884849781428829
59.358000,0.527069322016622,-0.08035619131569699,0.5583957098587033,-0.1746885673750433,0.5616763205926708,-0.2946437156314318,0.5232757255028829,-0.40833361974235155,0.45633547449462664,-0.507927810310635,0.3737382182410838,-0.5949777572341485,0.28595422958808137,-0.6767944507396275,0.4954788087924027,-0.39210732725452735
59.408000,0.5569735116109571,-0.08285438891013461,0.5838101683660984,-0.1816731993616816,0.5751199614693092,-0.30135812031704245,0.5283446347258393,-0.4118663499112294,0.4569389114684472,-0.5083091966448707,0.37315480162815184,-0.5942174205717405,0.2869755459055262,-0.6777227250924367,0.4830753491988273,-0.38898059459235285
59.458000,0.6002641568787997,-0.09027897105832645,0.6085493166070773,-0.19039320079330616,0.5878428553248268,-0.30859321120433175,0.5329024954628074,-0.4152775908399269,0.4571536013948976,-0.5083480214153173,0.3721540877576812,-0.5930538811974875,0.28750951062777275,-0.6781144217700641,0.4715580576228381,-0.3832841819989975
59.508000,0.6277755610986883,-0.09679589683296205,0.6305658740280857,-0.20004730972249685,0.5985602312561921,-0.3157004066579351,0.5363159562567924,-0.418294998278542,0.4569198388908984,-0.5082741989152512,0.37123844670563233,-0.5922902630529779,0.288670329390626,-0.6793678491647628,0.47228428689279367,-0.3805510594193468
59.558000,0.6668527977943383,-0.10921989638607663,0.6508356190030264,-0.20988476831354663,0.6079159817837366,-0.3219468258574118,0.5388082550479751,-0.42004943594203353,0.4560321250339283,-0.5069293087544268,0.3697942393192194,-0.5903740633376647,0.2894256588289173,-0.6794857419773012,0.45692992591524656,-0.360199711067051
59.608000,0.6916937597851404,-0.1196781954505109,0.6697323877379268,-0.22112675209180166,0.6162390104889086,-0.32854396947567466,0.5407968978166428,-0.4218632474172936,0.4551502005762365,-0.5059146795990841,0.36891403873838907,-0.5893612157253763,0.29154662670152964,-0.681090619706427,0.4556152579577315,-0.3425905513548311
59.658000,0.7269092176127145,-0.13838973988764183,0.6869906828536733,-0.2331442650340834,0.6235103900889242,-0.3349787014026405,0.542140304331691,-0.42317682578099935,0.45375038353415603,-0.5043385279650061,0.3674707415639097,-0.5877401069757542,0.2930148689800509,-0.6818481461529476,0.4575699779457669,-0.32247408320601034
59.708000,0.7491247329428039,-0.15307284987816466,0.7030026987228072,-0.2464863037349926,0.6301873687405866,-0.3418693615575443,0.543406405520647,-0.42474918070924994,0.45259983925921965,-0.503197683077421,0.36655660386386263,-0.5868431350918555,0.29540543222808024,-0.6834739312950089,0.460118991635379,-0.3052085664762596
59.758000,0.7775967896638416,-0.17514617749387354,0.717302014033318,-0.2599860283404728,0.6358808604710922,-0.34813701104962713,0.5440933173841818,-0.42543543880699897,0.45096551040431415,-0.5011137815921544,0.36508934788337793,-0.58493075308746,0.2971105010310635,-0.6838189545069057,0.46530239822503583,-0.28781505547109293
59.808000,0.792982206689915,-0.18946756004105977,0.7269924196128835,-0.2707944747925306,0.6387561385281703,-0.35212318249016283,0.5432860052009245,-0.4248243066532276,0.44887987640692983,-0.49890185196381215,0.3642093173448769,-0.5839365292443162,0.30060454300508027,-0.6856932513728169,0.4727190284197026,-0.27084665078875314
59.858000,0.8164574728537701,-0.2162742997891347,0.7375421661514909,-0.2845679054005871,0.6424963724302764,-0.3578229185011667,0.5431328453792001,-0.42510507956324106,0.44705703837227306,-0.49700389128777467,0.3631326496000885,-0.5827750809027081,0.3034232440101662,-0.6868653615187567,0.4825595859689655,-0.25498027240733734
59.908000,0.8284092388899607,-0.23269552627045123,0.7455459601503581,-0.29717783231568196,0.6446910727311307,-0.3622031480292897,0.5420392067232808,-0.4243529220039705,0.44470081814960843,-0.4945329626842114,0.3619569535944342,-0.5814435654806451,0.3066878172384705,-0.6879579896976649,0.5010680337799283,-0.23562822819480178
59.958000,0.8428578809433642,-0.256817949600757,0.7515051809122355,-0.3083052956702944,0.6459764037463079,-0.3654338978402799,0.5406894232416665,-0.4230069100282293,0.4425101027940215,-0.4920056131719727,0.361335561813643,-0.5803837433608181,0.31087515990693915,-0.6892586616207694,0.5134379369869491,-0.22160403237060614
60.008000,0.8516492815999759,-0.27483326498301436,0.7567383442072825,-0.32028494979796596,0.6472350196261325,-0.36936673761682215,0.5395922250880477,-0.42240473130540696,0.44063712175834496,-0.4902861537865969,0.3610297240128495,-0.5800784820844033,0.31528779752147806,-0.6910184485559936,0.5257284626234392,-0.2127731939976645
60.058000,0.8607626137177654,-0.29717484756272206,0.7609115825021562,-0.3305930840339386,0.6482979041376762,-0.3720437707183817,0.5387070990272848,-0.42092991826175363,0.43914405647631805,-0.4879164882137722,0.36113408951567955,-0.5791000670768873,0.3199350153244127,-0.6918060397140107,0.5563109625159411,-0.19223534744731902
60.108000,0.8647042570659822,-0.31040172387626547,0.763056119105306,-0.3380540749107725,0.6480692279720611,-0.37237629610217055,0.5370507878716064,-0.41792743173742924,0.4375107725369565,-0.4849482146870313,0.3620629413431381,-0.5782628693139925,0.32664636240256406,-0.6929174197520191,0.5636842199689175,-0.1887760212349935
60.158000,0.869085967910645,-0.3324177171855077,0.7646848866912116,-0.34633070553573586,0.6477836931701375,-0.37342518750805564,0.5354627891819175,-0.4156627836431236,0.4359689701308839,-0.4827521268403867,0.3631092005284082,-0.5781012431104086,0.3333970163868951,-0.6943646772311192,0.5836711498556161,-0.17757697867047312
60.208000,0.8707910251552886,-0.34680118110015795,0.7656760472951626,-0.3547184998372546,0.6473552336822936,-0.37472312595194907,0.53389672864954,-0.4138021182077969,0.43450953098788214,-0.4810493110188173,0.36426401848959333,-0.5783404615611598,0.3401131666263427,-0.6958850758753823,0.6057498218767275,-0.17099581910867306
60.258000,0.8722386275765104,-0.3679110443961063,0.7666370778911404,-0.36281974565547115,0.6473396882032036,-0.3757863494376691,0.5328139221417234,-0.4116171868271456,0.4333742853760352,-0.4787868127000653,0.36535575015689037,-0.5776477193651466,0.34603595497205797,-0.6960822815250839,0.6318555189748609,-0.1617719534794819
60.308000,0.8722377912937489,-0.38192268609355146,0.7671997260550881,-0.37088915609657735,0.6473617994316134,-0.37712384471627936,0.5319468020791962,-0.4099777392462204,0.4325770238668329,-0.477250669744158,0.36688310399014123,-0.5776713294270377,0.35231530141654166,-0.696783793628633,0.6506638447067759,-0.15757966639314172
60.358000,0.8710628238390596,-0.40202149657207387,0.7676776311640224,-0.3796249550749824,0.6476786132067124,-0.37913947669863723,0.5314127636860014,-0.4088422078053205,0.4319012982923393,-0.47590537396361565,0.36804108899971655,-0.5775019962946801,0.35737567119281466,-0.6970270935044178,0.6659579851844764,-0.15622313101321947
60.408000,0.8694630974200617,-0.41200719432839833,0.7674247851534323,-0.3850331671720863,0.647569239606127,-0.3791468948747967,0.5308234319209977,-0.40690327050179054,0.4318136556876784,-0.47470492394938746,0.3706529372497145,-0.5779491321169749,0.36468165639921357,-0.6978004725558887,0.6777634078926429,-0.15516821167951453
60.458000,0.8663634909767434,-0.42625107559335634,0.7670386276559955,-0.3898607728595164,0.6475344815722062,-0.3789631094042471,0.5303795532881537,-0.40493853584460676,0.4318473917456696,-0.4734324271179591,0.37316837012050424,-0.5781070296780517,0.371349316070137,-0.6980932415624256,0.693931528438956,-0.15690893877320075
60.508000,0.8639396746867569,-0.43506513939511243,0.7665194614805462,-0.3943598804529781,0.6475230176125153,-0.37887290699905307,0.5300506445219593,-0.40337273476320645,0.4321040030599786,-0.4727013394391859,0.37593512045465133,-0.5787440507722567,0.3780438520404888,-0.6987255212212342,0.7063628274174591,-0.15757959448426895
60.558000,0.8598536125300648,-0.4472363073825006,0.765909835431825,-0.39854031583948146,0.6475573848442694,-0.37872372077574284,0.5297906240863195,-0.4017669423512902,0.4323108978292258,-0.47175053306255704,0.37826839201219936,-0.5788925302672789,0.3835881459243549,-0.6987745565193992,0.7160911933208832,-0.15799169413322678
60.608000,0.8569079527114645,-0.45465415072682663,0.7651828053657616,-0.4023735283005196,0.6475488809740293,-0.37866150957160927,0.5295597570099252,-0.40053767528188117,0.4326291726430526,-0.4712798961566644,0.3806676968049205,-0.5794464576658628,0.38888353074575494,-0.6991648776047201,0.7299798536607386,-0.1595458345386334
60.658000,0.8522901080513696,-0.4647333722641944,0.7643824760300535,-0.40589110211670565,0.6475376487158374,-0.3785545637493298,0.5293414521300085,-0.3992827839489536,0.43283246787539026,-0.47059909315057896,0.38253975215833425,-0.5795515724514346,0.3929299970620819,-0.6991009045735344,0.7298219692765859,-0.16001746152575874
60.708000,0.84917644693307,-0.47076100586248243,0.7635321248718879,-0.4090498598583397,0.64748216551585,-0.3785145207663637,0.5291338131073768,-0.39835557623727613,0.43309519226815546,-0.470304052991828,0.38434576178508023,-0.5799557425710397,0.39650743966785496,-0.6993378752001547,0.7375888424339108,-0.1619501982302181
60.758000,0.8445851646456263,-0.4787910106003267,0.7626952529101328,-0.411894526987996,0.6474560560227609,-0.3784292091088315,0.5289646543964198,-0.3973972807194385,0.433258984322534,-0.4697880585554897,0.3856192497170435,-0.579926406494427,0.39883592795897427,-0.6991963499682513,0.7424364970570763,-0.16387862180203594
60.808000,0.8416556688461891,-0.4834644037369405,0.7618864363937413,-0.4143718711763622,0.6474059238530098,-0.37839670962826916,0.5288149749643585,-0.39673210822468097,0.4334633354368744,-0.46958857560693,0.38674373199534867,-0.5801203748968474,0.4005452743897736,-0.6993240553246549,0.7397594436203133,-0.16495189607713084
60.858000,0.8376592589327888,-0.4892224809466735,0.7611533161860684,-0.41647156036586186,0.6473861034735917,-0.3783006118364621,0.5287087363169456,-0.3960680687385233,0.43360100690109304,-0.46924265316071856,0.38741123661531934,-0.5799969087040044,0.401152440029659,-0.6992075597748115,0.7350707099376969,-0.1660236945678769
60.908000,0.8354947200422671,-0.4916329505775941,0.7606013559711898,-0.41754482132101145,0.6473643182718933,-0.37782866222816724,0.5286725429588222,-0.39549961220351987,0.43396015472987715,-0.4691851841696083,0.38829217583930703,-0.580155611329507,0.4016977119464643,-0.6994044754820838,0.7275909154880309,-0.16644948265717696
60.958000,0.8328805205625059,-0.4939405162598675,0.7602092222728111,-0.4178062724639037,0.6473522723140236,-0.37702258888824175,0.5286830699213572,-0.3948444968525533,0.43437107390574403,-0.46904185130371245,0.38901453471742803,-0.5801399356835018,0.40165132938090814,-0.6994727116531951,0.715592741761289,-0.167213341679189
61.008000,0.831577731268266,-0.49485375376888685,0.7600068899356993,-0.4176544736517943,0.6473735691277416,-0.37625719060360807,0.5287664516664274,-0.394487705887549,0.43486613062055685,-0.46920537252324107,0.3895897130223231,-0.5803361333839061,0.40094064282656905,-0.6997980787580673,0.7012954157251816,-0.1691438506607454
61.058000,0.8302741610831921,-0.49522447112776874,0.7599664208090249,-0.4170396339233806,0.6474164944437684,-0.37541615406915263,0.5288982503800916,-0.39421577704576505,0.43536465785704725,-0.4693920171069247,0.38989563874293404,-0.5804441143442141,0.399478419062157,-0.7000608787267767,0.6863894437505045,-0.17217226554756937
61.108000,0.8296748376914342,-0.49544624664476034,0.7600098930993197,-0.41650313959648366,0.647440254424674,-0.3749330006905368,0.5290234352917245,-0.39436125193542093,0.4357343754920162,-0.46984072809739796,0.3896423699207417,-0.5806357055215464,0.39672393795991207,-0.7004265707580353,0.6889241496915848,-0.17089835308464763
61.158000,0.8291209873638721,-0.4955660193952074,0.7600475623358863,-0.41609484817025677,0.647420247520337,-0.37468122773640544,0.529085788162022,-0.3946049755860277,0.4358139138236284,-0.4701056872211037,0.3885819231654389,-0.580419508016436,0.3924304224944188,-0.7003577798603926,0.6546423176286905,-0.18333510394643998
61.208000,0.8290692730221777,-0.49546720476125383,0.7602197418790808,-0.41576330624746505,0.6474545250596564,-0.3747266655995245,0.529201672472679,-0.3951291864007046,0.43576956061090355,-0.4704315135430226,0.3868989159063038,-0.5800292328904467,0.38670085925253855,-0.7000290694468433,0.6400017371009961,-0.1907060990186718
61.258000,0.8294006374810163,-0.49513638399575793,0.7604185570689755,-0.4155295362161957,0.6474558444592396,-0.3750397157689499,0.5292768593914836,-0.39586584090914645,0.43551704632577926,-0.47075974889827576,0.38461116363973835,-0.5794270903949509,0.379776682227906,-0.6993296666369927,0.6237824170839189,-0.2011629756762936
61.308000,0.8299957248262935,-0.49459460246933085,0.7607149821128355,-0.4152439557287814,0.6474548849585797,-0.37559360399505104,0.5293597779030625,-0.39689021615628367,0.4351370638785617,-0.4712009163404235,0.3817782238594137,-0.5786850276862915,0.37158241910192324,-0.6982510996521596,0.607616351365907,-0.21399983513520615
61.358000,0.8314407909197347,-0.4932642393735426,0.761103619932311,-0.4148628623609321,0.647456879562662,-0.3763347115701976,0.5294608139435818,-0.39817340426041464,0.4347041638581488,-0.47180204858167585,0.3786726268222255,-0.5779173955273083,0.3627459871649704,-0.6968557919736533,0.5927070582417078,-0.22840267578064954
61.408000,0.8326224313373509,-0.4930762649931293,0.7617228202431097,-0.4148399635626678,0.6477227262475809,-0.37737026154901954,0.5297655646292875,-0.3994181191020754,0.4341127307401844,-0.47187869712855907,0.3746925722430324,-0.5761343672981726,0.3519938420497406,-0.6939680112450236,0.5790521656889763,-0.24443455902921948
61.458000,0.8350469812836359,-0.49318033604415484,0.7627740882713819,-0.4157390941017951,0.6484631539027719,-0.379228680741036,0.530487301359585,-0.4011763051381959,0.43366347681685674,-0.472064576388161,0.3703883646439462,-0.5740266290319287,0.340308271124128,-0.6901954199081441,0.5784864814232578,-0.2460316506604475
61.508000,0.8368909628950276,-0.4930350475944142,0.7638627869869732,-0.4166976578611118,0.649197777777997,-0.38131495498096124,0.5311859939637098,-0.40306854964867633,0.43301082787658535,-0.47207316372450575,0.3654705064683314,-0.5712613937926484,0.32735207102519337,-0.6850462121092629,0.5585431161933563,-0.2803291404795283
61.558000,0.8393800172407009,-0.491875700689775,0.7646677384201839,-0.41751969763070984,0.6495984868664394,-0.3834746194715829,0.5315560163609283,-0.4050610771929315,0.4319979262544161,-0.4720550074727975,0.3601322091209819,-0.5681555730325132,0.31390160462108274,-0.6788927899361987,0.5501417674656518,-0.3027581485971313
61.608000,0.8409785142759032,-0.4906391484991601,0.765060198107062,-0.4174977257462116,0.6495822106106277,-0.3848659252477197,0.5314750585365247,-0.4060956362430369,0.43033470070509156,-0.47067603588356,0.35376430545127024,-0.5630717856271146,0.2988892118469808,-0.6697897508528463,0.5431180351049715,-0.32612104072091763
61.658000,0.843676984579946,-0.48858289269007427,0.7654853079685274,-0.41767847844391215,0.6495603366305129,-0.3866720110495037,0.5313980623603027,-0.40759274094335907,0.42869540626062447,-0.46965854819720215,0.3475007891525695,-0.5580182344385889,0.2841801121556534,-0.659951996581719,0.538723960975684,-0.3472422179966428
61.708000,0.8453232959787028,-0.4882180307812691,0.7661102730119386,-0.4185117875876964,0.6499086021286988,-0.3885589632810804,0.5315479833265131,-0.40832671269174947,0.426806525080592,-0.4668863141633677,0.34029104201516636,-0.550043221212334,0.2677597093478682,-0.6456424146268116,0.5363248215761702,-0.36892499073002205
61.758000,0.8473659301477899,-0.48636871602452736,0.7662683079802767,-0.4190074221324295,0.6498001771546424,-0.3901080362914997,0.5312302581221462,-0.40857894045527193,0.4244605416206,-0.4633532742091335,0.3327739544987006,-0.5407714228691112,0.2514584656878728,-0.6290198861954269,0.5362763228149561,-0.3894974516872362
61.808000,0.8486666091313307,-0.48497298323051363,0.7663141569099728,-0.41924255251217907,0.6496471498264818,-0.3911568006408003,0.5308119034703843,-0.40783565622161333,0.4218469926806055,-0.4581014320196205,0.32483308739666916,-0.5287293456342772,0.2347783474626195,-0.6080397725364866,0.5360052747631854,-0.39429041906455636
61.858000,0.8506056090594453,-0.4830050906398065,0.7663323868634943,-0.41957275718851866,0.6494750585449098,-0.39228970717129086,0.5303859397428758,-0.4070471386197181,0.4193433293599353,-0.45253932123764085,0.31739564120102415,-0.5158375746025906,0.21948273402365848,-0.5852138141091865,0.5403052662895658,-0.43046608732321434
61.908000,0.851891641745008,-0.4818329566609392,0.7663034800587034,-0.4202459534031351,0.6492791822262824,-0.3936882103358331,0.529933994953073,-0.40620724682921233,0.41684885706653224,-0.44635387295373263,0.3102081111009115,-0.501378879086362,0.20514475679764366,-0.5593589755207933,0.5447292065888982,-0.4506683439282095
61.958000,0.8537069418999,-0.4800821036140764,0.7662454470236099,-0.42110129304094934,0.649060434898735,-0.39526192514452263,0.5294933018260265,-0.405445278657444,0.4145859944866906,-0.4400330036479779,0.30387991179219886,-0.4863381141050152,0.1929714729286286,-0.5321564312810503,0.5454090740055775,-0.4557648450983398
62.008000,0.8546730805878165,-0.4788165930280218,0.7660884036464428,-0.42176543666660704,0.6488611513089126,-0.39611838402126404,0.5290775714095417,-0.4033221321075759,0.4124553444092452,-0.43159325110720614,0.2981800748133806,-0.46821514017361643,0.18265046887113934,-0.5006637171968145,0.5561566334896483,-0.4838745275308309
62.058000,0.8560453931369069,-0.47694359711982276,0.7658004395475035,-0.422510692761259,0.6485358163404188,-0.39703505451409293,0.5286019418230157,-0.4010182370662481,0.4105370917429717,-0.4224819547213232,0.29341807363508154,-0.448618817529313,0.1747775623290122,-0.4666307323923818,0.5574872846063246,-0.48894375082612523
62.108000,0.8567852244501902,-0.47586960505222914,0.7655576289717972,-0.42324033456427046,0.648353745857729,-0.39748669825822996,0.5283538108303172,-0.3976115718621437,0.4091527764748303,-0.41143594919285953,0.29004414958541613,-0.42603509302112325,0.1700687841525832,-0.42846648958650907,0.5580007353479796,-0.4907987768650304
62.158000,0.8576521508287795,-0.4737694330610361,0.7651547451979189,-0.42352374362570505,0.6480398489357962,-0.3973684177146758,0.5281023639039089,-0.39349547513496125,0.4082539212726252,-0.3995246375026468,0.28828935447207826,-0.402440578578361,0.16900193617764436,-0.3893825604803217,0.5766585539150939,-0.5233351345322061
62.208000,0.8583458388527678,-0.47253505202901347,0.7648539927169258,-0.4239662192482552,0.6479135995202494,-0.3970414269740961,0.5282083257764936,-0.3886362239466594,0.4082332615113931,-0.3861900116531398,0.2886106495490648,-0.3766805054982342,0.1721753715267219,-0.34764903926141416,0.5835888756327814,-0.5341470659036424
62.258000,0.8586526797685834,-0.47176885496540666,0.7643220915250923,-0.4247629741508372,0.6476541593854095,-0.39668106520129576,0.528379236836175,-0.3835093967088959,0.40887999766211064,-0.3725580572100403,0.29084520669905933,-0.35092964713651387,0.17920967406250576,-0.30691251577890605,0.5845064243594397,-0.5360184040499543
62.308000,0.8588328206525507,-0.4714699235692829,0.7638047289023296,-0.4260558816201152,0.6474776583811259,-0.3965938269742678,0.5288934807391468,-0.37821468627140775,0.4105794682036409,-0.35816987552777235,0.2955773449320178,-0.3238987266847822,0.1910736245090361,-0.26491591208802634,0.586282200376981,-0.5395430066792667
62.358000,0.8590831093440426,-0.47062124426816465,0.7631823924058607,-0.4271483878929037,0.6472519193175132,-0.3961624974020376,0.5296318942704059,-0.37238162887463006,0.41325839426610766,-0.34310350569793757,0.3027336784717689,-0.296367147275606,0.20746094260407388,-0.22340752967597466,0.5972288406207265,-0.5533475434514954
62.408000,0.8591656515387369,-0.4701994090038967,0.7627464742103651,-0.4278464169751552,0.6473877076756593,-0.39479562298179977,0.5311367135219922,-0.3650348038014742,0.41764019627402676,-0.3260663476788318,0.3132562116764863,-0.2668718905097657,0.22947311231340084,-0.18096268110172076,0.5989351349789866,-0.5567448476870325
62.458000,0.8591999823237411,-0.46970080981498524,0.7623383710687963,-0.4284762304875438,0.6477020270578164,-0.393000765278526,0.5332130912739295,-0.3570524192376721,0.4234642733238023,-0.3085220477312658,0.32660887901747326,-0.23767691667933297,0.25587132263512213,-0.14074292822815254,0.608951890106499,-0.569825872189228
62.508000,0.8591967344436335,-0.46950999878332117,0.7620257763843028,-0.4288752965501026,0.6483069270723296,-0.3905605042218028,0.5360933633196017,-0.3480385556550634,0.4311554168984813,-0.2898317914354467,0.3434597750277193,-0.20792041007195666,0.2875533379389231,-0.10173910149066062,0.6107341948535403,-0.5735127033178037
62.558000,0.8589325365842229,-0.46920025218283956,0.7615366697166455,-0.4290869172767724,0.64888180552505,-0.3877482964244382,0.5393680375340506,-0.3386898147886044,0.4400720149491814,-0.27130806726878165,0.3626201041626983,-0.17964999879948346,0.32230922614030433,-0.06662330676143813,0.6149693615875628,-0.5820643985734442
62.608000,0.858910912161872,-0.469104232604098,0.7614942654996373,-0.42903635701635856,0.6501451071891395,-0.38429973953644947,0.5438166338359911,-0.32867370467516527,0.4509525384370236,-0.2526719955777281,0.38458337646358925,-0.1526963268430605,0.360127395403279,-0.0352148177006521,0.6162174822689226,-0.5841611836589751
62.658000,0.8588696425033886,-0.46900037171462416,0.761417379221872,-0.42909160043668537,0.6515655319893112,-0.3807948959984516,0.549046961807039,-0.31842549029515405,0.46378133484261125,-0.23398750797461856,0.40998178320469014,-0.12672330964377443,0.40250811183038104,-0.0069562681165294404,0.6158555825122859,-0.5890453768712882
62.708000,0.8588501330750199,-0.4689749942438477,0.7614358462023806,-0.4288892592996522,0.6533164355708987,-0.376829744850313,0.5551789167742458,-0.3077715997518773,0.47840438589501194,-0.2155454027779506,0.43799800527159105,-0.10255281715873726,0.44752168231566575,0.017068667431448747,0.6143264696732332,-0.591147300869267
62.758000,0.8588273946635991,-0.4689317755913979,0.7615939529624746,-0.4284317601642448,0.6554564805825978,-0.3724421454414159,0.5621861900455506,-0.2969394772558822,0.4944995140372645,-0.19785106274162478,0.46771559162448645,-0.08087832446391213,0.49342820305470697,0.0363345656695474,0.6111275387763785,-0.5912747457080534
62.808000,0.8587722777161089,-0.4687260078998196,0.7618699825256546,-0.42756474092656543,0.6580692542416526,-0.36735337316506406,0.5703534274118113,-0.2854636074824262,0.5126264967967301,-0.18026093887672212,0.4999987380817436,-0.06092720638738747,0.5413997907293788,0.05170472886930483,0.6070204452712284,-0.5908933906807244
62.858000,0.8575402290037349,-0.4679055948992893,0.7617524220077523,-0.4256931429483065,0.6606597731459263,-0.36103808633167705,0.579005568865385,-0.2731029345247254,0.5315997561346439,-0.16286369958843822,0.5328031588342745,-0.04286973381539394,0.5884174719584598,0.06346487097403997,0.6019967978227403,-0.5895453992154324
62.908000,0.8560391695978113,-0.4662217521300338,0.760801126991117,-0.4225358019506926,0.6629001727492781,-0.35314269596358927,0.5881154030131384,-0.2592958088787609,0.5518798625805186,-0.14489744521233427,0.5672073624663484,-0.0258803550645329,0.6362125445755271,0.07229441176523388,0.6017725919420862,-0.5890828654052954
62.958000,0.8524974304322306,-0.46328226935333916,0.7591636613725448,-0.4181545744353433,0.6649241644749908,-0.3438651591428812,0.5975979503854632,-0.2445314745420819,0.5728592986575088,-0.1271091635842278,0.6018327781908455,-0.010659442744153091,0.6826691244011611,0.07802812758769212,0.588231995753917,-0.5817973607887873
63.008000,0.8494966954523537,-0.46034011417781956,0.7568959740406472,-0.4123929054407738,0.6669938763813573,-0.332909493105498,0.6079833386667057,-0.22842142470231774,0.5953375264478287,-0.1090896039949939,0.6377114889149631,0.0031799257307240647,0.7290390325430258,0.08102130145639008,0.5789162805996138,-0.5734146030580325
63.058000,0.8440788060549241,-0.45446178301764467,0.7540995005910374,-0.4051096031533191,0.6689480458928533,-0.3205564851576881,0.6187971438835995,-0.21153865621371115,0.618460935237363,-0.09153912719902613,0.6736011511041358,0.015042093445915394,0.7738298715209533,0.08102848297896531,0.5689316056189317,-0.5635138277085332
63.108000,0.8398080496867028,-0.44976816474136366,0.7508694754522584,-0.3962974047965027,0.6712685426861547,-0.3064993452252278,0.6308156920727032,-0.19352338814919418,0.6431132155562362,-0.07415517246272274,0.7103468654344522,0.025241187249559704,0.8178762486481974,0.07850873596049202,0.5563923818012084,-0.5477059129094842
63.158000,0.8325053577976297,-0.4413802110407942,0.7473577910848789,-0.38599843558880303,0.6740067420961449,-0.2910267365819288,0.6437725633837748,-0.17489795273576747,0.6685202860216348,-0.057477553212347654,0.7466858380809608,0.03357268825499149,0.8597211892596552,0.07385927887655236,0.5441503500904854,-0.5306263377908305
63.208000,0.8270964554253853,-0.4347893990813922,0.7436626032587962,-0.3740047120185962,0.6774269835415909,-0.27394051921878526,0.658119059219892,-0.15550402121927692,0.6953012232660691,-0.041409820328770885,0.7833960427646948,0.04007209654549382,0.9003273892090063,0.06703615074215219,0.539757321416126,-0.520959133254856
63.258000,0.8182820389693923,-0.42323858784417373,0.7399502796367802,-0.3603989433698931,0.6815756120376832,-0.25555430505827076,0.6735613126327986,-0.13582222495837076,0.7226983452975744,-0.02634367901944845,0.8193757641997672,0.04474413058536303,0.9385766298180676,0.058569962779046636,0.5295595344084021,-0.4968100772468072
63.308000,0.8120112543364335,-0.41433325791603554,0.736362167824394,-0.3449829307442245,0.6867318419519779,-0.23572712653319974,0.6904973767628338,-0.11578622130238109,0.7511991107815209,-0.01227149052881149,0.8552152252016963,0.04756702500198157,0.9752123682920957,0.04839506494197371,0.5267113721706213,-0.4895628417864168
63.358000,0.8021571044694069,-0.3990086870317732,0.7330712512224421,-0.32788627656890923,0.6929146376461426,-0.21480468484822404,0.7085950436432694,-0.09583357546546145,0.78008359372806,0.0005478916678750001,0.890005842570824,0.04868414837058732,1.0094405208478374,0.03704981878670982,0.49388996543872127,-0.40202334545726154
63.408000,0.7953854311207418,-0.3873915805924829,0.7302611321322404,-0.3089321062648913,0.7003955201505606,-0.1927079899165202,0.7281693847124076,-0.07596634161866483,0.809695365543857,0.01208770115888258,0.9241684219524954,0.04808658109235642,1.0418318038776857,0.024521170976537388,0.4880991084899916,-0.3649722854164633
63.458000,0.7851133187777432,-0.36772041879267425,0.7280989703243914,-0.28830514849564326,0.7091475788147263,-0.16981107792733435,0.7488522033300846,-0.05656999531111068,0.8393799459046123,0.022200099422614694,0.9570005363917264,0.04597817111614294,1.0718644879484664,0.011246735315547651,0.48569885715418143,-0.3244769855950176
63.508000,0.778313232468618,-0.35303295204686086,0.7268048032375145,-0.2658631165622395,0.7194126879939529,-0.14609101366583932,0.7708589597194921,-0.03767846307531969,0.8693456697428903,0.030880766418360406,0.9887892643121843,0.042423197547292346,1.0999926147088104,-0.002674638992447853,0.48464953329059096,-0.2994431778027915
63.558000,0.7684229023424093,-0.3285293736125512,0.7265217741445873,-0.24185049419196084,0.7311028580014979,-0.12193796911348576,0.7937959805911261,-0.01961704075588222,0.8990260558979537,0.038059915222388774,1.0190252005330376,0.037606829305385114,1.1258863699512491,-0.016988870805266898,0.4953208482902922,-0.22283540035737126
63.608000,0.7638670087338709,-0.31062238078089804,0.7276486846959238,-0.21657936636375258,0.7434524184726718,-0.09762457663853163,0.8159261494484895,-0.0019817080156712685,0.9262320554933001,0.04526876385108103,1.0457290978610412,0.03429347955909806,1.148352593960988,-0.027903128451744807,0.499258847128482,-0.19375645645140377
63.658000,0.7576442195476085,-0.2830672369438301,0.7292050444684638,-0.19165118796743036,0.7532961405615891,-0.07409431199262131,0.8325389489448426,0.016019933937053865,0.9458357984004838,0.05556514734400669,1.0644893597413772,0.03763940102420754,1.1644311547431434,-0.028780758655046146,0.5303573580316507,-0.1164872871982855
63.708000,0.7506246627970944,-0.26433864522115075,0.7278069405755916,-0.16664646725993404,0.7601366762014495,-0.051083548491143965,0.8456025186294966,0.03315177532293956,0.9612346394448259,0.0652331193681624,1.0787862961264563,0.041116568798001796,1.176441575723006,-0.028621845056336914,0.561791706294398,-0.05673260023635679
63.758000,0.7357107194562963,-0.2353148098201225,0.723618229475461,-0.14128269530636345,0.764373373517621,-0.028415435952276358,0.8557143449736354,0.049410182795482954,0.9731744944915,0.07396854746499801,1.0893666559864996,0.043978855784023524,1.184868479519505,-0.02868063569417706,0.593536229501644,-0.015257131883229746
63.808000,0.722766365793361,-0.2150942404725669,0.7162100337333976,-0.11532788126765996,0.7655715535911651,-0.005950368234444531,0.862414416184299,0.06491189227682748,0.98120109511462,0.08193319976787627,1.0958455179501412,0.04648385121659515,1.1894846309298943,-0.028560912227399066,0.6331198231942712,0.03245564758064595
63.858000,0.6998273689475573,-0.18293994785630227,0.7060448337035343,-0.08857626709551819,0.7641062866424821,0.016442148825777908,0.8660381896212924,0.07976581861139931,0.9856703342616646,0.08915464008936175,1.09855531622761,0.048448610480123694,1.1904302555734687,-0.028745919897324612,0.6639595912832298,0.06100587016642278
63.908000,0.6839480598388011,-0.1606422553221936,0.6953919314431839,-0.06112553240086187,0.7621552171760306,0.038587373872578684,0.8686799810162642,0.09383657917724164,0.9886666040684224,0.09562830622230167,1.0996771688965459,0.0500579815138088,1.1901107611961836,-0.028820186454271618,0.6748218379556246,0.08411086085207381
63.958000,0.6614392219794237,-0.12750691362555944,0.6854587032251793,-0.034511904024948956,0.7604992666930992,0.059130574767621846,0.8709260975066632,0.10609774454048027,0.9907997499377703,0.10059252403389599,1.099910232372203,0.05064352381441839,1.189223100020573,-0.029501417837720256,0.7284083158405352,0.1161036412247318
64.008000,0.6474416667077569,-0.10536370464159912,0.6768722710381951,-0.008834998174526834,0.759633527837115,0.07805904289310425,0.8732299339844163,0.11673534714282965,0.9926037586785112,0.10449239088613071,1.0999946779833272,0.05094623835519285,1.1888456945073056,-0.029710422018614388,0.7577157994520205,0.14097008011559986
64.058000,0.6276820700420312,-0.0699492856190338,0.6695556591441504,0.017027528721716215,0.7595792032941636,0.09637336351265031,0.8757318423798418,0.1265157660949225,0.9942458507351366,0.10768945940558981,1.0999038581230793,0.05080022075002953,1.1884768391225933,-0.030161665572237303,0.7687707044367845,0.1678301819341428
64.108000,0.6154634326198742,-0.044200072980744555,0.6636937788599526,0.04439130885050041,0.7606093741246558,0.11515406313895361,0.878725559616026,0.1363334570152651,0.9960139591130384,0.11096750851281363,1.0999422801232466,0.05097664177462645,1.1885121044383085,-0.029988697851654006,0.8079590229062217,0.1632915731513425
64.158000,0.5992471025658332,-0.002665233174060451,0.659426686441765,0.07302347477013435,0.7626818129168805,0.1341657584746861,0.8821055817416996,0.14591154238535498,0.9977478291070749,0.11386672027186369,1.0997764631278155,0.05069902409841033,1.1882578492756144,-0.030362954074861743,0.811473146130384,0.1694651502475282
64.208000,0.5896666192692867,0.025205812164126453,0.6566784998666105,0.10142637575932859,0.7654169960654341,0.15218008935550922,0.8853954824492765,0.15445226999799325,0.9990993227156282,0.11609295943524399,1.0993968567748378,0.05021121190368519,1.18822901698443,-0.030466215592302615,0.8471685299905927,0.1624556720801766
64.258000,0.5783743960589149,0.06492572709002557,0.6553113254207914,0.12748814779788042,0.7683858896645138,0.1676645453581012,0.8881953451218689,0.16090478331201336,0.9998198758737624,0.11685975936618524,1.0986534520621765,0.048801518000399516,1.1882274572896958,-0.03105145681895287,0.862834816719926,0.15876715748934261
64.308000,0.5724261988197122,0.09171040352742135,0.6550205981144445,0.15203618832454036,0.7713382880696448,0.18153525616548996,0.8903671338392196,0.16629931593319694,0.9999338410296816,0.11735918234695691,1.0977974521761693,0.047913422120945404,1.188807744899592,-0.030298639726295706,0.8721791282697076,0.14961077948790108
64.358000,0.5668190880393259,0.1342045123864731,0.656535879219078,0.177169928469105,0.7751458890482463,0.19538161615378313,0.892746661849745,0.1715057237832343,0.999960177020659,0.11760523988284523,1.0967358048897995,0.04665118537900757,1.1890209967390548,-0.03005242187219058,0.8777723684507435,0.14000982751552501
64.408000,0.5655215399239173,0.16395300422890519,0.6602112507328072,0.20301374191138416,0.7800403402742393,0.2094160305390001,0.8955541474065895,0.17691125609292768,1.000229685572838,0.1182339034804761,1.0960394957741753,0.04598101240210087,1.1897952739494715,-0.02891794659429972,0.8793397161436362,0.12987650577957122
64.458000,0.5673350798908297,0.207851909645325,0.6657247531762049,0.2286807222697288,0.7855894464113089,0.2229837655688227,0.8983354007409852,0.18189423183709874,1.0002031761096029,0.11846745246553977,1.0949523873308875,0.04482923566921099,1.1900241866561423,-0.028392024720496345,0.8782462473979988,0.13030889348532682
64.508000,0.569809769807152,0.23514108848327672,0.6719368101273677,0.25116898985106667,0.7907108962299454,0.23406003120995295,0.90036331601159,0.1853122432189607,0.9996815136989949,0.11796318526443964,1.0938901678207824,0.043634661209760506,1.1907494278986945,-0.027205184474573985,0.8775048659008096,0.13025032750103724
64.558000,0.5781100359531558,0.27621301274027066,0.6796831025630115,0.27282787890696947,0.7962739051055784,0.2444274430049881,0.9023817463035101,0.18838169351535922,0.9991706204861899,0.11744570948746416,1.093074174372807,0.0427321058983387,1.1919064397072379,-0.02532803901436642,0.8532490989493668,0.09951480444755142
64.608000,0.5860356436731605,0.30338987965323166,0.6892217332577225,0.2940201734726038,0.8025517289977009,0.25457005229700536,0.9047132062825625,0.19161743076161694,0.9990246268934695,0.11741934492163483,1.092856922502812,0.042616268108851885,1.1938031251234977,-0.022267198012042466,0.8501309881432746,0.100656095083238
64.658000,0.60102356550955,0.3416094941082703,0.6997262361627844,0.31342868108326527,0.8087848360287291,0.2633665018234281,0.9065275146358089,0.1937506366771261,0.9981091576845285,0.11620837445359036,1.0915879144192073,0.040963960332258076,1.1941733648376198,-0.02129537899309769,0.8251228072931152,0.09188638030429921
64.708000,0.6115467470349296,0.3638289230939146,0.7104379492087748,0.33056332077176104,0.8143901136634952,0.27061377945014314,0.9076232116616785,0.19506518955719282,0.9968474055196072,0.11482154043568849,1.0905153223974517,0.03981273198491708,1.1951382573454676,-0.01895836194809497,0.803253118486311,0.09287425730164042
64.758000,0.629344712688718,0.39415965330994657,0.7208599390417164,0.34514796932063757,0.8188411442548919,0.2758682217395829,0.9073356266761782,0.19482054082903238,0.9943204640282881,0.11215471916855202,1.0883808007555418,0.03763859302969391,1.1950669399792622,-0.01729834988713902,0.7863716878693494,0.095673208934964
64.808000,0.6412370220988312,0.41102771856292375,0.7305779997438195,0.3562301312955962,0.8225190697351202,0.27911437643666703,0.9068733198251836,0.19376591135897078,0.992499430728486,0.10969350725779481,1.0877716748085253,0.03673324750302864,1.196921758397298,-0.013129155237005585,0.7638502845500286,0.10540531458463712
64.858000,0.6591739651484771,0.432330671433448,0.7397214541257119,0.3654738478643874,0.8253810957739358,0.28143560781160876,0.905748119308694,0.19232252506743155,0.9902591656417218,0.10712931498178346,1.0868463118995528,0.035918900275378474,1.1982262648862565,-0.008740991201123038,0.7473734046376409,0.11920201026597049
64.908000,0.6730043748935521,0.4457919771183787,0.7489545723049883,0.3734500760209926,0.8282525064329633,0.2833843353502728,0.9048927503317978,0.19104651528844113,0.9886160790945182,0.1050790550440594,1.0866885189776738,0.035928519793884284,1.2001106514908613,-0.003255913334208882,0.7414223907606194,0.12383299434667511
64.958000,0.6943483692553611,0.4627513798421362,0.7593483226697689,0.38039430402272295,0.8313642612412986,0.2844062600194847,0.9037344848965055,0.18868504644588568,0.9863224046950727,0.10162624158797007,1.0855690310739066,0.03417175950998308,1.2006123015243304,3.89904447400391e-05,0.7039378771893509,0.14323592570950888
65.008000,0.7095397006786491,0.47291343706472605,0.7689669756606358,0.3863034972813816,0.8340973517628906,0.2855164242042441,0.9029097928774932,0.1872064657031559,0.9851145987491523,0.09978581659922658,1.0860465487431061,0.03488018148608418,1.2026970282479577,0.006725863617453587,0.6985916500352851,0.148965329210328
65.058000,0.7291295293680717,0.48381862772537804,0.7779803950266767,0.39093910302185525,0.8362344932019119,0.28602742566526707,0.9014989171903542,0.18532710311714357,0.983197007798114,0.09743272337710873,1.085499662994619,0.03470978709787803,1.2032970691365592,0.011823741207468652,0.6778501543807931,0.16460823942579433
65.108000,0.7410893181883149,0.48899794652251044,0.7843741498860699,0.39305924151287214,0.8365438358586464,0.28499294766728445,0.899373352270907,0.18275571439388405,0.9817058469449926,0.09545531164143317,1.0861541400037553,0.03637440036621836,1.205091892670024,0.020442953768463168,0.6631752185338622,0.1833583468442438
65.158000,0.7617668004094006,0.4963227537742731,0.792125293674552,0.39556783756568903,0.8376936394513372,0.284556460386738,0.8975926982840583,0.18057519884912154,0.9800285629196077,0.09337239945719039,1.0860490268671366,0.03716153552190926,1.2056213283925943,0.02703905025864567,0.6504495654061562,0.20185852621254835
65.208000,0.7755925840690129,0.5000824339092571,0.8004571095679311,0.3977307404258959,0.8394297226710055,0.28423565054127564,0.8965062813643634,0.17867871591486828,0.9791320776881234,0.09165585810231142,1.0866497314524655,0.03836463810303681,1.206567591598463,0.033925401906919284,0.6405075739181567,0.2203123009430994
65.258000,0.7949390773658426,0.5038880873849068,0.8079304440650895,0.3992406110511296,0.8405431607817477,0.2837572325572574,0.8949532222197923,0.17680142292398787,0.9777837498986555,0.08997341082857563,1.086630863189018,0.03945305920316661,1.2066282041634575,0.04025190778961529,0.630757154409487,0.23574678277707578
65.308000,0.8066873339575394,0.5051163538145504,0.8146595895192013,0.40016127493873066,0.8414478687277727,0.2831895343509051,0.893721567973933,0.17517351532394188,0.9771492523641359,0.08891911556986815,1.0874180543208838,0.041582118253022715,1.2072541224580644,0.04785242712568022,0.6257484343652288,0.24969180691922957
65.358000,0.8213101103583882,0.5055631877412425,0.8191052092790025,0.4000706989108865,0.8409486265040136,0.28207550780596613,0.8917746684608343,0.17337080018499418,0.9762006939338383,0.08809333409457398,1.0879198186560493,0.04428880041034039,1.2073371649715363,0.056099702110338934,0.6214730657606857,0.2618351913837892
65.408000,0.8312916206616036,0.5056975359812209,0.824135305960983,0.40045168424215644,0.8410278136818972,0.2816466204489879,0.8903765893516804,0.1722633569216393,0.9756970754969981,0.08788080751759086,1.0886560894995092,0.047380669794609254,1.2074682858536177,0.06422293797656226,0.6178789555918964,0.27634107201094427
65.458000,0.8454694856979013,0.5051892003076174,0.8288378397041332,0.40079487308373074,0.8409671687409448,0.28140944944618296,0.8888474849969287,0.1713754759869509,0.9749088565449273,0.08774868406428227,1.0888695696548332,0.05015937883684135,1.2069905130863112,0.07131222079383459,0.6145573815565952,0.28743059806815996
65.508000,0.8544309541826917,0.5044375582896772,0.8332790396378034,0.40102226376152816,0.8409949013126305,0.2812705811904055,0.887659089159688,0.1707153751955064,0.974554874326295,0.08795594962790776,1.0894314185288378,0.05326618756355794,1.2067590890733895,0.07844986729049785,0.6122984536193935,0.29756899948911003
65.558000,0.8673009476685636,0.5027773982867141,0.8376003422301075,0.40118508746179177,0.8410565810749185,0.2812348710674575,0.8864514217809082,0.17015243124334384,0.9739754454031679,0.08805769761828042,1.0895504718097957,0.055771272125400506,1.2061363980802615,0.08419171891389127,0.6103010157476656,0.312493934860999
65.608000,0.8753532181721996,0.50134436833088,0.8417958122741025,0.4012183337568868,0.8413348404335205,0.2812192191561442,0.8856674520348782,0.16970859388391657,0.9738579744876733,0.0883302690701,1.0900458001315994,0.05832378356885165,1.2059001163570395,0.0895932161178391,0.6100318129549243,0.3192236555843511
65.658000,0.8863682862161175,0.498810837377987,0.8456497802170122,0.4011368996243713,0.8415333061341259,0.28120752607007937,0.8848290907681585,0.16929025737161846,0.9735363047823445,0.08847546799590217,1.0901838200281362,0.06030887098840365,1.2054363636514687,0.09372819456551723,0.6104447128326719,0.32977386333451897
65.708000,0.8930159244690852,0.49693434635000294,0.8491232032245533,0.4009172245827367,0.841758315056335,0.2811434443874468,0.8842542183016604,0.16892001453715255,0.9735191633717184,0.08872170045487576,1.0905622518123284,0.06224689265040728,1.205294038191772,0.09741246095495298,0.6115202795108816,0.3319856840790705
65.758000,0.9018537978538186,0.4940763669250253,0.8521959081385734,0.4006573746419183,0.84190778357159,0.2810992110022311,0.8836176949977508,0.16858128670204758,0.9732579750473518,0.08880271694406616,1.0905630719248842,0.06351409803055719,1.2049715281534692,0.09971776004687755,0.6128866668396484,0.336256870874292
65.808000,0.907219623205692,0.49211734703384397,0.8550210470204732,0.4003737928726958,0.8420842866371263,0.28107316323989023,0.8831806445059094,0.16832969615677756,0.9732096009430371,0.08899000241624333,1.0907222659542886,0.06468416850844638,1.20495357350013,0.10144295489166777,0.6147395929677975,0.3297072303102251
65.858000,0.9138951703173752,0.4893224143862039,0.8573448954369647,0.4000774226975549,0.8421060146458172,0.28104895336255425,0.8826676891842636,0.16811202158805838,0.9729706843916218,0.08908437416907061,1.090601538644973,0.06535712975201252,1.2048483166071893,0.10206780565497015,0.6168358740688,0.32547824258015334
65.908000,0.9170471052325837,0.4877168644661985,0.8588531692277577,0.399823006252173,0.8419077242855417,0.2810254814643631,0.8823027361622962,0.16802883100304689,0.9729811807790212,0.08943226821629696,1.0907081838544967,0.0661867794740279,1.2050811572847047,0.10250238147555019,0.619050413020026,0.31861434303915953
65.958000,0.919999645840386,0.4857499863417294,0.8593387647472779,0.3996361633805151,0.8412473268979429,0.28100775246414295,0.8817672996836196,0.16805585205760698,0.9728589983559794,0.08993861687238047,1.0906476050578806,0.0670073253425767,1.2052576805274091,0.10256756438661219,0.6223651443449566,0.30664148851736145
66.008000,0.9212479475754669,0.4847090734589347,0.8593459431264806,0.3995136959485387,0.840572144280484,0.2809913584889272,0.8814486243314981,0.16816798600503513,0.9729497707676634,0.09053075137584826,1.0907487350192784,0.06765272652126891,1.2057446831052023,0.10194459033499875,0.6270450929683868,0.29335858233361295
66.058000,0.9218359795353861,0.48364114012518283,0.858779616445859,0.3994732180561599,0.8397415731481866,0.2809930386699185,0.881136003650853,0.16835866947756262,0.973000758217951,0.09115201906241482,1.0907553725244459,0.06804680732288282,1.206252485202914,0.10061085134289333,0.6316621037287025,0.2815061673696312
66.108000,0.922015645388589,0.4830795704544174,0.8581335754066551,0.39945381570959787,0.8391271920292893,0.2809685533750191,0.8810965047815016,0.16854712842836633,0.9731966065999109,0.09162137692862132,1.0908150433245845,0.06783265397605598,1.2069731715000183,0.09795389657236026,0.63917993577602,0.26696822489947064
66.158000,0.9220821554570212,0.48266516997351294,0.8574827786331599,0.3995491743359308,0.8386682209802749,0.2810333002079508,0.8811340145359047,0.16879847327048075,0.9732698608792429,0.0919155374615952,1.0906426912962222,0.06694317914471781,1.2075645156318013,0.09394849332618549,0.6486142014576296,0.25211378629611547
66.208000,0.9219939050816376,0.48256332136831975,0.857102598431644,0.39961643417445114,0.8386365067648474,0.2810457655478744,0.8815111111963528,0.16896647087289024,0.973452482566532,0.09185107532459008,1.090429437740304,0.06508557592193898,1.2082046419519408,0.0880856035938195,0.6597693404248335,0.23790229016821002
66.258000,0.9215210429433673,0.48269199443971145,0.8567024729855692,0.39971273888424064,0.8387662043419923,0.2810607676947764,0.8820000400836792,0.16911955344791896,0.9735749491775143,0.09156933730085881,1.0900215916211222,0.06258348793240803,1.208604443619212,0.08097117979406032,0.6730094206746042,0.2241338889266164
66.308000,0.9209104798838083,0.4830167948618891,0.8563259535312355,0.39983053330095863,0.8391586750738553,0.28106486254393076,0.8827326133711518,0.16925559682206232,0.9737509521704382,0.09105289864470861,1.089479976236733,0.05932289724756301,1.208779195097891,0.07227266091789619,0.6878431518963909,0.21125892129195956
66.358000,0.9194281510276805,0.4838838318733324,0.8558472870503286,0.39998769032991444,0.8397088357833752,0.28107784889236065,0.8836580860949288,0.16941557506161514,0.9740122827945347,0.09044647263054456,1.0888683843760214,0.05568908594076083,1.2086606797565738,0.0627464202433477,0.7047905765110708,0.19925682680610252
66.408000,0.9185016852182241,0.48446826494730866,0.8553954391396967,0.4001536879490082,0.840341344452721,0.2811017067258666,0.8844678573819598,0.16950936444062886,0.9738316257330674,0.08942118237804508,1.0875015977963018,0.0509616263335016,1.2075014677254157,0.05113830965315591,0.7058883677823515,0.19826021070271155
66.458000,0.9171834828925551,0.48546838566829603,0.8552141222406331,0.4002667012817721,0.8410457382394378,0.28110606644461344,0.8849694736590021,0.1694337535519715,0.9729340910046353,0.0878112928243242,1.0850459430156976,0.04502189415304492,1.204811184009512,0.03751942458006041,0.7424767276265298,0.18011687229814616
66.508000,0.9160601075517079,0.4863259057702667,0.855075843733937,0.4004179062568004,0.8420190245661368,0.28113035672534525,0.8857002195501517,0.16936295000599583,0.9720277791193127,0.08601097067237146,1.0822000326476633,0.03844969911152263,1.2011406989137943,0.02254001941113737,0.764512051333343,0.17286544981484153
66.558000,0.9139389063763338,0.4878918644282852,0.8549508535571352,0.40057330005119257,0.8432329110038607,0.2811467961991658,0.8867079819797522,0.1692990505641232,0.9712863311194788,0.0841726571435249,1.0792223318239258,0.0317339333610987,1.1966942399048153,0.007231876063087228,0.7873758560150139,0.1677928547842658
66.608000,0.9122679345005087,0.48907772597773785,0.8548365512645127,0.40074310617080033,0.8446288218773467,0.28117805165754217,0.8878080926228097,0.16921577864609422,0.9703478146191926,0.08211127650780181,1.0755552449574393,0.024393024614462522,1.1907242232463717,-0.009313153452523482,0.8115799374295536,0.1649878267925377
66.658000,0.9094190372594846,0.4909179796248849,0.8547856217689346,0.4009270684670809,0.8462290386498594,0.28123252019805434,0.8890878126020327,0.16914717104252686,0.969431838960994,0.08001335350714645,1.071534923360923,0.016966068426653436,1.1835924198297043,-0.025965475747170397,0.8311010849462049,0.16500266492656396
66.708000,0.9073878129618865,0.49206991039661757,0.854489327666903,0.4009855860071033,0.8474000606472918,0.28119517615264356,0.8895211028534149,0.1688305117626791,0.9670981633703465,0.07727834258278282,1.0653163458430435,0.008334969937316639,1.173060966190935,-0.04449586183773674,0.8525407983996913,0.16668737650985388
66.758000,0.904542825277726,0.49366349223872763,0.854186090927662,0.4010929616274797,0.8483893526440554,0.2812330524615237,0.8894731347905885,0.16848500217001677,0.9638877972052526,0.07434437322739923,1.0575965470122943,-0.0006134162917775243,1.1599220798844603,-0.06329902327158776,0.8746834372432091,0.1704230774291674
66.808000,0.9029357216388753,0.4946255125322132,0.8544491685325054,0.4010746911455908,0.8496036687752997,0.2811725596711968,0.8890889396884882,0.16785480563012856,0.9595982811294765,0.07075468838221732,1.047754834806382,-0.01066043333242972,1.143073667274829,-0.08355981725885342,0.8938238542661598,0.175685883764516
66.858000,0.9003285395043548,0.49608922291715346,0.8547958899061516,0.4010365805562348,0.8509493352260407,0.2810982463294627,0.8887651056118613,0.16721248115168968,0.9551419970173136,0.06724194405525957,1.0371966473239096,-0.02031965919103873,1.1244204371094746,-0.10273331397860086,0.9141099745910051,0.18274591989442307
66.908000,0.8985041006227744,0.49704950347115284,0.8552070918416999,0.40097687295282325,0.8523424193448882,0.28101107094455924,0.88824058160054,0.166506390050428,0.9499802146217341,0.06360732438699185,1.0250279487519687,-0.030029407731965718,1.1026600076373092,-0.12153494545085375,0.9312158953392145,0.19065128797965253
66.958000,0.895887077473085,0.498334239650207,0.8556979356492658,0.40088983695599967,0.853824414617519,0.2809044633027949,0.8877219563458535,0.1657916635612804,0.9445983015062234,0.06012671507597217,1.0121146825925922,-0.03907781223634038,1.0791945936345908,-0.13857799057774173,0.9444213111242191,0.19832172677190785
67.008000,0.8941342889516759,0.49936558748853993,0.8562855710969014,0.4010107424961702,0.8547791351841014,0.2810201985051639,0.8858551860135427,0.16511386104174475,0.9368251372109184,0.056476555870222156,0.9953983124172101,-0.04825731232057068,1.050017602164095,-0.15510642643735756,0.9469430877777278,0.19934716525175894
67.058000,0.893108392976441,0.5000847651347226,0.8570192338566107,0.4010404626631408,0.8555269737944472,0.28104974152227,0.8833664518482051,0.16432372273599383,0.9278941026903439,0.05289083571210368,0.9767443749729585,-0.05671596561843595,1.017862859618656,-0.1694513647636927,0.969899328376813,0.21587630048199652
67.108000,0.8930481162447744,0.5003216821763636,0.8587399661259789,0.4006535745106213,0.8564040383694888,0.2806763123251856,0.8801671852616331,0.16305270563937896,0.9173806601055802,0.04896871337920511,0.95551209193207,-0.06481175026390407,0.9820699104690931,-0.18183603096900935,0.981804813951371,0.22546257517855672
67.158000,0.8921462257223989,0.5010410093822822,0.8606221113876786,0.40041129450280244,0.8576990009381751,0.2804469021803334,0.877285404231567,0.1620561390016606,0.906672897676683,0.045710209854942174,0.9331376936312531,-0.07133514278702713,0.9439129872865956,-0.1908503846879701,0.9855404966393899,0.22804331967971614
67.208000,0.8913327187315827,0.5016474293664315,0.8617080320546319,0.40042752418289396,0.8580384191823222,0.2804836458950223,0.873257424115092,0.16145263360016993,0.8945623720793558,0.04335903008288772,0.9090627835403285,-0.07576165689671743,0.9039774230001278,-0.19565385474706043,1.0008234425623181,0.24281167451689634
67.258000,0.8890415045966485,0.5022405537829839,0.8628812708141999,0.40020671627179044,0.8588742560144731,0.2802736356302943,0.8699666407792751,0.16078740629740812,0.8832511794151865,0.041525002191404814,0.8857577118156401,-0.07844881701632389,0.8650272069867014,-0.1966446129145507,1.007208135716451,0.24931532595409062
67.308000,0.8878847951618516,0.5026359733474836,0.8633705885509193,0.4001354183780613,0.8588749997001881,0.28021965761163314,0.8657259082368051,0.16041537950753382,0.8709281063608834,0.04052819447741901,0.8615607061446899,-0.07910562938596322,0.8258588931186452,-0.19367168257331457,1.01559546737184,0.2568400696580717
67.358000,0.8862615295035025,0.5031288480505502,0.8645130516164736,0.4000138676363136,0.8590406959938939,0.28013871039370736,0.860989650574377,0.1601545382040267,0.857323570904513,0.04021055186100991,0.8353718973091444,-0.07776454731827198,0.7845536729671359,-0.186472909805815,1.022771127659749,0.26388549204713585
67.408000,0.8853879817437039,0.503243416395824,0.8655500227902279,0.3998073672887933,0.8587925107141234,0.27999778490682636,0.8554535663834657,0.1600442461897183,0.8425386482226837,0.04074125004586493,0.8078953926357592,-0.07414932764586335,0.7426521601934467,-0.1748633813845466,1.0310526589933475,0.27186626899618005
67.458000,0.884264619746938,0.5033250645702368,0.8662473474298956,0.3995693678485751,0.8578118442131029,0.279866225511043,0.8488898447149191,0.160198360463845,0.8266442333421629,0.042278333434284554,0.7797395700410874,-0.06817506198936363,0.7014848134941615,-0.15914864649487448,1.0356882848589068,0.2772852492660677
67.508000,0.88385065803115,0.5033277602778473,0.8670260403321842,0.3993499168963173,0.8562660685739054,0.2798332945889537,0.8410684107023727,0.16079955485428932,0.8089264727820324,0.04518426249759028,0.7497174015975548,-0.05919143337779775,0.659498489266261,-0.13831505726951732,1.0369331724142314,0.2784693173606757
67.558000,0.8836880797612997,0.5032332976909736,0.8678408657688234,0.39911368677925113,0.8544470334939996,0.2798635075052883,0.8328107377313284,0.16183016176962606,0.7909507766790573,0.04936797407702864,0.7203216412184591,-0.04764504166841843,0.6201118659192749,-0.11366019852248921,1.0479394195518459,0.28895050162185576
67.608000,0.8836797457822776,0.5031758412535505,0.86858617251157,0.39893068829281464,0.8521374295495324,0.28006337211646615,0.823665352161533,0.16349004408122897,0.7719744990258881,0.05519389594054658,0.6905425247088535,-0.0329470908864089,0.5821161017172489,-0.08436411916737441,1.0505041786591418,0.29170443255641243
67.658000,0.8836189782276375,0.5030954309106044,0.8690588001210139,0.39878991014934295,0.8493418652138293,0.2804208158811776,0.8140376899307621,0.1657316044984916,0.752989558306873,0.062420784033100474,0.6620431220116464,-0.015865522082326056,0.5476673039100004,-0.05217216381051604,1.0542873683505725,0.295919575848941
67.708000,0.8835752015867053,0.5030609276301847,0.8692027058473971,0.39871006965247996,0.8458237653407795,0.28100949556387145,0.8034092407455954,0.16875528360118147,0.7331680232564237,0.07146103214900751,0.633731475631232,0.004286833259977418,0.5154773077153558,-0.016108062437814485,1.0550818842177911,0.29670740416446467
67.758000,0.8835649741478341,0.5030570504959152,0.8690717264522253,0.39870725377448046,0.8418283749226566,0.28184066403457103,0.7923999848729418,0.17249335379287734,0.7136414652036372,0.08195554081123024,0.6072204015714519,0.026506850877253685,0.48731172824357616,0.02182603249274695,1.0619542348192972,0.29221002252429323
67.808000,0.8833873556593196,0.5029656658156487,0.868563321838227,0.3987313352829963,0.8370843730595638,0.28293377147749255,0.7804917513957748,0.17711659341558889,0.69364215088178,0.0943087019405468,0.5815449408580089,0.05148095970748323,0.4620622874304885,0.06261179657214266,1.0630627633064524,0.29310116898911115
67.858000,0.882756292191884,0.5016685465087638,0.8672591918122516,0.39814189060178307,0.8312107932992243,0.2836844183046632,0.7676202244356041,0.1819188074550379,0.673563887909077,0.10739763221477877,0.557409841058556,0.07726065492436418,0.44025111724582494,0.1032189567661898,1.0637784503162515,0.29369322698838557
67.908000,0.881754159356769,0.49995678876117655,0.8649648983710314,0.39647141144908915,0.8240775373042958,0.2836519818059716,0.753407136848595,0.1866690219654366,0.6526657760817334,0.12146796192159276,0.5338254988265789,0.10482499037448029,0.42092604335738903,0.1454908600290245,1.064131130237088,0.2939935234288429
67.958000,0.8797550806531739,0.4961753748248134,0.8617863478855665,0.3939261103770767,0.8157520445069193,0.28310714578868745,0.7382103229463349,0.191525043730366,0.6317253392838285,0.136199206598012,0.5117688537811897,0.1329678623181188,0.40471291298318957,0.18718064254432643,1.0617934623789367,0.2702585729519268
68.008000,0.8780312994214035,0.4928628311250912,0.8575617696628761,0.39048455097860724,0.8059250021496285,0.2821626037989945,0.7215568616613612,0.19682786954293685,0.6101562856581131,0.15221944358836498,0.49060762060609975,0.1626173608933606,0.39098749907565755,0.22951901547872872,1.0574469885717364,0.26031613879560467
68.058000,0.8747528506063236,0.4867340712945417,0.852290711997259,0.3862760373462114,0.7948120447438058,0.28093752202172617,0.7039858566839595,0.20251173823528623,0.588756135243947,0.1690138084954187,0.47110099535243366,0.19262033422684366,0.3800575741156985,0.27079383005190194,1.0531499023728252,0.2560846135677425
68.108000,0.8720394366230195,0.48189027903622045,0.8457953753236992,0.3813005059312301,0.782125503820178,0.27958449213436,0.6851147819318582,0.20895220604147557,0.5671019155553194,0.18720448502079817,0.45283034684663537,0.22383792036143313,0.3715413875923138,0.3121108216582029,1.0407979739645892,0.23330009438268012
68.158000,0.8670549204496327,0.4735150847705107,0.8380897656345623,0.3756988760477693,0.7681031051556064,0.278221353741325,0.6654698739345462,0.2160408113737612,0.5458725542994136,0.20621833021613345,0.43630054719474665,0.2551465966789337,0.36544034381152346,0.3519909644887771,1.0322519312854004,0.22534100020213899
68.208000,0.8630442884068036,0.4672101407563857,0.828981635580885,0.3694981279856157,0.7524932093056416,0.27703451002732554,0.6447703481854404,0.22415932499617996,0.5247956789184707,0.22662483392563404,0.4212604423466056,0.2872915858413905,0.36153972072866103,0.39137537617125856,1.0104759540233539,0.19845638979967134
68.258000,0.8558518284038158,0.4567087521321601,0.8185056646726053,0.36285441830292897,0.7355620641181622,0.2761344141109032,0.6235232471345086,0.23315414551119124,0.5044229323800028,0.24782094561815582,0.4079924299971549,0.3192433385365645,0.35964302785164276,0.42907200197271655,0.9917278256600042,0.18118486080177226
68.308000,0.8501816659643192,0.4490402106426848,0.8064612341902745,0.3558282049971849,0.7171058918456572,0.2757306220469097,0.6015484537958262,0.243381301940306,0.4846026018149274,0.270282374492561,0.3963540246688485,0.3515977397791572,0.3596219759058134,0.46583764783965065,0.9628418141216373,0.1595583725875333
68.358000,0.8401988681661168,0.4365986470002063,0.7929138549514279,0.34859151682797684,0.6974233942114559,0.27591709280089666,0.5793242042764236,0.2546431336797278,0.4657586097230208,0.2934098169752086,0.3864562629175861,0.3834716723366798,0.3611971627771139,0.5007831289813467,0.9357363448270366,0.14266610524620443
68.408000,0.8324585681109181,0.42772510266083524,0.7776646885391799,0.3412427031092336,0.6763661118795766,0.27691076417732774,0.5567565279695864,0.26723877178284183,0.44781572261851793,0.31755676984974235,0.3781994704343271,0.4152991732979242,0.3642462483499231,0.5344851942628984,0.8956708197739367,0.12286612660875063
68.458000,0.8190453311933314,0.41364661049268786,0.760821906367368,0.3339646755716025,0.6542653506143588,0.27877681072745597,0.5342846972663018,0.28093153163127715,0.4310818828908453,0.34216207225427897,0.37159000344808163,0.4463768326309533,0.36851707053932614,0.5663374806924667,0.8600328888058916,0.1097182557835309
68.508000,0.8087991035155295,0.4038210099478153,0.7422008087977164,0.3268940095172842,0.6310281709626604,0.281720515111876,0.5118735336123408,0.2959392491593852,0.41550589502817953,0.36744643924340753,0.3665059479428576,0.47698640996476394,0.3738200025246905,0.5967633050888819,0.8103101863670943,0.09636829474114772
68.558000,0.7913026514386157,0.38857178605963555,0.7219624136637326,0.3202129366544836,0.6070132000571193,0.28576473944154973,0.4899151985211323,0.31199559982160485,0.4013048149462426,0.3929165484239966,0.3629242004717523,0.5066131993533909,0.38002566145350464,0.6253883652437804,0.7730005659702104,0.08742724352380205
68.608000,0.7776050515911295,0.37952061809774174,0.6999702464629058,0.3145216764975664,0.5823272905476689,0.2908545067570797,0.4683377482063777,0.32835629653867365,0.3878393028487623,0.41735068004126874,0.3594301900917521,0.5339393686536681,0.38494610474097246,0.6511952346033627,0.7595914488848992,0.08480365123686773
68.658000,0.755705387512786,0.36633516293863133,0.6773207513966206,0.30977645986136687,0.558175602640703,0.2954784345456012,0.44763563569703474,0.3421787097920354,0.37430999014799515,0.43717002363081026,0.3538166574827186,0.5554071722613076,0.3852459582154533,0.6712182211964214,0.7012592641099831,0.07683781056906147
68.708000,0.7413329151918878,0.3554352878119811,0.6552116705734065,0.3030424932543896,0.5353200810231872,0.29794281138963075,0.42873451383885003,0.3530746249639468,0.36237768326810427,0.45305847884348754,0.3488533573252854,0.5722939291415947,0.3848717951589238,0.6867608332493949,0.6855529778242008,0.07562117530361911
68.758000,0.7201671189994376,0.3352449116978427,0.6338014115260754,0.29375920497379027,0.5138704953065649,0.29783048668214435,0.41172705755048616,0.3608123739464212,0.3522375590242625,0.4650284934534267,0.34504281214165505,0.5848126143430304,0.3848128601486003,0.698030736927382,0.552051228847246,0.1212054247121715
68.808000,0.7061228446693701,0.3190846562273182,0.6129242868062099,0.2815023868232781,0.4936606288416938,0.29477566407205574,0.3964154804716742,0.36508484639195526,0.3436351399561257,0.47285420964080616,0.34205048791450726,0.5928437461759016,0.38460603578928293,0.7050445721313179,0.49521520842187033,0.14623201642171513
68.858000,0.684661610794769,0.2905910229928085,0.5922785646758969,0.2663964011757172,0.47440961931673,0.28891110126072156,0.38252095359340166,0.3660892919079921,0.33638583568257024,0.4768663242538429,0.3399592255605798,0.5968131078071326,0.3847462680604078,0.7081419936549601,0.4583069207334121,0.16956142802223867
68.908000,0.6702083661617907,0.2697257213557286,0.5717692627619014,0.2487997211903692,0.4560871657023807,0.2807003860433174,0.3700560755322319,0.3643583296193012,0.3305066724880159,0.4776537166339063,0.3387326624287803,0.5973714391705469,0.3850568309127458,0.7080695485202555,0.433424444794141,0.17555164490411845
68.958000,0.6472512225003078,0.23907858563245865,0.5512236581366718,0.23205192617166123,0.43849170995104225,0.27317987113229103,0.35868946044509453,0.3627990709325798,0.3256492233491026,0.4781608615410103,0.33824657174383616,0.5974978080974773,0.3858628357391266,0.7076463051503187,0.4143372241313642,0.1967860303516915
69.008000,0.6308804465645417,0.21820144327206561,0.5300007719380756,0.2153296739725766,0.4211942646542129,0.2659374201290181,0.3482252340533013,0.3612029468012027,0.3216923018890185,0.4782328725058324,0.33817513129534715,0.5970954668521873,0.3863199653314693,0.7070139591798186,0.36021196985696946,0.20638463665350398
69.058000,0.6045333282958928,0.18720646467108967,0.5082375603923903,0.1993059770112159,0.40429452880475114,0.2592713518733707,0.33864497351437167,0.359721020310009,0.3186696466355629,0.4780467838434015,0.3388983812140424,0.5963294888232341,0.3874222906757211,0.7060811640290224,0.35001129476671666,0.20744080013681465
69.108000,0.5857268583980325,0.1669427023730817,0.48586904699575745,0.18428404349008176,0.38774495166332457,0.25336126052752245,0.3297847094135543,0.3584355690786031,0.31618746421622496,0.47766272589614545,0.3396878139107623,0.595339119298664,0.3879982090011256,0.7051849463754286,0.3243468933031066,0.2851330544192427
69.158000,0.5555409772515456,0.13805628426773037,0.46309889106499047,0.17020859042146858,0.3717608029198285,0.24803759305644085,0.3219050223129789,0.35719070175555323,0.3147058751454453,0.476974558262673,0.34137254303112496,0.5939740831500446,0.38937063756930235,0.7039567314206853,0.31906240244012724,0.3034723168337409
69.208000,0.5344961049547109,0.12106159458393118,0.4399920427260133,0.15890532388127185,0.35623083410382705,0.24483587683044428,0.3145392577343351,0.3573605961583628,0.3132814125096359,0.4773540035830654,0.34243250322200947,0.5937593896709907,0.38933751805993366,0.7042126358118539,0.31349085246782205,0.32161679785630615
69.258000,0.5012198672588815,0.09728639074354041,0.41686253863501666,0.14907478377465166,0.3414168628998546,0.24239118111651647,0.3080091760111655,0.3576470983474652,0.3124917662487812,0.4775633457235471,0.3438757042306924,0.5933866958596379,0.38946344691284207,0.7043901089474621,0.3018326342908165,0.32618713120070914
69.308000,0.4776912917959424,0.08281242889209135,0.39341763823743864,0.14071763641696391,0.32700892549810223,0.240667037977475,0.30190482465656154,0.3580117614248366,0.31173705185403,0.47760828022173696,0.3447976852881216,0.5929642272593156,0.3884036045919442,0.7047610241797484,0.3208864890362517,0.34737420917572126
69.358000,0.4406485190634013,0.06402580986765857,0.3696049250250769,0.13405573834539175,0.3127901047825378,0.23975378090440969,0.2960914218982045,0.35858624275692064,0.31129098844071956,0.4776197387860621,0.34617744953690976,0.5924367010877359,0.38811092750322534,0.704871497417202,0.33048475598270566,0.35511264182460955
69.408000,0.4141794069856834,0.05301505608466925,0.34520842452153844,0.12895178614848607,0.2988589372409921,0.2396392968659578,0.29066679988508576,0.359359340657889,0.3108425519171578,0.4776510945122482,0.346859479667237,0.5921184737757117,0.3861374527528236,0.7055082476986182,0.3412546528721067,0.35990165052707224
69.458000,0.3744400550340811,0.03991070020639335,0.3205995572190877,0.1255136167442782,0.285295970457509,0.24020300928673988,0.2857407787579363,0.36020218489040157,0.3109317850215463,0.47752828259847246,0.34818754770694427,0.5915984721604438,0.38498946299690495,0.7058158921582945,0.3536152835367272,0.36034833215630846
69.508000,0.3494336656379896,0.033455731161252854,0.2990844418419459,0.12381110985227417,0.27443502633192596,0.24125218577979787,0.28256685265747195,0.36097634123980166,0.3116470519484835,0.47739945754062496,0.3489674701804826,0.591448510070616,0.38202922279234514,0.7068041363496668,0.3662383655470412,0.35532480844147724
69.558000,0.31202894910376167,0.02689394983082236,0.27844428603430305,0.12343794024475878,0.2646687324455006,0.24264462681611487,0.2804187427634467,0.3616065416249478,0.313326062220834,0.47700631773447455,0.3507360981991998,0.5910260055436279,0.380152360020062,0.7073646643827509,0.37733199017146957,0.3485203774542418
69.608000,0.2872304989567999,0.024674344432410084,0.25878650589197455,0.12459428005283978,0.25579959999805757,0.24455710093156313,0.2787196191333412,0.3623479016030841,0.3149057098609131,0.47676191664431783,0.3518021315479074,0.5909488426327832,0.3768822388707606,0.7082986965597221,0.38751127078222886,0.33464729557354733
69.658000,0.24946811447001124,0.02465859920331601,0.2393438490445411,0.12706696686509356,0.24729297727325522,0.24680339140000018,0.27739762113685557,0.36296582258085014,0.3169586184027043,0.4762571615937309,0.3535459051288774,0.590543514453627,0.3745955960007456,0.7086828834810547,0.396075919682112,0.32171197032583215
69.708000,0.22416361078007174,0.026954656719901528,0.22014460855872836,0.1310989018921515,0.2389618378773407,0.24961435185868747,0.2759763579597667,0.36376305006881776,0.318606629484853,0.4759355063568795,0.35454348567794164,0.5904280492011931,0.37117204998062614,0.709270343226642,0.3969379494565094,0.31206552846844365
69.758000,0.19125785852969696,0.03200944694705175,0.2027540984467579,0.1356386543738686,0.2317137120077614,0.25209182420760606,0.275096703669016,0.3639753168828169,0.32054636386517976,0.47503533790322905,0.35584185965693715,0.589727220487394,0.3683156491134121,0.709077145378448,0.3977578188700048,0.29064060463927266
69.808000,0.1753662000051545,0.036001603762329026,0.1919659738881319,0.13952837566573548,0.22961449265532524,0.25346954045923525,0.2778421039307139,0.3633517387461806,0.3245380598039539,0.47389353037851223,0.3574749380884405,0.5892848734165423,0.3639469069319382,0.7091102194936123,0.39756912011831075,0.2848770813823118
69.858000,0.15110965068340426,0.044490969437008275,0.1826887014101955,0.14410618650601661,0.22816395716438354,0.2551557299604161,0.280512431155068,0.3631355301860652,0.3278475478562498,0.47340513938934053,0.3578706487108176,0.5895886726697224,0.35790410754786783,0.7095886679871075,0.40970558183283323,0.2428820647539794
69.908000,0.13527518519055737,0.05141421925926511,0.17252378194575785,0.14954783207613234,0.22604770234272192,0.25694983361485285,0.28300970372102385,0.36256863108885135,0.3317503168896172,0.47222424026913423,0.35988197891757345,0.588880185564809,0.3548021056640638,0.7087726153020883,0.403366467412661,0.21767005022536942
69.958000,0.11182246704446612,0.06442988465288935,0.16351396194842027,0.15561489216968255,0.22447052457849676,0.2589797675980627,0.2852364585339961,0.3624568243329489,0.3342889724964124,0.47197326544552964,0.3590687826795063,0.5893868975641512,0.34720329639016745,0.7087988326255709,0.3972909952613222,0.1971094985159469
70.008000,0.09551233016703986,0.0751383043553204,0.153113494632081,0.16303584694230247,0.22163354352862574,0.2615498200542208,0.2865746253716292,0.3624589667603221,0.3364833887975427,0.47158785994869973,0.35859008314972296,0.5895340087821194,0.3408359928589825,0.7082133757695828,0.3960319880365153,0.19019029887671632
70.058000,0.07724773036853216,0.09057166240958277,0.14559720047376956,0.17000751143732162,0.22073359640085513,0.26357311412916684,0.2892727054617348,0.3620738274724762,0.3396938686952018,0.4709669232048689,0.3589742230531666,0.5894079124604098,0.3354869110238088,0.7070869087751106,0.3915940087582642,0.1635738172306198
70.108000,0.06704815489196773,0.10087492680053434,0.13995735800721953,0.17664006279824812,0.22076100350636316,0.2653574279194505,0.29215086289609704,0.3618120181488119,0.34237444822505736,0.4707963815992843,0.35813475261411226,0.5897569330672575,0.3284396522804712,0.7060247317742726,0.3821380597167499,0.14276323692983622
70.158000,0.053231461143080354,0.11716903189885208,0.1350279015603973,0.18309119283256042,0.22102684483202473,0.26678218252776786,0.29514047169540164,0.3611599887809125,0.34526021269478263,0.47019214716620245,0.3578088610667187,0.5895342245070863,0.32253250323996513,0.7042319950977942,0.368896791196899,0.12370746262984814
70.208000,0.04496824729127604,0.12862644283259464,0.13053823584695834,0.18989628441671103,0.22124253603301308,0.26846300719269234,0.29780800584176453,0.3608628385397521,0.34762191854938573,0.47003506074282675,0.35683460674020623,0.5896808980139105,0.31609690050587563,0.7025544524487961,0.35547589430264903,0.10705063030170729
70.258000,0.034057026810334456,0.14646613822229954,0.1264212327317785,0.19692803104712023,0.22145772142487835,0.2701951165418095,0.3004581605465755,0.3605219155473037,0.3501889029732876,0.46973204904089483,0.35652916555763564,0.589564436442471,0.31108654173624717,0.7006273372700088,0.3431711037037123,0.09278680200065931
70.308000,0.028301585795989244,0.1579726505126406,0.12300416857270632,0.20387745970700286,0.22182848662993168,0.2719491436891956,0.3029194208771676,0.36040399309045396,0.3522820219253716,0.4697810181804826,0.3555642680775241,0.589736121698931,0.30549224694872806,0.6987902032368418,0.3361882554306173,0.08524902484461008
70.358000,0.025805003487981527,0.17012458192550875,0.12257918265471496,0.20854127734307323,0.22402821214667115,0.2726356952959823,0.30608756501866985,0.36019289148276934,0.3539159997074488,0.470249426199279,0.3531000468455984,0.5902466520858373,0.29778580333240157,0.6967376585819787,0.3291848121708877,0.07888216513481887
70.408000,0.025628887862911304,0.17698517514652737,0.12465794404582968,0.21130853968942298,0.22789048725866085,0.2724889452029903,0.30996899175991555,0.3600281883811953,0.35515757297327816,0.47119469469617137,0.3492168067495336,0.5910475515508624,0.2880760204798157,0.6943035647137517,0.32297450989831356,0.07413123730525627
70.458000,0.02553524321623511,0.1873217499789856,0.12656639144666046,0.2140173414944066,0.23146533808950248,0.27229436089290776,0.31365743839381743,0.3597269557571917,0.35651277968626854,0.4718136174121113,0.3460550246550634,0.5913570629006513,0.2799843845963141,0.6915302655158195,0.3047735096007207,0.06293438828198318
70.508000,0.025223647248054714,0.1945919025991107,0.1277801262583861,0.21718103318819287,0.23427343688118663,0.2724908405441014,0.316657072811146,0.3597429839459732,0.35739093794489285,0.47261792460774543,0.34285546352081936,0.5917343381815325,0.27253364493927723,0.6889703491619337,0.2991997409652659,0.05951361821458931
70.558000,0.025460971419568615,0.20465971955432222,0.12929077511388323,0.22001610040930047,0.23717834383034175,0.27255439609461696,0.31971656587073316,0.35966031954177247,0.3584915760750765,0.47322307127748797,0.34032622949618196,0.5918401871720672,0.2664225078501207,0.6863824524656498,0.3105216580556385,0.06352946216750266
70.608000,0.024677084662005806,0.21207062734890902,0.12943406590124484,0.2232504622150278,0.23876170995850604,0.27272233548548835,0.3217456799500044,0.35940371021183926,0.35909046351190005,0.47344478676198015,0.33807356647244474,0.591589994192635,0.26146654985789525,0.6839553827611737,0.3049687995808382,0.057004722654854956
70.658000,0.02396574003033235,0.22276482600398742,0.12928867091019006,0.22663732712766388,0.23997384590692813,0.2729923919635744,0.32357490079332035,0.3590787649960262,0.3599480517475957,0.4734334495946796,0.3368150770164112,0.591182612989102,0.25830893810864064,0.6819393546328709,0.3116529102230489,0.05803780665398825
70.708000,0.02347522848344626,0.22964520063070595,0.1289241001074031,0.22992879559806575,0.24078853113056764,0.27336091587630756,0.32493043597211047,0.3589187317065211,0.3604147947813957,0.4735523231180002,0.3354814679466679,0.5909334511282244,0.25553154024131397,0.6804209310341232,0.31329183774479163,0.057514894015773144
70.758000,0.022845331459995802,0.23937181476945946,0.12831130429244506,0.2331486451492857,0.24123585397212022,0.2737447789509493,0.3259975334035857,0.35868862922839706,0.3609411387424893,0.4734882130513314,0.3348122251235834,0.5906090048566113,0.2540655529023923,0.6793782277055441,0.312709533113721,0.05735512616159677
70.808000,0.022642962048319757,0.24516165370162646,0.12774199309987608,0.23601847042855023,0.24153004959838267,0.27412723842612075,0.3267516949130282,0.35860961037355565,0.36114599877552206,0.47357496107460134,0.3340523067655466,0.5904763376844111,0.2528795738130459,0.6788561285023464,0.31371990708815883,0.05939697219222401
70.858000,0.022887266713006536,0.2522284689384401,0.12745200276671476,0.2382703156919218,0.24193003638248387,0.2742533647493158,0.32750344238561796,0.3583794141336935,0.3614428137209378,0.473479887952715,0.33371796361299405,0.5902331863493429,0.25253575072937856,0.6786042693534531,0.3114407467734719,0.06034133825417903
70.908000,0.023149246734495695,0.2559650624992888,0.12732036770234662,0.23986614552527635,0.2422875008661141,0.274254490819933,0.3279533987516351,0.3582863534642151,0.3613057039013303,0.4735583090353843,0.3330651775772238,0.5901879479482157,0.2521575734619209,0.6788105161592611,0.3143957293612711,0.0653260855418995
70.958000,0.023635458809312122,0.2597709810577948,0.12726194755432876,0.24071967895671156,0.24256858544631274,0.27395188108126045,0.3281778681505957,0.35804142094715674,0.36097460183109137,0.47347267434020734,0.3324768503037495,0.5900397286818431,0.2521954331996587,0.679229941529212,0.3190660419485457,0.07143441170188897
71.008000,0.023950426121722154,0.2614435591248792,0.12727043827855,0.2409048706963543,0.24275549040982566,0.2735116603917004,0.3280727488113399,0.3578974732920288,0.36022817653139944,0.4735090145331177,0.3316437782473322,0.59005485175924,0.25232553144270264,0.6801027041702767,0.3254935216984188,0.07935281840183611
71.058000,0.024326864212755143,0.2627793866698834,0.127281214660125,0.24069144444893423,0.24285056131703325,0.2729981947233796,0.32781164387820566,0.3577426013236599,0.3594690793070245,0.47349149670530133,0.3311553824000283,0.5901033939004794,0.25323134846787615,0.6813604206750834,0.3329613543607138,0.08860975902770823
71.108000,0.02457226405309787,0.2634023122372819,0.12730306690106918,0.24027235220420246,0.24287332856190533,0.27257582909826206,0.32742631462541405,0.35772741479367065,0.3587660223567052,0.4735627406530824,0.33116636108880604,0.5903456961540068,0.25521260533747736,0.6832490167932288,0.33084272103974854,0.08570554002061376
71.158000,0.024859584196684246,0.2643879658151278,0.12733787086261977,0.24018407513871587,0.2429260281685934,0.27242345928926004,0.3272879625169246,0.3577643289341972,0.3588265120117409,0.4735456741221764,0.3326601914530321,0.5906581143930548,0.25942417898456205,0.6857185503077795,0.3500769457274107,0.11476919201223584
71.208000,0.025020520183669324,0.2644227479569736,0.12741639709515343,0.23983861124334374,0.24294533292788192,0.27228957402048254,0.3270908170018043,0.35784386969740745,0.35905052235318635,0.47350966944717304,0.3348102509399785,0.5910358760553115,0.26496904427561535,0.6886176666222278,0.3490183728191695,0.11255559259574743
71.258000,0.025023129211096656,0.2642334486456453,0.12741999923942157,0.23944143618940825,0.2428572731716343,0.27221697259782285,0.3268701388712459,0.3579015009307351,0.3595692171412683,0.47336045588042885,0.33776476169252817,0.5913628529763143,0.2719500867612782,0.6917044124727245,0.36370913620209117,0.14651360268582964
71.308000,0.024907217826699614,0.26376831207189216,0.12729905675670475,0.23904182290589504,0.2426245608830143,0.2722084943986687,0.3266276222040275,0.3579026347331721,0.3604493399079889,0.47303773541713356,0.34168838395609646,0.5915621064530625,0.28067895968488776,0.6948957899654447,0.36346504254978834,0.14574110709045274
71.358000,0.024809176675719066,0.26202901430520575,0.12730863085554545,0.2383275647323654,0.2424356149057993,0.2721769006702481,0.32639080453930547,0.357917941793552,0.36152164150656974,0.4726603676548695,0.34625263098853837,0.5916849756823959,0.29076884202109454,0.6980877442570583,0.3722790579991836,0.1827845300965154
71.408000,0.02469359677658097,0.26099696808549383,0.12738493288044617,0.23767654667671795,0.24225393343035204,0.2723912799840811,0.3262125778679801,0.358128938124722,0.3629649752327529,0.4723623013627742,0.3517779547768924,0.5918397073803368,0.30270362999893236,0.7013463766533102,0.37407535256651303,0.20240592709077831
71.458000,0.024531357921439876,0.2590397906668604,0.1275037596864186,0.23732432933007486,0.24212283055351846,0.2728555633863633,0.3262254908003887,0.3584519566479928,0.3648602255035427,0.47206250754189927,0.35807181681551264,0.5918703432935073,0.3158218410881827,0.7041865912322631,0.37395381147150103,0.2215274538137501
71.508000,0.024322400481043102,0.2576245853784114,0.1275756557417279,0.2368444517244127,0.24185757190891938,0.27344559429066356,0.32616169044991467,0.35884357785600207,0.36709951110311506,0.47164470746101267,0.3655668381737638,0.5916349192021861,0.3314811132791912,0.7066921369610538,0.3739624441676872,0.22165138715581545
71.558000,0.023978845838415867,0.2552721717285885,0.1276243972414452,0.23661207592379696,0.24156514408200477,0.2742618595807518,0.3262097904866276,0.3593223312173255,0.3697422240576984,0.47114776315201684,0.3738836182784557,0.5910762787515531,0.34857476708669916,0.7083770121309887,0.36875537350050785,0.2597501146992793
71.608000,0.02371906356682377,0.25342954392119904,0.12766533372507222,0.23640535598422086,0.24121265649465948,0.2752255246064611,0.3262870566148113,0.3598561717988128,0.3727343615028486,0.4705026713757885,0.3831275779838379,0.5900517451956189,0.3675023218796466,0.7090301103368426,0.3634891305671411,0.27935322316441163
71.658000,0.023407529163655086,0.2499936902204993,0.12768966854750535,0.23614812266755983,0.24075728021811751,0.2763440825528972,0.3262170649944473,0.3605855520675215,0.37559993948185555,0.4699534253547024,0.39234141086603247,0.5887798665868321,0.3866461283260561,0.7086446393801338,0.3568084165715484,0.2972248788891586
71.708000,0.02322437287264467,0.2479304609956756,0.12786496698495892,0.23583373344154865,0.24047121064829013,0.27730461344226465,0.32656493912106904,0.3608980935567715,0.37938331094974787,0.4686488225444049,0.40321018207706094,0.5862595372445611,0.4084477331792238,0.7061451830010547,0.3480389921098898,0.31598429925896654
71.758000,0.0229692496807131,0.24471315004636568,0.127928694447211,0.23573246256630334,0.2400837807858763,0.27840841139426176,0.3269507133731118,0.36119812103794074,0.3834181583522997,0.46708215032244776,0.41457725477764007,0.5829661902501111,0.4310347046177021,0.7018323012522039,0.3384648292618499,0.33228715086698
71.808000,0.02279078518932687,0.24263926902206562,0.12792008791746645,0.23578440940841267,0.2397099558834484,0.2794080889889836,0.32769652127779875,0.36100688989993857,0.3883871256965853,0.46452814634170614,0.42763102981604745,0.5779297159492836,0.4561987480140575,0.6944796429203409,0.32656338946269514,0.3494635841231118
71.858000,0.02257160471408285,0.23934103755755678,0.12787829837908365,0.2358529258223094,0.23929331553332656,0.2804252709762244,0.32845624300735526,0.3607369909444881,0.39341728012212235,0.46163329244743445,0.4407221402534292,0.571915884944877,0.481236217464139,0.6848699001358565,0.3147269306981219,0.3633650108323886
71.908000,0.02250403237897404,0.2369713378675012,0.12784952085912565,0.23594754630150008,0.2388834629558723,0.28146088173691153,0.32936094679390315,0.36028869991259554,0.39883825195570133,0.4581299185653397,0.4544905942721994,0.5644446249548462,0.5071527396198879,0.6722717942925345,0.3007598517415428,0.3778774163470606
71.958000,0.022516971259876617,0.2333860145137061,0.12789351664841275,0.2359711593813521,0.23850333653385805,0.282505745924953,0.33026702571204447,0.3598324899945692,0.4041395065859711,0.4543991678969702,0.46781768485176334,0.5561099815436155,0.5319414743476081,0.6575404484685383,0.28786305306907267,0.38894874813614505
72.008000,0.022297917805365778,0.233687086589592,0.12762617309713872,0.2377150966477194,0.23813352399640947,0.2844924992821669,0.3317521118733746,0.3595628662981894,0.4106208397720765,0.4500046915762764,0.4827498322162781,0.5459078116974307,0.5583130367223982,0.6391290653081618,0.2830557116265446,0.3938552791019558
72.058000,0.0220694891797259,0.2336158208056238,0.12719163803978617,0.2409480933634584,0.23764113268638007,0.2878619413436838,0.33325918932791504,0.3603684048079085,0.41725725619130816,0.4460674407604327,0.4977844976923306,0.5350357686991456,0.584245442683189,0.6182493793122541,0.2776691670334136,0.3990347867333166
72.108000,0.0221643443926007,0.23169768865917859,0.12701049631366396,0.24201913891370652,0.23738002309673384,0.2891208114688308,0.3349266237818711,0.35901115911979864,0.42377090850840593,0.4396752345896021,0.5120023065705125,0.5210092397533014,0.6079612497244196,0.5930639497227763,0.2737227306170802,0.4026520221002018
72.158000,0.022502945252855705,0.2282286642697694,0.12699708200823126,0.24205468925802345,0.2371042972463342,0.2897663351373063,0.3363519304408939,0.35721933585097454,0.4296530520458519,0.4326839017561519,0.5248358321311531,0.5057608363883133,0.628852383972249,0.5655985915524954,0.2682462602328448,0.4082377968977332
72.208000,0.022712603540573802,0.22641568313448177,0.12678937607969026,0.24275436097641295,0.23691078016122216,0.2904332489994361,0.3381981321128942,0.3547828592128488,0.43607718477106866,0.42420685398942637,0.5377981909488698,0.4878687492029349,0.6485418599411338,0.5340838958340115,0.2663257449962026,0.41095259525354944
72.258000,0.023090575089733927,0.22511899914266742,0.12663649887184994,0.24448862256612128,0.2369018817643426,0.29183358356856537,0.34035865692366907,0.35263404140835386,0.44269543051782373,0.41530129577569475,0.5502642177893795,0.4684892267762674,0.6660914562935606,0.4998588108228207,0.20423272587603117,0.43985631374746864
72.308000,0.023320669783644447,0.22387168116106682,0.12643489240244493,0.24547992426722712,0.23692606816243822,0.2922955208048398,0.34258345844442273,0.3491859055705065,0.4490928535341628,0.4044647329604383,0.5615743922964719,0.4462726680644733,0.6805512449699392,0.4619094365247499,0.20165079582595385,0.44084855027431336
72.358000,0.023750643117823662,0.22328094179456145,0.12629879032603575,0.24697143780018724,0.23720973439172882,0.29278369038021923,0.34512104131985694,0.34527321159220203,0.4554097794739135,0.39256374168423946,0.5716537694315613,0.4223519070981452,0.6916531566870129,0.4219684252656103,0.18019881448440359,0.4473978148895475
72.408000,0.024014091461616503,0.22270557493974058,0.12619756628173534,0.2481942733975161,0.23770586551945233,0.2925327352688014,0.34792857093917506,0.3399769678999295,0.46160967059843894,0.3784036198521916,0.5804278975908254,0.39520329051520725,0.6992210689088358,0.3782273531858732,0.1711639887003092,0.4508208641312922
72.458000,0.024295214039032398,0.22214499171066887,0.1260656673110219,0.24918343371786109,0.2382800656966709,0.29170317965956194,0.35067884000346,0.3337331158281004,0.46708068931609203,0.36289832586676235,0.5870263306671626,0.36650985198190233,0.7023875226591906,0.33346752485171316,0.16450590012884198,0.45365762318335656
72.508000,0.02441964423667132,0.2220009779171628,0.12593094872625363,0.2500997818876343,0.239027896875792,0.29021312529429355,0.3535447951604699,0.32607229437636637,0.47202892033877736,0.3450857654095858,0.5915865230644152,0.3347911245465714,0.7011148540672849,0.2857651650177094,0.15444620779564372,0.4574646151178686
72.558000,0.02452435485526908,0.222206051654245,0.12581879629234458,0.2510740555540625,0.23985888513837544,0.28842185499650597,0.35621868495799675,0.31775437923134353,0.4759094592708559,0.32636359195079323,0.5934872261184867,0.30237466245880895,0.6951363534737222,0.23859806116992124,0.149455184437182,0.46036630369984044
72.608000,0.024629576744254682,0.22221635541304677,0.1257869114621157,0.25152442941499037,0.2408178092982534,0.2856988722489544,0.35871431843620627,0.3080687880530999,0.478695828163676,0.30596229250003676,0.5926995738614693,0.2685037024723367,0.6845500990460844,0.19128012431587454,0.1463512036136633,0.4615459622699053
72.658000,0.024738108116212305,0.22224058338527164,0.12590239974491585,0.2515635790214602,0.24190207194209498,0.28228939959873495,0.3609236877598141,0.29758171689008095,0.4802612771289947,0.2849904594646745,0.5893569253780178,0.23500906759604653,0.6702097174280525,0.1463364899989477,0.14238972918766818,0.4660984750313699
72.708000,0.024832445025298737,0.22227883960762498,0.12595374176183208,0.25176346777655745,0.2428747959532721,0.27877211614633635,0.36262895072613915,0.2864495124912044,0.48028332068070906,0.26283914971141564,0.5827280603734069,0.20034854794366697,0.6505867096508101,0.10137782642337909,0.1412228862138342,0.4692336276720018
72.758000,0.02487710114915028,0.22233336934428635,0.12600399071684845,0.251766796024785,0.24376152740722723,0.27485710898529053,0.3637615059399891,0.2747853305995234,0.4787225184923089,0.24037652950234178,0.5731994695661,0.16638932982698945,0.6271052941382997,0.059178499790135286,0.1430447392846715,0.4716761435560898
72.808000,0.025067622516741616,0.2222519913573378,0.12625550262219615,0.25130421838038575,0.24479226169485113,0.26998674353468366,0.36451006889936305,0.2617619859415932,0.47568026570274125,0.21658248458725177,0.5608157435356823,0.1320132797212464,0.5998546200166384,0.018540965408901072,0.14188931349461076,0.47228143578669857
72.858000,0.026679969290637588,0.22207797837116494,0.12746215443916714,0.25029842157238347,0.24664548056602678,0.2642746432842192,0.36551810851416033,0.2478643317483411,0.47196600676094763,0.1924671751530646,0.5469076064684742,0.0987454773810088,0.5710398313126545,-0.018802962523862765,0.1505938541674581,0.47632847666374994
72.908000,0.02868092572618868,0.22202611721096313,0.13000099974770501,0.24888043190461626,0.24968831864103289,0.25753755013915813,0.36704866306263856,0.23250657817956183,0.4676186911113941,0.16704155348490124,0.5311909385224209,0.06526449634965498,0.5399894062596734,-0.054412514665311995,0.15650028041384914,0.47866006380358067
72.958000,0.03307839488726644,0.2219388784336198,0.13375816568962415,0.24698492160857954,0.2537227397952343,0.24990056213161638,0.3688908815654069,0.21619152593647387,0.4626557287268451,0.14130392057489108,0.5142591390070601,0.03296607839842983,0.5081176050444307,-0.08687665838851899,0.15670249328040262,0.47859217917206065
73.008000,0.03694741452918558,0.22181288026138193,0.13882116447901915,0.24446362584370826,0.25877183805046045,0.2410232901395163,0.3709243522130063,0.19834058208320926,0.4567430250255481,0.11446474887307725,0.49553208726319264,0.0009067960440298783,0.4745798342303226,-0.1172498926910841,0.17547145062349312,0.4802207707683529
73.058000,0.044173133093405044,0.22141068787086873,0.14506341051297117,0.2412591270979101,0.2646281628715954,0.23104785913448542,0.3729780136780045,0.17946966771379955,0.45001771858206235,0.08746486420715824,0.4757538874857689,-0.029742855718450284,0.44082562913615414,-0.14454710985854116,0.18121365760603966,0.477984893613406
73.108000,0.04995023312965453,0.22093017675119933,0.15255859287018608,0.2371981008420898,0.27126704378922417,0.21963952230046768,0.3748604867668059,0.15907221616877237,0.44208277079106895,0.05966816931673874,0.4543160591941859,-0.059706646514935624,0.4060189991698251,-0.1695583374122689,0.1838943160094542,0.47700222294264694
73.158000,0.060078573990240886,0.2197589184293315,0.16116261482241212,0.2322324103579413,0.2784725286082398,0.20696614574360528,0.3764467430962015,0.13767651235254977,0.43318174453965275,0.03193560441616222,0.43204492197021604,-0.08805901060653626,0.3715236376281132,-0.19167934713167167,0.22653157246165878,0.4713075224028985
73.208000,0.0678192489241945,0.21859314017729112,0.17092805844806758,0.2261631510134095,0.2861718226923872,0.1927135650249457,0.3774969163939536,0.11486931500993094,0.4229046282875722,0.0037921359829764523,0.40836983312808106,-0.11532436048024075,0.3365831620258877,-0.21148398741413388,0.2530095541574611,0.4617974655145635
73.258000,0.08093248056859648,0.21610779598564017,0.18168675347140584,0.21895658708623797,0.2941438162306228,0.177082859815197,0.377937587880222,0.0911840598658682,0.411578837381145,-0.024003901015539314,0.38412574136426403,-0.14082139764634347,0.3023796530323035,-0.22867113892327182,0.2769357273098426,0.4513317708317134
73.308000,0.09068348242450466,0.2138583891624854,0.19346086195722634,0.21039204483971527,0.3022728414555451,0.15979606557596915,0.377511450895034,0.06631263576291599,0.39883280316205866,-0.0517780071242554,0.35883568434245555,-0.16491611072392925,0.2682885685823145,-0.24366393499558509,0.2891800808555631,0.444114427309311
73.358000,0.1068246809591637,0.20940756927133164,0.20605349923898147,0.20046035695346118,0.310340316074227,0.1410948801645739,0.376200508657293,0.040783190751418064,0.3850468221466252,-0.07889029310214268,0.3332727232542959,-0.18714666789775142,0.23524741040372937,-0.25636399261164416,0.33616595278543016,0.4145756438528073
73.408000,0.11858718099871739,0.20560533660810543,0.21944779834825567,0.18892777106011224,0.3181999001124178,0.12075136460479549,0.37376583128577345,0.014391469471160184,0.3699326579063236,-0.10554729316145608,0.30709173800042294,-0.20777751758349358,0.2027918299538018,-0.2671199912551089,0.37082519085009824,0.385422982093933
73.458000,0.13769992848831078,0.19843756832514553,0.23341871231552752,0.17582363667769313,0.32564814666206826,0.09905299489245661,0.37024520015469164,-0.012352134342135085,0.35388662499612045,-0.13123189300096388,0.28094491242112585,-0.22651833782197112,0.1715877957897758,-0.2759250280782239,0.38669540251524515,0.3706572467210915
73.508000,0.15138782844135495,0.19255430172903412,0.2479051561901815,0.16091362062386041,0.332526526326111,0.0758299928431998,0.3654525282739358,-0.039564454145083944,0.33673463780749746,-0.15607746958609658,0.2546352772285885,-0.24359715304378665,0.14133478165466493,-0.2831319187912058,0.4310704001936299,0.3153797187457795
73.558000,0.17325462131231517,0.18184720341778637,0.26266179684165025,0.14428035695855967,0.3386628678816883,0.051415739365167024,0.35947660147311233,-0.0667654287369685,0.3188508555008209,-0.17967932851992174,0.22865457006785092,-0.2588287447786295,0.11243570924767088,-0.28871480155532014,0.4615179980102941,0.26597957763058716
73.608000,0.18942404372270555,0.17451956458285955,0.2781582706672739,0.12662770511597943,0.34464014929250064,0.026726955309165662,0.3531305564380491,-0.09297230528045991,0.30127747535174787,-0.20119087107144024,0.20414925369818254,-0.27166149301841064,0.08596920600020146,-0.29248158724921414,0.4690065339030593,0.25412322700133444
73.658000,0.21585963024109014,0.16368887621521083,0.2952148836649564,0.11005008481876638,0.3521041896579138,0.004392113687789773,0.34907484095000296,-0.11556964291128513,0.2874885029649931,-0.21856053072950182,0.18494177377372684,-0.2808836270274924,0.06566021063868324,-0.2939950226822476,0.4948726090698672,0.17698070349040002
73.708000,0.2346985170243372,0.15634671594957658,0.3134313651082957,0.09395918924116438,0.36078694068909034,-0.016301635449253754,0.3471126292173616,-0.13551997802191845,0.27722123352716266,-0.2330658277976787,0.17056639096738058,-0.28806350555363147,0.05077027266436718,-0.2950556468229617,0.5064532970372764,0.14826848212267416
73.758000,0.2649971376983665,0.14548503110812203,0.33267140191972644,0.07835743987566364,0.37055234961072187,-0.035506662465820904,0.3470135992824332,-0.15317538062397243,0.26998301533313673,-0.24518782074176512,0.160173579054899,-0.29358087503941854,0.04019152794049499,-0.29565630520701003,0.5117884665798291,0.06303933603688405
73.808000,0.2871801160853157,0.1388774306450389,0.35401614291894495,0.06405686997086832,0.3825840324342068,-0.052493015008241745,0.3500225284962348,-0.16799084382461998,0.26699006826477145,-0.2546257706608012,0.15487026628238235,-0.29739433392203124,0.03487793657867774,-0.2960375685490007,0.5188703709323602,0.032444446085302836
73.858000,0.3231991650240878,0.12923103825087606,0.37736833546470366,0.05078746448760847,0.3967337345154822,-0.06763964946694187,0.35583649158788677,-0.18045549729392563,0.2676625832489904,-0.2618518233058766,0.15379386244664675,-0.2997188858119366,0.03385397968346121,-0.29592092283775273,0.5066434187684167,-0.04270456114092497
73.908000,0.34801943643189154,0.12251131997986284,0.40133532211394896,0.03725396512029713,0.4110366211384008,-0.08235324535262549,0.36195121315189965,-0.19185494726944408,0.26908651345258505,-0.26785591798487324,0.1538064932238817,-0.30118033750043455,0.03393521820580647,-0.2956235915515805,0.5116754042269147,-0.06823567173301823
73.958000,0.38444081221575194,0.11152623861756487,0.4242477958033852,0.023652656574738015,0.4241357136014361,-0.09634729108183294,0.36723533650522966,-0.20199930046314613,0.2701828564264691,-0.2725741976331835,0.15377576779785965,-0.3017184889611741,0.03396873861670546,-0.29491586014682053,0.4876504073440483,-0.12648517900095504
74.008000,0.40868935751639324,0.1033947820974907,0.4462956845287608,0.00963269954792266,0.4361984666997691,-0.10994173832286071,0.3718639056287369,-0.21123864968642359,0.27113456553971216,-0.27645827898029113,0.15387861576815703,-0.30197380843140115,0.03409667044650072,-0.2947429319313026,0.47828650789543775,-0.162512338624446
74.058000,0.44533043055000937,0.08891906768082068,0.4677097638035805,-0.0053942393761822055,0.4474093030473114,-0.12366465534350338,0.37588842571008385,-0.22002213613722924,0.27179988870971483,-0.27973458429607445,0.15383553168520786,-0.3017439112234168,0.034067316027153904,-0.29428907936174253,0.4665091879210301,-0.18375746687954658
74.108000,0.4700598844420197,0.07738745480701517,0.4886284390553021,-0.022017770216865462,0.45789941200959905,-0.13801659304203218,0.3794784334396871,-0.2288469300453559,0.2723910909965617,-0.2829976556957916,0.1538792363160218,-0.3018375150418304,0.03409095657274286,-0.2947123458406154,0.45317710070385664,-0.2077042304565427
74.158000,0.5075454878379312,0.05687903724577448,0.5090927489596501,-0.04034769250639096,0.4677407244809157,-0.15299763734219615,0.3826335702548755,-0.23759534593731602,0.27277308634588937,-0.2858724013081988,0.15378565600116129,-0.3014284747188771,0.03398264932498396,-0.2945553683361898,0.4550364356094654,-0.22699261196147433
74.208000,0.531313174666418,0.042274296010824754,0.5283930633368692,-0.05933149353662226,0.4764903011141364,-0.1675262404902208,0.38508576917293924,-0.24527719893488698,0.272756035599747,-0.28749130742169265,0.1533853152089339,-0.29976449417244233,0.03356661690370338,-0.29317059280158525,0.4550767610139491,-0.23308396411967303
74.258000,0.5654386643732414,0.01843487907380522,0.5456722484348204,-0.07823691550877905,0.48391054444391884,-0.1811227353291255,0.38708013622616877,-0.25200201329085614,0.27286538430545865,-0.28881220812449776,0.15328696911972278,-0.2988622141773708,0.03339256536920365,-0.2938291287125264,0.45254531531815745,-0.25626328005834065
74.308000,0.5873873287312069,0.00042369589810196674,0.5616077205704741,-0.09832107107087751,0.4902599804881035,-0.1948068212370918,0.38846721802897877,-0.2583539180310452,0.27265409201045615,-0.2897755641021489,0.15292690819665244,-0.29786268077097156,0.032966740640589465,-0.2947710469116012,0.4512896458463926,-0.26175471842040143
74.358000,0.6182792795615913,-0.029767566372587012,0.5760495240991761,-0.11959183545238002,0.4957395945865565,-0.20875637561087063,0.38951253187249835,-0.26457582694410126,0.27232659383483804,-0.29041099534366144,0.15246932305041982,-0.29626203286793173,0.03248021761184172,-0.29464506779428695,0.44393566260264977,-0.28137697650597027
74.408000,0.637762299462248,-0.05223999364217772,0.5891331812851196,-0.14231149454545972,0.5003363921291715,-0.2230278512248452,0.3902123934710209,-0.2707007462443385,0.27194586120136044,-0.2910238204436143,0.15201152558127384,-0.29499309485692926,0.032012157962747034,-0.29538267303059446,0.4417963860220345,-0.285377741569096
74.458000,0.6645799204123137,-0.08751174461622366,0.6010001274447409,-0.1656996853538997,0.5043781887442734,-0.23686288477981227,0.39092758566247454,-0.27596481132281414,0.2718410042446041,-0.2907427044740028,0.1518617097579017,-0.2929718058698172,0.03189031584489321,-0.2955918518967812,0.36885823769194237,-0.21033612441370256
74.508000,0.6793762981422233,-0.11009473199222299,0.6102296991948751,-0.18691837812540252,0.5070840291982667,-0.24824513216432503,0.3911229012498544,-0.2791161024265625,0.2715218393876988,-0.2888929117959217,0.1515260298829636,-0.2898957583960063,0.03164091829021831,-0.29514552204735356,0.37079828512566404,-0.20950304564840364
74.558000,0.6987915850318124,-0.14510740779964396,0.6178351009295786,-0.20742185297874344,0.5093117064763397,-0.2586338911762873,0.39154738532677325,-0.2816895773335404,0.27167538983742745,-0.2872307592834703,0.1516774950302482,-0.28794156294492945,0.03200842542862614,-0.2968473914118436,0.37155214712824347,-0.18490851583858045
74.608000,0.7091704239575568,-0.16838408028704163,0.6234243081592046,-0.2270888745550655,0.510628322441091,-0.2680408660314163,0.3916511397969788,-0.28367512361115266,0.27166638169701435,-0.285587667386602,0.15167137301416966,-0.2866821495491104,0.032403263753018496,-0.29991536961340404,0.381428409655304,-0.17164780150032802
74.658000,0.7214781668745932,-0.20425626962356289,0.6274909646078022,-0.24635896466230833,0.5114159425946148,-0.27679889345062925,0.39170036630358346,-0.2850560596295466,0.27171188713101785,-0.2833932710516343,0.1517204106785197,-0.28482350835698395,0.03298084399616996,-0.30217041886254115,0.3912276196597819,-0.1593273435293633
74.708000,0.7274666787066193,-0.22902985127081166,0.6299413708628343,-0.2658619189528626,0.5115726235989156,-0.2855809369601203,0.39157724936942145,-0.2866345799374262,0.2716782831939088,-0.2817113787386909,0.15169728096538926,-0.28384658463975654,0.033694642054158175,-0.3056497314306589,0.4004616626486445,-0.1557629382356771
74.758000,0.7330209705873063,-0.26302807323392147,0.6311964089883221,-0.2835409181777734,0.5115602045922167,-0.2928778646626221,0.3916939553258431,-0.28721374704512503,0.2719449964168053,-0.2794557333309866,0.15198624354997026,-0.2826017738955845,0.03491941994090553,-0.30897143077331163,0.423334378188296,-0.13600434638427775
74.808000,0.7345843889478831,-0.283169845121406,0.6309318416616355,-0.29883624652397256,0.5109318445638455,-0.2988098652228926,0.39146221628950373,-0.2875400861685622,0.2718415065257759,-0.27800668196992834,0.15195098652564287,-0.2831314466150022,0.03621407619731831,-0.31483267017906325,0.44608530915268896,-0.12685755535586066
74.858000,0.7340911901755134,-0.31542447596485207,0.6296827214704992,-0.3137987211385449,0.510122953057126,-0.303529262897959,0.39143574452159297,-0.2858276663601613,0.27205638801365006,-0.2736387683738505,0.15221367286217136,-0.2797807244984186,0.03772069385485066,-0.3157161907729807,0.4530260039976667,-0.12616464638004807
74.908000,0.732233935196364,-0.33503152123878943,0.6274713731324557,-0.3275154259271587,0.5090967993148403,-0.3078314153265096,0.39136892038497806,-0.28459036279962674,0.27218184073189117,-0.2706461868292592,0.1524520658311752,-0.27869485139851796,0.03963846844651753,-0.31959830165506364,0.489889575920698,-0.11904523003174916
74.958000,0.7260157566174775,-0.36545171698101153,0.6242171994125935,-0.34012615764516824,0.5077761008671507,-0.31111804555020395,0.39124531401500134,-0.28247235279435,0.272256706538767,-0.26692528585777364,0.1526832961541038,-0.2770346641019774,0.0418042143016355,-0.3229239787653795,0.5116257989458953,-0.12118668012581693
75.008000,0.7197651129788988,-0.38721318771109636,0.6195029310486636,-0.35508351415606315,0.5058728989047123,-0.31650611410226603,0.3909060370034428,-0.2821168619361194,0.2722006814116451,-0.26453736951409246,0.15276846575570047,-0.276196951977992,0.04377766309664788,-0.32640656196049367,0.5193230296386007,-0.12153633262905675
75.058000,0.7089152268818907,-0.41337740857958455,0.614071276207358,-0.3688145474214578,0.5040554741950296,-0.3208924929261422,0.390992911863223,-0.2806823325326842,0.27266207003180853,-0.26073711077596884,0.15333165422391648,-0.273396173052453,0.04604155932808707,-0.3271440615708916,0.5510235929071474,-0.12770461988178042
75.108000,0.7016683191964027,-0.4264447658421076,0.609510787245364,-0.3756724974148272,0.5026725469629539,-0.32103194092646414,0.3908324527218344,-0.27753719043703706,0.2724684112790959,-0.25778994522810605,0.15356082469310683,-0.273945001783113,0.04924527888805896,-0.3332599822129745,0.573433909913127,-0.12568228625625236
75.158000,0.6898918100259983,-0.44503945221382113,0.6045955417318676,-0.38335409376007346,0.5013482204695946,-0.3221986307811623,0.390924611339714,-0.27522388706997913,0.2726151793533833,-0.2551520584768544,0.15410032485893999,-0.2739730378392819,0.05244275574315971,-0.3377361826916989,0.5893036353258996,-0.1314238421629313
75.208000,0.680928312086447,-0.45648491207287994,0.5994646731598143,-0.38975114753127194,0.5000233098334659,-0.32258407777385933,0.39096135699200535,-0.2725292034616905,0.2726409387297826,-0.25252223911792576,0.1546398776157617,-0.2743339235087542,0.055958675277224756,-0.3426129122609365,0.611977626370088,-0.1453542471194757
75.258000,0.6664370616126847,-0.4725027849252268,0.5939086108212269,-0.39595436051483085,0.49867942347307936,-0.3229379111557216,0.39112359512929906,-0.26972377967466443,0.272829254427869,-0.24956320036716403,0.15534415484907227,-0.2740019273585637,0.059517744274940276,-0.3462328005117925,0.6306459157778008,-0.15374706215891754
75.308000,0.6565740985771136,-0.48173384728029495,0.5881864868009977,-0.40161358898009614,0.49727085966811124,-0.3232915056178949,0.39116207062564085,-0.26724755065454486,0.2728569376529936,-0.24715039883826062,0.15596220206941602,-0.27427272888410226,0.06307229383023749,-0.3502428870753568,0.6430176188490024,-0.1620062509809841
75.358000,0.6453210597596307,-0.48882198560077145,0.5840940349165364,-0.40373994072496766,0.49659126474076576,-0.32162255394520994,0.39130350216224763,-0.2640509719696079,0.2728029772585694,-0.2451399805224319,0.15676840934239372,-0.2757337551911141,0.06731347208260441,-0.3557200927734545,0.6481582306881466,-0.16437440323603503
75.408000,0.6381011167721857,-0.49245175383101636,0.5808168365939137,-0.40434030990504366,0.49636968656608466,-0.3190837626363596,0.3915354519047217,-0.2606904133321255,0.2727367944197842,-0.24375291116160147,0.15787111692147882,-0.27847863840892184,0.07242464203141707,-0.3627336081665693,0.6614303407132764,-0.17404294422702954
75.458000,0.6272330810798658,-0.49739813787497955,0.5775710983980947,-0.4049653246087752,0.4961875275332873,-0.31677964326938274,0.3918515044023908,-0.25750069019808575,0.27282811963273756,-0.24222214714008883,0.15909218549561627,-0.2804861940504244,0.07724096465276176,-0.3682379897387992,0.6726719809670682,-0.18455847011217297
75.508000,0.620093057072799,-0.5002225800490306,0.5743753870395618,-0.4055093996906647,0.4959205074770756,-0.31470834312833285,0.3919835608078245,-0.25473242198431656,0.27275129798170883,-0.2411800236222521,0.16021010369701932,-0.28282710742143036,0.08183018202239889,-0.3736928758839287,0.6849949055237693,-0.1929290576238068
75.558000,0.6096938110935237,-0.5037925482106725,0.5712960483081322,-0.4059979249414421,0.4957308403763098,-0.3127782953014331,0.39223039901763374,-0.2520522000988,0.2728450921546998,-0.2399217217387717,0.16138954742280237,-0.2843926285039371,0.08596332187498923,-0.37772474783919274,0.6867806268852142,-0.19234181156987756
75.608000,0.603038589374342,-0.5057621511472774,0.5683656052527228,-0.40640480818811675,0.4954975860305307,-0.311061996321494,0.3923296953405334,-0.2497726307628852,0.27280430939639316,-0.23911044923637093,0.16244080758305895,-0.28622623711578754,0.08972468355929886,-0.3816849470743926,0.6915901496514637,-0.19457464380089007
75.658000,0.5935823324895889,-0.5081599928741101,0.5656111050588776,-0.4067653939588766,0.4953457702803861,-0.3094885584405143,0.39253532091416377,-0.24760147173322594,0.272910478587152,-0.23812006370289818,0.16347817415058669,-0.287359994101944,0.09289339572432809,-0.3844052879317634,0.6943917744705769,-0.1957753383169752
75.708000,0.5876836621187697,-0.5094266857828849,0.5630659458040297,-0.4070583220782995,0.49516213742768395,-0.3081185787595072,0.3926054622280807,-0.24581185061556515,0.27289184095506125,-0.23752638854637015,0.16434084570707796,-0.28867989703476493,0.09554094084569764,-0.38699862918212846,0.6953973230898056,-0.1959659909748308
75.758000,0.5795226463475709,-0.5108973844979138,0.5607411503392951,-0.4073137253684539,0.4950569715253726,-0.3068866938802104,0.3927687800403618,-0.24414017299876417,0.2729949163596719,-0.2367766426634217,0.16512802632222767,-0.2893573809013917,0.09750661401260835,-0.38849034513253144,0.6954643060095975,-0.1958073145497229
75.808000,0.574532413775811,-0.5116355861261949,0.5586450073194096,-0.4075171337579231,0.49491993204217033,-0.30583569601774263,0.3928120735616933,-0.24279614306460956,0.2729873283630368,-0.23631305444289313,0.16569552029106843,-0.2900575231875732,0.09880807253019663,-0.38968718409252967,0.6934347482163986,-0.19426793534367498
75.858000,0.5679975787922056,-0.5124117044935775,0.5568101883496657,-0.4076806754025252,0.49486060874579035,-0.3049078697246461,0.39293675742845924,-0.24157124104390093,0.27307981201137804,-0.2357135422391815,0.16614879329136184,-0.29017230861797083,0.09939842414950922,-0.3898938620526541,0.6894762436838292,-0.19156775175708746
75.908000,0.564449328610729,-0.512746227538058,0.5554418127506094,-0.40779101437625787,0.49485072195738633,-0.30421148108667695,0.3929499336937957,-0.2408377534761057,0.27306085124464663,-0.2356794679565637,0.16641218392637103,-0.29068911946641945,0.09942640312769052,-0.39025269297998466,0.6841930805479673,-0.18830916244912782
75.958000,0.5605814062082409,-0.5129720759640756,0.5546275367050115,-0.4078451481353235,0.49503441288213723,-0.3036882492134011,0.3930634521145868,-0.24042749392117674,0.27314893098049964,-0.2358989598114939,0.1666460186698926,-0.2911902762125269,0.09900400702813927,-0.39030918591726926,0.6765806633162332,-0.18378288420875344
76.008000,0.5587790996418694,-0.5129867970728197,0.5543107622384424,-0.40775414581939096,0.4952917581116884,-0.3032708593478879,0.39310732495898004,-0.24035550652157311,0.2731698302976844,-0.23648286215735864,0.1667035236444699,-0.2918446318872333,0.09799217153179568,-0.39022527068800594,0.6668041333640402,-0.17835456228844726
76.058000,0.5573080701296668,-0.5128721659267399,0.5543909836995924,-0.407637881242205,0.4956390541573197,-0.30300418315664646,0.393187833783778,-0.2405242068124448,0.2732346327020697,-0.23717315470135553,0.16664248515886299,-0.2922922446986265,0.09643057885856088,-0.3896076505379775,0.6554667052997627,-0.17265363056276567
76.108000,0.55658990775923,-0.5128052991157944,0.554755874240503,-0.40749732599334376,0.49597320446190923,-0.3028808945397109,0.3932030297570764,-0.2409269504480614,0.2732401164130219,-0.2379437606844893,0.16633029902869356,-0.2924441363423632,0.09408334315409517,-0.38825842215706774,0.6570119505941119,-0.17327217089750124
76.158000,0.5554370207412035,-0.5128338937721592,0.5547492123140482,-0.4075107544168369,0.49607002714556825,-0.30283624354889005,0.39318807178705995,-0.24106810241114468,0.2732318530068107,-0.23782687190705026,0.16563904892793618,-0.29096620301331544,0.09061149891750686,-0.38461910867647264,0.6232664849979531,-0.16116143262838062
76.208000,0.5552861589209102,-0.5127361205621496,0.5549952320948557,-0.407422106617491,0.49616763548899917,-0.30283093167343894,0.3931549193032242,-0.2412811119909925,0.27321281746772114,-0.23755388690065704,0.16474100617129345,-0.28887509259634525,0.08642281307599797,-0.3797940709790142,0.6067538644620408,-0.1576385928956468
76.258000,0.5554832231582241,-0.512703122774055,0.5553770793465886,-0.4073218411888453,0.4962561392456778,-0.3028962004645988,0.39314843309591896,-0.2415056398557766,0.27323264893364807,-0.2370106750598336,0.16372245938229008,-0.2860771441035858,0.08177099717900616,-0.37373533164272715,0.6087796156214026,-0.15810808095822598
76.308000,0.5558110689514562,-0.5128341070600673,0.5557325288583385,-0.4074570061736989,0.49629418513113993,-0.3032117027104043,0.3932108504220136,-0.2417802278408756,0.273349358158756,-0.23601631665083306,0.16255099035190257,-0.2821001716472281,0.07639193719490278,-0.36562632060089423,0.6095941885990788,-0.15825413718479625
76.358000,0.5570810976262424,-0.5129585303848029,0.556251616552911,-0.40758154106276623,0.49633661604898655,-0.30360946445625403,0.39329757742535837,-0.242103720667378,0.27351772151362586,-0.23483831513076625,0.16137251532614877,-0.27754022058200845,0.07088126118079724,-0.35635223060035126,0.610829536462369,-0.158370928202817
76.408000,0.5579597580520508,-0.5129430786555197,0.556789059774948,-0.4076215953081889,0.4962847105431514,-0.3039913693892289,0.3933595336053085,-0.2422952758963577,0.27371024283841916,-0.23312754887266557,0.16010717088596688,-0.27178426940871414,0.06499363288756566,-0.34495130357706044,0.6112637236210785,-0.15838478248747567
76.458000,0.5596656802714528,-0.5128291941289771,0.5571721126499037,-0.4075307463164773,0.4960451829884499,-0.3042665295223271,0.39332010929887534,-0.24223783265167836,0.2738634181591956,-0.2308317403369043,0.1588132761372213,-0.2649413404598939,0.05911788879372348,-0.3317307838037324,0.514291816976857,-0.1636728920394548
76.508000,0.5612411751552991,-0.5127203570153339,0.5575946684706954,-0.4074546553803879,0.4956195520319,-0.30469724716863417,0.3930972651387629,-0.24233395115086132,0.27390552087731473,-0.22842970360153964,0.15746587287085206,-0.2574436377044958,0.05325381541326568,-0.3169402517296363,0.4960378157199314,-0.1701457773946235
76.558000,0.5635714026004716,-0.5126682283874349,0.55787455979974,-0.40741469755127296,0.4949937269754081,-0.30520901833862635,0.39273572233643206,-0.24241331396917803,0.2738976647436573,-0.22575450045871953,0.15622116223968635,-0.2492543038288067,0.047842078345036065,-0.30077104066409355,0.49515512626377484,-0.17065408100596402
76.608000,0.5654854633545424,-0.5127196647146243,0.5581336457428252,-0.4075864279517116,0.49425807016255496,-0.30599946597189265,0.39234820198547293,-0.24264034059811757,0.27399422594573,-0.22283285828501298,0.1552483217780446,-0.24013633317876842,0.043015381791583374,-0.28260711351060763,0.46204064784978477,-0.18736586161451368
76.658000,0.5688175218944955,-0.5125297451907578,0.5584810682904688,-0.4077743910452725,0.49345380121599036,-0.3069207617757988,0.3918802052520374,-0.24302393397541805,0.2741119304352849,-0.21998845163435465,0.15460709896168706,-0.2308785964665518,0.03922038967424046,-0.2638317043596385,0.4462118897149191,-0.19806389022370297
76.708000,0.5711053041158896,-0.5120238599103376,0.5590306386484649,-0.40743216447224984,0.4930043580756165,-0.3072297181503163,0.39200280314669167,-0.24243245048182654,0.2750570975654735,-0.215530741504872,0.1551100571841864,-0.21909549927045607,0.03717658663368606,-0.24126973006778535,0.4440931840763044,-0.19931116616988548
76.758000,0.5743001192451409,-0.5114859794469415,0.5594721293160384,-0.4071279219219447,0.49266164746633384,-0.3074466322281897,0.3924551825094278,-0.24142645061044232,0.2765845723883321,-0.21021745014318838,0.15666181949448504,-0.20591241374829777,0.03713845542718164,-0.21659723672459757,0.4166509232249832,-0.22391392553253064
76.808000,0.5761192548755436,-0.5112516315719422,0.5592728216581913,-0.4072663777161927,0.4917384553215687,-0.30807409291787347,0.3924660775828814,-0.24065751470370295,0.2779278842701875,-0.20486642261832566,0.15858603507456148,-0.19231560469404552,0.03859324309728562,-0.19100035813989824,0.4140015114727708,-0.22633306065210912
76.858000,0.5796785179951655,-0.5107188662615948,0.559293037569264,-0.40732355784397767,0.49071338131450504,-0.3088510705798738,0.3923103791986471,-0.2401717492772687,0.27931088603098064,-0.19978469016360578,0.1611614503503555,-0.17879157585558075,0.04194607745211876,-0.16509139831168118,0.3919040466974384,-0.2547050904474463
76.908000,0.5819919882467902,-0.5103346348261261,0.5592379930534452,-0.4074497107697317,0.48984110643862117,-0.3095514363816238,0.39260904526028884,-0.23922415661755914,0.2815856689647322,-0.19368505346504622,0.165426015404269,-0.1635696938505064,0.04846111996091129,-0.1367515426479286,0.3885725617697011,-0.2587204655300332
76.958000,0.5855172793046627,-0.5096084786361663,0.5591221912325472,-0.4076351346148066,0.48892701907635033,-0.3103076574787399,0.3929493101566741,-0.23827794562372645,0.2841858901591868,-0.1875776648779336,0.1707473023474309,-0.148440894559155,0.057473088998948096,-0.10883088842358934,0.3743389643257783,-0.28563915419590374
77.008000,0.5870877083910179,-0.5092755902995513,0.5588633530402363,-0.40776560163557635,0.4883750673512074,-0.3106501982197348,0.39419345486425206,-0.23628741270603248,0.2883984720171935,-0.1796533098669254,0.17883471600688727,-0.1307065697414172,0.07116933288031402,-0.07771444507927361,0.36633860921278416,-0.30291066052777943
77.058000,0.5892614986435447,-0.5086304794557251,0.558203942749357,-0.40797190136459166,0.48776515530302744,-0.31082059039510157,0.395740167625412,-0.23380499689005552,0.2934840915637758,-0.171006152087968,0.18884668156826034,-0.11226083372615947,0.08853773219166838,-0.04639646798136465,0.36521531050726763,-0.3051470484636388
77.108000,0.5909744268761256,-0.5080863831450076,0.5579529954276667,-0.40804506433961163,0.4877464992695591,-0.31072575537576114,0.3982303524082667,-0.23080792600641886,0.30019744769221524,-0.16160135411520743,0.20173912167363206,-0.09300136841828333,0.11077924738753131,-0.014730676139138865,0.3560132068070945,-0.33504871698979144
77.158000,0.5930054084228201,-0.5073900887539536,0.5575041346150202,-0.40820369717774113,0.4877775071949706,-0.3105400016270119,0.4009927092661333,-0.22766419786951708,0.3075953553485435,-0.15231876482150558,0.21610938078523306,-0.07466365257381619,0.13567687037402593,0.01439032694956599,0.35307643001164285,-0.34882344104626345
77.208000,0.594479323374055,-0.5068549048044275,0.5570843517910005,-0.4083709275959886,0.4877730568847701,-0.31041203622608204,0.4040176575375056,-0.22447582104191244,0.31604735880924795,-0.14285948357409411,0.23298767322643577,-0.05625065821037034,0.16523032751154454,0.04278944529155615,0.34992583491210993,-0.3634842864740617
77.258000,0.5960622605613907,-0.5062004908013269,0.5565613900964904,-0.40858321025850475,0.4878445994553309,-0.3102063700837175,0.4073644989480335,-0.22119539656685538,0.3253162176146426,-0.13362782546839902,0.2515309191641092,-0.03899310809948986,0.19748960417465766,0.06814948953196598,0.34927348747977194,-0.3654946499140814
77.308000,0.5965314635223253,-0.5058766043023742,0.5553277470156013,-0.40892048220741956,0.487662137905343,-0.3098176803109155,0.4109701339867975,-0.21752284548948625,0.33558819518694394,-0.12415495324274434,0.2721148043617617,-0.022316214753370867,0.2328806858463448,0.09108874079284568,0.3469514225403736,-0.3873416194945369
77.358000,0.5972266928415728,-0.5053326435270463,0.5540969276207653,-0.4092232841066733,0.4876739118257138,-0.30928338732017724,0.4152188992954501,-0.21362633765222333,0.3473388426752473,-0.11467029736534184,0.29539997750181934,-0.006492876967744365,0.2722535657659023,0.11125364567992868,0.3460490153894936,-0.3964383023082342
77.408000,0.5982056895260303,-0.5049204384753947,0.5535908098998598,-0.4094777116684661,0.48868934327771396,-0.3085430811876976,0.4207574843375963,-0.20962259523589927,0.3607659817619256,-0.10569464125490335,0.3207345467000118,0.007431324846878695,0.3135901997161818,0.12721846232199063,0.3454558318689067,-0.40062374919056953
77.458000,0.5991491660994387,-0.5043121136989774,0.5529278705743361,-0.4097666697736495,0.48941344095683836,-0.3079535211612827,0.4262043704916611,-0.20595051428928784,0.3746837033675188,-0.09757329869909437,0.3473730281552946,0.019277576434352572,0.3567665286358619,0.13890935377098512,0.3438625669264765,-0.4147564107620205
77.508000,0.5992622810458702,-0.5040148198219856,0.5519760410886945,-0.4099320575076647,0.4905629992595524,-0.3068377400440344,0.43296036841892294,-0.20156696100142496,0.39101107563750603,-0.08913806420376513,0.37749864436214237,0.030098734650567338,0.40385944383102257,0.1471675530923774,0.34314793625845363,-0.417767829848092
77.558000,0.5991482667087826,-0.503897300587371,0.5510787173191982,-0.4101860090452314,0.49216541780951395,-0.3056430841756559,0.4406079662777782,-0.19728336291782944,0.4086661144017514,-0.08161263153558085,0.40905081447107106,0.038386751820520426,0.45153664786160796,0.1506139943286059,0.3419266927584032,-0.42381022409005
77.608000,0.5990636703334529,-0.5038482797907995,0.5504847110583956,-0.41038903789259285,0.494441837701862,-0.30427967758006846,0.4494752985385454,-0.19302317055388396,0.42816533860311246,-0.07493047134030417,0.44274468218088436,0.044180580795255886,0.5006712161936165,0.14927347616529574,0.3390927163422059,-0.4329342372231627
77.658000,0.5991156824950284,-0.5037192944762976,0.5501619436132401,-0.41047105121928434,0.49721875348767547,-0.3027815966783499,0.4590729889332053,-0.18900593738977228,0.44846374269671535,-0.06947584120354283,0.4767211960573422,0.04714969772155142,0.5484774528869364,0.1433320225312784,0.33693649892709204,-0.43572530364085404
77.708000,0.5990653589015867,-0.5036672421641323,0.5500998479673177,-0.41041262123996486,0.500672525868911,-0.3010648282572973,0.46988943792965965,-0.185080340083558,0.4704344729424196,-0.06508157785313007,0.5122397495776779,0.047400948991928926,0.5965580674744816,0.13278491275008097,0.3339590571598212,-0.43747895736033104
77.758000,0.5990068641962141,-0.5035775761321188,0.5502720714371092,-0.41022570448592166,0.5046384801141102,-0.29924113194106083,0.4814303711899355,-0.18150675429305346,0.4930185790123332,-0.06206759220848029,0.5474945567257049,0.0448546592276553,0.642418109978476,0.1182680029593528,0.3337651993839378,-0.43824490404859634
77.808000,0.5991065360935109,-0.5033344935959547,0.5508013992555458,-0.40979627506100985,0.5093888140527303,-0.2971685795929302,0.49422576890960523,-0.17813042578571942,0.5170517683862459,-0.060321369478967934,0.5836149098876041,0.039525253865803744,0.6874544923182396,0.09966958959302019,0.3279028648516073,-0.4349532423512186
77.858000,0.5991594044511018,-0.5016072992639067,0.5517349377329651,-0.4083128191588911,0.514812347311401,-0.29413435220228423,0.5078069051608427,-0.1743390109728914,0.541504736054792,-0.05916759006904432,0.6189407447282758,0.03250391346752868,0.7296031814994441,0.07891323459793631,0.3278398364089753,-0.43519809507635177
77.908000,0.5989751034553499,-0.49955519039645907,0.5528150681475508,-0.405448417876532,0.5209868499460268,-0.2897463672200462,0.5226846401515195,-0.1697583782027371,0.5673377990497097,-0.05837572515293471,0.6548218479160942,0.023761606152287063,0.7705128585082405,0.055629930051855125,0.321671724123136,-0.4249477440466648
77.958000,0.5984539336520058,-0.4951114960408711,0.5541258341331768,-0.4013059575754069,0.5278365035989078,-0.2842210691394522,0.5384214316660841,-0.1646888170155476,0.5935847021899985,-0.05811952694985628,0.6897866782528495,0.013610381746604838,0.8085295491413267,0.030934659889213123,0.32175911972212895,-0.42454419441236496
78.008000,0.5979959146397335,-0.49122501479536174,0.5557924640462452,-0.39577459145657956,0.5356909369175665,-0.27747020182079724,0.555609673752194,-0.1591348988765242,0.6210852129214436,-0.05857171589937249,0.7248702145707335,0.0016667554678267416,0.8448432822273011,0.0042090058631760185,0.3167697448103672,-0.40611470982431686
78.058000,0.597241145604375,-0.4839770962241134,0.5578933134764166,-0.3889676725071906,0.5444527931576276,-0.26972274635282467,0.5737815695516528,-0.15336200178993836,0.6488965133031085,-0.059779176307825144,0.7587856552266828,-0.011567388461899919,0.8782089500412003,-0.02331799081432645,0.3151637765663481,-0.3930607691707185
78.108000,0.5967557625988407,-0.4781763412582167,0.5605805332476015,-0.380781211864396,0.5544533931794929,-0.26093773830581735,0.5934710277728191,-0.14745811814985427,0.6777207127264583,-0.062006432471849504,0.7923621963883003,-0.026547579926799347,0.9095636522677712,-0.05231226000888878,0.31514492112788806,-0.373646480901374
78.158000,0.5961740639344005,-0.467975912758576,0.5639273009483562,-0.37134558691519987,0.5655703747252294,-0.2513568361567903,0.6141868099135157,-0.1416461154883744,0.7066699723015077,-0.06518132179404551,0.8245347892773836,-0.04264501954094002,0.9380507309445683,-0.08155685562473719,0.31783412793308624,-0.3614231645569378
78.208000,0.5959614761021684,-0.46014706286879364,0.5681146365610539,-0.3605712628638222,0.5781237024442384,-0.240989413906106,0.6363806436907844,-0.13607931526638278,0.7362915938171426,-0.0696127669518482,0.85593109815845,-0.06031819859359422,0.964381737366695,-0.11168412947509426,0.32035728937010455,-0.3268365998602184
78.258000,0.5960533290120943,-0.4468107590472427,0.573206927803015,-0.3486137977999754,0.5919597224112075,-0.23008813520160432,0.6595461058044568,-0.1309312858173045,0.7657813259083459,-0.07512736113921198,0.8857225287273431,-0.07888340511288439,0.9880308899370789,-0.1415970338276878,0.3239328868568228,-0.31502365556734824
78.308000,0.5964838578001369,-0.4368304435573594,0.5794122806413191,-0.33540808848990494,0.6073714238776973,-0.21871067502461994,0.6840357049652386,-0.1263928110689886,0.7955327575382503,-0.08202607502123471,0.9143631938581223,-0.09873916581943426,1.0095360286069375,-0.1718290524377255,0.33774519122689184,-0.2659014018245448
78.358000,0.5977899810386441,-0.42020546955830645,0.5867788709334433,-0.3211574133233649,0.6241977470700055,-0.2071406263633888,0.7093594554953062,-0.1225978359074068,0.8248597137925349,-0.0900449507315359,0.9412683788026831,-0.11918294500971371,1.0286209956570125,-0.20146003980954677,0.3506559827793119,-0.2358599917481288
78.408000,0.5993393772681308,-0.4079700603902195,0.5955320559115113,-0.30579600293209225,0.6426107164067036,-0.19541665827930682,0.7357117569936835,-0.11970538935834951,0.8539929845882357,-0.0994680180190245,0.9667253972982655,-0.14059468971241018,1.0457095434189858,-0.23093573609543977,0.37281757925424314,-0.19573797116643782
78.458000,0.6027630559595312,-0.38791372800569557,0.6056895848270297,-0.28956731798367064,0.6624229532024132,-0.1838255338452185,0.7626237038759236,-0.11779667981559738,0.8823688907710994,-0.10998065682181046,0.9903465126713462,-0.16233362396568216,1.0606668490743731,-0.25957070685161143,0.39054054456115866,-0.16776805860944383
78.508000,0.605912665428772,-0.37341075249839867,0.6174893831376858,-0.2724824423176598,0.6838293390387559,-0.1724873911848959,0.7902470825124664,-0.1170323294324867,0.910154951062226,-0.12173371857332194,1.01239508265854,-0.1845585185425094,1.0738967741627876,-0.2875999759376586,0.4299288361078466,-0.12297903050175296
78.558000,0.6121756677154142,-0.3499904431774864,0.6309000957046077,-0.25479299302047265,0.7065382198004689,-0.16163251758555947,0.8180957025121343,-0.11741794927333354,0.9368821422601707,-0.13444092586340395,1.032592331566526,-0.2068257285704752,1.0852934473674098,-0.3146338562480385,0.43843950507521257,-0.11318696821738694
78.608000,0.6169351245328762,-0.3331465991331337,0.645546641976857,-0.23638328614964452,0.7298940967717358,-0.15102810546611525,0.845385228112718,-0.1184428544841736,0.9618702118120741,-0.14727423620969868,1.0505717496497236,-0.22809525565678287,1.094920187915313,-0.3395995875121129,0.47673800634483365,-0.0732214916699424
78.658000,0.6249432465097744,-0.3061540564082455,0.6605367137693918,-0.21727593578466914,0.752668471462274,-0.14038810043720165,0.8708083018984205,-0.11934099934197268,0.9840435689968938,-0.15906220633662801,1.065634071143442,-0.24705646728263714,1.102357607804637,-0.3612991119257613,0.5111623573946138,-0.04256813795237674
78.708000,0.6309785582713954,-0.2870067036562904,0.6764940156754272,-0.19760651235929322,0.7756339743010743,-0.12999535496863027,0.8952642391536585,-0.12058261194119538,1.004369733462505,-0.1705425069733323,1.0786743528580007,-0.264770016419833,1.108250561013355,-0.38106811576436633,0.5237627900684835,-0.03238410944015968
78.758000,0.6380484716363841,-0.2541837243898455,0.6913668818133077,-0.176094373353589,0.7965685132957762,-0.11836555270543347,0.9165515618232766,-0.12038249743632648,1.0208908366322678,-0.17965572691080156,1.0881597146617392,-0.2790282485083544,1.1116177439631882,-0.39671308551504936,0.6598469043053976,0.005610239693098318
78.808000,0.6421034910096514,-0.23028985886665995,0.7043772459484635,-0.15211316784727943,0.814519856475058,-0.10448328913247565,0.9338327993674409,-0.1173059900320118,1.033104020373432,-0.1847242715287959,1.0939510325338153,-0.2881536731085893,1.112563348140706,-0.40670147657938116,0.7217130226838543,0.018853706852616725
78.858000,0.647560143495845,-0.19207490526268314,0.7160785490054874,-0.12666165838645607,0.829951027140265,-0.08880589629606118,0.9478152966137742,-0.11134506179694068,1.0421265923742447,-0.1855433063313033,1.0975030037069367,-0.2920019981695581,1.1126742072991547,-0.4110391124724657,0.736273152391014,0.024082640605120997
78.908000,0.6508043758575842,-0.16511438861409264,0.7266428315964328,-0.09962638318036388,0.8433158670576147,-0.07156568489617524,0.9590849831167191,-0.1031490945208833,1.048513216971755,-0.183165286565503,1.099228813597258,-0.2919215657328721,1.1122245228495165,-0.4112157883008813,0.8282053470236724,0.01957182793667861
78.958000,0.6571517639578289,-0.12531027457175867,0.7377260123669972,-0.07347166637934203,0.8563594028552861,-0.05541291057680006,0.9693936083014449,-0.09570271572699926,1.0537689153877983,-0.1810303639660888,1.1000154453732955,-0.29176093094863187,1.1111240846532748,-0.41124565019483517,0.8669090514924932,0.012648167954075973
79.008000,0.6621219532425234,-0.09891555335280022,0.7492185869209566,-0.048158973138333935,0.8689757101830714,-0.04052802116740595,0.978635233108761,-0.08925982835439723,1.0579339747963934,-0.1793248580094086,1.1003352598486358,-0.29158407155519495,1.110650151705902,-0.41113992881853784,0.9096744546644717,0.00685068586908294
79.058000,0.6716862761131261,-0.05926525273230075,0.7615692306727722,-0.023873345398211884,0.8815322143842143,-0.0268537042748188,0.9872137535012302,-0.08369921676126214,1.0613224352776003,-0.1780809061155124,1.1000956908666675,-0.2916442569423647,1.1099351959117318,-0.4112401771924628,0.9346743011181029,-0.00271881717451275
79.108000,0.6716862761131261,-0.05926525273230075,0.766952275985171,-0.014301364561939561,0.8867314838677681,-0.021577445857252284,0.9906784549218917,-0.08153599160906243,1.0627645529137277,-0.17747135774851439,1.1003012631193647,-0.2914494055776371,1.1102608750284835,-0.4110353835625984,0.9503845831223661,0.0038285516801344344
79.196000,0.6716862761131261,-0.05926525273230075,0.766952275985171,-0.014301364561939561,0.8867314838677681,-0.021577445857252284,0.9906784549218917,-0.08153599160906243,1.0627645529137277,-0.17747135774851439,1.1003012631193647,-0.2914494055776371,1.1102608750284835,-0.4110353835625984,0.9656745319799305,0.008870119836833584
79.314000,0.6755599744963068,-0.04599088069243216,0.77254358911418,-0.004862615495844144,0.8919793452235768,-0.01648587504623495,0.9940679837318027,-0.07955654879827223,1.0640493241166389,-0.17703789059218275,1.1002868285184855,-0.29143563215523066,1.1103056690884179,-0.41101666256404673,0.9656745319799305,0.008870119836833584
79.358000,0.7626171387651663,0.1292316084734649,0.857925055038874,0.1006622844115619,0.95783706766928,0.03419733325577208,1.0286324565532783,-0.06269442548955875,1.0715032282507502,-0.1747751862563522,1.095148942582017,-0.2924224564914242,1.1115799738705443,-0.41129222224704176,1.0343716403153351,-0.006422949846605781
79.408000,0.7814313650418205,0.15175007517535388,0.8778243260122163,0.11699075119673118,0.9707437731860058,0.0410567249837266,1.0342730307745034,-0.060747171946863604,1.0721577269871116,-0.17461002714063728,1.0943350394157514,-0.2925429182840428,1.1131990329586743,-0.411050933825661,0.9995005722556114,-0.07596347219659669
79.458000,0.8118472745164584,0.18276960340355886,0.8989112784292534,0.1319516330384651,0.9837757609305281,0.0471104896598655,1.0395617695351493,-0.0591341395865545,1.072267011848002,-0.17459134864960424,1.0928288363054413,-0.2928166055709847,1.1139022089812392,-0.4109517525985383,1.0007919994589085,-0.076145887296226
79.508000,0.8334194642941308,0.20179450936070184,0.9191333554431458,0.14444263618953412,0.9952951684841957,0.05170980363556163,1.0434654347015526,-0.05819754576606237,1.0715585636797553,-0.17486277667988223,1.0912723825308475,-0.2932323899518977,1.1153903929437854,-0.41078374712671695,0.9765477910394658,-0.08836757832364055
79.558000,0.86847129736821,0.22714880387441008,0.9407741594150296,0.15563522129837082,1.0072810628728999,0.05575112950971048,1.0473958318117944,-0.057345313020455396,1.0706252159605314,-0.1750754948434288,1.0892315142758626,-0.29362424288827693,1.1160251667369636,-0.4105947527948074,0.9627750158834563,-0.089307283264913
79.608000,0.892272210814923,0.24165016367376432,0.961914324407429,0.16479484954219173,1.0183720750179206,0.058905650867334486,1.0507059888434358,-0.056656098932173216,1.0696760958179086,-0.17514717472008617,1.087917919196963,-0.2937525535180449,1.1181478287179685,-0.4098824487662181,0.9583343036992832,-0.08231294431003836
79.658000,0.9279032889956637,0.2595763988841802,0.9821700571245449,0.17210125391340758,1.0283250286028196,0.06133249203606583,1.0530522095569366,-0.05609223501093202,1.068037921221118,-0.17515284329897007,1.0861344560919217,-0.29378047678151636,1.1198647888309348,-0.4089423830409871,0.9333230711844293,-0.07703505599283889
79.710000,0.9518139105632498,0.2691106624155605,1.0016080190390884,0.1774932523456066,1.0373588542475518,0.06294248725912982,1.0548677148667815,-0.05577330697152966,1.0664699988305277,-0.17521110252563593,1.0851028583346571,-0.29375567872673947,1.122970692088865,-0.4076241430474794,0.9195824952318792,-0.06737804533963712
79.758000,0.9817745476046048,0.2788860383546812,1.0179974825600342,0.18104046234694615,1.0436423005493825,0.06381272146103936,1.0543337171460274,-0.055710052984178304,1.0628092002822003,-0.17541037121537073,1.0819985287839224,-0.2938661420570022,1.1237119992516806,-0.4063827455274602,0.8974540730441535,-0.04047348484007435
79.808000,1.001944829894195,0.283500910112549,1.0314148759809774,0.18295323528926738,1.0478791354840207,0.06408806743571396,1.0531866649030208,-0.055794500174054906,1.0602875271218468,-0.17558422284722192,1.0819925579478762,-0.2936049482637471,1.1294829904307064,-0.4038077555291974,0.8959017885798713,-0.03400857685520606
79.858000,1.033768450421175,0.287732931903304,1.0464469816241915,0.18399694186000193,1.0532825130380892,0.06419178541732373,1.0526415108084457,-0.05580650255392067,1.0575607465580268,-0.17570563148982843,1.0806960873742733,-0.29345433001892873,1.13256607297065,-0.40166479436365254,0.8872276981843346,-0.017298814568741216
79.908000,1.0562512662658157,0.28855569728962616,1.0620306910264012,0.1837514960353518,1.058797978783771,0.06379504739127356,1.0521129995762335,-0.05601860397007369,1.0549929590626295,-0.1759840399644198,1.0798662066956712,-0.29337791353291987,1.136400196371257,-0.39922642795474916,0.8791299814984019,0.01580550669266062
79.958000,1.0907063627141627,0.2868480444911096,1.0793651467346554,0.18239251753087565,1.0656752145607395,0.06317596768577566,1.0524502490873815,-0.05609305716200991,1.0526243092101906,-0.17609293092361206,1.0783934990604997,-0.2932933953006383,1.138550573285049,-0.39712559841674916,0.8756128974118742,0.029777091461259342
80.008000,1.109980789662277,0.2840263650997534,1.0928403466525187,0.18019253114701483,1.0702056540461742,0.06234656949131562,1.0517315505292237,-0.05622285105959712,1.0502558578932022,-0.17621377708804692,1.0777099880806045,-0.29303103066683467,1.1418780009174792,-0.3944335262092633,0.8688640845935969,0.05878086826536141
80.058000,1.1364110695029792,0.27756983298784266,1.104427609511124,0.17730905487062257,1.0728934229113731,0.06152652131981726,1.0493298773553144,-0.05613723402054732,1.0464813464702034,-0.1761034203890145,1.0759624082897248,-0.2924256753275004,1.1443461471819776,-0.39103431721539894,0.8687062061194242,0.07660061932790735
80.108000,1.1517654715187473,0.2721571851012628,1.1140439908929614,0.1738512910063445,1.0745143104070165,0.0605490211231729,1.046650560372328,-0.05617120606134013,1.0431445331738847,-0.17611997751517255,1.0752336084623564,-0.2917499530713871,1.1480785927851147,-0.387110365502422,0.873483882153729,0.1039818329453446
80.158000,1.1730456763696624,0.26244345003883396,1.1224226499483636,0.17004281179150035,1.0754544166258673,0.05961643333705888,1.0435618215651277,-0.05606788876534041,1.0394463797468911,-0.17599729774679385,1.0739558682950843,-0.2909281256396711,1.1507794516829797,-0.38311346631509,0.8796112569856132,0.12816758134689962
80.208000,1.186245978226163,0.25501632036262506,1.1302517393919052,0.1657273478158737,1.0763846341346748,0.058497058386037554,1.040854929391422,-0.05612248654787522,1.0364427938403946,-0.1760413468655057,1.0735501904974816,-0.29015988660964037,1.154246872488144,-0.3789745560944607,0.8887148583056452,0.1527910429337136
80.258000,1.2045147925684438,0.2427122333994577,1.1375764580617962,0.16110390669086963,1.0772024732066738,0.057397677597755714,1.0381098046659754,-0.05605611593232873,1.0332421761012702,-0.17595735108925298,1.072562479589116,-0.2893324530015498,1.156532255703726,-0.37505920903058837,0.8933978409837109,0.1666307194768423
80.308000,1.2150893587232443,0.2342572535733695,1.1441091159312928,0.15629805160319815,1.0778507762527603,0.05624890158022955,1.0356509447715645,-0.05608619632071965,1.030693484805123,-0.17598375087784296,1.0724311330576195,-0.28849138936298074,1.159594406048851,-0.3709690459822596,0.897998951190139,0.17884914857881845
80.358000,1.2257589981590524,0.22251183055701154,1.1469717204788976,0.15242810137459983,1.0760166466095982,0.05565322090090352,1.0316907716148063,-0.05586008236328052,1.0274531071691009,-0.17578523485270872,1.0721220484728544,-0.2871615594589264,1.1625665551445354,-0.3660272123924959,0.902948739440051,0.1895198434523903
80.408000,1.2359651351271306,0.21267361706673563,1.1527301214085663,0.1474696266032699,1.076663437092841,0.0546587461334434,1.0294920453426113,-0.05568100100072648,1.0250672052556304,-0.175599393205362,1.071656923173876,-0.2861860026307377,1.1644360551323907,-0.3622914076464203,0.9126188410293481,0.20552825176656075
80.458000,1.2473415688265854,0.19904086351659517,1.1586125910856382,0.14215193119152814,1.0777089901310355,0.053525708480024886,1.0276085030658744,-0.05551529846471606,1.0226443114610229,-0.17541257450385692,1.0705946207686567,-0.2854160646180445,1.1651042367952074,-0.359361534245203,0.9181496979071885,0.2129154794751627
80.508000,1.2514205195073183,0.19158804627004666,1.1606273615757818,0.13852841967297502,1.0764466248875486,0.0530088103975323,1.0250682331571932,-0.05543592605011677,1.0212197542762376,-0.17537419855018735,1.0718628994400414,-0.2841642341596916,1.1687969143655108,-0.3549017542634445,0.9255927965528227,0.22423643762113193
80.558000,1.2554805856065832,0.18168170587189844,1.1611106392542914,0.13558795263268084,1.0742610446701943,0.052780054938209725,1.0220572787161775,-0.055269779953928205,1.0195824027291605,-0.1752442563597408,1.0728954074343147,-0.28275110976596896,1.172009330150997,-0.35040042848915676,0.9155177184448454,0.20648711976040182
80.608000,1.2579395408783796,0.17503385679123265,1.1616348835100019,0.1326794428725837,1.0723482290427593,0.05250529907268271,1.019410883769264,-0.055187028766373436,1.0182435637313634,-0.17518135098175625,1.0739530017676868,-0.28146615005329334,1.1748737186814164,-0.3463892499301386,0.9232959679069499,0.2119965042659994
80.658000,1.261042085424496,0.16541106431985075,1.1621160395038326,0.12982610313021317,1.070549561239203,0.05226593256430251,1.0167827359345074,-0.055014673775587025,1.0165676213045458,-0.17501448096583208,1.0741144900463486,-0.2803157530284892,1.1763239927930258,-0.3431903707074614,0.9340610251676531,0.2304949406304466
80.708000,1.2627259470603247,0.15941480657139764,1.1625153647379023,0.12718958984447346,1.0689865186696645,0.05200744466927988,1.0146059574287973,-0.05496336704647864,1.0153911418947368,-0.1749607982079599,1.0746035707335058,-0.2793345893195876,1.1778422686436087,-0.3405046085596245,0.9417703225291649,0.24259624455574705
