x,y
0.008886033694767507,0.36132974691762015
-0.0038283553536258936,0.3609465089853775
0.002266539739025195,0.3610117873729291
0.007184958702920123,0.3610189856540983
0.0018072875573177452,0.36098316588181373
-0.0033717956466470696,0.36077178116769143
-0.0012968841722020008,0.36090983514324243
-0.0025426720037352232,0.36091335434484834
-0.001104023915262417,0.3610436454245728
-0.0030051068335024446,0.360949170746649
-0.001955120190360704,0.3610558444149919
-0.002287764414439373,0.36105571002186143
-0.0015968848986638758,0.3611239187989096
-0.002118060917774566,0.36101714071931734
-0.0012475354127507512,0.3611436645133679
-0.0013190428476989244,0.3610046593082547
-0.0010459662434782468,0.3611327757500671
-0.0008564313517191967,0.36121716366972784
-0.0007576025190773848,0.3611489034443439
-0.0006381928688714462,0.3612574257236278
-0.00042661735167147385,0.3611495610453522
-0.0005598571661099526,0.36123810359012876
1.5119858676252568e-05,0.3612097167085924
6.383126054495397e-06,0.36123590256210747
-8.961895849177864e-05,0.3612447023314781
0.0006217409834471561,0.36113373475832933
0.00025211921659202413,0.36118982090829777
-9.402540017472427e-05,0.3612293949662748
0.0007014835034116033,0.36109537582244966
0.00025477720632309866,0.36113471549538534
0.00128554353588212,0.3610830199714663
0.000824118361935848,0.3611212663791246
0.00036713798731521224,0.36112683010532026
0.001684390565747946,0.3610082576305319
0.0010654069191060808,0.36101296011649214
0.002453515103446203,0.3608468102902686
0.002453515103446203,0.3608468102902686
0.0011588155233994944,0.3608548420054761
0.0034995170115479507,0.3606964457846568
0.0027822954136397238,0.36068523437223937
0.002028087413442351,0.3606721805127282
0.003684266961473559,0.36050977782031496
0.002826279480212017,0.3605182888254962
0.0018199252996851621,0.3605226552890554
0.003495081875847527,0.3603982133687731
0.003495081875847527,0.3603982133687731
0.0024322651030732785,0.3604163101198316
0.004328622113418171,0.3603454528048443
0.0032579922835178944,0.3604104875738729
0.005441915515031301,0.36032730693422826
0.004404096527397282,0.360414734296117
0.003295926807289948,0.36046714428140686
0.005462998733875284,0.36040881265434205
0.004260650558824963,0.36044327260759434
0.0066371527304133655,0.3603615025123018
0.005381408687534827,0.36042409301108935
0.004115728193344484,0.3604882204029703
0.005200266814961326,0.3605158720508181
0.003866218871287243,0.36055373527860674
0.006215044493496941,0.3605586748145335
0.004992582305562944,0.3605751969471648
0.007397045241068056,0.36053765073506866
0.005911517563576751,0.36059136737956515
0.005911517563576751,0.36059136737956515
0.007179436888112069,0.3605316688391126
0.007179436888112069,0.3605316688391126
0.0055516617931859885,0.3605039942557811
0.008214497221407442,0.3604627266772555
0.00663950138243382,0.3604667720583162
0.00663950138243382,0.3604667720583162
0.009398918620654804,0.36042234317718835
0.007812224225462839,0.36043157318389507
0.006218208417284432,0.36041004610963523
0.006218208417284432,0.36041004610963523
0.00890270736395477,0.3603757528565113
0.007294176051172603,0.3603552372112115
0.007294176051172603,0.3603552372112115
0.005677498724133597,0.3603234240806515
0.008467905500990205,0.3602866586590634
0.008467905500990205,0.3602866586590634
0.006839680691237888,0.360254291997956
0.009547402383237327,0.3602114520659701
0.009547402383237327,0.3602114520659701
0.007902835330165128,0.360186575944833
0.006250409328138498,0.36015405347717766
0.010695209211014897,0.3601428988928244
0.009036764208631379,0.36012768908882126
0.007389176917258233,0.3600999657096988
0.010029884747604316,0.36006302517162153
0.010029884747604316,0.36006302517162153
0.008349606652764002,0.3600282731649511
0.006690089088262562,0.359997922453903
0.011104150223657175,0.3599807159103585
0.0094391483544159,0.35996775960155836
0.0094391483544159,0.35996775960155836
0.007786077160048562,0.35994759592825043
0.010437326311805998,0.35990569610280854
0.010437326311805998,0.35990569610280854
0.008816852174963686,0.35989081436226256
0.007218260255376384,0.3598646218115378
0.011534132646812564,0.3598345058144471
0.00994055165778557,0.359827180391642
0.00994055165778557,0.359827180391642
0.008340543844416438,0.359813458098269
0.008340543844416438,0.359813458098269
0.010922380953619085,0.35976221171294154
0.009365767219637847,0.35975212879835283
0.009365767219637847,0.35975212879835283
0.007821454132159096,0.35973302870050655
0.010440344848986748,0.3596784569776052
0.010440344848986748,0.3596784569776052
0.008924576060335901,0.35966344433043834
0.01138572624775425,0.3595917304780746
0.01138572624775425,0.3595917304780746
0.009902415060694003,0.3595802039596539
0.008436617369707154,0.35956143609692715
0.011031042253804284,0.35953675484316255
0.009826044788633357,0.35957203598852666
0.012081010369068508,0.3595455257448063
0.010871722448365324,0.3596177093883957
0.009735027353306976,0.35968299531708847
0.012003233490995493,0.35964899318004745
0.01084157948435813,0.35970123833572515
0.01084157948435813,0.35970123833572515
0.013152637601898491,0.3596976545915089
0.011975335621879779,0.35980229153645565
0.014180098517110622,0.3597384453416949
0.01303428520428283,0.35979342974048545
0.011944905893575322,0.35989516173009073
0.01386247686362252,0.35983912269577
0.012877429567488786,0.3598840396043282
0.011875463639089817,0.35996409113092626
0.01368505727565289,0.35987769405696735
0.012862980197572173,0.3599364235381581
0.014461617085784183,0.35985699423500594
0.013585773217069523,0.3599437472220899
0.015226884846961806,0.35980413616957263
0.014367275328352209,0.3598728247434619
0.01347747615214676,0.3599213099000865
0.014836221727104644,0.35979153005558756
0.014077411037474315,0.3598322869331418
0.014077411037474315,0.3598322869331418
0.015294622661873584,0.35968361184271624
0.014612638987943327,0.3597250004461483
0.013969977524468977,0.35976474589054036
0.013969977524468977,0.35976474589054036
0.015011732215400891,0.3596176563281779
0.014448443654558829,0.35965755471084804
0.01392495655854811,0.3596938406686421
0.015323157950530783,0.3595054703001428
0.014839942730183499,0.35953935604471776
0.014396958276718563,0.3595688168388666
0.015106701663276732,0.3594119025505533
0.015106701663276732,0.3594119025505533
0.014744438352134112,0.35943394607253626
0.014422567351451972,0.35945220493401886
0.0149911229121108,0.3592891721273786
0.014809344882824113,0.35931567907146167
0.014809344882824113,0.35931567907146167
0.015263529905387659,0.35918231658699745
0.015218156302248457,0.3592143646420469
0.015503157052060366,0.359062855877761
0.015514891211133888,0.3590773820029966
0.015654725866103072,0.35911432605188215
0.0158172110748515,0.35898772695735875
0.01596378221863022,0.3589963092216371
0.016097634658969386,0.35900415164385774
0.016088336516861652,0.35888216642387405
0.016397769123422345,0.3588829478750885
0.016259062072133516,0.35879452347461505
0.016259062072133516,0.35879452347461505
0.01666745076709697,0.3587971749347686
0.01709129638985532,0.35880495023301007
0.016263073700351766,0.3587150415553984
0.016726244643998425,0.35872326327837567
0.017225022767452015,0.3587307443298663
0.017225022767452015,0.3587307443298663
0.016705225870176463,0.3586679998373734
0.017281379808911382,0.35866902840043324
0.017866055433567743,0.35867586592457
0.016512828915286753,0.35863344299040156
0.017213452310752116,0.3586325533567322
0.017941719418239802,0.35863683344196323
0.017151715032713594,0.358617298098897
0.017980770558175495,0.35860379470046605
0.017980770558175495,0.35860379470046605
0.016990722261947214,0.35860149297962435
0.017894988114189405,0.3585686914117539
0.018797035816536536,0.3585283959408937
0.018797035816536536,0.3585283959408937
0.01772546131442487,0.3585390714560245
0.018760627147262662,0.35848852712617524
0.018760627147262662,0.35848852712617524
0.017487430841220647,0.35852591213503443
0.018593826676194875,0.35847187080795495
0.019722848756684504,0.35840851568620524
0.019722848756684504,0.35840851568620524
0.018302503662778958,0.3584607513921329
0.018302503662778958,0.3584607513921329
0.019399399973601322,0.3583851406596955
0.02052653925869704,0.358300631937407
0.01773844413277845,0.3584573192630754
0.018898077707582117,0.35837386785367953
0.02009049050678608,0.35828225641970735
0.018549562955974326,0.3583974261406042
0.019809543977005607,0.35828971605656884
0.02107849941951015,0.35813875437417125
0.019210224428611773,0.3582293017261091
0.020660535841989038,0.3580946677449148
0.020660535841989038,0.3580946677449148
0.01881432417672607,0.358199407580587
0.020285263560762032,0.35806384238968025
0.018188202342325092,0.35819508828560337
0.019674288389980216,0.35804222475998443
0.021194150078223017,0.35791514943279673
0.01920071465971949,0.3580791077650651
0.020763613644787685,0.35790701255875
0.022351972559310353,0.35773042348067124
0.020056724044761637,0.35794520348683695
0.020056724044761637,0.35794520348683695
0.021745740923537246,0.357765500647334
0.019567541187585878,0.3579147354015446
0.019567541187585878,0.3579147354015446
0.021286445868390784,0.3577289168095936
0.018993793019449864,0.35791868529009746
0.020814449016904074,0.3577707649706582
0.022563144489422877,0.3575787306331899
0.020258579103529753,0.357850329993579
0.022107629658788524,0.357657355873581
0.01974442329992613,0.3579234553859003
0.0216401220336241,0.35774095237430026
0.023550620204180462,0.35756822381025244
0.021237583487326534,0.357787378988799
0.023183295102522993,0.357562687585567
0.025127862090695872,0.35734069209741565
0.022775355222361314,0.3576073971411324
0.024731695723436233,0.3574543658766767
0.02234378112662319,0.35769137005474716
0.02404160359469026,0.3575633236420219
0.02607802817658004,0.3573600974873555
0.023718553842960795,0.3576156806909789
0.025738873528230947,0.3574197436754303
0.02320477146332564,0.35769042378445576
0.025220002266613237,0.3575191823332153
0.027181040954396062,0.3573841826146198
0.02473645260935729,0.3576491580604909
0.026762065459039152,0.35747628972690326
0.02441923881090096,0.35770250517978514
0.026093922622883358,0.35754282154973577
0.028046884407095775,0.3573663420978474
0.02578570512045883,0.3575890907592958
0.027684455047306343,0.3574430088631232
0.02535805111446386,0.35765038112209036
0.027118824929537818,0.35752113811814057
0.02493392482425056,0.35769313048635615
0.026801882573320304,0.3575612863951237
0.028554094459737958,0.3574282323800162
0.026534874276336884,0.3575674562850626
0.02832659216699311,0.3574481432543411
0.026005533560120947,0.3576324678876833
0.027780858545440584,0.35748990071428605
0.029534115195444202,0.3573635865255538
0.027421262801161,0.357477114738365
0.029034190619222695,0.3573718421023704
0.026987469001137063,0.35745856405576665
0.02868802021912282,0.3573408121858299
0.030362591108786974,0.3572118339489538
0.028580984800287458,0.35725277356144464
0.030159513163871204,0.35714964578073005
0.03170641531982999,0.3570452430339725
0.028420417991516726,0.3571730425375001
0.02993018060982132,0.35708475453354604
0.031409668258734445,0.3570030604064252
0.02982896896972686,0.35702131079985816
0.02982896896972686,0.35702131079985816
0.0312389301685981,0.35696263129810585
0.032612720915365656,0.35691211297766395
0.031083302649790055,0.3569313286113171
0.031083302649790055,0.3569313286113171
0.03238268518653936,0.35690371323593645
0.031046725949332152,0.3569073619574239
0.03216453572450499,0.3569092078369874
0.033143792380192195,0.3569096534938504
0.03073383794017199,0.3569040498038564
0.0317804731210503,0.3569427029047252
0.03274199167778704,0.35695776929993095
0.031470732630878184,0.35692212963336056
0.03224875658599216,0.3569250568868348
0.03224875658599216,0.3569250568868348
0.033040447448357116,0.35693053370611927
0.031873245359085055,0.3568884307629922
0.031873245359085055,0.3568884307629922
0.03258296340774972,0.35690297474945226
0.031613859480246954,0.3568519091975055
0.031613859480246954,0.3568519091975055
0.03223841888885543,0.35688110699084624
0.032819243941397416,0.3569134074789943
0.03195777932005537,0.3568571582512296
0.03195777932005537,0.3568571582512296
0.0324485927507505,0.35689706185936493
0.0324485927507505,0.35689706185936493
0.031777180418670406,0.3568322222651703
0.032174718323223966,0.3568789903129306
0.03252442277706029,0.35692805864521315
0.031668326751751436,0.35680510205284205
0.03196933454936948,0.35685552402652354
0.032327868343003774,0.3569191341703688
0.032133764834239756,0.35686275010041285
0.03251862980656704,0.3569011186249076
0.0328705676153221,0.3569412785242447
0.03282760587190584,0.3568534337337924
0.0329619145603048,0.3568920769684345
0.0329619145603048,0.3568920769684345
0.03302895304616121,0.35679190958512214
0.03307904688839985,0.3568331569659801
0.03312869098264923,0.35687195742984357
0.03335532876249145,0.3567662487974567
0.03335532876249145,0.3567662487974567
0.03327059007524802,0.35681297734552
0.03362839586711447,0.35671218984172653
0.03344052468630532,0.3567574966733306
0.03322818025381139,0.35679221384570486
0.03403254167043736,0.35664447643777797
0.03377423428144642,0.3566743327462029
0.03346244805220937,0.35672188739335725
0.03416099830782114,0.3566182246223267
0.0337677920037556,0.3566649409202194
0.033377248839941386,0.35672655910254847
0.03464281000580738,0.35659156603331404
0.03430085671112677,0.35661379225847034
0.03430085671112677,0.35661379225847034
0.03395554263440992,0.35662721619254584
0.03500869048769949,0.3565696009217518
0.03444979969397778,0.3565810241944215
0.03582804134396633,0.35644929366084127
0.035274974722384826,0.3564326463003496
0.03467132962234312,0.35641774410062704
0.03613579935321156,0.3563671248668035
0.0354968385989582,0.3563753511116523
0.0369738773258672,0.35630560932877336
0.03613492603235518,0.35631779875261554
0.035240141186193896,0.3562945326733749
0.03693157614670406,0.35626091261271686
0.03601188008634717,0.3562543094276738
0.0350402942171752,0.35627543912577425
0.03688013020149529,0.3562003616509173
0.03588384944456391,0.3562925515744123
0.03773299007618263,0.35631580461677925
0.03773299007618263,0.35631580461677925
0.036698050172828345,0.356411866834975
0.03894273284253688,0.3563698847066352
0.037867965003712416,0.35640293848980625
0.03672421744799398,0.3564387969349706
0.038966255052034465,0.35637411196692603
0.03787793518400927,0.35641141625445016
0.03675405247277039,0.3564062117712804
0.03904014282608284,0.35640086901075835
0.03775432776558706,0.35643371131809576
0.04011273102835007,0.3564683175916397
0.03877402158147221,0.356522250172988
0.03737701363300497,0.3565168106801948
0.03975125931058449,0.35655558071771554
0.03845265307406877,0.3565639752343932
0.040782510658694746,0.35661854225592876
0.03944255107256728,0.3566212003840944
0.03790385963281882,0.35655500620048886
0.040405328884625696,0.3565681756815093
0.038775568177868945,0.3565176630621472
0.04135094834431438,0.35651979010637713
0.04135094834431438,0.35651979010637713
0.039795437641662115,0.356483678080189
0.04249527512866198,0.35647885485204023
0.040822822162921296,0.3563927949639266
0.0391544260340003,0.3562900180463831
0.0391544260340003,0.3562900180463831
0.04176421654740707,0.35627122188559074
0.0400807366578994,0.3561722411054053
0.03839307944458654,0.35606401978257457
0.04111679449810878,0.35607426921547325
0.04111679449810878,0.35607426921547325
0.039432651535092705,0.3559738367398359
0.042106037654368725,0.35600242979291447
0.04046244499415583,0.3559358283824153
0.04046244499415583,0.3559358283824153
0.038811154902439735,0.3558612373689186
0.04159820118854111,0.3559041505992239
0.04159820118854111,0.3559041505992239
0.039953460270265265,0.35583153706969317
0.042608886405658845,0.35585444479193423
0.04089539637470854,0.3557685613476705
0.04089539637470854,0.3557685613476705
0.04361776323377838,0.35578338487350764
0.0419357911510943,0.3557497375625664
0.04032572911509967,0.35570147433654065
0.04295562470967846,0.3557207127736162
0.041359475936191534,0.3556419751367304
0.041359475936191534,0.3556419751367304
0.04402611831431455,0.3556413811187367
0.042422872656700014,0.35557904152998715
0.04087426926768679,0.35555465312154805
0.0434031392421024,0.3555866850552472
0.041734488487673284,0.35552131502064527
0.044263537185549484,0.35553364548343946
0.04267372464578294,0.3554931630553996
0.04111222824937249,0.3554518018935312
0.04355802208630297,0.35550526810953
0.042063584558101455,0.3554938769109626
0.04057977486948917,0.3554418011025923
0.043194852098975486,0.3555001954494431
0.04179213431727092,0.35553232649215755
0.04179213431727092,0.35553232649215755
0.044177185797728204,0.35558246581935377
0.042895147121248436,0.35566498192372287
0.045233603504832506,0.35568625886259836
0.043934997032599676,0.3557455825757277
0.04265843177472799,0.3557668075148705
0.044842612283515125,0.3557550290776536
0.0437107609888958,0.3557988382283634
0.045809425834750915,0.3558096081738217
0.04460438412895187,0.35584119034588385
0.0435920892685267,0.35587951346684393
0.04560968757779321,0.35588328951422893
0.044603271642853125,0.3559328137689365
0.04368273391662462,0.35604577406879195
0.045544270072711585,0.3559857323254228
0.045544270072711585,0.3559857323254228
0.044574079132543715,0.35601254294241813
0.04621606543450984,0.35596096642054453
0.04537502273424642,0.3559892422197724
0.0471659263264862,0.35595175310681715
0.046631576526134776,0.35604208250607045
0.045995034206954666,0.3561019480302213
0.04744566474609355,0.35597529849641724
0.04680058219165278,0.3560091648384011
0.04610113009439898,0.3560179203104333
0.047340422176005495,0.3559051997300099
0.04680054554861446,0.3559329523765651
0.04775696652979687,0.35580749006095747
0.04775696652979687,0.35580749006095747
0.04719163357228569,0.3558337647623774
0.04666710000455407,0.35585718426999363
0.047589966523955154,0.355727227954934
0.04714263998297444,0.35573792063198534
0.04714263998297444,0.35573792063198534
0.047855079622551665,0.3555927851730681
0.04748915741654922,0.35560167498682216
0.04748915741654922,0.35560167498682216
0.04801988379555986,0.3554520972837027
0.04773619698066663,0.3554595650096854
0.04766018349617963,0.35553288530851734
0.04832982142897296,0.35551348864760457
0.0482645387980857,0.3555497566245623
0.04830007383664244,0.3556100115277898
0.04862477913538274,0.35547366758885623
0.04864926924424488,0.3554846576679279
0.04881998727597343,0.3554055325933453
0.04899688242166323,0.3554550703730135
0.0492211971797569,0.35550786910229026
0.04895250902465497,0.35536970963892783
0.04960184728596869,0.3554085300535496
0.049429298777544074,0.3552927240426234
0.049429298777544074,0.3552927240426234
0.0497914672779806,0.3552996626841359
0.049404721611454386,0.3552308297750043
0.049893128015340585,0.3552469964022298
0.05044555831676093,0.3552762130346104
0.049922957862216955,0.3551797049669757
0.05059886245646263,0.35522317116688046
0.051224310996708336,0.3552836965492707
0.050534754629869776,0.3552274812042575
0.050534754629869776,0.3552274812042575
0.05120178498629324,0.355238512165801
0.05025320554028818,0.3551962087535594
0.05099343545293925,0.35519176019800075
0.051803864610100295,0.35521583182842836
0.05075687028448916,0.35519045865618365
0.05075687028448916,0.35519045865618365
0.05161718156306268,0.3551831779532001
0.050492403721813545,0.3551729203802765
0.05147637771451025,0.3551723187680705
0.05245810579802964,0.3551580984293634
0.051169415238352556,0.35515442424354754
0.051169415238352556,0.35515442424354754
0.05220854742946105,0.3551377697378395
0.05070725381102622,0.3551500544748492
0.05182783597923702,0.35512762254852337
0.05298171491004176,0.3550940629890145
0.051377321530971555,0.35512543138320984
0.052587315912300675,0.35510280553084117
0.052587315912300675,0.35510280553084117
0.050999788235468003,0.35512164302601207
0.05238303234789484,0.35503705199083974
0.05054679531638289,0.35503397309725737
0.0519408284339705,0.35494370627920174
0.05349251262939744,0.35486023146603346
0.05170558948206821,0.35491179548553153
0.05322931821830171,0.3548040852039579
0.05474120981342769,0.35470693991427044
0.05260556745714652,0.354769413615404
0.054090957165807876,0.3546659536352926
0.05208870858654488,0.3547525650052977
0.05370455311836134,0.35465290511837133
0.055413779975392194,0.35453514903341277
0.05154347046705043,0.35473871028225723
0.053242843498657204,0.3546259283127572
0.054877455482155,0.3544887211384827
0.05266082677422747,0.3545850701089444
0.0543783168375501,0.3544510440662923
0.05617936682267731,0.35431646834647296
0.053881182337284755,0.3544235755287943
0.05567774972514425,0.35431258905885976
0.0534130091212586,0.3544310368361918
0.05529003784022567,0.35433119839509103
0.057183670520636554,0.3542680946317173
0.05290977244051757,0.35453405129058885
0.0547834359686222,0.35442111684826444
0.056677933608717104,0.3543168836571343
0.05430685496271785,0.3544813959194476
0.056277456981917086,0.3544084389014983
0.05399083149062825,0.35458283879985797
0.05575786244762094,0.354511540638842
0.05766595946130625,0.3544459150843748
0.05521109624934057,0.3546149457353631
0.05715803970529372,0.35450759092523415
0.054859351082647986,0.3546543622555429
0.056661134005968276,0.35457639723085116
0.058446161674476645,0.3544949274277126
0.05601611672905145,0.3546356500880687
0.05804262649037338,0.354480688378167
0.0555877454900849,0.3546595852304604
0.05758223582539158,0.3545647863725566
0.05938814623019998,0.35448360610913293
0.05713873160997068,0.3546464614009597
0.05911995312547034,0.35456071949535295
0.056699820279437305,0.3547030711472431
0.0586704249802639,0.35462750414449806
0.06061624820443211,0.35451509907802226
0.058291101167771114,0.3546447332860538
0.060206489367203866,0.35456475799544496
0.05791960659750156,0.3546611723578728
0.059797546684385,0.3545868180906212
0.061666912435594384,0.3545114962875247
0.05955281594375378,0.35457089703323735
0.06288324692689605,0.3544533159893356
0.06082639592443771,0.3544937509682827
0.06257936494494439,0.35440585660896584
0.060560942927346276,0.3544173218274146
0.06229336005053884,0.35434838003074354
0.06391624884866359,0.3543005930531108
0.06026436267599534,0.3543765436827537
0.061902563543418054,0.3543096548031045
0.06351649737984023,0.35424247147576843
0.06170935557519686,0.35423206876028146
0.06330251791034647,0.3541803918218176
0.061571552393375945,0.3541500820507039
0.06307575100725263,0.3541163501604856
0.06456558004762117,0.35407760337788047
0.06299642212926906,0.35404996941881883
0.06439427260747464,0.35403853355122133
0.06439427260747464,0.35403853355122133
0.06289786888941205,0.35399520305206594
0.06423088866333844,0.3540067007434964
0.06552720656764707,0.35402538092853475
0.06552720656764707,0.35402538092853475
0.06419126078610349,0.3539864369444478
0.06530634368465098,0.3540275870750115
0.06390837015971476,0.35402765001049863
0.06492396114953346,0.3541045703879928
0.06577622668738167,0.3541950838503685
0.06447716656828563,0.3542100820692676
0.06529413467529087,0.35423748272499317
0.06601103586876916,0.35429932675710635
0.06495634461975955,0.354253888573567
0.06560745948010818,0.35433656038455075
0.0645605222564751,0.3542812740395783
0.06522551619637558,0.3543307077896904
0.06573743281068961,0.35437240851450375
0.06483880388848938,0.35428445480811865
0.06483880388848938,0.35428445480811865
0.06531948876708561,0.3543385933532978
0.0646442688380599,0.35424860213312054
0.06502619234131919,0.3543017168743324
0.06502619234131919,0.3543017168743324
0.06536175281380606,0.35435458896695604
0.0648148864236083,0.35425784503267327
0.06525027293937624,0.3543036763400478
0.06523152559722405,0.35428103728262283
0.06563846841544359,0.3544073143518498
0.06595600220299472,0.35453282534727115
0.06593864617990196,0.3544932056232062
0.06620444378213602,0.35456355600911055
0.0664070129602106,0.35447487175037024
0.06648928874814627,0.3545705446321485
0.06652237763822237,0.3546184311360004
0.06677747716438825,0.3545136831514667
0.06672833637591624,0.3545583689019122
0.06713373566887786,0.3545102984306912
0.06704680748235642,0.3546081526616976
0.06696482564323938,0.3546578117696526
0.06777376850989346,0.3545352992901808
0.06762157308131302,0.3545376498192393
0.06739255112378977,0.3545975457668201
0.06812082243164355,0.3545499999676093
0.06779896774587092,0.354567036460716
0.06736869986148145,0.35459065788638694
0.0683886238133179,0.3544890164108284
0.06796743566751896,0.35449012454788464
0.06903492611451738,0.35437747679737336
0.06855256829654285,0.35436611458826234
0.06813243490480987,0.3543779063958669
0.0699176737596538,0.35430825748850897
0.06938690537664213,0.3543154029451169
0.06877504276563898,0.3543206542302646
0.07016588749805,0.3542716771572708
0.07016588749805,0.3542716771572708
0.06939405698650039,0.3542738998793528
0.06856760163352234,0.3542689027530689
0.07006910055483405,0.3542298564077298
0.06917471999418481,0.35421427434786557
0.06917471999418481,0.35421427434786557
0.07076828498345109,0.35418097461665105
0.0698074477019895,0.35415448956463846
0.06881410375876687,0.3541172588143615
0.07161258678842444,0.35412974472414155
0.07058772908267551,0.35409445760592667
0.06953155119079549,0.35405414699339405
0.07144114465734168,0.3540400344127292
0.07030886248006109,0.3540420605021194
0.07229368896928373,0.35410169609998077
0.07124707243190093,0.3540824086680997
0.07024983829186879,0.3541100918774925
0.07228222079161324,0.3541754353491928
0.07123598252217493,0.354160923687063
0.07347191785207037,0.3542185291486819
0.07226490577502859,0.3541472020900359
0.07101273814512916,0.35410626644776
0.07333597061843188,0.35421938323537633
0.07200855515932933,0.354173833423172
0.07069791202389528,0.3541311358985383
0.07329749304927918,0.3542368773224692
0.07200680153810075,0.35417087886620274
0.07437700605115026,0.3542726868044564
0.07287472325718847,0.354236315398599
0.071355792903819,0.354146380766835
0.07395311941816317,0.35426758817070075
0.07232064441151044,0.354125968392201
0.07232064441151044,0.354125968392201
0.0749077690107591,0.354236056268938
0.07331956372639702,0.3541352974297623
0.07599547751205958,0.35421927094472105
0.0743649865188459,0.3541429461566737
0.07280044084068497,0.3540043320305027
0.07520160253598439,0.35407393111232444
0.07360402452792068,0.3539373071685836
0.07191446561417832,0.35380024782230196
0.0747275968114079,0.3539574930229388
0.07308275481067505,0.35383644409932724
0.07577598163108876,0.3539562709622423
0.07411264917094756,0.3538372851772117
0.07245574875429754,0.35376796528320953
0.07690724920632798,0.354021554526193
0.07520067500618101,0.35390311548194475
0.07356041697057107,0.353776877926114
0.07624559525692111,0.35392402713538507
0.0747365654482324,0.3538059394049113
0.07301594455286979,0.3536640296969365
0.07562735601124435,0.35378138504997725
0.07562735601124435,0.35378138504997725
0.07390929266375136,0.353652485972518
0.07662958884141856,0.35373442889375767
0.07500061080711203,0.3536233917135418
0.07328347303702482,0.35350644334003983
0.0759458197776476,0.3536258017128582
0.07444558782811203,0.353530266418302
0.07444558782811203,0.353530266418302
0.0767692048220117,0.35359642659691604
0.0751690371398495,0.3534631897276535
0.07365459894655076,0.3533393810102167
0.07785727389266547,0.3535590480528412
0.07625531616155899,0.35344188795106923
0.07472036713266267,0.35333605266919627
0.07472036713266267,0.35333605266919627
0.07717220232756923,0.35342692529227576
0.07567665951585492,0.35332777106467805
0.07567665951585492,0.35332777106467805
0.07420332937770786,0.3532270835998244
0.0767209764926348,0.3533340172511298
0.07539677328236716,0.35332171133773843
0.07780378242437455,0.3534433118085014
0.07650676764676706,0.3534644453114041
0.0751886681497632,0.35348867017084584
0.07758612208053205,0.35359936200319575
0.07758612208053205,0.35359936200319575
0.07637007838957269,0.3536062240804414
0.0784753689396554,0.35369210438059134
0.07720944136508506,0.3536979195035228
0.07932122799036903,0.35377752754818126
0.07826228850224597,0.3537466880794833
0.07724969683814878,0.3537300214830357
0.07905553420827534,0.3538006345689913
0.078026064721816,0.3538046423418805
0.07985314537666319,0.35385765388479135
0.07894853797241874,0.35389935405929
0.07803381199788208,0.35394529299726524
0.07974788245193401,0.35395590037416264
0.07890287742905475,0.353958797133042
0.07826869598227951,0.35396224933668796
0.07965487130348162,0.35391138779043685
0.07965487130348162,0.35391138779043685
0.07879198566910622,0.3539101630560933
0.08015523411497562,0.35385776395856866
0.07940207101972475,0.3538568629551116
0.07867571100949265,0.3538286347344788
0.0806346193592133,0.35376605658603355
0.07995030469460043,0.3537584279514292
0.07930691771585183,0.3537517632321487
0.08036397621311485,0.3536669350924684
0.08036397621311485,0.3536669350924684
0.0798005355712113,0.35366574284404945
0.0792771110593467,0.3536639975981732
0.08020558021750751,0.35356462119197657
0.07976285176739434,0.3535620428951128
0.07976285176739434,0.3535620428951128
0.08048450186601422,0.3534478845657689
0.08012234247860825,0.35344459983813864
0.07980056436633949,0.35344103918308467
0.0806615294907538,0.35331700142619943
0.08038037257652123,0.3533140165782351
0.08028031347134182,0.3533682485572029
0.0810310183759894,0.353305526437833
0.0810310183759894,0.353305526437833
0.08133535131219742,0.35337317130806717
0.08205854102926786,0.3533030951364158
0.08240028613025523,0.3533892875480017
0.0827333728044343,0.35348805756249296
0.08314583866882327,0.35345088261534097
0.08314583866882327,0.35345088261534097
0.08355628454046103,0.3535578562577769
0.08361528050170536,0.35350258643762505
0.08388290228283177,0.3535593230041656
0.08419274023147286,0.3536144012242665
0.08419274023147286,0.3536144012242665
0.08404039171878197,0.3535246672591061
0.0844419799212497,0.35358164389578584
0.08491303143680932,0.3536223060574111
0.08410896237631936,0.3534754059920832
0.08462755878249649,0.3535198756815895
0.085171467456161,0.3535558660559683
0.08466718571031359,0.353454702381543
0.08466718571031359,0.353454702381543
0.08524352729300222,0.3534954990247617
0.084537419840162,0.35338440420255124
0.08511072907488544,0.35341414566709567
0.08574881921393084,0.3534477472707723
0.08490617384363433,0.3533771278974641
0.08490617384363433,0.3533771278974641
0.08568763979270093,0.35341730669628174
0.08645426744230053,0.3534651887375556
0.08541407191897302,0.3533910378516819
0.08541407191897302,0.3533910378516819
0.08627456050811688,0.35342497318352933
0.08511644375745823,0.35335151270195214
0.08511644375745823,0.35335151270195214
0.08604188166616782,0.35337496307132815
0.08604188166616782,0.35337496307132815
0.08466732501562327,0.3532990345135821
0.08566377506264998,0.35331782072374907
0.08566377506264998,0.35331782072374907
0.08669786707830267,0.35333385459331373
0.08669786707830267,0.35333385459331373
0.08525447173690075,0.3532731159117665
0.08635470465417683,0.3532906654651029
0.08635470465417683,0.3532906654651029
0.08469561495324472,0.3532405053940455
0.08585954028807444,0.3532600017069242
0.08585954028807444,0.3532600017069242
0.08705823647732289,0.35327524260060816
0.08547591874138857,0.35322526445692765
0.08687060121682033,0.35326228583170055
0.0852246849639753,0.35323847646606465
0.08668786580037152,0.3532385456619433
0.08818808950356188,0.3532187778138738
0.08638910964220317,0.35317188471688
0.08789603529448631,0.3531461130818921
0.08789603529448631,0.3531461130818921
0.08587586968316399,0.35312776085028125
0.08743880507337078,0.3531146339004825
0.08901956161139186,0.35307670115752665
0.08901956161139186,0.35307670115752665
0.08699765229554723,0.3530717313667582
0.08861691327584323,0.3530362236016386
0.08861691327584323,0.3530362236016386
0.08640480131244913,0.3530314591482486
0.08807552037153232,0.3529828904578353
0.0897699715797157,0.3529218418933673
0.0897699715797157,0.3529218418933673
0.08758757808524573,0.3529241769573046
0.08758757808524573,0.3529241769573046
0.09113707971219484,0.3528369843609491
0.08703783938646029,0.3529098133461767
0.088870770573564,0.35283063084170097
0.09064883016385103,0.35275418221648686
0.08833269142296106,0.35276493531688374
0.09013575781054584,0.35269531710858887
0.09196567512783607,0.35262047048794387
0.08956129255553061,0.35265324959258726
0.08956129255553061,0.35265324959258726
0.09144986836305781,0.35258493717324996
0.0891004530247335,0.3526166770120204
0.09101425208683701,0.35254072268392944
0.092939014957492,0.3524615802504905
0.09048107859126274,0.35249737714765045
0.09048107859126274,0.35249737714765045
0.09236663855779863,0.352440421084845
0.08993866709844482,0.352500508579371
0.0918400415607947,0.35246304626110625
0.0918400415607947,0.35246304626110625
0.08930702998626452,0.3525203303779149
0.09121208106054222,0.3524890405849298
0.09313785512464842,0.35247116235036613
0.0907124261586913,0.3525453919418063
0.09249541954353176,0.35252250111900385
0.09445109656988362,0.3525068810022365
0.09208418301601784,0.3525974880911838
0.09208418301601784,0.3525974880911838
0.0915897834166446,0.35265117279308233
0.09335855341124749,0.3526488238157462
0.09512899609055443,0.3526516725879734
0.09096915262681499,0.35270063342395425
0.09471371575294887,0.3526988550288715
0.09243763976035971,0.3527394087615633
0.09434549743971753,0.3527343395027375
0.09630052524676955,0.35272359758474287
0.09391562054618163,0.3527444182523917
0.09584783182956595,0.3527491243873687
0.09364962394989469,0.3527498586296387
0.09538480591836333,0.35274121870932396
0.09713375231503993,0.35272490479553836
0.09491719680148009,0.3527068302518592
0.0966200979220171,0.3527427841382299
0.0945952468225595,0.35266955383179843
0.09630993564805343,0.35267340158030047
0.09630993564805343,0.35267340158030047
0.09436525306104201,0.3525897715245097
0.09603736878351132,0.35258352904772317
0.09768620819989571,0.35257827777175854
0.09589324137730598,0.3524987963076068
0.09747274683411097,0.3525083255501304
0.09747274683411097,0.3525083255501304
0.0957430904624984,0.35240505689125967
0.0972520248709859,0.35243272739358544
0.09872275515442225,0.35246527627945423
0.09872275515442225,0.35246527627945423
0.0971448637737268,0.3523700063318126
0.09854587889752021,0.3524207153295592
0.09854587889752021,0.3524207153295592
0.09991150186685284,0.3524771112081156
0.09838202477412555,0.35238737425258765
0.09838202477412555,0.35238737425258765
0.09967318081925802,0.35246153873399977
0.09833736815708746,0.35237122358487377
0.09941783399562264,0.35246594209128473
0.10030393375814561,0.3525126208647905
0.09894749281247028,0.3524347275344173
0.09894749281247028,0.3524347275344173
0.09992533244586736,0.3524967944243019
0.09870306560119849,0.3523836138812095
0.09960249689355173,0.35248021009434366
0.0986412207621798,0.35240070125349343
0.09937302986095042,0.3525050154640792
0.10000929830093884,0.35255208409500094
0.09900883969837487,0.35243254235178473
0.09968313906932723,0.3525001385540754
0.10017965526058724,0.3525673830822637
0.09879220584248373,0.35237639923318426
0.09933316453848327,0.35248757176711376
0.09978179950894778,0.35256364426016557
0.09906656579149573,0.3524423882424611
0.09906656579149573,0.3524423882424611
0.09942744657266311,0.35250556692763585
0.09942744657266311,0.35250556692763585
0.09892265036489427,0.3523853144096554
0.0992426907757852,0.3524472793356969
0.09967061647031276,0.3525183079401203
0.09952831370174937,0.3524213846660563
0.09997295953678974,0.3524958808166899
0.1003470805344345,0.35256990743730965
0.10038841244134483,0.3525184102307866
0.1005874495505675,0.352577934119978
0.10080628088669094,0.35251989229331493
0.10095317189224903,0.35257027733824875
0.10111931377520877,0.3526546299792964
0.10148389583832629,0.3525996711526565
0.10146578482778729,0.3526406157375976
0.10199151498506066,0.35258155107374684
0.1019055006903899,0.3526030455780735
0.10183766473781179,0.3526474287477717
0.10256398079887691,0.35259239259613717
0.10245414381297728,0.352587612726108
0.10245414381297728,0.352587612726108
0.10331622024275879,0.352521738687784
0.10308221849768655,0.35253338675116486
0.10406149025943931,0.3524940240579339
0.10358311116186453,0.3525225186716721
0.10309844362007937,0.3525565380129794
0.10416653923854925,0.3524788867819881
0.1036463742956063,0.35244394943947405
0.10504844176371414,0.3524048249971375
0.10452456251236189,0.35235791971685637
0.10395256586318052,0.35240385617024306
0.105336810179804,0.3525430345300886
0.10464534918883638,0.3526059438484128
0.10628232911786892,0.35258178124489575
0.10554960981302122,0.3525200653277152
0.1047499796649375,0.3524722096578831
0.10632680592102609,0.3524813326721805
0.10552716813625272,0.352527491502979
0.10727633442443689,0.35264791301209947
0.10626829389886706,0.3526236057903039
0.10523287576930969,0.3525759169596992
0.10718009744362963,0.35265056418655616
0.10610152481944994,0.35262282033372916
0.10830633437439025,0.3527609923485494
0.10714479342269478,0.3527479974752106
0.1059764363136443,0.3526849266149473
0.10811347283762063,0.3528435283441545
0.10695077040241208,0.35279055979665846
0.10574702564695493,0.3527463854215803
0.10801795203048367,0.3528931105877939
0.10676024971364984,0.35286482172920264
0.10913990899752346,0.3530658091689981
0.10782133281790049,0.35298821561040816
0.10782133281790049,0.35298821561040816
0.11029480456666638,0.35317883189075483
0.10891205991615287,0.3531209214693905
0.10754843932587708,0.3530669339239637
0.1100261124761588,0.35325056602008453
0.10859355483249286,0.35313328986615233
0.11100681490740867,0.35331449355620115
0.1095401182264278,0.35319263842266196
0.10796897491435745,0.35303866392617056
0.11048683299682302,0.35320406479233063
0.10900600841562437,0.35308343755562993
0.11151183393523467,0.3532843791883983
0.1098482026921224,0.35314170013409213
0.10819854270101882,0.35299614132265783
0.11086937269606538,0.35321132990974274
0.10919806858571668,0.3530838123210556
0.10753424777075271,0.3529086034518058
0.1103535151825017,0.3531184202713477
0.10864451131541206,0.35294161131655055
0.1113422743065168,0.35313068524846286
0.1113422743065168,0.35313068524846286
0.10967752765193332,0.35292883068797953
0.11246717297143337,0.35311204006582936
0.11074333002067288,0.3529343636802046
0.10912062161504753,0.35278910361998267
0.11179100088656126,0.3530021600712364
0.11010107523763873,0.35285704384280336
0.10842430183526655,0.35266390719116325
0.11121969027721428,0.352881204876043
0.11121969027721428,0.352881204876043
0.10955298987616405,0.352695137141786
0.11222731980917987,0.35288449570923003
0.11222731980917987,0.35288449570923003
0.11060502420153828,0.3527188521595277
0.10899370884927605,0.3525445901612744
0.11332132661715652,0.35289834723230074
0.11171989130021422,0.35274376149004666
0.1101306547293541,0.3525827765441667
0.1101306547293541,0.3525827765441667
0.11271198044874686,0.3527559130237031
0.11114762912965927,0.35260199606888054
0.11114762912965927,0.35260199606888054
0.1095978255168372,0.35244072400608206
0.11374410629603152,0.352761332990573
0.1122079510123183,0.3526151331404745
0.11068799389819019,0.35246563591691155
0.11068799389819019,0.35246563591691155
0.11314042497343264,0.3526180206666789
0.11165392421892775,0.35248552410883754
0.11165392421892775,0.35248552410883754
0.11018622037920327,0.35235212264153537
0.11264033150704376,0.3524964476316187
0.11137592300315015,0.35238348401872227
0.11373086526233851,0.35256968270218125
0.1124641676807345,0.3525473062221298
0.1124641676807345,0.3525473062221298
0.11477478401459937,0.35269914354613263
0.11351361710376534,0.3526507715539671
0.11225025404299344,0.3525759766480022
0.11225025404299344,0.3525759766480022
0.11441326978271403,0.3526944341536196
0.11321906410423865,0.35263546230030685
0.11204977586862966,0.35257868563855727
0.11531214792554652,0.3527382264469468
0.11417099005229916,0.3526929577392852
0.11417099005229916,0.3526929577392852
0.11305722821967226,0.35264372216771256
0.11498132664483117,0.35272141256690104
0.11498132664483117,0.35272141256690104
0.11392320691495691,0.35267566476085555
0.11289406429006558,0.35262702060188433
0.1157516784774395,0.35272462531374277
0.11475172093433156,0.3526824123708669
0.11378178267137885,0.35263837562840405
0.11543397626295951,0.35266690900856473
0.11453821527818414,0.35265500055473054
0.11377167267455311,0.3526368626368403
0.11533121794777151,0.35264118937877387
0.11464204550588784,0.3526520141780667
0.11589471950040654,0.35260626858825905
0.11589471950040654,0.35260626858825905
0.11513341939494179,0.35255703123581095
0.11636284090237606,0.3525048012563094
0.11569122146129167,0.3524740591910418
0.11505891725357947,0.35244452440799423
0.11505891725357947,0.35244452440799423
0.11613913120986213,0.3523955821673287
0.11562776718378777,0.35238678727134776
0.11511601229513413,0.35236598603551156
0.11604542094610823,0.3522926197863471
0.11604542094610823,0.3522926197863471
0.11560778345960537,0.35228262207934075
0.11633196782417436,0.3521900627341484
0.11597355518961475,0.35218149234919244
0.11565493391337762,0.3521729438782875
0.11651614863885129,0.35207014179223006
0.11606892728645454,0.3521049525413528
0.11606892728645454,0.3521049525413528
0.1165469642826466,0.3520299612868395
0.11657373485024426,0.35208440842338173
0.11693352069044338,0.3520297726256589
0.1170879864946196,0.35208920078843153
0.11725405931580807,0.35215568020114196
0.11743178679456598,0.35205645612221004
0.1176040584931639,0.3521241571920584
0.11783745026335242,0.35218938818623735
0.1178241779099984,0.35210811649086143
0.11817313829540971,0.3521397527269534
0.11817313829540971,0.3521397527269534
0.11813011064032332,0.3520206549814487
0.11849289653526526,0.35205871990906745
0.1189934235552812,0.3521037700889808
0.11866616977936044,0.351974961090453
0.11866616977936044,0.351974961090453
0.11916214658309074,0.35202780291842495
0.11868460602336926,0.3519172751190132
0.11925468266448064,0.3519682203664992
0.1198482473144097,0.352006515989658
0.11916584142448369,0.3519138659526869
0.11993595860622297,0.3520111445182915
0.11993595860622297,0.3520111445182915
0.11899547952321482,0.35192592777289505
0.11962085240612147,0.3519716732416651
0.11867785640964115,0.3518915015398997
0.11946135452590126,0.3519559272444283
0.12031061334161404,0.352005404248976
0.11911813548492023,0.35190933039972705
0.12015349258673994,0.3519659421982159
0.1211628637988462,0.3520350760971862
0.11987881082661532,0.3519511983360325
0.11987881082661532,0.3519511983360325
0.12097245932918507,0.35198920312090126
0.11955029232531017,0.35192010063638607
0.12067430319914864,0.3519792846227048
0.12183376067207112,0.35201596149480185
0.12025858586676802,0.3519697646851783
0.12025858586676802,0.3519697646851783
0.12153257615961952,0.35202090121807683
0.11993043886520016,0.35196208812872676
0.12137005468427128,0.35200083665924287
0.11956215869905765,0.35191936558473114
0.12100655542975164,0.35193200433884325
0.12247962108459474,0.35195454701725193
0.12066086431300913,0.3519035588561064
0.12218540917390223,0.3518896992136833
0.12370945522418676,0.3518986931681985
0.1201540241756694,0.3518356490056402
0.12169829282264655,0.35184793311415336
0.12328236428892551,0.3518529731669811
0.12328236428892551,0.3518529731669811
0.12125806094944454,0.35180319356948664
0.12287785678245054,0.35180291064006136
0.12287785678245054,0.35180291064006136
0.12066570354644618,0.35175583551834244
0.12233525676720555,0.3517545127570302
0.12403022662972188,0.351742447045296
0.12403022662972188,0.351742447045296
0.12184441344423103,0.35170298071177986
0.12357345620733848,0.3516875869660019
0.12534625420850928,0.35173462850665127
0.12319233946685024,0.35177644589765983
0.12489992080000395,0.3518231761929155
0.12278899212523833,0.351827970776706
0.12278899212523833,0.351827970776706
0.12470852866519716,0.3517832415675021
0.12226814244486327,0.35180799088542736
0.12419219691315751,0.35180812391469246
0.12614371812338246,0.35182168434107647
0.12383324463005356,0.35191478242071145
0.1255892645154001,0.35193164549564243
0.1233730789047398,0.35196717534540584
0.12538374940721908,0.352029231668974
0.12722531994778444,0.35203160911136355
0.12500840391127382,0.3520739438719996
0.12708645013064085,0.35211225595284307
0.12451016402574612,0.3521085730488114
0.1264999162667755,0.3521441708951839
0.12829197858627508,0.35214712382769325
0.12600627105472684,0.3521530631017751
0.12806271519515544,0.35218294560867325
0.13015667639775258,0.3521983134844837
0.1276402963565287,0.3522253653342727
0.12965675167540444,0.35223976486932346
0.12730835455549844,0.35222443370765255
0.12924338810985414,0.35226584162296726
0.13121247269505085,0.3522706779484097
0.12879284889842119,0.352286718110944
0.1307354624287482,0.3523221943456685
0.1284833133737166,0.3523044017073166
0.13039166748616837,0.352335616118205
0.13039166748616837,0.352335616118205
0.12811982997090174,0.3523003536879746
0.12997766281247358,0.352339853015683
0.13185363480882412,0.3523697147565334
0.13145282066522815,0.3523638148395451
0.13311481656898627,0.3523830909901264
0.13093147660123164,0.35229792919872155
0.13093147660123164,0.35229792919872155
0.1326598725927239,0.3522989294040454
0.1306652948506523,0.3522094163904957
0.13239373198024482,0.3522496741380939
0.13049452767906985,0.3521428899388151
0.13218064721011677,0.3521737926548122
0.13378150441788975,0.3522171806696293
0.13198138208678403,0.35208880431017753
0.13344114710951555,0.3521256063684437
0.13502097519309278,0.3521653721606638
0.13336470533140204,0.35203014337261146
0.13485646727172934,0.3520782716657697
0.13328573044813988,0.3519491525330533
0.13468427888361034,0.35202133087096993
0.13468427888361034,0.35202133087096993
0.1331801742709672,0.3518815734864067
0.13447407595245967,0.3519574211030122
0.13575041065926208,0.35205153990487686
0.13438107005094876,0.3519188376337407
0.13545856011193405,0.35201489815550296
0.13657374440140332,0.35212394588683626
0.13515240237439588,0.3519716500141527
0.13515240237439588,0.3519716500141527
0.13606957050576754,0.3520725573058136
0.13488328038486294,0.35198033860684474
0.1356936051214956,0.35209025505782154
0.13453174207432833,0.35198257747729433
0.13525507873155973,0.35206665781392976
0.13592440212361928,0.35213173138795545
0.1349385304954342,0.3520076975206087
0.13561501422247038,0.3521198851597546
0.1362602752909739,0.3522114729533639
0.13555719260547208,0.35209711053252263
0.13613148164328406,0.35219302682965636
0.1355382494789528,0.35208096761516805
0.1355382494789528,0.35208096761516805
0.13597495654055772,0.35214453826191155
0.1354993607660157,0.35204579902700256
0.13581458418950437,0.3521340502079887
0.13613462976197951,0.35224083524993405
0.1359067843950167,0.3521893512999427
0.13626717209066547,0.35228037166448517
0.13629426836063838,0.35217629030714037
0.13646932325063096,0.35223373088648685
0.136673032514806,0.3522958371876746
0.136673032514806,0.3522958371876746
0.13683347516745895,0.35220629060876324
0.13695938727543427,0.3522536616873643
0.13704123581463332,0.3522936353051744
0.13730631795209358,0.3521687011819556
0.1373307943801942,0.3522032895143932
0.1373140066426088,0.3522347161317457
0.13776818566852203,0.35216154139512124
0.13776818566852203,0.35216154139512124
0.13766064324028518,0.3521873349947871
0.13750525636283076,0.3522100295971483
0.13812060376393515,0.35215178757355703
0.1378742356894768,0.35216764595164857
0.1378742356894768,0.35216764595164857
0.13863465013394813,0.3521270919080258
0.13829741407010807,0.3521354663515465
0.1379330948656498,0.3521374203494027
0.13897595552236686,0.35223342688097986
0.13847099950602096,0.3523327874130765
0.13955828798410605,0.35243719773189847
0.13902549295912592,0.3524353969286038
0.1385416788134005,0.3524063892981112
0.13974567020872256,0.35237872725042446
0.13974567020872256,0.35237872725042446
0.13919735681959713,0.35230851333396823
0.1406690184697343,0.35231013079463536
0.1399607040948002,0.352261538272601
0.13919775711807247,0.35220735400419506
0.14074756671513394,0.3522543551438748
0.14074756671513394,0.3522543551438748
0.13987136481367637,0.3521934816639706
0.14146584590850425,0.35225784363379753
0.1405008481098919,0.35218763398875014
0.1405008481098919,0.35218763398875014
0.14230072202544156,0.35227539319950985
0.14127095901308834,0.35219367257576173
0.14020998781305877,0.35210006816286865
0.1420556530547369,0.35223357678985173
0.1410907768589663,0.3522111049341409
0.1410907768589663,0.3522111049341409
0.14326512486217213,0.35245520197623176
0.14215135817092373,0.3524185923474569
0.14098726154302743,0.35237938299164745
0.1430938617264561,0.35255587032006613
0.1419227249462794,0.35244258374763926
0.14422528458618344,0.35266908664852314
0.14308926389162374,0.35255927037250795
0.14184612582829798,0.35244585731614764
0.14418583218726405,0.3526702860797085
0.14288041583808367,0.3525705166038602
0.14151625180192065,0.35248156452536145
0.14400342393091892,0.35274806158407707
0.14265386464682692,0.35262629004936397
0.14516995374293928,0.3528625351566481
0.14388084976875593,0.3527159371235965
0.14388084976875593,0.3527159371235965
0.14626231919407118,0.352907590238484
0.14469218674755702,0.35272471235336567
0.14312709110677188,0.35253436197963295
0.14562096376165665,0.3527969340371907
0.1440508098517605,0.3526598457538509
0.14674471934168923,0.35288933081860324
0.14512066804963014,0.3527179205603888
0.14353767115265798,0.3525360967645567
0.14616213320239754,0.3527717804644569
0.14455470911523893,0.35256383124269824
0.14455470911523893,0.35256383124269824
0.14732918171540274,0.3528643515409398
0.14570897811524836,0.35267019901451907
0.14408440908686837,0.3524614257495535
0.14408440908686837,0.3524614257495535
0.14676515868458043,0.3527293275561233
0.14676515868458043,0.3527293275561233
0.14513258478768729,0.3525153709323432
0.14349244168515504,0.35228806835966636
0.14790545296147328,0.35278413317893104
0.14626813343941186,0.35256845580966195
0.14463754795675313,0.3523397526092488
0.14733409745719855,0.3526018287922908
0.1457049917279503,0.35239564131366297
0.1457049917279503,0.35239564131366297
0.14826025966334602,0.3526797961476236
0.14670488660469697,0.3524865067285956
0.14499124115360112,0.35233642202111604
0.14769158653840617,0.3526137868209015
0.14603136121373889,0.3524127788450386
0.1443763515173072,0.3522362941260335
0.14874164560357714,0.35270847309771103
0.14717511749657797,0.35248888631423914
0.14563012265571468,0.3522576075582287
0.14826294765743867,0.3525212531580941
0.1467283160939742,0.3523228636410892
0.14514538126481474,0.35212368610569017
0.1477864020186961,0.3524063142916136
0.1462452676256113,0.35225202268060196
0.1462452676256113,0.35225202268060196
0.14865892069552272,0.3524925881684536
0.1471170705632643,0.352343846779039
0.14559664506744122,0.352183858264183
0.14809420515145794,0.3524639255071892
0.14809420515145794,0.3524639255071892
0.14673206382226944,0.3523516087025989
0.14914523574314328,0.352607183694892
0.14792249049491377,0.35250593704334227
0.14664823860963552,0.35240899556262495
0.14895943433874836,0.35267348331852655
0.14787405295901146,0.3525811659938999
0.14987524017123988,0.35277384697513675
0.1487544720740936,0.3527035039270928
0.14752001290125102,0.3526153204845221
0.15073628338406928,0.3528690725002193
0.149578073149749,0.352828885348049
0.14844885892184653,0.35279859212898423
0.15047390573605246,0.3529994696096027
0.14947088577856874,0.352942270983529
0.15134371230951227,0.3530898956150021
0.1503811243524802,0.3530418595219266
0.1494569779417661,0.35301434223675876
0.15115494544227856,0.35317157658745346
0.15030624648954388,0.3531308536595982
0.15193678411226413,0.3532370100446947
0.15123442663002234,0.3532070921178815
0.15060000496426101,0.35322173186417566
0.15129770332379527,0.3532876104046016
0.15129770332379527,0.3532876104046016
0.15263422711627422,0.35332815929071215
0.15214513280840458,0.3533436004391507
0.1516587718459922,0.35340370666634957
0.1527100248766164,0.3533752223080805
0.1521486850874366,0.35332781503587857
0.15308327573070823,0.3532999811773699
0.1526036348557273,0.35329206392660556
0.15217276259578918,0.3532664138148495
0.15217276259578918,0.3532664138148495
0.15287390653129967,0.3531946731034728
0.15250972782660738,0.3531702717048424
0.1521855692467601,0.3531470902136775
0.1530598979646544,0.35307238940831465
0.15277786678040303,0.3530533231650776
0.15258678113214202,0.35312180069203847
0.15312508686304077,0.35306113789702853
0.1530397569076107,0.3530649108388087
0.15294401674972669,0.3530629115047181
0.15324008043288068,0.3529845203006358
0.15327164697930204,0.35299872534989785
0.15327164697930204,0.35299872534989785
0.1534485883201287,0.35288091315750103
0.1535482036325099,0.35290008713172344
0.1537460844002469,0.3529277446241378
0.1534898420326507,0.35276467284763036
0.1534898420326507,0.35276467284763036
0.15376773404440686,0.3528278988870753
0.15409865657921845,0.3529004476401731
0.1539480842245967,0.3527868098760571
0.15426445360618377,0.35282864800232694
0.15426445360618377,0.35282864800232694
0.15396055619980747,0.3526988044514174
0.15443117308949666,0.35276126176102945
0.15495833197091466,0.3528282553234848
0.15445329921391887,0.3526996255682167
0.15445329921391887,0.3526996255682167
0.1550251050620813,0.3527722875670967
0.15564281504162336,0.35284162185183593
0.15499963070460387,0.3527272464121102
0.15499963070460387,0.3527272464121102
0.15570867463330101,0.3528127236721907
0.15496252718458606,0.3526909847156824
0.15575551255198486,0.35277815713209876
0.15474199536514646,0.35268127579753455
0.15551927129891527,0.3527540131229394
0.15642338786953514,0.35282047847303516
0.1552709429039406,0.3526793856927311
0.15619142331905184,0.352776947423866
0.15710239647360041,0.3528509992851346
0.15476667093710478,0.3526384290855293
0.1557580304833696,0.35273373026159016
0.15680088642627393,0.3528385875689843
0.15544764690685825,0.35270458631128015
0.15658051219424993,0.3527474983130556
0.15773873101315117,0.3528349082696364
0.15495368356188569,0.352629153262503
0.15614622106044657,0.35267911477648906
0.1573203881869957,0.35276152458385784
0.15564355967598717,0.35259721258116816
0.1571114254629098,0.3526887852690875
0.15851125175008607,0.35276573705744574
0.15675094366697467,0.35266215351846325
0.15820031758506772,0.3527113823058224
0.15633341438877751,0.35260907264533314
0.15633341438877751,0.35260907264533314
0.15785069263573748,0.3526559680621943
0.15940223072165063,0.3527292955925956
0.1574189104770322,0.3526158072310944
0.1574189104770322,0.3526158072310944
0.1590004382439826,0.35266921656805333
0.15697581438601016,0.35255215157081365
0.15697581438601016,0.35255215157081365
0.15859488477253048,0.3526051638971517
0.1602382214936803,0.3526503968196081
0.15805240679264398,0.3525424007334442
0.15805240679264398,0.3525424007334442
0.15974369115520004,0.3525892773027541
0.15974369115520004,0.3525892773027541
0.15755760515928285,0.3524805154534581
0.15928314973898888,0.3525258997616112
0.16104760354643072,0.35258774772751894
0.15879141967605123,0.35249115153028326
0.16065065554651828,0.35252810563156467
0.16065065554651828,0.35252810563156467
0.15841108413296356,0.35247622009379387
0.16028123042770676,0.35255448074420265
0.1577941368863033,0.3525122819134563
0.1597297785570226,0.35263570887375667
0.16171038178903044,0.3527180953431911
0.15934323688743546,0.35268132765988675
0.1610939606151419,0.35276337434867133
0.16309622622020198,0.35285935432023396
0.16075508642055544,0.3528081727430458
0.16280173214983543,0.3528825547059511
0.16040444570945542,0.3528189625263979
0.16240080641588683,0.3528900760729015
0.164371094732441,0.352976442442315
0.16195500040263744,0.35293167000448017
0.16382200295729005,0.353024351511324
0.16145623673523946,0.3529291054805266
0.16336408050247384,0.35299906759578187
0.16534337181656683,0.3530740585891428
0.16286120390929545,0.3530308803377177
0.16481304653832934,0.3530998401985148
0.16251587055141914,0.3530291382187394
0.16448689504010483,0.35312680571562516
0.16638433939990965,0.35321432073011455
0.16394882234390762,0.3531544679853568
0.16565726072202866,0.3532392793005847
0.16354118143781543,0.35315381527511724
0.16541548719690258,0.3532486577337096
0.16318695557855864,0.3531078401762884
0.16511336015127512,0.3532159420295474
0.1669830710034099,0.3533116349835204
0.1648343861222405,0.3531958385351699
0.16666831566868728,0.3532897046890898
0.16849356812460892,0.3533810100929059
0.16629420025072428,0.35322280199389255
0.1679341532419063,0.3533604167814324
0.16590986895662707,0.35320289585616044
0.1676135861338413,0.3532930506139954
0.16929060841913487,0.35338256665992734
0.16730930035192645,0.35325525900185906
0.16730930035192645,0.35325525900185906
0.1689570039506637,0.35334142531063595
0.16717167236625674,0.35316529980613215
0.16877373593386008,0.3532839927686725
0.17029573013563135,0.3533808116349964
0.1685595250283399,0.3531898570695333
0.17004145002067947,0.353294043432925
0.16846133745747835,0.35312107394661696
0.16992284538366953,0.3532285444489892
0.1712706694256487,0.35335763851944335
0.1684274233473843,0.3530495734474771
0.16973797952463082,0.3531888538647361
0.17096745672660704,0.3533170618798424
0.16963104222284686,0.35314473116568673
0.17072946346514026,0.35330798467505886
0.17185908339568678,0.35345800543880707
0.17045341038994705,0.35326355830573936
0.17045341038994705,0.35326355830573936
0.17130336875366248,0.35338280379393455
0.16996106517469317,0.3531851839859583
0.1707776624767722,0.35330949739976675
0.16975174829058942,0.3531483290236068
0.17041126357444322,0.3532456414460005
0.17108302168512568,0.35338136506995865
0.17002637977080426,0.35320536244358014
0.1705295208832362,0.3533350588258202
0.17111894297607208,0.35346993839901875
0.17029355413745442,0.3533528119538056
0.17087161111150306,0.35348415973891495
0.17087161111150306,0.35348415973891495
0.17016557611971406,0.35334838639558325
0.17052909958353024,0.3534383571995286
0.17002987722624124,0.3532910721876106
0.17030308200968944,0.3533894190442804
0.1707462566912716,0.353472881172012
0.1706078314129234,0.3534229614500065
0.17095679659536114,0.3535526498890978
0.17094423947728324,0.35348491753068334
0.17123502497756757,0.35360797486549245
0.1715548932820083,0.35373428547686786
0.1717293758800556,0.353662497199449
0.1718552612718619,0.3537340392941317
0.17203461166971445,0.35384461215187873
0.1723207798168661,0.35376035575537046
0.17233069449561944,0.3538318692875161
0.17282380687948867,0.3538263181039367
0.17282380687948867,0.3538263181039367
0.17280421772780535,0.35390047265842445
0.1734643430788904,0.35390950039346614
0.1733551883052321,0.3539382443276149
0.17315087137413174,0.3539592168552846
0.1739301744580821,0.35395711112101597
0.17355902325804765,0.3539084046313141
0.17449586263217282,0.35391123995266127
0.1740552768737731,0.35385249741629393
0.17354284228379463,0.3537898625912584
0.17463357413368957,0.35379595118182494
0.1741767755946131,0.3538215742680856
0.17361901129734067,0.3538312505952158
0.17482933459339728,0.35384765232145693
0.17418534760495702,0.3537771685098861
0.1755317990325052,0.35393943022915497
0.17482251479575547,0.3538635709158705
0.17635121134835952,0.3539213721359267
0.17546601300405246,0.3537803987778013
0.17464416765509283,0.35364831302243627
0.17613049068324751,0.3537219996116928
0.17513416054328565,0.3535790351702602
0.1741175022771242,0.35344412092663596
0.17590673113654806,0.35359909485883323
0.17590673113654806,0.35359909485883323
0.17483568922593146,0.3534633128271514
0.17675767523095381,0.35363584014041183
0.17578927219058427,0.3534872017685083
0.17790877000283567,0.3537196214843731
0.17681967872200682,0.3536563911444998
0.1756722731694964,0.3535573034664246
0.17786856109052201,0.35381505368702615
0.17668109499836337,0.3537172885360839
0.17547294698169094,0.3535893252215471
0.17778906920162252,0.35387474060767504
0.1765449982651715,0.3537132361313219
0.17886002045459887,0.35401960273284955
0.17758320088454124,0.353875129454459
0.17630999138439699,0.35372409739630206
0.1801356778316412,0.35423037323709256
0.1788476952735969,0.35407529469921317
0.17753460164941454,0.3539132203225497
0.18003785988362486,0.3542632137666439
0.17862446443838742,0.35408783085595097
0.1771787854660894,0.35384840079418123
0.1795653522976942,0.3542051503233266
0.17791308480700072,0.3539711922645712
0.1804997085430478,0.35432800542391757
0.1804997085430478,0.35432800542391757
0.17897853480476006,0.3540846825199026
0.1816437453390112,0.3544302385292487
0.1799734053966095,0.35416379220587024
0.17838304935772667,0.35387692321719844
0.18094817410194852,0.3542240717745257
0.18094817410194852,0.3542240717745257
0.1793575574837295,0.3539757829799779
0.1777505051797463,0.3537091162732206
0.18051200670152825,0.35407937430187075
0.17889518565834248,0.3537816929732112
0.18156590615064871,0.35411975454232986
0.17990512904346004,0.35385340917741415
0.17990512904346004,0.35385340917741415
0.18264028132016144,0.35420480804898075
0.1809428929698692,0.3539390515792127
0.1792598578131084,0.35363296252730336
0.18198178059249387,0.3540347141537548
0.1803305175205348,0.35376663428411304
0.1786788978670915,0.35351483893083224
0.18141794786650217,0.35385773470786647
0.17975261762411227,0.3535840565245666
0.17975261762411227,0.3535840565245666
0.18239728068279398,0.35393073881314646
0.1807198340715155,0.35366062951374194
0.17897997692638995,0.35339947846331693
0.18164778005906554,0.35374120654415464
0.180119880207533,0.35353552855298565
0.18245556486012346,0.35383542177437494
0.18089718288079798,0.35361144058161287
0.17929661408417963,0.35336698511337533
0.18345576685942366,0.35393765305046687
0.18188811129634166,0.35373651724287297
0.18033443819823475,0.35351718388294184
0.18277267335083425,0.35384673006238915
0.1813390623889767,0.3536425933204003
0.17989409463682415,0.3534570842684922
0.18244125953110177,0.3537979294326311
0.18131782395731721,0.35364435802984606
0.18131782395731721,0.35364435802984606
0.18359895158693781,0.35394806369499054
0.18225890977124515,0.35381291763904393
0.18452812024146886,0.3541254762494025
0.18326068969710213,0.35395617606349644
0.18203783811564436,0.3538673005182651
0.18422193282637747,0.35414992264682393
0.1830783049143262,0.3540419591186422
0.1819295487319053,0.35392729504497866
0.18402140315236765,0.35418811069839184
0.18284748625016065,0.35409407828448425
0.18284748625016065,0.35409407828448425
0.18480597589004072,0.3542936314507064
0.18371349588298028,0.3542134434723755
0.1856442832256892,0.3544441493050724
0.18458320165327446,0.35435571853653136
0.18363543619233025,0.35429662479812657
0.1853026395329322,0.3544653798802485
0.18449310299939195,0.3544131695027411
0.18359434380662287,0.35431113972689837
0.18599682573071694,0.35449149357038084
0.18510453199739083,0.3543970523328371
0.1842571051288137,0.35430977433820177
0.18559093511960317,0.35435799475944574
0.18482294728062792,0.3542891697268714
0.18407163964134318,0.3542178505012338
0.18598793902460917,0.35431453751026576
0.18528343045688306,0.3542542093428857
0.18464750445042935,0.3541960957003291
0.18569319382168872,0.3541955933358304
0.18569319382168872,0.3541955933358304
0.1851417128611514,0.3541430029694997
0.18462881367897,0.3540926321173912
0.18555496509047223,0.3540656196774273
0.18555496509047223,0.3540656196774273
0.18511933981342726,0.35402301036918754
0.18584390337527337,0.35396674012470397
0.18584390337527337,0.35396674012470397
0.18548679859864453,0.3539318887047024
0.18516935095879228,0.3539003908671657
0.18575504031577802,0.3538209383952347
0.18575504031577802,0.3538209383952347
0.18562891188777914,0.3538624168255813
0.18616824059562675,0.35380757651381023
0.1862004425261144,0.3538495275961105
0.18646575911109448,0.3538201310954467
0.18643228616007373,0.3538399380633824
0.1864391789626317,0.3538649362878013
0.18659368040352062,0.35376471148431093
0.18682065006679172,0.3538220953538324
0.18707093207508388,0.3538715936320245
0.18714492218021633,0.35375782707399606
0.18739443162771866,0.35382386225287416
0.1873008576526295,0.3537255788532035
0.18771374397865803,0.3537880862701323
0.18818287164525102,0.3538603861488856
0.18795477902181562,0.35376719972308973
0.18795477902181562,0.35376719972308973
0.1885716014583115,0.3539034438123065
0.18815712879238122,0.3537703735692868
0.18884762657157028,0.35388106325188157
0.1895476115843766,0.3540196630048954
0.18887431445677846,0.35389904577052494
0.18955625325734196,0.3540242559547378
0.18955625325734196,0.3540242559547378
0.18869383099480252,0.3538780097803456
0.1895207937651813,0.35397369410619683
0.1895207937651813,0.35397369410619683
0.19029284512518874,0.35407478766118344
0.18923993054209207,0.3539159298788057
0.18923993054209207,0.3539159298788057
0.1900843447478551,0.3540126083953832
0.1900843447478551,0.3540126083953832
0.1889160673505954,0.3538440587521425
0.1889160673505954,0.3538440587521425
0.18982126246865766,0.35394214219508047
0.19076431347100847,0.35404127336199476
0.18843554998545076,0.35376695491231186
0.1894149686299973,0.3538736095485757
0.1904310986006183,0.3539807523478663
0.1904310986006183,0.3539807523478663
0.1889885499595988,0.35381786643117763
0.1900794854440031,0.35393241331503633
0.1900794854440031,0.35393241331503633
0.1912082850984232,0.3540464750286544
0.18843014065701424,0.3537640896433318
0.18959322966004735,0.3538862082006485
0.19079104507079692,0.35400700955560105
0.18915589017647452,0.35380771560149454
0.19043062754726997,0.3538963623903924
0.19043062754726997,0.3538963623903924
0.18866941792008649,0.3537391454358892
0.19009843749791688,0.3538355785040116
0.19157683641492793,0.353925747158596
0.1897022105910025,0.35374720667783754
0.19130744481174267,0.3538460137473735
0.19275242889862013,0.35395504935845234
0.19094183231798453,0.3537710794762898
0.19254418490329941,0.35386250679043474
0.19254418490329941,0.35386250679043474
0.19054287751736357,0.35375195151571326
0.19208009883168936,0.35384756391200717
0.19371266164366713,0.35395118895949435
0.18993117031451218,0.3536873873128403
0.19161975117993496,0.3537931190496179
0.1933211356118395,0.35386821409686103
0.1933211356118395,0.35386821409686103
0.1910895901210404,0.353686202291224
0.1910895901210404,0.353686202291224
0.1928349456771282,0.3537687717236626
0.19049490411565784,0.3535763848700759
0.19049490411565784,0.3535763848700759
0.19425764518637711,0.3538557913544575
0.1919889818689166,0.35373967933759026
0.1939382332366995,0.3539575688553914
0.19590723662183518,0.3541597914288459
0.19349858739105563,0.35413081603852203
0.19349858739105563,0.35413081603852203
0.19540158131628493,0.3542976775483078
0.19305774413746618,0.3541755719763157
0.19497315564028014,0.3542716209386754
0.19497315564028014,0.3542716209386754
0.19689540307038497,0.3543607554116202
0.19443465350699063,0.3542114952264019
0.19443465350699063,0.3542114952264019
0.1963718398804083,0.3543106041446773
0.19398130369812566,0.3541597207856531
0.19398130369812566,0.3541597207856531
0.19592082881678952,0.35427334301585234
0.19786409589818338,0.3543819334216918
0.19343268340832181,0.35411896381650115
0.1953698752977242,0.35424843581024557
0.19730318886355877,0.3543684477669148
0.1948967911503523,0.3542304560796334
0.1967994998721543,0.35436362615595957
0.19876833617387846,0.3544967267502189
0.1962791439695799,0.35436674226739473
0.1962791439695799,0.35436674226739473
0.19826411789618031,0.3545257598631521
0.1959916828917448,0.35436613417301793
0.1959916828917448,0.35436613417301793
0.19554090734928606,0.3543633195386301
0.19741717157736727,0.354511099973532
0.19931779030205304,0.3546373047468865
0.19708490600202605,0.35447826712408315
0.19878919428707764,0.3546240913714538
0.19663902415296078,0.35446754598986624
0.1984525124946907,0.3546246012936939
0.20029985359454455,0.35477108860485773
0.1981434717678047,0.3545937862336159
0.1981434717678047,0.3545937862336159
0.1999584755828866,0.35474294136328705
0.20175131589503723,0.35488445078594855
0.1995639773623845,0.35465498660681544
0.20115757890306923,0.3547963731624142
0.19930596414635207,0.35459733641533236
0.20101058493710233,0.35473870001515523
0.20258175890820457,0.3548619965633351
0.2007534214506034,0.3546412100220875
0.2024448617534269,0.3548020904526941
0.20060738238522,0.35456034266879605
0.20218021711027728,0.3546984978115384
0.20373842528029062,0.3548339167662929
0.20056366278843987,0.354458696453622
0.2034464029469981,0.3547300513830463
0.2034464029469981,0.3547300513830463
0.20184304532797115,0.3544895354617168
0.20313004333305912,0.35471398025008843
0.2045065761281119,0.3548977524439157
0.20302827105576315,0.35468704707803855
0.20302827105576315,0.35468704707803855
0.20435230792381323,0.354867227259506
0.20297190057592335,0.3546550525024748
0.2040826263281831,0.3548555358735666
0.2040826263281831,0.3548555358735666
0.20276791050270251,0.3546489166419555
0.20276791050270251,0.3546489166419555
0.20386242804674276,0.35482645067639806
0.20491384570258117,0.3549997388494681
0.20377407075663742,0.35481974190943527
0.20469231506398364,0.3550193195468246
0.20568995294963155,0.3552010762970153
0.2037849544912939,0.35485170124656057
0.20466328695214533,0.3550248622234264
0.20537606159208432,0.3551752960857275
0.20537606159208432,0.3551752960857275
0.20441996091701797,0.3549843379024192
0.20504001286506812,0.35511261410570216
0.20504001286506812,0.35511261410570216
0.20565672931830475,0.3552330404421032
0.20428369636789365,0.354926001531231
0.2048527796902609,0.35503985977596103
0.20536815146194287,0.35514726303694205
0.20536815146194287,0.35514726303694205
0.20473959542300418,0.35497342429179024
0.20514805248473614,0.35507116209359874
0.20514805248473614,0.35507116209359874
0.20550372117046134,0.35516868260288276
0.2049768171715776,0.35501216261632274
0.2054397294753738,0.35514223707763837
0.20530877641328904,0.3550676051085458
0.20530877641328904,0.3550676051085458
0.20565084061383992,0.3552164056282014
0.2056364799421202,0.3551642281083572
0.20595311488741563,0.35529471344585883
0.20615581642550712,0.3554598157371754
0.20621995548895836,0.355462522809959
0.206387354409334,0.35557969039856446
0.20669440154734733,0.3555369864073123
0.20664802239951185,0.3556009006190871
0.20658456107671586,0.3556610868146032
0.20705224900746827,0.3556020223665437
0.20698266555018063,0.35565679236140574
0.2068824926364722,0.3556718699827461
0.20769965451566932,0.35564867991548904
0.20754228308028794,0.35562593604696335
0.20754228308028794,0.35562593604696335
0.2082968059361466,0.3556356060052517
0.208088500987976,0.35565931183594557
0.2077855198736852,0.35562132415448017
0.20880747517801151,0.35562571426563716
0.20847487341584528,0.3555788317882849
0.2096578230709769,0.35562258909321776
0.20924175529221165,0.355575042228518
0.20875554061811752,0.35549805044991784
0.20875554061811752,0.35549805044991784
0.2106097952282032,0.35565021646687056
0.20951044596252832,0.3554790762033716
0.20951044596252832,0.3554790762033716
0.21028067703824807,0.3556435908935525
0.2119210948938571,0.35589395557846915
0.21125828439877328,0.3559318581467758
0.21053813108258135,0.3558142929895685
0.2121991012320357,0.3559518819642924
0.2121991012320357,0.3559518819642924
0.21137794005050942,0.35586883106151207
0.21051399372363974,0.3557481614637985
0.21242747018634964,0.3560360972007145
0.21156469996022903,0.35591833969935976
0.21268233748048396,0.3561476071555773
0.21268233748048396,0.3561476071555773
0.21492472003934715,0.3565118282845342
0.21390726689024847,0.3564629623950698
0.21289108038612362,0.35639678593356294
0.21289108038612362,0.35639678593356294
0.21514637006432347,0.35679474413934
0.21411789212752755,0.3567098162519294
0.21307907827443912,0.3566038780865633
0.21553872037712546,0.35704548240754064
0.2144298673273156,0.356915909064997
0.21667104137322035,0.35734371190837994
0.21530115802268635,0.35717434369160944
0.21401170070163206,0.3569763766001633
0.2165136209472191,0.35743669239426096
0.2165136209472191,0.35743669239426096
0.21513680182285622,0.3572054890560077
0.21759658395390852,0.3576338273607247
0.21619820068716478,0.3574046703082188
0.21874678024556868,0.3578302534324677
0.217190057353843,0.3575492983896195
0.21568462710271397,0.3572523333047281
0.21813315575157094,0.357659006717523
0.21649636243913833,0.35731386629583917
0.21494935134457593,0.35700769831580426
0.2175375923147717,0.3574214473054947
0.21592891838147676,0.3571071049163639
0.21864365659053944,0.35759866735873286
0.2169844876662314,0.35724222618785734
0.2169844876662314,0.35724222618785734
0.21971298415396773,0.35768312807185615
0.21806563111341923,0.35736000691898606
0.21806563111341923,0.35736000691898606
0.21912021871012935,0.35750195136833834
0.21757873345441817,0.3571960257048329
0.21595106089841737,0.35683638600222656
0.22033498821559305,0.3576571642374728
0.21871358600078533,0.3573388003642767
0.2170773844738638,0.3569927984075912
0.21977543756018167,0.35747720024989277
0.21801451075480022,0.35714582214833507
0.21638635596540162,0.3568010214880679
0.21906656174925274,0.35728742063099383
0.217439157576879,0.35698322430868457
0.217439157576879,0.35698322430868457
0.22001298473864012,0.3574263963991144
0.2184337551444285,0.357094546728269
0.22112471639703363,0.3575439790320542
0.2195010518870461,0.35727361977654715
0.21793186251480023,0.35698940163129117
0.22052981284926365,0.3574117658172633
0.21888933168980862,0.3571033449546785
0.2173109081685623,0.35682891196573496
0.2198722033689614,0.35726519226152587
0.2198722033689614,0.35726519226152587
0.21837711688571404,0.3569719366712603
0.2207997835939234,0.3574082797146479
0.21926402425128874,0.35717781152883243
0.21926402425128874,0.35717781152883243
0.2215911900956985,0.3575347444389895
0.22018725619287627,0.3573329205659403
0.21881334969079175,0.357156936459229
0.22115750311210838,0.35757471921960615
0.219845628224639,0.35740656872750654
0.21859156786210104,0.3572152855349309
0.22217172294488843,0.35777991243286045
0.220934572297271,0.3576179694957654
0.21974187007436602,0.3574716086815108
0.21974187007436602,0.3574716086815108
0.22089105743672566,0.3576855005055199
0.22319298335655902,0.3580081956505291
0.2220798814536617,0.35788141486802527
0.2210224416267912,0.35777757610652394
0.22287265659229705,0.3580449458287825
0.22181770230529513,0.3579344388149413
0.22083786603886174,0.35783902260510003
0.22271199740627604,0.35812490684441883
0.22180636124640413,0.35803154101442003
0.22180636124640413,0.35803154101442003
0.22346282653707053,0.3582609839013358
0.22259048046797908,0.35815083064184966
0.22409343536558246,0.3582859910567928
0.2231844991917931,0.35813632770528275
0.2222567481696359,0.35800270609291074
0.22349610086176006,0.35808892802237097
0.22269849061824248,0.35797893201462433
0.22269849061824248,0.35797893201462433
0.2219988482410609,0.35787759039954803
0.2219988482410609,0.35787759039954803
0.223251473398839,0.3579375068663965
0.223251473398839,0.3579375068663965
0.22262208852755921,0.35784452631231284
0.223663252072437,0.35787580293552096
0.22310749497258425,0.35779761374064584
0.2225904573690744,0.35772419352926776
0.2235120314105744,0.35772750887096083
0.2235120314105744,0.35772750887096083
0.22307325189654853,0.3576659655294009
0.22379535281246085,0.3576335992618195
0.22343584745174525,0.3575836397917769
0.22343584745174525,0.3575836397917769
0.22398121203116386,0.35751827628335453
0.2237018768931788,0.3574797865261298
0.22359189562113635,0.3575182116009854
0.22359189562113635,0.3575182116009854
0.2241814422324044,0.3575515674988576
0.22408884917025398,0.3575531734126171
0.22408884917025398,0.3575531734126171
0.22423873027138783,0.3574410915938971
0.22423873027138783,0.3574410915938971
0.22423873027138783,0.3574410915938971
0.2242969987538684,0.35746647446632895
0.2247237234585786,0.3575011687931542
0.22495709889684848,0.3575759028914583
0.2249612766272864,0.3574834939345041
0.2249612766272864,0.3574834939345041
0.22508821122530565,0.35750637895673343
0.22549841157611855,0.35763716419938135
0.22549841157611855,0.35763716419938135
0.22506867534524774,0.35747524584117946
0.22550691271372272,0.35757024355110945
0.22550691271372272,0.35757024355110945
0.2259865539502205,0.35767469730795987
0.22548966898438685,0.3575318318126243
0.2260507657675342,0.35764766797831554
0.2266736764622499,0.35776601522450757
0.22535663507766443,0.35747678190261606
0.2259901339554502,0.35759679382270976
0.22665498707823978,0.3577149214694143
0.22665498707823978,0.3577149214694143
0.2258267368832485,0.3575347293749567
0.22657056760487926,0.35766601953691085
0.22657056760487926,0.35766601953691085
0.22735368889439092,0.3577953835681513
0.22552276583973388,0.3574649721986174
0.22634262972505015,0.35759565546560773
0.22719956116056966,0.3577262529733468
0.22719956116056966,0.3577262529733468
0.2260679324122047,0.35752177860290435
0.2260679324122047,0.35752177860290435
0.22699652109472937,0.3576631357724834
0.22796058529151147,0.35780671493982635
0.22564446449794556,0.35744431196266363
0.22664234076279066,0.35759666089839587
0.22664234076279066,0.35759666089839587
0.22664234076279066,0.35759666089839587
0.22767450379254942,0.3577505948253937
0.22625575434118944,0.35754167627040795
0.22735278155011948,0.3577056569307027
0.22735278155011948,0.3577056569307027
0.22848221441857378,0.3578694571074541
0.2257168967677121,0.35748247479332634
0.22687731768551148,0.3576549430911756
0.22806960086401074,0.3578269510047815
0.22639770805177084,0.3575909302658042
0.22775777794149105,0.3577598619616749
0.2291727082713176,0.35792621490517795
0.22600053032042214,0.35752359948576795
0.22740956007801066,0.35770820791116953
0.22740956007801066,0.35770820791116953
0.22885582352194062,0.3578695109050821
0.22707238155943985,0.35764119554651
0.22862320062043873,0.3578223377940932
0.23011135237430147,0.357976370148147
0.23162500079897128,0.3581023490676964
0.22969184297866574,0.357875167434858
0.22969184297866574,0.357875167434858
0.2312755104264351,0.3580165788535713
0.22929787773282614,0.35777851328917576
0.23102828730095715,0.3579415171864001
0.23271945272440892,0.3580454098115897
0.23437541318646601,0.3581911992055656
0.2300408511328118,0.35774399081925423
0.23183663929509774,0.3579433803673232
0.22965476365708642,0.35774131185847335
0.23153901253856088,0.35792458397690663
0.23153901253856088,0.35792458397690663
0.22934519196693515,0.35766070371400605
0.231210409369441,0.3578273302175747
0.22879419381053634,0.35757238288345267
0.2306624592492021,0.35776542235026165
0.23258307994144584,0.3579486637804881
0.23024257168515844,0.35774336982197474
0.23219491264237857,0.35792563112041154
0.23219491264237857,0.35792563112041154
0.2317173894026691,0.3578581623734906
0.23360071741196084,0.35804911587836213
0.23360071741196084,0.35804911587836213
0.23112851401025458,0.35783125657692516
0.23306084410127842,0.358011133393361
0.23057637375870302,0.3578001707596934
0.23248251661949074,0.35803397777745216
0.2344160759022781,0.35824836283709444
0.2320370081590556,0.3579920771944931
0.23380610824533032,0.35820103262992975
0.23580732669609084,0.35841050603552305
0.23345915564219205,0.3582047703697326
0.2354497216605607,0.3584203328103565
0.2331261537918517,0.3581823908289102
0.2331261537918517,0.3581823908289102
0.2369101478894943,0.358626071197358
0.23461296132957662,0.35841349672764644
0.23653274957176532,0.3586297338504175
0.23419868176083544,0.3583971251037702
0.23606797372278776,0.358628921493016
0.23795431011454252,0.35882642069047627
0.23370833223832826,0.3583504836780177
0.23557263662109623,0.35856674206349193
0.2374253177161575,0.3587875381696554
0.23523044428775602,0.35854574715360443
0.23704581269619804,0.3587606155335653
0.23704581269619804,0.3587606155335653
0.2349073491591541,0.35848151217364305
0.2366891137807513,0.3587361161195348
0.23844519166976275,0.3589730893536683
0.236482769846779,0.3586662182919356
0.236482769846779,0.3586662182919356
0.2398712218535171,0.3590380431354251
0.23786168456658702,0.3587356643840615
0.23940720413322994,0.3589125133349686
0.23940720413322994,0.3589125133349686
0.2410059506322142,0.35910716933434167
0.23921607257275834,0.3588152980401865
0.23750484991684612,0.3585110210945507
0.23899383412143516,0.35871838001550355
0.23899383412143516,0.35871838001550355
0.24044581855854694,0.3589273111464696
0.2388890467436734,0.35865482396931514
0.24026976230368666,0.35887234051173633
0.24026976230368666,0.35887234051173633
0.24026976230368666,0.35887234051173633
0.2401022863275981,0.3588167664266651
0.24137027331878075,0.35903288121255705
0.24137027331878075,0.35903288121255705
0.24005089745907238,0.3587736991241485
0.24111149609192312,0.35898382077458063
0.23959965204112244,0.35871314107137303
0.24051573550011526,0.3589247335850847
0.24143755396058197,0.35915729415674713
0.24143755396058197,0.35915729415674713
0.24022786502759236,0.35894868113310446
0.24106200218655832,0.359169843820168
0.24106200218655832,0.359169843820168
0.24106200218655832,0.359169843820168
0.24185389800429083,0.359383189849173
0.24072939963322987,0.3591716269746208
0.24072939963322987,0.3591716269746208
0.24048037227853564,0.3591449035767991
0.24048037227853564,0.3591449035767991
0.24048037227853564,0.3591449035767991
0.24164605801897293,0.3594630760367207
0.2402924887589593,0.35910362018771125
0.2408083630993298,0.35925854423116843
0.2412795510620843,0.35940889172872753
0.24063153744537888,0.35923190153597007
0.24063153744537888,0.35923190153597007
0.24101252489304786,0.35936556484646903
0.2413491728552772,0.35948917143663833
0.2405327795185983,0.359203924378433
0.2405327795185983,0.359203924378433
0.2408295731240037,0.35931913984909514
0.24119910265899794,0.359453894187005
0.24104421891608685,0.3594029982333925
0.24137374222691987,0.35953224763023517
0.24163445235492695,0.3596582043454918
0.24158494913092876,0.35963412071310985
0.2417677622175887,0.3597406534787379
0.24189407731440687,0.35969699573440345
0.24189407731440687,0.35969699573440345
0.24243757584335465,0.35979010231550973
0.24243757584335465,0.35979010231550973
0.24254544292897412,0.35987749662944496
0.24298333422074925,0.3598776106623079
0.24291402279059793,0.3599223515733546
0.24362127385453725,0.35996300486127275
0.24362127385453725,0.35996300486127275
0.24339482907587992,0.35998687111327693
0.24386128996193726,0.3600518433042145
0.24357814476361805,0.36003748723532497
0.24357814476361805,0.36003748723532497
0.24422558206708808,0.36009711697582814
0.24422558206708808,0.36009711697582814
0.24372222163967705,0.3600582931024058
0.24420566239753852,0.36008411841138166
0.24541160445622584,0.360179148185844
0.24477662667820282,0.3600354721090046
0.24417989022772424,0.35990359743186406
0.24417989022772424,0.35990359743186406
0.24557887626873498,0.36005860625024394
0.24491053051899098,0.35991942112051367
0.24418904622251006,0.35976952494817926
0.24650790215834256,0.36012221867009325
0.24650790215834256,0.36012221867009325
0.24574776498677914,0.3599680079564829
0.24493808495452657,0.35980250130851094
0.24656470425518906,0.36002788192424995
0.24566692710551893,0.3598472270586224
0.24566692710551893,0.3598472270586224
0.24748006025700942,0.3601218930683954
0.2464951760014798,0.3599268945404694
0.24546849433720064,0.3597188393988186
0.2473320249744948,0.3600455080704433
0.24630419938667072,0.35985660206728426
0.24530863616775228,0.3596633534560754
0.24530863616775228,0.3596633534560754
0.24737010167899767,0.36005392378137385
0.2451735259842677,0.3596502935560698
0.24841950908722277,0.36027232398278797
0.24729840700579878,0.36005495302618
0.24965434403948739,0.36054620001628146
0.24851040108972877,0.360381096403537
0.24730384114510315,0.360180696589083
0.24730384114510315,0.360180696589083
0.24962586351433308,0.36067149376307844
0.2507499995097915,0.3609332966641653
0.249375507226368,0.36064553740579863
0.249375507226368,0.36064553740579863
0.2505419541476577,0.3609133513330491
0.24912812870877452,0.3606299869541041
0.2476029723487311,0.36027669674824403
0.2501183333424015,0.3607901319358564
0.24856907589950014,0.360433817656547
0.251071375527185,0.36094174520712685
0.24968641249838963,0.3606406070744516
0.24808770725429075,0.3602804029360275
0.25053514650155234,0.3607744202854668
0.25053514650155234,0.3607744202854668
0.24896609258794594,0.3603932491583189
0.25154544417310387,0.3609420831791633
0.25154544417310387,0.3609420831791633
0.25264949829945377,0.3611698894236588
0.25264949829945377,0.3611698894236588
0.2509906500490705,0.3607626225493093
0.2493371078141145,0.36035144607919845
0.2520066130303642,0.3608965021715385
0.2503769494342143,0.3605169288650947
0.2503769494342143,0.3605169288650947
0.24877616758369697,0.36011896682811
0.25154564670618135,0.36071418993815535
0.2499391903538381,0.3603252036843822
0.25257002356454417,0.3608607959252443
0.250905216262413,0.3605283129038029
0.2492705647882447,0.3601087159306743
0.2535945667106454,0.36106031644700676
0.25198670737474316,0.36066795929205175
0.2503713166077235,0.3602614409848299
0.2503713166077235,0.3602614409848299
0.2529284560270243,0.3608141678189597
0.25125939708981104,0.36042667097501213
0.2538931973325269,0.360991541732358
0.252311352733108,0.3606251423821136
0.2507395350622841,0.36027922728032485
0.2531548263595626,0.3608721382013073
0.25157728969022236,0.360531058838799
0.25157728969022236,0.360531058838799
0.2541032664961277,0.3610153157999932
0.25266896774810066,0.36072078678812924
0.2511108670031471,0.36037312866448856
0.25346795190846183,0.36084182089751904
0.2520018088465037,0.3605309151983455
0.25435076964843073,0.3610509977304076
0.25435076964843073,0.3610509977304076
0.25303288579501054,0.3607917014390422
0.2516685458378665,0.36052363636856255
0.25401125855028794,0.3610116921800431
0.2513890482490663,0.36056275741114036
0.25366193789228264,0.36104709019018827
0.25366193789228264,0.36104709019018827
0.25254409939297406,0.36085848904362
0.254566304431986,0.36131547180738943
0.25344569214297985,0.3611610985230893
0.25233547774994486,0.3610154354879493
0.2545043828834872,0.36150884666226385
0.2545043828834872,0.36150884666226385
0.2535254863767568,0.3613458774796841
0.2545041574076129,0.3616270576158471
0.253378955714673,0.3614257107882877
0.25624968781360563,0.36190909924560277
0.25521766193181356,0.36173086196246845
0.2543143882992854,0.3616190128819077
0.2560059255690604,0.36192123510244084
0.2550755299852012,0.36174375214398796
0.2550755299852012,0.36174375214398796
0.25435206075906336,0.36168320600642745
0.2559005269565036,0.3619015419387549
0.2551109264342296,0.3617864352992156
0.25440065183926613,0.3616540383848078
0.25575190084534205,0.36182159954647974
0.2550413078344268,0.36169106831014675
0.2562495539098171,0.3618085583705741
0.2555928808334659,0.3616964659177166
0.2555928808334659,0.3616964659177166
0.2566319832740753,0.3617654140802719
0.25608670168937203,0.3616684691073403
0.25557966611028204,0.3615782803605519
0.25557966611028204,0.3615782803605519
0.2569769043317077,0.36170094240520095
0.2565078786442585,0.36161792492411793
0.25607755430351453,0.36154172016921843
0.25607755430351453,0.36154172016921843
0.2568061752886741,0.3615377219371716
0.25645345953573284,0.36147543485088773
0.25700517267911355,0.3614315146673984
0.25700517267911355,0.3614315146673984
0.2567307630121767,0.36138322281775404
0.25658686379454976,0.36136690745652916
0.25705844463650834,0.36130736788051865
0.2570085858080342,0.36131389346703363
0.2569928801890898,0.36131479871997246
0.25695253831230075,0.36131663768212746
0.25728223179327864,0.36125138479455504
0.2573772616555695,0.36130113377705675
0.2575332207352664,0.36132900388320655
0.2577979890206268,0.36124501412730853
0.25800438206416376,0.3613016957602879
0.2582557212365758,0.3613531083436135
0.2582557212365758,0.3613531083436135
0.25835876516451584,0.3612498205743115
0.2587670584356586,0.3614024442264808
0.25936588434167007,0.3615542003093828
0.25950285017282493,0.36148787648777864
0.25929822681819914,0.36137564524474625
0.258857862257904,0.3612469730470897
0.258857862257904,0.3612469730470897
0.2599021786715356,0.3615304793134302
0.25918254030754306,0.36134065282620026
0.25918254030754306,0.36134065282620026
0.25982895845908915,0.3614730355325479
0.25905697252117665,0.3612725130429378
0.259755604160171,0.36141528761845476
0.26046382236227844,0.36153750523556993
0.25870276415731086,0.3611505985806297
0.25956667650330495,0.36129141273407794
0.2604852009018277,0.3614449388077475
0.2593745574558337,0.3612121436630511
0.2604392895698384,0.36141320089437523
0.26136028099616154,0.36159242316547635
0.2590446039125338,0.36114662925456525
0.260057049257579,0.3613476143610566
0.260057049257579,0.3613476143610566
0.25960949750096085,0.3612702508417667
0.25960949750096085,0.3612702508417667
0.2607447760399992,0.3614601226964677
0.2591395632215653,0.3611574966498347
0.26034762438761117,0.3613630961336187
0.26152608516238507,0.3615630012567819
0.25982421161219077,0.3612547495151083
0.25982421161219077,0.3612547495151083
0.2625455039190635,0.3616941214443081
0.25938834377548414,0.36117648507587274
0.25938834377548414,0.36117648507587274
0.2608078983961746,0.36140013988030434
0.2621884452220295,0.36161124089719965
0.2619176829601055,0.36151079386158297
0.2619176829601055,0.36151079386158297
0.259900832970556,0.3611734627474625
0.259900832970556,0.3611734627474625
0.263039528918315,0.361587831713913
0.263039528918315,0.361587831713913
0.2610031410333876,0.36124793881520834
0.26262421979296424,0.3614475769093431
0.26262421979296424,0.3614475769093431
0.26426234068466203,0.3616367155251916
0.2620752063892044,0.36127735393516486
0.2620752063892044,0.36127735393516486
0.2637525801011698,0.3614652924906108
0.26156891001426297,0.36110803873166875
0.26156891001426297,0.36110803873166875
0.263279207479556,0.3613112905396709
0.2609377437612852,0.36093028957957235
0.26276681495828197,0.3611878183862876
0.2646564229065011,0.3615376787718718
0.26235224725305517,0.3612494272277756
0.26235224725305517,0.3612494272277756
0.2641890890983663,0.36152618318050667
0.2660426184107605,0.3618489195475849
0.2637590459121462,0.3615891429381708
0.2633859753129873,0.3615639492733034
0.2652099023907431,0.3618386718285299
0.267226086637392,0.3621050487881309
0.2648522741071332,0.3618091295651752
0.2648522741071332,0.3618091295651752
0.2648522741071332,0.3618091295651752
0.26685427057064526,0.36211291416274344
0.26685427057064526,0.36211291416274344
0.26441573281174563,0.3618191840618967
0.26635481076837986,0.36209900595924
0.2683007102845379,0.3623230089154154
0.27027112648491536,0.36259482483756467
0.26777318195061667,0.36229789884982627
0.269700863759324,0.36254047132733874
0.2691929818253244,0.3625326328564513
0.2648046415871701,0.36193091952921763
0.26860449527176533,0.3624636669626857
0.26860449527176533,0.3624636669626857
0.26627007425749166,0.3621615342051254
0.2681980833234997,0.36245292304633137
0.2720603897648102,0.36299731068819174
0.2677791554628957,0.3624100813813725
0.26971018468109176,0.3626951501906144
0.27157432859013736,0.36297881191392434
0.2692591020763687,0.3626591932308289
0.2710838752658277,0.3629142269302945
0.272734816075653,0.36315343583849613
0.2745633187097501,0.3634057389557262
0.2724451383384576,0.3630982103819409
0.2742531306947819,0.3633767924655689
0.2760451914617369,0.36368496523192995
0.2754323796266191,0.36358063480636904
0.2694572829943932,0.3626258483176502
0.2694572829943932,0.3626258483176502
0.2710933070836162,0.3628907842294582
0.26909520246934465,0.3625420838034663
0.2706998411254479,0.3628132966058359
0.2723184293293073,0.3630738579354343
0.2723184293293073,0.3630738579354343
0.2705595361368701,0.3627306151025098
0.27210508412727274,0.36298671455655596
0.2736188914133712,0.3632439046428608
0.2718862146386788,0.36289723506941696
0.2718862146386788,0.36289723506941696
0.2733327329869482,0.3631553736636773
0.27178290289681634,0.36282962058120727
0.27178290289681634,0.36282962058120727
0.27178290289681634,0.36282962058120727
0.27449096124800415,0.3633569475321797
0.2729891356267338,0.3630433897555013
0.2729891356267338,0.3630433897555013
0.27425036001988645,0.3633130340947966
0.2729411077078943,0.363027683495435
0.27401975343190355,0.3632712216568506
0.27401975343190355,0.3632712216568506
0.2750339147356654,0.363538735801159
0.27360483226569166,0.3632201169229885
0.27437824695330315,0.3634613340154891
0.2752368572832168,0.36369305634878585
0.2739779091364388,0.36339751659163744
0.2748178614644675,0.36362039072098534
0.27564555315280415,0.3638347387179615
0.2745807480356537,0.3636020908975346
0.2745807480356537,0.3636020908975346
0.2737286977947821,0.3633488729019073
0.27435368356037404,0.36353492711935353
0.2748170838723518,0.3636799497148313
0.27536653414207435,0.3638619734013901
0.2745409169872179,0.3636641378010174
0.2739746956139605,0.36351348716921184
0.27439756129242077,0.36365831133566423
0.27473485863898284,0.3637994832809171
0.27431797073947883,0.3636725518986571
0.27468369139777415,0.36383893881642493
0.27468369139777415,0.36383893881642493
0.2746052714984409,0.36377981736063225
0.27489985668003053,0.3639754570383346
0.27520043942719463,0.36413047191609266
0.27520043942719463,0.36413047191609266
0.2752117959964749,0.36406110446545326
0.2755121170356958,0.36427348993392117
0.2756748758483504,0.364442934477285
0.2757542920261589,0.364428147712481
0.2758184846453682,0.364511941289427
0.2758755412175945,0.3646729260903911
0.27612114513482533,0.36458158611851094
0.27612114513482533,0.36458158611851094
0.27665031938244194,0.36456934236619926
0.276595669923685,0.36455740324743474
0.2764323259121007,0.3645923496260665
0.27623499509428195,0.3646289027522715
0.2767929639800438,0.3646080231591113
0.27731976765519367,0.36460429664321625
0.2769791909421605,0.3645459394377984
0.277911039615449,0.36461279389299384
0.27742479589505736,0.36450313585000466
0.27742479589505736,0.36450313585000466
0.27846452771119506,0.36460754923949085
0.27795747657249603,0.36448287695472226
0.27795747657249603,0.36448287695472226
0.27744607569831276,0.36438726393007265
0.27872370505564115,0.36460690035752275
0.27809493717726863,0.36449333398042955
0.2774665246856699,0.36432547765346324
0.2788841875665751,0.3645068785772127
0.2782516119909278,0.36433844689903855
0.2776010905293375,0.3641552190210458
0.27686843286970736,0.36403250275336835
0.2782462840937211,0.36425187178304275
0.2775305480216126,0.36409906107397066
0.27671192523090166,0.3639416840973927
0.2782911035494004,0.36425585460581245
0.2772816168137092,0.3640800100196135
0.2762316010938234,0.3638703237903311
0.2751756279399066,0.3636651242129498
0.2767264596679981,0.3640367242244707
0.2756057010821194,0.3638516752132208
0.2744446900713296,0.36363240372302474
0.27490848426574815,0.36384536745966317
0.28001301587392924,0.3650753317878404
0.2821937583389088,0.36563842547288766
0.2821937583389088,0.36563842547288766
0.2808672177525645,0.36540918950299295
0.2830800964301694,0.36594918839209856
0.28170807948738824,0.3656962747563898
0.2803308215875079,0.3654202202222777
0.28276236887686296,0.3660152020676251
0.28276236887686296,0.3660152020676251
0.2815710622147034,0.36575562687574814
0.283858671832921,0.36631033661958734
0.283858671832921,0.36631033661958734
0.2825686146470803,0.3659886513891646
0.2811712724449353,0.3656400342571601
0.28363000827981166,0.3662217554955518
0.2820721133354328,0.36580924227925926
0.28054267474162464,0.3654279771104757
0.28302092848203475,0.3660083229925084
0.2814841421255811,0.3656096080938848
0.2799270677735532,0.36520481049893666
0.2841225137924792,0.36625193406605916
0.28256336137316995,0.36581400816999166
0.2811126024896172,0.365424809352645
0.28342949599591316,0.36599331540255486
0.28180167185428884,0.3655333013606505
0.2802774806245123,0.3651236031099899
0.28571781360004567,0.3664161788479565
0.2841181890726983,0.36597157859211304
0.2841181890726983,0.36597157859211304
0.2824736596662193,0.36551503039640243
0.2851939286037354,0.3661813028414541
0.28355232684493137,0.3657120928338026
0.28189055843210087,0.36526285199970865
0.28450237653025323,0.3658673653739943
0.2830800962520636,0.36549195150072383
0.28564998658618873,0.3660746574506441
0.28400655231268745,0.36564638859834797
0.28669304565577614,0.366332052370227
0.28669304565577614,0.366332052370227
0.28669304565577614,0.366332052370227
0.2835571622961725,0.365540761320352
0.2877823458946215,0.36657715907848953
0.2862330519210717,0.3661910978049708
0.2846663641319211,0.36579980746781643
0.2846663641319211,0.36579980746781643
0.28717166053831644,0.36639514642617477
0.28563062354127594,0.36601422171243464
0.28563062354127594,0.36601422171243464
0.28563062354127594,0.36601422171243464
0.28410529410888863,0.3656281959720715
0.2866373004468433,0.36623209207013613
0.2866373004468433,0.36623209207013613
0.28513987965180837,0.3658574605695402
0.28513987965180837,0.3658574605695402
0.2860534629362026,0.366038180041095
0.2860534629362026,0.366038180041095
0.2860534629362026,0.366038180041095
0.28460674985031964,0.36566938412399813
0.28700022273973574,0.36622702890165687
0.2856668849485046,0.3659326504071181
0.28450397858924326,0.36568756889353027
0.2879947046314557,0.36648948786100566
0.28889689066357255,0.36674698088835367
0.28762115698279644,0.36653622399484537
0.28635563917793433,0.36629747716605027
0.288501163631365,0.3668168809347351
0.288501163631365,0.3668168809347351
0.28730648836591266,0.3665556203819848
0.2861698052308406,0.3663735957208207
0.2883610662782483,0.36687928189429986
0.2862034221533413,0.3664971686356002
0.28816586030406716,0.3669144412199939
0.28816586030406716,0.3669144412199939
0.2871436592972015,0.36672399571459535
0.28897448570023376,0.3671084276335893
0.28972607414031415,0.36727847849470585
0.28972607414031415,0.36727847849470585
0.2880914597000408,0.3670323911462806
0.2880914597000408,0.3670323911462806
0.28975165470334596,0.3673442179037372
0.2890182709101216,0.36720063537719305
0.28819927707449383,0.3670145510650067
0.290292871823605,0.36736702719704467
0.28955266440545724,0.36721137185278996
0.2907937828193783,0.3673617025018658
0.29013170658980597,0.3672247481838373
0.29013170658980597,0.3672247481838373
0.289508625510878,0.3670949658972478
0.289508625510878,0.3670949658972478
0.2905741546215775,0.3671997211972961
0.29002841838329463,0.3670873189458983
0.29092884587047385,0.3671449826363151
0.2904605913789497,0.36704930096046473
0.29003127166846293,0.36696103930173063
0.29003127166846293,0.36696103930173063
0.29003127166846293,0.36696103930173063
0.29076732850336207,0.3669784161021753
0.2904159797791711,0.3669067571430902
0.2901037872968881,0.3668428568491501
0.28983084312532276,0.36678685236595526
0.29061619394266325,0.36686818571179153
0.290495837395793,0.36688953981466155
0.2904044062573164,0.3669034743225511
0.2909709831894529,0.3669049510566692
0.29099199640294343,0.3669655539945211
0.29099199640294343,0.3669655539945211
0.29105199638479473,0.3670163542676785
0.29152359564857167,0.3669758450889092
0.29152359564857167,0.3669758450889092
0.2916923337979558,0.36687718236980793
0.29163795913207147,0.3667328062062398
0.291850196201644,0.36679135824285247
0.29211347428692364,0.3668644726502628
0.29211347428692364,0.3668644726502628
0.29193903706278695,0.36671158056257686
0.29193903706278695,0.36671158056257686
0.2922893642653961,0.36680836560958546
0.2926697094472162,0.3669115925256339
0.291904277219556,0.3666232484266596
0.2923355542043521,0.36674320049364034
0.2928000583673928,0.366870869646631
0.2928000583673928,0.366870869646631
0.2923079138062639,0.36668330544451205
0.29284910410040055,0.36682704770554475
0.29338126185784663,0.3669848791868564
0.2926532836618279,0.36676182509561556
0.2926532836618279,0.36676182509561556
0.2926532836618279,0.36676182509561556
0.2932797902367046,0.366922997036115
0.2924555329182158,0.3667152835170894
0.2932699981973139,0.36692085057012364
0.2941992760713894,0.3671588821392831
0.2923926049587482,0.36671442199030335
0.29318454481178535,0.36691855049234207
0.2928538649929407,0.36681296687752446
0.2928538649929407,0.36681296687752446
0.2937448260169589,0.36700837633378347
0.2937448260169589,0.36700837633378347
0.29238531895245734,0.3667007157384207
0.29238531895245734,0.3667007157384207
0.2933524027417558,0.3669189514223011
0.2933524027417558,0.3669189514223011
0.29435849651918955,0.3671415221754445
0.29435849651918955,0.3671415221754445
0.2929468538844528,0.36684718723741405
0.2940277329603528,0.3670849452089895
0.29514431902397376,0.3673259484770563
0.2924091418494146,0.3667641933860173
0.2924091418494146,0.3667641933860173
0.29355596271475004,0.3670179962435706
0.29473429428462594,0.36727493102600195
0.29319952903323715,0.36697595613445055
0.2958684853579915,0.3674841788536451
0.2958684853579915,0.3674841788536451
0.2941672019192666,0.3671244645684088
0.29558967842734307,0.36734554128219754
0.2968425827307008,0.36758860430864027
0.29512283369342873,0.3672457485329565
0.29658527213931574,0.36744546158054736
0.2980788009398382,0.3676936719561436
0.2996331017723011,0.367894741174736
0.297666319176052,0.367531727964966
0.2992562057973034,0.3677804502784024
0.300802202381267,0.36798732205553325
0.2988379843588801,0.36762464363717323
0.30050667044653406,0.36783913074554864
0.30050667044653406,0.36783913074554864
0.3021931004240614,0.3680530976832843
0.30007206167131467,0.3676730558063608
0.3018532577226156,0.3679386611665284
0.30358508447744414,0.368160549404177
0.2997209854834603,0.36756713097046656
0.3014705521030465,0.3678102449638667
0.30324952020854823,0.3680862352665985
0.30509097180353495,0.3683838847115245
0.3029401670782581,0.36809514619325906
0.30484763373219165,0.3683541326240944
0.30676615408539737,0.36862969784497956
0.30460408056033794,0.3683989675601275
0.3064972354924532,0.3686729798213305
0.3084203557942668,0.3689327829824843
0.3080812117200754,0.36885567999364727
0.3100342315937448,0.3691452902981876
0.311956863145168,0.3694103676303929
0.30969549906498317,0.3691493578277906
0.31158417522483267,0.36940267198159693
0.31351112166213524,0.3696490736226075
0.31549313070321555,0.3698344852479016
0.3130906563494961,0.3695748395718867
0.3149737807313233,0.36982930639572115
0.3168021790681695,0.3700706178653315
0.31444918542960004,0.3698297479067519
0.31644350982034486,0.37009030110111907
0.31842904280208795,0.3703457737862785
0.3204035382893552,0.37059471436735475
0.31795277154775037,0.37037106344616283
0.3199001308863126,0.37062146616910596
0.3199001308863126,0.37062146616910596
0.31749529299903523,0.3703950443023324
0.31937059207426644,0.3706622025326708
0.3212231736049,0.370922830079716
0.3230606709353902,0.3711752077759839
0.3204950497379352,0.3709491292352728
0.3222962193636697,0.3712041899612737
0.3222962193636697,0.3712041899612737
0.31982352950133314,0.37096320656310894
0.32158406447686605,0.3712180304075888
0.3232984491793312,0.3714308096610095
0.32496752822323827,0.37165254181267116
0.3223704095907394,0.37139696765526425
0.32405346298305554,0.371629669128898
0.32570872989913663,0.3718509015100407
0.32315276184309205,0.37155723510565924
0.32468543014076023,0.37176431838728846
0.32623819989228525,0.37197438369581937
0.32779615934131706,0.3721996599376405
0.32520828539967117,0.37193399720953285
0.3266852082397185,0.3721832193259
0.32812103568045137,0.37240428608022896
0.32547792248716784,0.3721414764428956
0.32676157721422766,0.3723915059745419
0.32808449781144977,0.3726568723845693
0.3293730438152741,0.372915591432925
0.3267432248078632,0.3726485258615538
0.32795705281799237,0.37291738461085994
0.32911251424856147,0.37311056502297135
0.3263236282324907,0.3728007580921383
0.3263236282324907,0.3728007580921383
0.3272972516828124,0.3730053341277831
0.3283477233966596,0.37320634307035677
0.3256777279379115,0.3728248755419646
0.32643452508519555,0.3729851802465502
0.32643452508519555,0.3729851802465502
0.32391717903442085,0.3726516872196095
0.32466347557900554,0.37282100370953297
0.3253134617362281,0.37299225073785963
0.3253134617362281,0.37299225073785963
0.3227135142157442,0.37260626603502167
0.32034376376311746,0.3722203556532042
0.3155629968825461,0.3712553876585877
0.3111960152024739,0.37016708528745235
0.308259032159605,0.36935339194660843
0.3087163605895736,0.36952470973803014
0.307380469895131,0.3690869579432056
0.3077927907224018,0.36924692598553166
0.3071033463109212,0.3690112500029606
0.3071033463109212,0.3690112500029606
0.30662522427783434,0.36881404568299414
0.30662522427783434,0.36881404568299414
0.3068997081295805,0.3689401770262149
0.30719315206245723,0.3690669075793343
0.3072859289168217,0.36914236781306525
0.3075079052275578,0.3692983760953345
0.3075079052275578,0.3692983760953345
0.30749816980132627,0.369210466147412
0.30764394294895464,0.3693684815492858
0.3076848658124166,0.36944255420894667
0.30778495648401927,0.3693621725380098
0.3078383766591398,0.3694091502682286
0.30792113856993186,0.369452044270093
0.3079421426892444,0.36951106610605317
0.30814217537921634,0.3694444536308268
0.3079506620208027,0.36944703643378546
0.307704069628651,0.36941199728210156
0.30798115304347595,0.3694345890393984
0.30778550282668027,0.3694422896459505
0.3074929793840212,0.36943713103315545
0.3074929793840212,0.36943713103315545
0.30809188639781093,0.3694467636390853
0.3077377883366462,0.36939019239507487
0.3072843135742909,0.36931712429591235
0.3078558912512289,0.3693348756907811
0.3074814737782608,0.36924109057936255
0.30708451472123954,0.3691241095663575
0.30661797989403616,0.36899492299067654
0.30743626785421685,0.36904831151484496
0.30685490526986825,0.36893346398065024
0.306251643583399,0.3688404281982533
0.3070631939008927,0.36904414147451947
0.30632113182970344,0.3688925604985834
0.3055825215137674,0.36877411847204944
0.3048810356336681,0.3685618426802757
0.3058897642253308,0.3687465937670834
0.30514458880781936,0.3685863524962184
0.30426197484793865,0.36839451710474674
0.30531572486426967,0.3685555261550418
0.30440270143527964,0.3682756123155369
0.3033867008178784,0.3679852136528568
0.3035199086038053,0.36806556535390983
0.3016514887750503,0.36748850238847464
0.30314871532575854,0.3678763003826592
0.3058860548401086,0.36861075744040533
0.31439646910261465,0.3708506762300785
0.31439646910261465,0.3708506762300785
0.31321494750617296,0.37057491195327114
0.31550943087286676,0.3711806067555614
0.31407090657632325,0.3708519622811617
0.3151259783784155,0.3712100014056922
0.3151259783784155,0.3712100014056922
0.31380989580156643,0.3708992339670916
0.3162621461114518,0.37153183514717436
0.31502223223985815,0.37119857349380414
0.3134741785153226,0.3707414311947901
0.3118816681593915,0.3702376439264823
0.3141629831570014,0.37079653257597556
0.3125631324669548,0.3702941080308072
0.3109630484479144,0.3697817713829223
0.31338090039709254,0.3703747250849409
0.3117751672213238,0.36986201202878
0.3101824630822737,0.3693561979408783
0.3101824630822737,0.3693561979408783
0.31274964600191263,0.3700528708389069
0.3111832370613267,0.36958942942173156
0.3111832370613267,0.36958942942173156
0.3137318167135751,0.3702619527769053
0.3164069445771646,0.370949897944719
0.314827046596416,0.3704939364318022
0.314827046596416,0.3704939364318022
0.3174391410421312,0.37115814172780015
0.31585567340046394,0.37070706301268536
0.31585567340046394,0.37070706301268536
0.31585567340046394,0.37070706301268536
0.31427112250017747,0.370247310794696
0.3169764486476386,0.37095114840806354
0.31539547410233765,0.3704989834408707
0.3138374755254464,0.37000892098040444
0.3180310557853142,0.3711432204559595
0.3164091906184362,0.3706762568937702
0.3147936295183868,0.3702270356561049
0.31321974538801506,0.36974456230400676
0.3158993812447001,0.3705257661526988
0.31437376741977496,0.3701095877196788
0.3127485318308612,0.369610519125498
0.31512384340433924,0.370250188575718
0.31354160165970935,0.3698359697635052
0.3119148716432756,0.369327925108554
0.31032426348345293,0.3688243879378978
0.31303880620946956,0.3695520251914582
0.31144594898460587,0.36911392648306596
0.3098951445116182,0.3686575743616804
0.3125103773898101,0.3693590306789071
0.3110652390481429,0.36902585415810296
0.30958972886683156,0.36863186187763286
0.30828355387724116,0.36820912059201377
0.3106673270240662,0.368926163116062
0.30943029142901296,0.3685667871801159
0.30943029142901296,0.3685667871801159
0.31195063569474746,0.36932249012725543
0.31064479312125975,0.3690347677883691
0.3093794277772779,0.368732841800331
0.30821602734757353,0.3684434670280763
0.31080171060544054,0.3692171616046032
0.3096662870509802,0.3689582295608642
0.30848675369303574,0.3686922199949515
0.3108540877933211,0.36941370234543586
0.3097203232224196,0.3691556905351654
0.3097203232224196,0.3691556905351654
0.3086924113268685,0.3689253970549667
0.31112847725498843,0.3696199143184521
0.31014763429562164,0.36939946578410887
0.30919618702021234,0.3692038316157237
0.3115107749875785,0.369881581171345
0.31063088234932157,0.36972718355946216
0.3097043127022383,0.369547245346412
0.3088211636261118,0.36930735147325733
0.31114861571749663,0.3699277671483575
0.31032316224617007,0.3697185298670159
0.30952361869538936,0.3695175370549345
0.3124488907238627,0.3702475771908051
0.31165816325283996,0.3700563713164435
0.31089699685570216,0.3698665377714136
0.310186139481966,0.3696926717829678
0.3123144005556102,0.3701964567646183
0.3116984179691521,0.3700404828168064
0.3116984179691521,0.3700404828168064
0.3136473996614385,0.3704707327998202
0.31310506960119777,0.3703357994809851
0.31310506960119777,0.3703357994809851
0.31260048182150724,0.37020946039636504
0.3144871835118645,0.3706009244036601
0.31405824502637986,0.3704956443273185
0.31405824502637986,0.3704956443273185
0.3157578744356584,0.37081816321675404
0.31540597369262385,0.37073350151754014
0.31540597369262385,0.37073350151754014
0.31670593169543143,0.37093931801008767
0.3181765617472422,0.37119602238732213
0.3181765617472422,0.37119602238732213
0.31801758015429016,0.371182949801419
0.31933880072455256,0.3713965270286779
0.31933537835845816,0.37142448109703907
0.31933537835845816,0.37142448109703907
0.3204884992261077,0.37158194448697013
0.3205936480709538,0.3716252646950498
0.32069370868765595,0.3716734499392684
0.3207873952466595,0.3717059181632528
0.32180558029455053,0.37181827959042546
0.32180558029455053,0.37181827959042546
0.3220304000581791,0.3719893659577542
0.3229881206534974,0.37211985670601
0.3234555701881189,0.3722539923245802
0.32378419869865327,0.3723287547831039
0.32453177661344146,0.3723726811377397
0.3245929587311005,0.37223947540913443
0.3250375148435995,0.37236586931116183
0.3250375148435995,0.37236586931116183
0.32580092359704776,0.37245141041367696
0.32532860695802945,0.37221360097748524
0.32532860695802945,0.37221360097748524
0.32587392525024217,0.3723604503623753
0.3257376833815415,0.37223811442643423
0.3264062165958787,0.37239659637845035
0.32703031350655243,0.3725391683990184
0.3266734332177914,0.3723919950841191
0.32741484698968587,0.3725753308750639
0.32825636336041686,0.3728067171629475
0.3286813325209347,0.3728411897478406
0.32954654573247405,0.3730205767918328
0.32994549369352805,0.3730772600313336
0.32994549369352805,0.3730772600313336
0.33090255145800734,0.3732973047669026
0.33197661533635525,0.37354700109835826
0.3312441867843,0.37336402117797246
0.3324623813041703,0.3736433792900082
0.33355385664228,0.37383921359373634
0.33266284138211083,0.37358391991572076
0.3339523671846035,0.3738325355392082
0.33520632542075324,0.3740383466975976
0.33520632542075324,0.3740383466975976
0.3342909666798542,0.37380630976573437
0.3357078192525613,0.3740455965806172
0.3371308385233084,0.3742770221467093
0.3346660405737483,0.3737984830593369
0.3361322404396734,0.3740361735209231
0.33760938726783035,0.37426273744744265
0.33760938726783035,0.37426273744744265
0.33636370408669325,0.3739832097530008
0.33636370408669325,0.3739832097530008
0.3365651600479739,0.37392135630355855
0.3365651600479739,0.37392135630355855
0.33499081895332883,0.37360637927819934
0.32982696941909473,0.37265467032755695
0.3262598776392593,0.3719854940485239
0.3278586921285188,0.37227207543773744
0.3294743185712888,0.37254933266623647
0.3256825805523078,0.37184478774280655
0.32731868438518513,0.3721354219932553
0.3289749851372559,0.3724209093732188
0.3289749851372559,0.3724209093732188
0.32681587592890693,0.37200927151815416
0.3285130062445799,0.37230295916360295
0.3285130062445799,0.37230295916360295
0.33022444299578146,0.37257562976387365
0.3279947900423723,0.37213598308624757
0.32983503019284643,0.3724463840857468
0.3316508320839788,0.3727585563208283
0.3292869748164746,0.3723433660343436
0.3312055556394551,0.3727189966007987
0.33303953316568935,0.3730079101461472
0.3349780391460355,0.3733915924049385
0.3326329264709925,0.37301911034627633
0.3345634771355168,0.37334835243409803
0.33632176155115767,0.37362118118782967
0.3341667194405469,0.3732995293776112
0.33612561810544134,0.3736598325711325
0.3380915747124515,0.3739587003741269
0.3398979884980001,0.3742626351011861
0.33756625305118576,0.37394845291477
0.3393690457612309,0.3742401045169634
0.3411320181790115,0.3745310731924923
0.3386910463355122,0.3741843087932612
0.3407158865210154,0.37448470711665555
0.34265800209208974,0.374788531954545
0.34458522857745033,0.3750855621442031
0.34221231199065205,0.37478941515846065
0.34421286975966475,0.3751215185712905
0.34622470917669446,0.37542902276424367
0.3438478887723951,0.3751527724432928
0.345671980081988,0.3754514792048586
0.34759604578467335,0.3757695638283215
0.34928672089393664,0.37603486307275347
0.3467357778559388,0.3757498659871922
0.3486633562854674,0.37606434637559566
0.35051064310593294,0.3763675590915819
0.3481752768663068,0.37606365880431475
0.3499989106857288,0.37636018410861005
0.3517995827593839,0.3766474768617455
0.3535762003151942,0.37692559990001023
0.3510865114997045,0.3765930431784028
0.35281729314407023,0.37685913969111473
0.3545477437862766,0.37713776213863265
0.35543756840259944,0.3774414460918171
0.35705498428870175,0.3776975224624825
0.3543459920230507,0.3773382552764116
0.35588313077107836,0.3775955413958215
0.3573988593950819,0.3778571752747023
0.35487596865010235,0.3775237394202141
0.3563141624131265,0.3777936631460349
0.35771303963880063,0.3780561357812839
0.35771303963880063,0.3780561357812839
0.35515985350568186,0.3777004874594424
0.356484985025615,0.37796498261314476
0.35409458691644785,0.3776067560491188
0.35176693530951436,0.37722173097295547
0.3452394981800458,0.37586887732121427
0.3452394981800458,0.37586887732121427
0.343509572118359,0.3754796798523186
0.3445948673500231,0.37574566158753814
0.34563624421874484,0.37599350322851355
0.34648406763017237,0.3762393452142031
0.34451731395924434,0.3758423509093174
0.3453054040518781,0.3761206469610415
0.3459977645478761,0.3762689372605146
0.34415944440233603,0.37580649945008004
0.3448068045380407,0.37598352607162017
0.34543037145916533,0.37619602436539173
0.3460800289094275,0.3764548773724665
0.34437073112790517,0.37604562502303296
0.34492015615407645,0.37624072786178914
0.34531425055451914,0.3763742768299037
0.3436609025449914,0.3759740345862039
0.3441301563980862,0.3761553911277417
0.34451943649662037,0.37631861575434944
0.3448926868541491,0.3764890765900927
0.34334004909719845,0.37610119669656855
0.3436835161504049,0.3762391853338742
0.3439977460882551,0.37642360369678635
0.3427576379593845,0.37607323618150307
0.34303805625425277,0.3761955297442463
0.34328083326377695,0.37631410580546426
0.3433948810394912,0.3764313028195061
0.3422129714964808,0.376109396382948
0.34231400756089253,0.3761652843416641
0.3424115311405885,0.3762316031719556
0.3413287732839423,0.37588676463552245
0.3413153518466032,0.37592926453875075
0.341281727512464,0.37600805180890295
0.34113106725624065,0.3760433998795195
0.3401592196966855,0.37569307644938954
0.3399498932043973,0.37566845974324353
0.3397467446268355,0.375625776280704
0.338976463240253,0.37530496844511174
0.3387421054842127,0.37524248739341404
0.3383298011077587,0.3752059154896048
0.33799766582465,0.37510937293182495
0.33733630047067387,0.3748459179072144
0.3368141643801485,0.3748964200120809
0.3363500360728758,0.37474060494143846
0.33587483979250693,0.37443080589240885
0.33539404640479425,0.37428067023461287
0.33490250737187877,0.37414712409337714
0.3342133388709094,0.37397638838207664
0.33376013067181365,0.3736707370101007
0.33305605535093136,0.3734712664712052
0.33220905664457284,0.3732664016418595
0.33189629650845426,0.3730420309023526
0.33113249544605666,0.37276536710349956
0.3303515184849969,0.37251060219360815
0.3295349245039517,0.3723352094310536
0.32931581351236666,0.37210522687314757
0.32835361825301124,0.37177816213100395
0.3273539876823967,0.3714384220895107
0.32742032040689595,0.37134317091027425
0.3263870599567068,0.37100106399253147
0.3253534534192711,0.37067552481867383
0.32435230341030774,0.37032792164493683
0.3244497122066211,0.3702594630183896
0.32335353546783085,0.36984866101870195
0.3222328371136184,0.36942673160585693
0.3226142795495129,0.3694142079042663
0.3214010942570415,0.3689769998485389
0.32018565852753156,0.3685305609625285
0.3190201412023573,0.36808907811817065
0.3195934894638103,0.36816381514324287
0.3182956003186698,0.3676734943957931
0.3169458053224126,0.3671569684463759
0.31771623549978345,0.36730002245401694
0.3163784930891096,0.3667344413712647
0.3149708606624826,0.36613484561105836
0.3135406961909324,0.3655288127999007
0.31436208303346924,0.365733246710461
0.31292861495404084,0.3651041628564392
0.3115108097614346,0.3644964375462283
0.3123571913025006,0.36469877738039697
0.31088640593555467,0.36396055674667355
0.3094205986561532,0.3632560991783338
0.30795059600097585,0.362533341925815
0.3091255573689067,0.3628760381007595
0.3076823382564418,0.3621402897068592
0.3063318859528646,0.36145301734558777
0.3075311873979862,0.3618250017370697
0.30604147911630486,0.36104056101392296
0.30455810036327036,0.36022960908282825
0.3030825648403794,0.35941144662195196
0.3045548380886943,0.3599847433847682
0.30320087584448474,0.3592814655513171
0.3017200136800888,0.3585007581952405
0.3032097649256367,0.35910410363723766
0.30169269309900987,0.358326540570471
0.30014968677884957,0.35752441702282023
0.2986716771599766,0.35670602427126025
0.30042606894366536,0.35748201211402914
0.29898620118482744,0.35674056429673906
0.29766567101508645,0.3560590959933254
0.2994846400766197,0.3568438093178924
0.29798074143962217,0.35612879854990354
0.29654132524385396,0.35537776687715716
0.2951205566756854,0.35463306028598485
0.2971601574140591,0.355639279211847
0.29576631382513663,0.35492202660093625
0.2943908402360834,0.354208416668422
0.2963697892466956,0.3552091574921838
0.29502383503923424,0.35451865875622524
0.29502383503923424,0.35451865875622524
0.2936976913362792,0.3538325632121901
0.2962015421578469,0.35513859652755664
0.294895822959099,0.3545454733692516
0.29367946069412476,0.3539814876062058
0.29622732265860197,0.3553328830709064
0.29506418320081784,0.35480928995891636
0.29386237618041466,0.35426551638204123
0.29281189615451164,0.3537488433309835
0.2955613735562226,0.3552421444699852
0.2945533424415373,0.3547507205699701
0.2934996842022933,0.3542644302716362
0.2962627194349703,0.3557931791877675
0.2952808684060698,0.35535559087014984
0.2943289200211996,0.35495709574034295
0.29347382421652923,0.35460225154975644
0.29636116323510164,0.35620629815685856
0.2953779806644482,0.35578870521333633
0.2945129350267241,0.3553975304826554
0.29755444472916853,0.35702505793102784
0.2968755952381022,0.35669156620318876
0.2960760647056932,0.35634266467475995
0.29528882707640447,0.3559673653452349
0.2984618246419687,0.35773894207954554
0.2978976255264306,0.3575093728147096
0.29727308368358557,0.35724921228178386
0.30039762388664265,0.35889725690333707
0.2997907005091095,0.35862935989685596
0.29924307322482735,0.3584258077414984
0.2986802077538703,0.3581936917074949
0.3022339321844387,0.3599936643299121
0.301743847612817,0.3597860289980043
0.3012859691604061,0.3595863891512435
0.30474884840296806,0.36129509551579436
0.3043720428521026,0.3611349404681513
0.30404017946972384,0.36098925994325876
0.30374502134880943,0.360859616850272
0.3072869383481446,0.3625446996351289
0.30720260982381775,0.3625362273176126
0.3071898143412605,0.36254546789056324
0.3109408251779331,0.36426834102320904
0.3108879604077943,0.36424567244677597
0.31094945574273536,0.3643042496797542
0.31098285344785015,0.36431634805214747
0.31487128556924626,0.3660266775202677
0.31502923170326025,0.36618456594400706
0.31519057552463436,0.36627477257656993
0.31912012634422127,0.3679851141331183
0.31939796946775195,0.3681075303023355
0.31979152458183835,0.36823470483365495
0.32020429327818023,0.3684165332049567
0.3242875956090917,0.3700950199757682
0.32476912661972157,0.3703481804992123
0.32533788799825913,0.37062084499069786
0.32934608567934953,0.3721555646805602
0.3299451991044151,0.372386680497403
0.3304872472152241,0.3726203380540634
0.33120127144967965,0.37293933091931497
0.33534044666868956,0.3744231562699055
0.3360618500956154,0.374677707972361
0.336906058798627,0.37494601130473665
0.3408899406817825,0.37627348090497503
0.34167050858636816,0.37651563032163377
0.34256407463417504,0.37682243497926565
0.3435098830133493,0.3771458729867619
0.3475757240775287,0.37836065682255565
0.3485158342634284,0.3786265229902752
0.3494847500285193,0.37894144031798244
0.3534645190724014,0.3800150868865899
0.3545469327287798,0.38031400719255076
0.3556987241215115,0.38066602833867197
0.3567601229954608,0.38093847055768704
0.36065706194211605,0.3819307372488081
0.3618712582702419,0.38222034420873413
0.3630905662576992,0.38251040917398604
0.3669361536830511,0.38329652872898423
0.3682215796817231,0.38351474034549676
0.3695618658187884,0.3837834568862329
0.37097741422760455,0.38408353845202653
0.37486578739891385,0.3847718893745496
0.376363447254604,0.3850287638123091
0.376363447254604,0.3850287638123091
0.3800158242488082,0.3855862533828302
0.381564092470771,0.38582280414731907
0.38313638298769487,0.38605476687203777
0.38313638298769487,0.38605476687203777
0.3866513492618541,0.38649205736745157
0.38827707525879646,0.38668993912681127
0.38827707525879646,0.38668993912681127
0.3915574674400544,0.38699908004062206
0.39321936902466736,0.38716795578689545
0.39490237631407643,0.38733154160846395
0.39490237631407643,0.38733154160846395
0.3980129687831099,0.38754187205145785
0.39974303948848827,0.387683265855753
0.4014912077887798,0.387871930098333
0.40441245891985117,0.38799654248271015
0.4061970166623699,0.38817072418701726
0.4080644322871002,0.3883294954058377
0.4099358889864972,0.38843825063468984
0.4126720789705698,0.3884739061767046
0.41457748941152434,0.38859675634430346
0.4165324545273341,0.3886489913188561
0.4190724383003356,0.388645496556183
0.4210644496146625,0.3887252119074095
0.42299485369986767,0.3888266390044507
0.42493108602592394,0.388903982264686
0.4271866334073962,0.38884887006356716
0.4291268625472268,0.38890750696595244
0.4310730096623236,0.38897760037618817
0.43307655126982025,0.3889010679243413
0.4350484658198704,0.38892943435473415
0.436982509181009,0.38901106482565023
0.4388347026889397,0.3890258453111095
0.4404449623769972,0.3889112799083734
0.4424211705704397,0.3889198225903258
0.44439053732450645,0.38895865109379035
0.4458651697510566,0.38886924364620706
0.4478929574560271,0.3889362360258766
0.4498537884539847,0.3889583738633555
0.4517847805167017,0.3890077648723932
0.452882069011742,0.388947439159526
0.4547872013851543,0.38899504235593646
0.4566783481545689,0.38904008920172684
0.45749886213527907,0.3890034670667545
0.4593579323355977,0.38905095654203586
0.4611994470519515,0.389093192975939
0.4630225954571893,0.38913083875295507
0.46353267575323287,0.3891208293237073
0.4653154618954916,0.3891557548244092
0.4670764298916652,0.38918726971171375
0.46720370431389596,0.38922346187121787
0.46884448633624914,0.38920441480630347
0.47045829122807326,0.38914364596289264
0.4720478486173278,0.3890775969686529
0.4717830464918331,0.38910264213610424
0.4734018697636396,0.3891309190299195
0.47291029021556463,0.3892741665916713
0.4744931740460866,0.3893190754407073
0.47604239727619296,0.3893630856886798
0.4775546643614948,0.38941027718016885
0.47666745098581,0.3896031397287395
0.47666745098581,0.3896031397287395
0.47558571735635385,0.38983237992962577
0.4769790742612503,0.38993616595555536
0.4783400953411829,0.3900503275606811
0.47697943679922483,0.3903449406379814
0.47827021566265004,0.39048405095680383
0.4765555165743702,0.39082956512745304
0.4777697677524816,0.39099578141777835
0.4777697677524816,0.39099578141777835
0.4756471724783487,0.39126780780731263
0.47661209056193143,0.39123652192772024
0.477522294427188,0.3912077984435622
0.4751020508642358,0.3914729282197385
0.4751020508642358,0.3914729282197385
0.47594901337125234,0.39154810044421007
0.4767521814385872,0.3916278104782539
0.4739580385507407,0.3919584133743521
0.4739580385507407,0.3919584133743521
0.47467585598769857,0.39205564382341235
0.4717231442988272,0.3923897127843299
0.4723539784801673,0.3924970656911726
0.4723539784801673,0.3924970656911726
0.4729406090868309,0.39260438690396127
0.4696298195924539,0.39294130309181874
0.4701273186296183,0.3930523419451248
0.4701273186296183,0.3930523419451248
0.4666848575255116,0.3933633049354999
0.4670920305987753,0.3934759177128869
0.4674536043121309,0.3935874672366102
0.4674536043121309,0.3935874672366102
0.46367165714199676,0.39387350273974986
0.4598336768307565,0.3941124029361802
0.4601422788547526,0.3942200982287114
0.46046015605036233,0.3943231203186346
0.4564346131546067,0.39451399370629353
0.4567279096702111,0.3946594278196326
0.45281696576753666,0.39478519614696006
0.4530751767272365,0.39481952619253186
0.4532412186753378,0.3949014722518277
0.4488990740969485,0.39508027815190827
0.4446610981376216,0.39513708080850174
0.4447569529750187,0.3952188698764075
0.44479858478729667,0.3952621554338415
0.4402248469164332,0.39523589278060606
0.44000954471777276,0.3952899464889446
0.4354243195451028,0.3951822395772912
0.43518482743983505,0.39519496492757344
0.43066092473905754,0.3949599601652552
0.4304184708917039,0.3950176769869787
0.4257870509684565,0.3947220627915894
0.4255212195912305,0.3947244559597563
0.4252006085539395,0.3947557836544937
0.42051012174299773,0.39438643292457676
0.4201125377799515,0.3943343628658286
0.4195840719266046,0.3942690441866876
0.41909421251155843,0.3942102331055231
0.41030298606993065,0.39305340348575696
0.4097392103072717,0.39305495015271663
0.4091083878711596,0.3929847791135087
0.40856195697167347,0.39293857237115537
0.40008604392466884,0.39147719904577766
0.39931069690139764,0.39131767835701
0.3986326657871811,0.39121243799185357
0.39785713611007323,0.3910918069425996
0.3898352404175994,0.38931201995882647
0.38568221811375736,0.38826043451607856
0.3848012655601389,0.38800130511563824
0.38074129541226825,0.38688296274715617
0.37979377174930656,0.38658148962024524
0.37593150974107314,0.38548216005756797
0.3737957183935153,0.38484980150537157
0.36997157026994204,0.38360905383891375
0.3688566610733426,0.38323318997569733
0.3665982135278108,0.38252034745934416
0.3654617370415449,0.38213344020971585
0.3630372478407584,0.3812956868510539
0.3551883887679876,0.37813901448206255
0.35389126139927324,0.37762672206240533
0.35260322377173736,0.37709160557958543
0.34954267473472994,0.37572793641565416
0.34824610209015805,0.375137928043437
0.3454524465503385,0.3737692140329196
0.34409579642119437,0.3730804733117493
0.34269862260407413,0.372396908945818
0.34132887511078525,0.37167221446354587
0.33990424247022866,0.3709322303216118
0.3363129920508533,0.36891356629649474
0.333571438862158,0.3673503056000327
0.33142109863338215,0.366035044570991
0.33001119878579516,0.36524360863779826
0.3281578145068181,0.36404829178854636
0.3268830310988593,0.3632141934694098
0.3254100678428866,0.36229643707232095
0.32376391321072406,0.3611472823158295
0.3223124118420929,0.360210346282247
0.3208698393216646,0.359276132454171
0.3195221616887518,0.3581864210105384
0.31811175654889734,0.35721588400839593
0.31672430843637034,0.3562211630523872
0.3151945981148391,0.3553214974252149
0.3140539512429401,0.3543877044207816
0.31261755072563513,0.35339310922612954
0.31125945335407457,0.3523671977158893
0.3105319331778589,0.3516377585500459
0.3091913999797367,0.35075125290765286
0.3078543491270326,0.3498588245474623
0.3065037438400535,0.3489444915048144
0.30590856100803704,0.3483182631333461
0.30460306121155745,0.3473983066573316
0.3042672897407016,0.3469551092256231
0.3029802387860726,0.34605213243245037
0.30169531009516926,0.3451510865513895
0.3016092467868086,0.3449021229579195
0.3003453643110605,0.34401185181391614
0.3004555872429202,0.34391225422009614
0.299221862215052,0.34303986147620685
0.29800619133630846,0.34217441913159324
0.2984213078742022,0.3422889016300063
0.29908250083211396,0.3425283197537136
0.29801421353202495,0.34176861075347653
0.2969232172623271,0.3410053476499968
0.2977171330837751,0.3415463015728309
0.2966141302752774,0.34083393491603153
0.29772526461742,0.3414678810124554
0.29673297750686306,0.34080711952726794
0.29572952103096606,0.3401212728655294
0.2947229351967301,0.33945573499688353
0.2986475908189652,0.34217897887978294
0.29774939962551505,0.34157317867433235
0.2995191848243822,0.3428514747396225
0.29873706303723213,0.342386475194011
0.3006382376593001,0.3437381090592278
0.2997750696150365,0.34320782182270476
0.29916673440228914,0.34275660444292344
0.2984737955952823,0.3422476890952192
0.3004842865037808,0.34375157180900245
0.2996861476653625,0.34325414464863935
0.3019730006968764,0.3448987145873509
0.30126054571693783,0.3444528688475273
0.30059920082057534,0.3440248356908145
0.29997105162553095,0.34361580042217277
0.30256241455462995,0.34544830859794795
0.3019959326098602,0.34508406460789065
0.30468725172917166,0.3469594404310267
0.3041834725050676,0.3466404420819463
0.30371307472637693,0.3463414340602218
0.30667280790895296,0.3483763665946249
0.3062657624671645,0.34812300164772597
0.3093115279486933,0.35017589052144527
0.30896858419502066,0.3499676459329919
0.30865934742439677,0.3497799076519362
0.30838430509174375,0.3496128302110122
0.3153058216169554,0.3541136065276803
0.3151450304625857,0.3540541840316928
0.31507501544699446,0.3540484976993613
0.3149682354399328,0.35400141915405586
0.31855707757021745,0.3562462777148477
0.3185452340385603,0.35625549138762774
0.32243850744220215,0.35861221854936115
0.32258585392720274,0.3586553464521288
0.3227670021000242,0.35876590264279956
0.3229021012886786,0.35883515631809293
0.3268899469251139,0.3611621834993088
0.3271536317957528,0.36130195145558636
0.3274504234087079,0.3614805492279424
0.33157346948105104,0.36380297161354247
0.331932622611704,0.36401019718332955
0.3323301623549688,0.3642318876674121
0.3327649889904653,0.364474001692285
0.33323695479848137,0.36473095026690844
0.3414604062399773,0.36905250773032905
0.3419853336363927,0.3693580119712622
0.34252122263652723,0.369641260026947
0.3430905421891379,0.3699483689109469
0.34761232392511904,0.3721539344538017
0.34829389710343817,0.3724740358103507
0.35278233692636507,0.3745531027031472
0.35353624815813567,0.37489438912708994
0.3543262972931701,0.3752497699070799
0.3551523946683155,0.3756156569460395
0.3598248051111665,0.3776376540946843
0.3607258169374836,0.3780181817466015
0.36166122503587905,0.3784100130144902
0.3663099690523306,0.38029144601529874
0.36732521355641806,0.3806935360727913
0.36732521355641806,0.3806935360727913
0.3683766370808438,0.38110492715654093
0.37313303602564496,0.3828939949914884
0.37425552018049424,0.3833093426782228
0.37890843816099506,0.38494108796066284
0.3802202090660426,0.3853699317259233
0.384768528856895,0.3868532727187883
0.38617611325539813,0.3872336380204312
0.3907741487235521,0.38852407985915366
0.3922312358257233,0.38894448179833085
0.39364980891965246,0.3892798722793631
0.39832307312919124,0.3904800385967714
0.39975047975849287,0.3908203375646434
0.40422335338070536,0.39182130099537793
0.405804901191294,0.39213065836159866
0.4073822256185145,0.3924274804591372
0.4117414603791052,0.3932705754800079
0.41588941831506687,0.39400840018140465
0.4175802976847002,0.3942475042803205
0.4217162167824661,0.3948535598158027
0.4233654147191828,0.39508487097196726
0.42511306184984565,0.39531701267062164
0.42691700669457233,0.39553870075728553
0.43283280987826106,0.39621086225918994
0.43634635065615296,0.39662036248036847
0.438246517591969,0.3968984514232099
0.4401258022831676,0.3970864195242685
0.4420268238181859,0.39731794120433017
0.44644956535249597,0.39750187038005996
0.4483333834634298,0.3976750282705473
0.45110761606305233,0.3978011818767907
0.453588528005879,0.3978179153057933
0.4555196125868857,0.39796363772517596
0.4574137559660348,0.39812959192146263
0.4613553238923287,0.39837838683611554
0.4636709404175182,0.3982628805871322
0.4655446729771826,0.3983551928807372
0.4674503892490417,0.3984305699685432
0.4691332928595164,0.3983244351261508
0.4710813240870972,0.3984181486956305
0.47257024845840045,0.3983699388868176
0.4745346580960054,0.39847223950333693
0.47647581481623935,0.39854200569876985
0.4776044936611127,0.39848739649735865
0.4795269348294116,0.398582861972309
0.4814460448174813,0.398679701547678
0.4823120107733079,0.39865081191786483
0.4842157568510208,0.3987548644372352
0.4847648692986477,0.3987423219990148
0.4866460179436368,0.39884305396767505
0.4869500705648678,0.3988499130365187
0.48880162735967897,0.3989587671554514
0.4905942622380551,0.39909666144928013
0.4923921590624473,0.399196653719842
0.49211703648373406,0.3992506144358998
0.4938732281397974,0.3993494309974911
0.49559497477099695,0.3994248632825975
0.49488578010289636,0.399461757579678
0.49650690681239334,0.39949413036139353
0.4955685687080798,0.399523751569467
0.4971517734768237,0.3995885963126073
0.4987647312535782,0.3996803074181713
0.5003718901773395,0.39978767228405654
0.49903692268210953,0.39996421522371767
0.5005830254535327,0.4000808475659525
0.4991805950487623,0.400266135755781
0.5006630327021897,0.40039186224373674
0.502112785891717,0.40053539046696596
0.5004167531312745,0.40077488794344146
0.4984489195132421,0.4010288469160149
0.4997835389774181,0.40122464182094
0.4987610779180869,0.4017213899744365
0.4999782219529493,0.40194955382120257
0.5021438195363476,0.40200503119464787
0.5031029954757053,0.4019987941478267
0.4964641221393445,0.4022434789500848
0.4972041828905899,0.4022823403246215
0.49398898851234463,0.40237781072512274
0.49491692907344353,0.4025873762408003
0.49236522509483804,0.40288966244638336
0.4930984994035049,0.4030392080060334
0.49438037584866545,0.4033120510014173
0.49485504533408453,0.4034507319526662
0.48701270934432833,0.40352023773729284
0.48366037400359196,0.40368784794755286
0.48404784806357604,0.4038366666603676
0.4844602607366135,0.40397209790438715
0.4804546142327327,0.4040242751278264
0.4768394693859023,0.40415883878160075
0.4772257862577731,0.4042923478799617
0.47331035519753983,0.40433618262508425
0.4735859253559886,0.4045050756733245
0.4693905199528182,0.40430228927936124
0.46952142998044,0.40440476832191985
0.469462264595665,0.40447212499186797
0.46501521436309756,0.40419822567751207
0.46493454738584516,0.40432150056148825
0.46473760877932196,0.4043921614896615
0.464453057666862,0.4044206340092223
0.4556002342498877,0.403524881178487
0.4553085018130259,0.4035058806929307
0.4504614998452588,0.40308301808455177
0.45012349527729384,0.4030557543586273
0.4497261433490507,0.40301910810065245
0.4492842140941085,0.40295970713743073
0.44083638373028694,0.40155437600232136
0.4403532470760513,0.4014397339168888
0.4354397841277197,0.40048148255442045
0.43483765212375325,0.40032136322187445
0.4305509117766123,0.3993611394384341
0.42978658975077694,0.3991651142557381
0.424730998452551,0.3979151772554508
0.4238372982463023,0.3977657172714554
0.41978733399935736,0.39668951470494185
0.41890186415848524,0.3965101040813743
0.4138584562560391,0.39514511088460474
0.412914079966422,0.39485986736150813
0.4109129073359798,0.3942606044381509
0.409870931082027,0.39394165582143725
0.4031874145423485,0.3916589712717855
0.39846647123010265,0.3898639222287721
0.39730361816288823,0.38938890005930726
0.39612807154124835,0.38893643365125463
0.39272661571241074,0.38752464292005
0.39150373962878715,0.387045481332838
0.3870192761671641,0.3851867513061858
0.3857163076032076,0.384643667438873
0.382582832286015,0.38318178463195673
0.38130572040814426,0.38256505397106716
0.378544156800417,0.3811472633773467
0.37717659898204925,0.3804105079996553
0.375738190235387,0.37966798847188354
0.37309090728684485,0.3781820941921967
0.3716819787964182,0.3773873198188552
0.3693643120166798,0.37598205938891344
0.3679225739547076,0.37513644676283875
0.3665059670107662,0.37435161288933916
0.36440007735107816,0.37305172439906636
0.36299933250919775,0.3722144801131045
0.3611471916898523,0.3709120406897157
0.3597778396535657,0.37001138294118024
0.35843586044671966,0.36907330989231196
0.3554248701031344,0.36692424346821406
0.35405295528662173,0.3658200773360615
0.35266990228574113,0.36482081171692843
0.3512728321705961,0.36382581445172124
0.3501361311313401,0.3628167048355352
0.34872607942455397,0.361847074540124
0.3473006314860771,0.36093692289916784
0.3463847208123024,0.360108235690786
0.34503773006021415,0.3591451211467703
0.3437178998292496,0.3581483996914886
0.3431113569082558,0.3575500014435915
0.34171040987623835,0.3566418318925643
0.340379863007833,0.3556571549132901
0.3400246796722767,0.35509560209702196
0.33866265369250337,0.3541324042600088
0.3373621930601384,0.3531854647248362
0.3360759207780187,0.3522443635319557
0.3359820754250448,0.3519822469360513
0.3360682476194402,0.3518680916077521
0.33482000625896585,0.35095867824820315
0.3335883218843321,0.35005289567379794
0.33394701753333,0.350150656558748
0.3344688291118874,0.3503830423653602
0.33333796036647945,0.34954964436774816
0.33235616984152033,0.34868838310299727
0.33333019324420093,0.3490978105001123
0.3324043963960338,0.3481856463145109
0.3314763233051785,0.3473424154220718
0.33048951397859266,0.34661502430203817
0.33381712416962744,0.34891397810334646
0.3328331309613113,0.34818686785248476
0.33094828997114234,0.34688847452407284
0.3300984571672914,0.34625190575961373
0.32834540259643696,0.34499520223675184
0.335078777890647,0.3499819993156804
0.33429128343984704,0.3494168461188837
0.33360554686467125,0.34894549481905746
0.33294391020594627,0.34858668893788186
0.3351423234450055,0.3502550060542434
0.3345519769603693,0.34976346799359437
0.3339044533099833,0.34933917744286014
0.3361177604951349,0.35101768133961986
0.33542647672439824,0.35059611896522636
0.33477615601916916,0.3501707921085946
0.3342614489505489,0.34981017171690976
0.3366652107535404,0.35161787180914733
0.33610778398614116,0.35123297942837123
0.335590386051591,0.35087141727281335
0.33510554735476994,0.3505309770137062
0.3346541006013681,0.35021217472018895
0.33423530797481893,0.3499151699028506
0.34373102426391594,0.3568099240568503
0.34336713572207217,0.35657041116341537
0.346559081595421,0.3588021777910286
0.3462586957572225,0.35860939136405645
0.34951405316550477,0.3608320438791674
0.34927854804436176,0.3606852120648576
0.3491377013962407,0.36061593609917647
0.3527078750337421,0.36300320509706163
0.3526346875327654,0.3629572534727021
0.3563106932059228,0.365315500654927
0.35637002873835594,0.36533103993997096
0.3564925012523692,0.3654148210100597
0.3602780019408457,0.36777853952981665
0.3603722985383495,0.36783479306209044
0.36053728793768147,0.3679371333638882
0.3644564939806436,0.3703131135591834
0.3646981365077954,0.3704601215450716
0.36497670973255497,0.3706319574974798
0.3652930544921822,0.3708216078699472
0.37320218262475724,0.37533607197009244
0.37359785660325484,0.37555956291202075
0.37403098923878625,0.37580327225374105
0.37830650232521806,0.3780978090349776
0.3788169248389496,0.37836490631736436
0.38303696414937877,0.38057728989484507
0.38365994976945605,0.38091426620268015
0.3881151092064936,0.38310183593049935
0.38883876683210783,0.3834476972608793
0.3930280071665377,0.38540129496071435
0.3937200600209845,0.3857512756642319
0.39889083315511376,0.3880248494118642
0.39963234293036054,0.38833653755302044
0.40397356891895597,0.39011634180723687
0.4049210148497593,0.39048224194365355
0.4058248683556588,0.3907996027705572
0.41023822910013796,0.39247837706465294
0.41126964197558114,0.39286895032663627
0.41549838764675523,0.39436521554065185
0.41654247745303247,0.39469503450839083
0.41769076842205854,0.3950676572609144
0.4218742977931449,0.3964152614113001
0.4232046864985733,0.39683080452136654
0.427487278409893,0.3980443029076366
0.42892407284000067,0.3983874765252261
0.4303785056855861,0.3987239013010946
0.43462067768578067,0.3997817578743787
0.43612184675007193,0.4000918377263909
0.44002694821746646,0.40095487074316005
0.44156276464490557,0.40123934021461477
0.44708736391896686,0.40227800415569914
0.44867605992863363,0.40253459519910056
0.4524243439996783,0.4031585736771799
0.4540599126249845,0.4033995087160515
0.4557079452084599,0.4036363920974033
0.45737523314110073,0.403870879252302
0.4609858795351898,0.4043582150398898
0.46269691291260157,0.40457680616328606
0.46615551985931314,0.4050295486646115
0.46804228152676586,0.4053896419335996
0.46997525042173155,0.4057121544654782
0.47326735370416306,0.40611880178025195
0.4751321377396991,0.4064091781358626
0.47812690763383314,0.40670168483249236
0.48001067872983133,0.40696011106690355
0.48276698688610414,0.40716935398757875
0.484667292358652,0.40739962823989456
0.48850064618828204,0.4078179441143514
0.49042644148848613,0.40801456942095965
0.4942767468800251,0.4083904183387781
0.49702144736560255,0.4081730313084085
0.5008997311022757,0.4085770240817421
0.5024708679057807,0.4085121945571957
0.5044672336571553,0.40865235473147316
0.5082986625787795,0.40893360116407584
0.5101669148152976,0.4090897935721053
0.510901190358688,0.408913209758779
0.5128384355317828,0.4090421657253304
0.5167756068522474,0.4093860351330526
0.5187919648626284,0.40952434751723144
0.5183613752986991,0.40938754319442544
0.5202865917132253,0.4095387666073703
0.5206156593384285,0.409559461705123
0.5224828793673343,0.4096797225773904
0.5243682807354021,0.409820945644735
0.5262115102232814,0.4100091084889843
0.5259775484048103,0.41008918362202124
0.5277665572202422,0.410260639495724
0.5295095763466264,0.41037818376469315
0.5328882570218261,0.41061078483693114
0.5296596735604238,0.4106616890768252
0.5329472378637653,0.41090445414958576
0.5318827859279568,0.4109998003822901
0.5334740488573186,0.4111922550379658
0.5365263898808815,0.41150433093532
0.5380027282696224,0.41166950320338114
0.5332634196650946,0.41183457248377936
0.5347088477216605,0.4120713113309251
0.5374407412328858,0.4125484846329687
0.5386792581613316,0.41273013228153604
0.5410707268412797,0.41314506551234303
0.5315153890686104,0.4132468846342214
0.5334384733584748,0.41345297394996217
0.5305419290643849,0.4134826826096395
0.5282620038748009,0.41374053178581965
0.529109351192837,0.41405307611001313
0.5264721673399176,0.41420270311425444
0.5271105394860992,0.4143283293457603
0.5236204511885333,0.4143642692707351
0.5241135010335958,0.41448810907115335
0.5246208415150377,0.41463912916039825
0.5208755525211912,0.4146879519415461
0.5214052684141041,0.41481520453519943
0.5176064970564478,0.4148095150347641
0.5179881645733412,0.414952048432403
0.5183546101852169,0.4150987973310135
0.5142580558630597,0.41502889695252665
0.5146031401964016,0.41516882597710913
0.5106686468816984,0.4149781866654052
0.5109391498735467,0.41510074815517756
0.5111982675009861,0.4152380019496524
0.5071149144378033,0.41495537403155053
0.5072493539453686,0.4150106716628393
0.5073655880421251,0.41505693170522
0.5032214763629493,0.41471064163587557
0.5032885497751843,0.41475304532355806
0.4991325385776405,0.4143500521903541
0.4991203960518638,0.41437726363888056
0.4946529740582065,0.4138665257118461
0.4945620270931709,0.41387277975755576
0.48989140724774094,0.41325378123735307
0.48968365916396245,0.4132248648823622
0.4891459404988177,0.41320243544023527
0.488887318588926,0.4132213226470723
0.48020813462222867,0.4117666284687332
0.47962785810574704,0.4118059220254537
0.47526557462013486,0.41095167311464087
0.4740642618783011,0.4106930762764212
0.4694970797274851,0.40966592263902996
0.4688157012027687,0.40957627031370175
0.4675482338845779,0.40933113418273864
0.4668610112329645,0.40913913940111335
0.45904106436470615,0.4070926702878232
0.45829320142187735,0.4068632025879181
0.45670009619151025,0.4063762814439511
0.45585906251056607,0.4061062930587654
0.448633276324422,0.40383934507803865
0.4437815077699084,0.4022172943082134
0.4427883362065858,0.40184477766257304
0.4417513065592836,0.4014930972510721
0.43805256283945576,0.4001436817740993
0.4334937944106385,0.39831883182755956
0.4323645951910729,0.3978574328497513
0.4300066819811217,0.3968156538964305
0.42879724805548713,0.3962752997726908
0.4235636353781468,0.3938259849892868
0.4224588402553501,0.3932797595820575
0.41847467235790403,0.39122424856196636
0.4172077614654024,0.39055412721683214
0.4144745124741225,0.3890798205272762
0.4131416055646302,0.3883560939754547
0.4116957358391747,0.3875683530069425
0.4087653870643335,0.38598658375096506
0.40531524448875555,0.38381526049100034
0.4039227620278074,0.3829806418038299
0.4025299536274004,0.38215892695646553
0.4004580004959829,0.38075140129877477
0.3972379708953206,0.3785538954386991
0.3958672101256681,0.37766061037355103
0.39454142280182275,0.37671891360929977
0.3929747540586632,0.37548011370814527
0.3916081015220342,0.3744827810915111
0.3904033877759001,0.3735200445330157
0.3890068101940596,0.37249600202064986
0.3865819904222024,0.3705119219449943
0.38513638318577204,0.36949454300826795
0.38432462990211935,0.3687026138926417
0.3830447638084974,0.36778146876583545
0.3816168842913933,0.3667418631052863
0.38088471360335663,0.3660168364236528
0.379512280243421,0.365016993049773
0.3781369916834189,0.3640401919454882
0.3777399739117324,0.36352236483020395
0.37634733514141033,0.36254431694395456
0.3750495021216118,0.36154557754058325
0.3749504650167915,0.36124999833858273
0.373709887171776,0.3602417850586205
0.37383273025196206,0.3601908172914318
0.37256817648775087,0.3592604749841198
0.3713194205079282,0.35832662117341424
0.3700887184711705,0.35739316606987337
0.37044744663353946,0.357502799874281
0.3692538232642966,0.3565916456353364
0.36978301500896127,0.3569024724947691
0.36871931070225017,0.35611409243052516
0.36767077197307696,0.3553096628218606
0.36853302661300646,0.3558919882771057
0.36748818340826284,0.35513019739044155
0.3685038425107868,0.3558547257014132
0.36749419742815415,0.355118993866562
0.3665057200098076,0.3543978168443888
0.36553882585181563,0.35368450111156086
0.3668370814066364,0.354648544898593
0.3659118915651395,0.35396099993772545
0.3673577409497424,0.35504108995867234
0.36647792726721573,0.35438957146467187
0.3681774214708461,0.35568575584189205
0.36998801717414653,0.35706733026581383
0.36917610042369664,0.3564886765775024
0.36839119165151213,0.35592536582842665
0.36763483294218946,0.3553782973584191
0.3726740177211326,0.35925377176384155
0.37196561504760806,0.3587806872897903
0.37390797384154395,0.3603486049939082
0.373320500559051,0.3599465866177697
0.37588228881084956,0.3619420822023034
0.3752692738265072,0.3615432461878204
0.3747511358828346,0.36125265526759076
0.37436224112370964,0.36094311718539585
0.37716543877628805,0.3630518595302832
0.37666328266040927,0.3627313708605738
0.376203646305709,0.36244651459669186
0.3757971746000314,0.3621656421684688
0.3822389657070554,0.3668052403208669
0.38188648775284484,0.3665832969895816
0.381304896063984,0.36621095240033186
0.3810721204581223,0.36605757747835227
0.3880814816424194,0.37088103553814544
0.3880986845428473,0.3708380830564344
0.3880641318322934,0.37085362477322004
0.3880960977724636,0.37089224327821707
0.39541551857777574,0.375629839007012
0.39939606872863986,0.37811322317021817
0.399594064403501,0.3782408433377534
0.39981494832851,0.3783674821546922
0.4038907164050206,0.3807868561713862
0.4084858703301093,0.38342356202341893
0.4088569580655149,0.383613540081076
0.4135696307220823,0.386228837278946
0.41400366862365245,0.38645880459641835
0.41505357249293395,0.387053130673498
0.4156927637612827,0.38741232521468005
0.4235688434290743,0.39144947997877255
0.4242302244125619,0.3917995761958375
0.42861108875210097,0.3938860086151943
0.4293813482556148,0.39424335518756287
0.4301514654678782,0.39460073987330757
0.43458062524883195,0.3966403140568689
0.4396935060271381,0.39884321943665424
0.4407272916146369,0.39927735987272917
0.4417393661785537,0.39971933748679916
0.44608839380340615,0.4014311324493713
0.44708855000726966,0.40178666786948875
0.45137119872032555,0.4033521470554633
0.45353261378984494,0.40409158132410117
0.4591905489664685,0.405974364333475
0.4634403313980116,0.40724517480492683
0.46486971105746744,0.4076940289096952
0.4702623676952679,0.4091808977345392
0.47171790597753505,0.40954296297365755
0.47475971972463993,0.4103041306377104
0.4763815648890489,0.4106992982310051
0.48278034101616124,0.41218593263639924
0.4881013830084011,0.413222835313077
0.48969549554818637,0.41349457690088187
0.4913678582677327,0.413798116507257
0.4948473760990821,0.41436801807996154
0.49639053567108105,0.4146662217159628
0.49983334698931964,0.4151897093907805
0.5016473244041616,0.4155307935745284
0.503427813130008,0.41584560676710286
0.5067164521494933,0.4163739798213205
0.5085147517267408,0.41668040096229275
0.5114739128860821,0.4170190918627522
0.5133962374207288,0.41728707505279194
0.5152704959168469,0.4175775269279719
0.5180311589874119,0.4177984609259204
0.5225182323213393,0.4181536589437611
0.52648323988834,0.4185195349988217
0.5287222915489771,0.4185991488232878
0.532555267908279,0.41885013489249967
0.5363580827513812,0.41921085305962336
0.540238941808979,0.4195398365745405
0.5414559136452015,0.41936362619829354
0.5451410933210133,0.419670271022735
0.5463232801695944,0.4196777501669782
0.5491087690591426,0.4198148263311525
0.551029060839647,0.4200079662060928
0.5534587131131508,0.4201331591105838
0.5553563594282473,0.42028942499577315
0.5590845549398955,0.4206554559267067
0.560889411189936,0.42082761617735137
0.5592944821076457,0.42070764271399225
0.5610908904937897,0.4208852005839486
0.5609362820901824,0.42097469299296786
0.5643096497558807,0.42126413923508194
0.5635973575979252,0.4212512654926146
0.5652501454332227,0.4213788093554617
0.564346894085214,0.42144801853706537
0.566037034559352,0.4216573278677723
0.5676754641626313,0.4218465435343572
0.5665770611372474,0.4219324555885762
0.5681662743200271,0.42209489758711366
0.5666909790166733,0.4222005860249776
0.5696735653422588,0.4225733134101624
0.5680207671538946,0.4227183188709649
0.5674964017201537,0.4231029360761923
0.5688196411393964,0.4233468517615948
0.5701068379427692,0.42360625576645944
0.5725619227009714,0.42414386321292386
0.5663434442141183,0.4241539073912304
0.567339034157616,0.4242166454906008
0.5692089959293449,0.4245037911776109
0.570115516507179,0.42473520557037137
0.5632046541683898,0.4247285317596693
0.5648110959237886,0.4251177680419808
0.561465341703159,0.42513038070063613
0.5586282677183545,0.42518398739955277
0.5593299954318569,0.42537570713702955
0.5562256194637732,0.4255180542969856
0.5565540265811046,0.4256301328005577
0.5572421290115138,0.42591961626169317
0.5575172797384124,0.42612558742197804
0.5492121220088063,0.42572216074448205
0.5455478584046266,0.42561612902950313
0.545895713446353,0.4257582153944227
0.5462401052694524,0.42588431533733734
0.5420543126699309,0.425617459080188
0.5422253169951023,0.4257319131293962
0.5380370224239782,0.42535156320301704
0.53806737661871,0.4254610714292744
0.5381478669911682,0.42552479711272906
0.5381264994286019,0.4255790802175332
0.5295383228717154,0.42448959926605967
0.5293192508272747,0.42448860942109407
0.5248510837931889,0.4238084689124606
0.5246447563033364,0.4237763413559756
0.5202944217245363,0.42302355995184004
0.5198843361135995,0.42306003951913246
0.5194909376737418,0.4229792735057466
0.5149109849250876,0.4221582841871553
0.5143882648083002,0.42209580865454255
0.5100342742872626,0.42114730296857716
0.5095420875979505,0.4210069765665482
0.5090276038062426,0.42085899629643553
0.5047601385675166,0.4198695827797806
0.5041520978917745,0.41969131057456616
0.5028869481495726,0.4193076140009933
0.5021970245221254,0.4190977168436055
0.5007192449335786,0.41864457916772585
0.4895831619387297,0.4153973899424021
0.4879273240424011,0.41481123934140496
0.4839266065056739,0.413444126897602
0.47912347183903903,0.4117389748050506
0.47823758165822433,0.4114160448030994
0.4771676506050271,0.41103019154302445
0.4750414936384335,0.41022095987411145
0.4689104641055301,0.40769272332353096
0.46662467880469133,0.40671835845490883
0.4633065946072664,0.4052146647189882
0.46213181008519577,0.40466184847955333
0.45972027621255607,0.40350808965421564
0.4584872261256709,0.40289755587399784
0.45597384753535963,0.40159570880135975
0.4497496427312246,0.398172000038621
0.4484989550827615,0.3974381111048286
0.444488026083218,0.395074232566673
0.4431399880738882,0.394264135593069
0.44082138993671505,0.3927402862359497
0.43808372724776945,0.3909819457450733
0.4360288422310563,0.38959809738750256
0.43478886083700996,0.3888057585725392
0.43295641296068993,0.3874332251087098
0.4302200438459787,0.38548658828420657
0.4286986776103003,0.38424763428427994
0.427295646393804,0.38326851297497316
0.4259822281272556,0.3821049126514835
0.4246359515979045,0.38111060175013783
0.42328778860832006,0.38010375308641015
0.422238069525402,0.3791009470356148
0.42093695307238443,0.3780462214260696
0.41964996828074275,0.3769448037546036
0.4188831971567152,0.3760028471478142
0.41764506018460235,0.37487793686066734
0.4164306205001126,0.3737402053407517
0.4159753408419649,0.3729483737355076
0.4148066003237497,0.3717954815557872
0.4136606405098483,0.3706380110150536
0.41345067268221825,0.3699970858706093
0.41234490545092534,0.36884204705605994
0.41240528657947956,0.36840129103054964
0.41133024811492247,0.36725545472819787
0.41027508655623,0.366112183723929
0.4092429650392294,0.36497212769691717
0.4110414129682771,0.36579088496282597
0.40992308748950057,0.3646875204258873
0.41046733582958345,0.3648048756846003
0.4081802635780609,0.3628327246121056
0.40904282991626395,0.36339943992255686
0.409017809841476,0.3633935346505125
0.40801303370058867,0.36258160306627424
0.4071036076828767,0.3617797177124924
0.4051320774181205,0.3601653534287052
0.40871433591945694,0.36303616624100377
0.4078031993538428,0.36229661700351046
0.4068756452001473,0.36154268240527687
0.4053203234237329,0.3602733360647999
0.4094957341525154,0.3637236911693371
0.40868924979493443,0.36312211538102507
0.4079406760413131,0.36251377776966953
0.40989738205424586,0.3642077510322951
0.40922461499288265,0.3636929211226713
0.41135845499427043,0.3654939576128946
0.40996481181628447,0.36442743264377764
0.412266132660166,0.3663490583463138
0.4116011791535795,0.36584377082030595
0.41405040272416266,0.3678419210743424
0.4134867240288178,0.3674063484791099
0.41294993768427424,0.3669939758976997
0.4124420987791857,0.3666039540138092
0.41196533140207625,0.36623738626148267
0.4179326337881456,0.371024549251965
0.4175108653192545,0.3707159168769261
0.4171213572470332,0.37043066496184557
0.4198136298328808,0.3725648591302952
0.4227753088029771,0.37483506275081707
0.42251082176040555,0.37465046346964215
0.42227963046271727,0.3744892050797859
0.4257885546560886,0.37716722991111096
0.42569491947632787,0.37710293076847823
0.42917649418476683,0.37965211459816506
0.4292148234812184,0.37973574597614174
0.42925126022430116,0.37976451888913926
0.43292596558067775,0.38237209217118395
0.4329760655677405,0.3823943448286969
0.43310349335337417,0.38249087510814095
0.43685190005918184,0.3850592386950586
0.4370134000679283,0.3851777723508927
0.4372158312888584,0.3853211335684371
0.44116724902112425,0.387930469284628
0.441448889230844,0.3881141603725467
0.4454109163496895,0.3906400910397362
0.4457758029183011,0.3908730100556938
0.4461946418615006,0.3911420772454734
0.45032718268390004,0.39366792451415655
0.4508216208255254,0.3939632560534481
0.45485654728400393,0.39633685504970007
0.4553652507997684,0.39665663285087394
0.4559742992201735,0.3970074333296498
0.4566060303754661,0.39740125877648036
0.4609091354395121,0.39983001384558914
0.46161232657122264,0.40024844197209325
0.46586243681822714,0.40251068265913115
0.4666420817824989,0.40293137160002446
0.4674567997810739,0.40334105956706556
0.46829931348223885,0.4037638612021026
0.4726973334236284,0.40591739123464887
0.4736163684175648,0.4063542469904854
0.4745726430082459,0.40680238994871415
0.47893491445237524,0.40880013539903226
0.47996935370163263,0.4092615587343772
0.484364713984584,0.41116329395436174
0.4854700034125212,0.41163244847008207
0.486605804775269,0.412109028173263
0.4878165456657154,0.41255181330171475
0.4891541452196291,0.41302896327660366
0.4904601784893836,0.41347913294594885
0.5008327609239696,0.4172386991896167
0.5022473325633817,0.41767072729061655
0.5036551377786476,0.41812015383811696
0.5078246272956454,0.41942046963757984
0.5093090179260438,0.4198631987449152
0.5132753896010789,0.42101520143997717
0.5145718267238546,0.4213771369089151
0.5161472780465276,0.4217598320713809
0.5200172392760122,0.42276302120774345
0.521615410615716,0.4231939444435532
0.523270221162559,0.42358748878449753
0.5249286932512265,0.42395520639107814
0.5266041294462097,0.4243182382763612
0.5338948587765302,0.42576160826815523
0.5375130068151354,0.4265185556866294
0.540742927019647,0.42706696941141586
0.5455757061170791,0.42793310920684136
0.5473985771051557,0.4282899739882762
0.5492794085988432,0.4286418734129659
0.5529912451507077,0.42930967668915737
0.556340905414271,0.42959779627504
0.5601157306397793,0.4301524163462932
0.5623768734431319,0.4303470741185365
0.5641020321654866,0.4306054941734626
0.5680121575261288,0.43116061490585333
0.5699325091920217,0.4313730134128201
0.5737985327495346,0.431809853420054
0.5775823325538354,0.4323130905605538
0.5795605770919086,0.4325848374456338
0.5800644021311444,0.4321511028995932
0.5827024408002357,0.4324535134981659
0.5846843673042896,0.432699382350216
0.5871681551203665,0.4329413356681852
0.5893145153873758,0.43316817886357784
0.5911143506033013,0.43338978107353765
0.5929422136970655,0.4336805582355961
0.5947918070670032,0.4339816334329046
0.5944030729048732,0.43403766521250386
0.5961981405243201,0.43433144036723026
0.5979187697625565,0.4345651788003465
0.5972177225093255,0.4345472544948703
0.5989015228355803,0.4347735457762063
0.6022081015710841,0.4352165428390746
0.6038084374877772,0.4354479897207088
0.5999643424491147,0.43533128529820586
0.6015601521569025,0.43560567563521296
0.600202338263691,0.43565775761893255
0.6032289169168947,0.4361777894736339
0.6014812485189526,0.43625760970021826
0.600918953100057,0.43662286800894906
0.6022255981151279,0.43691736722184765
0.6035022696845688,0.4372121545522262
0.6011860351240778,0.4372822838794138
0.5999320870003947,0.437452240459551
0.6009293439344606,0.4375890259779177
0.6018658815428753,0.43771078190794677
0.6035816327526176,0.4379570982651004
0.5965928892225522,0.437582302680632
0.5979971668458838,0.4378970884139124
0.5994330111302077,0.4382933276268273
0.5918270309598916,0.4378666230477061
0.5923486330197941,0.4380335480632313
0.5891674256519308,0.4381124083370139
0.5895852759660267,0.43825596701485847
0.5857847740709019,0.4379515506371057
0.5862074485104458,0.43808786120858106
0.5824394710218624,0.4378567463707707
0.582802536754394,0.43793067978636757
0.5789717485801484,0.43751444903622305
0.5792579115278498,0.43762090036860835
0.5795159685387977,0.4377172521293291
0.5797345848339112,0.4378012256876306
0.575446606683215,0.43728710467411763
0.5712516531156397,0.4367189947450472
0.5713490869568144,0.43677796227662014
0.5671875806198523,0.436182492561103
0.5671093871754347,0.4362240191306793
0.5627249418410427,0.43547021206135683
0.5625885269066205,0.43545884086489584
0.5622006608429706,0.435397695240362
0.5537511766153966,0.4336789312474262
0.5534269026049226,0.433667925908948
0.548659138640165,0.4329957223734077
0.5482857924027249,0.43312188668607643
0.5474539775753127,0.4333481146504441
0.5389325790654592,0.431488767287613
0.5343221438106237,0.4305037407865504
0.5337923866716374,0.43052684340753744
0.5332461962278285,0.43053743159328395
0.5321047697729323,0.43051674971592907
0.5308983043925566,0.43043117611762
0.5302528739291175,0.43035336980541417
0.5189353480198505,0.42602111998896036
0.5151230980160824,0.4244364083617585
0.5130942536993166,0.4236117786196145
0.5094526840741147,0.4219404491827812
0.5084611682570787,0.4214590964920245
0.5051819982985506,0.4198524192359957
0.5029056552240799,0.41863970069573986
0.4996340084460703,0.4169019094198516
0.4954352066277016,0.41461722011947644
0.4943504985089694,0.41399409030451484
0.4905841525794168,0.4116934858470301
0.4867841040665494,0.40930183534915643
0.48421914739274174,0.4076011567480498
0.48170311517943365,0.40593314288620097
0.4782321278933421,0.40354182594232973
0.47688660910740654,0.4026107593003451
0.47354510499037483,0.40003847112819446
0.4722632029159087,0.3990791308072602
0.470518070125497,0.39762420053379555
0.46788652386527374,0.39554903999122715
0.4664453226057113,0.39417234838787635
0.46513202631982353,0.39311936990656016
0.4625409533486064,0.3909983484829378
0.46123846854361955,0.3898603651096132
0.4603343637560413,0.3886264387465702
0.4591275092657049,0.38768307765385607
0.4566031490105841,0.3853840544942569
0.455362099516466,0.38420490704822835
0.45303479158866633,0.38179629059581754
0.4538763233149402,0.3818470953641108
0.4525874600272013,0.38073764854499326
0.45111753302010593,0.3792987790480382
0.44988694859162603,0.3781759806287271
0.4474571404743994,0.3761569683324629
0.44628896898304676,0.3750752998839233
0.44404870144019903,0.37304716926885
0.44725143039246495,0.3754324109075946
0.44512673377447076,0.37352776318480807
0.4459753312902835,0.3740991457620219
0.444959301646036,0.37318168872425606
0.44306730608310985,0.37149137699788753
0.4420644188764514,0.37068037698539114
0.440301305275739,0.36906540970104545
0.4455980675993648,0.37363664081759734
0.44467115544429414,0.37289264020404783
0.44380315138381254,0.37212593599649085
0.44459646122444924,0.3728355113856359
0.44612200026747517,0.3742078304052961
0.44530662368083945,0.37356142750944754
0.4445823122251499,0.3729740207894665
0.4465069455175786,0.37476119037933253
0.4458851583161326,0.3742246231826447
0.44799308912885916,0.3761299511743432
0.447523970121542,0.3757412812176641
0.4470596509053001,0.37529402849598403
0.4494609958139488,0.3772727350326422
0.4518426128930221,0.37880327314450624
0.45166293191878615,0.3781934946066108
0.45154943851860396,0.37757168735685587
0.45454463301352604,0.3797699061205512
0.4544850360245282,0.379217065965359
0.45751575290068947,0.3814819353095004
0.45747462245522613,0.38061266100265223
0.46045520812932006,0.38330990533754467
0.4602105762064397,0.3831441346319483
0.45970466325270565,0.38271240489066183
0.4594965109415058,0.38253063802611076
0.4593024692841515,0.38237331603578184
0.4689450950623073,0.3909059516584251
0.4688408161166473,0.39086672717866017
0.4690139971573739,0.3910425552098954
0.475860211248777,0.39668130763480675
0.476328823665502,0.39704014815959066
0.4769218044036944,0.39757126041507684
0.4842195434308866,0.40321528229792436
0.4846200812836533,0.40350603971259325
0.48906103361096465,0.40670053554466556
0.4895887467181018,0.4070525331914986
0.4935495975680527,0.4098276144686422
0.4941000027160986,0.4102712635336172
0.49462119549290134,0.4106400114992662
0.4951595605238083,0.410996135271503
0.49925319904298504,0.4137547283886741
0.4999347906945777,0.414220521380021
0.5040084958754532,0.41682388204545107
0.5047214700754438,0.4172711584444073
0.50551661379876,0.41778015832362103
0.5097015820591866,0.4203218712327004
0.510526591911826,0.4208280112815067
0.5146034807722908,0.42318676657140075
0.5155046860663621,0.42370488394690486
0.5196199921736341,0.4259689958158892
0.5205967528589659,0.42650857367557665
0.5245336039156298,0.4285689791408547
0.5255757092121466,0.42911003271185777
0.5307269672296788,0.43166393161123173
0.5319540857208573,0.43222719823981853
0.535883861833759,0.43400376898646414
0.5371755662144935,0.434575004077295
0.5384906001105421,0.4351391722596346
0.5398510519144053,0.43571699496682015
0.5439337099356764,0.43738364462023294
0.5453427843001617,0.4379423628343124
0.5492321013688062,0.4394231736593949
0.5506981842909818,0.4399646236506587
0.5537150661201727,0.44102131408377115
0.5595976655864925,0.4429818891659969
0.5627836654799947,0.4439483593529613
0.5662591830073681,0.44496029095396816
0.5679120473878052,0.4454393500748068
0.5713228849569968,0.44642522972375565
0.5730769629199927,0.44696981638742794
0.5778083402383862,0.44820240107739917
0.5825363022575167,0.449465274768701
0.5860098707822033,0.45045985377034925
0.5887377453550612,0.45097078199466323
0.595085359816529,0.4523570545748948
0.5969808323562857,0.45280002479758596
0.600828228795471,0.4537080061320805
0.604696607934082,0.4546145781004979
0.6063986609134324,0.45503336906471814
0.610286225749016,0.4558748964342544
0.6141768800556617,0.45668371097862565
0.6161074115513006,0.45709652775332804
0.6197236566643437,0.45788429551873
0.6215121966717093,0.4575268843853667
0.6233594308958891,0.45790289736469275
0.6269715142420591,0.4586519798871595
0.6259641579403799,0.45837378692313707
0.627640880788829,0.45874975772921467
0.6294944452281341,0.4592038822869495
0.6330697115562164,0.46000936121094954
0.6309401066916461,0.4596682642555191
0.6326741806863272,0.4600676256575041
0.6343103165974666,0.4604357119940685
0.6376158550334535,0.4611451126576226
0.634479004237151,0.4607243740017094
0.6360502545004079,0.4610650168242811
0.6376323754098536,0.46146187811464956
0.636436959444945,0.46141475348635075
0.6379733478931059,0.4617852780037969
0.6365688488862044,0.46172121409215094
0.6380230565253004,0.4620841936430779
0.6376751177514637,0.4623822595005872
0.6390272168161493,0.46277079538819926
0.6370774619037967,0.46269844850283814
0.6396039822909525,0.4635158111524106
0.6408099829572247,0.46392436844630547
0.6419780322517978,0.46434049864552857
0.6430300997844005,0.46458958198919775
0.636997498089389,0.4637851931931889
0.6380865839028638,0.4639810020753443
0.635262349009806,0.4636587240402393
0.6361896348735986,0.46390728845521506
0.6370494219972767,0.464146358018209
0.6339457019617332,0.46380438909371235
0.6346204664851752,0.46404448856038105
0.6352524497739316,0.46427515847799294
0.6358407603251864,0.46449553764973206
0.6368858836159057,0.46489543949530304
0.6256155342870839,0.4633141912152999
0.6260019415707568,0.4634936702530314
0.6220853411694909,0.46289033155783055
0.6226098508389679,0.4632093476078971
0.6232419173137933,0.46361520353893737
0.6149392846098338,0.4620324782548595
0.6152042578732303,0.462204718740709
0.6115333797506979,0.46163850357283903
0.6116713366467295,0.4617951905162041
0.6075005786606651,0.4609341435625228
0.6075028421699996,0.461125891628287
0.607182283500395,0.4613213552245352
0.5986570268430638,0.45914454182761
0.5985424037748903,0.4591289415227486
0.5937143855948924,0.45791115214675543
0.5889731265916324,0.45659144090622394
0.5886306913519889,0.45648905884680846
0.5840528670467452,0.4549997251536484
0.5793223454000938,0.45339348532399126
0.5787543016670251,0.4532570377738204
0.5781979156180819,0.4530346932126931
0.5739417847569053,0.4514853368215656
0.5733771221697332,0.4512377823217723
0.5720807998359514,0.4507874934873288
0.5713692045104548,0.4504551100326878
0.5698429913210938,0.44975376240908843
0.55913427305278,0.44504072087802876
0.5582720071798241,0.4446028417065935
0.5535706387087374,0.4422551682821412
0.5526745547051621,0.4417860456714221
0.5506834242762053,0.440864262496711
0.5436429268507179,0.43705743178434725
0.5393361214936075,0.4346514774276992
0.5383350415224024,0.4340718340596347
0.5341200222673659,0.43141369157788945
0.5330609150156658,0.4307263029388708
0.5302315491720923,0.4288331724867544
0.5290808017705674,0.4280708282125531
0.5253893053545341,0.4253997589059112
0.5243017915309285,0.42459895872089976
0.5218767866292355,0.42275899829462626
0.5206653824634278,0.4218768503436552
0.5195233037734283,0.42097784439289043
0.5171569823921899,0.41905962687502024
0.5158373644265418,0.41806622647374425
0.5145186246178127,0.41711786786511584
0.5124545322922913,0.4153486009677554
0.5112031449786354,0.41429800161339114
0.509949508432005,0.4132572605818881
0.5080971737084847,0.4115666890449663
0.5064839330792976,0.41001541525064167
0.5040127590783039,0.4078005949503246
0.50264502129013,0.40637005181624414
0.5002873830451744,0.4039133034975899
0.4990921239638733,0.4027278682625617
0.4970009951730673,0.40037891238545975
0.4957099462471637,0.39919787320505973
0.4948856534615761,0.3982439548791765
0.492404248608702,0.3959114285209512
0.49193714686584966,0.39518594193916134
0.49070109283083285,0.39405349905969456
0.48837945964243956,0.39188105191893946
0.48806368830264774,0.3910494753704159
0.48689209734278577,0.3898922008464094
0.48462128041247854,0.3876608628211577
0.48503289480774364,0.38753390653639547
0.484352894700228,0.38684139948759766
0.48321169543747283,0.38581941640128425
0.48222516864404424,0.38482468402029635
0.4804015771479294,0.3829039417322192
0.4785566491749546,0.38103783660532986
0.47772450990072907,0.38015478053995555
0.4759884716885887,0.378386880295404
0.48267095703650503,0.38502284527087927
0.48183525993268606,0.3841807649069697
0.482435593281803,0.38485466044023076
0.48165197298084905,0.38415535425574865
0.48012914900574,0.3827359317305594
0.4794217911246007,0.38204259110970584
0.48358460011370547,0.38632297967340085
0.48482072807444393,0.3876904085257491
0.4841835134423129,0.3871084221213977
0.4835820990295664,0.3865437582572604
0.4830523698061644,0.3860181382536475
0.48531346972761147,0.38825993568068984
0.4848087322179586,0.3878144943966483
0.48705132022403097,0.3901388487778473
0.48653096164942883,0.38966215265066895
0.48898674153148003,0.3921398178124353
0.48853055458656935,0.39172412638248155
0.4910448437673687,0.3942062005965535
0.4906513789648095,0.39385064599499664
0.49304044929040686,0.3961939556337525
0.4927403441727751,0.3959234393578427
0.49556209467561907,0.3986019515472039
0.49511622666233024,0.3982029752252171
0.4982226329444496,0.4011522541722705
0.5014111059474721,0.40402655696747203
0.5013940467527043,0.40402816720626644
0.5014298259173398,0.4040525334482267
0.5015873557029461,0.40420937210884034
0.5050101066459185,0.4072873065221436
0.5051707718060944,0.40748440224598215
0.5086986048418787,0.41054789629042265
0.5090167105811461,0.41081426993324655
0.509212612650935,0.4110007347578354
0.5094692084164792,0.4112166323369847
0.5164970938533487,0.41693633498917604
0.5168052525107358,0.41718118190055387
0.5171529002791972,0.4174620386550574
0.5179528306792675,0.41810180516102274
0.5251696950935806,0.42354807156699076
0.5256770972458693,0.42397270658206376
0.530119520678448,0.42729533677788845
0.5306479772863564,0.42773707903566915
0.5345263443641998,0.4303403978894205
0.5351726140777469,0.4307543717994594
0.5358710234856087,0.43121015146367847
0.5399157401365171,0.4338718075778012
0.5447113066741699,0.4368078129059852
0.546607872733513,0.4378873476050089
0.5506420195043723,0.44023850136297143
0.5516241473057932,0.4407964953097186
0.5567363194027285,0.44361335003831454
0.5577796595854942,0.44415451599059314
0.5599708873050782,0.4452405247052685
0.566864240592719,0.4486627116978445
0.5681416112383568,0.44926491844324135
0.5707944481189582,0.45043858878803333
0.5747443901825179,0.4521471920558893
0.5760470810842815,0.4526783872174544
0.5798932703083468,0.4542903508917624
0.5813394497012229,0.4548594107414268
0.5850506933831852,0.4562764972698481
0.5900915486787166,0.4580561712340018
0.5932821508680479,0.4591180646124794
0.596695498294615,0.4602246187211833
0.6015648896245182,0.46174167021563084
0.6033367778692305,0.46231179404736156
0.6050490648589517,0.4628514358576996
0.6086234224031685,0.4639643001791752
0.6129328942328045,0.46502997185292505
0.6147644309728965,0.46568607439475757
0.6193416231222256,0.4668914838200739
0.6236756476478754,0.4679629164641306
0.6255407386592923,0.4685048977637226
0.6296728858630591,0.4694462148438262
0.6335170641081133,0.4703273243185704
0.6354242124198065,0.4708247463646867
0.6390551016405009,0.47158717212485585
0.6423111280168905,0.47216893452627157
0.6461076182710281,0.47304721394477456
0.6470687486828577,0.47316986898541086
0.6499713149249651,0.4738018282753017
0.6535388199702896,0.47464936418628756
0.6541259343124756,0.47474848484431076
0.6559573346772444,0.4751915743058253
0.6596292591083514,0.47599435232327547
0.66145445024727,0.4764644568931504
0.6650307292776368,0.47736596807674203
0.6613597485627167,0.47659550654313443
0.6630342622808403,0.4769435162954542
0.6647393627091499,0.47734543718497136
0.6641433767071108,0.4773760351547277
0.6649172883764767,0.47767400666437687
0.6664843510268995,0.4780599836170484
0.6680316490149452,0.47845640809408596
0.6695657581735126,0.47885999314302974
0.6710514361140012,0.4792316490218429
0.6670494155895078,0.47871297777930344
0.6699556581795716,0.47956320205019654
0.6681478992437571,0.47944367456821446
0.6694929143773606,0.47987307692276276
0.6675225031362555,0.4797413895191911
0.6687940043894086,0.4801800140012057
0.6678050159169824,0.4804717904986514
0.6689611204956025,0.48091906004015317
0.6663553599802275,0.4806032905031097
0.6671602951129368,0.48077734833302743
0.6679144233763065,0.4810208370587443
0.6648940104496401,0.4805217208276539
0.6656259698897804,0.4806854098188119
0.6624870610466247,0.48012581407632793
0.6633042563109536,0.4804978559084213
0.6640979708788171,0.4808996516876979
0.6654325223309997,0.48165484666806946
0.6665423423169374,0.4822128857230444
0.655233801434059,0.48024081800348783
0.655628836059321,0.4804333057309478
0.6562433541831671,0.48079344031730176
0.6564735092372735,0.4809583978788995
0.6483807252966579,0.4792826304034127
0.6446557993497929,0.47869175060604024
0.6448388653288688,0.4789019963085216
0.645031431512125,0.47908326119120254
0.6409240986587651,0.4782101764055794
0.6410779809321729,0.47846425945909665
0.6411044691107757,0.47857497758152223
0.6326666163249509,0.4764322427329346
0.6326351550079452,0.47645957843730746
0.6324477002592578,0.47644564822227464
0.6322963790942706,0.4764179561096451
0.6318808278470991,0.4763122049232834
0.6196046337005939,0.47239068111366944
0.6187925253464895,0.4721998935820562
0.6179739846630403,0.4719141172046291
0.6097182568142568,0.46896290162244725
0.6085290865709609,0.4686522425393054
0.6042204238492836,0.4668713932390926
0.5994321967314497,0.4648799073580789
0.5987343602858672,0.4645466700393333
0.5940099275798003,0.46239934181729964
0.589479131708966,0.46018514399663846
0.5878687806349074,0.4593019553229392
0.5861038715129265,0.4584976882434182
0.5796616801202349,0.45501483732407444
0.5777852271826085,0.4539636103634763
0.5743365867847949,0.45193565515417256
0.5701131502900719,0.4493742845364659
0.5680057883503583,0.4480394290192302
0.5659195127167205,0.44670366897559033
0.5611521540112642,0.44337340118772073
0.5599979873311881,0.4425591074087021
0.5561633947738752,0.43974937898764566
0.5539100488020569,0.4380255323616731
0.5528982828796318,0.43724731965995906
0.5480986819605086,0.43326288687427106
0.5469957443457549,0.43228320159773365
0.5444952139338293,0.4301365953647234
0.5407000317310872,0.4264494406676761
0.5395195120386346,0.42534406249875906
0.5371666907261426,0.4231885272923839
0.5343093962040097,0.4200009751787038
0.5331292577807545,0.41876301957792467
0.5319826418807928,0.41737352317048404
0.5296835391509159,0.4149705720654524
0.5287897559013454,0.41384585107609795
0.5269831023639973,0.41171603035208315
0.5258018035327088,0.4104364627674342
0.5241326195596974,0.40844176044710045
0.5229536394384331,0.4072027587518324
0.520582574838524,0.4048258419182358
0.5201644001549078,0.4040345954183121
0.5190349754732294,0.40286560912253966
0.5179173377421823,0.40167806262491457
0.5157585222503479,0.39942770343569156
0.5172105101738251,0.4005844401515846
0.516274360312428,0.39950271939800797
0.5167383114827434,0.39989991984666756
0.5156686470010823,0.39887686889546947
0.5146211168322492,0.3977930211161217
0.5153606434235182,0.39839863614567883
0.5144895449354283,0.397407649910654
0.5153749970443764,0.3982239398411457
0.5144533044600108,0.39724608425981056
0.5135513166870453,0.396273828830327
0.5146045401192028,0.3973454264501951
0.5137308099263505,0.396424789970827
0.5149050176571808,0.3976572585867043
0.5140652221852684,0.3968004151642097
0.5132458454934654,0.39596779479770994
0.5117209498864991,0.39436830687855445
0.5102930163811973,0.39286069542702107
0.5157779088631893,0.3988245544389489
0.5151198413174887,0.3981622111209947
0.5141734786395447,0.39707823087218574
0.513777756125388,0.39652088767429705
0.5128234584503715,0.39540989455431874
0.5119844517200147,0.394395513636162
0.5115146627977987,0.39392097493859773
0.5215799978449639,0.4048541681662222
0.5235888724922648,0.4069983300369876
0.5230447196658413,0.40648996307326274
0.5258624556577887,0.40934812641221885
0.5283650580570411,0.411859899754112
0.5281453854243567,0.4116884698887152
0.5309141660152081,0.41445479574976
0.5308605032100885,0.41440994497204603
0.5308726091407663,0.4143851651459295
0.5374453304558654,0.4205894013431477
0.5375550823628263,0.4206935556820037
0.5378678091821558,0.42097468176229813
0.5381165936979049,0.42116107052818863
0.5452498429759676,0.4274788949844949
0.5489350182181363,0.4306440721542373
0.5491936304113848,0.43085555794152774
0.5534089271683361,0.43424281261047293
0.5577107777456076,0.4376688614154267
0.5581600418341321,0.4380351316668579
0.5591445598742268,0.43895174101509427
0.5596760536686166,0.43934986257952313
0.5668638315687264,0.44463158867276215
0.5681691230938579,0.44562298884007145
0.5720937457250137,0.4483520858306407
0.5728555531252522,0.4488854956714846
0.5746501855235959,0.45006674458894974
0.5826677183884494,0.4551563672422816
0.5836848801867099,0.45576635122006975
0.585756517875206,0.45693769914502425
0.5936533416473704,0.4613617689558207
0.5986470293004891,0.4639620921928044
0.6011546805697252,0.46518370624206307
0.6050856155573834,0.46717352623037617
0.606360666077962,0.46776447342587024
0.6091991767626396,0.4690907374996148
0.6165783267730264,0.4722558904861003
0.6180932126269324,0.4728856203902832
0.621022478684167,0.4740396281316199
0.6226449530164133,0.4746392912952635
0.625660976610234,0.47578613793673136
0.6289847998104926,0.47700972927047736
0.6307389298017081,0.4776477842267297
0.634263320745394,0.47887992584196026
0.6378519751151777,0.4802665638718203
0.6501992314553635,0.48389638180497796
0.6545267378547126,0.4851058202610342
0.658252523593246,0.48624501676127374
0.6617419893938996,0.48732305857357816
0.6655402136344027,0.4884364805324331
0.6673963465233076,0.48896558188074535
0.6694757866208473,0.4891078159433587
0.6727320052701424,0.48986628666889825
0.6744724967366867,0.49035043033958653
0.6777369087618457,0.491126341794599
0.6796353984010121,0.49158737153272014
0.683247146158694,0.49260632894828615
0.6851600808880982,0.49315300660569045
0.6888821670195484,0.49419960435271865
0.692524412932037,0.49511019843996207
0.6943169001491079,0.4955951322308888
0.6904293404329318,0.4944852472032294
0.691972762732413,0.495004497696542
0.6936663288718165,0.49548579404103493
0.6970187243044703,0.49645214440886887
0.6986520861004235,0.4968539242480339
0.6955190026558042,0.4962740296229341
0.6985242166406708,0.4971906123105151
0.6972032390118933,0.4970177234469463
0.7002687059175041,0.49795944865787256
0.6987456209339536,0.4977581704069335
0.7002297885304075,0.4982682144305126
0.6986053058392936,0.4981940078568077
0.7000193114454707,0.4987003022292056
0.6981306410992857,0.49855593672221654
0.6994053790694439,0.4990085073014681
0.7006269909307442,0.4994087049652509
0.6983263343459454,0.4991790478231197
0.699458058934304,0.49962616349139755
0.6968886801264655,0.4991955435966968
0.6978001804339375,0.49942764504025183
0.6986477105482928,0.4996250220169185
0.695803843764558,0.49909753969640047
0.6966408918248703,0.4993899683786991
0.6936778828203842,0.49888625471444936
0.6943796235303666,0.49917917565373715
0.6950457589023653,0.49945801935750495
0.6962806622888676,0.4999676877236091
0.6973376956206274,0.5004346725349805
0.6858661240093363,0.4981342183815286
0.682387082428708,0.4975276989134731
0.682655465605278,0.49771601162495444
0.678938416984191,0.4969870002051203
0.6793673933602661,0.4971873929051921
0.6799698335757738,0.49751136273254976
0.6720179789401992,0.49552095840383087
0.6721221433901647,0.4956528021091465
0.6722107533191132,0.49583244784234437
0.664092881597936,0.493542509307761
0.6639682822051647,0.4935724983582218
0.6597591162666326,0.49225501638092983
0.6594725353222821,0.4922422214031527
0.655210433768689,0.4908151414569507
0.654937800929828,0.49080783521522076
0.6507184945995415,0.489266310583761
0.6500365985609163,0.4891649964210545
0.645746176176341,0.4875675123463842
0.6412166401266461,0.4858177311570876
0.6407480213309196,0.4856069622209288
0.6402454044982927,0.48537897488836623
0.6391405883028739,0.48487857074336294
0.6315794683244245,0.48143394599402883
0.6309558229895191,0.48112459658560713
0.6257747062554517,0.47854393932484685
0.6220678139361218,0.4766142981416951
0.6205217561819931,0.4757706169244117
0.618810771640995,0.47481138954256175
0.6123256511031975,0.47110928696696175
0.6106272844144378,0.4701433474885662
0.6086204974965587,0.4688998924560397
0.6065515495502893,0.4675882353285835
0.5978781711557811,0.4617560717271953
0.596840230037639,0.4610350858328578
0.5947182915441876,0.4595153807029831
0.5935708959192731,0.45865944326263
0.5879983874163272,0.4543553036340644
0.5867667356958881,0.4534568494037535
0.5843754113422981,0.4514735290600129
0.583189407360395,0.45048291309203314
0.5819529555950238,0.4494386626652832
0.5797181108775312,0.44740956937353027
0.5785199272308258,0.44634250548151977
0.5773351238601866,0.4452734029088298
0.5761315400453855,0.44415582309711676
0.5735876229554331,0.4415713253039867
0.5708610940021276,0.4388079946641957
0.5696788660304394,0.43764704769436313
0.5685114020442176,0.43647040109769636
0.5661975250259602,0.4340740429085957
0.5649983622493793,0.432419497445679
0.5627353988954678,0.42995924985294354
0.5619044390047649,0.4287658328441367
0.5602019609918333,0.4264626488972282
0.5579163343464997,0.42396484072017193
0.5574940943118032,0.42316104197065174
0.5563707238983836,0.42192063520100875
0.556056479935813,0.4213104442338402
0.5549533769838569,0.42007807699555655
0.553809384948667,0.4185983200757073
0.5528644969199319,0.4172344191322205
0.5507393570957142,0.41494725243293595
0.550980932673802,0.41508948014847125
0.5503809337214336,0.4142985575879778
0.5493722065521298,0.41320715829262156
0.5492360845755112,0.41292269768373685
0.5483534003205468,0.4119539909634074
0.5466991879521168,0.410038601640843
0.5459191318302247,0.4091357331320179
0.5444524207281036,0.4074849175680222
0.5430900096491691,0.4058272881115126
0.5491689173259038,0.41267252872923715
0.5501823616958357,0.41394198585790515
0.5489874742653582,0.41260519327167233
0.5507260985023654,0.414648927815498
0.5500496352952364,0.4140359845197981
0.5488355939628571,0.4128111925428084
0.5482478942307536,0.412155967226224
0.5473731542506113,0.4111894112729457
0.5545461292647205,0.4191887522369466
0.5542185850302103,0.4188697390200253
0.5538464396002643,0.4184175166422123
0.5530275935539132,0.41756100275674213
0.552241302421139,0.416773316032369
0.5519024028422502,0.41641069092315774
0.5512920728995049,0.4157777641052101
0.5622086554555292,0.42764251388754876
0.5620002924129446,0.4274427253400268
0.5617841701261981,0.42740051076505525
0.56783145891817,0.4335227816486815
0.567743203361036,0.43347787204460847
0.5679404053505369,0.43368808039195406
0.5744679668550045,0.4399538459487249
0.5748836328605326,0.44030800322741376
0.5783551777358522,0.44349871505289007
0.5821425994791388,0.44683656148144996
0.5825022897202226,0.44713815804950724
0.5865698806710764,0.4505668459683562
0.5905427794793369,0.4538030460354391
0.5910595311110722,0.4542265023243507
0.5915080402023779,0.45468050667697213
0.5926173753497247,0.45563736671305033
0.5997438144591515,0.4611277792802706
0.6003827741584274,0.4616123474451563
0.6009824876498319,0.4620517139214162
0.6048604672743005,0.46483721244468257
0.6055810815015282,0.4653643802060734
0.6102448783593066,0.4685231473217175
0.6110991304288348,0.469048656560083
0.612913356678407,0.47026978339782
0.6197411044036704,0.4745666594173117
0.62175331506694,0.4757844735123984
0.6240061976022254,0.4771027120679576
0.6307352196164789,0.4808399978575707
0.6333597438224822,0.48208893194801594
0.6360516673277493,0.4834194696705035
0.6423545494643992,0.48647237759039585
0.645175610956232,0.4877301728531565
0.6479928395804471,0.4889687802275189
0.6535289460190983,0.49132882604088
0.655001053050446,0.4919589516732207
0.6598587055907983,0.4939024186308131
0.6630620029428475,0.49515196253861316
0.66468133673496,0.4958269355415198
0.6710049874764061,0.4981524094550923
0.6755622610047225,0.49969552478342233
0.6792074771232423,0.5009799707690619
0.6828821329184193,0.502271313571288
0.6860026098976205,0.5030291395552099
0.6897145628164623,0.5042028783120708
0.693435613699791,0.5053603681618871
0.6957140419345073,0.5057689567687417
0.6994727403563183,0.5069450465495162
0.7010899654868162,0.507282632676733
0.7043821740714449,0.5081253308919428
0.7061703177116855,0.50866488197701
0.7088863394832241,0.5094177184387684
0.7107332779370419,0.5099658772861253
0.7116175960646718,0.5101109613096355
0.7135104527447824,0.5106389506495386
0.7159180507715867,0.5112489242614493
0.7177165299112133,0.5117706250417258
0.7212710041632432,0.5127991044647173
0.7214614966792205,0.5128693888625728
0.722875249525473,0.513373497084385
0.7245416191424179,0.5138936771393396
0.72546563054665,0.5141507543873176
0.7286370642887041,0.5150822438030266
0.7302060629179234,0.5155569865556008
0.7317453199198674,0.5159884549449748
0.7280776384316574,0.5152294741056005
0.7295172601423576,0.5156705101090442
0.7280915982262349,0.51545130357369
0.7295189545177533,0.5159294356695567
0.7291384339586903,0.5161281279780566
0.7285331124282012,0.5163764661149044
0.729765205262181,0.5168661634917007
0.7309775396414249,0.5173639921318947
0.7332874564047915,0.5183501761653797
0.735347689160278,0.5189587300339049
0.7362305109568962,0.5192110297322408
0.7378375426390857,0.5196981719038554
0.7240674487085588,0.5168347973792067
0.7253975319102559,0.517293404436141
0.7267484946076612,0.5176638065593546
0.7197198523645603,0.516172518233938
0.7201670569451969,0.5164202247272947
0.721010547583823,0.5168967839291803
0.7216927258950256,0.5173109547852301
0.7218972014485839,0.5175248704351023
0.7224336297512223,0.5179115732091989
0.7229984280366764,0.5183275142729321
0.7233088966406996,0.5186120527751926
0.7236160625996381,0.5188165471376917
0.6986061030396743,0.5119816070342196
0.6944728724908206,0.510860525565177
0.694382227689003,0.5108706162955259
0.6940509797866943,0.5109118496450209
0.68538812224834,0.5079035383732413
0.6810428918196594,0.5062738302336397
0.6807821776019717,0.5061625568231323
0.6763797053856537,0.5043287690589635
0.6758891302342672,0.5041749664756086
0.6718281638824545,0.5023975441012267
0.6706974237112524,0.5018777955332661
0.6665282574368219,0.49997684613543025
0.6618830439749995,0.4978072923412329
0.6606675082096749,0.49712746848430045
0.6567507119809393,0.4950579251479402
0.6522158716953523,0.49251410574175103
0.6506584019576168,0.4915876504547898
0.6470349942523403,0.4894577411461829
0.6426695667310756,0.4868467441482717
0.6410108302502514,0.48579506137818884
0.6390769234824087,0.48454644761257715
0.6335474468380828,0.48081382497398045
0.6315227338238334,0.4793744142595421
0.6285696595966175,0.4772441510352105
0.6248373983254921,0.474397171043797
0.6228105390617301,0.47273640963343955
0.6202598997684728,0.47063665376460734
0.6168440029290054,0.4676473843557266
0.6146615308176455,0.4656668019960588
0.6124905135194538,0.46366177225905864
0.6093554558161878,0.4606138875334418
0.607044739560658,0.4583477073292209
0.6046702752144331,0.4560992133113499
0.602482976994111,0.4537917194542226
0.6013888424784128,0.4526047607845578
0.599101848938083,0.45012452844999074
0.5967579014910982,0.4475649520207276
0.5956221113144153,0.44629366279304833
0.5927568395274446,0.44215995963532684
0.5921383537785236,0.4411793150523909
0.5910023839883171,0.4399017967901512
0.5894389964418687,0.4379037576234289
0.5884790720347928,0.43656345722106915
0.588212623417065,0.4360062659789154
0.5861717720433581,0.43347670195531685
0.5860681732192121,0.43310926328297383
0.5850815947236476,0.4317563014177527
0.5839910629465934,0.43056949046349685
0.5830983885697625,0.4295025873834828
0.5832423030691855,0.4295682117894831
0.5822707644768401,0.428378727838701
0.5827033875261871,0.42872902486082165
0.5817593753702847,0.4275860749410376
0.5808282587046096,0.4265116836752019
0.581458334276778,0.42724411950320595
0.5805656002659857,0.4262490197480706
0.5814245620458267,0.4271641867776304
0.5807177976844398,0.4262532390624355
0.5799765722171877,0.42531753647900555
0.5809773415623304,0.4264715382853076
0.5812933123895696,0.42686098010341017
0.5805234065430498,0.42598577927811276
0.5810285725817312,0.4266180878458993
0.5803156533154308,0.4258043443649261
0.5789590511910059,0.4242392229468078
0.5783130642686731,0.42348746703001205
0.5821482676009725,0.42809299024602354
0.5815309092218839,0.4273976270651779
0.5803374626133693,0.42606092628255066
0.5797968798323346,0.42543768804840754
0.5840488240176195,0.4306431562011956
0.583548377977894,0.43017663604255185
0.5855397843787296,0.43258630953745847
0.5850313461609882,0.4320498810693565
0.5845756137472531,0.43156241827024555
0.5837332258908043,0.43066522626778114
0.5887279418576584,0.43646228309494617
0.5880297271491621,0.43573421614922414
0.5874428228485389,0.43511721635421374
0.5928853645702549,0.4412083718643438
0.5924551486883434,0.44077371454166236
0.5922028495154861,0.44060050016399427
0.5981071294723594,0.4469053149652378
0.598059503910127,0.44694450845848865
0.6011937207809656,0.45015700400895053
0.601224867234241,0.4502311054564183
0.6015371345037682,0.4506485505177398
0.6081722027370896,0.4571347002771999
0.6085126480397003,0.45745490135055444
0.6092649587435175,0.45822057968512175
0.6164247276983531,0.4647809506605547
0.6205550241689451,0.46841437841606925
0.621032741579368,0.4688811042060298
0.621558169550902,0.4693549577884905
0.6250621534661263,0.4722975149542209
0.6255820829590054,0.4727300957673665
0.6293494496053709,0.47579381660120823
0.6299970397265178,0.47635306849720876
0.6306978710745391,0.4769307447504537
0.6346434528780651,0.4799312856762834
0.6353738363154038,0.4804896153384537
0.6392247469817472,0.4832830918058876
0.6401070995402259,0.4839203085760989
0.644949021319973,0.4872807229511067
0.6469185088872951,0.4886002946119956
