x,y
0.001341169131147825,0.3616655690461229
-5.56210302142604e-05,0.3613239327645433
0.0005799533307953644,0.3612234920141424
-0.0002682536035688854,0.3611342830267434
0.0008800069624794113,0.361137721660283
0.000476047088748259,0.3609615498252028
0.0008538308457107409,0.36092008907566486
0.0008985492924312895,0.36084115000883293
0.0008985492924312895,0.36084115000883293
0.0010281229362906485,0.36087249446674097
0.0011008942427538533,0.3608146430068945
0.0010936010215828046,0.36085417306795997
0.001340406648936164,0.36079613880712963
0.001288853396841469,0.3608285734237724
0.0011716171568239321,0.36087305499283623
0.001503461680850044,0.3608182204627185
0.0012523377066036775,0.3608673539058568
0.0017387812338068194,0.3608102012023384
0.0014066327005890743,0.3608505891712976
0.0011245442931803948,0.36088137873646475
0.0017755448747854875,0.36078572393120145
0.0014424283109629142,0.3608066972239484
0.0014424283109629142,0.3608066972239484
0.0022398884923932987,0.36070695414299536
0.0018299793364472648,0.360720111649906
0.001389526098472111,0.36073140355275035
0.001389526098472111,0.36073140355275035
0.0022300226192766455,0.3606298640564002
0.0022300226192766455,0.3606298640564002
0.00035214523897518155,0.3605427128438286
0.003921487391204015,0.36040586043216677
0.0031363891931176086,0.36043672504267876
0.00475052889582781,0.3604077392003741
0.0039635017845229634,0.3604323192411778
0.0031216749290222095,0.36047029336755176
0.00478486721141246,0.36043442901861716
0.003993449609771906,0.3604714600414135
0.003993449609771906,0.3604714600414135
0.005732474640670214,0.3604345443307881
0.004833669223691363,0.36048182723855604
0.003960022662910342,0.3605113442016053
0.005640276632206604,0.3604897427816244
0.0046930676514486645,0.3605549675853157
0.003797559905586983,0.36059069049930625
0.0055057244397835395,0.3605202513692591
0.004428032182422036,0.36054960764644006
0.006191943146651316,0.36050670390369033
0.006191943146651316,0.36050670390369033
0.005162734323989974,0.3605649190166762
0.00701281877759013,0.3605443594794742
0.005909062769038591,0.36054769734169695
0.0048242342285505346,0.36056556096039216
0.006613291426911598,0.3605195511562962
0.005498970249958778,0.36051623049998527
0.0043799374006115825,0.3605028835746551
0.006257060491914629,0.3604601455097993
0.005171140444187684,0.3604738423875959
0.006963095602108269,0.3604263652082399
0.006963095602108269,0.3604263652082399
0.005931648052548517,0.3604415003693012
0.0047603662055703995,0.3604346055156354
0.006583904990604209,0.3603799402134408
0.006583904990604209,0.3603799402134408
0.005445055162557157,0.36036425269615713
0.007321153535503761,0.3603092351534261
0.007321153535503761,0.3603092351534261
0.006195667538052117,0.3602951278300646
0.005022033884460056,0.3602993808389902
0.006921626962755418,0.36025278500734115
0.005758012858426352,0.36024825891161305
0.007626544867487838,0.3602204766093955
0.006458114186428812,0.3602372087855551
0.005331858070305239,0.3602327775911202
0.008337706483676972,0.3601889335808718
0.0072110950459921865,0.36018069765396227
0.006043687942134509,0.36017668827193955
0.007830811731191743,0.36016256300826066
0.00672973770360074,0.3601685663302881
0.005711849337703729,0.3601642037813602
0.008504208974247168,0.36011550177583357
0.007425026626205819,0.3601129751610661
0.007425026626205819,0.3601129751610661
0.006364720608709205,0.3601057803712284
0.008109442195703406,0.36004870025090535
0.008109442195703406,0.36004870025090535
0.007078778798773076,0.36004338683330395
0.006053872281627222,0.36003380804461865
0.008800506358755464,0.3599792471665488
0.007789499439937994,0.3599757432689147
0.006787867003452334,0.3599687354407921
0.008491811166741832,0.35993645094574184
0.008491811166741832,0.35993645094574184
0.007665813535190094,0.3599561432185017
0.009421338018512315,0.3599153203904312
0.008499102173282105,0.3599863872737713
0.007695904283498731,0.3600234160776381
0.009144384085380012,0.3600094197757619
0.008401040502990653,0.36003076724071836
0.007614184793782588,0.36011570040425583
0.009031161270949873,0.360069387707308
0.009031161270949873,0.360069387707308
0.008284666410224878,0.36014547690738397
0.00978280624956929,0.3601296999904142
0.009043605693753363,0.36018229349040276
0.010479503283457868,0.36014709081103546
0.009737645966180321,0.36020893073182125
0.00903593262989159,0.36024933064962833
0.010253314186423957,0.3602091816712077
0.009654079118599987,0.3602943835375799
0.009102141764803201,0.36037465966719284
0.010387082415041793,0.3603142374923378
0.009876070405268396,0.36032707634410965
0.010959560657745157,0.360271489630402
0.010959560657745157,0.360271489630402
0.010176552876583735,0.3603182178829979
0.01154635882942729,0.36022906372075153
0.011067472678708789,0.3602379718190438
0.010577571955441706,0.3602400618342207
0.011365215514365357,0.36015438371651204
0.010943845031360646,0.36015731731020356
0.010549527140345514,0.3601741574925071
0.011258394594151214,0.36010027968406694
0.011258394594151214,0.36010027968406694
0.010917395895534976,0.3601172695293842
0.011476212566307402,0.3600397783509514
0.011188425972086967,0.36005325258999693
0.010927249372215233,0.3600668838001408
0.011620156810158261,0.35997985830509777
0.011385595622574685,0.35999345374386393
0.011177628279416325,0.3600058310269746
0.011177628279416325,0.3600058310269746
0.011494716084159447,0.3599346240994916
0.011390942581358351,0.3599537382690947
0.01130117374200985,0.35995036207039854
0.011590348215768397,0.3598824373065969
0.011590348215768397,0.3598824373065969
0.011747006547589313,0.3598827550893344
0.011958124485953412,0.3598345690521458
0.012019784726756908,0.35983521184243594
0.012054583100115784,0.3597816029526497
0.012300177306310115,0.3597856745701143
0.012565970123573963,0.35984073939001116
0.012643230702046055,0.3597965741992433
0.012837502022240646,0.3597899426752855
0.01276112125132093,0.35973511652803036
0.013118425442828072,0.35970906584008655
0.013416884595621827,0.35970805070924994
0.013250123921886958,0.3596870213735136
0.013600193412166998,0.35967293372817405
0.013975766085232922,0.35965723432480534
0.013586694877350588,0.3596281581235378
0.013997822087732877,0.35962635208123067
0.013449605000744162,0.3595969111986307
0.013952780953377802,0.3595922809855422
0.013952780953377802,0.3595922809855422
0.013254023346835736,0.35957712915396534
0.013815409047076338,0.3595744740240463
0.01443490807314379,0.3595626991844849
0.013745216119520658,0.35954738065779507
0.01448556075851512,0.3595093310821847
0.01514115833063408,0.35951172997970043
0.013620951221361012,0.3595459109113953
0.014266903462224971,0.35951455983571484
0.014933308350883754,0.3594948009742877
0.013998811121266014,0.359500119448775
0.013998811121266014,0.359500119448775
0.014728213398440994,0.3594561612857815
0.015478872346601606,0.359406593810739
0.013644211803141867,0.35947028717014295
0.014415787691480818,0.35942024492726515
0.014415787691480818,0.35942024492726515
0.015207690614457441,0.35936604407915307
0.014087987889351481,0.35938544293679736
0.015010437182695725,0.3593574815204803
0.01593326611729015,0.35928167724708
0.013813135259609423,0.3593786983524178
0.014784829550083119,0.35931052079256076
0.015683316296498998,0.3592743955144648
0.014595196479113162,0.3593085196712604
0.015571696728923895,0.3592328314405623
0.01662176517174693,0.3591710518297119
0.01529492855818957,0.35921941315246336
0.01638312137449787,0.35912918931501187
0.01503896507012769,0.35917654619465855
0.01503896507012769,0.35917654619465855
0.01615508320001173,0.35908134953006104
0.017283112795032134,0.3589809538853401
0.014685288541646097,0.35914228947756943
0.015821009065171962,0.35904474175833484
0.016973811694023146,0.35894205627739706
0.016973811694023146,0.35894205627739706
0.015511778743616693,0.3590090110412609
0.01668812863880121,0.3589036589719817
0.017874536024530905,0.35879264643725817
0.015108236959153464,0.35898085261210116
0.016304920505934763,0.3588748843853363
0.0175715268742998,0.358785116762091
0.016084974764592138,0.3588637771268403
0.01737869938338172,0.35875533532710446
0.01869759067737643,0.35861366391574573
0.017139983748376414,0.358729487299758
0.018501002252723085,0.35864071143833365
0.016973530573593163,0.35879460631793303
0.01837012806822979,0.35870301396064863
0.019741506053566296,0.35866430192563614
0.01800730622568864,0.3587940327537854
0.019358850589477096,0.3586789161404155
0.01777446418353782,0.35884181322470854
0.018998033439747212,0.3587584783415206
0.020367141615459203,0.3586613404911481
0.01882929259332253,0.3588072134530339
0.0201831784746955,0.3586997020548273
0.018579049048987432,0.35884572268157977
0.019972762688754128,0.3587451407069186
0.02136770554693374,0.3586345453008878
0.01977528977289983,0.35873939396484283
0.021013294439111777,0.35864002961481944
0.01956733550739528,0.3587676543328138
0.020958521543763164,0.3586942813148946
0.01931671260081978,0.35882314798108433
0.020624933208166062,0.3587386090973674
0.021992465269926036,0.3586063133664264
0.020414967129089127,0.35872307905727324
0.021671304998075038,0.35863243246535587
0.022963482306056448,0.3585476014199757
0.021337101914835968,0.3586804601294243
0.02253210095570526,0.35860080289144525
0.021037465140547475,0.3587052068607763
0.02231399729297023,0.3586322593172194
0.023563335527516837,0.35854889845112975
0.02205820104806174,0.35864412290247694
0.023323396994610616,0.35855492336183087
0.0218817808553649,0.3586320298781676
0.023011037878317306,0.35855277720763146
0.024126621753706504,0.35849976072770073
0.022699173823349537,0.35863701708125145
0.022699173823349537,0.35863701708125145
0.023773194290265448,0.35860584204517265
0.022538143215844447,0.35864850802769943
0.02367150002066922,0.35855832568442236
0.024804115852787224,0.3584735903188468
0.02354688437229581,0.35853151309261094
0.024611566566177502,0.35845241523894894
0.025713413564747847,0.3583715460747022
0.024610602213263146,0.35842660746094795
0.024610602213263146,0.35842660746094795
0.0236303640814168,0.35845073232038627
0.02451204442944199,0.3584052051247208
0.025459447702313235,0.35836043342251667
0.025459447702313235,0.35836043342251667
0.02449931986276415,0.35838558608354215
0.02539008123773804,0.3583552215268303
0.02625234991510793,0.3583308246522253
0.02523587818822451,0.35833923603498957
0.02603505511383602,0.3583211099381886
0.026656051380303088,0.3582924306286175
0.0256121737329079,0.3583439531347427
0.0256121737329079,0.3583439531347427
0.024680185466872957,0.35836949470558654
0.025245699026983797,0.35837449725011744
0.025245699026983797,0.35837449725011744
0.02580091260952981,0.3583467666207294
0.02510764155113878,0.35832638507681325
0.02510764155113878,0.35832638507681325
0.025605386394286882,0.35830696310833027
0.026076022509243853,0.35828861206958423
0.02501982521528908,0.3582795317217565
0.025460087062543203,0.3582651989118766
0.025872072734769117,0.35825372188176685
0.025872072734769117,0.35825372188176685
0.02539391493534971,0.3582248680420875
0.025751970641629575,0.35821966178816506
0.02608307503800495,0.3582165854000215
0.025393915565158624,0.3581841545237707
0.025697976987436113,0.3581837308867464
0.025974944712997203,0.3581852933404208
0.025974944712997203,0.3581852933404208
0.025721936736520935,0.3581464541075949
0.026026116710794592,0.3581749111433112
0.02601453978755784,0.3581423841972845
0.02629170582617109,0.35817290897333187
0.02649359868648684,0.3581796923518862
0.026521744243203922,0.35813329893980145
0.026521744243203922,0.35813329893980145
0.026619953637797834,0.3581570834838703
0.026733105773102988,0.35812923263294133
0.02677378565821948,0.3581453441939694
0.026877824407811717,0.35819114905158717
0.027142907266171364,0.3581310767421169
0.02710223701566148,0.35815272085003963
0.027458353491950103,0.35810797726985494
0.027345263115499566,0.35813703298986366
0.027259665464458488,0.35814303234215694
0.0277450641340242,0.3580661445018891
0.0277450641340242,0.3580661445018891
0.027536881264554877,0.35807965872945713
0.027291620250989447,0.35809406570999497
0.028115289893878417,0.3580016512728763
0.027958750783775577,0.358042449432319
0.027715890942186624,0.3580735364706785
0.02844794216327954,0.35802417931417607
0.02823098059133111,0.3580953717293119
0.029060883322521828,0.35799738712753404
0.028651950416885362,0.357998269325606
0.02826358989319312,0.35799860263612443
0.029253642800714075,0.3579067253284112
0.028880168806697464,0.3579161122916343
0.028419836993473113,0.3579232722170375
0.029937718708700017,0.3578238213443433
0.02939770813843398,0.3578313818697019
0.028826962233583282,0.3578386750499417
0.029869821465472145,0.3577516932356078
0.029250999035600682,0.3577624830110003
0.028608613635267722,0.3577722522579699
0.0304421527620412,0.3576780844671959
0.029776734881749627,0.35768990459747724
0.029088521482319232,0.35769941427144236
0.030312080592323522,0.3576215221042153
0.029675995216155913,0.3576539576794739
0.029049689484502303,0.35767910664425284
0.030444765914898288,0.3576146590343318
0.030444765914898288,0.3576146590343318
0.029711915232415734,0.35764453939609947
0.03116299302615277,0.3575898166521832
0.030392624598550126,0.357637890141036
0.02958906524451333,0.35763601729984035
0.031199112333316806,0.35757679831860645
0.03038513780752084,0.35758402370762643
0.031970467529806104,0.3575302391118277
0.031203714230534377,0.3575656039609698
0.03271852313723191,0.3575479790217612
0.03190231604497876,0.35759032850737654
0.0309556007734441,0.3576482657865858
0.03271196825623083,0.3576251687986338
0.03175429112181444,0.3576573191468626
0.0307858055865467,0.3576826670125135
0.032582521978752034,0.35764990334552427
0.03151043271789823,0.3576364558398474
0.03047573292171826,0.35763067278487726
0.03328098465573216,0.3575868973970997
0.03218717405850217,0.3575643957487391
0.034079489503495375,0.35752496331649813
0.03302289463802248,0.35752130689865863
0.03199002330344916,0.3575490343828522
0.03377178778406583,0.35750896405716226
0.03261330123708096,0.35751058104168704
0.0315357606924294,0.3575075281504627
0.03340556523228074,0.35746412605626376
0.03226487150467074,0.35745124771404874
0.03408361389170768,0.3574071821515496
0.032957729202854,0.3574000223355255
0.032957729202854,0.3574000223355255
0.034885271446630096,0.35735463637351267
0.033762689630577186,0.35734742588645196
0.03263277176718952,0.35734294661220417
0.03447888958078644,0.3572954365307761
0.03336755527687364,0.35727585052054367
0.03217435184043146,0.3572900090476835
0.03400623940605726,0.3573170386266476
0.03400623940605726,0.3573170386266476
0.03287258314970025,0.3573268042747903
0.03462915139420568,0.3572942067026777
0.03462915139420568,0.3572942067026777
0.033447604330316,0.3572823681239204
0.032274972499164126,0.35726565053292164
0.035245699527080614,0.3572441372990831
0.03410424234889865,0.35723255772875157
0.03297134077819973,0.35721749420067817
0.03297134077819973,0.35721749420067817
0.03469596045242104,0.3571792204952391
0.03356019928130133,0.35716536386021946
0.03356019928130133,0.35716536386021946
0.03243418591511068,0.35714730800500843
0.035303021491996864,0.3571209906281642
0.03419383041181844,0.357108349847973
0.033110671062339544,0.3570919075855656
0.033110671062339544,0.3570919075855656
0.0348051628663372,0.35704833477792886
0.0337740518149767,0.35703593464464145
0.0337740518149767,0.35703593464464145
0.032753957157633955,0.3570199853089443
0.034466887597946486,0.35697724051311835
0.034466887597946486,0.35697724051311835
0.03347080874570645,0.35696351880663746
0.03515102306111949,0.3569240832399437
0.0343032296892183,0.3569123514930713
0.03348809747721017,0.3569240771934179
0.03502457984584413,0.3569488112783537
0.034198604773586994,0.35697400276478275
0.034198604773586994,0.35697400276478275
0.035686089632005216,0.3569824059411915
0.03487459730285883,0.3570289522143414
0.03487459730285883,0.3570289522143414
0.03640674723117637,0.3570232808557228
0.03556560957065222,0.35708389977262
0.03480657022249638,0.3571419348242674
0.0362046969486378,0.35710461793090076
0.03544595612917053,0.35713992278758105
0.03466249937612688,0.35718575536719294
0.03596554238752195,0.3571676408288723
0.03531379330254306,0.35720045765084646
0.03531379330254306,0.35720045765084646
0.03650289165698535,0.3571540005583182
0.03588959498537846,0.3571573212324787
0.03588959498537846,0.3571573212324787
0.03658889901662418,0.35712933834195926
0.036059492268454986,0.3571566214874625
0.037115120386445016,0.35711362544510233
0.03670857429255452,0.3571315864144242
0.036230084345240485,0.3571538100430116
0.03713623925970232,0.35708964183233743
0.03674198290271933,0.35710724447984193
0.03674198290271933,0.35710724447984193
0.037489159743962525,0.357033555608157
0.03707835328967045,0.3570421315155542
0.03770542996615401,0.35696770571375347
0.03731924991352383,0.3569751781866673
0.03695092394241541,0.35697506399256695
0.03749963449826311,0.3568919969066184
0.03749963449826311,0.3568919969066184
0.03719201191560057,0.35689945075573876
0.036929044496081004,0.35690365908421534
0.037388665383762225,0.35682057984807314
0.037388665383762225,0.35682057984807314
0.037179610922606104,0.3568194390714823
0.03749788590539612,0.3567394715950051
0.03743182158572244,0.3567418187759453
0.03764480399407182,0.35665676482257735
0.037627447909150305,0.3566668802783269
0.037629855136523935,0.35665961508457733
0.037721250616562604,0.35657594809402277
0.03779784848363994,0.3565720540545469
0.037954699951795096,0.35656640509922555
0.03810187890162723,0.35650805532198526
0.038367366737056895,0.35649074584592255
0.038367366737056895,0.35649074584592255
0.03841006227788556,0.35641892105212136
0.03866477785107439,0.35640726339741524
0.03852217930673228,0.3563675438331478
0.03894952279183304,0.3564391355372997
0.03928676044313634,0.3564501787928387
0.03899894848176218,0.35639967927510924
0.03939669446737196,0.35640489595003855
0.03987382935950811,0.3564287913942705
0.039467691217069736,0.35642787360966466
0.039467691217069736,0.35642787360966466
0.03992250710971213,0.3564525833796829
0.03939837705399484,0.3564178166501504
0.039864212291561736,0.3564044122897506
0.04034772894733504,0.35638598181009307
0.039165734674238964,0.3563806061807259
0.039695092917753985,0.35635929881006756
0.039695092917753985,0.35635929881006756
0.04025383669063287,0.3563359418227054
0.03952257094793698,0.35631704077350085
0.03952257094793698,0.35631704077350085
0.040139094343917756,0.35629115773549164
0.040779545453310265,0.3562627362167935
0.03925896299582924,0.35628229875833956
0.039922432463823945,0.3562537613012223
0.039922432463823945,0.3562537613012223
0.04060850228948599,0.3562223225441325
0.039676714624569606,0.3562192508360294
0.039676714624569606,0.3562192508360294
0.04040675888967127,0.35618211888115636
0.041158096410493054,0.35614221718868316
0.03932286271416317,0.35618807501868105
0.04009513933478626,0.3561487556163992
0.04009513933478626,0.3561487556163992
0.040887788081505866,0.3561056390250692
0.039768075747478024,0.35611656615148213
0.04069529167762746,0.35609782493869563
0.04159730244601597,0.3560810392954802
0.03947628082634918,0.3561565087437641
0.040457164371423174,0.3560969073244249
0.04144850923495804,0.3560356675788176
0.04144850923495804,0.3560356675788176
0.0402603634320151,0.35605732615506147
0.04128902433763293,0.3559904917839998
0.04233568665015984,0.3559168881794771
0.03996207770708195,0.3560226804953852
0.04102554147665572,0.3559506223937466
0.042105210662019735,0.35587262570988176
0.042105210662019735,0.35587262570988176
0.040769283892721477,0.3559096763170041
0.041878803848259955,0.35582840053584236
0.041878803848259955,0.35582840053584236
0.04040995116575245,0.3558763755156976
0.041542624848977805,0.3557932373777941
0.041542624848977805,0.3557932373777941
0.04269383570484003,0.3557045280375127
0.04123484709280122,0.35575708427449404
0.04123484709280122,0.35575708427449404
0.04241022530046499,0.3556635124390884
0.04359613117436826,0.3555648892096282
0.04083160006312236,0.35572494009233985
0.04324679573732301,0.35557200745577244
0.04324679573732301,0.35557200745577244
0.04174063576051751,0.3557094524269531
0.04309779774048182,0.3556893208031584
0.041506746984803264,0.35582219663426784
0.04289449707725863,0.3558041812132887
0.044277942069049,0.35574296940419536
0.04264398288057906,0.3558252751794187
0.04397648186023056,0.3557130508659776
0.04232570880448393,0.3557989137330903
0.043707188318694995,0.35570093236654493
0.04509601318222797,0.35562415793977004
0.04345140395150213,0.3557697336459404
0.044754757579316636,0.35569392001306666
0.046105841586049946,0.3556204924620063
0.0443893277815508,0.3557573109737416
0.045725481456034334,0.3556573339471114
0.044093963168602326,0.355776765990438
0.04550486175901451,0.35569474010810515
0.046915718383111905,0.3555767569299686
0.04521224883390648,0.3556810117281503
0.04650459201300025,0.35561767251332
0.04486959427970698,0.3557471162014659
0.04623897121673319,0.35563064541666106
0.04756924288549248,0.35554914726988784
0.0445868254519987,0.3557546938660845
0.04588514308890207,0.35566508679936293
0.0471320437532766,0.35558691733368614
0.0456724808549511,0.35570940726880307
0.04699954907087234,0.35563782365539004
0.04549975611274225,0.3557391904491753
0.04679913336637538,0.3556663859428518
0.04808644781786818,0.35558843489620945
0.046675038630995445,0.35567756167357967
0.04800670615578774,0.3556065336033537
0.04649659594288953,0.3556929652789223
0.04777740215988184,0.3556238490580572
0.04904386090048164,0.3555461007765163
0.04760190984712472,0.35560067859032957
0.048829149815812815,0.3555019692058208
0.047475079623428305,0.3555384201890116
0.048645360745086255,0.35545944723898104
0.04981915667883845,0.35539025850612893
0.04856108723581802,0.3554368553045035
0.04961448009432516,0.3553686129772751
0.050758749709610876,0.35529062229095476
0.049610983184979675,0.35531365626230776
0.049610983184979675,0.35531365626230776
0.05067407979182462,0.3552489231646532
0.049560540786974305,0.35526746451273855
0.05057525704011318,0.3552160731330666
0.05057525704011318,0.3552160731330666
0.051563963176687315,0.35516976503710707
0.05048054061085806,0.35519162090060086
0.051417788400131656,0.35515891346650863
0.051417788400131656,0.35515891346650863
0.0504681988024835,0.3551736294130158
0.0513522585228723,0.3551542590711355
0.05220924490869806,0.3551405020850464
0.05047273297253328,0.35516558356148237
0.05128291435972443,0.3552057171892865
0.05198500440940251,0.35528540517927654
0.051132927734554925,0.3553685784135469
0.05178663355543908,0.355399407831723
0.05178663355543908,0.355399407831723
0.05096047887312681,0.3553818346551398
0.05147372743759856,0.3553644638598383
0.05147372743759856,0.3553644638598383
0.05195608607245562,0.35534818077978597
0.05119937568476292,0.355323298103558
0.05119937568476292,0.355323298103558
0.051636942499582845,0.3553140999901751
0.052054766092510994,0.3553067085239992
0.0513927867596758,0.3552782968064529
0.0513927867596758,0.3552782968064529
0.051760866797870245,0.3552741905460407
0.05124021929370931,0.35524152823195604
0.05124021929370931,0.35524152823195604
0.05155518097274708,0.3552447245336894
0.05184475756907733,0.3552504770764786
0.05115660974135555,0.35520827145669814
0.051420611360889316,0.3552163358958111
0.05165881264761747,0.35522613606810616
0.05165881264761747,0.35522613606810616
0.051373282917590635,0.35518787155392156
0.051672595748440145,0.35522835016405563
0.05200060834685384,0.35524834594026616
0.05194661059305009,0.3552311251481887
0.052109944030008744,0.35524522666211195
0.052222828510534995,0.3552106380762852
0.052343092953429225,0.35524351996902387
0.052460340208996745,0.3552733618695212
0.052749600276769316,0.3552157917445008
0.05291162901350116,0.35524309388608316
0.05331577049651696,0.35521310340955903
0.053310914123987294,0.3552570581875171
0.053181256245563385,0.3552726136399824
0.05351514199060978,0.35520829116021707
0.05348301654105407,0.3552145165357595
0.05397436388285155,0.35515228961682516
0.053833977824515065,0.3551785207631154
0.0535865995065751,0.35522752127625706
0.05410926753710861,0.3551512541933316
0.053889518635154975,0.3551581500533449
0.05467197219712015,0.3550796659651734
0.054438462616643556,0.35510585746254375
0.05403915161464896,0.3551052916675118
0.055224679782223264,0.35502209912064236
0.05482493969100526,0.3550232564853954
0.05446688482555704,0.355019358940293
0.05538928110318826,0.3549299770080545
0.05491271653493481,0.3549219787852261
0.05590773722935529,0.3548352607823122
0.05535779747941606,0.35483339836305894
0.054783643901903364,0.3548322294083632
0.054783643901903364,0.3548322294083632
0.05582668978147883,0.354759122805873
0.055206025058314574,0.35476166441903817
0.054561794325966494,0.3547632313239708
0.055729964178386285,0.35469681325313623
0.05504020506051161,0.35469676763953795
0.05504020506051161,0.35469676763953795
0.05626372972511669,0.35463458570371803
0.0555761301630246,0.3546609963343614
0.05699693626925904,0.3546708425008758
0.05625146682802658,0.35471558640905454
0.05554612010126757,0.3547402408531952
0.057018578218529126,0.35470982691314373
0.05624640300653508,0.3547681724868644
0.05776217217147353,0.35474730837057333
0.056810492867034684,0.35480452520010003
0.05602031681506618,0.3548414487238994
0.05756462309759542,0.354834577295464
0.0567500859035814,0.3548729336007074
0.05845842433693699,0.35485933752193666
0.05755532527482878,0.3548628771089392
0.05657976686180113,0.3548752313130125
0.05830594393159674,0.35488367171671564
0.0573547451046045,0.35490831750681323
0.05636635103921705,0.3549148744389397
0.05826318836595438,0.35492546287117244
0.057215791163095144,0.35492401300506476
0.05891465091423487,0.35492672583361573
0.05891465091423487,0.35492672583361573
0.05797831430487112,0.3549248817402346
0.059741455905531406,0.35490955529483126
0.05864016904299951,0.35492190321652944
0.057489175231021275,0.35490909259116016
0.0593091392633322,0.3549093963542405
0.05817589928210049,0.3548787592718554
0.05706099208119683,0.3548454313917342
0.05895026643713911,0.35482693116603853
0.05895026643713911,0.35482693116603853
0.05784583877563103,0.35480797573791006
0.059672186901734245,0.3548026208435224
0.0585350191419695,0.35478286320028574
0.057428500196752566,0.3547694955747057
0.05930094537690202,0.35477162089221875
0.05930094537690202,0.35477162089221875
0.05817562768637871,0.3547370838746538
0.057057520829290075,0.3546953196868178
0.060033105204652965,0.3547242588682479
0.0589156797797185,0.35468634465817
0.05777437975398862,0.3546481239846528
0.059660991159324044,0.3546542012130287
0.05852474020439247,0.35463802381852294
0.060327810743982795,0.3546254912849659
0.060327810743982795,0.3546254912849659
0.05916026219388154,0.35460369428643934
0.061039896377553485,0.35459000386665024
0.059880294231424554,0.35458537691203074
0.058814085987682944,0.3545404960245679
0.058814085987682944,0.3545404960245679
0.060611262132331645,0.3545133189295241
0.059575285827666406,0.35448720046859833
0.0584824761977372,0.35446435298457935
0.060175226874824496,0.3544652760851986
0.059091104402646234,0.35442697306981824
0.059091104402646234,0.35442697306981824
0.06080667627272059,0.35441090492100497
0.06080667627272059,0.35441090492100497
0.059795936758603264,0.35438383177868876
0.058777952847402316,0.3543519050435013
0.061499497291564925,0.3543591647952147
0.06049091645576877,0.35433292468633426
0.05949462651206171,0.354303440283315
0.06116570585720573,0.354290403665288
0.06022821620605985,0.35429337905290353
0.0593106295412421,0.3542826418690016
0.061022255820962185,0.3543114935464654
0.060204076221161654,0.354325295067959
0.06178060176248176,0.3543476677562793
0.060955359484651396,0.3544152858677408
0.060955359484651396,0.3544152858677408
0.06242987186850383,0.3544434144861679
0.06162095492781198,0.3544974843782914
0.060894536833992555,0.3545437044899637
0.06229289044497978,0.3545470480822125
0.061548739695285556,0.3545748468576374
0.06277071247942746,0.35457874348805274
0.062095583197242336,0.35462568474211703
0.06141029373944244,0.35466538242011075
0.06268722527145054,0.354673204398283
0.06202729981179486,0.3547123566761526
0.06146671023541374,0.3547623358938944
0.06266613600743683,0.3547461549454477
0.06266613600743683,0.3547461549454477
0.06220628359603933,0.3547396416193472
0.06315608044725318,0.3546956947745614
0.06257629374427548,0.3547054048929355
0.06204524118032461,0.35470583321108784
0.06345318984586706,0.35464710563194257
0.06296287623217153,0.35465250634755446
0.06249716810587274,0.35465877514473754
0.06327044648353422,0.35460413073296254
0.06327044648353422,0.35460413073296254
0.06285730526997241,0.3546130779021895
0.062469632498345834,0.354620666807972
0.06316138495150654,0.3545608082453255
0.0628245442131448,0.35456441722874654
0.0628245442131448,0.35456441722874654
0.06337408023766028,0.3544969715641227
0.06308882740586168,0.3544954039340324
0.06308882740586168,0.3544954039340324
0.0635158728437125,0.354420768820046
0.06328285741487392,0.3544160700563615
0.06307614419422375,0.35441175988131407
0.06307614419422375,0.35441175988131407
0.0633913276789609,0.3543377700984469
0.06329663654746398,0.35435665558344887
0.06367345197294583,0.3543266063729829
0.06377446528090003,0.3543602183993823
0.06392955598745641,0.3543873898400879
0.064215870792607,0.3543427413491099
0.06429150709228963,0.3543471613086678
0.06440793767665047,0.3543454688542378
0.06451073744371848,0.3542845806391114
0.06478963344389384,0.35428404807215014
0.06483122186624693,0.35421296018975434
0.06508613689302678,0.3542209484414634
0.06549817692960307,0.3542191829379277
0.0654208036883708,0.3541491380161009
0.06569472641181937,0.3541315414746254
0.06569472641181937,0.3541315414746254
0.06547065681986716,0.35410011741775826
0.06590961260610884,0.35410565882554196
0.0655484463172371,0.35407639907394867
0.0660577465240708,0.3541025409694968
0.06645633867174229,0.3541160920376276
0.06645633867174229,0.3541160920376276
0.06589492953181941,0.35407604575220225
0.06635078323304829,0.3540773935600627
0.06635078323304829,0.3540773935600627
0.06564201928484151,0.3540555805778009
0.06614814877284385,0.35405204968454296
0.06614814877284385,0.35405204968454296
0.06668933762433324,0.35405068204341994
0.06595787465092326,0.354026844808656
0.06595787465092326,0.354026844808656
0.06656818827912592,0.3540169281983518
0.0672084854764053,0.3540042993871179
0.06568787006471344,0.35399940383534545
0.0663483282763465,0.3539844340728882
0.06703523098244295,0.3539645339450385
0.06703523098244295,0.3539645339450385
0.06610094593302082,0.353945339320086
0.06683193736337383,0.3539187117947619
0.06683193736337383,0.3539187117947619
0.06758311180885059,0.35388930884892683
0.06574740751128132,0.35390564324425966
0.06652073268124216,0.3538779370410859
0.06731427937241585,0.35384800666764704
0.06731427937241585,0.35384800666764704
0.06619474399577936,0.35384164498291715
0.06710899480686126,0.35380122008114256
0.06809310220327562,0.3537562912877386
0.06700005090126286,0.3537473934186233
0.06800376432044344,0.353692272309199
0.06800376432044344,0.353692272309199
0.06680259818605386,0.35370329841311626
0.06782038800005516,0.3536461500755684
0.06886975955581875,0.35359209599132596
0.06755101130966738,0.35360224209745494
0.06856587107719267,0.3535434448962197
0.06723905742984485,0.35356161070951264
0.06833950383647115,0.3534927642381589
0.06942750033516742,0.35344216889823166
0.06694724507266625,0.35352889678698485
0.06798490155742624,0.35347657169743624
0.06915115834375665,0.35340582261087927
0.06915115834375665,0.35340582261087927
0.06765498717244421,0.3534339325562488
0.06884075224193331,0.3533581511505441
0.06744752988981297,0.3533864940493321
0.06853338752915596,0.35331676669729256
0.06978398076858577,0.3532366008194502
0.06822126498497959,0.3532762208524819
0.06950343112652323,0.3531994841506111
0.06950343112652323,0.3531994841506111
0.06785764410245615,0.3532524236991903
0.0691576925695651,0.3531785082902475
0.07046613583935726,0.35310110215257023
0.07046613583935726,0.35310110215257023
0.06887461551907749,0.35315941728666606
0.07019903857696341,0.3530834968589346
0.07153038050509566,0.35300366890171947
0.06853016425175266,0.35314648591890463
0.06986810623193981,0.3530713802041745
0.07121151578794571,0.3529930476942177
0.07121151578794571,0.3529930476942177
0.06959722071554902,0.353055578486069
0.07094062732869161,0.3529801257120054
0.07094062732869161,0.3529801257120054
0.06924927786073351,0.35304623309774147
0.07059039870615468,0.3529767349518534
0.0719270976917565,0.35290188072934864
0.0719270976917565,0.35290188072934864
0.07029137284764853,0.35297308923272713
0.07162047631085496,0.35290511531584107
0.07293752176434146,0.35286316081632413
0.07129859578595905,0.3529773880612151
0.0726534029903605,0.35291411272785583
0.07109055948877069,0.35300303188424575
0.07229205336301871,0.3529584669351926
0.07351981948332213,0.35292654229279163
0.07214898631824396,0.3530021395518591
0.07353870230958667,0.35294995864428713
0.07195809434116338,0.3530382012440323
0.07330012808499527,0.3529981748838625
0.07469900968381644,0.35293347649573575
0.07301999963070352,0.35300020765435436
0.07433983125782673,0.35297428088493377
0.07279770422682245,0.3530694736023609
0.07404367886801896,0.3530345363858337
0.07529715880675568,0.3529810166994452
0.0737982961224325,0.3530484735103424
0.07502806931021427,0.35299433384885154
0.07363340413625011,0.3530195186195214
0.07476098846458262,0.3529762932910253
0.07587487747382678,0.3529216068873811
0.07443175672290554,0.3529518738523897
0.07443175672290554,0.3529518738523897
0.07551721207779105,0.35290577014774227
0.07421379647509126,0.35293072487190114
0.07533279152203773,0.35287982258283157
0.07643788960728766,0.3528286113842182
0.07413576633059436,0.3528804297967965
0.07521709238415174,0.35283401784015256
0.07627386498328298,0.35279135987942006
0.07627386498328298,0.35279135987942006
0.0751740229083967,0.3527898231231481
0.07617969050231045,0.35275883189756313
0.07617969050231045,0.35275883189756313
0.07512880819356715,0.35275392616704143
0.07608595318723939,0.35273521867670865
0.07701822383380767,0.35272126271381865
0.07792499967988016,0.35271235777673055
0.07607287659295305,0.3527197927215984
0.07695362821699589,0.3527181739726668
0.07780777099348243,0.3527217314089678
0.07677914031687512,0.3527375007358902
0.07747749883835116,0.352736203383753
0.07658971409692512,0.3527361457688015
0.07727504027877215,0.35272463203998417
0.07781528081484741,0.3527256697559529
0.07644728796489737,0.3526998460997451
0.07701014754284882,0.3527356558953897
0.07761172796189472,0.3527682233138588
0.07684858834027268,0.3527368067061892
0.07739066978002841,0.3527567548536468
0.07691697855831105,0.35271270316324266
0.07723242822354419,0.35271267857516125
0.07753482739436553,0.35273670268242263
0.0769588471401968,0.3527124577877114
0.077256952639084,0.3527403238249716
0.07753454437599329,0.3527659453279026
0.07683838434192755,0.35270875422288916
0.07709717405905626,0.3527379432931617
0.07731337672948571,0.3527583506431401
0.07697848214053048,0.35271120169023223
0.07724118702558816,0.35274478023163247
0.07748161250583144,0.35278583986830947
0.07716829995671184,0.3527214354530317
0.07746398967786272,0.35276809347222665
0.0776720521704345,0.35278905806860666
0.07769038770656819,0.3527446908374799
0.07769038770656819,0.3527446908374799
0.07777981000277809,0.35276709855360044
0.07783284758968982,0.35278993836318906
0.07792912253812481,0.3527455498395515
0.07792912253812481,0.3527455498395515
0.07792162749830202,0.3527678533137995
0.07813318547747486,0.352721822024308
0.07806533490292422,0.35273937377363473
0.07798040012608462,0.35275201523791905
0.07843039143978775,0.352686362392547
0.07830534260879378,0.3526984407106313
0.07815626617027552,0.3527060485936549
0.07815626617027552,0.3527060485936549
0.07858724141312814,0.35264993751862383
0.07837919008990749,0.35265412126469575
0.07813434560591023,0.3526588426345118
0.07866801659868969,0.35263946911810046
0.07836618920170096,0.35263184695277283
0.07836618920170096,0.35263184695277283
0.07908581305346349,0.3525684613734135
0.07877609404178343,0.3525925229763049
0.07971123920116822,0.3525350481501477
0.079460611097077,0.35252514979200766
0.07917862354739111,0.3525120375652269
0.0801366654165071,0.3524598547235868
0.07971515065920225,0.35244836689283654
0.08084844835117154,0.3523847781885926
0.08045157192691171,0.3523612414702384
0.0799976960114102,0.35234853579064956
0.08106429240677368,0.35230004845778007
0.08106429240677368,0.35230004845778007
0.08044219010999114,0.35228757475960826
0.07979642866856787,0.35227360828013393
0.08096341181910031,0.3522351184693475
0.08027210970962823,0.35221810523759284
0.08149463518709371,0.3521843477870068
0.08149463518709371,0.3521843477870068
0.0808049721157453,0.3521756475265535
0.0822875270298568,0.3522282069120013
0.08164421403172036,0.35224133240657607
0.08088872206297112,0.3522550540959195
0.08233987599952208,0.35229566682981367
0.08156157243401538,0.3523111643438365
0.08315777406484665,0.3523533360180354
0.08235165636529991,0.35238853139747606
0.08149873416314386,0.3524092963012885
0.08309683986167125,0.35242197034362266
0.08224088427610576,0.3523809861880023
0.08394286277052468,0.35239401701888357
0.08305709342377945,0.35240171452376307
0.08208494554464489,0.3523809433838032
0.08373946737561334,0.35243332150998136
0.08277212525430097,0.35243561635376264
0.08179017946179117,0.35243849658831145
0.08348785269607709,0.3525097382618258
0.08262377721122048,0.35249055400964824
0.08434376116770259,0.35252419556640024
0.08340041379091162,0.35247772075573336
0.08238624134720357,0.35244011524866425
0.08403263102339456,0.3524699767719736
0.0828718934516675,0.352407480803611
0.0828718934516675,0.352407480803611
0.0847342761950219,0.3524223597243354
0.08360008127830212,0.3523755950169068
0.08253823590901874,0.3523285626991303
0.08436299573546982,0.3523659928632596
0.08326749380336382,0.35232026689336465
0.08517102362456734,0.352363284921746
0.084001171629869,0.35228034982773115
0.084001171629869,0.35228034982773115
0.0859345757540392,0.35229349536632304
0.08478101128821824,0.3522253363515209
0.0836365681295043,0.35216011002947484
0.0836365681295043,0.35216011002947484
0.0855163529680454,0.35219036745831994
0.08439153607579175,0.3521251171270658
0.08326714423206656,0.3520577691237158
0.08631276373820823,0.3521565893231549
0.08523151938667062,0.3520980344287068
0.08411288339765506,0.35203550423523267
0.08593267125716825,0.35206258135568097
0.0848053002368073,0.3520002117979247
0.0848053002368073,0.3520002117979247
0.08368177504179963,0.35192527218310976
0.0866585072614931,0.35202200717791043
0.08555963725482922,0.3519652460167007
0.08446624507084703,0.35190579907811625
0.08446624507084703,0.35190579907811625
0.086249394081336,0.35193864181122253
0.08517027046679165,0.35188090620564766
0.08517027046679165,0.35188090620564766
0.08409938221472517,0.3518187593437208
0.08590723329752946,0.3518522930272462
0.08590723329752946,0.3518522930272462
0.08485441875115728,0.3517918621324993
0.08485441875115728,0.3517918621324993
0.08655729252891342,0.35181457868424115
0.08552514521383651,0.35175622052158406
0.08552514521383651,0.35175622052158406
0.08722569827469862,0.35177377579169455
0.0862166480039771,0.3517206531341553
0.0862166480039771,0.3517206531341553
0.08522002984335934,0.3516665801487589
0.08684826909302411,0.35172445605967684
0.08600042340528938,0.35171622373099176
0.08514677765755944,0.35168985051062385
0.08692349646154474,0.35177930845953626
0.08613677951496009,0.3517827712855095
0.08763519573768794,0.351847672066345
0.08673716719306264,0.3518536304972473
0.08594652893943827,0.3518515218852517
0.0875774403313272,0.3519021323162777
0.0875774403313272,0.3519021323162777
0.08692670310551431,0.3519219901783013
0.08834273857060743,0.3519767469878986
0.08758440805276531,0.35200859866146667
0.0889434547557471,0.3520423438356942
0.08827116585655459,0.352071432264199
0.08757474705925354,0.3520823719157697
0.0887999367354904,0.35211072679778177
0.08819379491302157,0.35214181700344716
0.08819379491302157,0.35214181700344716
0.08939884712043365,0.35216593269173796
0.08893899596372928,0.3522191954045768
0.08840623196019626,0.3522032337153387
0.08943674643080225,0.35218092018665365
0.08889042671975168,0.35216998268309546
0.08975776566744532,0.3521268313039307
0.089237034286847,0.3521145158029692
0.0887739374711278,0.35211214041811245
0.0887739374711278,0.35211214041811245
0.08954644775718577,0.3520795479513931
0.0891294337132118,0.35207577347728347
0.08873791907941542,0.3520698922141069
0.08942731860967629,0.3520246051537561
0.08942731860967629,0.3520246051537561
0.08908767166559627,0.352015667897313
0.08963644921799785,0.3519597932428781
0.08934995299558726,0.35194792638998373
0.08934995299558726,0.35194792638998373
0.08977766149717636,0.351883405786659
0.08954406129629919,0.35187247969844226
0.08933712047914784,0.3518626730206831
0.08933712047914784,0.3518626730206831
0.08965393142934687,0.351797201509435
0.08957621934456382,0.35185125520772503
0.08987669941079816,0.3517737456441256
0.0898743255575715,0.3517885879953943
0.08982419880040128,0.3517811088862904
0.08996244901710435,0.3517194924685537
0.08996244901710435,0.3517194924685537
0.09003443493499035,0.3517235193254808
0.09014096675609566,0.35172713738420636
0.09007045347419665,0.3516599049736794
0.09019458222153368,0.3516642465118004
0.09034794543278536,0.3516698375248067
0.09034794543278536,0.3516698375248067
0.09028245309497837,0.35160805812096724
0.09050310033274855,0.3516138775346543
0.09050310033274855,0.3516138775346543
0.09029309713617689,0.35155373537757006
0.09057010438795374,0.35156292925615035
0.09087281198654237,0.35157160339709587
0.09087281198654237,0.35157160339709587
0.09058754044715617,0.35151350639306306
0.09094828852582325,0.3515211452569885
0.09094828852582325,0.3515211452569885
0.09051523681612189,0.35146633996118937
0.09097139175592721,0.35148708059083417
0.09143706222036455,0.3514980594684805
0.09097843097459056,0.35145942667013735
0.09151237214636258,0.3514652375856394
0.09211487511869092,0.35150007722608506
0.0909344508435948,0.3514458506588434
0.09147350581083093,0.35146263190259147
0.091991662093385,0.35146520092465244
0.09124690063488619,0.3514209458593196
0.09177033151044994,0.3514304253791748
0.09177033151044994,0.3514304253791748
0.09092499746043563,0.35139460921012927
0.09156086535226148,0.3514047776505752
0.09225286759065765,0.3514105015393336
0.09128850530513499,0.3513793029235361
0.09200116801765504,0.3513816453094343
0.09274968731881043,0.35137997297104806
0.09175184726183334,0.3513555424501123
0.09175184726183334,0.3513555424501123
0.09254726286098547,0.35133740103178684
0.0913835419507811,0.3513048398540568
0.09224946580087001,0.3512761144476191
0.09322941936342224,0.3512373473926659
0.09205664281993603,0.3511959478296954
0.09205664281993603,0.3511959478296954
0.09306227345240968,0.3511575634699754
0.09185629062512532,0.35111700455099654
0.09283361090123408,0.35107552990189356
0.09283361090123408,0.35107552990189356
0.09142202280206313,0.35103876109045873
0.09240827596592475,0.3509957874106662
0.09342960300062257,0.3509473895233136
0.09209043448735305,0.35092812689797115
0.09209043448735305,0.35092812689797115
0.09318985072902831,0.35090147090068274
0.09169518655097947,0.3509135518059575
0.09285268043546147,0.3508929245321069
0.09400471170570424,0.3508549759144327
0.09254054474815697,0.3508467080370764
0.09254054474815697,0.3508467080370764
0.09371956624843182,0.3508030340063126
0.09490915471901443,0.35075433767468234
0.09213863557329163,0.35079975560237026
0.0933382592388785,0.3507585925863414
0.09456253602918177,0.3507475361903911
0.09308691200428686,0.35078606347363134
0.09444652580302201,0.35082439267828597
0.09283976358312014,0.35085685171425374
0.09416699114110391,0.35086386442298434
0.09551350954405957,0.350831612793611
0.0939968550180743,0.35092592169819586
0.09529452670389277,0.3509498030466962
0.09667576085854453,0.35094783113297434
0.09497562094677109,0.35099811343358545
0.09497562094677109,0.35099811343358545
0.09629684421569662,0.35093905924584756
0.09462395502203452,0.3510074014633382
0.09595304064388917,0.3509849049443408
0.09421544574903673,0.3510295906932666
0.09552616631802834,0.35099705841351025
0.09688112366118373,0.3509518916830654
0.09520920236853467,0.3509866103543256
0.09647128392927132,0.35097198692331844
0.09486651195541237,0.351018807983636
0.09625080851602216,0.35098569617426967
0.09767516187070875,0.3509652191221685
0.0972601096579497,0.3509665085393994
0.0972601096579497,0.3509665085393994
0.09575299999790073,0.3510110394530448
0.09707941426786236,0.350996653149646
0.09840648676908431,0.3509675137633723
0.0967479254534616,0.3510441360932567
0.09805011762407323,0.35103118302418446
0.0964435212959659,0.3510763110339184
0.09769702566792947,0.351033842249715
0.0989968139720505,0.3510013517472027
0.0975169557825819,0.351029958581278
0.09868115447815497,0.351027647878733
0.09720016110769432,0.3510615058361364
0.09847969929753643,0.3510466929675633
0.09978652401196392,0.35101947528269
0.09833431045171259,0.3510081296905936
0.09949978848934533,0.3509681701279384
0.1006799084823462,0.35092294076284175
0.09928910608286835,0.3509456674042458
0.10044411876048087,0.3509148878688844
0.09915177653243935,0.35089017610581497
0.09915177653243935,0.35089017610581497
0.10023717267381474,0.3508629506076388
0.0990256788029384,0.35083583450465355
0.1000960476590201,0.3508153840921285
0.10115628598989876,0.3507936274481308
0.10115628598989876,0.3507936274481308
0.10005272552522088,0.3507682547448549
0.10105927880197778,0.35076121098068086
0.10105927880197778,0.35076121098068086
0.10000590778532616,0.3507338656599787
0.10096305280876061,0.35073814908188083
0.10189506894943985,0.3507467462609924
0.10189506894943985,0.3507467462609924
0.1009479183567406,0.3507253694784552
0.10182800654811268,0.35074478277679044
0.10182800654811268,0.35074478277679044
0.10094958968111872,0.3507194068972372
0.10173117142160779,0.3507553688594659
0.10241537211503422,0.3507959567413775
0.10147413199447042,0.3507472732284412
0.10204483116210931,0.3507728276363904
0.10253703447301209,0.35082965713535597
0.10113423694379593,0.3507730788684031
0.10174969003505992,0.35078473977553487
0.10174969003505992,0.35078473977553487
0.10232075863914059,0.35079762969008543
0.10163853838241066,0.35075151174680863
0.1021248889009902,0.35076776129306914
0.1021248889009902,0.35076776129306914
0.10257127466344831,0.3507853550487701
0.10151898367413563,0.3507197796075296
0.10192978176497426,0.3507397357906398
0.10230660433407891,0.35076099344816336
0.10230660433407891,0.35076099344816336
0.10179220438798364,0.35071509784980226
0.10210573060744879,0.3507391621789941
0.10210573060744879,0.3507391621789941
0.10170189080013078,0.3506940420339258
0.10195160120596611,0.3507235049525867
0.10195160120596611,0.3507235049525867
0.10216892996380358,0.3507557025133366
0.10185776247584769,0.3507170535749259
0.10206172102752392,0.35077577242755764
0.10200977722846852,0.350739083182481
0.10230844382606848,0.3507848677714434
0.10257654096655758,0.3508246191928843
0.10268422404336262,0.35078172777166566
0.10268422404336262,0.35078172777166566
0.10278351518526128,0.35082425897177855
0.1029217099311087,0.35078628646461
0.1029439391418787,0.3508124304084554
0.10293688764108812,0.3508353062227461
0.10293688764108812,0.3508353062227461
0.10315059092842593,0.3507936254994866
0.10308254919036236,0.35080988805216345
0.10298439790014177,0.35082273234684114
0.10343733711336728,0.3507660999350222
0.10330931903276469,0.35077576842125946
0.10315149797617272,0.35078193624242515
0.10315149797617272,0.35078193624242515
0.10358296221751065,0.3507345927718121
0.10336596030265557,0.35073568098825697
0.10311943934041258,0.3507354575716692
0.10374085200172774,0.3507360285018908
0.10358900367079006,0.35087182620432283
0.10426894198388384,0.35085558307067505
0.10397988419722198,0.3508417245152901
0.10369276283547778,0.3508534827793813
0.10440392153244174,0.3508379181742087
0.10397910998801123,0.35081516797621926
0.10482310382446942,0.3508496899949252
0.10482310382446942,0.3508496899949252
0.10434381600652379,0.3508727840028344
0.10535221633722291,0.3508502896364174
0.1047965401983989,0.35083319308841665
0.10421691186247893,0.350812490099238
0.10421691186247893,0.350812490099238
0.1052652116561492,0.35079463831426483
0.10463873626335331,0.35076849043075864
0.10398957517443497,0.3507385466243972
0.10516021160576348,0.3507284213410674
0.10516021160576348,0.3507284213410674
0.10446617910078476,0.3506944483591055
0.10569015087747677,0.35068954959376386
0.10500881024441575,0.35065669825467183
0.1064423825000681,0.3506833038827608
0.10576968694924864,0.3506938219259641
0.10506250921850357,0.3506922513815579
0.10650115684068018,0.3507506414116135
0.10573727922352667,0.3507076850507402
0.10495665470048827,0.3507266317536178
0.10652858212170095,0.3507394832972959
0.10573819802448946,0.35071811253854035
0.10737555818276828,0.35076506871455276
0.10737555818276828,0.35076506871455276
0.1065420041927651,0.3507409822714756
0.108323292523156,0.3507883309202152
0.10752099735491352,0.3507788786097835
0.10661838537697493,0.35075241673429935
0.10836648065432955,0.3508328156938797
0.10741056540052012,0.35083993374283506
0.10643249726859919,0.35081913340575394
0.10824646771870408,0.35091719864701487
0.10720825784705995,0.35086530115288017
0.1089766516010729,0.350955813673985
0.10789341610596284,0.35087709254249855
0.10789341610596284,0.35087709254249855
0.10972668944752538,0.35095889244672784
0.10863469469796071,0.35088136882184934
0.10753224847987847,0.35079038019688163
0.10931704039186557,0.3508669523239496
0.1082001374038205,0.35078076257416085
0.10708165972303962,0.35070151063945054
0.10897103024241651,0.3508120852231144
0.1078681739971759,0.3507258447631738
0.1078681739971759,0.3507258447631738
0.10967671314300799,0.3507724198020687
0.10852663036889985,0.3506787737590376
0.10738425349047304,0.3506253878160523
0.10922751926578853,0.3507488968808709
0.10808376999711719,0.3506597597079201
0.10808376999711719,0.3506597597079201
0.10991525979403173,0.3507320117503285
0.10872346378303693,0.35064879573380686
0.11063711617319877,0.35072668063076967
0.10952393077221913,0.35062371467841896
0.1084203732836049,0.3505284719994195
0.11029289364131822,0.3506066936909003
0.10915167289477579,0.3505300952558483
0.10810504423637812,0.35044721025313774
0.10995390856835492,0.35053467546436884
0.10880324357761428,0.3504453540576404
0.11058750519388537,0.35049820257420683
0.1094768857695304,0.35042773244590064
0.1094768857695304,0.35042773244590064
0.10836302919152398,0.3503509088282425
0.11020916174865221,0.3504383431071123
0.11020916174865221,0.3504383431071123
0.10912946472294241,0.3503607380556178
0.11076850558349734,0.35045641576961317
0.10970307649068896,0.35042559029874676
0.11140048360002087,0.3505357076153617
0.11041185996279251,0.350520908864749
0.10936473314742923,0.35047969821123753
0.11099671813625903,0.35059232545857816
0.1101175380191655,0.35056620922680104
0.10925984944849121,0.3505101372258766
0.11093231996229751,0.35059319201710787
0.11008615288476438,0.3505753322617825
0.1116733305165406,0.3506802086694301
0.11085989043512183,0.3506650436525494
0.11007356872668385,0.35064645520905147
0.11237107370429214,0.35074087190229863
0.1116762655044938,0.3507462607929447
0.11102211567433196,0.35073383361943844
0.11239475625480909,0.3507757817772131
0.11169676962719852,0.3507623428289238
0.11169676962719852,0.3507623428289238
0.11303977807994939,0.35081351101313146
0.11238209927637509,0.350814915021866
0.11176452009355384,0.350823048887185
0.11302909185579435,0.35087016719035413
0.11242143651443565,0.3508843985558008
0.1135334735741148,0.3509027441760602
0.11293296674294181,0.3508645570718316
0.11233582586163446,0.35084010589108583
0.11328462476777842,0.3508398727757877
0.11271093061476188,0.35082150560375674
0.11271093061476188,0.35082150560375674
0.11357513432537103,0.3508160948258527
0.1130874856633248,0.35080063334079453
0.11262456661113175,0.35078657445077766
0.11262456661113175,0.35078657445077766
0.11340049685639048,0.35077205816218726
0.11298734594547369,0.3507592565288036
0.1125993908146523,0.3507447902542759
0.11365445042494884,0.3507312228990505
0.11329198303064351,0.35071632520157275
0.11295523014841508,0.3506999203751369
0.11264440279966154,0.35068213114064156
0.11350683194130748,0.35065743242445846
0.11322198589257461,0.35063927094229597
0.11296331210224969,0.3506209833738798
0.11365191741263049,0.3505850525100591
0.11341955219292857,0.35056858640075816
0.11321365211297545,0.3505538683048531
0.11353246738457962,0.3504958639895274
0.11353246738457962,0.3504958639895274
0.11346690118230873,0.35050419837914415
0.11376719857040854,0.3504496204418824
0.11378740434777776,0.3504650386932018
0.11383005869157552,0.3505475060509229
0.1141187876737598,0.3504923808777438
0.11421713594558144,0.3504918164430606
0.11421713594558144,0.3504918164430606
0.11430044964892297,0.3504255128025453
0.11449309384930124,0.35042862949201614
0.11477218801464832,0.35042481197969255
0.11477798969538866,0.35035620845017207
0.11499687221248694,0.3503679225925034
0.1152284073036437,0.35038229310047725
0.11478014555822955,0.3503035834617909
0.11505664123197391,0.3503192679130747
0.11505664123197391,0.3503192679130747
0.11536130375120092,0.35033506552196936
0.11507891668245566,0.3502699769877464
0.11507891668245566,0.3502699769877464
0.11543937802096614,0.3502851292501269
0.11582760677601836,0.35030143889222
0.11545025357746613,0.3502572936557339
0.11586861676332784,0.3502728895861544
0.11535769967844242,0.3502033536557904
0.11535769967844242,0.3502033536557904
0.1158600175744975,0.35021396168159247
0.1151688956436416,0.3501665672131815
0.11572216850938269,0.3502226819208189
0.11631272101855963,0.3502600532716689
0.11559837504706474,0.35020471278847803
0.11618313140209141,0.35022682060187316
0.11618313140209141,0.35022682060187316
0.11526282346960301,0.35017514222226953
0.11590366149723515,0.3502055837120921
0.11660391950072768,0.35023711889851517
0.11660391950072768,0.35023711889851517
0.11566345181554077,0.3501839694049457
0.11566345181554077,0.3501839694049457
0.11639055756856138,0.35020202284108237
0.11714474753054646,0.35021758556481186
0.11530812661044323,0.3501419855431879
0.11608151707761746,0.35015706723416384
0.116877365264755,0.35016775058512145
0.116877365264755,0.35016775058512145
0.11575916578358457,0.35010613135527846
0.11670248231665188,0.35015602571423443
0.11760905687163485,0.35015736235952505
0.11645761584377157,0.3501130190946006
0.11748373929023542,0.3501180012934425
0.11748373929023542,0.3501180012934425
0.11629091509206003,0.35007008549453206
0.11729583266654388,0.3500733342621148
0.11831135898424715,0.3500851927208645
0.11593567457105294,0.35003320286444467
0.11700143589655958,0.35004161805676137
0.11808587392965772,0.350044882651409
0.11674368250700264,0.34999721076692536
0.11674368250700264,0.34999721076692536
0.11785152677303254,0.3499971887921176
0.11897298463174029,0.3499889455444364
0.11638045962977756,0.34995146177041875
0.11751703117715523,0.34994861886885964
0.11751703117715523,0.34994861886885964
0.11751703117715523,0.34994861886885964
0.11856006573764383,0.34994127824737076
0.11720248086339419,0.3499014612591899
0.11720248086339419,0.3499014612591899
0.11839905143689987,0.3498879687622947
0.11960327573261814,0.3498722702069541
0.11680071855634688,0.3498489232370989
0.11801396186315918,0.3498352424699369
0.11923064600369633,0.34988091528388077
0.11768886054006153,0.34992796066378584
0.11768886054006153,0.34992796066378584
0.11894889463353249,0.34990769544926414
0.1173106728301672,0.3498800477066132
0.1185973657014546,0.3498645628977346
0.1185973657014546,0.3498645628977346
0.11989887518338906,0.34984865845607943
0.11831921943752297,0.3498428825863144
0.11967647403968629,0.34985444034477375
0.11803279250344875,0.34984450869439676
0.11935200618200993,0.3498584902787554
0.12068418607607038,0.34985512313631617
0.11907589312118486,0.3498410569158433
0.12044632188487708,0.34985780955204243
0.12181065357672838,0.34985706649859316
0.12014842003571277,0.34988388897938744
0.12139964053823812,0.3499265135789157
0.11987388917035051,0.34993403651476207
0.12121569861388788,0.34995826217976966
0.12254503263353958,0.3499800913050722
0.1208686259862925,0.3499954879296447
0.12216561943402161,0.35001972545670373
0.1207014155445355,0.3500327842748147
0.12195020442140322,0.350057303695011
0.12195020442140322,0.350057303695011
0.1204368153213852,0.3500610333651804
0.12182579165780766,0.3500593404710877
0.1231103210113775,0.350071038734107
0.12144783944059252,0.3500634542305955
0.12270180251179155,0.35008367047538014
0.12110500321364838,0.35008554906452677
0.12236941553875383,0.3501167437254989
0.12364329838413748,0.3501531348977809
0.12213005495139459,0.35014674519790134
0.1233734775221562,0.3501836178108989
0.12466215973597883,0.3501913731080348
0.12319377679704886,0.3501658148076485
0.12319377679704886,0.3501658148076485
0.1230017025250801,0.35015724072537074
0.1230017025250801,0.35015724072537074
0.12413356094600675,0.3501747555667203
0.12270359918854615,0.35014289532277626
0.12384614673732647,0.3501355773487163
0.12501760753555816,0.35015114468457015
0.12378618544552923,0.35009763523837734
0.1248840443570832,0.3501038657227731
0.1259126360483481,0.3501052580844673
0.12367945149127688,0.3500433135463726
0.12476818797397193,0.35004903230993223
0.12584186236529482,0.3500598141667061
0.12584186236529482,0.3500598141667061
0.12472544898055221,0.3500055725043245
0.125737747918547,0.3500272911601027
0.12672346059464576,0.35005257151633834
0.12467716094841666,0.34997275121174004
0.12563705572619863,0.3500047765286107
0.12657090137322918,0.350040339670321
0.12561902221825458,0.3499920416378628
0.12561902221825458,0.3499920416378628
0.12649952161559966,0.35003128429181485
0.12735278726155122,0.35007064398261944
0.12631207490884763,0.3500037081131706
0.12631207490884763,0.3500037081131706
0.1269605598615806,0.3500274131254446
0.12605093819921254,0.3499641137337694
0.12666114292977812,0.3499921246385923
0.12723927076233585,0.3500171985639793
0.12640183589009737,0.3499507474573382
0.12640183589009737,0.3499507474573382
0.1269400649146381,0.3499881044930927
0.1262436433745981,0.3499283517930917
0.1262436433745981,0.3499283517930917
0.12671452758526475,0.3499629064636666
0.12715153441062335,0.3499970550428372
0.12610114151627785,0.34990001996018427
0.12650730713764055,0.3499351243513909
0.12688228351380892,0.3499704387713325
0.12688228351380892,0.3499704387713325
0.1263686081362658,0.3499118302637227
0.12668097584683552,0.3499477025907522
0.12668097584683552,0.3499477025907522
0.126278481281391,0.3498916019735093
0.12652714521103514,0.3499280080574269
0.12652714521103514,0.3499280080574269
0.12674262499369313,0.34996322893510107
0.1264318860938864,0.3499104754417704
0.12665543868821602,0.3499364662641999
0.12693046164772565,0.34999339528920353
0.12688980203384234,0.349941302145298
0.12716316118352133,0.3499780763042865
0.12728363737504733,0.34995627859498407
0.12728363737504733,0.34995627859498407
0.1275106066129031,0.34999441722671
0.12769311254956164,0.35002650870969065
0.12788049967690585,0.3499921610921201
0.1279956561410159,0.350017203857071
0.1283581218542163,0.349982814622579
0.1283581218542163,0.349982814622579
0.12839812056334038,0.3499983382087279
0.12831216143171761,0.3500089371001109
0.12862889368611755,0.34996669221634236
0.12862889368611755,0.34996669221634236
0.12847006974070405,0.34996558257546795
0.12890219792745639,0.34992928986395144
0.12868506282407863,0.3499247205123748
0.12868506282407863,0.3499247205123748
0.1284380505272395,0.3499180161478256
0.12913526077292173,0.3498987126007582
0.128983789672309,0.349899983661099
0.12977247037908718,0.34987725148543125
0.12954118708848852,0.34985716517205173
0.13045865818031563,0.3498388758629673
0.13015398356140317,0.3498210609692506
0.12985581072003288,0.34979069174078414
0.13081983662769384,0.3497633120842019
0.1304202057113922,0.3497205115274704
0.12997673661641032,0.3496727089803114
0.13099266640232166,0.34965333589433745
0.13041518062792998,0.349610201389554
0.13144737941278709,0.34960574207001477
0.13082054513149105,0.34956494422698947
0.13082054513149105,0.34956494422698947
0.1320079777249075,0.34958037780941154
0.13133731124663903,0.3495378766430066
0.13064373532268028,0.34948957486867493
0.13064373532268028,0.34948957486867493
0.13186291317069426,0.3495105669749114
0.13124701055392196,0.3495294584403079
0.1327001916279616,0.3496356883405654
0.13203879813154962,0.34958985295328665
0.1312849062919945,0.34952812288280266
0.13269688895379345,0.3495833107870584
0.131864776574817,0.3495746669844738
0.13106631663938503,0.3496009934257706
0.13343904905087556,0.3497248496250611
0.1326065937276638,0.3497178081189649
0.1317890715291676,0.34969636019241673
0.13333513458898263,0.34975952435836316
0.1323885784461461,0.3497114802187622
0.13144332726436952,0.3496809382133637
0.13315089836960262,0.34981376059881797
0.13222234986934303,0.34977157932639696
0.13398796850269734,0.3499095492200312
0.13306215103236407,0.34987297947098694
0.1321624202273783,0.3498238303616059
0.13492551926713203,0.35000694387510994
0.1339588339307015,0.3499574827356937
0.1329564039552625,0.349891615539826
0.13471007014821523,0.35001625445221635
0.13363639372545466,0.34993412042073696
0.13255177418121317,0.34984519326215197
0.13437334006799867,0.34995856941575443
0.13437334006799867,0.34995856941575443
0.1332873678692653,0.34987034893081925
0.1332873678692653,0.34987034893081925
0.13508952863460313,0.3499813599729689
0.13400395018938896,0.3498904706930501
0.13400395018938896,0.3498904706930501
0.13589348902923687,0.35001040740962197
0.13479704384133095,0.34991815307997653
0.13479704384133095,0.34991815307997653
0.13369443052494565,0.34981679144947114
0.13553558243425884,0.3499396961724509
0.13553558243425884,0.3499396961724509
0.13442457095163893,0.34983614803493335
0.13442457095163893,0.34983614803493335
0.1363319771599924,0.3499612963213573
0.135213572756323,0.349855660471976
0.135213572756323,0.349855660471976
0.13409498555961238,0.34974720451158103
0.135944715461898,0.34986833328367706
0.13483073238588505,0.34976090396237924
0.13483073238588505,0.34976090396237924
0.13668530262925835,0.3499058619384124
0.1355516843561458,0.34979512579479183
0.13447982199603087,0.34967557789791187
0.13627458160135478,0.3497968607965264
0.13627458160135478,0.3497968607965264
0.1351611510027834,0.34969058353035776
0.13405254198029776,0.34956940304917217
0.13701443946322792,0.3497963277129751
0.1359182183518128,0.34969024966376155
0.1359182183518128,0.34969024966376155
0.1348253787024855,0.3495834078129518
0.13373935639102974,0.34947252423404696
0.13659734591535289,0.34969466072765193
0.13551802366330154,0.3495897803884672
0.13551802366330154,0.3495897803884672
0.13444688502155505,0.34948072342669595
0.13624459606946032,0.3495934724208511
0.13624459606946032,0.3495934724208511
0.1351910733146457,0.34948715704237976
0.1351910733146457,0.34948715704237976
0.1368851960460111,0.34958660388882357
0.13585201442323647,0.3494874336845541
0.13585201442323647,0.3494874336845541
0.13483033560980173,0.3493878874054144
0.1365343788851205,0.34949514013799066
0.1365343788851205,0.34949514013799066
0.1355369587956843,0.3494045240087596
0.1371763418348764,0.3495255687602141
0.13629071296021023,0.3494769070480067
0.13545366888880647,0.3494475570238728
0.13797831602106575,0.3496202179284822
0.13722995734879084,0.34960722650803533
0.13638866653632864,0.3495655235990362
0.1379130643404518,0.3496801740386588
0.1379130643404518,0.3496801740386588
0.13708831200841745,0.34964636619679956
0.13708831200841745,0.34964636619679956
0.13857648759072735,0.34975223607584194
0.1377856899894064,0.3497207698746029
0.1377856899894064,0.3497207698746029
0.13701141867485694,0.34968789018836555
0.13701141867485694,0.34968789018836555
0.13838061031380638,0.3497777314300451
0.1376421866084561,0.3497461637417181
0.1376421866084561,0.3497461637417181
0.13692188840609792,0.34971200466865277
0.1382482202102625,0.349786898310437
0.1382482202102625,0.349786898310437
0.1375647049993998,0.34975334895720794
0.1387498847192063,0.34980828924962293
0.1387498847192063,0.34980828924962293
0.1381054030128482,0.34977542420836927
0.1381054030128482,0.34977542420836927
0.13921119225006792,0.3498132808933955
0.13867544898806003,0.3498234670738037
0.13806031189514184,0.34980318106587704
0.13903602684322566,0.3498351781966692
0.13846794841454485,0.3497996537759556
0.13794445145686043,0.34976735987403873
0.13883626221778644,0.3497806294713324
0.13883626221778644,0.3497806294713324
0.13833476368334557,0.3497513718764423
0.1390772094554404,0.34974223696435663
0.13865417833932994,0.34972138422224963
0.13865417833932994,0.34972138422224963
0.1393215521406379,0.34970474550288166
0.13896012069331543,0.3496816879273316
0.13862426568407307,0.34965775041812774
0.13862426568407307,0.34965775041812774
0.13917636451125567,0.3496248707530848
0.1388922862225643,0.34960057496814745
0.13863439099397984,0.34957701684604564
0.13932321382018142,0.3495542840213469
0.13909155352083916,0.3495333896700756
0.13888627364563594,0.3495147453342908
0.13888627364563594,0.3495147453342908
0.13920623152959996,0.3494628795879629
0.13914107439363854,0.3494805306262859
0.1394128415351692,0.3494303642602947
0.13933190673199985,0.34941910179917945
0.13937681571499574,0.34943602664125345
0.1395824817156657,0.34938098714245946
0.13965296900227733,0.3493899890413289
0.13975465576202745,0.3493942566377202
0.13989205704067173,0.34931799667244057
0.14009920863003228,0.3493214781655404
0.14009920863003228,0.3493214781655404
0.14003638512499256,0.3492588913650013
0.14025105084116,0.3492701065052973
0.14056228679522448,0.3492825417096865
0.14043858239649845,0.34921129275972707
0.14081287013422197,0.34923134710780906
0.14053907536881655,0.34914439133302466
0.14102189261983586,0.3492122931555625
0.14150008558268923,0.3492645243976895
0.141086203591318,0.3492207574987368
0.141086203591318,0.3492207574987368
0.14153918303755642,0.34925894500231036
0.14101897478530778,0.3491887451063969
0.14150504909593867,0.34922583400718166
0.14150504909593867,0.34922583400718166
0.14197955378136212,0.34925750566738667
0.14080139788896573,0.349151941210844
0.14131697654361328,0.34918216914700306
0.14131697654361328,0.34918216914700306
0.14184347599457403,0.3492097959219371
0.14184347599457403,0.3492097959219371
0.1410932097232112,0.3491319410741495
0.14170295533926605,0.34916258403160433
0.14170295533926605,0.34916258403160433
0.14234424175166446,0.34919409572844246
0.14149231349248384,0.34911902384665533
0.14149231349248384,0.34911902384665533
0.14218041852938795,0.34915295962912013
0.14218041852938795,0.34915295962912013
0.1412539373725508,0.3490796174625661
0.1412539373725508,0.3490796174625661
0.1419864334239445,0.34911300771590686
0.1419864334239445,0.34911300771590686
0.14274055809301373,0.3491423559813543
0.14168304977555143,0.3490621150791589
0.14168304977555143,0.3490621150791589
0.1424784854279382,0.3490874856266987
0.1424784854279382,0.3490874856266987
0.14136327916256292,0.34900660928619043
0.14232248322956476,0.34905641457864234
0.14115413851926054,0.34897680260044583
0.1421279682647712,0.3490108854606538
0.1431551685114859,0.34905296132671343
0.14198621796112562,0.34898562180396514
0.1429880734503519,0.34901044188802927
0.1429880734503519,0.34901044188802927
0.14166510719009953,0.34893933171719127
0.1427275464535558,0.34896499170668305
0.14380536257247883,0.3489993485521741
0.1424538807714442,0.34891840729485996
0.14355724015097726,0.3489354965879099
0.14355724015097726,0.3489354965879099
0.14208459874206494,0.34887364968280193
0.14322035195912924,0.34889721452072087
0.1443727474503505,0.34891172671227216
0.1443727474503505,0.34891172671227216
0.14291252705699373,0.34884593541401454
0.14291252705699373,0.34884593541401454
0.14408974494415613,0.3488590193037655
0.14527829984708523,0.34886549043284426
0.14251016342568712,0.34879013899984673
0.14370999972347717,0.34880204096725625
0.14498165386377845,0.34883849937374006
0.1435072182705092,0.34877152739335526
0.14484505394344674,0.34886050958445136
0.14619413956764,0.3489730910350862
0.14455022792496286,0.3489358173201359
0.14455022792496286,0.3489358173201359
0.1458550185803801,0.34898223802339073
0.14431143515379258,0.3489568583753919
0.145649831343525,0.3489890544953247
0.1440427383129499,0.3489742014173592
0.14538097254416932,0.34904193946338175
0.1467677550777288,0.34912499310384587
0.1451889262469658,0.3491064818809694
0.14653162038167647,0.3491117586815205
0.14653162038167647,0.3491117586815205
0.1448686182751113,0.3491002434371617
0.1461744718755504,0.34912311748665437
0.14742050506478,0.3491465690633523
0.14592159501532562,0.34912977616736185
0.14726518023698495,0.3491478936395658
0.1486101569576139,0.3491617095346857
0.14685140698057506,0.3491654699936265
0.14802783537342185,0.3492122764906255
0.14645452694453137,0.34921845148930786
0.14775007909407004,0.34927735557538536
0.14903248213410455,0.34933680239215276
0.14601477696623388,0.3492852206146079
0.14729238881770892,0.3493441035819751
0.14856110323185723,0.34939321137459184
0.14692416021367755,0.3493833028396261
0.148199927279175,0.349435180437779
0.14952290973840657,0.3494832676389377
0.14663805549846484,0.34942364722126257
0.14794980479033798,0.3494690152187725
0.14925016127748922,0.3495013462671016
0.14778388856226266,0.3494688529596108
0.14905901712417557,0.3495049004353449
0.14905901712417557,0.3495049004353449
0.1503208739663466,0.3495404982837908
0.1488421682218483,0.3495073599442705
0.1488421682218483,0.3495073599442705
0.1488421682218483,0.3495073599442705
0.14867337690323562,0.34949676847059286
0.1498959106937678,0.3495248000660365
0.15111290715585768,0.3495422622957987
0.1485819013585829,0.34945346005377026
0.14973208080511732,0.34946865310870684
0.1495875786022308,0.34944007696781837
0.15059811659493036,0.34946733788569045
0.15170855744019116,0.34949178631567357
0.14946633666404277,0.3493911672992962
0.15054723304286674,0.3494173129703906
0.15163691765389295,0.34943839600995236
0.15163691765389295,0.34943839600995236
0.15175640364709606,0.3494003882544636
0.15175640364709606,0.3494003882544636
0.150698826501711,0.34932185388544507
0.1516533057811265,0.3493718337726412
0.15258454991221654,0.34942191855933746
0.15258454991221654,0.34942191855933746
0.15163225426612734,0.34935332583281115
0.15251045240084637,0.34940530175112633
0.15251045240084637,0.34940530175112633
0.15162908190541896,0.3493323838814626
0.15240157318368389,0.34936487085119344
0.1530299988253528,0.34943352378749304
0.1530299988253528,0.34943352378749304
0.15216101773005838,0.3493524515997723
0.15273513148238252,0.349391419257745
0.1532859093893301,0.3494552871628155
0.15237102794271237,0.34936745123408536
0.15237102794271237,0.34936745123408536
0.15302398394745126,0.3494528506767146
0.15241357256765037,0.34941649897071564
0.15281918596714772,0.349480251885254
0.15318405502658097,0.349535353093594
0.1521352643729961,0.3494234944857163
0.1524717669284453,0.34947938536298956
0.152779754334105,0.34953513752612214
0.152779754334105,0.34953513752612214
0.1522098797620545,0.3494842358562167
0.1522098797620545,0.3494842358562167
0.15256545567054186,0.349532027786003
0.15256545567054186,0.349532027786003
0.1529099316307556,0.3495638133122019
0.1525416823476688,0.34950844089812866
0.1525416823476688,0.34950844089812866
0.15282177914468004,0.3495335108963403
0.152574565519984,0.3494635645953141
0.15292414750798386,0.34952682858857037
0.153158418183496,0.34957050905823006
0.1530905159425392,0.34952930894113515
0.1530905159425392,0.34952930894113515
0.15334781532784306,0.34956607903862086
0.1534568844689322,0.34952710882948673
0.1534568844689322,0.34952710882948673
0.15363424843969475,0.3495608506580706
0.15378017272936662,0.34959281791642893
0.15378017272936662,0.34959281791642893
0.15385501354554484,0.34953039254213497
0.153944783689191,0.34955877431383237
0.15399217265495116,0.3495823940876638
0.15399217265495116,0.3495823940876638
0.15417193274190463,0.3495633771367356
0.15417193274190463,0.3495633771367356
0.1540741459474473,0.3495722858046212
0.15439959491695868,0.3495382154337765
0.15439959491695868,0.3495382154337765
0.15424200579352373,0.34953814093724406
0.1546743262111659,0.3495079001275441
0.1546743262111659,0.3495079001275441
0.15445818633918879,0.3495003754912697
0.15503644302604758,0.34947959911760795
0.1547628166378924,0.34950317458377494
0.15448008565816645,0.3495541364366802
0.15513996150054557,0.3495450667479543
0.15486920212704938,0.34952107469163246
0.1545507301727001,0.34948804723601373
0.1553355882354573,0.3494690440447807
0.15491844702227203,0.34942830351302195
0.15491844702227203,0.34942830351302195
0.15580842318284516,0.3494243140397275
0.15534703713086231,0.34938519652854383
0.1548301266157876,0.3493455085046508
0.15634980034756796,0.34939833472999826
0.15579977505211842,0.3493601779592687
0.15522485898206062,0.3493174109132364
0.15626435749591855,0.34933995208511615
0.15564104772066747,0.3492911518178213
0.15564104772066747,0.3492911518178213
0.15682831766881025,0.349327072816612
0.15615854171083288,0.3492742357579443
0.15546615255153654,0.3492178457836217
0.15668437187767773,0.3492627590012538
0.15598891413503996,0.3492047827574229
0.15528908915398273,0.34919858373214335
0.15671120858540308,0.34930146560155645
0.15603084704201944,0.3492928194574639
0.15603084704201944,0.3492928194574639
0.15750484381716157,0.3493696826307367
0.15672786892087326,0.34933130566311243
0.15832007985608557,0.34948151450089715
0.15832007985608557,0.34948151450089715
0.15668706667033516,0.3494223432934301
0.15668706667033516,0.3494223432934301
0.15739616616651747,0.34953763359982726
0.1590997574157338,0.3496753260304644
0.15813612929876839,0.34961675729969227
0.1572837992673791,0.3495319322006236
0.15899586694516002,0.3496803607664059
0.15805035650803725,0.3496227191172285
0.15715161919580042,0.349562036525536
0.1588162924544053,0.3496807224270443
0.1588162924544053,0.3496807224270443
0.15777934589471782,0.3495558067798153
0.15945491645591298,0.34965886891652115
0.15832020205225558,0.34952381808709393
0.15832020205225558,0.34952381808709393
0.15832020205225558,0.34952381808709393
0.15718342773363705,0.3493845977869386
0.16009823898815698,0.34962955207269414
0.15895909257797824,0.34949401913035294
0.15783468052793775,0.3494017181926449
0.15958307671807376,0.34952468429224187
0.1585784971638636,0.3494317837956371
0.15639674817588473,0.349185453760243
0.15828728924356963,0.34933464234015943
0.16013072258743755,0.3494794227919482
0.16013072258743755,0.3494794227919482
0.15902159897306328,0.3493708391232226
0.15790591725164294,0.34924811819340196
0.16092853202472934,0.3495157912476242
0.16092853202472934,0.3495157912476242
0.15869276000699054,0.34927496188422547
0.15869276000699054,0.34927496188422547
0.16053795008534258,0.349419305263773
0.15942592806027947,0.3492976451018562
0.15942592806027947,0.3492976451018562
0.16130596099408068,0.3494343065741553
0.16021120786091264,0.349304420998408
0.15903431913616428,0.3491791836105622
0.15903431913616428,0.3491791836105622
0.16082597917475597,0.34933576286674534
0.15974277299496215,0.3492185441841886
0.15864135077300975,0.3490988713881718
0.16045533381244975,0.34923846602081043
0.16045533381244975,0.34923846602081043
0.15938820918571808,0.34913409583174004
0.1610477703149979,0.34924942676162696
0.1600127837685272,0.3491257385504929
0.1600127837685272,0.3491257385504929
0.1618668127000029,0.349249291785858
0.16083655893709362,0.3491278189972621
0.16083655893709362,0.3491278189972621
0.15971702362014342,0.3489919658825237
0.16139247954484442,0.3491218288836171
0.16139247954484442,0.3491218288836171
0.160365956059434,0.3490109377985063
0.160365956059434,0.3490109377985063
0.16206287674496944,0.3491369668533013
0.16104919444817264,0.3490334854252061
0.16104919444817264,0.3490334854252061
0.1600489890875512,0.34892975415379107
0.16171331077345436,0.3490528544476791
0.16094323789544007,0.34898357597579216
0.1601854642369123,0.3489124265967751
0.16184335216722076,0.3490836681274709
0.1609613302658655,0.34903668920538483
0.1609613302658655,0.34903668920538483
0.1609613302658655,0.34903668920538483
0.16250516998077166,0.349209889295168
0.16170756703830205,0.3491607505720846
0.16090899763956779,0.3491307283651182
0.16024966564465565,0.3491015807128905
0.1617276954043427,0.34925676773216247
0.1610354878485254,0.34921529846731747
0.1610354878485254,0.34921529846731747
0.16178238537266731,0.3492998588478295
0.16312029269874026,0.3493938973339885
0.16312029269874026,0.3493938973339885
0.16253726824890385,0.3493784911619998
0.16372129814532385,0.34947101030498096
0.16372129814532385,0.34947101030498096
0.16422387543275788,0.34952546983384003
0.16372458833397738,0.34951151015036763
0.16317748132770793,0.34948959584452816
0.16317748132770793,0.34948959584452816
0.16361469892981315,0.34952477471205523
0.16395172150144893,0.34953795580498753
0.16395172150144893,0.34953795580498753
0.1634941427691521,0.34951645321365554
0.16427700605613152,0.3495888298936379
0.16386608682315582,0.3495668660036971
0.1634712765765528,0.3495426531973211
0.16454939234288724,0.3495683742183437
0.16418253129677618,0.3495504912877983
0.16384369242622826,0.34953942127417714
0.16384369242622826,0.34953942127417714
0.16440819063550918,0.34953585907881485
0.16412261932478228,0.34951960507059787
0.16412261932478228,0.34951960507059787
0.1645612440425356,0.34949218399763
0.16432884820207577,0.3494778976664137
0.16412242272927324,0.34945960942982474
0.16412242272927324,0.34945960942982474
0.1644467848713058,0.34941271439852256
0.16431890245353367,0.34941713038074734
0.16429773296097597,0.34940437834415167
0.16461432761527847,0.3493608911900273
0.1646227054944457,0.3493554220196314
0.1646370354597894,0.34935807906672905
0.1646370354597894,0.34935807906672905
0.16480913429014726,0.3493049630705709
0.16488126757066934,0.34931177798289886
0.16488126757066934,0.34931177798289886
0.16498160975144716,0.34932114639477635
0.16504614860435565,0.3492619820807871
0.16504614860435565,0.3492619820807871
0.16520499239449923,0.34927671404378213
0.16520499239449923,0.34927671404378213
0.1651497506110465,0.3492122789849975
0.1653665973203198,0.3492322826365727
0.1653665973203198,0.3492322826365727
0.16561205535626272,0.34925482679713743
0.1651670889292702,0.34916081804873544
0.16543987749366168,0.3491859308856989
0.16574142606195635,0.3492123187370188
0.16574142606195635,0.3492123187370188
0.16545389484655654,0.34913944051402024
0.16581134614797644,0.34916810797242187
0.16581134614797644,0.34916810797242187
0.16619250128393587,0.3491970758743048
0.16577005286071314,0.34912677046951895
0.16632070741391966,0.3491910864943751
0.16632070741391966,0.3491910864943751
0.1658418273191437,0.3491260933751108
0.1658418273191437,0.3491260933751108
0.16636297664821456,0.3491825977224179
0.16688075483820333,0.34922681705164255
0.165705670455472,0.349102622594857
0.16624651425733317,0.3491397100093562
0.16681197764837147,0.34917439792313165
0.16681197764837147,0.34917439792313165
0.16608786198560355,0.3490838723982637
0.16670118606913312,0.34913723445395645
0.16670118606913312,0.34913723445395645
0.16670118606913312,0.34913723445395645
0.16648871630308812,0.3491079773922412
0.16648871630308812,0.3491079773922412
0.16648871630308812,0.3491079773922412
0.1662522044260055,0.34907175543663227
0.1662522044260055,0.34907175543663227
0.16698458711714126,0.34912141939524743
0.16698458711714126,0.34912141939524743
0.16590807761799137,0.34903320517024483
0.1666832158305651,0.34908553121660607
0.1666832158305651,0.34908553121660607
0.1674791602114172,0.3491368034149893
0.16829714171123245,0.34918658088465987
0.16721430574743923,0.34908085687466284
0.1681612350538868,0.3491191686654798
0.1660433870885737,0.34898103587544665
0.1670031656482959,0.3490408645099589
0.16799971585600293,0.3491093395478141
0.1668475124450023,0.3490279962691552
0.16788765594857585,0.3490646422526488
0.16890226227227126,0.3490983977343963
0.1675798434938821,0.34900251819367784
0.16864944630754775,0.349026214817486
0.16729227244569547,0.34893846507803244
0.16729227244569547,0.34893846507803244
0.16834805556896518,0.34896854127841215
0.16692140405279826,0.34886568323882017
0.1679424541889737,0.34892301891205213
0.1691035440904276,0.3489539426053761
0.16761281238706907,0.3488507903773383
0.16885219378951938,0.3489180117322882
0.16992881033457677,0.34894899722716044
0.16722889650266073,0.34882693846957585
0.16722889650266073,0.34882693846957585
0.16850955616188568,0.34886879185831177
0.1698570924858052,0.3489067435277343
0.16832295737151873,0.3488031396705095
0.1696004615368377,0.3488353348970975
0.17087959092107374,0.3488731826151044
0.17224174866668154,0.3488844685693244
0.1706603791687759,0.34884742358872645
0.17198261505679174,0.34887104430710597
0.17327012624271854,0.34890135030964764
0.17164718205391039,0.3488740833301136
0.17299159174777898,0.34892650179964685
0.17436922515882977,0.3489842330774215
0.17263954352032407,0.3489299649185304
0.17101792646897912,0.3488973509844366
0.17101792646897912,0.3488973509844366
0.17080900084505687,0.34891731420346045
0.17219394272778965,0.34895461624360674
0.17219394272778965,0.34895461624360674
0.1705488901735469,0.34890420560199625
0.1718860415975709,0.3489668331333113
0.17153528547349176,0.34896553809117586
0.1729573218917011,0.3490190687025285
0.1729573218917011,0.3490190687025285
0.1713700242878619,0.34897417137263725
0.1727613508689856,0.34901324084223484
0.17412671346339145,0.349073931305521
0.17548201805953367,0.34914118900052754
0.17380198367049685,0.34909869987210995
0.17512776870949126,0.3490927201101111
0.17512776870949126,0.3490927201101111
0.1736168854897991,0.34903784287983686
0.17495630336342194,0.3491002770382151
0.17342621705199313,0.3490426268001223
0.1747243902969188,0.3491007549972191
0.1732231084924197,0.34903582530242283
0.17443653329473033,0.349105570670118
0.17561312028063208,0.34915799430319316
0.17419733312619776,0.3490894065941761
0.17537147995945548,0.3491453937601638
0.17651157465342554,0.34920848405574234
0.17518469200426956,0.34912766191971245
0.17637249786593467,0.34916466341368846
0.17637249786593467,0.34916466341368846
0.1751581302649911,0.3490622280975049
0.17627329552331017,0.3491038002996537
0.1750688441053359,0.3490075141272289
0.1750688441053359,0.3490075141272289
0.17609943528403962,0.3490526006130176
0.17714479765120036,0.34909963069267136
0.17602104734934448,0.34899433847177896
0.17602104734934448,0.34899433847177896
0.17701505612200108,0.34905359944999137
0.17596414877893846,0.3489633975246321
0.17691526012480147,0.34902713522043544
0.1778410828664711,0.34909040118551105
0.1778410828664711,0.34909040118551105
0.1768956239061594,0.34900284957926136
0.17776951332700827,0.3490672953271109
0.1786162956869344,0.3491318153598447
0.1776819010884047,0.3490320331087658
0.17842319059093478,0.3491249309444453
0.1790474462857942,0.3491854849731389
0.17751014172560298,0.34903959685623914
0.17812111741138742,0.3490974095579619
0.17812111741138742,0.3490974095579619
0.17730729349651683,0.34900977747460826
0.1778602547747153,0.34906851967760094
0.1778602547747153,0.34906851967760094
0.17838376517417776,0.3491266607013142
0.17767291660307175,0.34904625270355544
0.17767291660307175,0.34904625270355544
0.1781364283104583,0.34910384421781127
0.1775238434958444,0.34902667736688814
0.1779262326408225,0.3490812922541531
0.1779262326408225,0.3490812922541531
0.17829772161266527,0.349132602973184
0.17778466020051698,0.34905675365747046
0.17778466020051698,0.34905675365747046
0.1780930662742796,0.34910158876800257
0.17836979827349086,0.3491434013628
0.17769035633351604,0.34902774421262756
0.1779349633352233,0.34906750852130186
0.1779349633352233,0.34906750852130186
0.17814685016339574,0.3491050246618834
0.17783829643905627,0.3490371902489631
0.17814586592839157,0.349114711779445
0.17842837475305068,0.34920964046109093
0.17838422064389786,0.34916453571530326
0.17838422064389786,0.34916453571530326
0.17859031388649269,0.34920943034413565
0.17859031388649269,0.34920943034413565
0.17880298643123138,0.3492091365032808
0.17894366541231158,0.349205321560638
0.17903563301478356,0.3492403090587811
0.17908559858958883,0.3492593042277693
0.1794339766074996,0.34924105339479405
0.1794703052326917,0.3492588245927963
0.1794703052326917,0.3492588245927963
0.1794703052326917,0.3492588245927963
0.17943434381453935,0.3492677369733512
0.1798044619413515,0.34924040220767344
0.1798044619413515,0.34924040220767344
0.17968142893063913,0.3492319992565851
0.1801374020722478,0.3492096364327229
0.17992461291021322,0.34919654581572174
0.17992461291021322,0.34919654581572174
0.17967427678718467,0.3491793708299025
0.18034722908186437,0.34919723555175675
0.18009066913405247,0.34917255811841935
0.18060609047349516,0.3491598261164918
0.18023417905084574,0.34920713740330817
0.18095784750748367,0.3492765173362132
0.180501410186713,0.34922870191198085
0.180501410186713,0.34922870191198085
0.18091260130312975,0.34926486955796754
0.18091260130312975,0.34926486955796754
0.18143985039396715,0.34923609036138614
0.18091945267138476,0.3491679273135183
0.1821187545191056,0.34928635988149503
0.1821187545191056,0.34928635988149503
0.18163864586826323,0.3493429919593273
0.18112300800865178,0.34939351102483424
0.18112300800865178,0.34939351102483424
0.18239847536590967,0.34951096905154844
0.18301421892277564,0.3495077403595486
0.18231436368175807,0.3494448886525202
0.1816390181340698,0.3494057330991846
0.18375460886914552,0.3495751654790168
0.18304991307730697,0.34953241624972936
0.18237004359341932,0.349508925582103
0.18383932969125244,0.34965333461477865
0.18308752571720405,0.34960237375164355
0.18308752571720405,0.34960237375164355
0.18462655421494917,0.3497352385088495
0.18377683802540495,0.3496623218124589
0.18296173513832106,0.3495886291546904
0.1844803832319996,0.34970924811647325
0.18362693141800293,0.3496293536219405
0.18362693141800293,0.3496293536219405
0.182737823540083,0.34956162813631053
0.1844363162048554,0.34973327705199136
0.1835686154849736,0.34964572569361474
0.18264785710210865,0.34959085957597785
0.18427293379229304,0.3497717791561069
0.18329646852142062,0.34969400996136263
0.18229991541660245,0.34963220746834045
0.18132693455344695,0.3495133502630201
0.18311016653246098,0.34968971468702204
0.18373662892313153,0.34973327147168465
0.18560817635184998,0.3499231089885993
0.18560817635184998,0.3499231089885993
0.18449234209348359,0.34979727864594456
0.18628709166715654,0.34997729746563394
0.18628709166715654,0.34997729746563394
0.18628709166715654,0.34997729746563394
0.18518738079806352,0.3498411785216302
0.187069501186648,0.35003847039339303
0.18597479529756036,0.34990692968705134
0.18487120547572775,0.34976713288033345
0.18487120547572775,0.34976713288033345
0.18670462886776495,0.3499576341320115
0.18559463613660646,0.34981297127250466
0.18559463613660646,0.34981297127250466
0.18559463613660646,0.34981297127250466
0.1844822612039334,0.3496620246230548
0.18637765661991915,0.3498626809741896
0.18637765661991915,0.3498626809741896
0.18526373401175616,0.3497134227529292
0.18710601308845837,0.349901752369163
0.18599658545027797,0.34974886404446615
0.18599658545027797,0.34974886404446615
0.18785647317642487,0.3499443457213077
0.18670226182959415,0.3497952467027545
0.18554388325373022,0.34963563630087896
0.1872905462088604,0.34983018870821275
0.1872905462088604,0.34983018870821275
0.18615765202473117,0.34972049153864726
0.1850160151310058,0.3495626385537285
0.18684914370680022,0.3497495861212361
0.18582628293738168,0.34961200759846883
0.18582628293738168,0.34961200759846883
0.18582628293738168,0.34961200759846883
0.18744653607748965,0.3497792017400886
0.18635664669472335,0.3496488656936697
0.1852966104721189,0.3495337816568744
0.1852966104721189,0.3495337816568744
0.18818103024424193,0.34985841700508274
0.1871120740721777,0.3497173701768147
0.18605110098698527,0.34957512175268274
0.18605110098698527,0.34957512175268274
0.18774973385296867,0.3497429421765743
0.18774973385296867,0.3497429421765743
0.1867116611165155,0.3496106521841659
0.1856861737066801,0.3494784119948945
0.18840306119194833,0.34977673481677485
0.18738960974170726,0.3496530875538116
0.18638967712338006,0.3495288470354117
0.18638967712338006,0.3495288470354117
0.1880822332422244,0.34972919787323165
0.1880822332422244,0.34972919787323165
0.1871768664224232,0.34964184119506375
0.18790766314298588,0.34973546217573986
0.18707310442610892,0.3496828948597693
0.18869551515033747,0.34986347002662493
0.1878401070397553,0.3497945291584177
0.1878401070397553,0.3497945291584177
0.18933632316221935,0.34994401324709484
0.188673372284639,0.3499031146478093
0.18793616360365173,0.34986761627468077
0.18793616360365173,0.34986761627468077
0.18939950768271221,0.3499957429357802
0.18866169290142792,0.34993954859396015
0.18995581352078486,0.3500723131171347
0.18995581352078486,0.3500723131171347
0.18872180676878259,0.3499754975010493
0.1899061804391567,0.3501129511557941
0.18931187153340062,0.3501159771473519
0.18931187153340062,0.3501159771473519
0.18865054862443567,0.35007054277061317
0.1897159175004094,0.3501629338236697
0.18907018158474992,0.35012392893035077
0.18999214252362323,0.35019693025264803
0.18999214252362323,0.35019693025264803
0.18895136216989794,0.3501125485704797
0.18981982855022303,0.3501555308082553
0.18981982855022303,0.3501555308082553
0.18935595992646234,0.350112798954556
0.19014250331755844,0.35013927735085404
0.1897296162095855,0.35009849673308263
0.1897296162095855,0.35009849673308263
0.18934239254459537,0.3500579279642537
0.18934239254459537,0.3500579279642537
0.19004257343245817,0.35006550125834635
0.1897069146509912,0.35002694469587603
0.19026416692054055,0.35001314290613916
0.18998059555198074,0.3499772969350901
0.18998059555198074,0.3499772969350901
0.19041543630327373,0.3499469119232526
0.19018443483991287,0.3499172154918004
0.18997990069551546,0.3498907773537297
0.18997990069551546,0.3498907773537297
0.19030335123528208,0.3498507054135433
0.1902159655233423,0.3498774410629934
0.19053103186232292,0.3498477317581669
0.1905279796073486,0.34983818021214347
0.1905529265569873,0.34985267029756906
0.1905529265569873,0.34985267029756906
0.19075168723220665,0.349813057419603
0.19079398700861447,0.3498162297961096
0.19079398700861447,0.3498162297961096
0.1908525550249197,0.3498127321743111
0.19091613928449655,0.34974897799125654
0.19105965428941782,0.34976476818539526
0.19105965428941782,0.34976476818539526
0.19133130725031355,0.34971069256101256
0.19120898013753382,0.34966958385835795
0.19166916996948016,0.3497086270057092
0.19192759172407603,0.34975245781448533
0.1916459825891748,0.34966712309366094
0.19214862196600435,0.34970558344839137
0.19260504960244212,0.3497429832410831
0.19260504960244212,0.3497429832410831
0.19216889378182553,0.3496559013122769
0.19216477580933874,0.34965003980388737
0.19260409397170752,0.34970989997596563
0.19307387515602514,0.34976345645349227
0.1919013755123932,0.349613514834971
0.19251983813284446,0.3496906338227826
0.1930930206773665,0.34975851687791065
0.19238594723940466,0.349640549946557
0.19300714348149267,0.34971764406969746
0.19362774060151314,0.34978267918387224
0.19284546172037043,0.34968861751513264
0.19284546172037043,0.34968861751513264
0.19352691723212112,0.3497345948669576
0.19352691723212112,0.3497345948669576
0.19265135864845545,0.3496465190152454
0.1923411476823034,0.3495830300472105
0.1930975200221942,0.3496482435685004
0.19394456386877013,0.34969631084995445
0.19394456386877013,0.34969631084995445
0.1938172928751077,0.34967329107751177
0.19478834795175648,0.34971513841039
0.1936611827324144,0.34957814915575125
0.19460478219524752,0.3496152330580945
0.19460478219524752,0.3496152330580945
0.19332622004308503,0.34947559964892666
0.1942690755989672,0.34951429291983604
0.1942690755989672,0.34951429291983604
0.1942690755989672,0.34951429291983604
0.1940107268223219,0.34944346126543047
0.1940107268223219,0.34944346126543047
0.1950845215650126,0.34949855537665486
0.1937568414633418,0.34939089746964536
0.1958726248137626,0.34947408777333233
0.1958726248137626,0.34947408777333233
0.1958726248137626,0.34947408777333233
0.1939970460397127,0.3493055660321118
0.1950812328638143,0.3493589375862059
0.19630302396795474,0.3494242692413685
0.19751750405908458,0.34947950742687894
0.19605801357922648,0.34935910349137994
0.19451562290601437,0.34924182293980754
0.19583973545454378,0.34936202624086976
0.19583973545454378,0.34936202624086976
0.19714399217439488,0.3494388016101416
0.19554166366944167,0.3493086615181508
0.19685285643927558,0.3493811666095238
0.19685285643927558,0.3493811666095238
0.19654097402482792,0.349312213697389
0.19781989617182824,0.34935633165639357
0.19781989617182824,0.34935633165639357
0.19612409620204968,0.3492369185240864
0.1974258227013037,0.34928617253083183
0.19581454080299135,0.3491812839787157
0.19581454080299135,0.3491812839787157
0.19713954988280746,0.34924578428602454
0.19845595526532214,0.34930955044118794
0.19676822209883327,0.349213355199668
0.19676822209883327,0.349213355199668
0.19808861871850308,0.34928465727107233
0.19645050387757795,0.3491924216902612
0.1977768256235627,0.3492712522315
0.1977768256235627,0.3492712522315
0.19606306284147093,0.3491866327066677
0.1973902758779748,0.34927086101598354
0.1973902758779748,0.34927086101598354
0.19872477452221676,0.3493456953788164
0.19717801446996958,0.34927222806801705
0.1985626237732171,0.34937501320621084
0.19829243259591275,0.3494188983827631
0.19790244675889956,0.3493946659323213
0.19790244675889956,0.3493946659323213
0.20045149233288354,0.34950749326323594
0.19890464342004782,0.34941338870794747
0.20028216552936495,0.3494950379364586
0.20028216552936495,0.3494950379364586
0.19875214878761854,0.34939509941743546
0.19875214878761854,0.34939509941743546
0.20008140021674822,0.34949621843396633
0.19972728139615384,0.34946412820971867
0.20100695773031932,0.3495310942500835
0.199541397507167,0.34944492934956495
0.20067726347546377,0.3495436991492694
0.19922423644464804,0.3494289794837769
0.19922423644464804,0.3494289794837769
0.20042495842324756,0.3494822066436353
0.2015931746932084,0.34954301857291825
0.20029993339451493,0.34942646085647344
0.20148893110332594,0.3494935952512284
0.20259486869190288,0.3495524200653143
0.20372023474627657,0.34961172314980815
0.2012917757025925,0.34938019774872414
0.2023935363595885,0.3494487409589818
0.203453733017518,0.3495113007470726
0.2012884267818965,0.34931964904376783
0.20229748977634088,0.3493951717810468
0.20327878674417965,0.34947878165175233
0.2022558355074033,0.3493686910260524
0.20318431520407168,0.34944772010283526
0.20318431520407168,0.34944772010283526
0.20223120865316582,0.3493373575196356
0.2031067675649782,0.3494194198103431
0.2031067675649782,0.3494194198103431
0.2039544708082234,0.3495003374019311
0.20302917216960015,0.3494423645831138
0.2037715400140429,0.34961279588286714
0.20449835878933215,0.3497839615215624
0.20449835878933215,0.3497839615215624
0.20368605582312038,0.34972499384092387
0.20416628570437895,0.34978646309134664
0.2037183049378497,0.3497599091095016
0.2037183049378497,0.3497599091095016
0.20431065961114694,0.34990164873850427
0.2036327819102474,0.3498838822615563
0.20411095772996113,0.34993866586511563
0.20352677610525483,0.34986651211477776
0.20389486592127137,0.34991850475537367
0.20389486592127137,0.34991850475537367
0.2033972961685534,0.34982904070455445
0.20367758815952652,0.34987925828451816
0.2039279155659613,0.34992496289267294
0.2039279155659613,0.34992496289267294
0.2035132598429446,0.34984385961162145
0.20370747122938826,0.3498832835020833
0.20370747122938826,0.3498832835020833
0.20370747122938826,0.3498832835020833
0.2038647784779551,0.3499485149066483
0.2038647784779551,0.3499485149066483
0.2038647784779551,0.3499485149066483
0.20386116613138405,0.3499465559382979
0.20413242426065378,0.3500358964841333
0.2042659996137695,0.35008391697361785
0.2044393056553763,0.3501308707348652
0.2044393056553763,0.3501308707348652
0.20468763876247748,0.3502580505031844
0.20468763876247748,0.3502580505031844
0.20466552286956624,0.35030605110363067
0.20493994245158573,0.35034374744085645
0.2049038432130878,0.3503666512360402
0.20522949844667215,0.35036177168458355
0.20509671165685922,0.35038008701483797
0.20509671165685922,0.35038008701483797
0.20554852978544347,0.35038550774759836
0.2053024868249109,0.35038759647036644
0.2050076041837104,0.3504253968843555
0.2056196546035898,0.35042580341485086
0.2064283808788017,0.3504429217839708
0.20613034007842657,0.3504009126065232
0.20613034007842657,0.3504009126065232
0.2057943568827358,0.35035493064049833
0.2066153880501672,0.3503774281353372
0.2062149960282477,0.3503256413578605
0.20578179688353287,0.35026982658296096
0.20578179688353287,0.35026982658296096
0.20620926487170554,0.35024795126411645
0.2071946499010025,0.3503006155045657
0.2066358969693904,0.35023241873489774
0.2066358969693904,0.35023241873489774
0.2066358969693904,0.35023241873489774
0.20604648810169635,0.35015922196449656
0.20713383656287782,0.3502314740833822
0.20763742247431652,0.35023582868172626
0.20763742247431652,0.35023582868172626
0.20763742247431652,0.35023582868172626
0.20694765480635982,0.3501515695473086
0.2062359418824067,0.35006339878920284
0.20756367294783326,0.35019801850559124
0.20691441516342796,0.35012766174521626
0.20624566802510752,0.35006042958547173
0.20763340079041304,0.3502309446824164
0.20683709580746062,0.35016764715974313
0.20733809487437432,0.3502271761189106
0.20888449258214817,0.350434740947412
0.20812209135364693,0.3503423074808908
0.20812209135364693,0.3503423074808908
0.20730763639078265,0.35025914583049533
0.20890639792233834,0.3504814808973802
0.20798108297070833,0.35040558132992117
0.2070474645690723,0.35027544443463643
0.20869324805139583,0.35049076094737974
0.20773353025933225,0.3503771019348084
0.20685459001583367,0.3502815111664473
0.20596099928552802,0.3501791116354774
0.20769275669767145,0.35039227193569333
0.20925008420790372,0.35057234723033565
0.2110137964975979,0.35076401957838527
0.20996996692741704,0.35062293503660796
0.20996996692741704,0.35062293503660796
0.20890866899364846,0.35047407159603333
0.21063936589342258,0.3506809194203413
0.2095386533163288,0.35052193096661105
0.20849642820523634,0.35035900064308373
0.20742407741452681,0.35020455231413217
0.20927612835787296,0.3504561951132424
0.20927612835787296,0.3504561951132424
0.2081764356779852,0.3502957304296666
0.20998474244893,0.3505291470252131
0.20887667898432483,0.35035748899637287
0.20887667898432483,0.35035748899637287
0.2077665826160995,0.3501791548861443
0.2096486507550725,0.3504239717790722
0.2096486507550725,0.3504239717790722
0.2085345294756027,0.3502408562781714
0.21036125627343502,0.35047111787413643
0.20925188804702682,0.35028770457558056
0.21225841024194536,0.3507026364202585
0.21114983954471062,0.3505245209252168
0.21114983954471062,0.3505245209252168
0.21182705045349154,0.35056050432103875
0.2107419612027117,0.3503960187682816
0.2107419612027117,0.3503960187682816
0.21260487078268525,0.3506346278960789
0.21260487078268525,0.3506346278960789
0.21150430988348712,0.3504800756035299
0.21044843432844895,0.35032169788376194
0.21225076088657668,0.3505383679343597
0.21115568211414307,0.3503873003780597
0.21009079984987536,0.35021514122228464
0.20902160944648474,0.3500581983135503
0.21091088856359513,0.35029791839154406
0.2097858958648839,0.35010827332429334
0.21153783114885816,0.35032294753929316
0.21153783114885816,0.35032294753929316
0.21323259135331618,0.35053177810909514
0.212200907269822,0.3503792269510828
0.212200907269822,0.3503792269510828
0.21118046056545167,0.3502254190185526
0.21279973970714056,0.3504251565457459
0.21279973970714056,0.3504251565457459
0.21180322404423266,0.3502783437148967
0.2108983150074431,0.3501461789504007
0.2125903315544545,0.3503725499628274
0.21165388118172335,0.35026886059015977
0.2132118160778938,0.35051749978826796
0.2123892757428567,0.35042754925161856
0.2123892757428567,0.35042754925161856
0.2116783865506559,0.35033179351225674
0.21089668750501345,0.35024620637348347
0.2125970700776263,0.3504854990787695
0.21400746854664918,0.35066326936447606
0.21324130203358838,0.35056754326938133
0.21324130203358838,0.35056754326938133
0.212493235019315,0.35045806390977174
0.2138863520576333,0.35062915653916216
0.2138863520576333,0.35062915653916216
0.21316945087331723,0.35055288825695213
0.21442534388860998,0.3506953783525914
0.21374631591651658,0.35062097151981425
0.21374631591651658,0.35062097151981425
0.21493047248515046,0.3507429300542695
0.21429116613566784,0.3506716265768031
0.21367354669565708,0.35060022151021825
0.21367354669565708,0.35060022151021825
0.21484047543425783,0.35073724968786113
0.21433411804140712,0.35071471109390673
0.21377979730536892,0.3506551581481451
0.213282666440169,0.3506070173026451
0.21428919242857786,0.3507143520335107
0.21474000698352028,0.35085447491321525
0.2154695881021128,0.3508953045390552
0.21508497103658314,0.3508518065529226
0.21469824179925545,0.3507995848817884
0.2153601088153006,0.3508258805896825
0.21503263632914965,0.35078012202383596
0.21472594810324325,0.3507367347997204
0.2155617219575799,0.3507747241531291
0.21528066967039314,0.350743374180568
0.21528066967039314,0.350743374180568
0.2150255106236639,0.350714610153609
0.2150255106236639,0.350714610153609
0.2154420498667943,0.3507015825815544
0.2152390757559589,0.3506786162797044
0.21506237773545844,0.35065833909739297
0.21503225861471711,0.35067440291890617
0.2155091232236568,0.3506881717033489
0.2155631400663737,0.35068942140917886
0.2156110524125665,0.3506870562374801
0.2159235072734307,0.35064944323713615
0.21596802593576628,0.35065331212631873
0.2161173168764498,0.3506594490387158
0.2162422213663955,0.3506757742981545
0.2163945289827573,0.35056271497416436
0.2163945289827573,0.35056271497416436
0.2162876375260717,0.3504885196411024
0.2162876375260717,0.3504885196411024
0.21650101766723354,0.35051644425222833
0.21674265993505187,0.3505478315691315
0.21674265993505187,0.3505478315691315
0.21655265658280123,0.35046890879354936
0.2168505857038333,0.35050759618015465
0.2168505857038333,0.35050759618015465
0.21717477293218218,0.3505487266302765
0.21686194921130905,0.3504586117662855
0.21724253845763947,0.35050726843564023
0.21687911010532107,0.35043970207129044
0.21687911010532107,0.35043970207129044
0.21740833502423965,0.35057861074016533
0.21693707011789454,0.3505371440675338
0.21747576363172866,0.3506475571328913
0.2179447685722559,0.35072232585925284
0.21722812031327973,0.3505925441932939
0.21792712543318005,0.35068439486011954
0.21792712543318005,0.35068439486011954
0.21706212884775014,0.35053979323774964
0.21767486947399076,0.3506157570059606
0.21837922054285203,0.35072611966032585
0.21752951604971288,0.3505901715341201
0.21752951604971288,0.3505901715341201
0.21823578016416922,0.3506823051703134
0.21725192872805985,0.3505380379204713
0.2179974754639703,0.3506144277116523
0.2187084329292715,0.35067042695790535
0.21764137270850048,0.3504986672817952
0.21845677698367577,0.3505728305028669
0.21845677698367577,0.3505728305028669
0.21845677698367577,0.3505728305028669
0.2193035205894124,0.3506543115194259
0.21815346791760915,0.35051160983523344
0.2191196649452905,0.3506145030973377
0.22003578508898655,0.3506993592126048
0.21892307564869914,0.35056121769707066
0.21989672368224977,0.3506545113771956
0.2209060054425936,0.3507544197947479
0.21967434606161768,0.3506036375182862
0.21839684560754527,0.35044812129805764
0.21952277799432598,0.35055205189514005
0.22061865444879242,0.3506438830513983
0.21925478885748723,0.35047977943916203
0.21925478885748723,0.35047977943916203
0.2203635728060045,0.35057117760955275
0.21889869681636004,0.35042009053054246
0.2200282588356032,0.35049759699385813
0.22118545633943676,0.35057995529221947
0.2223019762463603,0.35065394743004535
0.22078507333879305,0.3505176945887888
0.22199008793773517,0.3506207060264665
0.22317363702826004,0.35072866809237285
0.22046061733886815,0.35048881806533577
0.22167402524964963,0.35059532860038745
0.22293715238842418,0.35072575947189727
0.22420785958981437,0.3508439103176581
0.222695518694528,0.3507121998918702
0.22403032353022723,0.3508484349130943
0.22536649992413826,0.3509741661832267
0.22382996017882614,0.3508322077995585
0.2251990617708497,0.3509340955218214
0.22658796394246195,0.3510135228828392
0.22796138769456503,0.3511561829532016
0.22175472642996144,0.3506887975507677
0.22175472642996144,0.3506887975507677
0.22316190390439708,0.35079852757288105
0.2215454958755358,0.3506526130457032
0.22290882794860287,0.3507933664334292
0.22290882794860287,0.3507933664334292
0.22427539547787312,0.3509393868717005
0.2226147564375262,0.3508327673004869
0.22224754646172476,0.3507990154875352
0.22346884744960765,0.3508891963390042
0.2246317805969546,0.3509820624795929
0.22164501086897354,0.35072169312130547
0.22281844485451258,0.35083036533652834
0.22417012682950493,0.3509423798584583
0.22417012682950493,0.3509423798584583
0.22267132623938735,0.35081130378066233
0.22405446274093035,0.3509536104758256
0.2254285770532315,0.3510885905546
0.22679290360094023,0.3512118292040596
0.22522054497398933,0.35108922400509096
0.2265177823227411,0.35122283405775534
0.22780452734182388,0.35134992285848354
0.2262916192084652,0.35123139637540224
0.22755487418303447,0.3513544322613282
0.2288057865919161,0.35147472322351503
0.2300430807730301,0.35159049417923754
0.22726800637059055,0.35134652970788677
0.2284905482963948,0.35146389758869634
0.22964137295761558,0.3516010334691774
0.2281896434205827,0.3514489324485454
0.2293598682734361,0.35154692604119203
0.23054410303472794,0.35165659382464903
0.2317227595177649,0.35174711235549316
0.2301862193562557,0.35161606327665973
0.23128432905168633,0.3517091985824787
0.2323898180826006,0.35179820691548663
0.22994040965556642,0.3515584752161162
0.23103304869498015,0.35165546763458194
0.23208253970206205,0.35175337849011273
0.23208253970206205,0.35175337849011273
0.2307225815863505,0.3516063559216229
0.23171920842374055,0.3517075117626457
0.23268680987160043,0.3518076815467545
0.23141233248652307,0.3516669463516488
0.23141233248652307,0.3516669463516488
0.23232836240107924,0.35176752694259217
0.23322144411947432,0.3518671841289138
0.23109301776889096,0.3516215854535826
0.23195734486930739,0.3517215175939126
0.2327972446115727,0.3518201478058209
0.2308456432822823,0.3515788099049561
0.2316204094453132,0.3516935194807113
0.2323429498754642,0.351786252180721
0.23291343041979667,0.35187890875448496
0.23155626410276597,0.35170659915893404
0.23213660754149842,0.35180489866306364
0.23261914007205398,0.35187442435809646
0.23145971178260016,0.35172201618718957
0.23193712525771493,0.3517872780294595
0.23239967913631376,0.35185961557294937
0.22878704345662731,0.3513073756349944
0.22819816142388058,0.3512018425985379
0.22856319462361632,0.3512669970342399
0.22856319462361632,0.3512669970342399
0.22889729307569423,0.35132959706282485
0.22807732755577084,0.3511634115303681
0.22838018809774252,0.3512256616748163
0.22865146841664324,0.35128701932763934
0.22865146841664324,0.35128701932763934
0.22826096723256362,0.3511998523624965
0.22846704226321607,0.3512531620530634
0.22863975387963026,0.35130081777822153
0.22887663596944757,0.35136751698228524
0.2287129934094066,0.35129060609082624
0.22894346271664673,0.35134767255795857
0.2289406748376255,0.35131798174193174
0.229096237555359,0.35132673863066766
0.22916812927540223,0.35138974347648205
0.22926599534490988,0.3514214242170436
0.22926599534490988,0.3514214242170436
0.22947400481031127,0.3514102110449492
0.22958788826649915,0.3514411620290765
0.22958788826649915,0.3514411620290765
0.22957193399606562,0.35148394630874413
0.22984331719538126,0.35147472168288124
0.22977552273218602,0.35149628136883576
0.22970452357963794,0.35149544669076366
0.23013864161105152,0.35152395560934285
0.23008236247587646,0.35152981437244796
0.230024961184864,0.35154606426282176
0.22976720198322118,0.3515443402637436
0.23026242980031852,0.3515579681865573
0.2300485799908727,0.3515244967477747
0.22975904161075433,0.35147896397530287
0.23028899062937036,0.35154334975949847
0.22991972717203948,0.35152517915378684
0.2295852113100921,0.35146544138883384
0.22916177991129869,0.35140147135586
0.22968938947632772,0.3514059630667484
0.22923570443668145,0.35138271927168047
0.22874334968355944,0.35132281845956226
0.22948547767880614,0.35137026343293304
0.22898863942247644,0.35127558833537
0.22851310611092746,0.3511875933100033
0.2280002743962501,0.35108631871407353
0.2288297521559202,0.3511405230245161
0.22828768590008913,0.35109671816150817
0.22766775114733576,0.3510273869568422
0.2285262368807513,0.35111335028585205
0.22784156549244045,0.3509887276589669
0.22718777751950842,0.35091674002459255
0.226457220604075,0.35082797605927074
0.22739743417831498,0.3510088846448852
0.2266380325529438,0.35092276964702096
0.22587294465358881,0.3508237150259183
0.22685055175891922,0.35095662513085996
0.2261075505774779,0.35083532227982156
0.2252622683260211,0.3507022043785072
0.22425953131206305,0.35054783203215106
0.2253331884262503,0.35073318270050985
0.2245177626232762,0.35062260625036146
0.22360920817014626,0.35045583959441523
0.22467923234550008,0.3506343422713936
0.22376977408766555,0.35043724609616805
0.22285562609764897,0.3502690554262192
0.22543967940460907,0.3506866132403713
0.2322439883357599,0.35182317328064233
0.23392198349258989,0.35205998155954776
0.2357030832551486,0.3523105876702242
0.2357030832551486,0.3523105876702242
0.23456941373284224,0.35210147704700057
0.23630505916831557,0.35236806795198017
0.23520822214472795,0.35221938669643177
0.23520822214472795,0.35221938669643177
0.23417466063546521,0.35204210692989846
0.2359575974592487,0.3522978008428825
0.23483461247225657,0.35208809292650206
0.23371763719785438,0.35188675316076856
0.23552991832544956,0.3521727818967933
0.23434776587209386,0.35196341945094184
0.23326997846729952,0.3517641910507749
0.23213803414450757,0.35153779776519095
0.2351461972630836,0.3520580061426835
0.23401734592670012,0.3518336511967369
0.23287271780539487,0.3516415997215614
0.2347238093472458,0.3519311953732269
0.23362858673163792,0.3517071145077461
0.23245063107756206,0.3514858782916349
0.23136436024362994,0.3512509371493205
0.23317777375061047,0.3515550731624714
0.23204086711914532,0.35131440317518575
0.23095537298908092,0.35107858527471353
0.23277464827721495,0.351377123546232
0.23168487224561884,0.3511882576563676
0.23168487224561884,0.3511882576563676
0.23063957325318304,0.3509908021501894
0.23251444394651882,0.35131363216545497
0.23142160675546083,0.3510908328472722
0.23028621684543904,0.35088006385036274
0.23314339797151884,0.351403458868364
0.2320279863126597,0.3511864962600482
0.23287378157954045,0.3513158273918366
0.23287378157954045,0.3513158273918366
0.23193019928380593,0.3511170118291778
0.23362738135065392,0.35142939263503026
0.23257087045099303,0.35123972924549846
0.23152743866689138,0.35105527734124403
0.23063893846151967,0.350900733501378
0.23253313952363536,0.35128016066654755
0.23155473971337764,0.3511523237607858
0.2307964575721432,0.3510183173939006
0.23252015747741306,0.351366386874042
0.23172343136123602,0.3512492200910892
0.23097661959166718,0.35111830662569926
0.23017995196795188,0.3509987727426072
0.23202907825994146,0.351361437620876
0.23137134274064775,0.351272566102601
0.23069987057925173,0.35118194307357886
0.23232273058386843,0.35150201040071455
0.2316307817041867,0.3514076704629976
0.2310381266679098,0.3513386428616396
0.23038911578622917,0.35123385084488357
0.23218716659127103,0.35157485058965565
0.2316560161172216,0.3514957382997527
0.23110089785302335,0.35140718050133435
0.23281004000895064,0.3517295231620952
0.23228315408423234,0.35164095857972644
0.23173097992172018,0.351559052026301
0.2312777139340949,0.35152500101559375
0.23290590305720824,0.35181633383139915
0.2324103341448978,0.351748022123652
0.23357539362337676,0.3519615372589567
0.23314687488666935,0.3518938461573372
0.23273874521996768,0.35182785910070746
0.23415951207658464,0.35204397169016083
0.2370325528327081,0.3524394376271782
0.24023504521365174,0.35277741738429935
0.24023504521365174,0.35277741738429935
0.24079923347119742,0.3527917067674195
0.24054286038971004,0.3527446495651785
0.24054286038971004,0.3527446495651785
0.2409654668151919,0.35273651955523766
0.2409654668151919,0.35273651955523766
0.2405848590358316,0.3526668120987278
0.2405848590358316,0.3526668120987278
0.24105509436058872,0.3526706757792486
0.24101330871397506,0.3526847349099537
0.24110643839612905,0.35270593279432383
0.24140368913357274,0.35268297090951345
0.24138542002443109,0.35267494289860774
0.2414853897446006,0.35269171808789995
0.24154793320827767,0.3526962012829982
0.24179922436983892,0.35267120251484263
0.24197406246617287,0.3527235215987827
0.24222155638818121,0.3527719216576246
0.24230833736069277,0.35272691012676166
0.24259033851454556,0.35275734038518397
0.2428568419617288,0.3527833056811226
0.24314820245664273,0.35283797410699164
0.24355244241852206,0.3527910418206588
0.24289273433508599,0.35263689211196975
0.24289273433508599,0.35263689211196975
0.2428405009314924,0.3525789517652647
0.2428405009314924,0.3525789517652647
0.24376986127544803,0.35273631659211496
0.24376986127544803,0.35273631659211496
0.24333263196862928,0.35265163252996895
0.2438471502763873,0.3527433231626413
0.2431689676081692,0.3526112665108678
0.2431689676081692,0.3526112665108678
0.2443003874018318,0.35280403723094306
0.2443003874018318,0.35280403723094306
0.24358065145684546,0.35267424525971697
0.2442404358096632,0.3527981428839059
0.24497395726726942,0.352892665589509
0.24347848441684314,0.35265312641830826
0.24413589876551642,0.3527586087455872
0.24413589876551642,0.3527586087455872
0.24483449917034006,0.3528467900303241
0.24386464718369077,0.3526868410161889
0.24386464718369077,0.3526868410161889
0.2446122502294582,0.3528007382991244
0.2446122502294582,0.3528007382991244
0.24358066589363958,0.35265262805785347
0.24358066589363958,0.35265262805785347
0.24437230542400565,0.35277606551614266
0.24518600790958162,0.3529012639916907
0.24496880156340758,0.35283278825207176
0.24496880156340758,0.35283278825207176
0.24380854046745587,0.3526557910902018
0.2448254605834178,0.35278219542339045
0.2448254605834178,0.35278219542339045
0.24583227293258764,0.3528944860138186
0.24459984979649257,0.35272394583071387
0.24563359289162448,0.35284381047844415
0.24669524767494894,0.352940854253839
0.2454023549028917,0.3527744413583558
0.24650552754158594,0.3528853043839073
0.2476016232101063,0.35298572755113694
0.2486800495934346,0.35308272874984903
0.2473155591720959,0.35289105541850313
0.24845954886950464,0.35302861711026795
0.24960351749778328,0.3531281660085458
0.24825403036612903,0.35298010210566194
0.2494025948947849,0.3530797650508885
0.250569646917051,0.35318188245369847
0.25162458163982326,0.3532638188294071
0.250284614297402,0.35308634715683695
0.2516375863321436,0.3531912867534666
0.25299302201900004,0.3532943877826518
0.25026103110774955,0.35297165609232245
0.24876774821678033,0.35279418311568617
0.24876774821678033,0.35279418311568617
0.24716137465586166,0.35259454268465373
0.24716137465586166,0.35259454268465373
0.2485376776937774,0.35272434753772614
0.24692383442038043,0.3525499620004254
0.24821467689540222,0.35268118478200006
0.2495141698064554,0.3528123549531294
0.2508536440443341,0.35293068922588444
0.2478415935385186,0.3526260944825915
0.24916923536719357,0.35275469873650517
0.2504840871170021,0.35288406613704304
0.24884513822205534,0.35271716497642774
0.25016075107334185,0.35285424251890896
0.2471415190308989,0.352538112834866
0.24974495032331331,0.35282000950605275
0.2481258736568981,0.35262991729570886
0.2481258736568981,0.35262991729570886
0.24944377901852147,0.35281452890923876
0.2507839596738597,0.3529659636067834
0.24907167711568903,0.35281928446997207
0.2503392618391689,0.3529915337906069
0.25164637095140563,0.35315884994228813
0.2500862458437831,0.35302544297249117
0.2500862458437831,0.35302544297249117
0.24850785919751597,0.352879124471548
0.24981928489857386,0.3530525050524158
0.25112200108949856,0.35321913875486044
0.2496333334045929,0.35307056628948746
0.2496333334045929,0.35307056628948746
0.25091570753246406,0.35323202864329195
0.25218732367701185,0.3533871417509158
0.24941971961644283,0.3530686173799077
0.25067847379793284,0.3532249455730163
0.2519252652900684,0.35337663920105583
0.25052522019556855,0.35321375257582244
0.25174367208203313,0.3533610658520647
0.252898303027556,0.3534689500854449
0.2540590254673025,0.3535892328379796
0.25264332429117325,0.3534128972327904
0.253792661995435,0.3535348229309023
0.25493513058176676,0.35364767127777674
0.2536275925217473,0.3534677691816337
0.2547422003316275,0.35358411604698503
0.25583822388019317,0.35370059619050614
0.25690938176789363,0.3538159980160315
0.25453118789666607,0.3535212821050669
0.25557782115535005,0.3536402563034956
0.25659789520217985,0.35375895975966715
0.2543851765453701,0.353469387097515
0.25538104567466735,0.35359340321545946
0.2542256679428051,0.35342030647084033
0.2532208237138775,0.3532550012229055
0.2532208237138775,0.3532550012229055
0.2541371960293795,0.3533761043153243
0.2550269016587705,0.3534944611332391
0.2540586251192102,0.3533299344976122
0.2540586251192102,0.3533299344976122
0.25489547205641006,0.3534463334515136
0.254055324313737,0.353352471575078
0.25483440983138506,0.35353006004159343
0.2555088465359118,0.3536438807639524
0.25614784289959275,0.35373725526260946
0.255198127002921,0.35356764356950576
0.25573653633805593,0.35365565007497624
0.25623891064852766,0.3537416284136463
0.2549117338621904,0.35350821161670215
0.25541129935440543,0.3535952039283371
0.2558682189173024,0.35367641095126445
0.25629240987177476,0.3537547572731655
0.25511657907350777,0.35353542520112885
0.25551018263601133,0.3536118061265822
0.25587312338142637,0.3536851096420831
0.2548888460769648,0.3534865896188841
0.2552208073744349,0.3535568465773216
0.2555216967192189,0.35362330054622326
0.25579131471748373,0.35368760949007544
0.25521247648466255,0.35357066660109115
0.25521247648466255,0.35357066660109115
0.2554190393144609,0.3536313912311667
0.25496608139134463,0.3535301141028401
0.2552609749862381,0.3536116527450872
0.255581485077056,0.35367962361779215
0.25582393065235864,0.35376765942534294
0.25554693264514466,0.3536817729356948
0.2556815781707432,0.3537372378793258
0.25578987931648484,0.3537921559481294
0.2556155798353425,0.3537275671384231
0.2556764820001897,0.353761316585002
0.2557100146463171,0.35378801508805746
0.25571445915465707,0.3538074656703498
0.2556181622478123,0.35374151076257226
0.2556181622478123,0.35374151076257226
0.2555607345018719,0.3537459120028792
0.25557949522293155,0.35369260202973435
0.25557949522293155,0.35369260202973435
0.25545694938113284,0.35368147978299863
0.25545694938113284,0.35368147978299863
0.25560717477401623,0.3536434064573469
0.2554180666699598,0.35361657507349115
0.2551954740141924,0.3535816508597516
0.25541337509982837,0.35356045458959295
0.2552273584434284,0.3535220795643663
0.25503292348572815,0.3534793507925757
0.2548140636955338,0.353431097785482
0.25523103907458705,0.35341800817626284
0.2549602204570275,0.35336314378546774
0.25461464795455535,0.35329243595276605
0.25544707786596177,0.3533671078951903
0.2550214419625893,0.35328402951694327
0.25455586705490907,0.3531946547760274
0.25405883855268674,0.35309911794712634
0.2557401207394006,0.3532545510486711
0.2557401207394006,0.3532545510486711
0.2551804036020735,0.3531509721277082
0.25596474827362425,0.3532213260968706
0.2553485265884657,0.353107885638483
0.2553485265884657,0.353107885638483
0.2562099731606414,0.3531960793494852
0.2555485464467896,0.35307372526896763
0.25486538169936046,0.3529456716177457
0.25486538169936046,0.3529456716177457
0.2558546120133866,0.3530657028242089
0.25519036286026076,0.3529517337880235
0.2545889258774705,0.3528196883908661
0.255766210190699,0.35295291582909394
0.25507045238143344,0.35285002055557274
0.25438415589274593,0.3527506694917531
0.2536117917909188,0.3526614555920408
0.25482335677227974,0.35287242222918336
0.25415984404151926,0.35278870616189456
0.2533802165609911,0.3526852116806115
0.2546808102249589,0.35289126152462474
0.25380021534418196,0.35275024929421017
0.2530045952528683,0.35260151766216785
0.25216508383303565,0.35246730846097035
0.2534614367094378,0.35271655273067826
0.2525062836574416,0.35254463398005015
0.2517010978002185,0.3523768869572105
0.2529087956012819,0.3525917906835071
0.25193738085124573,0.3524272146890711
0.25095801586679467,0.35220827452428644
0.2499703489957988,0.35198426355341766
0.2514120734205958,0.3522156876915022
0.250296517562054,0.3519427838072755
0.24919208359505168,0.35165485255616513
0.25043369153086986,0.3518448814155575
0.2493220069764966,0.35154254440448074
0.24821029261990318,0.35123298609071185
0.24711136844275128,0.35092236908283647
0.2486329805026548,0.35118985414432446
0.24752809437258028,0.3509035796291182
0.2464419136668991,0.350621193261426
0.24919395015889712,0.3512441721894162
0.24810121634653604,0.3509690283154105
0.2470104719186688,0.35068571261507275
0.24591972727356326,0.3503936453113776
0.24875737591615454,0.3510495408658658
0.24766865749325734,0.3507598911882378
0.24658156273924936,0.3504634491578775
0.2493922882955863,0.351113301056444
0.24830385145444145,0.35082356280637245
0.2472171903036497,0.35052021552769785
0.2460959877023644,0.3502273176875295
0.24899775733474988,0.3509105360949025
0.2478225655450773,0.35065619137948306
0.24673748673807216,0.35035871963587456
0.2485543021805095,0.3507577861317392
0.24743524878135628,0.35047249048541457
0.2463022966894619,0.35021593651254634
0.24522323928145467,0.3499262342112213
0.24816654962282547,0.35063734054154594
0.24715222159181294,0.3503816938306029
0.24613352652006815,0.3501128179904682
0.24799234100116302,0.3505395808012892
0.24799234100116302,0.3505395808012892
0.2469499742017071,0.35027517358309457
0.2459172741741486,0.35000933768338255
0.24886841933769482,0.3507218499253314
0.24784354138988535,0.35046649552386194
0.24784354138988535,0.35046649552386194
0.24970964797493433,0.3508995192132651
0.24870495992085956,0.3506557205857472
0.24870495992085956,0.3506557205857472
0.24771248908371096,0.3504133321974076
0.24964917886704277,0.3508717660328386
0.24876835175139025,0.3506913019632753
0.24790515500297844,0.3504871816015163
0.24979758985003048,0.3509649261193015
0.24903871055312046,0.3508160435863667
0.2482471793332836,0.35068466869067266
0.2474972876928252,0.35052131525328994
0.24958212825879214,0.3510437314573749
0.24880414682738813,0.35089867528286056
0.24800864750552015,0.3506961089934271
0.24998107482951387,0.35119478963684936
0.24928827327622305,0.35107225166053574
0.24858039532252396,0.35095263154861617
0.2479218467890178,0.35082999018416466
0.25005619000717905,0.35135135769622877
0.24941914164698822,0.35122988517752735
0.24879937534430857,0.3511273063954156
0.2507807470227842,0.35164242509251276
0.25034357765667625,0.3515806966877451
0.24974698296723286,0.35145025638374267
0.2491254073796273,0.35132300125529464
0.25109284930929243,0.3517802389236838
0.25053358141290655,0.3516635822500927
0.24999877461724596,0.3515346965782773
0.2519027228382874,0.35195160188075897
0.2514510575074165,0.35184133325865957
0.2510288387800711,0.3517415618643825
0.2506307185513691,0.35165285460487594
0.25259677158333294,0.35207675969863933
0.25224626975945585,0.3519915394129475
0.25192061038712305,0.35191422825571045
0.25380299593407246,0.3523112606300013
0.2535272580079182,0.3522520956151644
0.25327696592852617,0.35219809963842325
0.25327696592852617,0.35219809963842325
0.2551514328498633,0.3525783135591335
0.25495218778510575,0.35253614585676946
0.2547787969663702,0.35249915553807365
0.2566380527458624,0.3528798728693916
0.2565764108376628,0.3528642801141281
0.2565210980239527,0.35285508456347986
0.2565908225068929,0.3528917404479795
0.2584496547244092,0.3532401896744723
0.25853931447099393,0.3532472591008
0.25862179958739384,0.35325827459677356
0.260443477783729,0.3535797095071766
0.26066379243098564,0.35363319439074425
0.26093367726575456,0.3536973398991722
0.2611729228180203,0.35375586077602955
0.2629414912569481,0.35404947736421105
0.2632666043183254,0.3540959168205277
0.26362692287203476,0.3542189585466802
0.26534194613286183,0.3544921913626955
0.26573928017480186,0.35459460307278257
0.2661837913183622,0.35467771044731367
0.2666522844040481,0.354795233570724
0.26826270543405517,0.3550236449883651
0.2687722332719386,0.3551461717209638
0.26928969837117034,0.35523539571215124
0.2707570631769715,0.35543457175924126
0.2712978296912968,0.3555220214389993
0.27186763704808437,0.3556185117642167
0.2724474019223983,0.35572211434681034
0.2738842720933164,0.3558878695569674
0.27454267662765686,0.35600090097098713
0.27534907521719876,0.3561061752012294
0.2767571678081302,0.3562480993763821
0.27749417328769016,0.35637083168169753
0.2782251938831727,0.35647190685211566
0.27900420816050886,0.35657970743427225
0.28024960908635227,0.3566719669633843
0.2810500827000083,0.3567584551369573
0.2818674438151943,0.35684941720803603
0.28306356565318813,0.3569017952691884
0.2840628891143243,0.3569831452934896
0.2851087957762412,0.35705841520701004
0.28616387892591266,0.3571249213171996
0.2872670449895475,0.3571590439652664
0.288230932906182,0.3572401383016781
0.28922498724213275,0.3573195091632248
0.2901625575794092,0.35731372039786763
0.29117953364242133,0.35737945665408055
0.29227341832486115,0.3574283093789674
0.29337882233794466,0.3574915330112233
0.29420392415911,0.35746258790662044
0.2953382829972922,0.35751757022279507
0.2964861839031382,0.3575656667027206
0.2971820936291689,0.35750928476574484
0.29835930582047354,0.357547479253346
0.29954957427734125,0.35758741462974836
0.29954957427734125,0.35758741462974836
0.3001295722583758,0.35752253424094915
0.3013401497117308,0.3575581660432624
0.30259282864984094,0.357597474242638
0.30299718141678095,0.35752100208875526
0.3042824136695212,0.3575543816286384
0.30559440883341654,0.3576269253433037
0.3069385442098039,0.3576962617249759
0.3072004919917542,0.3576483309803014
0.30850727540681355,0.35769892661624686
0.30980680724579807,0.3577388531511403
0.3100041635982699,0.35766943418215924
0.3113175447971936,0.357678298698713
0.31261699407960897,0.35768380505115915
0.3139572396415883,0.35769922767757684
0.31392819512319015,0.35766598519390186
0.3152327505793629,0.35771753027092007
0.3166087420107683,0.35775331007676886
0.3164542204967636,0.3577218964753694
0.31778665106214654,0.35774258487239524
0.3191320503091024,0.3577696325245108
0.320505250747653,0.35780510739845434
0.3201730729659188,0.3577594792436511
0.32154176127182943,0.3577575321196983
0.32291189266147674,0.3577503924353699
0.32245026887087996,0.35771818122491317
0.3238297310067236,0.3577325821505239
0.32520461786568483,0.3577516722284753
0.32658041790428227,0.35777019754999356
0.3259354163257761,0.3577842578690338
0.3272907541262064,0.35780115003635293
0.32863429721760445,0.3578121202328421
0.3278408399333837,0.3578519512561902
0.32911639934637016,0.35789059448784877
0.3303796775707214,0.35792554943059124
0.3316301347837849,0.35795737114652676
0.3305883704797222,0.3580208673183464
0.3318104802943002,0.3580528785222035
0.3329656709200073,0.3580463432135817
0.33174464204726506,0.3580526070792945
0.33285142393602807,0.35802360942508865
0.3339595345828483,0.3580068784525992
0.3350337714855252,0.3580082399577786
0.33358498210993837,0.3580914480215672
0.3347022259165263,0.35810741976776206
0.3357874677048915,0.35812410437675657
0.3343020124288756,0.3582227054382327
0.3353445359452626,0.3582620358102785
0.33636207475390245,0.3583068290204581
0.33735437181965827,0.3583584360168545
0.3356191444562976,0.3584896616858117
0.33656423902963184,0.3585506527592321
0.3374847186099585,0.35861646417108606
0.33565711147300253,0.35876036367475916
0.3365258151051855,0.3588393383832487
0.3373676086799306,0.35892305034038136
0.33814079749554676,0.358966604799895
0.33591051169061187,0.3590415973355559
0.33652639677534874,0.3590460740978808
0.3371214412862724,0.3590633690413453
0.33484370416701287,0.3591609006134589
0.3353886558957005,0.35919973229224655
0.335904002907303,0.3592393593455465
0.3363894311022256,0.35928021472125526
0.3338843321707205,0.35938189361444295
0.3343091068655716,0.3594277099130742
0.3347031479732416,0.3594748418323998
0.33213328259931935,0.35956424182213886
0.33246517455353075,0.35961448583521194
0.3327656714249586,0.35966477210761477
0.3330346025427479,0.3597160712701274
0.3300137373551715,0.35973783783005936
0.33025093652179544,0.35979281667303864
0.33045624969093396,0.3598506446808697
0.32765937470823253,0.3599044632932637
0.3278834223283592,0.3599469739475611
0.32814754428950343,0.3599839189458798
0.32836670642917143,0.3600419732449196
0.32555285373714343,0.3600548557961794
0.3257708980514566,0.36009615770468256
0.3259034384101113,0.36018335006310964
0.3230169523874516,0.3602045598083694
0.3230854062992841,0.36026677759887804
0.32316579952601554,0.3602822810405855
0.3231612171063106,0.3603008222892225
0.3201790310802926,0.36024642211032337
0.320162583700372,0.3602819911936626
0.32007449897520646,0.3603268714142777
0.3169960095832588,0.3602403468834319
0.3168332839274173,0.36026418443374775
0.31674184173494363,0.3602745127822366
0.31659385264612766,0.3602796640039265
0.31346449633017714,0.36015656897048814
0.31331135061506105,0.36016541918303224
0.313065695134317,0.36015005104663644
0.3100117746466494,0.359961753039872
0.3096060865583093,0.35992889736105466
0.30923053285939095,0.35991301918707125
0.30605676185313846,0.3596750561544268
0.30567754385543205,0.3596358366045236
0.3052524549615464,0.35958912728472797
0.30478797149824577,0.35953341343325973
0.29917672220519453,0.3589920214178074
0.29866852515658815,0.35897864188270073
0.2957633324787564,0.35872516047770137
0.29518477937089793,0.35868552104012247
0.29224117462040283,0.35827757873344923
0.2916787466829191,0.35821775308373754
0.2887787049717836,0.3578028338969874
0.2881179488535608,0.3577163371055704
0.2846100403140106,0.35719154951072246
0.28400424555771314,0.3571575459210381
0.2814543756001513,0.3567627040110633
0.2808313550488772,0.35670117540949847
0.2777385881481242,0.35617548729378473
0.27716357748351456,0.35608404990033443
0.27656582236317373,0.35597821215818276
0.2758567542221797,0.35583685096937134
0.27497870835463184,0.355624139829718
0.2701801340703184,0.35447423271379885
0.26930140398667585,0.3542576499964714
0.2683469340261118,0.35403391150091235
0.2666770710608042,0.3535651768726987
0.2632316661046782,0.3525925757385396
0.26233810717217704,0.35230562713188995
0.2613927741306923,0.35200813542190384
0.25936794401682445,0.3513714653754335
0.2583384257942334,0.3510668636607719
0.2572915281696012,0.3507262374848929
0.2562408393955331,0.3503772188621661
0.2551770427664265,0.3500150958293275
0.25414645092285104,0.34966232660146124
0.25310713885718833,0.3492725926832423
0.25027754635593247,0.3481651634671481
0.24918878727169252,0.34777838866043503
0.248113260567771,0.3473639155740876
0.24706753387608052,0.34695588464768995
0.2459723500876011,0.3465787279184684
0.24461488050288877,0.34590709556394705
0.24355731071254666,0.34546528321179526
0.2424904743348414,0.3450196043635954
0.24139911072947656,0.344564707213737
0.24078751228081505,0.34419970878227657
0.23972354134014215,0.3437311414346122
0.23871375890234325,0.34323945194815125
0.2377202907202411,0.34273467097965493
0.23674102191341267,0.3422178068821272
0.2357239931490874,0.34174074708954383
0.23569545897560545,0.3415593370515731
0.23468715339714064,0.3411305889562929
0.23444197587027937,0.34093626574771735
0.2334184533383455,0.3405354815121144
0.23244409574540506,0.3400971637982322
0.23241235725266352,0.3399610671540731
0.2314586293968699,0.3395017332456469
0.23044662819313338,0.33907776440929793
0.22960226825519262,0.33868970319685243
0.2286233288137653,0.33823116031460304
0.23010626029396442,0.3386754078879913
0.22904424373335708,0.3382505432455025
0.2295008624661897,0.33839739822422255
0.22875780611088312,0.3380562679416634
0.2280164740299664,0.3377259411643995
0.22877748907262166,0.33804253174772614
0.2279290396731248,0.33770136737363915
0.22889873229612193,0.3380580099309625
0.22827485063811326,0.33781765414245873
0.2295034292138083,0.3383209172141521
0.22874753581866222,0.3380416166298818
0.22728848060340506,0.33745705605451903
0.2265494071204829,0.3371877496635132
0.23004922978936979,0.33860993941951
0.22944164201935502,0.3383611085728382
0.22878143514303673,0.3381067743104103
0.23067633185378594,0.33889670116655407
0.23013306255209584,0.33867798119582326
0.22966356771587584,0.33850674886153614
0.23152332231498746,0.339286961277598
0.23116148180361365,0.3391216462382062
0.23077506464525896,0.33895883182771064
0.23275316436468887,0.3398350319868477
0.23228333538897689,0.3396556731583333
0.23431150870759915,0.3404894085398461
0.23383825213614576,0.3403087076531175
0.23343302767824908,0.3401503912494941
0.2330483955513533,0.33999164100713886
0.2351391204979437,0.34083231649270374
0.23742098549583657,0.3417365482359722
0.23710746417595005,0.34160499952383083
0.2368185286670098,0.3414832737922949
0.23936169590404496,0.3424809794680375
0.2391211522548472,0.34238169608170615
0.23890537791013533,0.34229245199677405
0.23871442837549284,0.34221331824855067
0.23854833106727352,0.3421443719554049
0.24409215845687676,0.3442950197726905
0.2442271870644097,0.3443994183081681
0.2471242934776105,0.34553157226873843
0.24722199531011352,0.3455550653716265
0.24730879767491903,0.34558665586883475
0.2473276923198926,0.3455906903262718
0.250228020696378,0.34663295880282846
0.2503675478056479,0.3466716513721795
0.25053743742122137,0.346724874195406
0.25353881840032055,0.34777128267200014
0.253747307168093,0.34783956832479274
0.2539829942382826,0.3479154647679989
0.2542455835348373,0.34800123151812956
0.25739215680378,0.34905137621889454
0.2604888937078559,0.3500489582414605
0.26082235037172413,0.35014870914599505
0.2611828041216088,0.350254373779906
0.26436019116718784,0.3512457767371714
0.2646777090220808,0.3513284519170432
0.2678771618557978,0.3522690588543651
0.26830870103062465,0.352401405424675
0.26875590013077705,0.35253607472840065
0.2720072866289316,0.3534516734912984
0.27514206693007576,0.35432223583810585
0.27574816695305254,0.3544748253327383
0.2764387605330945,0.3546714452304831
0.279728947139755,0.35548398960214184
0.28040332271936586,0.3556535839297753
0.281044348265519,0.3558292987991198
0.28426529893824937,0.3566020595527644
0.2849882051721869,0.3567529529397752
0.28572087720609535,0.35689967482997703
0.2865334313513426,0.35707439182628886
0.29194115598021264,0.35821478361687
0.29274958649868194,0.3583664225540204
0.2936719616967264,0.3585591513202439
0.29466280099569386,0.35872385103505894
0.2956263927986067,0.35888816515018823
0.30096271687583853,0.3598052284044575
0.3019222141242628,0.3599261670987977
0.30293262931753495,0.3600691882720852
0.3059574041640079,0.3605012166444893
0.30701736539865815,0.36062393241499896
0.309831663561906,0.3609873139574914
0.31085715277523834,0.3611023943600146
0.3119351155337844,0.361222085389796
0.3130493173001087,0.36132947073622745
0.3172827329543316,0.3617444936948962
0.318436755726954,0.3618296117270213
0.32091558140532117,0.36201111803475866
0.3220956029772491,0.3620864734178064
0.32445172560001834,0.3622266556861607
0.3256560603278758,0.36229056887332517
0.3268720991557833,0.362394040209714
0.3294744958841899,0.3625512225763982
0.33257874209023214,0.3626515340041691
0.3338728846947027,0.36273266452869213
0.33517178590576097,0.3627854616030637
0.3371244628261129,0.3628133410768371
0.3402236497352785,0.36285960444411935
0.3415668850246025,0.3629259528796286
0.34295093520763076,0.3629742768628069
0.3456920551359637,0.3630543706430654
0.3487381756391042,0.3630174371935096
0.35005377518477304,0.3630530410342234
0.35141500473078263,0.3630755324572385
0.3524881734146076,0.36303878588501354
0.3537963493101657,0.36306910251002916
0.35487175128854587,0.3630085512196348
0.3562275393468624,0.3630040149136958
0.3575746494382152,0.36302750402004763
0.35845904471903595,0.36295194259053
0.3598278375128624,0.3629859077809934
0.36048612940157326,0.3629389037400113
0.3618342623081584,0.36296669785474844
0.36316521316183015,0.36300888540302645
0.3644844075956025,0.3630522770510575
0.3648978280499503,0.3630504309389103
0.365150422597146,0.3630549926746246
0.3664379153628087,0.3630930917325062
0.36771350909753026,0.36312781528478055
0.3677254200190815,0.36314007096623385
0.36759030701566575,0.36316089684419833
0.3688260913508219,0.3631947708202538
0.37004709663480767,0.3632260138127563
0.3712449953880746,0.3632199671873088
0.37082693834989233,0.36321715944588107
0.37196359481924557,0.36322372219164273
0.3731089686736178,0.36321746181581516
0.37257266993131,0.3632563691681097
0.3737181262282518,0.363275269415424
0.3748405024523994,0.36329433312027787
0.3740284848294803,0.36335078964720496
0.3750923290972213,0.36337489566337305
0.3741383568926776,0.3634483261870721
0.37515522689698344,0.3634856034234805
0.37614764323544386,0.3635272121320606
0.37493667781800477,0.36362675642208775
0.37587647123014256,0.3636773780530575
0.37453979148733924,0.36378739692912393
0.37542732738937556,0.36384741592447
0.3762889085322989,0.36391126145002367
0.3747019633173337,0.3640406011724185
0.3754578009660104,0.3641116176080536
0.373741680815013,0.36414467581912424
0.3744592029251959,0.3641452502032142
0.37517743402697923,0.3641628840496448
0.37587520446070305,0.36417232737197563
0.3738834900039118,0.3642741063397494
0.3744763990293905,0.3643128249353908
0.37503861851829584,0.36434740349219136
0.37289374966197786,0.3644494725015606
0.37333420835151876,0.3644812030122244
0.37372605581621327,0.36452427488965716
0.371288292813157,0.36463232782359345
0.3688130001593162,0.3647236700691454
0.36911103005704743,0.36477231963117845
0.36937760711425016,0.3648245046210994
0.3666888921409676,0.36491110614629135
0.3668920462624568,0.3649707459642783
0.3641575518583876,0.3650415255480654
0.3643323385509362,0.3651224230566571
0.364608157687311,0.3652168665523574
0.361899480184136,0.3652451763693731
0.3621664962219765,0.365310729674406
0.3623649733453138,0.3653761006228666
0.36257103220762543,0.36541822438845345
0.36270613577165983,0.36545178945049916
0.3627423804850626,0.36547716056325585
0.36271778210120625,0.3654957254169265
0.3538320862079425,0.3653582826499674
0.353784384099726,0.36537895384412244
0.353729439213199,0.36539505038273046
0.35365409155767125,0.3654071760699897
0.34755369966291716,0.3651643594942695
0.34744673491678896,0.3651655008085096
0.3443632910132631,0.36499266570734357
0.3442244767167334,0.36498280737320726
0.34118598436552056,0.36486962625177544
0.3409856534893867,0.36492072111767926
0.3378839080319739,0.3646720117292415
0.33761131587060944,0.36465776042634573
0.33457584503115906,0.36440169948317314
0.33425271927488864,0.36435519041318276
0.33386739582684427,0.364343504762433
0.3307638326064155,0.36404563026078696
0.3303940712099456,0.36403572833456804
0.3273859126982635,0.36366749820349364
0.3268906042550326,0.36360230917848924
0.32643496908606834,0.36353700948920237
0.3259642037118585,0.3634556575067358
0.3229507272889435,0.36301958838645143
0.322384211715626,0.36297907924696526
0.3194842884409912,0.3625787592827619
0.3187517146736921,0.36246618350949383
0.3159053717275627,0.3620245993085806
0.315211165415536,0.36190558340678886
0.31244023333654536,0.3614467160698843
0.31167510162997714,0.36136709218998136
0.3109312077793749,0.36128091495769554
0.30821510685494974,0.36079329623404993
0.3074427095345907,0.3606878201120861
0.3048869718280472,0.3601233687408452
0.30324370528215927,0.35977553318213695
0.30083915991092164,0.35920305325071566
0.2999909478375172,0.359038345720923
0.2976216940721415,0.35843056512259863
0.2958225996167055,0.3579582528407189
0.29361120483970676,0.3573303640242941
0.29265071191521574,0.3570723544085702
0.2905273675851524,0.3565072791221948
0.28959585334592214,0.35624785860457103
0.2886385582432126,0.35596700287618993
0.28670991990369954,0.3553027988463219
0.28569240837056553,0.3549872505321223
0.28394354383235254,0.35436936651805007
0.28291682178503397,0.35401269331704865
0.28186064417812917,0.3536446398724676
0.2802334871549419,0.35302892674780545
0.2792135054842654,0.3526562974779313
0.2777707009086218,0.35207662921137245
0.27675216751111376,0.3516704699492285
0.2757076192099769,0.35125518991551136
0.2744579023501519,0.35069620756892067
0.2733942219374681,0.35025228857828944
0.2723319385917955,0.34974158737515315
0.27126517919194293,0.349295830035178
0.2702217985852918,0.3488467154726311
0.26916189182592576,0.34838949550943393
0.2682831072721479,0.34791676530592675
0.26724966347411017,0.3474608431980691
0.2665078579461114,0.347034067842943
0.2654705053998608,0.34656902765740666
0.26442753550435893,0.34610329517034083
0.26390495543464837,0.3457676891585268
0.2628762254667863,0.3453080301257206
0.2618536224524727,0.3448477312187741
0.2615021395941045,0.344582419462846
0.2604927553639247,0.34412414260712976
0.2594912106473882,0.3436670521065957
0.2584981333583846,0.34321296223996167
0.25836522201102063,0.34304611381702155
0.25738989134273943,0.3426024767976886
0.2574118903759709,0.34250785359338715
0.2564564746901628,0.3420680572271289
0.25551248298221196,0.34162852052624126
0.25458048011191536,0.3411901842637848
0.2561242175611699,0.3416945346728254
0.25529953309781755,0.3412941492546242
0.25442578038288044,0.3409321532478844
0.25355461192027035,0.34057189636137564
0.2559001515814985,0.34145993285560056
0.25520735156539476,0.3411658039891756
0.2545125344111904,0.34088948824491944
0.25381566676751466,0.3405639245255511
0.2547473574549546,0.3409368288035386
0.25403263229949713,0.3406393524624147
0.25514542815442354,0.3411122160894656
0.25441642743828086,0.34084201633009464
0.2558488996277206,0.3414180783387596
0.25529311567169627,0.3411658423163606
0.25682796883126874,0.3418153647342874
0.25620379590755954,0.34155245928126327
0.25559636260926843,0.3412952392940002
0.2572398177354984,0.34199879874343186
0.25667114366676064,0.3417564702193311
0.25850193537790145,0.34251323396646316
0.2580516779494735,0.34233268397245237
0.25753202937784797,0.34211021179348927
0.25946228354515044,0.34292831813722224
0.2589932533599797,0.3427220464433235
0.2609975424350387,0.34356283603716664
0.2605733105467034,0.3433804679590628
0.2601733899552061,0.3432124223653878
0.2624074067448493,0.3441490002103233
0.2646432731207766,0.34507572623217647
0.2640015226141593,0.3448079185239925
0.2664214498345585,0.3458012927013676
0.2661595478367369,0.3456960649251296
0.265921893703594,0.3456003196391455
0.2684028021053063,0.3466026908531536
0.2682133116777579,0.3465279212978711
0.26804844579131,0.3464627028237074
0.2680251323692314,0.34645395410983576
0.2735795888600171,0.34861878767254956
0.27362144074263395,0.3486245016167354
0.27656727852321983,0.34969735669421054
0.27658985206053777,0.349693859677688
0.279428055911976,0.3507378346472361
0.2795521829552826,0.35076910909332
0.2828099520597527,0.35190773453682794
0.2831439651048106,0.35199161537393486
0.28623736756382134,0.35305746817099126
0.2870340996656545,0.3533039068528733
0.290198609387997,0.3543503198796609
0.29059003405752476,0.3544772382319917
0.2936391424102376,0.35543910399861767
0.294049084178968,0.3555767376768344
0.294427979964388,0.3557093682835662
0.29488186697765145,0.3558746733945699
0.2981163123017746,0.35684523395868845
0.2987363204358043,0.3570182701190884
0.29933855267353277,0.3572074670958615
0.30251169344031226,0.35812997767616445
0.303098071754621,0.35830091159601246
0.30377225069024916,0.35848006356279705
0.3069915926728728,0.35935938663462624
0.30763547810435243,0.3595382978029871
0.3083060968202564,0.35972036544107094
0.3089995872333701,0.3599068856040543
0.31451383090171925,0.3612750156088565
0.3152546424560895,0.3614586944725201
0.3183236144442187,0.36216493356529533
0.31910880914624795,0.36234939737375677
0.3199153930847223,0.36253796950002304
0.32083244419303963,0.362735938923252
0.3260443669420103,0.363771129987543
0.3269584889855328,0.36391076317973337
0.3278609622731792,0.36405632712508285
0.3308352480546731,0.3645496609258945
0.33185951461309293,0.3646855866269169
0.3347345523587075,0.3651160400581753
0.3367444243327921,0.3653768974668383
0.3394724707539492,0.36573862783397015
0.3406013713403884,0.3658657549624693
0.3432220782812206,0.36615178397374204
0.3453715084332642,0.36635053860018857
0.34774234844873575,0.36658857050097704
0.3488944908335383,0.3666858157765723
0.3512089209112375,0.3668768891755364
0.3524381803954299,0.36697051413869136
0.3537420444152286,0.36706008818333147
0.35506335150984647,0.3672002446397622
0.3573931260367278,0.36743176178830356
0.3587820120368256,0.367624462980636
0.3609717024118232,0.36779164059960534
0.3622715498998198,0.36788526143697686
0.36357859080923555,0.3679718195176529
0.36551831205526963,0.3680428583095639
0.36685039483616333,0.3681234279914772
0.36818587104474465,0.36819657071033435
0.36952319442634035,0.36826382562802307
0.3715297704576767,0.36823651170304444
0.37286811171513273,0.3682911969649378
0.3755396033012942,0.36839386559369613
0.37687204755099446,0.36843950494646904
0.3781244145491352,0.3683490082664733
0.3804338880938054,0.36837898977117506
0.3817772692106812,0.36842448348600537
0.3830850764544657,0.3684729259328728
0.3838931402637301,0.368457243752427
0.38528429180611784,0.36854134122989946
0.38722198759540405,0.3686218666979801
0.38857342966677433,0.3687260132545151
0.38912349775254607,0.36875382142128893
0.39032172591085956,0.3688269481351845
0.3905738290615848,0.36881066680830055
0.39190462811754706,0.3688846825478041
0.3931427893999081,0.36892933269601147
0.39428150138013796,0.3689500018202368
0.39555494688076853,0.36900916047288435
0.39547148594801346,0.3690483985610562
0.3966587132622343,0.36914414721729044
0.39791413564919653,0.36920048429333374
0.3975283978028904,0.36916834248092006
0.39872000997591944,0.3691790521747621
0.39820469159287875,0.3691854112180126
0.3993764477111155,0.36923221760289987
0.40051893701324953,0.36928495594174365
0.4016183323478247,0.36933115128562966
0.40080976902554905,0.3693672561257567
0.40188057637717095,0.3694175201194769
0.4009341508306489,0.3694705845826564
0.40195401810170045,0.36953211326216445
0.40086940513470587,0.36959890436158654
0.40183264470979413,0.36966927796588883
0.4004785134764827,0.36974570974420146
0.4013897667520135,0.3698247258506119
0.4022748377574865,0.3699072567580225
0.40313361332471725,0.3699923617902309
0.4016245983595736,0.3700866567882894
0.40238940584906485,0.3701288689578886
0.4005811856556406,0.37020255080400605
0.4012597546572379,0.37020087677874064
0.4018558538755072,0.37023620867864626
0.40244010672002706,0.3702802364302318
0.40042723992500945,0.370336929873365
0.4009376042851608,0.37038945248380317
0.4014180496282863,0.3704420180500202
0.3992243223738045,0.3704956048453517
0.3996440889329024,0.37055066332662306
0.4000331339114017,0.3706057038239405
0.40039122995145926,0.370660639232282
0.39784617415488954,0.3707069335344755
0.3981417881586101,0.370762513560266
0.3955580814266549,0.3707923264184267
0.3957905310755346,0.37085316341715907
0.3959911989228686,0.3709166996943073
0.39615997969127986,0.3709829072536659
0.39050893216250165,0.37092439136001687
0.3908136253899737,0.3709944078185261
0.38800506867735673,0.3709813119119055
0.38513599612341487,0.37091924360873124
0.3853193181637605,0.3709580386891429
0.38240505017377946,0.37088027645157556
0.3824593662895934,0.37094097357811134
0.3825239488158935,0.3710112560295708
0.3825161197310461,0.37105665310177194
0.37649001292703715,0.3707407556116292
0.3763850753392571,0.3707595284828658
0.37628554097883615,0.3707918777947135
0.37617177100157423,0.3708326454169496
0.3701575764922107,0.37034088549422656
0.3699604674054892,0.37034966495043276
0.3667335015687774,0.3700908344023416
0.36658467794476046,0.3700793201662487
0.36639408797304995,0.37005256155208416
0.3632987219460085,0.36971280686286917
0.36295310952480253,0.36971173921569134
0.35992988179149615,0.3693321448516309
0.3596417848669732,0.3692871317982148
0.35929188470561946,0.3692226175606788
0.3563096046256136,0.3687889975873062
0.3558907333959018,0.36871450983109344
0.35280610757105574,0.36822543290925297
0.35224824193245696,0.36812135205320196
0.34915729941698803,0.3675914565558312
0.3485380338740851,0.36746991415047886
0.34558209188416045,0.3669142692764824
0.34423602632534067,0.36662660665451646
0.3413136998610998,0.36602213749682155
0.34001868620881237,0.36574367392227636
0.3373393367483044,0.36514612549883485
0.33662534389097676,0.36500326072371697
0.334012015834043,0.3643880750935788
0.3332749297422206,0.36421976200037715
0.3307615625340645,0.3635885565407669
0.32919221332470333,0.363187084959146
0.3267483245061155,0.3625700944331462
0.3259885050818159,0.3623697280742692
0.32425936061220284,0.3619137906979137
0.32342105650182185,0.36163363076429744
0.31984199316119066,0.36050007703510745
0.3189509265564753,0.3602367024809865
0.3169603161913282,0.3595799641743993
0.3160630156393084,0.3592759911413043
0.3151363473742981,0.35894869413175884
0.3131877455734489,0.35825284369548005
0.3121828958914073,0.35788641822309425
0.31047975172406217,0.3572293890033701
0.3093743556910741,0.35683951992296414
0.30832660885375696,0.35645280310568095
0.30672588632006176,0.35578244627882255
0.30567399564753883,0.3553487123630489
0.3046156045896769,0.35491640885233344
0.30357358877775215,0.354487306822819
0.3025328915658515,0.35406112543311724
0.30091731716640224,0.3532818840226311
0.29986984792960064,0.3528327599794853
0.2988025138782855,0.35229612420629425
0.297767409365631,0.35182694714156415
0.2967366110632169,0.35134751176490964
0.2958670686253692,0.35085373535280345
0.2948384983109346,0.3503632847306295
0.29407206562301746,0.34993646170380693
0.2930126976165883,0.3494256272185607
0.29198003327880206,0.3489134134280745
0.29092709056938815,0.3484373840284335
0.2903020604793451,0.3480937879684938
0.28926125066341135,0.3475953851830336
0.2883115745005767,0.34712428432044046
0.2879981830882665,0.34688202599547846
0.28704319829179015,0.34637965210554206
0.2860422849073183,0.3458568806125383
0.2859159220553531,0.34568808122275085
0.28593215183667764,0.34559102965539845
0.2849667389211248,0.3451267666103655
0.28401169783913216,0.34466468407615153
0.2841761617552192,0.3446434405836561
0.2845513753665786,0.34472165875392796
0.2836272638959163,0.34426884308454125
0.28271561674853407,0.3438182108169963
0.28332894084277266,0.3440512866159975
0.28258794840424895,0.34370869981468305
0.2833221964155181,0.3440238933168112
0.2825344234941669,0.3436827981533381
0.2817567886027179,0.34329874130143107
0.2827990760733895,0.3437404575959249
0.2820679171024135,0.3434347452507508
0.28322445504418736,0.343952944622652
0.28182828684536876,0.3433528005007836
0.28316117079939807,0.34394193812886886
0.282589340450519,0.34369979446469495
0.2812839570075433,0.34312444326066466
0.2806629415312604,0.3428399594577496
0.279478813325229,0.3422850828480039
0.28531893761127525,0.3449804895441853
0.2848812762724582,0.344776520771184
0.2863477768267846,0.34545826611829955
0.2860459684475323,0.34530349890443096
0.285609084468565,0.3451213254881045
0.28757186489342484,0.3460249185141301
0.28711581044983003,0.3458186827106491
0.2866919858904302,0.34562397746331147
0.28887136777173006,0.3466158456149096
0.2910576384075261,0.3475806539760851
0.29037222967516657,0.3472728736403505
0.2927530505019365,0.34832495667551966
0.2924931449896834,0.3482049253851468
0.2949243161580877,0.34925685329364536
0.29471222806119635,0.34916072201862297
0.2943614692408137,0.349001311097266
0.2943130699849663,0.34900998765522384
0.2998795442632638,0.35134014013719134
0.2999575375456951,0.3513197725217069
0.30004236193143585,0.35133127729945174
0.3029563287588529,0.35249241680879434
0.3030644890637476,0.3525105902599984
0.3031851328843749,0.3525648214495117
0.3033558025953637,0.35260581137638325
0.30361339032677515,0.3527011560614537
0.3094659561104536,0.3550034531009929
0.3096799989948742,0.35506505680879014
0.31265274143494126,0.3561807539209792
0.3130086224296231,0.3563094552674036
0.3132912266688192,0.35638725159525997
0.3164013493015453,0.3575155686901627
0.31692617439008447,0.35765566637743623
0.3200893845379084,0.35878564677654196
0.32046388007156734,0.3589467179899157
0.32088645796150445,0.35909921628513675
0.32401534766224893,0.3601684036555513
0.32447786863127964,0.36034226079777965
0.32755068969393225,0.36133596881255053
0.32806264724222334,0.3615050938428433
0.32860926364738474,0.36167666343009586
0.3291873521314162,0.36185014045952035
0.3323692626047547,0.362789302026134
0.33544877994302735,0.3636513245234542
0.33610352285653755,0.3638160092735154
0.33678476168631427,0.363981217728225
0.3382233195431412,0.3643182256946095
0.3436414489027598,0.36568082763528825
0.34518498961089117,0.36603487932735584
0.3481812849720299,0.36672096870117454
0.3490719209443436,0.3669006577032546
0.35093887153712877,0.3673000161363451
0.35185212794283866,0.36748480071155754
0.3568179754131728,0.368455267403505
0.3577886388962557,0.36861360360518297
0.36057549735577654,0.3691049305801027
0.36167975814233955,0.369290592138523
0.3627535489482934,0.3694618898284114
0.36551434770434765,0.36988347988536846
0.3666012482523932,0.37002261093307953
0.3690644946448283,0.3703442750050714
0.3712987658860466,0.37059554632812197
0.37379368207016517,0.37088044118130925
0.3749618541302402,0.37101897320449373
0.37730748161002464,0.37126015887149105
0.3785191390510304,0.3713730491689921
0.37982424961096983,0.3715065820929641
0.3821005344124927,0.37165985785885325
0.38337327150509726,0.3717426233077521
0.38553397632180947,0.3718972871163991
0.3869063415283554,0.37202101086108935
0.38828768733463115,0.3721460189341312
0.3902883432791493,0.3722492449229363
0.3916407983357239,0.37236711872526285
0.39339584581427334,0.3724500720430691
0.3947168297055606,0.3725513871762413
0.3960447393788074,0.37264640098101687
0.3986834740908688,0.37280371907069654
0.40029180146129123,0.3727671522533976
0.4016238458749817,0.37284245139988825
0.4029540038161843,0.3729164653623913
0.40414894518713196,0.37291769963006455
0.4054723739030205,0.3729916199466406
0.408144624032697,0.37311985251027807
0.4100024254455508,0.3731219553090365
0.41199258197713085,0.37318245936093825
0.41334485126084,0.37323346256423706
0.4146120821020669,0.3732947612017913
0.41707795915061513,0.37340734726212266
0.4163895185348123,0.3733351451933988
0.4177357941954256,0.3734208754305352
0.4189863064515954,0.3734619800524089
0.4215185824799472,0.3736427288525567
0.42006431253767135,0.37358135901170647
0.42251075715500863,0.3737205034899391
0.4221179726500681,0.37372110074818665
0.4226978588194799,0.37375014110547466
0.4238657467972522,0.373810079563173
0.4242562823680422,0.37391609519150465
0.4253922758978621,0.3740141063630521
0.4264582396720942,0.3740884016169138
0.4255035543509955,0.3741170300619566
0.4265880508138545,0.37420533407720696
0.4276268640716542,0.37430200315340534
0.4265475545794721,0.3743424839163082
0.42764023501590265,0.3744806506717747
0.4263914723356036,0.3745907012485966
0.4273264407569435,0.37471890135174224
0.4282547620330149,0.3748321732713231
0.42663862700346294,0.37489435546556166
0.42748011204179454,0.3750092938139076
0.4257899768505594,0.37504780566303975
0.426582958970757,0.37508523888026885
0.4272078195329146,0.3751169357414145
0.42523830536739005,0.3751362554314407
0.42581916290861077,0.37519146882686866
0.4236627057388721,0.37520250468350247
0.4241710929829644,0.3752693306183968
0.4246496006943813,0.3753371271203268
0.42509793305314153,0.37540563778797154
0.422696853213904,0.37541383925831334
0.4230840129826123,0.37548506001559373
0.4206243107386761,0.3754787671985874
0.420949393279351,0.37555049202496393
0.41831392416001617,0.37552293125397285
0.41857619592034473,0.37559276514919077
0.4158994788911588,0.3755414738638853
0.416098392841673,0.3756083973270327
0.4162655104111609,0.3756767681253195
0.4134980039287449,0.3755799672400955
0.4137609175113827,0.3756610824691154
0.4109707559857041,0.37554147968757223
0.41118801553242396,0.3755776994480764
0.4083817466464433,0.3754212351316976
0.4085706401835783,0.3754555202968156
0.4057643242886769,0.37528338436863634
0.40590352976117955,0.37531566826112117
0.40308084034861624,0.3751361567748012
0.40312854264194903,0.37515589475912636
0.4031513695444746,0.37517964832732054
0.4031259247042721,0.3751836492032698
0.40298401677341855,0.3751758238860082
0.3942778544399667,0.37432902650724165
0.3940723876708863,0.3743437447605638
0.3906701577903781,0.3739273373215791
0.3903883629749526,0.373882523954983
0.38731556763407776,0.37348084564244227
0.38695938515417494,0.37344522020340487
0.3865879886494984,0.3734473297959744
0.38347160740926484,0.3729888405365057
0.3830057821099666,0.3728955037847891
0.38258892777026227,0.37280786917618836
0.37963259218113754,0.37230738044697437
0.3791413141685226,0.3722080213850991
0.3761443110256697,0.3716617251085911
0.37555526941875644,0.3715345678594906
0.3742533928997255,0.371251631506774
0.3683759076185992,0.37001547833248183
0.36770416184470256,0.3698494300587616
0.36498724320849546,0.3692551953712025
0.3643364373725274,0.36908876638395294
0.3609992592816654,0.36838516793861686
0.36023325763649394,0.3682137684379717
0.3587162699315915,0.36785725997685403
0.3579377005642641,0.3676615481192655
0.35380933437187034,0.3664927737457693
0.3506979169517392,0.36564577939904097
0.3498644412260328,0.3653663584198623
0.34896778050557276,0.3650943622612784
0.34683095313103174,0.36439011216897016
0.3459081825779607,0.3641045810478442
0.3439112844889393,0.3634257398806727
0.34293115408385827,0.36308060850063306
0.3420375436614766,0.36275966357960604
0.3409608603884752,0.3624167104320674
0.3389695384564202,0.36169960130361545
0.33797436867929675,0.3613444508366722
0.33624872918520843,0.3606772906068701
0.3352346456773415,0.360288669768824
0.33423714179910463,0.35990011894668805
0.3326582581050703,0.35922867679686815
0.3312527540469654,0.3586037643464525
0.3302158283552321,0.358167740608571
0.3291742499035692,0.35772310147885744
0.3279356613057264,0.35712741063913334
0.32689512560869527,0.35666291949968065
0.32583594932931575,0.3561071106303618
0.3248217503405947,0.35564898250640514
0.3237983345129136,0.35514665244795235
0.3228497193158656,0.35469909076293005
0.32198601368105495,0.3542081970273331
0.32092759792427217,0.3537172155897204
0.3201893834320521,0.35325197603993463
0.3192033862319816,0.35269849652239005
0.31822999002184715,0.35213824316734443
0.31725867247677786,0.3515895034224094
0.3167511681255071,0.3512385299814578
0.3157408934532954,0.350741024719715
0.3153942125210119,0.35046772398434933
0.3143983383825982,0.349977971554499
0.3134107976225107,0.3494881708147815
0.3124320926453934,0.34900019901706575
0.3132772915962337,0.3492134493408289
0.3123153670208464,0.34874089534181935
0.31136386600515453,0.34827089266925454
0.31042330061810763,0.3478007948773822
0.30857709895417496,0.34686159598826377
0.3076725048395803,0.3463936046340278
0.30682027677815843,0.34597268936779696
0.30601402596518945,0.3455636412727408
0.31068972854938154,0.34758900974686374
0.3100642194163354,0.3473011120561846
0.30921752071923847,0.3469397120580179
0.30773403291741275,0.34620714440018474
0.3105372577946882,0.34747966704477706
0.3091512484344729,0.3468555591972927
0.3076938207870471,0.34624002849513735
0.3110817019886808,0.3478147793743745
0.3105406884594546,0.347574910972377
0.3099887347522065,0.3473123758230608
0.3109896617344414,0.347816310758824
0.3127100821420248,0.34867841242068276
0.31218938985595013,0.34843633665282864
0.3116850595427759,0.3482722369250987
0.31361556183655853,0.3491750620665584
0.3131623227943293,0.34896806915711875
0.3126559242789175,0.34874541328307884
0.31463251373902423,0.34967174425701275
0.31421446927332297,0.3494777885813993
0.3137966166701417,0.34926828305672386
0.3159582048082298,0.35027357600687636
0.31560977983858235,0.3501086486610551
0.3178292426093785,0.3511274280465666
0.31752594554409547,0.35098494816194564
0.31724622245789513,0.35085479623582416
0.31699024210912863,0.3507352599980636
0.3220648777622577,0.35303899075710443
0.3216690098156585,0.3528610959106885
0.3242529221403804,0.3540033061724692
0.3242175595328128,0.3539946183474456
0.32432645484703415,0.3540084922883575
0.3243710229353226,0.3539770907840704
0.3299613385611304,0.356352097292428
0.3329065221914469,0.3575194593994914
0.333077171404245,0.3575804946307431
0.3332794947571326,0.3576462986632254
0.3337832564143582,0.35782820228429546
0.33963582759141897,0.3601410262260509
0.339864877415475,0.36022367601897176
0.3402039347432943,0.3603286113067568
0.34332452497522925,0.36149644231653716
0.34379523470944046,0.361653892625179
0.3442986969434302,0.3618079018828868
0.3473945951281536,0.36292233186305173
0.3478440409717202,0.3630980853190189
0.348293192813042,0.36325639246852737
0.3487410961661968,0.3634034280367504
0.35189914092701086,0.3644934991104481
0.35240533984199995,0.3646709641985919
0.352943869471946,0.3648515736556114
0.35608243931506417,0.3658849534863234
0.356660523106671,0.36607152861705106
0.3572669347315487,0.366262012942892
0.36046402568376945,0.36725608682121147
0.3611194540030226,0.36745172027533757
0.3642378191943978,0.3683716663995124
0.36494222187437275,0.3685682603470333
0.36799455132245185,0.3694232554096273
0.37102843542518515,0.370232217521219
0.37180437762935625,0.37043313221874524
0.37260555752516705,0.37063498998806155
0.37565740091290534,0.37136645543340857
0.37657078060460747,0.37156940318569043
0.37946633529592066,0.3722156382300066
0.38042562729979823,0.37242402758106635
0.3814623074180369,0.37263168969326177
0.3825022693146266,0.3728229376846297
0.387196837240108,0.37376131423175574
0.38819247136984114,0.3739483276287082
0.3919990119318416,0.3745993734619782
0.3930890027203101,0.3747689517458215
0.39533350281540136,0.37508547805106934
0.39646935545636985,0.37524663325936974
0.4004064881599393,0.37581301299909353
0.4015814715958274,0.37595370839002984
0.4039722489038124,0.37629465605995027
0.40867488001297625,0.3768796197927454
0.40985121400243735,0.3770234946971711
0.41199997743357836,0.3772263934462203
0.41467056128257895,0.37758226050924926
0.4166025621370898,0.37774759204195324
0.4196430903096691,0.37802348706950434
0.4210418709056314,0.37820281304818293
0.4239841790288703,0.37839006134482805
0.42526003379093286,0.37852740202422114
0.42803807363486024,0.3787703192994001
0.42944546539453254,0.3788940699152132
0.43056187693310355,0.37884776168647405
0.4329962849757936,0.3789794178644797
0.4343563175710773,0.3790961781977529
0.4357618187257511,0.3792078877615624
0.438534039351976,0.379392280896705
0.4386837379731827,0.37929527029749954
0.4413454994684156,0.3794931866757918
0.4418424652590602,0.3794935726346142
0.44324369542087655,0.37956973452965154
0.4459061414510762,0.3797996604504098
0.4459750092782381,0.3798270173317556
0.4484962994685129,0.38001984638393727
0.4497425238645831,0.380101552141481
0.45093889145595933,0.3801944335440374
0.4533175928249742,0.38031375568519765
0.4497922848714459,0.38017074104875265
0.4509660961767221,0.38024308887710845
0.45211172610670136,0.3803282689014901
0.4512472070056625,0.38032135597192246
0.45235240142903843,0.38039874251336925
0.4514161779532724,0.38042342228935044
0.4536289055970785,0.3806361670873266
0.4525238104044169,0.3806627212566309
0.45363236735341744,0.3808023757268
0.4524176499264316,0.38084689582673026
0.45335371519662726,0.38096929375130206
0.4542800960266635,0.3811002686129468
0.45515314731497647,0.3812229127954103
0.45358829156652225,0.381272170048175
0.454413087603349,0.3814040650713775
0.45272831123979823,0.3813336712249427
0.45346654843714324,0.3814111092619115
0.45410930234734803,0.3814455498481168
0.4520509444014098,0.38141981700146865
0.45266693552381687,0.3814694052213716
0.450556553061806,0.3814364633547332
0.451063810870801,0.3815120458514708
0.4515409481247301,0.3815882468707858
0.4491906109558996,0.38155421069845397
0.446911158751534,0.3815088579451301
0.44765106969622404,0.3816687100977538
0.44501076515600574,0.38159756699787756
0.44530274623956373,0.3816754082536596
0.44263676748103403,0.38158169438701545
0.4428656600192098,0.3816552939092104
0.4430628498209732,0.38172579687105324
0.4402959845778991,0.38160433858737725
0.4405379558958544,0.38166894053111183
0.43792596994539756,0.3815042139476888
0.4385011172520396,0.38164176717114956
0.4356120514122355,0.3814441190601641
0.4357930276363234,0.3814844584108239
0.43303574272320805,0.38127169056007704
0.4331678986800328,0.3813075055996361
0.43027998804574413,0.38107832242647266
0.4273964641182913,0.3808102962996695
0.4273545804513596,0.3808228771297876
0.42433648461260964,0.38048596161666637
0.42424836383301745,0.38047600840977785
0.42139481864171957,0.3801195735797214
0.42101205311119294,0.3801117405188458
0.41791627216167354,0.3796855974993022
0.4176198049739685,0.379629586683527
0.4146135409240089,0.37917637255291464
0.4142987024816717,0.37911015871011255
0.4139826122553789,0.37908460101235353
0.4109052748277315,0.3785797649449467
0.4105869293158442,0.3785168498085526
0.40773143850864746,0.378011814745934
0.40730607124866414,0.3779318469437728
0.4068525120423107,0.3778408230869031
0.40588565458059195,0.3776362270923819
0.40067280785410897,0.37659223814824966
0.4000870969948947,0.3764616102994036
0.39662047407692846,0.37567856446105563
0.39598246443750523,0.375541001901652
0.3933124903397716,0.374882044800826
0.39192074705977725,0.3745957384376269
0.38929467620994207,0.3739249231973256
0.38603379122609344,0.37308504855421676
0.38518450243319863,0.372863665388857
0.3842600831883088,0.372617064276225
0.38255268028332146,0.3721740851352434
0.38077449850933176,0.371701945618022
0.3799834922874569,0.37148704418866224
0.37487166177890896,0.36984348090824093
0.3738685001080615,0.3695622465671912
0.3717744894857125,0.36880149061125606
0.36978744013426174,0.3681167976192574
0.36880001718698613,0.3677531731616533
0.36688760264901477,0.3669883352161401
0.36588395169933363,0.3665919698728012
0.3648013727570761,0.3661513038547816
0.36386201934283924,0.3657637046724117
0.361851099127593,0.36491435762901964
0.3580706227699202,0.3631111679109254
0.3570189139278095,0.3626255311848837
0.3557342971942433,0.362002253362954
0.35469104328156076,0.36152297451460635
0.3525829556367803,0.3605222833671138
0.3515327042396769,0.36001406797865776
0.34949065514851074,0.35897727038299576
0.34884430937744837,0.35845681741373214
0.34782989561459166,0.35791976663031294
0.3468402367390224,0.35736772558899615
0.34588187941302023,0.3567978756036076
0.34544403456427686,0.35637458913288617
0.34451472683712336,0.3557898414660123
0.3442530381932604,0.3554275271547764
0.3433521348616633,0.3548317684152829
0.3424663442643998,0.35422956653629395
0.3424110092379217,0.35397372070334004
0.3424101420979097,0.353866818663103
0.3414480877927981,0.35337329454476074
0.3404957157625885,0.3528847617996746
0.3406665951010803,0.352880558241185
0.34009138500680036,0.35248934445153823
0.3382802838454921,0.35153888780837284
0.338866527890286,0.35174231303877396
0.3381892083219265,0.35136717013435087
0.33663018991605564,0.3505480278370934
0.33586212088939593,0.35019133579061656
0.33836434821960215,0.3514021425879613
0.3387757327154969,0.35158436486939737
0.3380433651724661,0.35124437365116573
0.3387270410287081,0.35151766351250746
0.33804240205540603,0.3512118755951857
0.33943465388376787,0.35191920395192045
0.3387972172051541,0.35161634319766694
0.33813734431763676,0.3513127061856215
0.3370972361858364,0.3508240691590123
0.3365654293209286,0.35053404731240756
0.340456958129724,0.35249296524900287
0.3399512067047243,0.3522794175499992
0.33944727940387653,0.3520368197691095
0.34120485719045235,0.3529193263929576
0.34072696744227804,0.35268893578236427
0.3426487170727729,0.3536343893858549
0.34223952167652716,0.3534270125391655
0.34185249203852164,0.3532286726669394
0.34405291781638014,0.35430530433607393
0.34626488406245437,0.35537010080309084
0.34594274364905764,0.355206615576677
0.34564364830850847,0.35505442027722545
0.3479144868630363,0.35613691060387465
0.35003343400864917,0.3571268969859437
0.3498261746112234,0.3570249477022221
0.3496427693393702,0.3569345726766841
0.3522699080556888,0.3581557185417868
0.3549463864488438,0.3594102289018713
0.35495824290577505,0.35939545702034176
0.35491583181970265,0.35937215669214406
0.3551381873359263,0.3594409169345349
0.3607961001347379,0.36193195493411223
0.3609927661409421,0.3619825093643785
0.3611750589293084,0.36204462492455003
0.3644500270845248,0.3634250610300642
0.3673672070775553,0.3646149193923097
0.3676257426195286,0.3647291234250085
0.3679869685195891,0.3648590305294557
0.3711234381747987,0.36610679055779405
0.37162977374371825,0.3662987902324558
0.3720534838859219,0.3664746583186682
0.37516546695347264,0.3676694870593239
0.3755425528182696,0.36783148291678763
0.3758756031785182,0.36798140573907423
0.37890485084270387,0.36909776362980695
0.3793370135514372,0.3692508927138134
0.3798085909986617,0.36942332321831056
0.38287188712679204,0.37050056544812593
0.3834001418490123,0.37068879049921744
0.38396046844893583,0.3708825852652323
0.3870986908377089,0.3719302903717081
0.38771578031595927,0.37212864286184
0.3883600752075412,0.37232928668274146
0.3890308508300131,0.3725340196613435
0.38972850944528414,0.37274527651964495
0.39749720688334667,0.3750724013459311
0.3990128476557164,0.3754901698488165
0.4019731533488848,0.3762931108576963
0.40575425937200604,0.37728790838063303
0.40667273448242125,0.377486586422056
0.4086152532409095,0.3778941139233164
0.4096568629203324,0.3781077634649197
0.41539789183531767,0.379318049500563
0.41647690851906616,0.37951998418714233
0.41919233667832234,0.3800262423926385
0.4228676041676848,0.38068074166548893
0.42397521052283293,0.380863496726342
0.4275789593442945,0.38139634592537724
0.4287380598677718,0.38155684461268247
0.4311208513094844,0.3818619890909501
0.4323832319037476,0.3820480777912518
0.43578462795430395,0.3824919103505281
0.43914454835406336,0.3829151545940251
0.44049365137726176,0.383096932294145
0.4430106609289838,0.38349792819407436
0.44438388747325663,0.3837022655370482
0.44712065634180553,0.38406097417361607
0.44846041338720233,0.38421768064488016
0.45114833254959286,0.3844916315495221
0.4538089156041468,0.38450054784141546
0.45510183172576674,0.3846443418378234
0.4576539461312862,0.3848398117561614
0.4601384498292032,0.38505141850541935
0.4615531740471828,0.38519533309771997
0.4637426345934013,0.38533277726478105
0.4651111411114762,0.3854642879337692
0.4678173756455761,0.3856973962441767
0.4689038248951092,0.3857491971537823
0.4704259703062616,0.385912595821094
0.4716978830952771,0.38599462029735676
0.4729950644894957,0.3861110804652429
0.4753792978476525,0.3863654765796135
0.47524189805646705,0.38638263855386523
0.47633344088373564,0.3864708606855527
0.4759563184514147,0.38643157559159597
0.4770850442845037,0.3865103419187638
0.47940676581522274,0.3867260258421021
0.47815621623976307,0.3867237463790931
0.47927087690991543,0.38683445328730076
0.4813960338177098,0.38704068475747566
0.48244028593516275,0.3871527583868304
0.4844593709064817,0.3874103793282066
0.4791030519065575,0.38722738039806215
0.48011985759946835,0.38738916082032376
0.4795823374562207,0.3875552669549409
0.480502169729192,0.3877020078142724
0.4788874547833958,0.3877365307692335
0.4803135701017926,0.387938531008456
0.47835096181245373,0.3878519951869659
0.47693293325013975,0.38794341902200274
0.4775310064378043,0.3880088099372958
0.4780093322991963,0.38808824522508406
0.4757893921188571,0.3879913893246137
0.47627291490586215,0.388073563341301
0.4739797837123677,0.38800438735344145
0.4747314502001551,0.3881804848704249
0.4720907280167952,0.3880434358667334
0.4698172381377062,0.38795125230889455
0.47028757148595524,0.3881123935996064
0.46744517346836173,0.387935215510814
0.4649383604072115,0.3878137458491139
0.46542177457528777,0.3879607507772012
0.46256054994236995,0.38781549208844246
0.45988897111830523,0.38776772219018873
0.4601136674522707,0.38801140077404417
0.46020075551152145,0.38822267823139334
0.4542985223207944,0.3876369434664813
0.4542163880983123,0.38782842466103057
0.45120180518907405,0.38751819405918314
0.4481141779666933,0.38731883635183273
0.4478093956025804,0.38731150788241875
0.4448069478626693,0.38685443984793566
0.4417188449574754,0.38633294125458506
0.44102267495511627,0.3862104949405555
0.440305233551402,0.3860910763306068
0.43481293289066025,0.3850312248844093
0.43383479815870085,0.3849121822959997
0.43086500968741376,0.3842964524326982
0.42754526558268213,0.3835141490733076
0.4269986026907072,0.38336610668161797
0.4235879866769628,0.3826041875671204
0.4229577180558315,0.382467845585228
0.42034967707926724,0.38177331804878245
0.419006188113947,0.38146033722738193
0.4163568768298381,0.38071435040092366
0.4156916760091672,0.38051334280669136
0.41251741009773396,0.37958795491079456
0.41170347187113165,0.3793763628201265
0.409286164337476,0.37860625938819453
0.4062682826814538,0.3775814476895524
0.40541912164075417,0.37725429328787463
0.4045751416865034,0.3769595518298066
0.40275151452133395,0.3763060464380718
0.3994890755289064,0.37507858601340877
0.3986622324891353,0.3747639289138947
0.3957404442898535,0.37358223729194734
0.39485621272229715,0.3732118954057588
0.3920892105339461,0.3720514450119142
0.39098152752429816,0.37160990848381414
0.38938685245113325,0.3709025221355363
0.3883753067936587,0.3704327916034024
0.38626188937965256,0.36952297663974115
0.38530037368747866,0.3690628212806877
0.3837318971286929,0.3681927639369989
0.38267510853727277,0.3676724565938633
0.3816443018902773,0.36711077737574355
0.3807318215060439,0.36664348172085043
0.37882187169630277,0.36553320671503675
0.3778063854558271,0.36497002666975686
0.3770677765845979,0.3645436196263704
0.3760886522016992,0.3639689912249642
0.3751188725638218,0.36337821395976294
0.37465600011758704,0.3629371858779463
0.3737230484646378,0.36233663323053067
0.3734615830246273,0.3619735055010159
0.37255600089522345,0.36136476459501177
0.3716674175140062,0.3607507748507725
0.37078934034059896,0.36013928690085817
0.3699255379617107,0.3595271757630353
0.3708678185885838,0.3596887837697541
0.3691710783482427,0.3584998245342368
0.3694153018950771,0.3584481845842161
0.36875643203454267,0.3579515208935291
0.36787262923641983,0.3574547551543788
0.3675690313389434,0.3571819553206014
0.36762158083555396,0.35708564901049317
0.36613225172729597,0.35631893431927664
0.36464601873634817,0.35556184834242266
0.3673451625915588,0.35696223493323664
0.3659848028128706,0.35628118568111056
0.3672640868007604,0.35697363121141795
0.3679182659561351,0.3573932668305768
0.36737389698196404,0.35710776761144636
0.36826683769061574,0.3576478749574158
0.3677313409531489,0.3573872589147209
0.3694667295516323,0.3583274778171363
0.369053888971488,0.3580575986046002
0.36852073768977794,0.35779512786201967
0.37035062105835315,0.3587860946144872
0.3698449822416251,0.3585139538424588
0.37174771574629994,0.3595155199972507
0.37132341526757434,0.35928408120884553
0.37294570706205005,0.3601221865577718
0.37258658126905714,0.3599276673719667
0.3746818502133967,0.3610115672836235
0.3740706651506176,0.3606820997503135
0.3764586784558086,0.3619137922672074
0.37620909349082454,0.3617824179900615
0.37598270589348093,0.36166298365129
0.37577963537686765,0.3615555096759407
0.3755999737019607,0.3614602185208879
0.380773626187342,0.364077647388397
0.3807651836544528,0.3640725591876734
0.38346174705581026,0.3653738723239714
0.38348939888468947,0.3653733920539084
0.3835336928605835,0.3653942781614743
0.38621965172049766,0.36668657764997037
0.3862656226138161,0.366708650321262
0.3890682410570629,0.36802762655133653
0.38917279493720736,0.368077184551079
0.39223716123603786,0.3694847561725044
0.3924286715222999,0.36957395156303335
0.39290694950664906,0.36978631354749764
0.3931868285201603,0.36990654444104903
0.3989098254242707,0.3723978247086377
0.4022358140550728,0.3737675592207069
0.40261079531956145,0.37393477209462556
0.40598271484614123,0.3753972219804338
0.40644975118958865,0.3755916288108987
0.40941122108804023,0.3767245724764066
0.4105303862491943,0.37714916255008757
0.4135821876053452,0.3782817988041926
0.4141680246934125,0.3784856539151745
0.4153414545513431,0.3789061886293808
0.41600977607726997,0.37911716867952966
0.4174443005017941,0.3796023341462249
0.42518255916883174,0.3821726989959008
0.4259174425649248,0.38239365588324165
0.42663206445178553,0.38259408403291967
0.428252654993755,0.38305700819983984
0.43337783820688836,0.38453649003794305
0.4352748290364612,0.38503510277115827
0.43819354190251164,0.38578518565530756
0.44197112388317855,0.38668536102122253
0.4430622685297374,0.38694031528704176
0.44685434815948005,0.38779039496194706
0.45054236824417554,0.38852021691311506
0.45162214567370007,0.3887082473659287
0.4552233836943083,0.3893469741331902
0.4586236804364577,0.3898945552112694
0.45981720213770383,0.39009316233106217
0.46104833311876703,0.39031910621280264
0.46356165353882234,0.3907150000335194
0.4666024466961177,0.39113432674471693
0.4691664363421784,0.3914985409019857
0.47186727513241655,0.3918983594400673
0.47421913327989157,0.392124264451147
0.47557352698713,0.3923251553304862
0.47842514416125415,0.3927219830912643
0.4797266915267015,0.392900012808437
0.4823786188664722,0.3932435399545729
0.4837179255206033,0.3934143425875729
0.4863402341196034,0.39360988650223605
0.4873936573703766,0.3936421235807426
0.49007828099444956,0.39394898430330705
0.4927954451478386,0.39426177867879325
0.49281791830293775,0.39414549313238834
0.4954838689917286,0.3944250715161317
0.49812489610187405,0.39477842510228794
0.4987691834061544,0.3948611320036922
0.5000106246383813,0.39502153579647126
0.49995515423134784,0.39502808282948654
0.5011360969907589,0.39521534345964243
0.5022445163258225,0.39536990561282226
0.5031484986339092,0.39552185381947175
0.5043321442462122,0.3956820463306556
0.5037199535728683,0.39562960294646365
0.5049047000062004,0.3957895873379385
0.5060951598217611,0.3959402840389332
0.5083579954118048,0.3962133440204787
0.5055446342551497,0.39600779343999315
0.5065405225772887,0.39615143222762744
0.5075889279259493,0.3963010894410226
0.5096968615690123,0.39661496522734213
0.5062575760850425,0.3963978373080328
0.5071751109251402,0.3965651505114448
0.508077143643615,0.3967441296733034
0.5065378644721908,0.39672929376621696
0.5073915659971703,0.39690146976712937
0.5057532548420611,0.3968759697426427
0.5065418435418231,0.39698872609030167
0.5073458647758476,0.3971078505040372
0.5054879222749333,0.3969839151344009
0.5062403019365016,0.39709954681656373
0.5042615706175281,0.3969778692639535
0.5048624671141948,0.39706796873911004
0.5054170687127264,0.3971364167441918
0.5031193600943468,0.3969780902612921
0.5011778274881209,0.39690287331857327
0.5019057322774753,0.397073925377188
0.49931296559543337,0.3968741275043253
0.49696417351471034,0.3967278070277639
0.49718782199545963,0.3968032652794398
0.4973799719501402,0.39687849107188516
0.4978189843232845,0.3970564321727902
0.49248659000010664,0.3965651680702583
0.49277426816145015,0.39665090523845925
0.4901024403824202,0.39643817561813066
0.4873012569819567,0.39609277592738695
0.4873534642534955,0.39615049017844733
0.48734764730494606,0.39618011689210303
0.48737198791392355,0.39625760959210493
0.48739047821121173,0.39630283591658594
0.47855589203840176,0.3949712316555876
0.47551559750146427,0.3944447654112946
0.475128627347606,0.3944196906837384
0.47200994036107147,0.393889768774762
0.468783150564547,0.39336373459018514
0.46843143236828033,0.393297867891706
0.4676973465415828,0.3931529902627117
0.46714353157189864,0.39311220603295577
0.4616105760810767,0.3918702439318097
0.46082041935645957,0.39166351835353796
0.4573928025887349,0.3907641306796133
0.4545914000492894,0.39001157484446725
0.4534406380745993,0.38967043655962896
0.44994396739207665,0.3886562702046168
0.44720138860068015,0.387876768936001
0.4465386086160983,0.3877033500389798
0.443196584997891,0.3866822326943127
0.4424714887239034,0.38642717056978826
0.4409332294328244,0.38592251096969954
0.44012216610517674,0.3856841701741633
0.4385741700947996,0.3851583965303586
0.4330639110699349,0.3832035983243952
0.4312946389328063,0.382550439027916
0.42924113318508306,0.3817115815824366
0.42834874226747943,0.3813617490317215
0.4263754879400564,0.3805727951683737
0.42549653948711136,0.3802002301406339
0.4245776822209081,0.37979490136464794
0.4227049908937807,0.378967113523889
0.42175388056084895,0.3785258528032109
0.4200093155285527,0.3777279437028195
0.41909206580775726,0.3773233275777101
0.41811057321413114,0.3768556926071361
0.41657947669991446,0.3760835890588328
0.41558794187461356,0.3756121718695391
0.4145837605506607,0.375129357498235
0.41357640658899086,0.3746335027175031
0.4125793462292119,0.37413268771411523
0.4105898832084447,0.37310213233678863
0.40902733226644233,0.3721017320002802
0.40803059578254275,0.37156129150815453
0.4070396608921074,0.37101121596097114
0.40522127917893247,0.36989677798997755
0.4045759317192052,0.36939719907039115
0.4035194803337214,0.36882977908134407
0.4024263718946065,0.36827412584301966
0.40193546265956276,0.3679013747683156
0.400949898615227,0.3673430252838114
0.39992278084231986,0.36678924181306105
0.39961665988178363,0.3664994544265192
0.3985843113345692,0.3659704027174175
0.39752645665991115,0.36540954217794913
0.39738635764413366,0.3652311091469518
0.3974573184564102,0.3651337677012154
0.3966266443944367,0.3645201239854458
0.39573116571670147,0.363941739837988
0.3939392295442277,0.36290018040066924
0.3954117412224619,0.36355073255010056
0.39452113692499013,0.3630454281250334
0.39428927999268093,0.36282773393662565
0.3935763854756576,0.36243423919672574
0.39209056895281197,0.3616226660709972
0.39147271908829356,0.3612672628503541
0.3900614993886168,0.3605322374815617
0.3943205366774265,0.3627890370245167
0.3930287155427401,0.3620932878915817
0.3943412276184718,0.36281769644391143
0.39497511630481275,0.36323499248245983
0.3936855276108444,0.362594004040396
0.39527828296423106,0.36348088204914114
0.3947722227786119,0.3632140206301855
0.396373380630635,0.36410512061518474
0.39591551988762375,0.36384189071574424
0.3973942664892185,0.36463271014843557
0.3969079800472133,0.3643722843451435
0.39876679237032064,0.3654016683943169
0.39831264462567817,0.36516348239999474
0.3978820892195464,0.3649372664951415
0.39714669684070447,0.3645179725689287
0.3964998609810485,0.36414277289831914
0.3962099708094454,0.36397366430352807
0.40346692722461486,0.3678885010618717
0.40556985777521715,0.36897720777524157
0.4053670374089472,0.36886716006573733
0.4051875946925064,0.36876965686414037
0.4077008040714192,0.3700635878783823
0.40767460868961225,0.3700582111879916
0.41026825233053427,0.3713731703098372
0.4103250011568431,0.37135432524865863
0.4103887594831819,0.37132936814193646
0.41309868093120294,0.3726529354776045
0.41309428664726966,0.37265008813374356
0.41580686750003576,0.3739662263772845
0.41591599155354586,0.3740187153269673
0.4189122019460152,0.37544158277499196
0.4190904509488971,0.37552781074996233
0.4219679668167161,0.3768563337449956
0.4222049099317826,0.37696812526109746
0.42246272936273105,0.37708912599881145
0.4230546491738746,0.3773584482781608
0.423777636080893,0.3777078330013198
0.4241772929655917,0.3778943384046438
0.4250527341029564,0.37838302215467523
0.43605879051980045,0.38300013860161375
0.43662766355388,0.38321765857810014
0.4371342471198181,0.38342972256789976
0.4401699103570048,0.3845974153891436
0.44078072746086283,0.38482727663743205
0.4437755356287296,0.3859370318502003
0.4444608683990082,0.3861845029427627
0.4481320534367671,0.3874656770786956
0.44881159958067735,0.387702810259682
0.45173149181534183,0.38868028873567434
0.45246738867164243,0.38892725473526607
0.4561521966514054,0.3901102046461572
0.4570457714056865,0.39039935691444577
0.4598465838135315,0.39128960844140426
0.4617842818675728,0.39184458641555603
0.4646643058043222,0.39263342325319617
0.4684107916970235,0.3935968848836971
0.47048973155965423,0.3940728853936087
0.4741813702590587,0.3948916384936856
0.47671559247546497,0.3954217676382268
0.4789702041584544,0.3958740284754715
0.4813071270985337,0.39635878108572464
0.4848992766601722,0.39702380709172047
0.48610519620470444,0.39720489061948766
0.48740457984471697,0.3974401878510275
0.48966134724529436,0.3977840525743171
0.49094378198889754,0.397981752495414
0.4930158637102076,0.3982666770386199
0.4942779693477428,0.3984549470757065
0.49742556842910696,0.3988705293826422
0.49871262587328985,0.3990439591400346
0.5000145442915268,0.39922227538848676
0.5013609710820764,0.39940074109325024
0.504736866865595,0.3997325230432843
0.5060890735453449,0.3999060223071344
0.507472308627299,0.4000292993911437
0.5101275540669871,0.40037745581940215
0.5127596627244552,0.40072051609539056
0.5154066550716059,0.4010630197783204
0.5167739689962295,0.4012731918324729
0.5193698214092272,0.4016293874584602
0.5220307901395695,0.40192569268375133
0.5232076848107177,0.4020797360562341
0.5259208100040557,0.40242977797634666
0.5286109054609837,0.4027825860329642
0.5299204029073976,0.40297457956670873
0.526404216935289,0.40232667838186964
0.5274782529865683,0.40251500337777596
0.5287328993606127,0.4026961525214409
0.5299810454133678,0.4028799796484226
0.529616488501675,0.40285086062318215
0.530750639255094,0.40299181516479343
0.5302426811785019,0.402955904540532
0.5325310896784313,0.4032174370027156
0.5317460696227502,0.4031649907906575
0.5328517655514426,0.4033139191003685
0.5319472269410817,0.4032714261423822
0.5330046290597884,0.4034289848595123
0.5340337809020874,0.40358487320495173
0.532873623818571,0.40354452993394485
0.5338522064035018,0.40370818246296125
0.532558556970526,0.4036633269590807
0.5343766758385545,0.4039968262139032
0.5328348097556507,0.40394351620727614
0.5336783448957898,0.40411497713846506
0.5321086313223832,0.4040622274752139
0.532875484125018,0.40422375662396665
0.534485375727263,0.40442804712809005
0.5326256424210174,0.4042987039453316
0.5332699225530033,0.40441139538913945
0.5338885229922288,0.40452544323924783
0.5344785601136766,0.40463884868133865
0.52951324704972,0.4042383723032138
0.5300159759964338,0.40434237747796625
0.5279919282306125,0.4042431087400763
0.5283388784373221,0.4043303987969094
0.5257359581520955,0.40410451889592
0.5233806756594187,0.40393574090535045
0.523793837294076,0.4040893073973946
0.5209682139359341,0.4038052664713691
0.5211980157055226,0.4038750415763371
0.5184377176527338,0.4035828266387661
0.5188954281410837,0.4037037400914483
0.5191374888198715,0.4037520794139533
0.5163472773829647,0.4033919108681343
0.5165418657915766,0.4034296442004801
0.5137353850579179,0.4030428722654625
0.5138197104455672,0.4030643586740102
0.5139277583866219,0.4031178281786116
0.5081434589321562,0.4022387433720456
0.5079846694310799,0.40224096073627646
0.5076863902740212,0.40220063443183285
0.5018180203924357,0.4011653665629687
0.5012918421309648,0.4011234695886512
0.49820481906259395,0.4005160374588317
0.4979583176190963,0.4004709984853807
0.4972827594354867,0.40036322323377355
0.4968634039070833,0.40029392219639487
0.4912596474244189,0.3990755728126805
0.4880226568055368,0.39829978594281557
0.4870548710391263,0.39800958494612265
0.48600723042385263,0.397713775424381
0.48073088724608604,0.396311019823494
0.47941122126937114,0.39591021003838534
0.4765548066147688,0.3950711335405194
0.47318177858960175,0.39406121305654546
0.4724926983982567,0.39393239385790824
0.4692747402665488,0.39292730054478897
0.4660723475013016,0.39184354305201347
0.4652498930740441,0.39158948367403434
0.46443025431661755,0.39128650204377824
0.4627848296133701,0.39068692882082035
0.45901439494718355,0.3892715475284282
0.45812551655551803,0.38892026509649813
0.4552153113934873,0.3877419975731213
0.4543477673031308,0.38739762885012635
0.4524407916030371,0.3865822170590914
0.45066486057986105,0.3857722832597791
0.4478422151917607,0.38446233626461623
0.44614439077873946,0.3836363688261128
0.44414265979238987,0.38266353745045234
0.44260175021388926,0.3818710905104631
0.44163434867206114,0.38137231058112964
0.43964491074551093,0.3803329050489447
0.4386120167259442,0.3797926595374197
0.4366169922453076,0.3787010158721135
0.4350614258560232,0.3776427800777532
0.4330604412208122,0.37653240926487597
0.4322361666761072,0.3759521583194413
0.4312860452377849,0.37537401120016894
0.4303110486793403,0.3748433269882712
0.42964800712821205,0.37437131703353066
0.4286092155209569,0.3738191180322776
0.42765044769906363,0.37325032189174745
0.42718327787432453,0.37292133189851284
0.42621857817626385,0.372338488539533
0.42586616385926396,0.3720423549268702
0.4247861608036847,0.3714847765918961
0.42379436634557544,0.37089001951333717
0.4236715160610641,0.37070829144358136
0.4227276850984138,0.370163594941248
0.4217927207785104,0.3696243578340098
0.4208672089642695,0.36909105799879294
0.422012996624618,0.3695797529258106
0.42144029420829343,0.3691737252014716
0.4205524737097904,0.3686609228423737
0.420242982836428,0.3684217798499357
0.4194965008551207,0.36797698533571593
0.4180979802271079,0.3671534193585961
0.41980927006348834,0.36808012332578954
0.4190801608938836,0.367690709515619
0.4194381156572144,0.36789078596356817
0.4188187340303635,0.36751691120820285
0.419972055335378,0.36818824668756434
0.42073540808310494,0.36866287592950386
0.4201254108936744,0.3683533759478273
0.41948569879244235,0.3680341046627049
0.4184436729676595,0.36744615961094457
0.42217486842586527,0.36957300198623005
0.4217057132988755,0.36930922399678223
0.42119106881892787,0.3690315641645297
0.420189612719882,0.36847114938191244
0.4242794205427608,0.3707909397169369
0.4238316361701119,0.3705514680536927
0.42343450000500193,0.37031992600247293
0.42270471702640344,0.36989030837357867
0.4273075645339154,0.3724479733204473
0.4269946507776009,0.3722676176055543
0.42900909629127926,0.37335565992582315
0.4287627414102765,0.37321560937860343
0.42833892817563646,0.37297405017393026
0.4332203432906405,0.37558641170918844
0.43318962544510387,0.3755737708455075
0.433314348597988,0.37562442421729514
0.43328316246050536,0.3756057079684141
0.4333641842352661,0.37563144271708315
0.4336665560302424,0.3757586369074399
0.4338854291674955,0.3758774356627619
0.43441218032445034,0.3761013082267072
0.44801792158232945,0.3828695055900228
0.44877425448607017,0.3833187850561349
0.4518044701387599,0.3847350935478143
0.45519653235486335,0.3862161453944989
0.4555796324466547,0.3863520828006384
0.4589372497515357,0.38783564437454954
0.4593891191924711,0.38804551500571083
0.462389506628504,0.38929600913083245
0.4633929324345805,0.3897172398579768
0.46640802720133334,0.3909206315873779
0.47009775843167156,0.3923603422394311
0.47140084112272107,0.3928580328463561
0.4744593525278687,0.3939814305243429
0.47515955996314135,0.39421354502322165
0.4766914474353887,0.3947577742789401
0.47750715541357663,0.39504033658331467
0.4791709907924531,0.3956142578063405
0.4863560860420363,0.3979454285814523
0.4872950931272074,0.39821840827306326
0.4882251068349621,0.39850031900588795
0.4911125437840548,0.3993257782675684
0.49209519005119345,0.3996044298227805
0.49483889211474913,0.40033594301545905
0.49588895674558076,0.40061020820873305
0.4969632747163787,0.4009005233976046
0.4996650612256416,0.4016668315852097
0.5033008077346548,0.4025638374982852
0.5054368820158531,0.40301190195050324
0.5077751616156038,0.40347995157810757
0.5100685856415195,0.4039260054079202
0.5112630294126619,0.40414155510777827
0.5137881180134702,0.40463514552660385
0.5164137545315338,0.4052412359234789
0.5237633137268911,0.40640451966415697
0.5269132975307576,0.4068253365602392
0.5282827915034589,0.4070502974259183
0.5309622888513287,0.407488165083464
0.532302162149254,0.407708225684599
0.5349411849066563,0.40818183405781117
0.5362429339906544,0.4083710139121286
0.5377136463620331,0.4084089502105895
0.5402003732137212,0.4087090816537078
0.5415646117494439,0.4089066713056139
0.5437361639243906,0.40918076246505863
0.5450464703158047,0.4093331552248119
0.5457049548640602,0.4093482710394908
0.5483200803680723,0.40973921395864527
0.5509281579943733,0.41013141321646285
0.5534991090768636,0.410524661169168
0.5528477660749027,0.41040649328184553
0.5540927026255597,0.4106003815285127
0.5539496733602502,0.4106009056567585
0.5563689965213203,0.4109898872773551
0.555930917190113,0.4109599030937332
0.5570671875498033,0.41108594949146393
0.5565114921528201,0.4110280316051416
0.5576709201488356,0.41121074943465924
0.5588113987185164,0.41138340832886583
0.5580724485053715,0.4113457259535169
0.5591596158023091,0.41151559502803053
0.5582405408049124,0.4114851536473073
0.5602754689495778,0.4118261377070716
0.5622573354938337,0.4121857566424811
0.5588088207602939,0.4119175552836696
0.560642172369506,0.4123298216479767
0.5623717231139178,0.41273710957377474
0.5583260913519487,0.412420426164634
0.5590231777807089,0.4125368118979123
0.5577871401621692,0.41252862377986343
0.5583455303541459,0.4126197340250288
0.5561938806059109,0.41240760682972233
0.5565937391898808,0.4124774583502026
0.5570984212890019,0.41255951889180525
0.5548190307091733,0.4123269282355626
0.5528095326427525,0.4122170934700502
0.5535295488304919,0.4124093308254104
0.550913466561707,0.4121456272869843
0.548636925933035,0.4119562153234752
0.5490464218468911,0.4121144605568516
0.5494689430676649,0.4122569010112508
0.5501228591296364,0.41246950066080174
0.5414725204933561,0.4114236861239282
0.5416433086992006,0.4114815327368438
0.5418446373767026,0.411562040617568
0.5419318649697201,0.411657095743874
0.5419581758997375,0.4117096082063684
0.5418263649738359,0.4118138696454072
0.5299015041421253,0.40978464395816283
0.526792193272531,0.4092331420533524
0.5266343234140437,0.409217606410493
0.5264353589570269,0.4092832297487999
0.5259497245798185,0.4091672077303962
0.5202674196039112,0.4079067304085206
