x,y
-0.20975415354103125,0.25024850520963404
-0.20975415354103125,0.25024850520963404
-0.20957015224675066,0.2524180839927428
-0.20930689759771268,0.2543171474614835
0.008124094337321086,0.3745490363827847
-0.043312953485827976,0.39589982660034534
-0.04723405666378125,0.3976834581966253
-0.04506175883528393,0.3970558561548768
-0.042974630212157694,0.3964243775476862
-0.042974630212157694,0.3964243775476862
-0.046289483013364774,0.3982003435044778
-0.04453604208644818,0.39752083661945237
-0.0428615661452815,0.39683519201098
-0.0457592476949861,0.39873756607917193
-0.0457592476949861,0.39873756607917193
-0.04419370830909719,0.3981079780596689
-0.04419370830909719,0.3981079780596689
-0.04639447024484339,0.40003878356926736
-0.044992074661479725,0.3994530697699478
-0.044992074661479725,0.3994530697699478
-0.04659666334502535,0.4015095207833286
-0.04538638920181187,0.40096157169236063
-0.04538638920181187,0.40096157169236063
-0.04427743216804286,0.40041688559817973
-0.04529766809479205,0.4024877654782061
-0.04529766809479205,0.4024877654782061
-0.04440151703108314,0.4019553301513996
-0.043630404723643545,0.4014130486481705
-0.044780109238182125,0.40407530041906836
-0.04411042502298096,0.4035483496867779
-0.043538251285553636,0.40305806475108397
-0.043538251285553636,0.40305806475108397
-0.04330344207164277,0.4052026112531385
-0.042902526442518435,0.4048072421944201
-0.042902526442518435,0.4048072421944201
-0.04262199376182835,0.40448561658499693
-0.041676837461562116,0.4067757869297329
-0.041676837461562116,0.4067757869297329
-0.04152820764599857,0.40651109876077507
-0.04152820764599857,0.40651109876077507
-0.03979886531248619,0.4087057573303283
-0.03960940302235272,0.4085738154107545
-0.039444529875409945,0.4084651777492418
-0.036715832840993584,0.410787999509458
-0.03660389817829765,0.4106843738303325
-0.036568255016322965,0.41061068258552835
-0.032970537686562246,0.4126288695107614
-0.03312079068256596,0.4126174013579865
-0.03312079068256596,0.4126174013579865
-0.028532359356472803,0.4144171014643565
-0.02887176741228087,0.4144745832634331
-0.02930282852049096,0.41459122967836437
-0.02930282852049096,0.41459122967836437
-0.024080407009332977,0.4160792998472934
-0.024704258079902897,0.4163144160063381
-0.025352593801314105,0.4166433699498528
-0.01838894521711168,0.41749222306922207
-0.01902960665912079,0.41782756099349483
-0.019729254740348784,0.41822200241897023
-0.012660790745524453,0.4188875417028657
-0.012660790745524453,0.4188875417028657
-0.013479453490713278,0.4193526822435156
-0.014375965907979127,0.41989837297395516
-0.005373320530998094,0.41937842340225007
-0.006339588177876637,0.41996842807064005
-0.007402834732265329,0.42060482997467374
0.0011487417360036556,0.41997961894327107
0.0011487417360036556,0.41997961894327107
-0.00010121648608119038,0.42077062116770125
0.00949584013651486,0.4192113882572014
0.0074803997550449974,0.42117820805202666
0.0177636854262066,0.4186769750822703
0.01677734912570264,0.41969423916437554
0.01677734912570264,0.41969423916437554
0.027910679128489185,0.4159971631227346
0.02683588694292849,0.4170332890166363
0.025719007104511665,0.41803092921272467
0.03693440499972689,0.41326823362257503
0.03693440499972689,0.41326823362257503
0.03576862729314367,0.41439594846969086
0.034557769278875494,0.4155540396163104
0.0463016469580827,0.4094605143778504
0.045060070713695444,0.4107430555383201
0.045060070713695444,0.4107430555383201
0.056578882869090213,0.40352465824994915
0.05530896546167932,0.40494475840062716
0.053991542064349446,0.4063846981409483
0.06568984751979703,0.3977526836077834
0.06568984751979703,0.3977526836077834
0.0643487108292995,0.39933229879095733
0.07544814302849742,0.38964221222458645
0.07410948584810129,0.39137534548613095
0.07271334490095069,0.3931279752706865
0.08500749454189518,0.38019430186199227
0.0836994746961705,0.38209172639753713
0.08246503664851948,0.3841418703276029
0.09267620173358632,0.37233550312218006
0.09138830553012892,0.3743187631422237
0.10089727719411198,0.3609995870917989
0.09961171689873505,0.36321066071094543
0.09832182303357254,0.36543273059416287
0.10691427694081132,0.35162594157817967
0.10585642577905055,0.3538373049374726
0.1048391187878231,0.35597874658856254
0.11375812502068833,0.3387206172046301
0.11292803191135314,0.3408687782709886
0.1121438548381608,0.3429444811544843
0.1190018085105771,0.3273506423083632
0.11841684051435752,0.329300379515301
0.11841684051435752,0.329300379515301
0.12420241976693572,0.3125595209479236
0.12378833638383044,0.3142991790243598
0.12341063297617316,0.31599186802796725
0.12788409192682076,0.29898232194295227
0.1276535005961223,0.3004351563463341
0.1276535005961223,0.3004351563463341
0.13083044902334637,0.28260611503768784
0.13073215860260595,0.28380589386468247
0.13064352821282813,0.2848850734422512
0.13238159822983814,0.267151566699278
0.13237509588534005,0.2680913746552124
0.13236707009495985,0.2689275760542371
0.13263835032913437,0.2472083257423266
0.13266683025169174,0.24799225246751758
0.13270729883163196,0.248648462784994
0.13140705217067533,0.23055865144996185
0.13140013630208972,0.23026700491362395
0.12888349482871683,0.21363819483150567
0.12892166434102173,0.21386377290354577
0.1289427822860165,0.21393183409004465
0.12504765054106232,0.1966388372790242
0.12504765054106232,0.1966388372790242
0.1250198293343027,0.1963958294579485
0.12011576247343858,0.18017053691352297
0.1200171732471792,0.17965974008801588
0.11408299530093835,0.16395977255492492
0.11389526724542987,0.16319689052855094
0.11366859667416251,0.16230624485167655
0.10716733260434,0.1479845657872006
0.1069688178916231,0.1471671039570936
0.10693732236431128,0.14702664272302216
0.10008950638364972,0.1343480867786447
0.10040053916391078,0.1343534811680728
0.09451099910400651,0.12345742138529972
0.09662943461759815,0.12511246366926143
0.09228320191916614,0.1164283583055413
0.09439619739761546,0.1195692213650956
0.09619049074238828,0.12278053506436681
0.09190422746553137,0.11560512132583484
0.09346179706124239,0.11863675594269282
0.09483002829219025,0.12161852215095151
0.09081840433752192,0.11467682302325313
0.09200693605617141,0.11742324886942554
0.08850185812150893,0.11124781099918907
0.08850185812150893,0.11124781099918907
0.08944238026385182,0.11386287685215099
0.08623943521508312,0.10817106810468335
0.08698701496750744,0.11058839867130119
0.08757306710604718,0.11290383930190487
0.08477296311483398,0.10778567679981868
0.08517948544268267,0.10978842749099749
0.08295716627281116,0.1052038876358388
0.08361537549279324,0.10720448857768028
0.08398609250629754,0.10911469296655707
0.08228217495157458,0.10536228696513528
0.08260783009182698,0.10730518037069708
0.08285629521115193,0.10928782900515666
0.08139990181719473,0.10451652711113879
0.08166036692068138,0.10652432350308735
0.08188178479136954,0.10855089653592093
0.08123867753748801,0.1068019159050736
0.0814407063372816,0.10885727477707655
0.08164923779392999,0.11092280946597394
0.08138564761986741,0.10804377530224527
0.08157373474465854,0.11012201657642881
0.08177533421766969,0.11220353624652385
0.08227534346268298,0.11238084617187091
0.08247732676513489,0.11446837240701724
0.08268566493622606,0.1165635121918911
0.0836541919441757,0.11561060948041862
0.08386999904409773,0.11769249323745601
0.0840974510923719,0.1197813540865624
0.08590326949483046,0.12181784157258657
0.08615280204009643,0.1238911612068356
0.08640947101099472,0.12596544437138657
0.088865695321349,0.12883631083907857
0.08916102459034866,0.1307053994086922
0.09193112102764536,0.13387344220313832
0.09188702304270338,0.13543751037351326
0.0918993503115656,0.13700571799099456
0.09552772916781282,0.1394673579386194
0.09536253591841562,0.1409073349297031
0.09517094863356643,0.14239557604912872
0.0997461746806936,0.14726466407005614
0.0997461746806936,0.14726466407005614
0.09956481958894095,0.1486120336527717
0.09930572771063059,0.14996689010022224
0.10483547337998747,0.15537639033531025
0.10455283997837614,0.15656098419292103
0.10455283997837614,0.15656098419292103
0.11070884623631555,0.1623284588916907
0.11036630148752877,0.1632768044895197
0.10992282179659513,0.1642337657610021
0.11712270170269481,0.17029528938963004
0.11712270170269481,0.17029528938963004
0.11662721682818569,0.1710288671113154
0.12446583014992774,0.17728345922344158
0.12393029794759186,0.17779056989644196
0.12393029794759186,0.17779056989644196
0.13285153885023343,0.184462976037356
0.13052100543516595,0.1842745493827836
0.1388195759249124,0.1898147531389055
0.1374915342195885,0.189467533642104
0.1353669628683888,0.1888487029592285
0.14434301178494485,0.19419463960781336
0.14177294537205284,0.19313839010875217
0.15138078001814165,0.19873212973745658
0.14875139305538304,0.19764057030899468
0.14594137839766352,0.19666264648840426
0.15652082166299172,0.20186220143051486
0.15354238750254826,0.20059079668475155
0.16442549810088097,0.20596477971895444
0.16143500953610515,0.20452953265535234
0.15826486409918078,0.20316551727287813
0.17028540606794568,0.20813932856968176
0.16691398135543994,0.20669979660813292
0.17892085087213982,0.21165205775430712
0.17550161321184915,0.21010128816265178
0.1724448858242401,0.20892252025707742
0.1858652677017154,0.21308810175666482
0.1858652677017154,0.21308810175666482
0.18297570890575054,0.21154659414142984
0.19617284707268132,0.2154416079198765
0.19311338456832602,0.2136385241258419
0.19009870347291397,0.2123210449867446
0.20699239325176003,0.21738273107411843
0.20363415167031249,0.21556723063914895
0.19987799685873703,0.21396494768895036
0.21269000261685037,0.2166851689390304
0.21269000261685037,0.2166851689390304
0.20865319338972588,0.2148934842081065
0.20435633138932835,0.21351718495588767
0.21744335193160166,0.21563588380362986
0.21744335193160166,0.21563588380362986
0.21324536804335453,0.21402404306201367
0.2258785351695969,0.21582428428642386
0.22169548296328867,0.21411249770820728
0.22169548296328867,0.21411249770820728
0.23456666208974464,0.21569199968319308
0.230290048891225,0.21379220714741476
0.22595454518369795,0.21225159319537057
0.22595454518369795,0.21225159319537057
0.2382314851193903,0.21299344239630263
0.2338671237179603,0.21133620051354973
0.22948342025086155,0.21000061537246523
0.24624860940041574,0.21185785731963436
0.24185087513993134,0.2101046596942755
0.2374253417322738,0.20865575170155498
0.2374253417322738,0.20865575170155498
0.24910597252475525,0.20844567875216902
0.24464976795318472,0.20691972950439985
0.24004623403008926,0.2058313017495611
0.25606220631608967,0.20665135989761124
0.2511990084179809,0.20535428553928997
0.24666398311486915,0.20418769691953748
0.2569874548838159,0.20353596871699697
0.2569874548838159,0.20353596871699697
0.2517631300525157,0.2026426192922846
0.24651192261050173,0.20201262470805942
0.26151423188729694,0.20211440518282864
0.2563251622506013,0.2011858210817838
0.2563251622506013,0.2011858210817838
0.25118321591438064,0.20049395914919188
0.2602508188227075,0.19961360590267704
0.2602508188227075,0.19961360590267704
0.2552269848090881,0.1988776017114964
0.2502931154755428,0.19835872697533893
0.2641077911173132,0.1979167743361627
0.2592154398191422,0.1971490859540194
0.2592154398191422,0.1971490859540194
0.2544155441313114,0.19658511729067493
0.26258521355276,0.19534375795175876
0.26258521355276,0.19534375795175876
0.25792687708604306,0.19476311831485665
0.25333789031539083,0.1943774043169718
0.2658476113417446,0.19344149523515486
0.26133598721966556,0.19284892488434122
0.26133598721966556,0.19284892488434122
0.25690161351354435,0.1924444236656484
0.2642361457306317,0.19099242003623115
0.26046757384260943,0.19053169529081432
0.26807028836038804,0.1886122309578119
0.2647028077195721,0.1878216260298401
0.26152123086666457,0.18747787355642104
0.26741912509631927,0.18622794529641032
0.26380832190375364,0.18659700373288718
0.26034547642522865,0.18707289423208726
0.27015985705849166,0.18534072238473367
0.2667792135866183,0.18564075258697954
0.2633381765791482,0.18595639179395335
0.26881258047343254,0.18450238817121967
0.26547288467002916,0.18476559840390805
0.262211932556933,0.1851277014652878
0.27051396800670185,0.18322409598324346
0.2673579453872032,0.18350278910936102
0.2643393655392151,0.18382726222810516
0.2643393655392151,0.18382726222810516
0.26884338859698353,0.18216321196920804
0.2660111826269198,0.18248596791379007
0.2660111826269198,0.18248596791379007
0.26331271408712287,0.18287236687640918
0.2701100652959767,0.18076420826589776
0.26753027402354845,0.18109397967046467
0.26510412962283414,0.18147289782613413
0.26510412962283414,0.18147289782613413
0.26872264663682294,0.17971538751693122
0.26872264663682294,0.17971538751693122
0.26651956806330634,0.1801390195534682
0.26974994840153677,0.1783304211074465
0.2678837545559842,0.1788524495565335
0.2661128260585412,0.1794194997888634
0.2688785655820008,0.17768113396883084
0.2688785655820008,0.17768113396883084
0.2673008891705171,0.17824212546006518
0.2673008891705171,0.17824212546006518
0.26945961207555047,0.1763311859453462
0.2680303756343568,0.1768422641435105
0.2667083470967246,0.17735258256262879
0.2667083470967246,0.17735258256262879
0.26828526235794586,0.1753792431259121
0.26715544895604515,0.17586715888499838
0.26715544895604515,0.17586715888499838
0.2661311300170809,0.17635064002795736
0.26718124546143407,0.174250811607745
0.26718124546143407,0.174250811607745
0.2663845266492523,0.17474485863166953
0.2667828480094251,0.17267176760745712
0.2667828480094251,0.17267176760745712
0.2661983345517666,0.17312893900301352
0.2657001221579857,0.1735473803861401
0.265845486890544,0.17091813018842467
0.2654308287650275,0.17129770509623554
0.26513195983714843,0.17161215814591763
0.26513195983714843,0.17161215814591763
0.2641383191327188,0.1693377067690512
0.26400536247028256,0.16957424387547526
0.26400536247028256,0.16957424387547526
0.26391433056676006,0.16980790538492552
0.2621042059788645,0.16727525766116644
0.2619450453839405,0.1674209265697919
0.2618197019041127,0.1675839248065741
0.2618197019041127,0.1675839248065741
0.258990718079509,0.16535039397538573
0.25897336092753365,0.1654445223284624
0.25906046150101125,0.1655136995524124
0.25516036782631196,0.16332287503922002
0.2553250570959031,0.16333834120442361
0.2555875880169436,0.16331811588692235
0.2555875880169436,0.16331811588692235
0.2511087198941952,0.16137278190923776
0.25151246163607593,0.161169036508146
0.24592104863510986,0.15942557593281603
0.24651672055182128,0.159191343104168
0.24651672055182128,0.159191343104168
0.24713642715943046,0.15896350723081587
0.24083774039135214,0.15767522171693502
0.24083774039135214,0.15767522171693502
0.24155557029869193,0.15734440321748067
0.24233874593004537,0.15698046300086219
0.23414224056497096,0.15655930057787426
0.23499830088681567,0.15612821614060823
0.23595345066330375,0.15566069341278457
0.22804522197107188,0.1553905504102161
0.22804522197107188,0.1553905504102161
0.22918655563956086,0.15480403635230522
0.2304347895130961,0.15414472884799996
0.22158429221641593,0.15453007090108317
0.22284679822875672,0.1538099775220258
0.2131334748441726,0.1547199104722803
0.21419015676455316,0.1533479239714889
0.215505182701594,0.15245531643246013
0.20502172149764092,0.15470048583238893
0.20637748973642578,0.15361830957510797
0.19520403909675324,0.15676048451976188
0.19520403909675324,0.15676048451976188
0.19604427558725732,0.15586868109879534
0.19746585185924798,0.15475043608718173
0.18606613594856627,0.1590533629583572
0.18606613594856627,0.1590533629583572
0.187449452424531,0.15785824453371544
0.17555977408592377,0.16351015108777403
0.17694737952235579,0.16219342379804083
0.17694737952235579,0.16219342379804083
0.1647390973192821,0.16931056580501747
0.1661333663313107,0.16785459731091398
0.16757478032202766,0.1663960535662426
0.16757478032202766,0.1663960535662426
0.1557668528570333,0.17447566602555378
0.15721935281237137,0.17287025826236416
0.1587209342184227,0.17124884046071295
0.145419267179136,0.1824689424072176
0.14686308016384653,0.18071562890582493
0.14833818131261856,0.17894515203178993
0.13713855005376885,0.189250491173663
0.13828835526728167,0.18698808217832175
0.13958418271667528,0.18480037529437146
0.12872608575229028,0.1965656506863256
0.12991365212820688,0.19417033124780628
0.11951448260999087,0.20650956498674455
0.12041035941270528,0.20348248123955484
0.11099508967248212,0.2164342469712343
0.11198969481677551,0.21433906212395207
0.11324874793677725,0.2113015941816633
0.1046446597239239,0.2257604400794237
0.10564533239033275,0.22292155629118596
0.10664411609398944,0.2202987467921739
0.09897165350740861,0.23601071867250548
0.09897165350740861,0.23601071867250548
0.09976348210772085,0.23364828293118284
0.09352995474291392,0.24970423804739691
0.09415387119952184,0.24766983122315195
0.09474054216955091,0.2457006873202225
0.08864249491293352,0.2663814651845372
0.08904939377523147,0.26465850848338696
0.08943577790270146,0.2630900719714774
0.08554838233205059,0.28214529748411565
0.08590740267237429,0.2792602159865544
0.08363988388118321,0.29720670440323815
0.08368230534038767,0.2966082168367832
0.0838534882377372,0.29447839149733956
0.08293811025178832,0.31174605248668913
0.08293984508961727,0.3113170438073988
0.08293984508961727,0.3113170438073988
0.08330794687677934,0.32800940923506783
0.08330405553768977,0.32708118615796017
0.0832859895381231,0.3263234889001721
0.08492916568866105,0.34389802586877033
0.08489866151588293,0.34350659673701583
0.08489866151588293,0.34350659673701583
0.08769500349265036,0.3601711960940713
0.08771733343884808,0.36070936623877753
0.08770076425530599,0.3606385324094114
0.09154029983329381,0.3766146304534014
0.09154029983329381,0.3766146304534014
0.09157991717932235,0.3769012459372461
0.09641518888072259,0.39245629138540833
0.09652921421233523,0.3930435108348741
0.10183880471962864,0.4073974313011991
0.10106468968391857,0.40687993934033484
0.09988479453685956,0.40613641944155254
0.10329878452092989,0.4168291490397189
0.10069459582513463,0.41422633563065386
0.09838365887843165,0.4114932923439452
0.1011223920757533,0.4204388815188987
0.09911880875182938,0.4167648995675923
0.10197045108216635,0.4250048378246987
0.10024526935502859,0.42148766487417916
0.09875181357306512,0.4180752756867277
0.10295552573326405,0.4292536023246279
0.1013692659227855,0.4260197831584365
0.09996655886968092,0.42285958484515834
0.1022328974011884,0.42994987599516094
0.10101968536121059,0.4270018048730956
0.09999460167038593,0.42412895602799294
0.10209287834347336,0.430838072965049
0.10209287834347336,0.430838072965049
0.10126425038576975,0.4281768799164373
0.1031068132333367,0.43403071516997543
0.10248897402556595,0.4315793418915978
0.10205599280936395,0.4292099786130692
0.10373992488219286,0.43461187373750904
0.10336219078503533,0.43233709351396743
0.10441379907235382,0.4366690884075336
0.10435476186869563,0.4345610131428801
0.1046798240086943,0.43247468737341443
0.10613924047573092,0.43616402995683096
0.10656708013956045,0.434074670133571
0.10727582128873142,0.43663675227416404
0.10731166049861146,0.43464671573753483
0.10732979812423699,0.43248222534735764
0.10761506863307141,0.4340538948211078
0.10761506863307141,0.4340538948211078
0.10769990220554437,0.4319711549916863
0.10756834551422595,0.4325681335111932
0.1076488349599326,0.43046749242568166
0.10771002387867756,0.42835363957223493
0.10707017801605456,0.4278907783944542
0.10707017801605456,0.4278907783944542
0.1071166471854888,0.4257630490392694
0.10600446046135237,0.4242685786899503
0.10602978170107008,0.422129353505222
0.10604436429621722,0.4199746671210971
0.10431416517902964,0.41741287319018733
0.10431416517902964,0.41741287319018733
0.10428845063500053,0.41526332117544906
0.10226509645378234,0.4101569693967494
0.10245672044183096,0.40849591472553043
0.09974800604810546,0.40465411661724004
0.09988066526173783,0.40318172746432174
0.09695112206326223,0.3988071547582865
0.09742296047138888,0.39750353179723047
0.09770070933563263,0.3960924372304675
0.09344612445855155,0.3919225240994132
0.09394368616091259,0.390849458668613
0.09456330340698754,0.3897734866449542
0.08998984581879682,0.38367269037963825
0.09058322302366484,0.382766829906787
0.09098956438908334,0.38168150478831175
0.08584661097949159,0.3754221242321726
0.08584661097949159,0.3754221242321726
0.08640098380561972,0.37463330170681475
0.08061266529048194,0.36792368392348096
0.08134341907566628,0.3674767206049142
0.08214012935707299,0.36693731794903617
0.07480683877816369,0.35939589279228357
0.07480683877816369,0.35939589279228357
0.07554627712940959,0.35904581068335883
0.06763230548595894,0.35133204601093215
0.06894084029083364,0.35151046282620824
0.06144515591179428,0.3442798691540566
0.06295039583500917,0.34494163613821094
0.06540177599418856,0.34604786859773795
0.05722045431427747,0.339053472855264
0.0619165489161011,0.34184999232282254
0.0530214448764601,0.3350319824503214
0.055431922893293795,0.3362960208842539
0.04545503300026643,0.32899427113498936
0.0480233194341011,0.3307875457882721
0.0508269281622499,0.33224101343560014
0.03755424199854612,0.323283354988012
0.04247262178340369,0.32688281346736053
0.03137708333943651,0.3201862449438773
0.0336103202634572,0.32198465060191184
0.03607462049381027,0.32361487430566116
0.023713502558875887,0.31715683333170946
0.02657151598850041,0.31904437044470907
0.014363547524222336,0.3129829420940808
0.01695152585984143,0.3150088250173187
0.019622257554729017,0.3169225712056177
0.006613569343660253,0.31157377611883963
0.009599655849439143,0.3138471123743661
-0.0018343984181550532,0.30907911760550577
-0.0018343984181550532,0.30907911760550577
0.00209506145768866,0.3114601603114316
-0.010471194074206311,0.30635314695704263
-0.006652055760973122,0.30883956057575646
-0.006652055760973122,0.30883956057575646
-0.002625109196027542,0.311051964574195
-0.01490995800658157,0.3068132047891336
-0.01490995800658157,0.3068132047891336
-0.010989153311307395,0.3092011622595537
-0.006927793647837846,0.31128976660499225
-0.023534687432245613,0.30514756909755475
-0.019626474261347414,0.30769231163317184
-0.015583802134937493,0.30993717996589554
-0.015583802134937493,0.30993717996589554
-0.027752043904672383,0.30676759473459997
-0.023722414816260952,0.30913679137850597
-0.01959626683025341,0.31119974265032807
-0.036016891362362996,0.3061752219995387
-0.032025294549965014,0.30864861855271825
-0.027927162359712855,0.3108106917037765
-0.027927162359712855,0.3108106917037765
-0.03973742880511202,0.30865088811311164
-0.0356684655564323,0.31089100416917104
-0.0356684655564323,0.31089100416917104
-0.031543278523394176,0.3128262456219336
-0.04346206178625746,0.31128116263752986
-0.04346206178625746,0.31128116263752986
-0.03909565623317769,0.31312535478833203
-0.049409690810714224,0.3115036119030279
-0.04443700280526128,0.31314440140046024
-0.039466197862689595,0.31449947897007324
-0.05461552945815988,0.31150823278446493
-0.0496336121640632,0.31318063432794985
-0.04466253901007447,0.3146322156596557
-0.04466253901007447,0.3146322156596557
-0.05411695672080935,0.31351212724045446
-0.05411695672080935,0.31351212724045446
-0.049280272509994005,0.3149911016743585
-0.04446483146079169,0.31624295321211515
-0.058591020514375036,0.31395756364744176
-0.05387351321968925,0.31548048314850596
-0.04918730959573142,0.3167785886795694
-0.04918730959573142,0.3167785886795694
-0.057857432034835274,0.3161821049611217
-0.053304950794887646,0.3174925982711204
-0.053304950794887646,0.3174925982711204
-0.048790968872061746,0.31860191368952767
-0.06175828513060444,0.3170093045173962
-0.05734361327835111,0.3183278063197925
-0.0529731050766597,0.3194524562820465
-0.0529731050766597,0.3194524562820465
-0.06078871546334151,0.31932633878875116
-0.06078871546334151,0.31932633878875116
-0.05656433231497093,0.3204418951218543
-0.06406171704993692,0.32032079866761587
-0.060008318983944986,0.32101484230767185
-0.05630555244174784,0.3215236497986539
-0.06351396973205298,0.32131031739145005
-0.06015766818761237,0.32173980919770817
-0.05590085755430124,0.32215668449157353
-0.062116234883890786,0.321997020455777
-0.058342657778443024,0.3222502024158683
-0.058342657778443024,0.3222502024158683
-0.06433757113523039,0.322083877891952
-0.06433757113523039,0.322083877891952
-0.06070255529419036,0.3223455855618882
-0.057133067224380635,0.3225656689948364
-0.0662207254303269,0.322455712212262
-0.06276135905995622,0.3227815689254964
-0.06276135905995622,0.3227815689254964
-0.05940825106442066,0.32302822422457456
-0.0643856226622575,0.32338691876187936
-0.0643856226622575,0.32338691876187936
-0.061255866596973296,0.3236414390926825
-0.061255866596973296,0.3236414390926825
-0.058243967925284634,0.32383378533672147
-0.06590835669186088,0.324212320263753
-0.06301259018364957,0.324476293493953
-0.06022184951507925,0.32466057800399095
-0.06022184951507925,0.32466057800399095
-0.06434726982854025,0.32541691742484635
-0.06176960498591119,0.32553255209106957
-0.06176960498591119,0.32553255209106957
-0.0593284240172994,0.325575303388145
-0.06323700754860945,0.32652464814143506
-0.06117536810304272,0.3263857780174078
-0.06449285117499384,0.3273714100776374
-0.06449285117499384,0.3273714100776374
-0.06271404214898132,0.3272481926865594
-0.06545071834454178,0.3283051500044064
-0.06381236985264066,0.3281725920894152
-0.06381236985264066,0.3281725920894152
-0.062140715510801386,0.32801160749029395
-0.06459676079527785,0.3294943169205492
-0.06314827736997436,0.3293212813941645
-0.06314827736997436,0.3293212813941645
-0.06502590385946364,0.3310525654258464
-0.06379105771692731,0.33085553530541867
-0.06379105771692731,0.33085553530541867
-0.06267816693391648,0.3306338796343734
-0.06401385453191497,0.3324975973426645
-0.06401385453191497,0.3324975973426645
-0.0631408483279135,0.33223488287223524
-0.062382281097993514,0.33194452604981245
-0.06383878233794019,0.3343229754922415
-0.06319830469449883,0.3340117624141036
-0.06266976313831521,0.3337110227236031
-0.0627769593157751,0.3359590922351904
-0.0627769593157751,0.3359590922351904
-0.062405997949119746,0.33572254742523755
-0.062140521588447795,0.33550213833280584
-0.06172421858935501,0.33825725752357316
-0.06156214758264142,0.3380401120493815
-0.06149214044919421,0.33782858265922644
-0.06149214044919421,0.33782858265922644
-0.06002354851560962,0.34051892214578094
-0.059848704115980866,0.3403811451660935
-0.05730503762759981,0.34322140110602184
-0.057283585296572154,0.34313143024421267
-0.057353150746127596,0.3430892807937141
-0.057353150746127596,0.3430892807937141
-0.054013851462979656,0.3459748099048936
-0.05422149506232993,0.3459812692661144
-0.05422149506232993,0.3459812692661144
-0.049812715936941254,0.34891348890481155
-0.05016650513487109,0.3489454074387679
-0.05063162261888124,0.3490530679919225
-0.05063162261888124,0.3490530679919225
-0.04552006070812337,0.35183205937588935
-0.0461346745270525,0.3519436942515992
-0.0461346745270525,0.3519436942515992
-0.0398740293073781,0.35455216514336463
-0.040651731594021745,0.35470784742793604
-0.041533035755412284,0.35489213074688275
-0.041533035755412284,0.35489213074688275
-0.034530498713690655,0.35714949949197694
-0.0355450849425874,0.35738787404277816
-0.03664171284102796,0.3576259364460082
-0.02852318151538666,0.35952125986697375
-0.02852318151538666,0.35952125986697375
-0.029801736717509575,0.35986705206944936
-0.021000216123277793,0.36119186656645075
-0.02233855123289505,0.361709969965753
-0.01285328741562669,0.3623621849838522
-0.01397506222483616,0.3628148084995566
-0.015729043558177863,0.3633857991175683
-0.005235283641081112,0.3632810362314416
-0.007199086776266045,0.3640574983570182
-0.00854370841338628,0.3648641235997253
0.0026855712505858,0.3641245914806835
0.0026855712505858,0.3641245914806835
0.0007763530079026582,0.3649655640690761
0.013307167994619368,0.36302684741485625
0.011548326766464279,0.3639431714394529
0.009830392086692313,0.36484764463125574
0.0248823508257556,0.3607149914778337
0.023210631067342946,0.3617233777431836
0.021522607727497756,0.3627363140312506
0.03483198845852428,0.3584652164914063
0.03315048949355495,0.3596158250502747
0.03315048949355495,0.3596158250502747
0.04693850183489798,0.3539123570790733
0.04526374230191438,0.3552046637766373
0.043541173166954106,0.3565059389430508
0.043541173166954106,0.3565059389430508
0.05694933787338241,0.34979118789393915
0.055194330509753586,0.35123980945149813
0.053397022148168244,0.35270365848875745
0.0670720996881845,0.3449494446504855
0.0658095243233286,0.34609315909648725
0.07802598715965695,0.3372702796653881
0.07606695255873175,0.3390308032985947
0.08872783559018105,0.3283231938312
0.08684844935523636,0.33019453228165097
0.08492618779264033,0.3320765776866542
0.09662579677569258,0.3207367902756141
0.09471530117095489,0.3228692236839774
0.09283885650872148,0.3249602781844661
0.10437446376295414,0.31227020144860845
0.10268754630851515,0.31430387213345434
0.11310986972741416,0.301124749850651
0.11181032145161135,0.30335763542680144
0.11054858402453807,0.3053865153682954
0.12042169181270668,0.29091201918181364
0.11938346712508241,0.2927791476366082
0.1280157264970339,0.2778594419478396
0.1280157264970339,0.2778594419478396
0.12723220725385853,0.2795307680465827
0.13482452338634016,0.2634794067852281
0.13424911065052988,0.2648609450378794
0.13373293306299805,0.2661736698939085
0.14003851841720152,0.24995845499758365
0.1396635238645317,0.2511283843511255
0.14478983386723024,0.23415190738864455
0.14447101807871024,0.23531712517525888
0.14418847077540872,0.23632981302453765
0.147964433091871,0.21945401873542342
0.14781038300116428,0.2201633206586452
0.14769103736125688,0.22070743418213085
0.15026777331331553,0.20336348432232895
0.15022999318566355,0.20362414712840332
0.15149150048269275,0.18682833827074102
0.15150835377417335,0.1868096010859428
0.15150835377417335,0.1868096010859428
0.1516108823515217,0.17001012469834398
0.15165437555256114,0.1696984562322972
0.15171174970487897,0.16925412542294238
0.15074035342704617,0.15309764820727534
0.15079198249868134,0.15239307429839472
0.1488899714671967,0.13659967584286134
0.15085751592734087,0.13677761920647077
0.1503225148333745,0.12423942473250141
0.15285258836075807,0.12596028611156507
0.15291435836762943,0.11524169355978327
0.15532678467896774,0.11777496563319205
0.15721143085226358,0.12059013226092807
0.1560207777449091,0.10905610885794666
0.15811489712523574,0.11570382474310434
0.15714935812445222,0.10803156899718548
0.15714935812445222,0.10803156899718548
0.15831499550979292,0.11516507331663815
0.15678648725415675,0.10408662858550576
0.15731284683347294,0.1074026147366606
0.15772352692933977,0.11055867363871283
0.15691763894179978,0.10379112987091361
0.15718361332253447,0.10665116797486601
0.15729026736892857,0.10938098141339155
0.15656068872377896,0.10311457345779022
0.1565010918772179,0.10556644054502633
0.1565010918772179,0.10556644054502633
0.15584279066538653,0.10021412884820646
0.15533331587685345,0.10482628676057501
0.1541180788607618,0.10024755505418328
0.15294770562083732,0.10223101195240741
0.1517154641389898,0.0984615768739425
0.1503292478610807,0.10009591626052483
0.14882678285044484,0.10155157529724507
0.14754961712647896,0.0982556278800307
0.14584871885787776,0.09934767967476058
0.14459943151967475,0.09681030637826075
0.14270862672892476,0.09752793551334743
0.1415579878612429,0.09569703032712193
0.1395268708954127,0.0960607322963884
0.1375252049815432,0.0963007944766813
0.1364179953928068,0.0951288607083986
0.13247426328062692,0.09495050187381954
0.13135552103173706,0.09437563750086299
0.1292409095443796,0.09396143770381607
0.12835124301813605,0.09422042242783828
0.12589686526047758,0.09339585002504915
0.12397155527614753,0.09281413921019337
0.1245427569582605,0.09467474486529098
0.12333872340803592,0.09474388207129592
0.1241261099605811,0.09795589218334023
0.1229329113810374,0.09815868617737027
0.124540872343165,0.10316152906924705
0.12362421795764642,0.10362765672634504
0.12281521595027597,0.1043463746458053
0.12507644799718856,0.11071360217826351
0.12436692306043937,0.11155770876446561
0.12713129904325987,0.11909206528080882
0.12643816018669912,0.11976132419547447
0.1256544382339263,0.12036075575764171
0.1289016123868793,0.1283644233593943
0.12816517696047128,0.12886703880432254
0.12816517696047128,0.12886703880432254
0.13210948399213232,0.13786362116859083
0.1314547886604499,0.1381962548618156
0.13066636825515385,0.13850333029958187
0.13066636825515385,0.13850333029958187
0.13528170681520033,0.14766002040283036
0.1345328194633668,0.14769203755295504
0.13361898831318214,0.14770114300794704
0.13907046786236857,0.15713935729780937
0.13832401750029974,0.15589987651445994
0.14389112840212592,0.16415491972099938
0.14283072941406058,0.16319260010398776
0.14129145769246956,0.16176647399920935
0.14700285321908607,0.1702389832425211
0.14487105285683913,0.168184813202935
0.15159337456766916,0.17758730090008623
0.149705789254979,0.17514553400808747
0.14780139213786053,0.17296077622390915
0.1546843124438659,0.18188443494162232
0.15244956022919356,0.1793367986330443
0.15244956022919356,0.1793367986330443
0.16029740521885927,0.1890884621922046
0.15804487040679538,0.1864316940679442
0.16563556855655623,0.1952231705559332
0.16378806635022145,0.19236243099957745
0.16136373680920074,0.18932475822816852
0.17048262759409555,0.19913428296554592
0.16845688873554598,0.1959075314650437
0.16624189876543483,0.19296978096430017
0.17664101686490674,0.20241358934643444
0.17664101686490674,0.20241358934643444
0.17465796857228183,0.19947244723884633
0.18506566194347715,0.208456060158984
0.18264170249042186,0.20487332315561407
0.17949996384390426,0.20153621227658453
0.18952444468390237,0.2097522660416819
0.18645274942327913,0.2062311648880833
0.18645274942327913,0.2062311648880833
0.19634110075591618,0.21423712218483892
0.19334361074623352,0.21056943632781389
0.19334361074623352,0.21056943632781389
0.20358853698443255,0.2186415849589674
0.2006926172204913,0.2148457872703345
0.19754038702852353,0.21123369026476224
0.19754038702852353,0.21123369026476224
0.20779919635673097,0.2184821232091328
0.20475074919785424,0.21476968791158474
0.20475074919785424,0.21476968791158474
0.20155794556592116,0.21133432827001242
0.2123308867313426,0.21817939932482378
0.2123308867313426,0.21817939932482378
0.20923480318527918,0.21464720556664713
0.2196335652326083,0.22098211926024508
0.2166105126666238,0.21739126492063438
0.2166105126666238,0.21739126492063438
0.21338794720107873,0.21403968491541836
0.22416960161320118,0.21992002418478812
0.22416960161320118,0.21992002418478812
0.22103557175070132,0.2165167287584865
0.2313081604153264,0.22185812475133315
0.22818556402015824,0.21851517302164353
0.22818556402015824,0.21851517302164353
0.23777739193476147,0.22348437975404645
0.23486857538600006,0.22048636949060757
0.2312477491768572,0.21739679847542986
0.2409401444835997,0.22208230291101966
0.23807134469356597,0.2191873617411274
0.24697403666634138,0.22304996814284367
0.24417769351789181,0.22004070336941467
0.24093623871225844,0.21700757757896372
0.2507373806667807,0.22068382401967784
0.2476450901367631,0.21768575795946288
0.2570609044383042,0.22099951811922192
0.2540340523883511,0.21805594413810797
0.2509376694584124,0.21537534477315506
0.2596780332655165,0.21796868015953902
0.2566576269718101,0.21535809633266267
0.2539056758417328,0.21313845920098218
0.2646370307462802,0.21755065477774777
0.26172145195286034,0.21519700436420813
0.258466955581866,0.21291523145021535
0.2658290360098268,0.2150899902863439
0.26215440609426144,0.21338959678779698
0.26907029710259817,0.21538627136527658
0.26531123178474975,0.2138027772852136
0.2614162659680695,0.2124936198417621
0.2675360177359054,0.21441402702455867
0.2641291990638788,0.213056750972737
0.2641291990638788,0.213056750972737
0.2697278116950831,0.21483240296354938
0.2661687680364031,0.21374865687392877
0.2661687680364031,0.21374865687392877
0.2627049058730071,0.21275632709069395
0.2627049058730071,0.21275632709069395
0.2677640441789334,0.21423763781086727
0.2645073284354359,0.2132669160147074
0.2645073284354359,0.2132669160147074
0.2613393517324546,0.2123821820582897
0.26929966725456045,0.2144744678951681
0.26625773123018076,0.2135378542677903
0.26330814184692714,0.2126830132810985
0.26330814184692714,0.2126830132810985
0.2676790634508122,0.2135038950839142
0.26494554660558944,0.2126923648623127
0.26494554660558944,0.2126923648623127
0.26230666974331274,0.21196941746711886
0.26903173484051146,0.21320773924241632
0.26650663705823285,0.21246229624299245
0.26405985169524604,0.2118245593726335
0.26405985169524604,0.2118245593726335
0.26774668453976935,0.21206095902436906
0.26556187278434573,0.21153182015555366
0.26358963493043064,0.21114850679233216
0.26712398443131047,0.2110634379207616
0.26712398443131047,0.2110634379207616
0.26526948841787523,0.21066539616039123
0.2682271165930563,0.21024614383112572
0.2682271165930563,0.21024614383112572
0.2665472276054729,0.20994598597194403
0.26496736378679264,0.20970081822102526
0.2690868355654874,0.20913935440372364
0.26760304056496487,0.2088999876405246
0.26625409467958716,0.2087186593289323
0.26625409467958716,0.2087186593289323
0.26836999638451964,0.2075709996634658
0.2672235524059503,0.20745077547132262
0.2672235524059503,0.20745077547132262
0.26618945266718663,0.20738488500843885
0.2679330015122394,0.2058618304293362
0.2679330015122394,0.2058618304293362
0.2671334188222323,0.20588000195761536
0.266440844361157,0.20594035613850092
0.2683179709271402,0.20403990756378643
0.26773040170089824,0.20413876864947905
0.26773040170089824,0.20413876864947905
0.2683167518322825,0.20186030587347137
0.26790870407927425,0.20198794548634968
0.26790870407927425,0.20198794548634968
0.26758400947244304,0.20211645685363128
0.26756348515661166,0.19948701493493398
0.26756348515661166,0.19948701493493398
0.26741431415664274,0.19963409307853336
0.26728886238257377,0.19972368945672309
0.2665568689352451,0.19665693288045483
0.26672718270279716,0.19698441493307656
0.2652850427139273,0.19378822841226281
0.26558542378898425,0.1938447640015718
0.26558542378898425,0.1938447640015718
0.2638395118407117,0.18954088219113593
0.2638395118407117,0.18954088219113593
0.26438032796913635,0.18957480789757794
0.2611100750091677,0.1856042634324192
0.26160723684447085,0.18571405197457636
0.26160723684447085,0.18571405197457636
0.25716033467032506,0.18147805590725674
0.2578443095626837,0.1815496757124066
0.2578443095626837,0.1815496757124066
0.25862222845088223,0.18164747650725172
0.2534691516711224,0.177410558863605
0.2544395416766686,0.1775179280086663
0.2544395416766686,0.1775179280086663
0.25551224406123635,0.17759852381295663
0.2492594145727039,0.17332912417907753
0.2505355990203094,0.17342253311724326
0.2505355990203094,0.17342253311724326
0.24345935247987693,0.16941208377498843
0.24494686642875013,0.16946601502748912
0.24494686642875013,0.16946601502748912
0.23823936982388189,0.16566106069884493
0.23957348543437107,0.16570171765748787
0.23094434316834744,0.1624310000635868
0.23094434316834744,0.1624310000635868
0.23280244472300032,0.16240864448790504
0.22223258881847496,0.15942771373837433
0.22422651500883556,0.1592895693895034
0.22627703982014613,0.15918211384909547
0.21519363820776066,0.15684871004786638
0.21735097507973056,0.15643096882954044
0.204890705113483,0.15477043330679563
0.20695774909129794,0.1543627007968496
0.20894675401934232,0.15401436361022747
0.20894675401934232,0.15401436361022747
0.1957935038332803,0.15329937964788343
0.1977195032667956,0.15280761103979407
0.1996136156836683,0.15231051903935744
0.1834096753755094,0.15318394457356482
0.18531090396248373,0.15254774566827922
0.18718285675596208,0.15190686942776033
0.17260952630513027,0.15331743052540697
0.1744545702795215,0.15254035649617814
0.1744545702795215,0.15254035649617814
0.1590400026991023,0.15533944189896187
0.1608720257066174,0.1544635904665974
0.16274221647388543,0.1535408803745889
0.1475101887624069,0.15745489040898042
0.14875097247735586,0.15676459060767978
0.15010732136896998,0.15589535193676346
0.13582037004180827,0.1607135529126703
0.137909498788996,0.15928872993344195
0.12218185238019891,0.1659775982301666
0.1234036215525981,0.1650849076353248
0.1234036215525981,0.1650849076353248
0.10844306643019144,0.17319996710830993
0.1101092251739341,0.17174598289504772
0.11170108960249825,0.1704989175768865
0.0967563008859523,0.1801007823398188
0.09802968056532099,0.17897688582420918
0.09802968056532099,0.17897688582420918
0.08352201860437619,0.1902089141615718
0.08452226161832249,0.18914769807336063
0.08542852377140969,0.18820123499758534
0.07197470125597932,0.20043885152278113
0.07264748024943524,0.1996210087811301
0.07264748024943524,0.1996210087811301
0.059971510325537936,0.213296640876334
0.0605079463199687,0.212604701469626
0.060980490589253866,0.21201578955769496
0.04970359395204871,0.22642319201332683
0.04996644986489912,0.22592384697244283
0.03968885924983939,0.24148272202350168
0.03995575621387071,0.2409429598458337
0.04018122256037315,0.240503893215553
0.031438970827710855,0.25645173354936557
0.031185716600670543,0.25684616300747776
0.0239676228323078,0.2729362595972297
0.024009349688851545,0.2728119018230531
0.023980698838037773,0.2728347007027456
0.017923812400346573,0.2895665881147845
0.01776052342115797,0.28985917201158906
0.01755617050751218,0.29028014354651227
0.012693450447823773,0.30747324660692543
0.012472176415927794,0.3080299304596903
0.00904515175540238,0.3249165165163084
0.00904515175540238,0.3249165165163084
0.008767858405020368,0.3257647123152268
0.006524740246474148,0.3425977914873928
0.006219817808196748,0.34373376847999304
0.004427335466483162,0.34486710987362945
0.0020268551515794098,0.35827334427616153
-0.00021798762678587602,0.3566089193654471
-0.002623739028173755,0.3687321063957232
-0.004239960211828542,0.3655744421258292
-0.005180065721493987,0.37483415315369806
-0.005696135668645075,0.3702058606330765
-0.005969153680797201,0.3656466628999323
-0.006419431495097272,0.37378810903240245
-0.006583176525697343,0.3694768514936682
-0.006902577447703839,0.37670682341365225
-0.00692446290470744,0.3725376432768847
-0.006828083057652368,0.3688136079978875
-0.0072091295598277205,0.37537450432895364
-0.007135988911659008,0.3715592563288383
-0.007572989405342678,0.37764457592480777
-0.007417649038795715,0.37418710931271987
-0.007417649038795715,0.37418710931271987
-0.007791444553028715,0.37970681645638943
-0.007521601639973841,0.37656083455434514
-0.007155405907542822,0.37357010061936097
-0.007436976966986364,0.3783262418776853
-0.007111921903260154,0.3754827473377802
-0.007784307413257918,0.37921002989157443
-0.007523181484322183,0.3764767310053273
-0.007128935354624943,0.3740009960434216
-0.0076406317593691875,0.3769596540845392
-0.007145952096080099,0.374392844393793
-0.007145952096080099,0.374392844393793
-0.007617034335535899,0.37628104497091636
-0.0070997388455751875,0.3737004054815101
-0.006563883783386626,0.37112094767561193
-0.006563883783386626,0.37112094767561193
-0.007024138812847913,0.3718680630745407
-0.006464620822398126,0.36929173541897997
-0.007015719720206592,0.36894147366937113
-0.006421129284259197,0.36636976899797885
-0.005821872277408269,0.36379584795490627
-0.006406233223178348,0.36234810901715947
-0.006406233223178348,0.36234810901715947
-0.005812164531386721,0.35979071686434805
-0.005239038355647818,0.3572356998379299
-0.006026143023423802,0.35466500273040547
-0.005505962791379049,0.3521524492491548
-0.005005397259624844,0.34964809807692726
-0.006513080102620528,0.34855422215789794
-0.00602420980180729,0.34606932123791007
-0.007268556713810992,0.3413284410197623
-0.006403786224479624,0.3392265925215119
-0.005406690040426709,0.3372171322497776
-0.006712095117218098,0.33192120100919875
-0.006011985969586797,0.33002466486141013
-0.007925375864060613,0.32387570592846265
-0.007387999238929188,0.32250555575137074
-0.0066458085240374,0.3212755800284317
-0.008874932107482969,0.31457699044831344
-0.008874932107482969,0.31457699044831344
-0.008125442071532707,0.31347427873441225
-0.007330493228808022,0.3125055750817446
-0.010182653736361347,0.3050551675407257
-0.010182653736361347,0.3050551675407257
-0.009403191207347728,0.30423032973835945
-0.012702550494579468,0.2961601777848362
-0.011986997659481746,0.29561563090818066
-0.011986997659481746,0.29561563090818066
-0.016037647856328663,0.2867407842469571
-0.015377251985088158,0.2864724084895508
-0.014575494141367551,0.2862614336172925
-0.014575494141367551,0.2862614336172925
-0.019272459127849473,0.2772007288027169
-0.018521920885108067,0.2772066803140826
-0.02402401389413189,0.2673388955734537
-0.023193694223784256,0.2677793583840135
-0.022159705815755715,0.26837542095644945
-0.02800846721855066,0.2591117215506569
-0.026602553499111115,0.2604854651174142
-0.026602553499111115,0.2604854651174142
-0.03286122994853563,0.2512315663915317
-0.03000720489323233,0.2545511319378394
-0.03634141701273269,0.2459182100700286
-0.034108837318214624,0.24842602226900395
-0.034108837318214624,0.24842602226900395
-0.04122143620527513,0.23868094668240233
-0.03929296299899071,0.2412068750990668
-0.0372146619528419,0.24367824702349486
-0.04482187588286782,0.2343332554401575
-0.04275269705915641,0.2371235200866356
-0.05172439872634077,0.22709310614904382
-0.05014986076062053,0.22973463970428326
-0.04827313759638133,0.2321594024335702
-0.05779754748396171,0.22285590946624867
-0.05593010449431576,0.22586650519943424
-0.05593010449431576,0.22586650519943424
-0.053764453685619246,0.22864831611041375
-0.06418625499129055,0.2195559785352448
-0.06418625499129055,0.2195559785352448
-0.062133155109588556,0.2224865022546218
-0.07245295609080937,0.2138987722499746
-0.06993191179013443,0.21705043034557628
-0.06684734009204635,0.22013097963968153
-0.07720661101642619,0.21207424755108445
-0.07720661101642619,0.21207424755108445
-0.07411207175029684,0.21548372916936775
-0.08412500365721963,0.20769900980697076
-0.08101702155024781,0.211281276877754
-0.08101702155024781,0.211281276877754
-0.09139735110983015,0.2034434864685672
-0.08834279073459324,0.20722721025978252
-0.0850872860220336,0.21076142853794433
-0.0850872860220336,0.21076142853794433
-0.09539690723974292,0.20379017873469835
-0.0922130488062137,0.20744574097681845
-0.0922130488062137,0.20744574097681845
-0.10275459004046586,0.2004487552760132
-0.09970793219082871,0.20417624137029866
-0.09654899021648823,0.20766346731773505
-0.09654899021648823,0.20766346731773505
-0.10702000129993841,0.20148448713217942
-0.10394534052180988,0.2050409731197217
-0.10394534052180988,0.2050409731197217
-0.11451992094415613,0.19900976784110458
-0.11150188870318019,0.2026323190287273
-0.10838636808407362,0.20600472545983328
-0.10838636808407362,0.20600472545983328
-0.11874558687224074,0.20079843973035055
-0.11545956199667656,0.20401972311974775
-0.11157643729056499,0.20701841673516244
-0.12153829545861099,0.20210579126707173
-0.12153829545861099,0.20210579126707173
-0.11804278271172307,0.2051458831735668
-0.12749281155496056,0.200699848368543
-0.12749281155496056,0.200699848368543
-0.12402023403249246,0.20370703000066456
-0.12402023403249246,0.20370703000066456
-0.12045361877609156,0.20647909127094496
-0.13342145304393066,0.19939562033552818
-0.1300268474494476,0.20241226545460203
-0.1300268474494476,0.20241226545460203
-0.12655086791697184,0.205191189954619
-0.13546246812680202,0.2015599484699594
-0.13546246812680202,0.2015599484699594
-0.13206241778510508,0.20430904904051345
-0.13206241778510508,0.20430904904051345
-0.12858638211095688,0.20682765993106214
-0.13744780899356837,0.20358196822780505
-0.13744780899356837,0.20358196822780505
-0.13404287882042998,0.20606678314359123
-0.14219170144133328,0.20321625638206542
-0.14219170144133328,0.20321625638206542
-0.1388491335991887,0.20564128240498952
-0.1388491335991887,0.20564128240498952
-0.14675103562019626,0.20299786251316648
-0.14348084109891018,0.20536039711751158
-0.1401270492180327,0.20758652156674792
-0.1401270492180327,0.20758652156674792
-0.1470305818941982,0.2052531994729501
-0.14316868768892096,0.20689108353280072
-0.14956202937758845,0.20439109419104262
-0.1460337405178842,0.20590683812981347
-0.14261649327415013,0.2074558068599188
-0.14870492628881732,0.20557015311358917
-0.14542246947138973,0.2071206480477659
-0.14542246947138973,0.2071206480477659
-0.15127047519976936,0.20546890977832968
-0.14809357066663342,0.20689594918626308
-0.14809357066663342,0.20689594918626308
-0.14474493399925087,0.20799692792280997
-0.14980241784395354,0.2064630529315257
-0.14980241784395354,0.2064630529315257
-0.14662532701571035,0.207508649834782
-0.14662532701571035,0.207508649834782
-0.1435268268841931,0.2084629374229488
-0.14844547673488162,0.2072486534578511
-0.14844547673488162,0.2072486534578511
-0.145548982739601,0.20816296921452368
-0.145548982739601,0.20816296921452368
-0.149922602036268,0.2072849975962714
-0.149922602036268,0.2072849975962714
-0.14723019082100505,0.20814388662317626
-0.14723019082100505,0.20814388662317626
-0.15131717331173444,0.20756672787279087
-0.1488067737149511,0.2083450217658218
-0.1488067737149511,0.2083450217658218
-0.14637678782907595,0.2090185118334056
-0.14637678782907595,0.2090185118334056
-0.15005538381989889,0.20871698889194965
-0.14787263632035258,0.20926342268131232
-0.14580378160216245,0.20968770912055865
-0.14933768904534026,0.20966475532994755
-0.14933768904534026,0.20966475532994755
-0.1474644597459186,0.21005263402877267
-0.1504648226403234,0.2104220081587455
-0.1504648226403234,0.2104220081587455
-0.14880799113755017,0.21073962077033517
-0.14880799113755017,0.21073962077033517
-0.1472421180739697,0.2110293528351949
-0.14988737399725416,0.21179459687079558
-0.14988737399725416,0.21179459687079558
-0.14852947131803074,0.21201153835580522
-0.14852947131803074,0.21201153835580522
-0.15065725297561644,0.21313141634794497
-0.15065725297561644,0.21313141634794497
-0.14951584741348656,0.21327348986020267
-0.14848161694063672,0.21336509771920883
-0.1511748874866966,0.21481593255040698
-0.15024274211524985,0.21486157234562644
-0.14944252420442267,0.21486183540796183
-0.14944252420442267,0.21486183540796183
-0.15065945932565952,0.21668459265980522
-0.15006743599231298,0.21660302069529158
-0.15006743599231298,0.21660302069529158
-0.14957550189257887,0.2164944628596356
-0.1502620454510254,0.21877322096543392
-0.1502620454510254,0.21877322096543392
-0.14993435641291072,0.21865526943691524
-0.14993435641291072,0.21865526943691524
-0.1499511294734852,0.22129167340937028
-0.14979333480190835,0.22114863959179915
-0.14979333480190835,0.22114863959179915
-0.14864671447190303,0.22428346856569367
-0.14864671447190303,0.22428346856569367
-0.14852106371021798,0.22416381501434807
-0.14689900084674096,0.2275638289669284
-0.14689900084674096,0.2275638289669284
-0.1469681085968134,0.22741209084095187
-0.14712032406202682,0.2272948422160703
-0.14462540208474622,0.23115176445720442
-0.14490679905880208,0.23104492735242937
-0.14490679905880208,0.23104492735242937
-0.14157164364746602,0.23507986878683682
-0.14201707513217643,0.2349929877047025
-0.14201707513217643,0.2349929877047025
-0.13760288076541638,0.23928604727901728
-0.13826695145501672,0.2391781942136071
-0.13826695145501672,0.2391781942136071
-0.1390369588692101,0.239084285182214
-0.13390818398642151,0.2433539373848682
-0.13390818398642151,0.2433539373848682
-0.13485815035403503,0.24324688374066836
-0.13588344415993012,0.24314047700737987
-0.12963102153540187,0.24746343538229484
-0.13088173736641232,0.24739034571535026
-0.13088173736641232,0.24739034571535026
-0.12375053271535977,0.25144212348683054
-0.12516871615217592,0.2513670357994602
-0.1266705795699855,0.25128262276259744
-0.11829491720910218,0.25525982941927533
-0.11984247204066958,0.255636861703652
-0.11049783164827484,0.2596493067978904
-0.11049783164827484,0.2596493067978904
-0.11157667581166653,0.25992111512489413
-0.10126637607228814,0.2628654407799072
-0.10295708285569871,0.26307411310176293
-0.10456994613557996,0.26327452839619325
-0.10456994613557996,0.26327452839619325
-0.09287680241976623,0.26565710859126485
-0.09449100865604967,0.2659609869439907
-0.09610647210657267,0.26623032921959444
-0.08315814243115141,0.26785576757398455
-0.08315814243115141,0.26785576757398455
-0.0847923544123278,0.2682855903696014
-0.0713180173128242,0.26890155725088477
-0.07294576551069631,0.26948173528425595
-0.0745562072449483,0.27007345064183197
-0.059979075928222436,0.2696408019809745
-0.061614664222777615,0.2703392837520022
-0.061614664222777615,0.2703392837520022
-0.0468741192115317,0.2686715698914334
-0.04854520693858391,0.26948893534815055
-0.05026113192850029,0.27030929204559834
-0.03478506710491305,0.26733485828506126
-0.03653421633644194,0.26827418720390445
-0.021334713701360475,0.2641389063259554
-0.023121522592494448,0.26508376241704645
-0.024908376848323116,0.265912271341345
-0.009244299335139677,0.26026042476268674
-0.010887231927689367,0.26140617974332453
-0.010887231927689367,0.26140617974332453
0.004326313498805551,0.2543017419209943
0.00288276859701736,0.2554079625136167
0.01814342679511008,0.24655148351716175
0.016888896161286027,0.24758036694603372
0.01572678042065806,0.24854072660719284
0.030281973288547454,0.23849925798672134
0.030281973288547454,0.23849925798672134
0.029310680546795698,0.23949737638534926
0.043482152036164345,0.22784403313707535
0.04270165508486937,0.22874199544433638
0.04199996241244519,0.22954910806450066
0.055052536592114176,0.21683542803993355
0.05450319984834007,0.21753291038501488
0.05450319984834007,0.21753291038501488
0.06673928116193137,0.2033615130098146
0.06633815233133467,0.2039355701980594
0.06599010104231412,0.2044342724295576
0.07683287358174462,0.18956964038361843
0.07661707768650117,0.1899405300990119
0.07646804272309218,0.1902864886135382
0.08625272109324614,0.17428864282968384
0.08618186609312231,0.1744768285224838
0.08615077864583015,0.17456854708059028
0.09434942509398636,0.1582366718476999
0.09435663774915745,0.15824838287519205
0.10124998130456339,0.1413072165588768
0.101343345595577,0.14113524135165165
0.1014804783264692,0.14086010404195473
0.10687420124127164,0.12395505447513164
0.10687420124127164,0.12395505447513164
0.10707120372660386,0.12348022338660941
0.11119309361638299,0.10625873097108064
0.11143368096420045,0.10557423539816302
0.11169796245444438,0.1047778859967281
0.11445836625244465,0.08793031700594928
0.11474219042087794,0.08689522946308847
0.11507556530045279,0.0857448603447162
0.1163428556909171,0.07004656597596906
0.11662362440199356,0.06875006207462137
0.11704866088417759,0.06752700500842976
0.11816857987945575,0.052029591542533185
0.11937047067189038,0.05186296938553979
0.11992094776945539,0.038013273430925254
0.12145307484439427,0.038810263301531533
0.12377414328725142,0.04030011736612596
0.12495504616516079,0.029550113831694588
0.12652523523800888,0.03260926947210628
0.1266753817237022,0.02360268486532148
0.1276517380994426,0.02757436014980435
0.1282755468607807,0.031607997581084846
0.128180346039493,0.023998567825163877
0.12867935410450068,0.02777075586089771
0.12900264395070646,0.03141754838155296
0.1285939778233733,0.020681854397955016
0.12895788457462742,0.024194243083624327
0.12915923678032892,0.02757879884899496
0.12910478228284233,0.021251539292141693
0.12917018774879072,0.02437185433336085
0.12909887985913882,0.027358012047806628
0.1290463327069137,0.02147284709665108
0.1290463327069137,0.02147284709665108
0.1288425051311777,0.0241887964886622
0.12875571780511746,0.019179030328090846
0.12856261415169384,0.02187497794990459
0.12820537796303993,0.017878040740681375
0.127275584410168,0.020113783398797262
0.12606086883734385,0.02236913199551995
0.12399730365239184,0.020748397888638852
0.12248772101783165,0.022466481157512735
0.12162109271081784,0.01938906100822503
0.11995768489197045,0.020720961407518772
0.11904905508392305,0.018424284588489964
0.11723491883807272,0.019364094166621278
0.1163640325642051,0.01779354826847735
0.11442333877019456,0.018363315977133997
0.11242027344637456,0.018743182846695565
0.11149537289679357,0.01773534108097622
0.10936870361460777,0.01770819503386032
0.10859308108840729,0.01751307059200352
0.10648683727357802,0.017199731015044323
0.10374533042238127,0.017296648046402387
0.10199692170288524,0.016889075923325787
0.10080557655494213,0.01688892585774937
0.10177225120156658,0.019345247648042536
0.10105488750062563,0.019554904758103328
0.10188970773507183,0.02260167066287303
0.10090434655754399,0.022567877767135668
0.10090434655754399,0.022567877767135668
0.10221877029513798,0.027421994142801692
0.10132620965217776,0.0278500767303159
0.10040981868794313,0.028495481409363893
0.10040981868794313,0.028495481409363893
0.10216814182366482,0.035052698790046154
0.10131642331324076,0.03588782078119855
0.10131642331324076,0.03588782078119855
0.10350108911514408,0.04360145357340733
0.10271302241154215,0.04425582965391911
0.10183481375486508,0.04485335522479275
0.10183481375486508,0.04485335522479275
0.1045109713206874,0.053007294536792246
0.10369799524870757,0.05338115510004092
0.10369799524870757,0.05338115510004092
0.10696022160490917,0.062487506628369396
0.10622619370101691,0.0626293177428682
0.10537022266335513,0.06274119206517775
0.10537022266335513,0.06274119206517775
0.1092654871989871,0.07210943558146507
0.10847527012359914,0.0719844657723745
0.10753034470148795,0.07184459270710017
0.11213209903235472,0.08149780265544149
0.11098398953246386,0.08051624422309145
0.11565686564377686,0.08971511504082536
0.11436055558808181,0.08807500850074709
0.11436055558808181,0.08807500850074709
0.11950580775350528,0.09765148969514073
0.11817221311378359,0.0956436476932947
0.1165538054619902,0.09339924458342802
0.12199676484544467,0.10274891166842931
0.12020994098151358,0.10008293051504907
0.1251730422766949,0.10791131608892118
0.1234603629037963,0.10536867332175093
0.12171661791272831,0.10313026051539431
0.13039056164422647,0.11541863772585154
0.12845596779161195,0.11259765487819401
0.13377808461350804,0.11991136853503287
0.13377808461350804,0.11991136853503287
0.13154745891494574,0.11646483195738583
0.1395198376320105,0.12664194624561737
0.13776564623470844,0.12351718059215744
0.1462901681375737,0.13415144323814115
0.14446631472782245,0.1307978605700933
0.14247301082238736,0.12734582288509894
0.15146936322335677,0.1369996719660313
0.1491014167984001,0.13298597339424711
0.1463639480779251,0.12928521301870893
0.15532696242254132,0.13845064283161718
0.1523626275499207,0.1343874871137654
0.1523626275499207,0.1343874871137654
0.161107494690129,0.14319456899368688
0.161107494690129,0.14319456899368688
0.15842822999821438,0.13905547245827704
0.15554535035128728,0.13515403732557218
0.16504888250438732,0.1438964831204474
0.16504888250438732,0.1438964831204474
0.16228616921610112,0.13989163031137197
0.16228616921610112,0.13989163031137197
0.17156170479812197,0.14819898511166557
0.16893434352360617,0.14409405735224612
0.1661000037303672,0.14019643107259744
0.17844008908294434,0.15239311584412135
0.17591389504378313,0.14815955082628435
0.17591389504378313,0.14815955082628435
0.1731929633862449,0.1442094346287538
0.18264477111639627,0.1516431074329494
0.18264477111639627,0.1516431074329494
0.179984579726023,0.1475932551499058
0.17711473531346206,0.14375940634803913
0.1895566155653818,0.1549314371906516
0.1869811276081046,0.1508180900657296
0.1842212287979852,0.14694957583447904
0.1936811266161842,0.1534496399435618
0.19081171509834194,0.14944385891142892
0.19081171509834194,0.14944385891142892
0.1992985609033789,0.15577964806732408
0.195195753075004,0.15193633089118969
0.1911280402385095,0.14839390127556906
0.1911280402385095,0.14839390127556906
0.1991967303835635,0.15445453309648233
0.1991967303835635,0.15445453309648233
0.19573263031516347,0.15103533336378394
0.19227873262021913,0.14778022377045813
0.2039180237488328,0.15688374573370162
0.20078656682420867,0.15338342432144103
0.20078656682420867,0.15338342432144103
0.19765968086284305,0.15005720814106233
0.19765968086284305,0.15005720814106233
0.20578896981754444,0.15509355299410094
0.2029195625458072,0.15175826754818883
0.2029195625458072,0.15175826754818883
0.19997881018633293,0.14863322875158608
0.21101474373439918,0.1565341121695802
0.2082828500921461,0.15323310287190806
0.2082828500921461,0.15323310287190806
0.20546947541510674,0.15015057714020397
0.21318451974181385,0.15422118554771697
0.21318451974181385,0.15422118554771697
0.21045174954831095,0.15120333592370327
0.21045174954831095,0.15120333592370327
0.20763896917097419,0.14838818801339032
0.21797932749857818,0.15501478423264675
0.2153126702935686,0.1520724778581381
0.2123461812860914,0.1494287091461025
0.21874889399270114,0.15294007623304634
0.21559090607168113,0.1505270587084953
0.21241287108682458,0.14836320074673437
0.2185989024357404,0.15177305211720113
0.2185989024357404,0.15177305211720113
0.2149316848821714,0.1502190376046411
0.21970401241438686,0.15402906110182435
0.21582154508122262,0.15288851857448083
0.22050366650903228,0.15656935482513276
0.21696731944052008,0.1555457478502227
0.2135294691624805,0.154521497054807
0.21021920800954236,0.1535875570742616
0.21786718710965491,0.1577946867328024
0.21474872533600775,0.15687083722052614
0.21909089334225146,0.159909006821123
0.21595348170792047,0.15843324205802217
0.2129138509611388,0.1569468167884089
0.2129138509611388,0.1569468167884089
0.2166583048078562,0.15897685781305027
0.21395112887008244,0.15765179261925139
0.21127485691383738,0.15647002511648728
0.2174656734865528,0.1593519395186742
0.2174656734865528,0.1593519395186742
0.21494551852421523,0.15827026603198366
0.2126011266661408,0.1572664508660708
0.21602521561173257,0.1585210043425893
0.21401320191517179,0.1575139700582805
0.21215234697717125,0.15668650372779286
0.21556243226890404,0.15753204757828743
0.2138679369545589,0.1567086999533856
0.2138679369545589,0.1567086999533856
0.21682832329507498,0.15706888509262779
0.21525149634965843,0.15638779746828285
0.21525149634965843,0.15638779746828285
0.21788451530709027,0.15631980165004372
0.21647802009147982,0.15578677192670046
0.21647802009147982,0.15578677192670046
0.21516000417946105,0.15532284097749738
0.21746443911516217,0.15480576337683352
0.21746443911516217,0.15480576337683352
0.21637190781155036,0.1544211220418574
0.215387454521884,0.15408719677379065
0.21835069091395662,0.15332702701343595
0.21744715112185922,0.1530510953514109
0.21744715112185922,0.1530510953514109
0.21663418266009793,0.15285438398735368
0.21824478709239678,0.15137222841260603
0.21824478709239678,0.15137222841260603
0.21763575837523058,0.15129449612181983
0.21763575837523058,0.15129449612181983
0.21873979800981444,0.14919577696606606
0.2182753384147593,0.14918041645849495
0.2182753384147593,0.14918041645849495
0.21791611534997612,0.14919257723229834
0.21858036222312033,0.14661379969817007
0.21858036222312033,0.14661379969817007
0.2183960494800954,0.14667731724203048
0.21832739933503742,0.14335902704115766
0.2180808747541491,0.14336469355027776
0.21793297068619538,0.1433952595683382
0.21722725315613828,0.13979292552751643
0.21725358902698041,0.13987880568580885
0.21564995692567798,0.13542206427071093
0.2158557690464288,0.13555248024297673
0.2161531085178185,0.1357137618879634
0.21390419613983433,0.13100690628883177
0.21458109091684135,0.13131580415245186
0.21176236420577832,0.12665613327966074
0.21281378454789196,0.1272797404926494
0.21379029983460415,0.1275868252073885
0.2099372257123966,0.1222384200571684
0.21095812174604023,0.12258094611234205
0.21095812174604023,0.12258094611234205
0.20586601273565625,0.1168597307428606
0.20697815544167808,0.11718631435716614
0.20697815544167808,0.11718631435716614
0.20818023461536944,0.11752051053207352
0.20227801910839682,0.11182287568273985
0.20227801910839682,0.11182287568273985
0.20368158414667029,0.1121633341449938
0.20514037005384994,0.11254206487259094
0.19801368693908786,0.10669104648858119
0.19801368693908786,0.10669104648858119
0.19952093764237347,0.10672238695087372
0.1912711865515259,0.10091127561865731
0.19275641462826498,0.10107426745639331
0.18303262820529004,0.09545741470550184
0.18465560295045538,0.09560987581306263
0.18578633354364374,0.09572279041124054
0.17576213954950182,0.09091328711149116
0.17576213954950182,0.09091328711149116
0.17752616529874668,0.09106889671792834
0.1653219441328205,0.08651514645203656
0.1670739468181002,0.08659536227618408
0.1670739468181002,0.08659536227618408
0.16881835134477985,0.08667747938672954
0.1558968994288473,0.08294453676961144
0.1558968994288473,0.08294453676961144
0.15767406869365244,0.08294485245917543
0.14345565640289965,0.08011588989944896
0.14530560006891605,0.0800348036870252
0.1471868030200691,0.07995154140091304
0.1325648092133724,0.07815095730075433
0.1325648092133724,0.07815095730075433
0.1344944933995988,0.07796668309687327
0.1364366536949655,0.0777887312806767
0.12081106563185659,0.07706198781868862
0.12081106563185659,0.07706198781868862
0.1228325610392195,0.07676183523645358
0.10711525692573451,0.07701040125139874
0.10909208439772891,0.07644961485678725
0.09251642658718787,0.0782997876476888
0.0944253699123121,0.07761762549054557
0.09624612007102493,0.07689911102519098
0.07976564698822802,0.07994271926114865
0.08149512063323999,0.07915628594982987
0.08312045819374958,0.07838075214294077
0.0660594073865568,0.0830208940591377
0.0660594073865568,0.0830208940591377
0.06749116371473024,0.08237050653730554
0.050941542992210403,0.08842414837083279
0.050941542992210403,0.08842414837083279
0.05216048486940886,0.08771513821895133
0.05331828206648928,0.08703736591507166
0.03663161871750631,0.09477323003444338
0.03758129283606343,0.0941424868553199
0.03758129283606343,0.0941424868553199
0.021816770461103113,0.10315807364133012
0.02258117528131659,0.10261610909677021
0.007268784322704336,0.11321655581320622
0.00794879597288925,0.11265109819115543
0.008576224788464232,0.11209667677146995
-0.005411393689643468,0.12357895953284664
-0.004748244956302383,0.12294317388937204
-0.018060412148634797,0.1357429083901609
-0.017585147826104708,0.13521499623735994
-0.01719691207988902,0.13478935624317112
-0.029180216491212524,0.14828524884940691
-0.028879694835639597,0.14792288028066114
-0.02868891669763135,0.1476860948211191
-0.03980248436605313,0.1623516079664275
-0.039797823393882575,0.162325713450494
-0.039881477756934736,0.16240816623627963
-0.04934830980046584,0.17717863143579338
-0.04950967966786882,0.1773772528011281
-0.05792346322131084,0.19285109632859104
-0.05821730261250016,0.19327299200965425
-0.05858475227492946,0.19379956975249252
-0.06559447664823714,0.2092335859188229
-0.06606037448128077,0.20998941395607412
-0.06657791019197173,0.21085554534476303
-0.07250146846042005,0.2267100485510939
-0.0730051013415969,0.2275766437580986
-0.07719419393832141,0.24210612128028314
-0.07694988227289565,0.24156265284749806
-0.07694988227289565,0.24156265284749806
-0.07916211280525862,0.25286208719104086
-0.0788735387857056,0.25106403164513075
-0.08157978037231564,0.2618023283525086
-0.08173035756501199,0.25967003661236926
-0.08383931864499852,0.26897578018073554
-0.08358173906037056,0.26580618976449166
-0.08299636311439479,0.2623746783990604
-0.08443058991255356,0.2700964473163197
-0.08246551811764347,0.263144427391553
-0.08372746909452525,0.2704759373132057
-0.08254927685348207,0.2674640544464715
-0.08352947674387556,0.2739853135410565
-0.08236914993881303,0.2715899291481921
-0.08316579568053462,0.2774028858646054
-0.0816987064017555,0.27504926867453666
-0.08068509835244456,0.27844768743533305
-0.08068509835244456,0.27844768743533305
-0.07846729445060344,0.27478865086396226
-0.07976461015308284,0.2793601173620841
-0.0788652812259715,0.27743281525396674
-0.0788652812259715,0.27743281525396674
-0.07988936324496515,0.28077373603009653
-0.07898211349651021,0.27885663228151797
-0.07805127587098742,0.27694604276847273
-0.07898167064264369,0.2792461773257984
-0.07898167064264369,0.2792461773257984
-0.07800776366847334,0.2773449367891264
-0.07870107254566602,0.2785110626108939
-0.07770824819705852,0.2766294488616287
-0.07670528493288248,0.27475853045633775
-0.0772445066878499,0.27485827750476965
-0.0772445066878499,0.27485827750476965
-0.07621479107083395,0.27301374691276675
-0.07656713984493033,0.27203642443099463
-0.0755158219879779,0.2702292504822306
-0.07445563264845165,0.26843186264298224
-0.07471300005088494,0.2663371597660104
-0.07471300005088494,0.2663371597660104
-0.07364760732867406,0.26457955492230345
-0.0738106851963457,0.2614381781026127
-0.07275021776441234,0.2597213232305213
-0.07295673824588786,0.25534053069079704
-0.07185751775459875,0.2537309105587026
-0.07093330056856711,0.25195284614867347
-0.07104074771714036,0.2471010413013413
-0.07104074771714036,0.2471010413013413
-0.06997291042079506,0.24580284779320355
-0.06888679219784388,0.24452273346099374
-0.0703324850049778,0.23950008676128925
-0.06935486264860402,0.23838154869805983
-0.06832995785437934,0.23739113564043968
-0.06894659210057608,0.23056597717964356
-0.06894659210057608,0.23056597717964356
-0.06798739877552235,0.2298262054953143
-0.06697323576957931,0.22918201324229304
-0.0680082914462748,0.22142412213445334
-0.0680082914462748,0.22142412213445334
-0.06706122326209468,0.2209638102390448
-0.0683606268155883,0.21254388138672772
-0.0683606268155883,0.21254388138672772
-0.06749838435786526,0.21231063199602077
-0.06921010666758132,0.2028529255394142
-0.06845398197580249,0.20286280576451365
-0.06757197424181832,0.20293677430458115
-0.06757197424181832,0.20293677430458115
-0.06985770977532091,0.19310714331431525
-0.06907655367779603,0.1933992120232716
-0.0681394111264561,0.1937272044500809
-0.0711525266541489,0.18336119705789455
-0.07038537236156367,0.18403477035814886
-0.07335750817635117,0.17447460266670783
-0.07224328221134402,0.17650540299917408
-0.07224328221134402,0.17650540299917408
-0.07575253841321106,0.1663938871556992
-0.07476440583362298,0.1686804581946074
-0.07330226634711534,0.17137110177669188
-0.07740680409977291,0.16057632304911695
-0.07610733183494711,0.16352683132663687
-0.0808125745998321,0.15217137811269624
-0.07960316571244197,0.15534008694843301
-0.07826632299827557,0.15822235168081172
-0.08364052731484511,0.14675278524410287
-0.08258393783019483,0.14977217206504084
-0.08120598199163012,0.15280138353987793
-0.0874893064628891,0.14125577901108782
-0.0874893064628891,0.14125577901108782
-0.08627822996779608,0.14454820284459405
-0.09275224944823374,0.13319621550624228
-0.09190382223275367,0.13607230267918333
-0.09055411468917504,0.13945954614153697
-0.09786087151952463,0.12845054785269833
-0.09656255041958689,0.1318998857253192
-0.09656255041958689,0.1318998857253192
-0.10405649410934434,0.1214667567814332
-0.1020102826060337,0.12597402830815696
-0.09961838348255034,0.13012544178670932
-0.10721041868130096,0.11959130931977038
-0.10721041868130096,0.11959130931977038
-0.10511658229458981,0.1239136801618882
-0.11261080437178889,0.11379907561818361
-0.11058701857332563,0.11821648664715961
-0.11058701857332563,0.11821648664715961
-0.10833392792820382,0.12255871744447247
-0.11644918478899005,0.11266035209182165
-0.11644918478899005,0.11266035209182165
-0.11428329314798169,0.11718296444728349
-0.11428329314798169,0.11718296444728349
-0.12218744201274072,0.10775233643904095
-0.1201301198207724,0.11234974958631216
-0.1201301198207724,0.11234974958631216
-0.11785285792170155,0.11676667941859326
-0.12825461079975037,0.10287490452155135
-0.12825461079975037,0.10287490452155135
-0.1263189268694324,0.10755522491121608
-0.12414163946604453,0.11206030982321785
-0.1323092119847053,0.10347342214590219
-0.1323092119847053,0.10347342214590219
-0.13021342368914124,0.10808108532904648
-0.12792281174471826,0.11248675154397708
-0.13657431745092496,0.10421631059218572
-0.13657431745092496,0.10421631059218572
-0.1344145704539856,0.10864889741358874
-0.1427825468326492,0.1009929273694522
-0.1427825468326492,0.1009929273694522
-0.1405710489318661,0.10550036593367448
-0.13800560631375358,0.10977206592377117
-0.14656524147802952,0.1023068033879781
-0.14445748631424488,0.1062099040603281
-0.14445748631424488,0.1062099040603281
-0.15286668267116388,0.09927002276697919
-0.1509824195870091,0.10318712703369626
-0.1509824195870091,0.10318712703369626
-0.1488953156451257,0.10689061760224139
-0.15754213474903858,0.10045989498336344
-0.15754213474903858,0.10045989498336344
-0.15543420401899077,0.1041544199569186
-0.16347994327684295,0.09838124544235158
-0.16129040823995383,0.10202053073307388
-0.16129040823995383,0.10202053073307388
-0.15891712104467914,0.10543773365438874
-0.16693457625306357,0.10008937759131259
-0.16693457625306357,0.10008937759131259
-0.1645875800847549,0.10345700332771754
-0.17202115902577952,0.09874392897806725
-0.17202115902577952,0.09874392897806725
-0.1696442663632322,0.10205072404789778
-0.1696442663632322,0.10205072404789778
-0.1768218678853316,0.09760015059362326
-0.17445188900184525,0.10082226592904248
-0.17191083154947878,0.10390300883583353
-0.17808657961811303,0.0998697678550409
-0.17808657961811303,0.0998697678550409
-0.17519194031945498,0.10246807905544453
-0.1811658820477679,0.09853659294183967
-0.17811357560378188,0.10082391934418194
-0.17478440626047684,0.10271285255163393
-0.17935877407406625,0.09847275829869626
-0.1756063883085312,0.09978938058726342
-0.1720890518925121,0.10118394118452056
-0.17997400132555658,0.09574914871015472
-0.17705867442701886,0.09715641248972692
-0.17421796241335347,0.09851552307770645
-0.17871260597350647,0.09501132846133159
-0.17611054237103985,0.09645941771079306
-0.18045063070156425,0.09339281749767794
-0.17803121618020723,0.09484112243536946
-0.17564974954025697,0.09620435975821248
-0.17564974954025697,0.09620435975821248
-0.17732901641900617,0.09487595472310073
-0.17508472701933062,0.09600897193913913
-0.17508472701933062,0.09600897193913913
-0.17886076948738766,0.09375267579542815
-0.17670197012155026,0.0947752024546302
-0.18000395175581063,0.09295259552211813
-0.1781205876878352,0.09391164725965834
-0.18126865168555562,0.09267885242334914
-0.17952487926933636,0.09354939452748263
-0.17791348142100172,0.0944851047972661
-0.17791348142100172,0.0944851047972661
-0.17791348142100172,0.0944851047972661
-0.18082366960727028,0.09385634975886675
-0.17934315481637947,0.09467235226224605
-0.17789765220585635,0.09536897898578824
-0.18196133498927602,0.09449522872245684
-0.18060134710529827,0.09512671568585222
-0.17931783230465156,0.09568216061974694
-0.17931783230465156,0.09568216061974694
-0.1816370192184722,0.09596977201569937
-0.18055747176845988,0.09642954815012163
-0.18055747176845988,0.09642954815012163
-0.1795723415097853,0.09684419632411449
-0.1816949223842604,0.09768830315727091
-0.1816949223842604,0.09768830315727091
-0.18088757417598872,0.09795739867053505
-0.18088757417598872,0.09795739867053505
-0.18261886733890328,0.09928387296330464
-0.18202512608380472,0.0994052881251611
-0.18202512608380472,0.0994052881251611
-0.1814848950431845,0.09949270272237037
-0.18282769440175545,0.10144430099964062
-0.18282769440175545,0.10144430099964062
-0.18243838100715654,0.10146809869633268
-0.18215419728389193,0.10146071971332203
-0.18330840168619553,0.10398586647422307
-0.18311534526577394,0.10394952124392116
-0.18294210165021957,0.10390724161075954
-0.18321892333979956,0.10719213289210378
-0.18316768845157078,0.10713001178039896
-0.18316768845157078,0.10713001178039896
-0.18281620904594736,0.11093341815227435
-0.1828752999070681,0.11083025843133903
-0.18304177539735522,0.11072235091460499
-0.18177970954580344,0.11535837973397074
-0.18200614908119306,0.11522101810985096
-0.1822979388298827,0.11506209655662235
-0.18051868165442286,0.11998198974539416
-0.18051868165442286,0.11998198974539416
-0.1809700276985492,0.11977214493949367
-0.18149721926404974,0.11952952505861085
-0.1782376195995158,0.1252998785764728
-0.17885798246535908,0.12503301685387008
-0.17955890245405182,0.12473447679443672
-0.1761615792885738,0.13048660665490272
-0.1761615792885738,0.13048660665490272
-0.1771250969655029,0.13009723556022224
-0.1782080234765701,0.12969690510202092
-0.1738236852838274,0.13583941677956315
-0.1738236852838274,0.13583941677956315
-0.1751193829219198,0.1353862721235599
-0.16988708640027114,0.1415713301911598
-0.1713628320397567,0.1410633814190112
-0.1713628320397567,0.1410633814190112
-0.164881977095025,0.14749298177715528
-0.164881977095025,0.14749298177715528
-0.16805798211774267,0.1464665055800864
-0.160550360881335,0.15294193682431462
-0.16225468601103696,0.15286892978334243
-0.15306524196674343,0.1592758360454862
-0.1545022898381147,0.15895638274480212
-0.1545022898381147,0.15895638274480212
-0.15604112586159946,0.15866511290609014
-0.1458954584662785,0.1646842243617855
-0.1458954584662785,0.1646842243617855
-0.14909882019064058,0.1641230647031537
-0.1374569548272055,0.16979978036600943
-0.1374569548272055,0.16979978036600943
-0.13910700670873688,0.16957428987486856
-0.12660970027938306,0.17442804317785213
-0.12834069675417492,0.17427816552198822
-0.13010667626967917,0.1740983277600502
-0.11447104990916346,0.1783676688345628
-0.1163092938720045,0.17828040647409796
-0.11818112701040176,0.1781961367104877
-0.10379695047870338,0.18133377194161643
-0.10379695047870338,0.18133377194161643
-0.10570829299849611,0.1813951514879201
-0.09013088271146384,0.18345956139090308
-0.09013088271146384,0.18345956139090308
-0.09209744384736337,0.18363410276318143
-0.09406512413256533,0.18381526420308367
-0.07827865322973615,0.1849377718187572
-0.08023848993639533,0.1851968966205856
-0.06349338953847329,0.18480381887102945
-0.06529120796926198,0.18526914250270554
-0.06638699270457245,0.18553038441438546
-0.050317813357554364,0.18384547861564934
-0.052079911115995914,0.18432987165320328
-0.052079911115995914,0.18432987165320328
-0.03453280118432284,0.1810140519069566
-0.03453280118432284,0.1810140519069566
-0.03760035157708261,0.18212602697497687
-0.020490879042982496,0.1774192306865706
-0.020490879042982496,0.1774192306865706
-0.02183853882940545,0.1780739405271827
-0.005797199847632106,0.17233100151763647
-0.0068401487873658295,0.1728677178170144
0.009618372062920794,0.16528335836255298
0.008723212886629333,0.16581972031844555
0.00790524085310379,0.1662800094516475
0.02487092162847429,0.15660053947531294
0.02393012516349144,0.15702275357692055
0.023125330252372622,0.15754739116450125
0.03732348291295637,0.14784627061539468
0.036731147584903034,0.1483349416544684
0.05108069199462248,0.13685082993168282
0.05108069199462248,0.13685082993168282
0.06369379710862882,0.12511165259778928
0.06369379710862882,0.12511165259778928
0.06382490093045678,0.1250218745245007
0.07554134305025945,0.11207893932893101
0.07529932108565979,0.1123557293552796
0.07516223223446872,0.11251899587584005
0.08600846654978803,0.09862920921202756
0.08609315365843317,0.09856940634769529
0.08627107037331133,0.09839309728434745
0.09609424893508428,0.08367894405652729
0.09642470615641927,0.08327168162670437
0.09642470615641927,0.08327168162670437
0.10478398501689429,0.06859440319337443
0.10525237117937689,0.06797017414431569
0.11254423764501156,0.05293117928944832
0.11254423764501156,0.05293117928944832
0.11313123330257688,0.052063855827071126
0.11341071758253232,0.05168387178415382
0.11908030622000787,0.037610642306919906
0.11953227256355756,0.03719597657321644
0.12016474781739617,0.03669874998178521
0.12060160332340777,0.036447591103117294
0.12465732854602557,0.023426728185064194
0.12760397195164586,0.012300368227720848
0.1271166237345165,0.013669487023427268
0.12974150318535713,0.003017873297041479
0.12916919194056573,0.005014623186474165
0.13126595401786145,-0.0037417265658704624
0.13126595401786145,-0.0037417265658704624
0.13058620154475306,-0.0009251825310504502
0.13247258370932513,-0.008422785112150555
0.13170597411072932,-0.005658993735458584
0.13080445463771878,-0.003070695898167941
0.13251288370282854,-0.009821042198829566
0.13153919204017134,-0.00752705391918293
0.1304571393430285,-0.005400289449196322
0.13309643808374927,-0.013721649557728643
0.13204413084673183,-0.011723961565784091
0.13088792501811813,-0.00989782862542285
0.13218446475645468,-0.015395252901277856
0.13128153712993468,-0.013490397179524272
0.13302565971487054,-0.01771865459472266
0.13234652493993923,-0.015783797492685242
0.13234652493993923,-0.015783797492685242
0.13163263722277607,-0.013929419670668186
0.13088364566992564,-0.012248302233905273
0.13156364338995652,-0.014416458579232017
0.13266202303795688,-0.017341893696363936
0.13266202303795688,-0.017341893696363936
0.13163140026331532,-0.01644821605288055
0.13251196603611837,-0.01849369210364199
0.13143992570782348,-0.017663402424738822
0.1320840724467328,-0.018589475114901083
0.13096381012556912,-0.017752227298860945
0.12971252173316972,-0.016974804183983783
0.1300386237130208,-0.016881312122726116
0.12889517586813667,-0.016107509606742093
0.1276759368313749,-0.015408349949089795
0.1276161122528925,-0.014249236600776621
0.1276161122528925,-0.014249236600776621
0.12633743699341213,-0.013638014501205442
0.1261621284268921,-0.011475369869959923
0.12494805782065671,-0.010910660305652103
0.12372866582698358,-0.01022481825187993
0.12336393431504539,-0.006501462748151415
0.12180358272053804,-0.005876741419342746
0.12142077615192057,-0.001111628076469362
0.12142077615192057,-0.001111628076469362
0.12028031927497365,-0.0002225881452795203
0.11986389984916271,0.005767646606169491
0.11879079461781425,0.006600612671209288
0.11879079461781425,0.006600612671209288
0.11766425028271621,0.007383329749711592
0.11766425028271621,0.007383329749711592
0.1173752026114823,0.014180134002086509
0.11527938710097282,0.015360913581199148
0.11622757186826069,0.0227524521558653
0.11530463653212442,0.02324653068770767
0.11530463653212442,0.02324653068770767
0.11454330245418712,0.03221897821620863
0.11368057096223635,0.03241533392265679
0.11270087096019257,0.03256468070447672
0.11344092465838548,0.04212071507133415
0.11344092465838548,0.04212071507133415
0.11263738031110451,0.042039896735459624
0.11375254054420791,0.05219187724448626
0.11307988574946154,0.05192790999057202
0.11469040925049129,0.06312678987901264
0.11406239335018065,0.06256897884489518
0.11406239335018065,0.06256897884489518
0.11530707258957648,0.07235292727797146
0.11530707258957648,0.07235292727797146
0.11656428036116423,0.0803357907285775
0.11656428036116423,0.0803357907285775
0.11580792043113017,0.07793266910081764
0.11498129623984549,0.07570173909609884
0.11566297381109214,0.0804588003091947
0.11932057531600596,0.09138283054374624
0.11932057531600596,0.09138283054374624
0.11815944232891548,0.08813817023299783
0.12141570484091013,0.09626261253951343
0.12141570484091013,0.09626261253951343
0.12595523954875038,0.10827211036794535
0.12595523954875038,0.10827211036794535
0.12505596831371063,0.10460714811313951
0.12912594702988725,0.11329498543413252
0.12814231655968691,0.10960224480691783
0.12814231655968691,0.10960224480691783
0.13384151441116884,0.12190042952918467
0.1331403734415829,0.11815934229809522
0.13223482083592547,0.11452713386023344
0.13840244529549936,0.12603567375562968
0.13840244529549936,0.12603567375562968
0.13694543592221783,0.12119516249367746
0.14309271524734454,0.132026567531573
0.14159597966664844,0.12722851948896474
0.1398476592420483,0.12229479666533799
0.14604150532602472,0.13283474023109093
0.14604150532602472,0.13283474023109093
0.14440492120786302,0.12799831702320463
0.14440492120786302,0.12799831702320463
0.14440492120786302,0.12799831702320463
0.14945641169592128,0.13379900529144817
0.14945641169592128,0.13379900529144817
0.14774506096182904,0.12893976643844218
0.15454702175129292,0.1390194219496888
0.15454702175129292,0.1390194219496888
0.15296529021402122,0.13409927242483977
0.15114363741888148,0.12933910401705073
0.15998187279809784,0.14426201256926346
0.1585397790475557,0.13928814031123582
0.1585397790475557,0.13928814031123582
0.15686169349651335,0.1344657251400247
0.16407576425778153,0.14379928623573712
0.16407576425778153,0.14379928623573712
0.1625191504278431,0.1389360448481019
0.1625191504278431,0.1389360448481019
0.16989607054213102,0.14820319247472513
0.16846387416548791,0.14330355329737982
0.16846387416548791,0.14330355329737982
0.1667718257492489,0.13856671343688232
0.1742557060373594,0.14697727699404484
0.17240699873794252,0.1421500206282753
0.17240699873794252,0.1421500206282753
0.17936379863471058,0.1498918117699381
0.17683534190999958,0.14458125104270697
0.17390659858105473,0.13954246922839414
0.1801054617612917,0.1463726968106986
0.1771951279279746,0.14143988159264625
0.1771951279279746,0.14143988159264625
0.1745361685306489,0.13697216978762794
0.18199694479059234,0.14390172141749813
0.18199694479059234,0.14390172141749813
0.1798671201287981,0.13967810969778766
0.1798671201287981,0.13967810969778766
0.18685720168316267,0.1460259463235839
0.18685720168316267,0.1460259463235839
0.18479866645051862,0.14186986443763627
0.1825958239316233,0.1379245428711306
0.19170914088463545,0.14798242347156604
0.189722462690689,0.14390707355733484
0.189722462690689,0.14390707355733484
0.1876015806680485,0.14003785122422646
0.19425083122749148,0.1454104246926956
0.19425083122749148,0.1454104246926956
0.1922044888320174,0.14166866498490582
0.19005488373470408,0.13812676588163864
0.19874841112527836,0.14680182665385805
0.19678549189963102,0.14320046073170462
0.19459010458986323,0.13984546370617668
0.19459010458986323,0.13984546370617668
0.20032012662607027,0.14448926099235376
0.20032012662607027,0.14448926099235376
0.1955597610482618,0.13866093105815092
0.20124671870008184,0.14316790898863482
0.20124671870008184,0.14316790898863482
0.19854549791238268,0.1407463918992859
0.2035183313253388,0.14503010507331435
0.2008759115879529,0.14271863783666727
0.2008759115879529,0.14271863783666727
0.19819921534841872,0.14063227366331643
0.20552551426740068,0.14679949694971572
0.2028899284432619,0.14474914726503502
0.2002435905127438,0.14283200661077824
0.2002435905127438,0.14283200661077824
0.20444508640415138,0.14645493183246225
0.20444508640415138,0.14645493183246225
0.2019519289882881,0.14460223535080194
0.19947808230422787,0.14285156160538953
0.19947808230422787,0.14285156160538953
0.20362902215817738,0.146073470799044
0.20362902215817738,0.146073470799044
0.20130187592520665,0.14441385881513794
0.20130187592520665,0.14441385881513794
0.20505226798846565,0.1471006208462264
0.2028827004252638,0.1455182577213066
0.2028827004252638,0.1455182577213066
0.2007743408895386,0.14401297561720627
0.20647541950843945,0.14777187683045295
0.20446667719404346,0.14627118217548712
0.20251886764542182,0.14485561244192657
0.20251886764542182,0.14485561244192657
0.20583586907050203,0.14659657032653345
0.20402298734250512,0.14530117675051318
0.2023944423639775,0.14416351091690954
0.20073063558794138,0.1430334792490357
0.20639574908288963,0.14580428861945072
0.20639574908288963,0.14580428861945072
0.20477491648577514,0.1448537305143373
0.2061866210555166,0.14475958245398493
0.20484458665994404,0.14396664779451643
0.20484458665994404,0.14396664779451643
0.20748085907893116,0.14422020329432916
0.20748085907893116,0.14422020329432916
0.20622033101529555,0.1436052044780145
0.20504889078656519,0.1430564068949856
0.20850949715001477,0.14331028254121148
0.20743850848017678,0.14279580194846642
0.20743850848017678,0.14279580194846642
0.20647360472605117,0.1423369594770823
0.20850187066175074,0.14151123522441814
0.20850187066175074,0.14151123522441814
0.20770292595413256,0.14119229918247636
0.20770292595413256,0.14119229918247636
0.2094191008343849,0.1397619588283095
0.2088223323814342,0.13960689448914088
0.20829002804407362,0.1395113586799539
0.20829002804407362,0.1395113586799539
0.2096018998881011,0.13757357486482388
0.20919633805849944,0.13753435350872845
0.20919633805849944,0.13753435350872845
0.20919633805849944,0.13753435350872845
0.20889128900614373,0.1375229507264504
0.20984868862945033,0.13485190307512585
0.20966987834346926,0.13482765146586626
0.20992508256986742,0.13148665895698375
0.2097606508573923,0.13149529373459248
0.20939777973056137,0.1276472766674992
0.20939777973056137,0.1276472766674992
0.20851638769930972,0.12313213804994458
0.20851638769930972,0.12313213804994458
0.20872642861437862,0.12328180122994675
0.20899650369152667,0.123493029575976
0.20756209160916517,0.11868047131018228
0.20813424221711782,0.11900905905253134
0.20564659673007749,0.11329501290555738
0.20564659673007749,0.11329501290555738
0.2063622240209759,0.11365741709876837
0.2071609315813205,0.11404063914225349
0.20373407439125504,0.10778653331366914
0.20373407439125504,0.10778653331366914
0.20466586807224804,0.10820592372946403
0.2003788518268994,0.10181603744906664
0.2003788518268994,0.10181603744906664
0.20150565733897569,0.10227854811745696
0.20278290227220877,0.10280434992844173
0.1960956149741314,0.09553805758798495
0.19750052476010282,0.09607738113798048
0.1990102261768372,0.09666677858656703
0.1927838347935326,0.09001166790325421
0.19426080022416192,0.09069213372418383
0.19567462213630565,0.09127446725668442
0.18777973157881303,0.08431468451305402
0.18905068580180734,0.08473534863578219
0.1803891210619344,0.07823655969955684
0.18197090176396577,0.07882778055287964
0.17143953844401252,0.07246709967172293
0.17291004664367085,0.07288679184605029
0.17383447967633786,0.07307624967068582
0.17383447967633786,0.07307624967068582
0.16398815214288193,0.06755297652485481
0.16398815214288193,0.06755297652485481
0.15180667097862494,0.06224976502732321
0.1531709602218631,0.06242439541781897
0.1531709602218631,0.06242439541781897
0.1396749513656241,0.058055610555793724
0.14161594946548753,0.05823512158924071
0.1432819626531901,0.05841237962495843
0.14489573963554317,0.05856695734962447
0.1298510076547864,0.05501666707414754
0.13168636362913208,0.0549727310032615
0.13388786514793352,0.05498386809091749
0.11987910323203424,0.052763323797140216
0.12239951290060394,0.052540016658158106
0.11096182950168804,0.05080950405604673
0.09416983077710028,0.05061018647559845
0.07493187274901764,0.052627194880331685
0.07669368071610866,0.05205808489017194
0.0783625774630172,0.05157773620585088
0.06113328701527715,0.05458136008783543
0.06257889636658964,0.05406173911210993
0.06392594759888848,0.05356034114650471
0.04497561641061726,0.058698856642089625
0.04620249776294444,0.05814766870302218
0.04733926793445675,0.057698869568070243
0.030257246058488507,0.06379625314643023
0.03118895313621109,0.06331217226217983
0.03201809804329139,0.06287067310979383
0.03201809804329139,0.06287067310979383
0.014876262155233577,0.0706176513343868
0.015479827704651866,0.07023960685500441
-0.0006293634837244988,0.07925383678836284
-0.0006293634837244988,0.07925383678836284
-0.00017386921992906812,0.07893945175800088
-0.00017386921992906812,0.07893945175800088
-0.015467610112437524,0.08919579573830988
-0.015226766815571224,0.08900422460515145
-0.02958246471789927,0.10052410165138653
-0.029908084775296162,0.10074810792646005
-0.042518586672145975,0.11262306500254227
-0.042518586672145975,0.11262306500254227
-0.04290514219234923,0.11295837157899036
-0.0427753930487873,0.11281047388565013
-0.05510121155597428,0.1264156094312751
-0.05520257852788124,0.1264958454002964
-0.05520257852788124,0.1264958454002964
-0.06664611354675945,0.1412304985022838
-0.06703088092795592,0.14163537482840094
-0.07669166159974483,0.15627737075062664
-0.07669166159974483,0.15627737075062664
-0.07722070375024226,0.15689902597467997
-0.07722070375024226,0.15689902597467997
-0.07783175594656691,0.15762649267802475
-0.08639391926225284,0.17289986126318818
-0.08712628309576292,0.17386696561784054
-0.0946492549135026,0.18950544010878861
-0.0945561449196548,0.18936734306947173
-0.09923725101670272,0.20212179002295405
-0.09805879795715353,0.1998687307786184
-0.09805879795715353,0.1998687307786184
-0.0998962593287269,0.2066970269666944
-0.09875257303561577,0.20340100140510142
-0.09875257303561577,0.20340100140510142
-0.10170412099427412,0.21173749721682483
-0.10065661332554104,0.20735549037773238
-0.09954285400676915,0.20280849865001827
-0.10251187791950808,0.2100610429934498
-0.1051175350706754,0.21676220407795715
-0.104115631727272,0.21262510229752685
-0.10300592830913907,0.2086444084690921
-0.1053473148355128,0.214596151786085
-0.10420187147652205,0.21090847629255954
-0.10296370056960383,0.207396735246748
-0.10631022675196969,0.2163473166933263
-0.1051225193518783,0.21295664547324056
-0.10383607792898614,0.2097530788946843
-0.10383607792898614,0.2097530788946843
-0.10560830955044093,0.21452765505513072
-0.10426633621378945,0.2116398624836625
-0.10426633621378945,0.2116398624836625
-0.10287682340928331,0.20891488775821648
-0.10462904912631321,0.21296682217379026
-0.10253780400753379,0.20750533207392385
-0.10254057985715256,0.2078004568632964
-0.10499787354424792,0.2126971702120658
-0.10374238807515787,0.20996753848748162
-0.10242097523222904,0.2073338690558305
-0.10324438468016947,0.2084864801927644
-0.10196916512557647,0.20586418158501324
-0.10070098064291427,0.20326200576678166
-0.10261100774172122,0.20598258144499582
-0.10132441235511758,0.20341165512506837
-0.10003684626812803,0.20084288494785008
-0.10037137252633363,0.1999326286596385
-0.10037137252633363,0.1999326286596385
-0.09907636765780511,0.19740497983970756
-0.09921999043722451,0.19539360648956927
-0.09921999043722451,0.19539360648956927
-0.09793504178520965,0.1929012817679167
-0.09665343226015496,0.19042642887652778
-0.09663201670835928,0.1873855664253598
-0.09538667623638125,0.18493739477559656
-0.09530281039582017,0.1807085591327628
-0.09530281039582017,0.1807085591327628
-0.09279694189517987,0.17623806881858045
-0.09279694189517987,0.17623806881858045
-0.09173092285532203,0.17034507214027178
-0.09060891773189883,0.16889831874847688
-0.09074015572965682,0.16358349234714942
-0.08975889242392285,0.16233298664858647
-0.08984350051176165,0.1563915092754176
-0.08892199372035597,0.15532407735953258
-0.08783333003872809,0.15457752607536276
-0.08822151381819818,0.1475632138222699
-0.08822151381819818,0.1475632138222699
-0.08720111703412292,0.14695883529519965
-0.08784086938654773,0.1389651644222259
-0.08691269599033813,0.1385623682017487
-0.08591248277648939,0.13823990023694885
-0.08786958478803764,0.12955348988968876
-0.08705348720078504,0.12938403277426117
-0.08613462391295679,0.12928003010454392
-0.08613462391295679,0.12928003010454392
-0.08756523259541332,0.11986220661003377
-0.08675459618725118,0.11998841449316208
-0.08601228942537503,0.11987319222680212
-0.08800428747056549,0.11012494779295495
-0.08800428747056549,0.11012494779295495
-0.08716127049753497,0.11055136714979821
-0.08716127049753497,0.11055136714979821
-0.08950660312820291,0.10008773250999052
-0.0886124156310526,0.10140094672920258
-0.08745791498578848,0.1034146109903008
-0.08613867581977214,0.10537052419571552
-0.08951233362667843,0.09507165460418471
-0.08805804197787831,0.09757029422639701
-0.08663669369351612,0.09961527961491143
-0.09076907980494361,0.0889446493649022
-0.09350275661414076,0.0807844274102604
-0.09808253923323318,0.06962241479187856
-0.09703127357898284,0.07257342679712092
-0.09582723259254192,0.07506202625257548
-0.10114482763340449,0.06347153822803839
-0.10114482763340449,0.06347153822803839
-0.10001094835990781,0.06679250725873122
-0.10569734631991315,0.055195949046359646
-0.1047569967855563,0.05872724229721871
-0.11089899493674671,0.04702068447736542
-0.10992002130370598,0.05058185778529006
-0.10860828211655435,0.054171973191950634
-0.11544276475181728,0.042732186933621324
-0.11430279509121621,0.046396589374481684
-0.11280912471720908,0.05019341813173331
-0.11280912471720908,0.05019341813173331
-0.120081380503851,0.039053012917717955
-0.11871189632042092,0.04266569303336762
-0.11871189632042092,0.04266569303336762
-0.12549676113367583,0.03252728699100091
-0.12150246282836061,0.04131517761443196
-0.13107815699466435,0.026130925542571903
-0.12930291970141328,0.031010059520739153
-0.12728541846594998,0.035720967396880215
-0.12728541846594998,0.035720967396880215
-0.1349128277929405,0.02591109888984658
-0.1349128277929405,0.02591109888984658
-0.1330143459683018,0.030688299784485396
-0.13086510911318677,0.03530581976241948
-0.14086891079992225,0.020828887499442228
-0.1391046888045786,0.025657074077242825
-0.1370846196880413,0.030287340914087107
-0.1370846196880413,0.030287340914087107
-0.1450727624528343,0.021185620459234222
-0.14313136989436132,0.025844050347964387
-0.14313136989436132,0.025844050347964387
-0.1512460611734366,0.01684071552498978
-0.14937903541939498,0.02162392065003782
-0.14937903541939498,0.02162392065003782
-0.14727935189391517,0.02621709509417619
-0.15541030551478438,0.018063185048016683
-0.15541030551478438,0.018063185048016683
-0.15342255067382904,0.022640800323123766
-0.15123425896669795,0.027030358612785743
-0.15933314065552362,0.019303583934747515
-0.15933314065552362,0.019303583934747515
-0.1567539276284925,0.023842592072601032
-0.16452822018409152,0.01668116917929252
-0.16247831187508688,0.020793395259524616
-0.16247831187508688,0.020793395259524616
-0.15993303749245233,0.0250711147549334
-0.1699155278530465,0.014088015441393709
-0.16756545511150694,0.018429270482998472
-0.16756545511150694,0.018429270482998472
-0.16505711811388146,0.02250475958306475
-0.17259768659416128,0.016008686627880242
-0.17259768659416128,0.016008686627880242
-0.1702084621986633,0.020057482114403447
-0.1702084621986633,0.020057482114403447
-0.1676993196966253,0.02391315264292143
-0.17538978371396902,0.017856326508073728
-0.17538978371396902,0.017856326508073728
-0.17300386758951108,0.021656360824479248
-0.17300386758951108,0.021656360824479248
-0.18018885365366186,0.01618404243980892
-0.17789557107138113,0.019836837996837775
-0.17789557107138113,0.019836837996837775
-0.18494350341264115,0.014579390171761492
-0.182725574867941,0.018124920487337215
-0.182725574867941,0.018124920487337215
-0.18040421231903891,0.021481624598908233
-0.1871200963065136,0.016928299912299827
-0.18471345952282783,0.020183007878184056
-0.18234811704121595,0.02313629493754049
-0.19119769128604128,0.015804986455380643
-0.19119769128604128,0.015804986455380643
-0.18888039074456991,0.018830936506479434
-0.1920443903819718,0.01759914569937507
-0.18950700043336088,0.019625359583600566
-0.18698247986736846,0.021557310776966293
-0.19500886729415487,0.01538115696874462
-0.19257767358244768,0.017294742982904038
-0.18998833557612904,0.01889339917490973
-0.19480625407890995,0.014847392274045884
-0.19480625407890995,0.014847392274045884
-0.19226432489580822,0.01639627676489744
-0.18964199028716772,0.01797171953629012
-0.19673030515194767,0.012834520716682618
-0.1941306119389712,0.01460488368789023
-0.1941306119389712,0.01460488368789023
-0.19156067732723409,0.01629876225510571
-0.19559422518652964,0.013461521169422508
-0.19559422518652964,0.013461521169422508
-0.1931885539751412,0.015061487550470987
-0.1931885539751412,0.015061487550470987
-0.1908413608203703,0.016569718815121093
-0.19706510595649293,0.012606516751328123
-0.19482948972732766,0.014119652743343342
-0.19482948972732766,0.014119652743343342
-0.1926481272449485,0.01554844621846016
-0.19623490786919998,0.013625152771052584
-0.19421632862349736,0.014966261490663352
-0.19421632862349736,0.014966261490663352
-0.19759871992635994,0.013469395809335954
-0.19759871992635994,0.013469395809335954
-0.19360024370213447,0.015634325538537802
-0.19672418419146515,0.014477912621094102
-0.19672418419146515,0.014477912621094102
-0.19504498444369478,0.015369475428401946
-0.19351216394499787,0.016247305728350675
-0.19795139509200302,0.014804016631522615
-0.19648881972569998,0.015640560065394854
-0.19504950501973234,0.016349621417937832
-0.19504950501973234,0.016349621417937832
-0.19758731506130883,0.016198663075016717
-0.19631468287110504,0.016770938124624157
-0.19631468287110504,0.016770938124624157
-0.19513248438226768,0.017272802457052622
-0.19858369992877722,0.01718208716412134
-0.19858369992877722,0.01718208716412134
-0.19750754703592194,0.017650375343023356
-0.1965231819522249,0.018072429087753028
-0.1965231819522249,0.018072429087753028
-0.19770748969633195,0.019279432098353144
-0.19770748969633195,0.019279432098353144
-0.19702486219987553,0.019471264355538254
-0.19876622996843554,0.02091408390977173
-0.19876622996843554,0.02091408390977173
-0.1982263343620385,0.021000837265007427
-0.19944454694403568,0.0230145211882338
-0.19944454694403568,0.0230145211882338
-0.19905008511682332,0.023042348984315064
-0.19876452757477056,0.02303645360746187
-0.19980239172756986,0.025774461737054194
-0.19980239172756986,0.025774461737054194
-0.1996070074214764,0.025739338422533148
-0.19967340076169615,0.028946241646398863
-0.19964489670367214,0.028808429256743956
-0.19967548811284297,0.02869809013002045
-0.19920018589401958,0.03269223833346749
-0.19927934842432643,0.03261118704886762
-0.19941445838893063,0.03250902713517689
-0.19825567216830922,0.03708536133914492
-0.19825567216830922,0.03708536133914492
-0.1985470657662414,0.03692822647190544
-0.19892783533232694,0.03672066966705523
-0.1965424874656627,0.04212151000022488
-0.19701872634825943,0.04189181804697445
-0.19757268084805815,0.0416172008159236
-0.19486863413085065,0.047106233316744406
-0.19486863413085065,0.047106233316744406
-0.19561315234464471,0.04676940347779496
-0.19561315234464471,0.04676940347779496
-0.19646017814743733,0.046402486926985925
-0.19288476530734577,0.05236266659422045
-0.19395261751293844,0.05192419981478358
-0.1895281171293064,0.058013439370551034
-0.1895281171293064,0.058013439370551034
-0.1907874189657328,0.057535502403603
-0.19213575173607572,0.05700588547563151
-0.18663900157244295,0.06343364546601057
-0.18663900157244295,0.06343364546601057
-0.18663900157244295,0.06343364546601057
-0.1881885333203983,0.0628759072730696
-0.18174116183090994,0.06923059572995888
-0.18481291894858906,0.0684624761502671
-0.17665926133419216,0.07517563256798229
-0.17665926133419216,0.07517563256798229
-0.17799285258293482,0.07483933206904608
-0.16870256121864974,0.08121428876815126
-0.17003801319597842,0.08095994547908045
-0.17003801319597842,0.08095994547908045
-0.15914261232591848,0.08709600697689304
-0.15914261232591848,0.08709600697689304
-0.161936951684877,0.08676692320271318
-0.161936951684877,0.08676692320271318
-0.15015189462470743,0.09236787962358517
-0.151618076476121,0.09235213855724986
-0.1531284810695465,0.09232316113856201
-0.13838142255359792,0.09731035848221223
-0.13996136872964257,0.09737449194820125
-0.13996136872964257,0.09737449194820125
-0.1415898947942988,0.09741167447515892
-0.12776692134858486,0.10145076316196752
-0.1295060891076285,0.10157631293031114
-0.13128724122760824,0.10171710252497826
-0.11630409745891422,0.10487031891506379
-0.11630409745891422,0.10487031891506379
-0.11817662356628843,0.1051330215871899
-0.10281943240634871,0.10704192596631776
-0.10475052523921041,0.10741902135847556
-0.10664880821522266,0.10771145318803804
-0.09023480114076271,0.10821117365384347
-0.09023480114076271,0.10821117365384347
-0.07572723389327399,0.1080826534006149
-0.07745741571594149,0.10859818114600217
-0.07745741571594149,0.10859818114600217
-0.060222934577284226,0.10637933755887305
-0.06181129140723629,0.10688454121051233
-0.06331682468591826,0.10736095185343064
-0.04621961454788484,0.10374245398016652
-0.04621961454788484,0.10374245398016652
-0.047601751650108354,0.10420595018071249
-0.047601751650108354,0.10420595018071249
-0.04889879924553933,0.1047285685013663
-0.03140696448458721,0.09952119589686467
-0.03251050951412887,0.10006347202773608
-0.015678695780897284,0.09342324941954083
-0.015678695780897284,0.09342324941954083
-0.017392684067199016,0.09437806622836786
-0.017392684067199016,0.09437806622836786
-0.0012285851249209112,0.08644835024187514
-0.0012285851249209112,0.08644835024187514
0.014502185920932109,0.0768875591917329
0.014031810678172885,0.07723643949479828
0.013639775145775107,0.07754377966113915
0.028860873424228523,0.06651590864699627
0.028576157944216474,0.06677475193619986
0.028576157944216474,0.06677475193619986
0.042414173760637164,0.05484581814312378
0.04226505522074364,0.055002055254899096
0.05519235855781304,0.04192470647819996
0.055242902234483166,0.04189728934060258
0.06677767540517907,0.028210581038284638
0.06677767540517907,0.028210581038284638
0.06696759807833255,0.028022935413276273
0.06723559094175793,0.027747139732767157
0.0777842239005789,0.01307940173987937
0.07817804162643036,0.01262585143815495
0.07863926301019228,0.01208423084841323
0.0877326030935974,-0.002809376117332063
0.08830379448797995,-0.003553800577737354
0.08894575486626499,-0.004392589639844319
0.08966717037247299,-0.005337778299115359
0.09768552081619666,-0.021015566865765556
0.09768552081619666,-0.021015566865765556
0.09829209360811286,-0.021883153631842844
0.1042670148529834,-0.036331315358967886
0.10367815340067674,-0.03579768594757299
0.10282958455352398,-0.034389439946705846
0.1020299094062195,-0.032395685417214604
0.10638446451397018,-0.044054627402548036
0.1054064527503494,-0.04126030543106543
0.10435346459212083,-0.038308531848159855
0.10784634018052,-0.047425997338033016
0.10653664856128289,-0.04346856394570564
0.10514773818002757,-0.039694084610087
0.10367073576968433,-0.036102064146296214
0.10706933403203295,-0.0444253812119455
0.1056380484866391,-0.04108903574808323
0.1056380484866391,-0.04108903574808323
0.10884914694422893,-0.04925716114862308
0.10744920212773026,-0.04618329440886901
0.10611259089641834,-0.04352115770698517
0.11285037019652122,-0.060958233108526716
0.11481579141798251,-0.0669047681267694
0.11481579141798251,-0.0669047681267694
0.11652707393347694,-0.07225064115662189
0.11526453321387423,-0.0697814891014048
0.11391321688665268,-0.06749868706393086
0.11262640490540024,-0.06511654016153942
0.11435891939099113,-0.06974018613961352
0.11324511962601769,-0.06740679587353668
0.11216111034459783,-0.06508073053754757
0.11365744194617916,-0.06859725495259403
0.11244839912188259,-0.066249666866005
0.11120262006945969,-0.06395775364518233
0.10992191323644365,-0.06168802948688984
0.11123732094820887,-0.06427901238794767
0.109966721121707,-0.06201652585315667
0.1087109446478832,-0.05979022546278867
0.10956184750893991,-0.061372118837503264
0.10833970164050971,-0.059200400580935314
0.10711604537423927,-0.05704041450596867
0.1059131617349785,-0.054889520810732895
0.10766655351843962,-0.05763647156698798
0.10643397026044588,-0.055514364591989024
0.10522206986176524,-0.05339864563276148
0.10554455607886448,-0.05302132458895295
0.10431087366375116,-0.05094120642563074
0.10431087366375116,-0.05094120642563074
0.10307684745586287,-0.048867849568025756
0.10324946647319222,-0.047428172262760804
0.10207512286195317,-0.04548515081380977
0.10090585914108813,-0.04375833941523877
0.10094825917702194,-0.04183554130458403
0.09965619511143575,-0.04049773310445319
0.09965619511143575,-0.04049773310445319
0.09839339408646408,-0.03922014578769897
0.09847825730439388,-0.036445024534999135
0.09716741167993784,-0.03537099950950014
0.09582398642817122,-0.03439761489221628
0.09598019447865636,-0.030908290131032662
0.09457568846292452,-0.030132431452501857
0.09312113072817532,-0.029418995044249135
0.09158813666690344,-0.028757111059568963
0.092016278922327,-0.024457012737932826
0.092016278922327,-0.024457012737932826
0.09041035161854347,-0.023929800983902752
0.09107584458032147,-0.018829418544493964
0.08937326205128523,-0.018399952898872626
0.08937326205128523,-0.018399952898872626
0.09196194967678131,-0.004995971500634239
0.09196194967678131,-0.004995971500634239
0.09037576338319886,-0.00482227762068653
0.08865837104601443,-0.0046327242673893584
0.0910178842706672,0.0037097778778710164
0.0910178842706672,0.0037097778778710164
0.08914993759769163,0.003328741089322157
0.08972667540187867,0.010392421376328648
0.1018183628255104,0.04126164655291818
0.10041270344445807,0.038878990481631306
0.10041270344445807,0.038878990481631306
0.10041270344445807,0.038878990481631306
0.10273188161022681,0.0466750744642582
0.10146922362741018,0.044000928081855906
0.10146922362741018,0.044000928081855906
0.10541623491541077,0.05482582773942268
0.10415420623904759,0.051845364835096996
0.10278804211847331,0.04908165257213526
0.10735637221744704,0.059932926198805775
0.1056905304749012,0.056981380420521865
0.10389082678037781,0.05369114365738162
0.1076002913389855,0.061365353275747464
0.1132716996622144,0.07243518524441492
0.11174048387104438,0.06882025123347929
0.11897581396780219,0.08409854070761041
0.11785522911329613,0.0803975214605896
0.11653575192910673,0.07696409446690755
0.12290071160234406,0.08841101732930118
0.12191240519024779,0.0847403629119094
0.12049029165890529,0.08056720563098901
0.11868955319207375,0.07653060521572469
0.12641962780570612,0.08785055847345852
0.12432884982554637,0.08383828303240848
0.1220777162616968,0.08001208168031837
0.12940454443947114,0.08968094382033309
0.1271666148993284,0.08555030174798522
0.1271666148993284,0.08555030174798522
0.13302322463334124,0.09132855967155473
0.1408273591489988,0.10088609737176202
0.1408273591489988,0.10088609737176202
0.1387398757704485,0.09621229736054904
0.14680794441409134,0.10588117220585591
0.14680794441409134,0.10588117220585591
0.14488258738142426,0.10115243368714488
0.15274129534146616,0.11026175940710864
0.15274129534146616,0.11026175940710864
0.15091517870466942,0.10550478408339309
0.14883163265093327,0.10097178579937094
0.15895496234914805,0.11466083068978122
0.15719090759340215,0.10989963187424406
0.15520773805345825,0.10531057053393944
0.15520773805345825,0.10531057053393944
0.16328879760434162,0.11360108474003716
0.16328879760434162,0.11360108474003716
0.1613836533732511,0.10901169153549928
0.16952846517654258,0.11717798801064927
0.1673835211235523,0.11240593230156753
0.1673835211235523,0.11240593230156753
0.16490794837027845,0.10794921779140976
0.17252313705441513,0.11519319573434933
0.17009612658310513,0.11091627107979601
0.167468023874272,0.10681104910396311
0.17754639255909233,0.11822329981176843
0.17754639255909233,0.11822329981176843
0.17521407382697718,0.11398155074077909
0.17276523552643977,0.10987312457425263
0.18010005034625376,0.11642279741684469
0.1777824559112872,0.1123337871659949
0.17533826770675806,0.1085007420424205
0.1850626717678678,0.11866646647322587
0.18284307539432545,0.11462110861565311
0.18284307539432545,0.11462110861565311
0.1805028114666225,0.11082212251931811
0.1805028114666225,0.11082212251931811
0.18752505222194718,0.11635857523007415
0.18752505222194718,0.11635857523007415
0.18528714776637842,0.11263814036398329
0.18528714776637842,0.11263814036398329
0.18293215853122088,0.10907484456899397
0.190055538803335,0.11429146914796073
0.190055538803335,0.11429146914796073
0.18778325507947338,0.11084930072539517
0.19439556682056305,0.11549235031119909
0.1919636403629375,0.11222461631399011
0.18933725922042885,0.10928184941347446
0.18667841245065603,0.10654226082432283
0.1928032044852591,0.11134280267406571
0.19005505930197106,0.10925429707958306
0.18741087504959422,0.10728926777076275
0.19327918809907377,0.11164327368245619
0.19327918809907377,0.11164327368245619
0.1904743018466742,0.10943384573273907
0.1904743018466742,0.10943384573273907
0.19521120863798716,0.11322505431238347
0.1923204878806841,0.11132604281039593
0.1923204878806841,0.11132604281039593
0.19709836111538118,0.11516859560461576
0.19709836111538118,0.11516859560461576
0.19437767581997137,0.11335007600513691
0.19437767581997137,0.11335007600513691
0.19890853174607684,0.11681707484822595
0.19890853174607684,0.11681707484822595
0.1963603411933307,0.11506808178457678
0.20040879625634928,0.11799315404526947
0.20040879625634928,0.11799315404526947
0.19801902981119257,0.11634772921512423
0.19801902981119257,0.11634772921512423
0.1956876760054057,0.11480169268277324
0.20189107553466656,0.1188771829359199
0.1996640506749471,0.11733140914562942
0.1974991748563268,0.11586974733755964
0.1974991748563268,0.11586974733755964
0.2010696807950526,0.11785758108960237
0.19906795533870492,0.1164854104014583
0.19906795533870492,0.1164854104014583
0.19711257154101794,0.11523097228988152
0.2005371918150968,0.11703809317460967
0.19873452912741235,0.11604485268383002
0.19692282188450852,0.1152557693535794
0.20172521674972407,0.11738832438692004
0.2000285563874875,0.11655709103288159
0.1984933267146763,0.11573494264048811
0.1969759554864161,0.11496995860387102
0.2001078784479323,0.11573377748864616
0.2001078784479323,0.11573377748864616
0.19874524799551282,0.11509383407507495
0.20127596345875734,0.11534019152521141
0.2035737663623086,0.1149529107319433
0.2024797625169746,0.11444382552547244
0.20149795847553598,0.11400058136792779
0.20149795847553598,0.11400058136792779
0.20149795847553598,0.11400058136792779
0.20349834602250763,0.11310495626350311
0.20349834602250763,0.11310495626350311
0.20199798775695368,0.11260247273121796
0.20199798775695368,0.11260247273121796
0.2043695386495609,0.11132792779431139
0.20377533999235894,0.11118794068183807
0.20323634817120503,0.11109263045430334
0.20323634817120503,0.11109263045430334
0.20449163778626492,0.10909222472660846
0.20409516481444784,0.10905359786010493
0.20409516481444784,0.10905359786010493
0.20380411045174748,0.10905200747649241
0.2048914402165389,0.10633114621947631
0.2046900281268304,0.10635966658185719
0.204501536483658,0.10639500572583127
0.20466650364269923,0.10304065327831247
0.20451036790655172,0.10306321255079542
0.20450618157437872,0.1031219539263609
0.20450452309513753,0.10317341608600863
0.2041549100429993,0.09911141910738236
0.20438214311900335,0.0992592735748497
0.20466852442287042,0.09944351220879927
0.20375556307054607,0.09498235441855712
0.2042140276661362,0.09521931502796288
0.20477490811636648,0.09550398040771002
0.20542509062049194,0.09582850239348728
0.20392690477341996,0.09076039153396831
0.20392690477341996,0.09076039153396831
0.20072357771896482,0.08493892305519757
0.20160258794259084,0.08531925770443738
0.20254043364386243,0.08574711360513643
0.20358585918801259,0.08621270786057889
0.20035220449747437,0.08025141823479343
0.20161240367003777,0.08077531297436857
0.20161240367003777,0.08077531297436857
0.19754019649540583,0.07463514763220558
0.19900007704831343,0.0752048780892493
0.19900007704831343,0.0752048780892493
0.20052928494712208,0.07582734203122027
0.19531175772018208,0.06924800098884137
0.1968572518230741,0.06971117686639677
0.19825101036926435,0.07019016388748528
0.19183080440377662,0.06344513391872963
0.1932006283145683,0.0638799450847653
0.19416262134909773,0.06416528376468728
0.19534330681751433,0.06454161714813522
0.1878909648486502,0.05768816046639025
0.18960102725706743,0.05821568132396093
0.19124826236256548,0.0586982503475833
0.18300124299726825,0.05223515562786979
0.18460047160672288,0.052641739283022904
0.1861822631466565,0.053019074696861956
0.18775449679007047,0.05340764964248218
0.1776966110505693,0.04669811744498392
0.17929276765938068,0.04699842205552701
0.18093951265796876,0.04717725084283819
0.16959844808691682,0.040695381912729534
0.16959844808691682,0.040695381912729534
0.17135908695552662,0.04083648768283488
0.1731559943767562,0.04101842264991973
0.15864842957751887,0.034924929659700954
0.16051887160306866,0.03494043503506711
0.16241463871358883,0.03501722198912366
0.14914673272982124,0.029773449992811563
0.15043229960016463,0.029780511731620773
0.15262207010642728,0.029664453595058093
0.1547355416317679,0.029572159838085477
0.14016481391458074,0.02504427251401281
0.14214208917849153,0.024792793063292073
0.14395922342697837,0.024662483790551526
0.12685547173659834,0.021609489906661394
0.11276087957682268,0.019600990899124038
0.11427448835227605,0.01934342296666136
0.07637674953488505,0.020863080303420545
0.07637674953488505,0.020863080303420545
0.07777616810594457,0.020440535563350015
0.060272172731530654,0.023284705299593422
0.06148989722785966,0.02285245474094183
0.06259527185454977,0.022431743439590812
0.06362522469806442,0.022067355282574308
0.045527957265589586,0.02658303964621689
0.04700829773937676,0.025928444476809642
-0.005031195998102839,0.049489176076382146
-0.004558459038635082,0.049140362909419866
-0.004558459038635082,0.049140362909419866
-0.02005727460001286,0.05969552062143352
-0.02005727460001286,0.05969552062143352
-0.019734338245144978,0.059385714887160324
-0.019488731541383086,0.059126775456287584
-0.0335868744655303,0.07044486406924566
-0.046996303397712325,0.08316743949310124
-0.047096008361206115,0.08323146864777753
-0.047096008361206115,0.08323146864777753
-0.05934100337122436,0.09684191354966909
-0.05966732432298638,0.09715084673457186
-0.05966732432298638,0.09715084673457186
-0.07068709564686679,0.1115330552503832
-0.07068709564686679,0.1115330552503832
-0.0711345031587273,0.11201358004801032
-0.08067059023774226,0.12656795655571296
-0.0812322682208104,0.12724577446229962
-0.0818719222286082,0.12801898400533568
-0.08258331521037149,0.12889096972267466
-0.09108304799202863,0.1442462316468009
-0.0918993838687587,0.1453555271233647
-0.092604163162299,0.1463283662480655
-0.09918932245677292,0.16086553050861735
-0.09916824701124982,0.16082878034704284
-0.09871189900814586,0.16015360983470356
-0.09798144474184833,0.15906007656804505
-0.10235652313471238,0.17134022212756106
-0.10134215308377903,0.16930818543275816
-0.10014118617131954,0.16680213462454574
-0.10375407417793953,0.17692547494056682
-0.10260524255526357,0.17377970323947922
-0.101264042178727,0.17034566793620426
-0.09979410251991574,0.16703914089931027
-0.10335319161810211,0.17606473345671975
-0.10192789549052064,0.1729967393325737
-0.10040367885370999,0.17009667879099521
-0.10364951309758691,0.17843977694320273
-0.10215810592855099,0.1757813815039218
-0.10059432674779653,0.17328594612570625
-0.09896512785864137,0.17095116254768938
-0.10212587169896911,0.17910555742664286
-0.10052953986753627,0.1770260845855965
-0.0988899349843709,0.17512008128032847
-0.1017832299996222,0.18245926575572835
-0.10026008044024085,0.18053024501026688
-0.09822041131087905,0.17892016499051688
-0.09613827247050158,0.17750554297487653
-0.09817513561039065,0.18484102342271064
-0.09611984159089404,0.18379427745207855
-0.09406140192187831,0.1829437329811664
-0.09560428813999516,0.18984514648098305
-0.0935739733929408,0.18937809592226967
-0.0915556025984311,0.18910820563285113
-0.08955530602867298,0.18903458830202807
-0.09077256444006673,0.1959348644483438
-0.08880908051898784,0.19626065654223956
-0.08687704403723728,0.19677352609031273
-0.08785155121234128,0.20307767133232635
-0.08592016879716102,0.20395807608221256
-0.08403943650207665,0.20499450656395662
-0.08220834955154901,0.20618346278966532
-0.08275500766929564,0.21237934781237017
-0.08117764187696824,0.2136532205899025
-0.07987620159232628,0.2148293268621309
-0.08082651488725634,0.21970898243082337
-0.07994985061630289,0.22074591407143468
-0.0790403677721537,0.22133323070141653
-0.07805778630143814,0.2217023580291354
-0.07866023179463791,0.2247516199141893
-0.07756227886957126,0.22477074372853917
-0.07634429544664412,0.22463068420417553
-0.07635606038491793,0.22618758542482864
-0.07489597837846915,0.2257790591080776
-0.07333159892899599,0.22528538482286514
-0.07168683835193979,0.22474981590231607
-0.07117951710475956,0.22512448486323045
-0.06933530346394212,0.22471025013864626
-0.06740117497705728,0.22432952867489497
-0.06673305895981546,0.2237984551859203
-0.06458550610592262,0.2235329153517766
-0.06231862409579064,0.22329296899360854
-0.059921679318091725,0.22301862587504806
-0.05909560652246448,0.2216854280571634
-0.05645639764115029,0.22146996481325132
-0.053676554915629726,0.2212382487897328
-0.05295594526503017,0.21928992606863223
-0.04993050702213131,0.2197685494928044
-0.046895443718519114,0.22056691019730268
-0.043636781602294616,0.22164684549238567
-0.04349141472788737,0.2196536986688523
-0.03993707797985757,0.22066117833889048
-0.03639529398364033,0.22194859062414563
-0.03683730984906636,0.21979097686556148
-0.0328052859109898,0.22150994374953067
-0.028418831930948796,0.22281719541533795
-0.024089453125461124,0.22406100891154784
-0.025152136354365473,0.2210675803075543
-0.020392051582587,0.22238969775140885
-0.01562026312634418,0.22336627917628135
-0.016623397259892148,0.21994392670674592
-0.011667719652416808,0.2208608164170441
-0.006388749487234391,0.22158202201118601
-0.001073270353571576,0.22169777799967652
-0.003420426154175926,0.21721623226727552
0.002099128911266984,0.21714506299413255
0.007759103085249713,0.21664650897950583
0.00471356526494579,0.21176033604709635
0.010343415180535248,0.21122904642404053
0.016188612043515405,0.2109878554378851
0.021513015325213825,0.2100114637022114
0.016966677742582065,0.20659409575406434
0.022916461524088966,0.20633922494416754
0.02889946865187132,0.2055353779530312
0.02361058034492941,0.20164531726495333
0.029672239315305243,0.201108769527161
0.0356587877094206,0.20014557606512848
0.041713822039857046,0.19893099047698268
0.035034970461591916,0.1957560257582058
0.04102461101274772,0.19490877166005355
0.04702667040712906,0.1933959379980429
0.03963891237218921,0.19000995563642148
0.04556939183091824,0.188210931125912
0.05144424872593274,0.1860640579424024
0.057243276707156225,0.18344706506546374
0.04890130567000785,0.18042296069168753
0.05456477599397265,0.1777885127629747
0.06013339231345212,0.17484257077720608
0.050459223309803555,0.172157632412198
0.05604236189318586,0.16981945179649163
0.0615386749020619,0.16790458459488677
0.0668926154834342,0.16506110636333426
0.05663317833298151,0.16416362994663553
0.06179973326733895,0.16207146511193102
0.06179973326733895,0.16207146511193102
0.050713014207388024,0.16138400008190587
0.050713014207388024,0.16138400008190587
0.055832906081745966,0.15921454625584944
0.055832906081745966,0.15921454625584944
0.02693203611664279,0.15872136797175346
0.03191748170938778,0.15724034346176236
0.03191748170938778,0.15724034346176236
0.019267649145178003,0.15551883756129292
0.024040253414285746,0.1541024667041468
0.024040253414285746,0.1541024667041468
0.011984382890099073,0.15230109536053077
0.011984382890099073,0.15230109536053077
0.01659139973540783,0.15103119233502807
0.003208018344275962,0.14908542834064412
-0.027063462455249446,0.1437620364622988
-0.07457802221884181,0.12754730659083385
-0.09871310610736789,0.11403939190870468
-0.09871310610736789,0.11403939190870468
-0.09546280710839267,0.11624185724004166
-0.09546280710839267,0.11624185724004166
-0.105207624950751,0.1103825666265569
-0.10206799175046903,0.11258542483692588
-0.09911763308336573,0.11422758341064607
-0.10803676562735737,0.10855465004926945
-0.10475153347499462,0.11030959693245088
-0.10134867859491882,0.11190568144723595
-0.09788820560061354,0.11338481029772293
-0.10676965544526407,0.1078876417459104
-0.10676965544526407,0.1078876417459104
-0.10359394090861607,0.1092857878192072
-0.11177433902671302,0.10391360397152158
-0.11177433902671302,0.10391360397152158
-0.10871700465501344,0.10528588844733597
-0.10570382158098998,0.10655630299840874
-0.11662683186074606,0.09987190813315566
-0.11376964351686508,0.10124483995113201
-0.11376964351686508,0.10124483995113201
-0.12097325933961674,0.09608816652859326
-0.11826982958840652,0.0974219462716264
-0.11826982958840652,0.0974219462716264
-0.11558238278471782,0.09863303157883843
-0.12230527792224968,0.09371306538486596
-0.12230527792224968,0.09371306538486596
-0.1198069414800276,0.0948942257006796
-0.12866632776985729,0.0888203499611668
-0.1263152417487513,0.09005929413162037
-0.1240244543982327,0.09122673860667385
-0.1240244543982327,0.09122673860667385
-0.13023046886203152,0.08657865748154134
-0.12813731209430654,0.08772042645700029
-0.12610425262692507,0.08878647610209256
-0.13186566126802887,0.08458130712926604
-0.13008273116683255,0.0855889565526172
-0.128147511724649,0.08647635128059045
-0.12620235883876416,0.08741098511301762
-0.13166184285948068,0.08344664115456596
-0.13006251045308734,0.08424021120290634
-0.13006251045308734,0.08424021120290634
-0.1352566106624315,0.08053353518296882
-0.13391729758585394,0.08115227161871164
-0.13263601553309012,0.08168720465753454
-0.13263601553309012,0.08168720465753454
-0.13764030488534923,0.0781753712345376
-0.13652762248912856,0.0786396795073874
-0.13652762248912856,0.0786396795073874
-0.14111240570159228,0.07558961963246655
-0.14022820527375784,0.0759784942184337
-0.14022820527375784,0.0759784942184337
-0.13943497328521126,0.07629436342867074
-0.1446405131291699,0.07328816767918034
-0.1439446421518134,0.07354379698163202
-0.1433489847811038,0.07371943634235884
-0.14800299358011346,0.0712948852076549
-0.14748399688557612,0.07142575736385115
-0.14701473863695308,0.07152729038794087
-0.14660378302661392,0.07159993727500963
-0.150575557769074,0.06980880727306801
-0.1543609893079545,0.06860252310858464
-0.1543609893079545,0.06860252310858464
-0.1541344710949578,0.0686160187389139
-0.15394208668863196,0.06868531712639
-0.15719806872456046,0.06824543391913107
-0.15709599923988304,0.06826995037744352
-0.15706780887094032,0.06823803039590418
-0.1600300772239513,0.06835289959740642
-0.16014862335366856,0.06824363034992911
-0.16031051098457744,0.06808507633868358
-0.16055622931863728,0.06787451964788996
-0.1633693116821877,0.0685560494747158
-0.1637649240835033,0.06824624699920243
-0.16422387037345518,0.0679070580649751
-0.16621816641077775,0.06956286433021869
-0.16675652509874628,0.06918054938722976
-0.16675652509874628,0.06918054938722976
-0.16736061332066152,0.06874163184286455
-0.1695473652459863,0.07077917038549339
-0.1695473652459863,0.07077917038549339
-0.17012154275841518,0.07035919079415937
-0.17193263249241492,0.07293264025277427
-0.17285458004849136,0.07226661304023949
-0.17383831718134893,0.07156071604435077
-0.17488339392278004,0.07080356653209094
-0.17520735255812164,0.07494834166169431
-0.17637871198141145,0.07415799291691016
-0.17761524073991256,0.07333236342225369
-0.1784021624909456,0.07729371957760875
-0.1793401158048553,0.07688864677943166
-0.1807653683661754,0.07634270413916705
-0.18212856240888595,0.07581556869983744
-0.1822354313459575,0.08072812791928394
-0.18348661234979502,0.07989450934314052
-0.1848189057792075,0.07912587227643986
-0.18426877192176155,0.08467458640163081
-0.18550304472276707,0.08377896004016461
-0.18671708442842605,0.08289761034639515
-0.18791220945086598,0.08201387811331304
-0.18659622427913797,0.08811816711046222
-0.18782498723461874,0.087236012317432
-0.18907906946593722,0.0863383558891726
-0.18674547922439766,0.09340582685876442
-0.18809019566372343,0.09253517648023105
-0.1894456584983399,0.09173924994650892
-0.19081699735234514,0.09097185186259157
-0.18749026501083482,0.09899418896744966
-0.1889180488667324,0.09829591597335313
-0.19035938321172383,0.09761277253841871
-0.18612208766388835,0.10589932437393679
-0.18767722152064997,0.10518076154588929
-0.18917088185719821,0.1044331422033048
-0.19062606807531374,0.10362128171876211
-0.1853197156130615,0.11227783142676473
-0.186780309164432,0.11156650042592742
-0.18764854842075582,0.11118111231197297
-0.18093307522225746,0.12009894800502552
-0.1823861629850558,0.11949290008088909
-0.18373540788894432,0.11896157084792461
-0.18497847993045285,0.11851780592877348
-0.17587083751167526,0.1282936398320835
-0.17715992397301475,0.12791596431535224
-0.17833954161038526,0.12757599737659417
-0.1685278045448643,0.1368037315221853
-0.1695308166379675,0.13661114041476283
-0.17045354716284394,0.1364171528415444
-0.1712868695727574,0.13622419228056465
-0.15950197689856183,0.14536147054331844
-0.16021557520212337,0.14531559574544387
-0.16081560182463295,0.14520685727895505
-0.14770757742033921,0.15332918639417675
-0.14750030468198247,0.15333744081094675
-0.14806069288575568,0.15332326207060581
-0.14855178610992922,0.15327418180271152
-0.13301605738837965,0.16095957355113347
-0.13280845395406365,0.16098500864726759
-0.13260607793445656,0.1609992943441372
-0.11683614956376659,0.16725894468555902
-0.11708685256311105,0.1672792415708887
-0.11715316072445799,0.16730198254334222
-0.11705998527594132,0.16730549683216686
-0.09921750692803341,0.17226124690031247
-0.09882537666334956,0.17224569998944983
-0.09829836574943104,0.17221531419297528
-0.07957499613089268,0.1753786319995731
-0.07877821142966446,0.17528664691500498
-0.07784954265119454,0.17517337360519272
-0.07678402410958979,0.17504655745619843
-0.05714333520381118,0.1762152325152686
-0.056635489129095024,0.17614832800651903
-0.05678734993822317,0.17616360839975834
-0.03831176065400524,0.17592338716193015
-0.03971812503543777,0.1762495874849188
-0.041947497372897644,0.17648310339867287
-0.04511034773279089,0.1764644294781806
-0.029908675321428213,0.17475550850401236
-0.03395859323379466,0.17459848115843896
-0.03825404796799588,0.17425027930860112
-0.023395978241254042,0.17146093053136838
-0.028161407452005016,0.17106999985416146
-0.03251686543241469,0.17046867971070312
-0.03723483439437418,0.1698088881762122
-0.0218426362047026,0.16659014813199094
-0.026386707964984768,0.16609527186504774
-0.03048849274753919,0.16543146864796865
-0.01591723350207888,0.1617521823001884
-0.020135471306619024,0.16127050772081866
-0.024236070884409835,0.16068826207325396
-0.028217332754641958,0.16001798398743416
-0.013505721010872648,0.15589201044671402
-0.020488362674374053,0.1547149374034394
-0.023407877764612006,0.15450897553401613
-0.007477928023664537,0.15046821591182954
-0.009916157962920225,0.15077141419827741
-0.012289546720295114,0.15115363361880046
-0.014559681074804709,0.15173864049689118
-0.0001568520749757607,0.1480019218081655
-0.001994525805903563,0.14914139132828932
-0.0036546466603672445,0.15046419037103495
0.012329627740855928,0.14562767007978294
0.011053006856400122,0.14732751343638822
0.010007233920211925,0.14922080562776643
0.00921878463216208,0.15130854887078177
0.02494205893377112,0.1457963396876896
0.024490986623217303,0.14810622085591552
0.02424724704135832,0.15057031237429166
0.0386340591280295,0.1443204631365599
0.03870172766477764,0.14687513224979748
0.038958398835964816,0.14952721680079922
0.039414203636866735,0.15227565014032068
0.052885077750118026,0.14472385272381763
0.05350203280262608,0.1474111556195889
0.0543404971546953,0.15007621869977575
0.06604392417006014,0.14168693667367527
0.06698619534447633,0.14422251775334893
0.06808564651575039,0.14675622437546834
0.06928648243839736,0.14922895851278487
0.07903823430183601,0.13937800586909427
0.0801033826628742,0.141447409138088
0.0812603947236743,0.1433890422761447
0.08869257093747174,0.1328737991067358
0.08965047546632146,0.13439230879065056
0.09066117536899496,0.135781529992218
0.09170124143897496,0.13700350867087344
0.09652953174614326,0.1253932052305221
0.09723511569241983,0.12621509456881588
0.09794165105940278,0.1269163559004506
0.10023102880563653,0.11548749722041884
0.10038969260386438,0.11584164073628177
0.10046548162536417,0.11611668884796628
0.10045152321270634,0.1162562236186102
0.09974672490715028,0.10521880433240027
0.09898089908827581,0.10479255542934197
0.0981945808303395,0.10417040318333085
0.09531939574954626,0.0935759591776334
0.0937844605848322,0.09193426069964931
0.09221491311168359,0.09046894139674626
0.09040930896184224,0.08903335184791275
0.08461036634151664,0.07856416089183985
0.08182020099282858,0.07709819928976264
0.0790658909029823,0.0755401527346044
0.0717979782840438,0.0665809654428475
0.06827590972407416,0.06518489773693154
0.06458089958514249,0.0639224531552881
0.060834552709484485,0.06260317403349333
0.05264421518039536,0.05637844957860502
0.048165409370874074,0.055768352442188085
0.04355785497712458,0.05549319990653229
0.033967185709931846,0.051065621082065416
0.028830080585487666,0.05163595427912038
0.02356037581224571,0.052601488183656564
0.01816345671773431,0.05393109036555663
0.008075956808938078,0.05244911180688683
0.002367118997293416,0.05451767758710696
-0.0034329643741563,0.05652901856942982
-0.012987515903658597,0.05598879930142059
-0.018751088112618053,0.058247366515208454
-0.024847580445917228,0.060993605475181845
-0.030831194502589032,0.06397367411459193
-0.039829780083435434,0.06583719023534235
-0.04577805634518867,0.06930377310776686
-0.051677791378513166,0.07303422661864872
-0.05958416854885035,0.07594554321710006
-0.06534412800225071,0.08028354737607118
-0.07102615878607366,0.08484775138293865
-0.0765559418250106,0.08963360182383906
-0.08302073830033534,0.09345027597290995
-0.08833166726702017,0.0985874671479473
-0.093455388032372,0.10390183690027083
-0.09852056291311868,0.10803104107934453
-0.10334135980866535,0.11374951827757229
-0.10792607533348579,0.11977529743189219
-0.11230755012318372,0.12604511542598934
-0.11575319882647896,0.13058531151822328
-0.11969894829155903,0.1373691817230946
-0.12356215454119673,0.14299804675628136
-0.12596715377169196,0.14522960684945146
-0.1296260369217307,0.15119804040909074
-0.1329857603524341,0.1572522174485994
-0.13590764389881166,0.1628796071106946
-0.13695846700566042,0.16569058552558275
-0.1398370018148198,0.17230932065545995
-0.1424784531555842,0.1811333928516874
-0.1389993298201751,0.1755991065830635
-0.1389993298201751,0.1755991065830635
-0.1414546412409216,0.1824500676163473
-0.1396479058575803,0.18308494702882583
-0.1396479058575803,0.18308494702882583
-0.14180782108879475,0.18996672720219243
-0.14371925528071644,0.1969184808651928
-0.13899779071332347,0.18949157357596697
-0.14092199207782585,0.19633442445075477
-0.14261609302107264,0.20318786865711014
-0.13916659360987693,0.20173649832471074
-0.13916659360987693,0.20173649832471074
-0.14068926583362845,0.20841486531755737
-0.14199844296193007,0.21507695647457697
-0.13801548185480822,0.21177556504899464
-0.13967502641407442,0.2177054003795985
-0.14118821853223285,0.2229047853143103
-0.13688916758624728,0.21848591918313992
-0.13688916758624728,0.21848591918313992
-0.1386001043359994,0.22368355110472238
-0.14047274866037743,0.22830792794706545
-0.13674487669318738,0.22108230055629996
-0.13959725618808008,0.22358148122643068
-0.1424633336094797,0.22578808681887302
-0.13809008712479007,0.2163298278506937
-0.14086545372051595,0.21837679271087573
-0.14354539055964988,0.22038603131764561
-0.14611034804991277,0.22234620361206742
-0.14046767656244635,0.21200239391221604
-0.14299748439191107,0.2138271420596473
-0.14544502878639354,0.21562129205909497
-0.1389051801349111,0.20529501256780075
-0.14122608304028836,0.20688813149747992
-0.14343735191224058,0.20842842475404433
-0.1455540427005019,0.20993001423615532
-0.1379978769563527,0.19947245675153408
-0.14002337085933492,0.2007777016486228
-0.13073472232464173,0.1902213710087713
-0.13234761902145897,0.19225867762614657
-0.13388542162398273,0.19422178164374265
-0.13535019358660277,0.1961484431981771
-0.12455001354817283,0.18580670980269653
-0.12598186652796964,0.18747020595461428
-0.11454222083496854,0.1778693587049206
-0.11591375554267891,0.1791937700358754
-0.11720713245526954,0.18042574746250128
-0.11720713245526954,0.18042574746250128
-0.10449767658135764,0.17084209981058412
-0.10570350977065995,0.17175953873576577
-0.10570350977065995,0.17175953873576577
-0.0927698512272637,0.1634451724156627
-0.0938216912208332,0.16415069171338226
-0.0938216912208332,0.16415069171338226
-0.09475413176160141,0.16477034023252807
-0.07989554984856087,0.1566190024626925
-0.08063294172679558,0.15706778107110414
-0.08063294172679558,0.15706778107110414
-0.06539569461671543,0.15029463247113345
-0.06594383815679059,0.15060827936476717
-0.0664225894287383,0.150844165676064
-0.05026884366186149,0.1450746021058848
-0.05056605649916515,0.1451908734046159
-0.03435959930888505,0.1408638597207057
-0.03458441076708266,0.1409731769302341
-0.034750904355059814,0.1410319932775438
-0.018005470391191658,0.13797110896910386
-0.017933230927863114,0.13795503888064753
-0.001555360555334312,0.13630222243471973
-0.0013357480544809175,0.13624953337360018
-0.001009399625170243,0.13617655739989798
-0.001009399625170243,0.13617655739989798
0.015628232570569722,0.13581558835724078
0.01613868459670345,0.13573584107634445
0.03213534440302668,0.1366512686954261
0.032828812324076695,0.1365892352644491
0.032828812324076695,0.1365892352644491
0.033612925265110505,0.13651852215018634
0.049087420641409196,0.13863037626526964
0.049087420641409196,0.13863037626526964
0.050049656017979643,0.13860893470248986
0.06529964985399625,0.14187692365261523
0.06643159257543038,0.14192867906801687
0.06765275197785076,0.14198971495916513
0.06765275197785076,0.14198971495916513
0.08246115694358558,0.14641386202098677
0.08382844279563409,0.1465773658451598
0.08382844279563409,0.1465773658451598
0.09753774101629833,0.15179372571954725
0.09894329199456056,0.15198515536637835
0.10025838781942559,0.15220402334350874
0.1015012626566354,0.15239939710751427
0.12446563595938168,0.16451782214056548
0.12570771935205363,0.16486491558121963
0.1270723701912389,0.1652673693205728
0.13760402707600286,0.1719502440656533
0.13891422501893727,0.1724591394341521
0.14882463856884307,0.1795712952017725
0.15022549837513655,0.18014615926994015
0.15159979909882496,0.1807904366298553
0.16070149850008444,0.18816536340822476
0.1689260503575343,0.19528365885903554
0.1704112492167309,0.19602152949773782
0.17194824721371454,0.19675688022741422
0.17349405585819286,0.1975088666524188
0.18101163208747356,0.2046788056465899
0.18223856247484363,0.20555570272644574
0.1834713858604783,0.2064074052318337
0.18990855890519232,0.2132360217391417
0.19112444739208112,0.21406359547081505
0.1971033232560244,0.22049937858000823
0.19822475785660257,0.221319795263277
0.20353789268022288,0.227176584505888
0.20422112585128868,0.2277281331323155
0.20901303344887703,0.23279609022426664
0.21039898221346512,0.23356706302249153
0.21513470460790585,0.2382034125263361
0.21619741941397078,0.23898648602646583
0.21720370411736092,0.23965852275040594
0.22123738898309092,0.2436214524955278
0.22510884606022932,0.2468324846818124
0.22584409804565075,0.2473864237646154
0.22652786306989559,0.2478903412134913
0.22714458996135392,0.24842179947268422
0.23068512560947643,0.2507080649341946
0.23111621281805342,0.2512334310660917
0.23438977623007218,0.25263036644250675
0.2348547537134806,0.2529812700552697
0.23530958210422478,0.25330489238029885
0.23572078187004233,0.2535447012362984
0.24128262114083723,0.2532694797487378
0.24159311525907595,0.25349471435502224
0.24179371429864238,0.2536995822933298
0.2444130350979418,0.25216143501904315
0.2446259055050955,0.25231287692246507
0.2469828091756831,0.24976930887152748
0.24711838466040403,0.2498407472509792
0.2490818371892548,0.24620994614608485
0.24908361547262947,0.2462404148148693
0.2490501507202686,0.24621401737617873
0.2489667842035168,0.24615695866402715
0.25130263808751174,0.23566364371317802
0.251077328196645,0.23552182478434408
0.2511528432878145,0.2287090459994442
0.2507837763231908,0.22848722838918264
0.2499160095085228,0.22043560433160136
0.24938568380285148,0.22013257920694063
0.24876447077433372,0.2197873629633043
0.24807429861177388,0.21939716852926233
0.2472838018902672,0.21896511034151317
0.2384261742922446,0.19039124307630845
0.23773425598475562,0.1900817568322835
0.23744220792909826,0.18994647959137728
0.23764681519136172,0.19028119573324612
0.2392391316154334,0.19341026560560323
0.2411598645241323,0.19706529008933954
0.2286449361527069,0.1739398477027027
0.2231660194836232,0.16780814022889334
0.22619486028827857,0.1731505812423343
0.22255933716970466,0.17126068747285783
0.22526131466306976,0.17608116142727132
0.2178939770527244,0.16878400106611946
0.2236201082228747,0.17792548098392424
0.21499805887209147,0.16982657004242552
0.21798375180694515,0.17405987128148226
0.22363341936015824,0.18220156715704472
0.20193601251606283,0.16497844292551905
0.20450266448931798,0.16790266416774036
0.20961687109798405,0.17296939696164992
0.2121401388768413,0.17530057881368022
0.21680769598405036,0.17951395591720692
0.17209409921991253,0.1510254137246272
0.17610646099733465,0.15410962270475603
0.15964326602821344,0.14789156947993587
0.1612218243286242,0.14914997574562527
0.1440817079352614,0.14465950798161037
0.14528205440044323,0.14574772292079402
0.1277615822130388,0.1437521895689136
0.12831144492767638,0.14467519680895102
0.1096428097522176,0.14357454087274918
0.10973925540132376,0.1442513344478205
0.10976356319988614,0.14475634266759863
0.09029207714246346,0.14501694281565297
0.08962754803950224,0.14440270875445838
0.08904030995353816,0.14322133936642578
0.0695192415554586,0.14382841086149678
0.06834631320751024,0.1416922846439017
0.06684552452710318,0.13907594580501037
0.06524706077311325,0.135969218800024
0.04552374718287637,0.13773758771715655
0.04347242232298287,0.13409161891139254
0.025019431352572008,0.13754436928989866
0.022684235130411984,0.13386440496402313
0.0001943239471531577,0.13307851547145322
-0.0026032049209055996,0.12998647284912573
-0.005561574529079766,0.12706171760818868
-0.02013538522736663,0.1363409994245222
-0.02291400496890747,0.13413035678847718
-0.025781573672265523,0.13210667104322305
-0.03762323265476464,0.14394604711601883
-0.040061930383507555,0.14267518000214513
-0.04890010821637278,0.15601753357884973
-0.05052660378856352,0.15564798674796176
-0.05649095672437965,0.1699062621148209
-0.05782503301305214,0.1715290168995689
-0.06123022552634039,0.1870544733715262
-0.061669221910651106,0.18933988083395786
-0.06196465907635784,0.19171306407696004
-0.06188164766837484,0.2074132643803997
-0.061247727200777424,0.20982554113706425
-0.05886414028198145,0.224266827795013
-0.05750600923038912,0.2268271979403483
-0.052917271625399664,0.24024420286801831
-0.05069708051244909,0.24246991062851728
-0.04437720157497094,0.25396530471996037
-0.041242317585177046,0.2550754505477285
-0.033254943081515165,0.26479591376018174
-0.029021591769801902,0.2659471757530232
-0.01979741491617759,0.274137653291053
-0.014745212572853272,0.27474439756182617
-0.009449817871848787,0.2751908613855042
0.0006500749627796343,0.2806809794487504
0.0059847620462465945,0.2805792604871228
0.011843816173955468,0.2809114224608079
0.022707862172489213,0.2855840655838506
0.029051895586432536,0.2855263293875428
0.03550003667490911,0.2851722721135868
0.042052850917765894,0.28442282674316205
0.05332465234519371,0.2861940814639656
0.06009175259688965,0.2845553312274956
0.06685772568551163,0.28264492078579073
0.0775997673670841,0.28246987835198684
0.084465086921687,0.2798227662290655
0.09131455307676356,0.2768242246543518
0.09811805792294188,0.27356013580504446
0.10799098388012764,0.27119381213756394
0.11468809366533146,0.26715852938231666
0.12127406850068073,0.26274041994777697
0.12985696111155112,0.25898046581549333
0.13621813087508805,0.2537869461365259
0.14241076355665966,0.2482757942370744
0.1495337880879064,0.24345062626162695
0.15538726867717373,0.2371720839307893
0.16120469527655593,0.23189658468633723
0.16663632866780392,0.2257457217935043
0.1717299207218258,0.220297725419932
0.17623751493936968,0.21533870852451548
0.1804905030840917,0.21174009771375046
0.18519446020075547,0.20633941442922898
0.18967820071269306,0.20088437069360168
0.19234250050214408,0.19802493487378495
0.196482361010753,0.19235006669722593
0.20039800329402557,0.1865504178170716
0.20039800329402557,0.1865504178170716
0.2018240574836038,0.1841280079996392
0.2054123265533208,0.17814626871387998
0.2054123265533208,0.17814626871387998
0.20571403558466322,0.17645755676223646
0.2090023405539258,0.17038326658971797
0.21206920388579642,0.16424931171133103
0.21491820004197326,0.15804702785284147
0.2112032807581286,0.16350435915630446
0.21401272002723734,0.1573696293197971
0.21401272002723734,0.1573696293197971
0.2123150998056435,0.15738112752044459
0.2149014733209761,0.1513248185592902
0.2174607038026368,0.14557086052718476
0.21484703778165054,0.1473509536912386
0.21716230776296663,0.14145918751236256
0.2136694692215184,0.14312746659069375
0.21602171990582142,0.13776578579019313
0.21833343577541503,0.13313850345073408
0.21426702263423913,0.1377361238464883
0.2164967843777296,0.13356135018804782
0.2184276009274318,0.12976791719832026
0.22055846754823438,0.12585486013218689
0.2085499827433219,0.14168528914851644
0.21077484789185646,0.13821708568714658
0.2129491380049209,0.13483851226269025
0.2150554467818392,0.13148013150108473
0.21690529574895978,0.12847816350895508
0.2003873149628636,0.14686999810532275
0.20250226275484345,0.14367353517720788
0.20448901536861142,0.1405455032468089
0.19585037266251434,0.14823213680445527
0.19779064843066174,0.14539578792379254
0.19779064843066174,0.14539578792379254
0.1996601656791714,0.14274988687016843
0.18988528688051157,0.15130866452542024
0.19177696639388855,0.14944777889995187
0.18161896895976093,0.157592123998208
0.18327841175573178,0.15594779887161903
0.18492887900549454,0.15428068043028131
0.1728648257593685,0.16300820472607563
0.17447566655781596,0.1615999423212448
0.17447566655781596,0.1615999423212448
0.16233603831110366,0.1692151064593598
0.16233603831110366,0.1692151064593598
0.1638482173646111,0.16803649740383247
0.16527065910128405,0.16695682376640608
0.15153507388152354,0.17458454613582405
0.15283000049566214,0.173748784886391
0.1540451331228292,0.17300476998363756
0.13811103861419377,0.18059450022130552
0.1392270666405068,0.1799798418392991
0.1402342680032893,0.17946019055104495
0.14114586539996676,0.1789777644011481
0.12444710953824203,0.18546093841711042
0.12525675040681944,0.18510142304611044
0.10926990836153636,0.18975792729022264
0.10986222579945867,0.18951429117225943
0.11032657778630436,0.18934847599789223
0.11032657778630436,0.18934847599789223
0.0935575414885309,0.19285757880206056
0.07705267234166939,0.19490465902961213
0.07728698514123028,0.19484293716064913
0.07739558651147499,0.19482149852876812
0.06047097123653747,0.19558918714763873
0.060536821905601286,0.19558354672035758
0.04417118812130611,0.19500391735828737
0.04403201927350709,0.19501521074574885
0.04382009822533709,0.19503331199118507
0.02740853450685303,0.19316264228689778
0.027008958193864896,0.19317574068611912
0.011929610935934233,0.19027159045690434
0.011377753125995711,0.19025746504928215
0.010750721373855798,0.19024024299270254
0.010017750218625936,0.190219619387469
-0.005645924169905621,0.18590322221144912
-0.00655127105978183,0.18581758089952
-0.007605517912063958,0.1857141855779065
-0.02116438999444787,0.1805728073354462
-0.022225988253375337,0.18040251610897345
-0.023381590013682327,0.1802131434247083
-0.024640321457867723,0.18000251667959483
-0.03869403136557876,0.1736011208546634
-0.05019433423237411,0.167067938053178
-0.05153805869088452,0.16666281396057242
-0.05276304729014015,0.16626366759265945
-0.0645930670852555,0.15871763039508924
-0.06579682993029617,0.15834259012425142
-0.07643529049403577,0.15064281961603776
-0.0775088875662146,0.1501639710291845
-0.07859442233744897,0.14968355107014766
-0.07970397287003411,0.14918735279393963
-0.08083133858354688,0.14868287203484873
-0.0819756412262119,0.148161498570622
-0.08314403534842638,0.1476248295922361
-0.08433312901701098,0.1470682164765566
-0.10795469042116569,0.12336227411343226
-0.10903245869683184,0.12261604400316188
-0.11013800470653769,0.12184930219025261
-0.11687356292207904,0.11399631809464388
-0.1179538640406812,0.11311814580074157
-0.1243185838835308,0.10508192468426435
-0.12538768566011393,0.10409328067368495
-0.13089891201821985,0.0967295564033897
-0.13197989763218518,0.09573024981634116
-0.1330872490639814,0.09473326764444813
-0.13826964241656073,0.0874259083170472
-0.13933319826908835,0.08640608781663621
-0.1403015051029101,0.08529108196278963
-0.14125079580457023,0.08415466404013673
-0.14897535724970792,0.07224760793779363
-0.14982408548965492,0.07101890444116507
-0.15065733169023673,0.06975280514299692
-0.15157102661075983,0.06852640535449513
-0.15814427221991356,0.05917962509717188
-0.15902732737944567,0.05812714769435276
-0.16250994231500884,0.05407619552642701
-0.16339703637937203,0.05313811661633831
-0.1642745187714604,0.052326978855771006
-0.16763027607726844,0.049231584999048145
-0.16838946376908653,0.04851865332527408
-0.1716277604785586,0.04644783034379599
-0.17225186014656269,0.04583847351890365
-0.17544131864888965,0.0447540059045788
-0.17594313252883523,0.044266336981187815
-0.17897331980771944,0.044175940480241815
-0.17939751906950446,0.04378135626458908
-0.17980803738802725,0.04343629984190138
-0.18275857189939687,0.04444879267801499
-0.18557189474327507,0.04641785613077461
-0.18586129160638143,0.04618286749245527
-0.18610003143480153,0.04598717951501241
-0.18870786392592886,0.04920487263868879
-0.1888655236145838,0.04907947298303417
-0.1911255117543255,0.05332067763183265
-0.19119262520609995,0.053286063164419376
-0.19119695964418343,0.05329278172657825
-0.19301133815759705,0.0589174774713344
-0.19288930813613883,0.05902635365173976
-0.19270231247736053,0.05919097511824564
-0.19244965371542974,0.05940488166836627
-0.1942705658546887,0.07394025191660886
-0.19386594273444752,0.07426151987592698
-0.19339194410710073,0.07463292923659795
-0.19184927827186612,0.09344936604314157
-0.18837975520997013,0.1048566856009769
-0.1876146485075194,0.10516513383262394
-0.18543535827150345,0.11541083365055162
-0.1868072219744823,0.11379233231297411
-0.19014915757560433,0.10743374423085855
-0.18506493664730855,0.12147173463479632
-0.1871160421907231,0.11622740140090715
-0.19074451617309676,0.10616093467559962
-0.19254681582071867,0.10109667025857136
-0.1957267237322356,0.09151276738157027
-0.19879238025406967,0.08227226363974607
-0.20036016216212035,0.07773794061345524
-0.2029214261741478,0.0695137282054537
-0.17025988648596982,0.13776087338830031
-0.17383812596628428,0.13167512863561776
-0.17820231214000218,0.12633470347622555
-0.15675460297535362,0.15188030323197907
-0.15908601430708433,0.14984248262755
-0.1492380970337986,0.15916391489136483
-0.15136123629875342,0.1576215286365468
-0.1552498058000811,0.1549882258046534
-0.15700955393019156,0.15390529214694962
-0.16013830385197053,0.15222620665273653
-0.11266427600971841,0.18216459540041133
-0.11375883881699059,0.1815927734105442
-0.09708436529536697,0.18784142663521466
-0.09759337311347013,0.1875952956877457
-0.07947456773144224,0.19236746848510006
-0.07928692088000419,0.19294439256966336
-0.0599014374951197,0.19684548479803451
-0.05959744109611749,0.19882335686402353
-0.059109450324970045,0.20170616338109207
-0.03983499921535679,0.2055285223868722
-0.03902225499211569,0.20917992560505366
-0.03813753230607704,0.2132472769449868
-0.018668140182734334,0.21517153666893782
-0.017613061547178774,0.21926774638225494
0.0010030968406702506,0.2188772181215674
0.0025818332869984723,0.2227944622340098
0.004395760752570491,0.22687820434201544
0.022401482041438547,0.22371387079508678
0.03871772243839952,0.21890897756983485
0.04061743541234372,0.2221095763631326
0.05724619349692947,0.21748630528055707
0.05919903601065177,0.21985665369650753
0.07298862485272226,0.21220320784891988
0.0747088099970902,0.21365577433256805
0.08387442547840909,0.2025657756540935
0.08541486425404951,0.20280512467669276
0.08816628714918506,0.20187363257600213
0.08953309937463863,0.2006763262726346
0.09788773061938039,0.1728780784155459
0.09968481698245638,0.15655050568581133
0.09906142091194226,0.15431560429953223
0.09825595859556663,0.15163213976397008
0.0968544011334598,0.13802355264607225
0.09534694601067728,0.13579580177648287
0.09134388375274718,0.13036826872725713
0.08892837601327583,0.12863533150647985
0.08045388308402959,0.10717065277461857
0.07649562149355862,0.10536279925057748
0.06881338895619049,0.09633888179604908
0.058804893373945955,0.09423623095203221
0.04944846921457541,0.08680480700220436
0.04364339128969735,0.08626047470377737
0.03813959101747727,0.08605419491348196
0.02780284172553335,0.08021469008417301
0.02143724252804141,0.07926306249700987
0.014969802159429224,0.07885118815660355
0.00868693372475507,0.07821590748908869
-0.0014181415566598132,0.07341077957394426
-0.007489674993232942,0.07327203418073142
-0.017854847380133848,0.07102474044548601
-0.02518068042667257,0.07232584455501356
-0.03250167191706932,0.07390491049607473
-0.0397692118731891,0.07575235037478945
-0.04985604844880853,0.07612988089819989
-0.0571957644396989,0.07887815971711887
-0.066305322179116,0.08055794011205619
-0.0736353305700933,0.0841024462484321
-0.0808550777304908,0.08793090025959904
-0.08877634272515744,0.0908524638027779
-0.09582857125719813,0.0954314481667472
-0.10251100527453985,0.09901527927275267
-0.10933815371687552,0.10430565831564709
-0.11600023104279852,0.10999674738462534
-0.12119108070461523,0.11430842422302834
-0.12508736610492172,0.11782058949285279
-0.13098683047954632,0.12190037131481157
-0.13672239539492412,0.12590686081839542
-0.13849157520825278,0.1283656153947278
-0.14417026785164583,0.13434790337341157
-0.1454321712438337,0.13773823479069724
-0.15089144012933564,0.14471543037750845
-0.15613472877943124,0.15188556215765853
-0.1610897983168476,0.15914005682305465
-0.1609695442969607,0.16232239962899225
-0.16548149884683527,0.1683589064456233
-0.1639448537616066,0.1686800894586738
-0.16815074606808228,0.1736288976271933
-0.1722137790708706,0.1788534442434419
-0.1760716709000938,0.1843454745547049
-0.16580294726553507,0.17773427394208774
-0.16963686903614789,0.18297160688162956
-0.1732719001646577,0.18825901826056485
-0.168354968559233,0.18610994346442106
-0.17192956321975622,0.1904391747623559
-0.1753401597149759,0.19475150028794214
-0.1697621402563702,0.19144691314953655
-0.1730750242574417,0.19521364931370128
-0.176283987508127,0.1991339724938353
-0.17929232934850547,0.2032257006291805
-0.1725379380881664,0.19856994554488672
-0.17548161134968598,0.20221940864588006
-0.16799182799685705,0.19726562334472303
-0.17087086682680425,0.20072374013257488
-0.17361633150628192,0.20417840878839494
-0.17624176624035365,0.20760903323962793
-0.16758361405325883,0.20163841169005792
-0.1701340492127298,0.20479999989583986
-0.17257314388925177,0.20791072234424252
-0.16370090415489064,0.2019993091413519
-0.16606287172738807,0.20479059508724956
-0.16831103227260236,0.207511198957814
-0.17045957122553945,0.2101415887833855
-0.16027871239257768,0.20317320831691454
-0.16238345573319082,0.20531960655867248
-0.15085479300101998,0.19797092457834758
-0.15271409875793585,0.19942218524735167
-0.15466603619958655,0.20096823012826737
-0.14189688365261308,0.19358534782566145
-0.14375273580745532,0.1949231010773218
-0.14548400224810878,0.19621238965832344
-0.1321103843056691,0.1894457767294323
-0.1337194200787637,0.19048691094036713
-0.13522799753972306,0.1914465390026362
-0.12106827124781072,0.18524275662051565
-0.12242710510283698,0.1859118955995841
-0.10726512473783728,0.18048018348326184
-0.10845955069333221,0.1809561609051633
-0.10953618757255372,0.18139015882651782
-0.09392391471698834,0.17703471210544974
-0.09477351094570821,0.17733818665251821
-0.09549650300408392,0.1776039402876884
-0.0788202499224604,0.17429756167877586
-0.0788202499224604,0.17429756167877586
-0.07935146796240519,0.17446842760420234
-0.06220595372123801,0.17248660670356092
-0.06249219240345839,0.17255693471910272
-0.04568827698155281,0.17195732216028148
-0.04592892437937564,0.171995289027274
-0.04608566260099634,0.17202419436319588
-0.046101791332331006,0.17202768037383298
-0.012796652865888089,0.17485323156022547
-0.012673252436158876,0.1748472935222271
-0.012480946822434086,0.17484092358003728
0.0036951709614885045,0.1781937297147798
0.004071869088417307,0.1782123050048443
0.00454564860875753,0.17823376549715803
0.005129609302143456,0.17825923757552364
0.0058056672368710024,0.1782896474698441
0.006594195531514753,0.17832637274469237
0.036031362393056765,0.18838077284590538
0.0500378658307758,0.19484817458457543
0.05102166781721474,0.1950828564923241
0.052119574123799306,0.1953535089778145
0.05330354349062888,0.19565158360178114
0.06672163136095274,0.20322482934454722
0.06801883044420108,0.20365732829044553
0.08022383865229274,0.21177546627888139
0.08148373302295572,0.21228186688502515
0.09263132266048707,0.22080580597094424
0.0938532410484266,0.22125041000093987
0.10373103856835542,0.2299307081638235
0.10490496277271252,0.23054481666852072
0.1060479269758525,0.23118522465091135
0.11469062986387812,0.2400340093928907
0.11588165100317602,0.2408417808189408
0.12379347224237208,0.2498267824985915
0.12491536156641961,0.25066630648716615
0.12603918132236422,0.2515104920914534
0.13312410114670006,0.26055137997677685
0.13419619364913454,0.26145304789737767
0.14035883873762472,0.270119565492125
0.14137838914171275,0.2710978047739743
0.14237950656525994,0.2721300095222604
0.14789431621740853,0.28071328101189713
0.1488732723817182,0.28185410699570507
0.15369807054005125,0.2899632090985624
0.154640456234493,0.29120124832267885
0.1590700516407919,0.2989688397099731
0.16308873597462473,0.3060405985026587
0.16408225023568668,0.3072139302610293
0.16769685375799198,0.3138330678708425
0.16846216181647983,0.31519247069065276
0.17164747051947749,0.3210728569195421
0.17218633755151166,0.3219639151215455
0.1729031859883397,0.3228305348337916
0.17389335987176138,0.32417416686925565
0.17979369262794698,0.33258378886796774
0.1806185664217138,0.33376637519214936
0.18140125370429777,0.33482825902527824
0.18454967364153352,0.3382638241706981
0.1851692600298739,0.3391640614261104
0.18820564948440985,0.3416165149914812
0.18874887497679504,0.342368578133833
0.18926977158057845,0.34304864815263225
0.1897648715244064,0.34364766374254563
0.19539272469020363,0.34489454555326005
0.19582727814800935,0.34539504114193265
0.19624158083933987,0.34583029294371764
0.19932894207681653,0.3451454875182588
0.20235792618674553,0.34347377309108973
0.2025694330460264,0.3437837920081772
0.20273744079388928,0.34403847701755175
0.20568872540541755,0.34116721512836157
0.20591581092448166,0.3413509383402155
0.2086472276798217,0.337387131262419
0.2087718884793614,0.33749450641535506
0.21123954266308437,0.332183836482288
0.2112595503827949,0.332180729010072
0.21322979458687663,0.3257908533961654
0.213130933406544,0.32567063628062504
0.21427529384578897,0.3176104214795183
0.2139847485639322,0.31732617535124863
0.214050387701272,0.3080328003646128
0.21353837487014732,0.3075757857948924
0.21230519375130041,0.30648288800735335
0.21041019182165482,0.2854894441779309
0.20941071529614455,0.28805037956010715
0.20812257314569083,0.2780978842572294
0.2077805852287173,0.27178439906010154
0.210873415895437,0.2805294030058805
0.20897805707060374,0.27243755545624476
0.2104132467993014,0.276891685711654
0.20754454043114517,0.26743968622728675
0.21093033654766793,0.2762782260002822
0.20755205409583852,0.2659114922557363
0.20946437479484203,0.2701381310860139
0.21234696804863823,0.27759358819876856
0.21382110628399745,0.2812525174449102
0.21652718724995001,0.28765663046154777
0.19770109998754964,0.24425798410125077
0.20130149419543159,0.24890973055910764
0.19330965232529249,0.2352438272349564
0.19521207218868802,0.23650995805641922
0.18613256740960338,0.22265486150964325
0.18826764688867734,0.22325743407108056
0.19036411691520752,0.22340377454655774
0.18051525524212253,0.2097589038464578
0.18274132326452186,0.20925485581271797
0.17086304757406853,0.19487280588842704
0.1731215194957837,0.19349883477663354
0.1617319825926948,0.17750121277481723
0.16373444239172272,0.1748917583768395
0.1491374699234949,0.16172361452461675
0.15090597571237624,0.15835229027757297
0.15257141647418526,0.15454661732559627
0.136187523428947,0.14218757818458344
0.13750002500630576,0.13777390859478034
0.12043085608431103,0.1271877278439108
0.12132840767291381,0.12230423385592631
0.12204275344211611,0.11707556446330597
0.10352423611410039,0.10862662948610186
0.10373991463922058,0.10370174693582146
0.08477341549109056,0.09317390377502438
0.08421125175967169,0.08826319015523032
0.08340151483145981,0.08318225843483701
0.06392670390935457,0.08054781657573429
0.06267565701398761,0.07575509632753824
0.044089000164770964,0.07572390406490204
0.042483775507721144,0.07137929461270265
0.04064911870183381,0.06704159531158094
0.022695140296036337,0.07026124011495072
0.020664010872541827,0.06655167315718569
0.004543346093749567,0.07210233128182364
0.0024751367087042786,0.06912087941881118
-0.011988144555473618,0.07705949684800395
-0.025985490120231575,0.08439603516405725
-0.02765404959588233,0.08297145129273048
-0.038688906138007906,0.09344513899690138
-0.039939077929166567,0.09296280923533984
-0.046512705165565965,0.105508134169221
-0.04799283849549835,0.1065710015527993
-0.051646675804046915,0.12047231923697516
-0.051721639016548915,0.12452547073310527
-0.051525732424791304,0.12642380830717653
-0.05108757851925161,0.12844969285217653
-0.049572487009939215,0.15359746067600397
-0.04421979286840877,0.16899256021443446
-0.041888083227363704,0.17072728009624755
-0.032614884224817786,0.1841879237869883
-0.02890522575082277,0.1860335966988413
-0.021201006604845862,0.19549389783619042
-0.016517463630102536,0.19724404341968294
-0.011517109079842325,0.19872559160212
-0.006245565628133887,0.19984236568034797
0.0036781778757691286,0.20658127012683172
0.009566177125568454,0.2067380274820108
0.015571478627592727,0.20684030886430294
0.026073190536028523,0.21195885026461628
0.03250270092868113,0.21218383762155588
0.038962499389453564,0.212285970722989
0.049721349058503506,0.21565076660322846
0.05653635621425368,0.21504854614047678
0.0668134637173114,0.2167484391565449
0.0739011864108538,0.21532183291347085
0.08104631187235745,0.21354661826581828
0.09093968957771742,0.21330215849900946
0.09819736325539458,0.2106042474725767
0.10723565593128256,0.20908782924681696
0.11453153048988737,0.20563116993308359
0.12176806081326713,0.20175421550507644
0.12969072065575893,0.19880802102863596
0.13678755204311746,0.1941046879531008
0.14375726498023278,0.18910774187709173
0.15051990387457054,0.18388217719131536
0.1556408767165733,0.18128329158386994
0.1622092720016351,0.1754572516182444
0.16625232155441172,0.17121015024883293
0.1723694185386934,0.1660590988586355
0.17854251963075105,0.16148548098144733
0.1806334947383265,0.1588235836188295
0.1865868388259082,0.1530267725985118
0.19204449219602898,0.14784659735053224
0.19315629888608776,0.1450994942215971
0.19822111080866064,0.13963227776276582
0.20307934722120924,0.1347869778318537
0.20270801960526685,0.13387264236747876
0.20736656989903157,0.12868832995658716
0.21180096777845026,0.12332436109740566
0.21036940671808016,0.1227221596416887
0.21454772524869886,0.11731377211357119
0.2118303797918078,0.11751409666876977
0.21577902697940096,0.11211526608773695
0.21215989254875023,0.11287965832284177
0.21589606392728294,0.10758104360238485
0.2194350963123794,0.10220691585386163
0.21466754179321818,0.10477279157533084
0.21811200481276474,0.0998117839107143
0.2125241359922787,0.10255298217147477
0.21585430014475493,0.09783816898581313
0.2190875024829805,0.09346814017347194
0.22207468782564438,0.08918155881668127
0.21543637969093032,0.09384038846268677
0.21845210640327403,0.09006635994866613
0.22131162677692343,0.08628177500121761
0.21395022606347644,0.09139387380369907
0.2167352654161566,0.0878405619909132
0.21939215526411637,0.08429615988487574
0.21082870306434867,0.09021907314256422
0.21341795286367576,0.08694268850445247
0.20411820471322004,0.09290590519949632
0.20664655173431137,0.08993966612053422
0.20906196975131677,0.08703050511278201
0.19899827732331113,0.09332029437224196
0.20133138718808308,0.09074436429167951
0.1899745702473291,0.09727996770516631
0.1922458156332643,0.0950897769021562
0.1944281510863835,0.09307585088486042
0.19653982362312217,0.09108949075710915
0.18400653437419262,0.098268600607758
0.1860137998671675,0.09677821364263009
0.17294433403063422,0.10331531981703207
0.17481370086228382,0.10207985274315531
0.1765845378475842,0.10089488822228018
0.17825297270651833,0.09974991952401754
0.16394877996636675,0.10612129205366588
0.16547626662592202,0.10523399832237679
0.16690953322594093,0.10442931596490754
0.15215228825473234,0.11001416855541055
0.15342718211225514,0.10946075213521683
0.15460888167316875,0.10895479160375032
0.138772118005534,0.11372934867966589
0.13973386770692314,0.11335572455370246
0.12372358682062803,0.11683396656825584
0.12444267740191714,0.11659183961095818
0.12505330422492944,0.1163711708582181
0.10823632230891464,0.11868653185406725
0.10866600299551228,0.11857729787395202
0.09211164593907033,0.11954192787197734
0.09237248985810487,0.11950055503852525
0.09261122680762295,0.11944255588234348
0.07575951760893818,0.11908945531228618
0.07575353281416573,0.11909965293761401
0.059447604791574765,0.11749817602592039
0.05927391956356083,0.11751118590300921
0.05903944324526526,0.11752924969504777
0.042741984635301454,0.11464551656199354
0.042329428229488174,0.11465272000517857
0.027452004672718376,0.11081304586135945
0.026882506229349516,0.1107652308150602
0.02617204767720054,0.1107112820657053
0.010845210274522503,0.1054611420998918
0.009972591290030013,0.10533395754763392
-0.004201434158262258,0.09923660272869889
-0.005230145493878478,0.09901169767092899
-0.006338002927087621,0.09876423469701384
-0.019907286390765458,0.09163345523998581
-0.021135262653358404,0.09126370376440443
-0.02246291900411631,0.09086132892288604
-0.023847601872998427,0.09042871155083138
-0.04627540188978156,0.07476338653237843
-0.047522674666488296,0.0743306627652035
-0.057611653732354294,0.0659992080163472
-0.058672951992698175,0.0655061506189463
-0.0597169061601298,0.0650216065276612
-0.06884458493342424,0.05634427538988862
-0.06984839232162503,0.0557598729694857
-0.07790986119305783,0.047209117580116255
-0.07891453789890827,0.04654400230783634
-0.08626949766396667,0.03794028539454053
-0.08726828948895851,0.037185558107855426
-0.09374382033125157,0.028900736019006307
-0.09473635794477951,0.02804944270013407
-0.09575998631269633,0.02716753589644877
-0.1016165948845824,0.018952337379228523
-0.10260369595944203,0.017975956760479
-0.10776336910870764,0.01021958122215183
-0.10872000628555811,0.009153736506169102
-0.10969657736520931,0.008066149220107288
-0.11769382407250517,-0.005103280840731861
-0.11859821782230462,-0.006277125575987752
-0.12258371287558108,-0.012619168851075752
-0.12351957445766934,-0.013764293123093158
-0.12709031702801357,-0.019462455075856644
-0.12795724937295516,-0.02066349807977355
-0.1286838944240389,-0.021328776468185345
-0.12976374318984282,-0.022430526553057634
-0.13602091203493027,-0.030334823170074854
-0.13666126225427325,-0.03093076826304772
-0.1382594779539166,-0.0331621755402558
-0.1441152164176881,-0.03788601750246168
-0.14481981399771832,-0.03874286790444961
-0.1484112135092959,-0.04053982441085485
-0.15228395998513938,-0.042029497658427895
-0.15283608345391747,-0.04294830307973338
-0.15343190165786458,-0.043757325157364385
-0.1545034456846777,-0.04532590201296968
-0.1603592055409276,-0.04262865934939658
-0.1608054770538169,-0.04323960860039508
-0.1613016566872736,-0.04371510744616683
-0.16197048715444923,-0.044171593851570434
-0.16210444984447658,-0.044199552722619884
-0.16755981366361394,-0.037239355774789346
-0.16793724189842246,-0.037592660482921675
-0.17047099643044292,-0.03245205050783634
-0.17070503345246701,-0.0326940443041131
-0.17270572695741707,-0.02643999361721175
-0.17280650679351628,-0.026516022681308205
-0.17411916488272314,-0.018777599050721572
-0.1739927474041095,-0.018648500715462535
-0.17351552223577998,-0.018202765083276923
-0.1731708761235882,-0.01788687373991149
-0.17226576911443087,-0.017061317548143495
-0.17184174966495136,-0.017305860868353645
-0.1706695107615441,0.020527245927764948
-0.1725319028269064,0.01792624452245245
-0.17631474679695683,0.010161799350521972
-0.17766029693493238,0.005188209662367105
-0.17988484150454878,-0.004337060865486436
-0.18188493427029837,-0.01357814294601764
-0.17111586168466592,0.032056724593688524
-0.17313319280291603,0.02783987286214351
-0.17696088533150656,0.019765882135379526
-0.1672498656511311,0.04245027660542097
-0.17115264538424654,0.03610657590285454
-0.17330058004951884,0.03294389161686795
-0.15887380773282353,0.05784404293335202
-0.15251349012819185,0.06730029132732396
-0.15477898262589931,0.06540412510129406
-0.14645562458877168,0.07578222967336218
-0.1360754166941756,0.08627609357949476
-0.13968330614754756,0.08433183768825853
-0.14280788480154671,0.08306621629846686
-0.11211545665080275,0.10423093996769214
-0.11418656721408556,0.10387790770626237
-0.11504818346709317,0.10405022844114803
-0.09759546114154907,0.11275519984399049
-0.07985525320288817,0.1194588006549657
-0.08010286945200697,0.11996983216560075
-0.0801311836201191,0.12071826154622772
-0.06125904714018392,0.1257114760508582
-0.06092424428568395,0.12731024548662867
-0.042502016642031654,0.13127874811730614
-0.04216612023179007,0.13371030685337792
-0.04159306601478395,0.13677342052439237
-0.02258313577022385,0.1397947695502372
-0.021804076661807118,0.14369402392955677
-0.019657283845141094,0.15253254769761834
-0.018250210599073384,0.15732068911982022
0.017736723177195157,0.1519406730111039
0.03597295175370736,0.15194415775939427
0.03945366644491459,0.15809794091192633
0.054596718164320227,0.15123584465592152
0.06918073059716476,0.14490472902870113
0.07050901581687952,0.14663756187463567
0.07218151925568678,0.14793910784394343
0.0777384216683418,0.15028763053654198
0.07971694955775804,0.15041778929330157
0.09847357180294308,0.10992255628955624
0.09878220252869419,0.10762126616853279
0.0989800568280852,0.10301137875281065
0.09912011409575311,0.10007684655449071
0.0983525924138963,0.09547549787170966
0.09579036164823537,0.059722309808811186
0.09316240757712305,0.05762193010344217
0.084916617157823,0.04301955535346889
0.08147628761282963,0.040400397981932845
0.07494057963271605,0.030303093515802917
0.07052651348743263,0.028013730734344516
0.0660719514852458,0.026075354499208947
0.057726270138181546,0.01800810329938826
0.05216752887560827,0.016879415895537736
0.042730689406288325,0.010929051098706816
0.03635683579019877,0.01021920235129195
0.030166702464552136,0.009252153709166128
0.020721152368762902,0.004423926900939845
0.014014468691990412,0.0036928826328028463
0.004315412643635885,6.607354555682177e-05
-0.002280184373397387,0.0004734761487260042
-0.009536398864218615,0.0010062777030935277
-0.019164105345766874,-0.0006517615214284012
-0.026684344586879127,0.000544365193706986
-0.03429152829943197,0.0020680544743211238
-0.043422762681582044,0.0021978237857697147
-0.051102959462138525,0.004501811113694909
-0.05875200863183086,0.007194308592793963
-0.06697223445005468,0.008880223796016495
-0.07405379071804946,0.011029949721215238
-0.08164708348560334,0.01482601097674674
-0.0891384770935634,0.018951904828380106
-0.09488272374173845,0.021987280936285436
-0.10215137455513237,0.026660586994379787
-0.10926752017135635,0.03166145251633978
-0.11383084389218495,0.03534804518518936
-0.12053028935731591,0.03974471794772855
-0.12696615711879577,0.04467973778027717
-0.13342640378981038,0.05061456919281254
-0.13626369837062957,0.05387553205410234
-0.14204159081128326,0.05823279089069
-0.14316708373584147,0.05972030178350052
-0.1487436999715504,0.06395615258552917
-0.15414560993074283,0.06842289456979728
-0.15936827473768062,0.07309818874264268
-0.1590120052312674,0.07406417588765535
-0.16398472904193745,0.07888887042716342
-0.1687648146452903,0.08388455458569177
-0.1733469001370828,0.08903606100111072
-0.17772555246792948,0.09430414121246355
-0.16914890989147785,0.08940789893335532
-0.17345321003264488,0.09445011680636672
-0.177559572826149,0.0995712305221042
-0.18146772984285592,0.10476586646162223
-0.1691890229368994,0.09738249592031345
-0.17301758196621467,0.10153096039512316
-0.1670280081640166,0.09923558730603488
-0.17076612519724335,0.10340977175619348
-0.17441476417702212,0.10743734295073099
-0.16757337249926568,0.10438575558704716
-0.17141387128225932,0.10847948126998258
-0.1642057346387652,0.10525520119202353
-0.16784781680919986,0.10904569040750056
-0.1713044583058105,0.11279965763772515
-0.17458355448293586,0.11651753726534575
-0.16587575643407104,0.11197475301076526
-0.16896788360042342,0.11535606095234513
-0.15960996707241262,0.11074276885587336
-0.16256017668727912,0.1137712504741315
-0.16535624169732877,0.11671363384414313
-0.15407487802776876,0.11104153663216793
-0.15670605940550056,0.11350062333131306
-0.14486326493011165,0.10810288903120219
-0.14738028320002783,0.11020900012619361
-0.14979018327632598,0.11222248087333747
-0.13680149932510677,0.10659167399023256
-0.13907703293630067,0.1079299687975428
-0.12563600896652094,0.10286149270857964
-0.1277816622195877,0.10403952934090649
-0.12982015708307837,0.1051807465998742
-0.1317716926202077,0.10626963534732592
-0.1336185560385575,0.10733244159529176
-0.10277643405479832,0.09775327950093138
-0.10449638666283265,0.0984608199544938
-0.10611260572595235,0.09912883865701544
-0.09066539443723702,0.09613296051168457
-0.09209267645588885,0.09658594938800463
-0.09341295760998339,0.09698784641139618
-0.07716030976425742,0.09488780186225754
-0.07827011209834475,0.0951440419821476
-0.07927102375258319,0.09537629600942893
-0.06245533315827916,0.09445247660988282
-0.06321247484328305,0.09462167223202311
-0.04676442478307718,0.0950405796336769
-0.047298019212401836,0.0951434119022666
-0.030746470454877155,0.09684368682262956
-0.031094535863183198,0.09688494902565398
-0.015224672408191642,0.09972972152488396
-0.015382202569434136,0.09973266567654626
-0.015522781199319206,0.09973704288945995
0.00012482212759450106,0.10380486092565377
0.00016346274804026478,0.1038115098989878
0.014895104176851491,0.10883855544776316
0.015125561549766901,0.10887599878098586
0.015438022667588265,0.10892858346486523
0.029794763657668165,0.11505408425422003
0.030257422931631556,0.11517192357767264
0.043515602753006415,0.12202358653462952
0.0441522938070061,0.12220651717016917
0.04486039289913677,0.12241353734241872
0.04568974627851259,0.1226418521618311
0.05843211913452734,0.1304731906541871
0.07000346524488715,0.13866786821296206
0.07100941971189045,0.1390973787233189
0.08184168256695845,0.14789978442781465
0.08294419561426604,0.1484699272197622
0.0926145906479396,0.15744080826106066
0.09381980080194635,0.15814845064174
0.10261544214337823,0.16734326975185515
0.11029949036978123,0.1761878234839264
0.1130621960140957,0.17711263450522308
0.12067322687414342,0.18580238045611774
0.12227605629949206,0.18658462078253657
0.1255469306886784,0.18831256830638096
0.12735465812938465,0.18913066697235287
0.13154419832894676,0.19073629573946055
0.14654130744826488,0.21424218004358797
0.15072954851550482,0.216690343505489
0.15628369630056546,0.22455039930528975
0.1585990329467304,0.225920096811197
0.16264808731560712,0.22824424831904544
0.1725071230997465,0.2430207657380532
0.17473058854117668,0.24507211623860292
0.1791299769390655,0.2517883642552766
0.18019912986263065,0.2535945222877032
0.18113752735771438,0.25602727357167415
0.1839561136286963,0.2602703635571219
0.18942326304064272,0.26997635465956504
0.1907032040876822,0.2720525147146613
0.1920786910760009,0.27396329750681886
0.1953018594420323,0.2786565178316771
0.19648781045760624,0.2804861036701439
0.19972711428803955,0.28423186297453984
0.20148717999755222,0.2876982671079758
0.2047478829646188,0.2904227956238761
0.2087290589183213,0.29374180178011033
0.209909618436041,0.2964697844612718
0.2132665067409611,0.297088732338166
0.21373538203240794,0.29821829551272655
0.21449743636551427,0.2997671109203729
0.21504298835979027,0.3006136610751783
0.22182182728441288,0.2972838557602171
0.22230257531197048,0.29803946351107546
0.22602574948000725,0.2951728273880148
0.22685189034376518,0.2963799090224135
0.23058962186731988,0.2920780872463421
0.2344004798857438,0.2870117316711129
0.2347654849677746,0.2874492973201129
0.2379267728099378,0.28037565186034824
0.23787787623965378,0.28023877960957067
0.23774115576068341,0.2800310499915926
0.23730173757515408,0.27937902725948954
0.2368123015343199,0.2786814325129047
0.23661022691989803,0.27895350142320824
0.24281535865186935,0.23968431066226806
0.24253175575452768,0.22976184825171084
0.2427739410423634,0.23111590834924503
0.24294707560503884,0.2322847280724845
0.24136372354463825,0.2195714255347691
0.24146915327940965,0.22035987757811012
0.24146740972857011,0.22137485162969403
0.24136270784528188,0.22159818783004642
0.23352115319776973,0.192219599582917
0.22730446536843116,0.17721435308316494
0.2271212711972331,0.17755329286118132
0.22708944117601118,0.17877735522454677
0.22722345209858485,0.18099553821918962
0.2276049809886324,0.18409588364522605
0.21327205266041885,0.15790058071613777
0.2160581516344309,0.16448153036942115
0.20772009887565487,0.15197324415481422
0.2095156982549659,0.15429253803885568
0.2131282076282038,0.1574771188986389
0.21499964809736946,0.15830392884281996
0.19284404324197024,0.1289606651013679
0.19489971264803616,0.12873713229412004
0.18294440224716083,0.11498917700451666
0.18501045649955564,0.11382295063151715
0.1734078194096497,0.09821918371493132
0.16068968320323956,0.08283384075460043
0.16239019279639302,0.07957584938810236
0.16398966192102618,0.07588816528419134
0.14755485004175667,0.06375750952365095
0.13169678683642647,0.04907793034353025
0.13254709492434763,0.04431092498654515
0.13321586269539817,0.03919959740114931
0.11517343910978149,0.030972934941455255
0.11532255025397814,0.026184626188876847
0.09639858754922168,0.02047323229398218
0.09603442494480491,0.01553195622522724
0.07612296288348883,0.007383448161093709
0.07510436278231596,0.002668421908425922
0.05660317233537142,0.0024169778862282443
0.05525668235281028,-0.001699807186346769
0.053638134753753286,-0.005786588700359585
0.035692706676976896,-0.0026991482328268535
0.01769750286480068,-0.0006618362914985743
0.013729456205165913,-0.00610880806936448
0.009144218570981383,-0.011299630864347099
-0.014754813327308602,0.009551589984962805
-0.01816374921789954,0.006787847001026165
-0.027485800253778697,0.018417841400656276
-0.03542669190664577,0.030265572816420783
-0.03674080705395827,0.030441675243054106
-0.04021628929502169,0.043899904459033495
-0.04117313452810084,0.059041773025016675
-0.04045510038736305,0.06061277493302725
-0.03825225676927768,0.06402874429405246
-0.036944565086332315,0.06622200506207022
-0.03152814878548138,0.089757494621374
-0.0256313945062423,0.09381693670080707
-0.01928849435022978,0.10463518714494183
-0.015427656263298117,0.1067065182590281
-0.007450319657416771,0.11620749270394823
-0.0027886820365138343,0.1178845200619102
0.0021948291549544474,0.11915082274651256
0.011650316342060651,0.12644305121943694
0.017398266784307503,0.12694472702084525
0.02297769164456953,0.12661393982401378
0.03352816567849637,0.13176296805609156
0.039992545598210916,0.13240285286137524
0.04649727472614262,0.1326664264525655
0.057072283884606556,0.13626205156865545
0.0638283465726053,0.13578485942110619
0.07402175018530796,0.13770241408334183
0.08107492442036951,0.13640890905071684
0.08819013983525514,0.1347743892102381
0.09797217556655671,0.1348035785009579
0.10519448488342104,0.13243234870651385
0.11407784516187586,0.1311994193457838
0.12131366516071129,0.12791712045738204
0.12851033646449594,0.12436955563187033
0.13564729331231623,0.12045303058494664
0.1430952888420003,0.11878719785485367
0.15016378466992392,0.11400994775906864
0.1570422834080393,0.10904158681581141
0.1623618513446894,0.10537118895948178
0.16901159185693732,0.09980946560675516
0.1730918933179199,0.09575457979768764
0.17942318170006472,0.08969786833054444
0.185423755253599,0.084228169419899
0.19114405003370807,0.07971722629971328
0.19345619840059142,0.07736256147422926
0.19842533860931907,0.07304986725740242
0.20377329001599193,0.06834355906309031
0.20482771011903605,0.06676850032034248
0.20990068525696234,0.06183681135697794
0.2147685765026687,0.05670212749730685
0.2194244967756217,0.05140793918231029
0.218985024408757,0.05031720500057402
0.2233648075541503,0.04490899669147802
0.22192143944480228,0.044300627918306024
0.22604202617274743,0.038838173910618445
0.2299516023825735,0.033293119182531083
0.23364978861578004,0.027661081879044758
0.22359020397996937,0.03444730019488618
0.2272721035746692,0.02910297074170226
0.22241049809085325,0.03076811085078307
0.22597532693302075,0.02574831748712686
0.22071838781287678,0.02819418072757668
0.22417820349421502,0.023876917610233972
0.2178546572049503,0.027003127173266694
0.2138167058415391,0.02674086560469452
0.21696594199770358,0.02327693896030869
0.22004202206951998,0.020262060180204933
0.21095934428266663,0.026530261116450182
0.21407950983609955,0.02473135867295939
0.20434802583155606,0.03166841469141829
0.20722809619814547,0.030929704657405188
0.2100211234685042,0.029034514232205433
0.21554495056202147,0.023128103775886755
0.1908640235353477,0.03627443272594566
0.19367449358232586,0.033874431885363265
0.1963657842954318,0.03153074342524559
0.1835196062686542,0.03682672943400178
0.17285028520342716,0.039581429682807645
0.1776481377548779,0.036524545338385894
0.16383348113674598,0.04121353328916538
0.16600266256801532,0.040181077099687545
0.1512959127083762,0.04417810906815822
0.15333250797934087,0.04335877588913567
0.15528010719372365,0.04253139418557267
0.13975172777166375,0.04581235789772109
0.14149256422339254,0.04521807278740769
0.12597965588990728,0.047417366523584636
0.1275077547139734,0.046952621393440974
0.12889140872165486,0.046530703004602825
0.11273599575081057,0.047762750395303255
0.11391528898589394,0.04747187606557879
0.09803887168280688,0.04755722955524028
0.09901922676113663,0.04740789477026902
0.10061219291399125,0.047130673455703376
0.10124695926487633,0.04699606806668766
0.06864389487771556,0.04383625358882104
0.06906893781198808,0.04378605845194927
0.06935752241126207,0.04374712220651056
0.06987094130852661,0.04371469556041796
0.03934011074821444,0.036041351690994705
0.03937441852735735,0.03603776166827671
0.03931873825361092,0.0360222610365743
0.02503541809729876,0.03072908509320793
0.011484777269648139,0.024565654466622677
0.01104916327876744,0.024453224436641552
0.010534190209420332,0.02433579915894757
-0.002405508963620695,0.017295516865150018
-0.003039352573166627,0.01709434121913811
-0.004548889915000294,0.016613043658380455
-0.005401296642933314,0.016344868982374305
-0.027519799302541805,0.0008548009172340554
-0.03848285519653463,-0.007900834388908984
-0.03950486970123227,-0.008441820491605634
-0.040605877666688245,-0.009030376263996776
-0.04990043338512254,-0.01781606675823616
-0.05897220060484864,-0.027045652039990598
-0.06013580746320493,-0.0276274274024704
-0.061194927451659685,-0.02829556868555816
-0.06851966506679634,-0.036900045244754154
-0.06959445826192741,-0.03761285924719718
-0.0707132409262337,-0.03832724094429549
-0.07186941606882938,-0.039105490571588075
-0.07310511350011559,-0.03988125998683503
-0.08437683702718163,-0.055650508474087174
-0.0855207957862332,-0.056601795641525815
-0.09069296129065266,-0.06435830574396459
-0.09256791528986302,-0.06644259369720568
-0.0971800916445396,-0.07388764425115718
-0.0980890559057024,-0.07498041107455916
-0.09993922929567206,-0.07719890216374176
-0.10083634103660236,-0.07834128116930253
-0.10270896944102943,-0.08063673856927639
-0.11225826486852196,-0.09740387257518307
-0.11382086810908237,-0.09981676184691926
-0.11705896784646766,-0.10505604313630576
-0.11772146157057248,-0.10650470081573396
-0.11904461720696678,-0.10952424942353373
-0.1196909184423456,-0.11109990269182271
-0.1251201233974791,-0.1183661237469597
-0.12568706114554942,-0.12009190047514728
-0.12869665017502446,-0.1235090395021945
-0.1292747688058891,-0.12528709309484415
-0.13294995209127375,-0.12951529515897123
-0.13348405220330353,-0.13116372264350046
-0.13457159807615046,-0.13408395738600717
-0.14105167758810216,-0.13548679388571233
-0.14162340694055456,-0.13646091381511088
-0.14265903962074733,-0.1380867399227083
-0.14931983359481762,-0.13454619294804188
-0.14981486490186202,-0.13512416593000065
-0.1506584911581367,-0.1361550882886703
-0.15103066079147254,-0.1365614644559
-0.15693625818223025,-0.12782557116948257
-0.15990790163188534,-0.122161534531606
-0.16005553904626577,-0.12232510000869512
-0.1622900630831809,-0.1149512354967481
-0.16370867509641723,-0.1063445933699847
-0.16308365541265915,-0.10565484612460965
-0.1625124236061965,-0.10504464667818511
-0.1619130618540669,-0.10442396175360497
-0.16184154765962835,-0.1044329709092725
-0.16315813093748882,-0.10710302906931132
-0.16423552095272892,-0.11199527845468321
-0.16468271322168682,-0.11425780214544248
-0.16139790040480415,-0.05833521622803928
-0.16230872442152164,-0.06027905441341447
-0.16391654388460725,-0.06399320730087638
-0.16460153920427656,-0.06656306360172942
-0.15280160262706596,-0.03590398301480996
-0.15584365372828982,-0.04337999341442483
-0.1497695519699271,-0.03147498810507793
-0.1442808848688089,-0.022487393172458736
-0.14778371572474724,-0.027630834208356547
-0.15181900977197993,-0.032024804675016116
-0.1555658445759841,-0.03533405535658557
-0.12609966477710516,0.0068651142256418995
-0.11644051886613564,0.01872066134403616
-0.12029919174263586,0.018552078370666636
-0.12352022780412945,0.019459296982124452
-0.0928889919196768,0.04207373500210271
-0.09401416450013175,0.0431009396730162
-0.0951485891990035,0.044216258745943426
-0.09699635292550235,0.04690888580522651
-0.061946698319571156,0.06306202669834632
-0.06244929263344572,0.06442690558505965
-0.06276586400670696,0.065897601025383
-0.0629775164762495,0.06785910356180297
-0.0627048739659143,0.07080863371534407
-0.02528777199567654,0.08007476759375592
-0.025077313221767972,0.08353483114684518
-0.02477580980976491,0.08767157932375946
-0.005721860191069068,0.09170703177896078
-0.005033677818651635,0.09621915561679295
0.013359128419262657,0.09795533806494666
0.014409071703901266,0.10224844081129589
0.01566118418079166,0.10657451723734274
0.03376544866177601,0.1052318832135207
0.03528833632296892,0.10902972807119876
0.03887644457076493,0.1163169299460777
0.07000781403984115,0.10483163482126609
0.08478056519842607,0.09838553357951985
0.0863392938951058,0.09992320665172369
0.09802373878547357,0.09080774311841827
0.10066269515078055,0.09151454868129438
0.10205685920396407,0.09110513666941036
0.1031720734881578,0.09071594945057629
0.10608140042293601,0.08806596674075842
0.11673510804509366,0.04796969332479742
0.11635877527446445,0.045599740040360395
0.11573547880595642,0.04330125626646458
0.11399452815765071,0.0381315880778496
0.11131351739768397,0.03317695234086612
0.10771402838229763,0.028259103633998917
0.10531112524878253,0.02551253735018427
0.09024243661966883,-0.014585244559012826
0.08049068384986591,-0.018211605638983483
0.07163323821712012,-0.026138670509572803
0.06604009952688902,-0.02726592076468186
0.05664082821014496,-0.03383183044207093
0.05041440539791037,-0.03547438837172749
0.04485544903918512,-0.03733569105488163
0.035388498965466614,-0.04266967764165158
0.028746752983242113,-0.043302071341488585
0.01914342718894077,-0.04686741467035971
0.012176146734844184,-0.046837398978098715
0.005044407754539182,-0.04643775291616428
-0.0044601858950313045,-0.04804299118059113
-0.011854082626188728,-0.04678265091346265
-0.020754327459872712,-0.04701540509419169
-0.028352354878319552,-0.04502330445785643
-0.04402374956627389,-0.04148867324772032
-0.05164489575651765,-0.03844414337732932
-0.06669764649951629,-0.031368014396604305
-0.07411334012795706,-0.02730225713432749
-0.0885893748036273,-0.017956578210063023
-0.09149262942355665,-0.01718855091998628
-0.09852954952488602,-0.011964902722279847
-0.1076295496835846,-0.005297901250382486
-0.1136187456254916,-0.0014546056630843074
-0.11506983572946228,0.0011647825971695669
-0.12120284128109515,0.006584539037338855
-0.12718421425540244,0.012376025534884538
-0.12728432852173677,0.015120185684427856
-0.1326843456941207,0.020849932564284857
-0.1443376443816104,0.031009227375493054
-0.14989147161817945,0.03634915808141331
-0.14681610443181006,0.037749685645427855
-0.14328170674713087,0.03773738282480932
-0.14795166734240286,0.042523956552120934
-0.147491735236307,0.04634736655812255
-0.1517618148231491,0.051079171400619905
-0.15987140538341157,0.05951348947666729
-0.16355692177120473,0.06334300785737512
-0.14738277970661565,0.05397380869625573
-0.150895618891208,0.0573576109412115
-0.14278516731210614,0.05421470565583014
-0.1462781342603542,0.0571307960369537
-0.14962452299885326,0.05969440749650334
-0.15292902431333139,0.062123910771203494
-0.14347296622007635,0.05661485931074539
-0.14665638580957133,0.057919495470581284
-0.13645334887352148,0.052911462934789766
-0.1396405871379257,0.05536457117749666
-0.14275507979229088,0.057947595127860574
-0.13247289556750955,0.05394737748754991
-0.12019660131808108,0.049864629758918144
-0.12603525765806153,0.05397539908019816
-0.11542996311678301,0.051541985457803974
-0.10180227362246373,0.048007454557828344
-0.10679959483604481,0.050627021127494676
-0.11120508901066067,0.05286775466032079
-0.07939239722410571,0.04560181304018229
-0.08333249050946456,0.046832870985900055
-0.08684036334045087,0.047816257370340565
-0.08991877484414301,0.04851257413006804
-0.09129676864379124,0.04874666189306742
-0.09373988167332015,0.04901603757443268
-0.025750859083457464,0.04585763122460046
-0.027628615964998007,0.04575052976808813
-0.011618903621322382,0.04834039627012188
-0.012316699358738331,0.04834023802747267
0.0029381190700809162,0.05213127055475447
0.0019615183203149852,0.052347067195550046
0.01709933673767658,0.057206776433608164
0.016961304204684502,0.05722328399384341
0.0311420457314229,0.06298904956967044
0.031036494570779227,0.06300016224350707
0.0310433501821918,0.06301328042955162
0.04491726981280261,0.06978940959753427
0.057465736073116995,0.07699387689086085
0.05788581354490293,0.07713294347319932
0.0584075790093334,0.07731266371917184
0.07074430946580296,0.08565168438552162
0.08250767477015088,0.09461763433167752
0.08341012609994314,0.09503503359653764
0.0947025393199222,0.10487584270896005
0.10483646479856251,0.11494073863728244
0.10701686830801309,0.11654763926835832
0.1153833817409923,0.12643709613409704
0.1165143191860177,0.1274765220857621
0.12351909958845983,0.13668946299474344
0.12670370723031327,0.1379408541448924
0.13317757866601695,0.14752738545572075
0.1342105914466032,0.14836626317501284
0.13623599731417185,0.14997726125425082
0.13727666619341383,0.15079366039582243
0.13816581558719426,0.15167103451439562
0.1473387746107923,0.168751068899093
0.15152837386256884,0.17696595378827132
0.15234079528911026,0.17802311299568885
0.1569411844598757,0.18704106092957237
0.16104842459043656,0.19556925645978737
0.16247503676357172,0.198229215724303
0.16551876564909918,0.2051602113461673
0.16895181861375036,0.2128626201841435
0.16995391780934738,0.21413699226722674
0.1736492850488152,0.2210855987014509
0.17501746275052144,0.22206458932253806
0.1784966595130484,0.22645825927040958
0.17994577744875506,0.2275068451245446
0.18453154479586695,0.23286945979868606
0.18521843969406857,0.23452437756937605
0.18685669952089426,0.23737901592129235
0.18767924941237696,0.23869619076740956
0.18911510243156648,0.24114362322156205
0.19744903145308057,0.24667599415966737
0.19795736246180817,0.24763939992286835
0.19886562115355064,0.24940692811458048
0.20508443836120038,0.24788945471916052
0.20548625861141182,0.24857124247926293
0.20940298109163497,0.24720868749093383
0.20986898802406562,0.24763544682767097
0.210542022953949,0.24852860800670012
0.21081822702066788,0.24889918959341248
0.21125521478765943,0.24942467286924502
0.2209524467903381,0.2349874822269359
0.22390600644729114,0.2278051641352531
0.22384571534640052,0.22770600944984878
0.2235522488171309,0.22728747556761714
0.22692920891302926,0.20856462583681631
0.2269087109002415,0.19699788479432523
0.22637914415835855,0.1974007103736896
0.2249622362904543,0.19040406234500026
0.22398852523444276,0.1952168911492909
0.22204712637884566,0.2083861671503473
0.2200051018703665,0.19539629260351507
0.2195842914331915,0.20180649444365265
0.21777222412856917,0.19360093639288398
0.21744887023101037,0.19947991864666367
0.21454396368620263,0.20047448493525633
0.2115995461078563,0.18977100508685307
0.21148454972387218,0.1992564721458766
0.21132884693339932,0.2079725813940369
0.21135062420168,0.2196033984011082
0.19943351836957648,0.17200731877991726
0.19448684356161955,0.16174262523164545
0.19706434946767235,0.16767318409558146
0.19937528483973904,0.17290223882472472
0.18156815503857984,0.14180257315622524
0.1726369874862822,0.13013374436816122
0.1736215877222687,0.13100549277174256
0.17533070517500535,0.13152410470290266
0.17630171076924467,0.13169627957266272
0.14943278576518243,0.10457049980408528
0.15010956088867772,0.10432497992897938
0.13562421912872538,0.09212857133101299
0.1359547646776449,0.09151652956686468
0.11965032112582091,0.08095803282315855
0.11988979463701463,0.07893308226078011
0.10315003904721401,0.06895410804091567
0.10429790982696224,0.062081445413365854
0.08713005794075185,0.052878361210187574
0.08770788092885536,0.04850796763925741
0.07059445197561258,0.04152148092652058
0.07086233231081678,0.03715543972161556
0.05322947084186794,0.028630298026898093
0.05289251856490289,0.0245541949517325
0.051601489721639276,0.0164260699909059
0.05063426837241649,0.012414291986236559
0.048077153958013215,0.004607375523166146
0.0447284507521066,-0.0028282184206938066
-0.012753516173862528,0.02354037334932868
-0.024582415896188314,0.03197237048373025
-0.026241675766783268,0.032061008366993105
-0.03477259286948556,0.043257892910088136
-0.04212432468324226,0.0597309393484996
-0.04227588351625697,0.062301542146772415
-0.0454116085893152,0.075002140756224
-0.045482084118476485,0.09005811280827969
-0.04370756131037684,0.09333621438445619
-0.040261708823089215,0.10892831860437213
-0.033456868345792035,0.12249028436290682
-0.029624995562422596,0.1246968806213293
-0.01896118153867654,0.13737254035947083
-0.006373735276117787,0.14699111146285776
-0.000954776714635841,0.1494428757072908
0.00449511638737804,0.15245457121521622
0.018237757721803083,0.16308783276647768
0.02628594094092851,0.16946552566218281
0.03280669144048215,0.17159719558970726
0.03888414023867687,0.17332225759228445
0.04735164455725199,0.17797892111848274
0.05395381423406437,0.1791680589441894
0.06156789751392566,0.18238835277461543
0.06862291019865097,0.18318604314554077
0.08426941872099758,0.18482961226118655
0.0999570822248973,0.1848793148342804
0.10846434170911495,0.18356170209735242
0.12347858720900329,0.1807978303408625
0.1319371647520658,0.1785688683473706
0.14863485808497068,0.17309275838595461
0.1565743070880492,0.17060545610396433
0.17168480044204454,0.16623371201275533
0.1674332856037562,0.1661980569924498
0.18301828721155206,0.15904888334726144
0.19818455351632971,0.1504019833658249
0.2125931700029423,0.14074366617341375
0.21949218247499522,0.1356093126580729
0.23230538968937486,0.12592226635343723
0.20818836229787507,0.13155597080930578
0.21462948288305989,0.12690456704219347
0.22087458203261373,0.12208802738136959
0.23270169675690708,0.1121166436686756
0.2165721683449982,0.11521895663092
0.2217096424520124,0.11206227858472337
0.2269127155805947,0.10796698980553907
0.23193024980506222,0.10396104542726398
0.22420645010607268,0.10559777899005751
0.22817920737005892,0.10469813033163028
0.23227662352950224,0.10305882807517952
0.22398175284038654,0.10510750923660958
0.22804090466201293,0.10347104957253256
0.23196893175903677,0.10175634003324763
0.2220953766617192,0.10412554481581532
0.22590162564272825,0.10251526082756218
0.21533050618696153,0.10462335445538629
0.21896291223361997,0.1031867828503002
0.2224742317122277,0.10171111897833482
0.22586270161746863,0.10020162750853989
0.2291297976211963,0.09866315090210404
0.23225027512665403,0.09717940680150833
0.23524519949960163,0.09570623253094312
0.23810301699774306,0.09425204785102556
0.17634394174330445,0.104687430836751
0.1790980800297744,0.10413637333265371
0.18177450197449568,0.10361054307259707
0.1842926536164261,0.10295876929592973
0.16935043688910992,0.10277235235361981
0.17169569974017482,0.10237553373100747
0.1563170827450169,0.10123311969699933
0.15840073393973594,0.10100929247463816
0.16037850700695708,0.10080920398830037
0.14510424123208376,0.09887181508907786
0.14680781552926359,0.09880835145376707
0.13159688992454285,0.0958348890318731
0.1330529368453613,0.09585853949597481
0.13439526781543978,0.0958771391721149
0.11908908564799714,0.09189776218925605
0.12017472686095329,0.09198652327017101
0.12112696489519925,0.0920757553293344
0.12197023292867204,0.09214552545361582
0.09006317061772094,0.08026719701163043
0.09067834904053626,0.08035617712062573
0.09162290034841743,0.08045909224327974
0.09193340279684091,0.08048259740619815
0.06331598450621678,0.06444084299581823
0.05111953355494257,0.055468481948431375
0.05122187837077202,0.055491153915660923
0.05124964954405313,0.05548677140521549
0.03950359270966476,0.045576697152262285
0.039377451093995874,0.04547063367892537
0.03860598389730001,0.04503861089604125
0.03816744619149924,0.044769125348788685
0.018175430282522817,0.023641712191930897
0.017612337511215284,0.023202006590942126
0.016306283326832427,0.022180612982336922
0.015570729781360135,0.02155706497209428
0.013894881569278303,0.02014150034718276
-0.007161075457766536,-0.012718680990369546
-0.007941724089957317,-0.01370053217542544
-0.014520302122103895,-0.026348655895238077
-0.015445208341736613,-0.027446356776839403
-0.02009666167779109,-0.03850587503957578
-0.020882438601448422,-0.03960838741129091
-0.021567716981870197,-0.04075412775286866
-0.025321327642987196,-0.051476996556846844
-0.029063076857844233,-0.06269491651727957
-0.029665709391806794,-0.06387619132432784
-0.030278298075012977,-0.06505581864935758
-0.03277256076478777,-0.0747880808188012
-0.035364485302855825,-0.08504531654512987
-0.035887742192455635,-0.08633520414134363
-0.038105183775407725,-0.09629661050439281
-0.03858502663347693,-0.0976849983736661
-0.03954849723663598,-0.10054291190607731
-0.04002480332853564,-0.10203291634874503
-0.04091039425595694,-0.10514249609664228
-0.04362679844021347,-0.12443882878700126
-0.04419870930437372,-0.12719797012455697
-0.045543466121097415,-0.13345823937945256
-0.046089274070484604,-0.13506455585931232
-0.04676072798104264,-0.13814245885303245
-0.04717805659622071,-0.1390423876390276
-0.05012212289803061,-0.14746343134116208
-0.05051231140618026,-0.14885072742455224
-0.05256904608184054,-0.1525477342718567
-0.053171872873348236,-0.15495697483479937
-0.05369333497486278,-0.15705040535812195
-0.05855184619860973,-0.16046403075925103
-0.05902218820188693,-0.1620970555845696
-0.062178520977851204,-0.16278890247277839
-0.06585099938929845,-0.1631200233323724
-0.06602003593556705,-0.16361888713079642
-0.06621306504495353,-0.16402671078993022
-0.06986359382506901,-0.16207243045090686
-0.07418241944733026,-0.15995618815064483
-0.07441035255575404,-0.16044512458229043
-0.07869963165263252,-0.15647043362285623
-0.08293916093141881,-0.15135190652075986
-0.08284094825383925,-0.15103554903665253
-0.08261525566729758,-0.15041255873154497
-0.08224396967779751,-0.14948579046615562
-0.09346879091743443,-0.12485567947594194
-0.09554708056814917,-0.11311018054989641
-0.09388137981524658,-0.1122332056312593
-0.09210798223477876,-0.11356320296063346
-0.08837608960862625,-0.11767973674825657
-0.09120699094877671,-0.08955218015121844
-0.090228119842447,-0.08695871154767199
-0.08885761765864691,-0.09834828748988766
-0.08731415787838409,-0.10927867022608256
-0.08476801492006025,-0.12428173678546432
-0.08505674829926585,-0.08075230099827096
-0.08507648709449964,-0.08558181825356848
-0.08300731603531797,-0.0775685767574264
-0.08302431866939919,-0.0817822558870511
-0.08016055358850618,-0.07120730409275788
-0.07599484238588142,-0.05588849591804104
-0.0770024575564277,-0.05819230112360346
-0.07830261550831824,-0.059921987049067066
-0.08164392658459879,-0.06202080291432907
-0.06963387550225314,-0.02719416089815682
-0.07421240819253355,-0.026367173675778344
-0.06964313135957265,-0.006497703454690751
-0.06109369731172831,0.01122703719330187
-0.06396609188533237,0.013701444193721185
-0.056525187229239854,0.03443948735817229
-0.05945519413064099,0.03816438318762416
-0.05055096423255431,0.05897948910155615
-0.053308567170029575,0.06374333308935523
-0.03943838973267019,0.07878189939570127
-0.04148986926480144,0.08347354119546249
-0.026858696903263535,0.09581743894524858
-0.029741278507962085,0.10515749876593894
-0.012769894139284435,0.11527835549712606
-0.013559124673935968,0.12002425556090493
0.0034568532328945745,0.1275337808069967
0.003065605244075842,0.13207289746142875
0.020587919408161504,0.1409959897774375
0.020858925947153956,0.14513129199917232
0.037820813252627046,0.14661557994725236
0.039225417665228246,0.15365620638337404
0.056624234311288074,0.15454483987095657
0.07140162648099427,0.15025407665429363
0.07352760162218992,0.15409323477385015
0.07613870590437063,0.15701637628688683
0.07991361305418207,0.15818293590602664
0.08200773261991309,0.15788969171197267
0.08609356127988799,0.1568640514381513
0.08987295729635111,0.15521376005749563
0.12064644146814354,0.09352798485679989
0.12135070643916807,0.07754456279730752
0.1181284757076867,0.07175761019523806
0.11682409378001726,0.059314815754462735
0.11129223082716441,0.043385161312965145
0.10783693543680659,0.04003797770289354
0.10391464928847716,0.03772113802337153
0.09817697710671244,0.027908111933856086
0.09311366435509924,0.025078731449831596
0.08599118283612356,0.01620337403011505
0.08049709365107507,0.013519034803362778
0.06767064182078175,0.0036405591392632414
0.061539331427375804,0.0009557246301177408
0.05379580963748434,-0.004914559250133066
0.04692740438827142,-0.007063729654279732
0.03982708883666458,-0.008867838757206231
0.031101870819515348,-0.01330232511887447
0.023567423365574963,-0.014452078155260561
0.01510866389786561,-0.017471989746943167
0.00723403365692718,-0.017963239258283553
-0.0007207260071349919,-0.01812800469012152
-0.016851324247388666,-0.017468930210642664
