x,y
7.150025054220327e-07,0.3616606761133604
7.150025054220327e-07,0.3616606761133604
7.150025054220327e-07,0.3616606761133604
7.150025054220327e-07,0.3616606761133604
7.150025054220327e-07,0.3616606761133604
7.150025054220327e-07,0.3616606761133604
7.150025054220327e-07,0.3616606761133604
7.150025054220327e-07,0.3616606761133604
7.150025054220327e-07,0.3616606761133604
7.150025054220327e-07,0.3616606761133604
7.150025054220327e-07,0.3616606761133604
7.150025054220327e-07,0.3616606761133604
7.150025054220327e-07,0.3616606761133604
7.150025054220327e-07,0.3616606761133604
7.150025054220327e-07,0.3616606761133604
7.150025054220327e-07,0.3616606761133604
7.150025054220327e-07,0.3616606761133604
7.150025054220327e-07,0.3616606761133604
7.150025054220327e-07,0.3616606761133604
7.150025054220327e-07,0.3616606761133604
7.150025054220327e-07,0.3616606761133604
7.150025054220327e-07,0.3616606761133604
7.150025054220327e-07,0.3616606761133604
7.150025054220327e-07,0.3616606761133604
7.150025054220327e-07,0.3616606761133604
7.150025054220327e-07,0.3616606761133604
7.150025054220327e-07,0.3616606761133604
7.150025054220327e-07,0.3616606761133604
7.150025054220327e-07,0.3616606761133604
7.150025054220327e-07,0.3616606761133604
7.150025054220327e-07,0.3616606761133604
7.150025054220327e-07,0.3616606761133604
7.150025054220327e-07,0.3616606761133604
7.150025054220327e-07,0.3616606761133604
7.150025054220327e-07,0.3616606761133604
0.004751578346017133,0.36188789975493335
-0.0006813534234004826,0.3609260485226805
0.0036835672599179036,0.36187015176293863
0.007872720943209377,0.362819564343359
0.007872720943209377,0.362819564343359
0.003243734250924629,0.3611041991666991
0.003243734250924629,0.3611041991666991
0.003243734250924629,0.3611041991666991
0.003243734250924629,0.3611041991666991
0.003243734250924629,0.3611041991666991
0.003243734250924629,0.3611041991666991
0.003243734250924629,0.3611041991666991
0.003243734250924629,0.3611041991666991
0.003243734250924629,0.3611041991666991
0.003243734250924629,0.3611041991666991
0.003243734250924629,0.3611041991666991
0.003243734250924629,0.3611041991666991
0.006238856733665089,0.3617011894514327
0.008906227258858658,0.362169100588736
0.004076423477184728,0.3604801745839162
0.006896651743829551,0.36074158196433365
0.006896651743829551,0.36074158196433365
0.006896651743829551,0.36074158196433365
0.006896651743829551,0.36074158196433365
0.006896651743829551,0.36074158196433365
0.006896651743829551,0.36074158196433365
0.006896651743829551,0.36074158196433365
0.006896651743829551,0.36074158196433365
0.006896651743829551,0.36074158196433365
0.0022256596760619517,0.35974092041663513
0.004524823909878257,0.36030744587670754
0.004524823909878257,0.36030744587670754
0.006813473670809175,0.360789955697114
6.55133900379452e-05,0.35988384075977353
6.55133900379452e-05,0.35988384075977353
0.0034235768672635225,0.35987502927933845
0.0034235768672635225,0.35987502927933845
0.005995796508727519,0.36021286449723616
0.005995796508727519,0.36021286449723616
0.005995796508727519,0.36021286449723616
0.0017280430708064816,0.3599978137753147
0.0017280430708064816,0.3599978137753147
0.0017280430708064816,0.3599978137753147
0.004736907969014223,0.36005182242109063
0.004736907969014223,0.36005182242109063
0.004736907969014223,0.36005182242109063
0.004736907969014223,0.36005182242109063
0.004736907969014223,0.36005182242109063
0.004736907969014223,0.36005182242109063
0.007917750051183463,0.3603166104759711
0.007917750051183463,0.3603166104759711
0.007917750051183463,0.3603166104759711
0.007917750051183463,0.3603166104759711
0.0013539767903619905,0.3599401606140781
0.0013539767903619905,0.3599401606140781
0.0013539767903619905,0.3599401606140781
0.0013539767903619905,0.3599401606140781
0.0013539767903619905,0.3599401606140781
0.004035709288946782,0.360096839546302
0.004035709288946782,0.360096839546302
0.004035709288946782,0.360096839546302
0.004035709288946782,0.360096839546302
0.004035709288946782,0.360096839546302
0.004035709288946782,0.360096839546302
0.004035709288946782,0.360096839546302
0.004035709288946782,0.360096839546302
0.006672448219256482,0.36023318513870545
0.006672448219256482,0.36023318513870545
0.006672448219256482,0.36023318513870545
0.006672448219256482,0.36023318513870545
0.006672448219256482,0.36023318513870545
0.006672448219256482,0.36023318513870545
0.006672448219256482,0.36023318513870545
0.006672448219256482,0.36023318513870545
0.00303784679853931,0.36007663815243013
0.00303784679853931,0.36007663815243013
0.00303784679853931,0.36007663815243013
0.00303784679853931,0.36007663815243013
0.00303784679853931,0.36007663815243013
0.00303784679853931,0.36007663815243013
0.00303784679853931,0.36007663815243013
0.00303784679853931,0.36007663815243013
0.00303784679853931,0.36007663815243013
0.005466542955076283,0.3601743800098266
0.005466542955076283,0.3601743800098266
0.005466542955076283,0.3601743800098266
0.005466542955076283,0.3601743800098266
0.005466542955076283,0.3601743800098266
0.005466542955076283,0.3601743800098266
0.005466542955076283,0.3601743800098266
0.005466542955076283,0.3601743800098266
0.008015246783537383,0.36026056757272573
0.008015246783537383,0.36026056757272573
0.008015246783537383,0.36026056757272573
0.008015246783537383,0.36026056757272573
0.0020583353999424903,0.36010134152394563
0.0020583353999424903,0.36010134152394563
0.0020583353999424903,0.36010134152394563
0.0020583353999424903,0.36010134152394563
0.004483873841583796,0.3601545768940106
0.004483873841583796,0.3601545768940106
0.004483873841583796,0.3601545768940106
0.004483873841583796,0.3601545768940106
0.004483873841583796,0.3601545768940106
0.004483873841583796,0.3601545768940106
0.004483873841583796,0.3601545768940106
0.004483873841583796,0.3601545768940106
0.004483873841583796,0.3601545768940106
0.006837343033700201,0.36025712701169044
0.006837343033700201,0.36025712701169044
0.006837343033700201,0.36025712701169044
0.006837343033700201,0.36025712701169044
0.006837343033700201,0.36025712701169044
0.006837343033700201,0.36025712701169044
0.006837343033700201,0.36025712701169044
0.006837343033700201,0.36025712701169044
0.006837343033700201,0.36025712701169044
0.006837343033700201,0.36025712701169044
0.0037132279471548185,0.36025224174739096
0.0037132279471548185,0.36025224174739096
0.0037132279471548185,0.36025224174739096
0.0037132279471548185,0.36025224174739096
0.0037132279471548185,0.36025224174739096
0.0037132279471548185,0.36025224174739096
0.0037132279471548185,0.36025224174739096
0.0037132279471548185,0.36025224174739096
0.0037132279471548185,0.36025224174739096
0.0037132279471548185,0.36025224174739096
0.0037132279471548185,0.36025224174739096
0.00597159461972864,0.3603519977843358
0.00597159461972864,0.3603519977843358
0.00597159461972864,0.3603519977843358
0.00597159461972864,0.3603519977843358
0.00597159461972864,0.3603519977843358
0.00597159461972864,0.3603519977843358
0.00597159461972864,0.3603519977843358
0.00597159461972864,0.3603519977843358
0.00597159461972864,0.3603519977843358
0.008205406309126369,0.36039627855784834
0.008205406309126369,0.36039627855784834
0.008205406309126369,0.36039627855784834
0.008205406309126369,0.36039627855784834
0.008205406309126369,0.36039627855784834
0.002841482997503692,0.3603194023272432
0.002841482997503692,0.3603194023272432
0.002841482997503692,0.3603194023272432
0.002841482997503692,0.3603194023272432
0.002841482997503692,0.3603194023272432
0.005151628150043726,0.36041259231529243
0.005151628150043726,0.36041259231529243
0.005151628150043726,0.36041259231529243
0.005151628150043726,0.36041259231529243
0.005151628150043726,0.36041259231529243
0.005151628150043726,0.36041259231529243
0.005151628150043726,0.36041259231529243
0.005151628150043726,0.36041259231529243
0.005151628150043726,0.36041259231529243
0.005151628150043726,0.36041259231529243
0.005151628150043726,0.36041259231529243
0.005151628150043726,0.36041259231529243
0.005151628150043726,0.36041259231529243
0.00755011653838135,0.36049411147889915
0.00755011653838135,0.36049411147889915
0.00755011653838135,0.36049411147889915
0.00755011653838135,0.36049411147889915
0.00755011653838135,0.36049411147889915
0.00755011653838135,0.36049411147889915
0.00755011653838135,0.36049411147889915
0.00755011653838135,0.36049411147889915
0.004755966277242737,0.36046612250058757
0.004755966277242737,0.36046612250058757
0.004755966277242737,0.36046612250058757
0.004755966277242737,0.36046612250058757
0.004755966277242737,0.36046612250058757
0.004755966277242737,0.36046612250058757
0.004755966277242737,0.36046612250058757
0.004755966277242737,0.36046612250058757
0.004755966277242737,0.36046612250058757
0.004755966277242737,0.36046612250058757
0.004755966277242737,0.36046612250058757
0.004755966277242737,0.36046612250058757
0.006842768957772578,0.36056389946133705
0.006842768957772578,0.36056389946133705
0.006842768957772578,0.36056389946133705
0.006842768957772578,0.36056389946133705
0.006842768957772578,0.36056389946133705
0.006842768957772578,0.36056389946133705
0.006842768957772578,0.36056389946133705
0.006842768957772578,0.36056389946133705
0.006842768957772578,0.36056389946133705
0.006842768957772578,0.36056389946133705
0.006842768957772578,0.36056389946133705
0.006842768957772578,0.36056389946133705
0.006842768957772578,0.36056389946133705
0.00896967185198294,0.3606201694648358
0.00896967185198294,0.3606201694648358
0.00896967185198294,0.3606201694648358
0.00896967185198294,0.3606201694648358
0.00896967185198294,0.3606201694648358
0.00896967185198294,0.3606201694648358
0.00896967185198294,0.3606201694648358
0.004245502955205932,0.360570772928979
0.004245502955205932,0.360570772928979
0.004245502955205932,0.360570772928979
0.004245502955205932,0.360570772928979
0.004245502955205932,0.360570772928979
0.004245502955205932,0.360570772928979
0.0063535463112734695,0.360669170741102
0.0063535463112734695,0.360669170741102
0.0063535463112734695,0.360669170741102
0.0063535463112734695,0.360669170741102
0.0063535463112734695,0.360669170741102
0.0063535463112734695,0.360669170741102
0.0063535463112734695,0.360669170741102
0.0063535463112734695,0.360669170741102
0.0063535463112734695,0.360669170741102
0.0063535463112734695,0.360669170741102
0.0063535463112734695,0.360669170741102
0.0063535463112734695,0.360669170741102
0.008089978944962377,0.3607183184471447
0.008089978944962377,0.3607183184471447
0.008089978944962377,0.3607183184471447
0.008089978944962377,0.3607183184471447
0.008089978944962377,0.3607183184471447
0.008089978944962377,0.3607183184471447
0.008089978944962377,0.3607183184471447
0.008089978944962377,0.3607183184471447
0.008089978944962377,0.3607183184471447
0.008089978944962377,0.3607183184471447
0.005780230347285409,0.3607258203393307
0.005780230347285409,0.3607258203393307
0.005780230347285409,0.3607258203393307
0.005780230347285409,0.3607258203393307
0.005780230347285409,0.3607258203393307
0.005780230347285409,0.3607258203393307
0.005780230347285409,0.3607258203393307
0.005780230347285409,0.3607258203393307
0.005780230347285409,0.3607258203393307
0.005780230347285409,0.3607258203393307
0.005780230347285409,0.3607258203393307
0.005780230347285409,0.3607258203393307
0.005780230347285409,0.3607258203393307
0.005780230347285409,0.3607258203393307
0.0077587723799468055,0.3608049487718084
0.0077587723799468055,0.3608049487718084
0.0077587723799468055,0.3608049487718084
0.0077587723799468055,0.3608049487718084
0.0077587723799468055,0.3608049487718084
0.0077587723799468055,0.3608049487718084
0.0077587723799468055,0.3608049487718084
0.0077587723799468055,0.3608049487718084
0.0077587723799468055,0.3608049487718084
0.009488447032622343,0.3608314320352034
0.009488447032622343,0.3608314320352034
0.009488447032622343,0.3608314320352034
0.009488447032622343,0.3608314320352034
0.0054651057954675725,0.3607969217002207
0.0054651057954675725,0.3607969217002207
0.0054651057954675725,0.3607969217002207
0.007001766669200658,0.3608087724730083
0.007001766669200658,0.3608087724730083
0.007001766669200658,0.3608087724730083
0.007001766669200658,0.3608087724730083
0.007001766669200658,0.3608087724730083
0.007001766669200658,0.3608087724730083
0.007001766669200658,0.3608087724730083
0.007001766669200658,0.3608087724730083
0.007001766669200658,0.3608087724730083
0.007001766669200658,0.3608087724730083
0.008996172048346535,0.360864430130988
0.008996172048346535,0.360864430130988
0.008996172048346535,0.360864430130988
0.008996172048346535,0.360864430130988
0.008996172048346535,0.360864430130988
0.008996172048346535,0.360864430130988
0.008996172048346535,0.360864430130988
0.008996172048346535,0.360864430130988
0.008996172048346535,0.360864430130988
0.008996172048346535,0.360864430130988
0.008996172048346535,0.360864430130988
0.008996172048346535,0.360864430130988
0.007137029825121405,0.3608804571189039
0.007137029825121405,0.3608804571189039
0.007137029825121405,0.3608804571189039
0.007137029825121405,0.3608804571189039
0.007137029825121405,0.3608804571189039
0.007137029825121405,0.3608804571189039
0.007137029825121405,0.3608804571189039
0.007137029825121405,0.3608804571189039
0.007137029825121405,0.3608804571189039
0.007137029825121405,0.3608804571189039
0.007137029825121405,0.3608804571189039
0.008519999400948346,0.3609056123816895
0.008519999400948346,0.3609056123816895
0.008519999400948346,0.3609056123816895
0.008519999400948346,0.3609056123816895
0.008519999400948346,0.3609056123816895
0.008519999400948346,0.3609056123816895
0.008519999400948346,0.3609056123816895
0.008519999400948346,0.3609056123816895
0.00980067166358587,0.3609317781164487
0.00980067166358587,0.3609317781164487
0.0065372541279880006,0.3609122718600633
0.0065372541279880006,0.3609122718600633
0.0065372541279880006,0.3609122718600633
0.0065372541279880006,0.3609122718600633
0.0065372541279880006,0.3609122718600633
0.0065372541279880006,0.3609122718600633
0.0065372541279880006,0.3609122718600633
0.008089335537783461,0.3609371107321265
0.008089335537783461,0.3609371107321265
0.008089335537783461,0.3609371107321265
0.008089335537783461,0.3609371107321265
0.008089335537783461,0.3609371107321265
0.008089335537783461,0.3609371107321265
0.008089335537783461,0.3609371107321265
0.008089335537783461,0.3609371107321265
0.008089335537783461,0.3609371107321265
0.008089335537783461,0.3609371107321265
0.008089335537783461,0.3609371107321265
0.008089335537783461,0.3609371107321265
0.009407395306931084,0.3609910399298313
0.009407395306931084,0.3609910399298313
0.009407395306931084,0.3609910399298313
0.009407395306931084,0.3609910399298313
0.009407395306931084,0.3609910399298313
0.009407395306931084,0.3609910399298313
0.009407395306931084,0.3609910399298313
0.009407395306931084,0.3609910399298313
0.009407395306931084,0.3609910399298313
0.009407395306931084,0.3609910399298313
0.009407395306931084,0.3609910399298313
0.009407395306931084,0.3609910399298313
0.009407395306931084,0.3609910399298313
0.007780490683962037,0.3609823515798609
0.007780490683962037,0.3609823515798609
0.007780490683962037,0.3609823515798609
0.007780490683962037,0.3609823515798609
0.007780490683962037,0.3609823515798609
0.007780490683962037,0.3609823515798609
0.007780490683962037,0.3609823515798609
0.007780490683962037,0.3609823515798609
0.007780490683962037,0.3609823515798609
0.007780490683962037,0.3609823515798609
0.007780490683962037,0.3609823515798609
0.007780490683962037,0.3609823515798609
0.007780490683962037,0.3609823515798609
0.007780490683962037,0.3609823515798609
0.009083517663612536,0.3610382588565615
0.009083517663612536,0.3610382588565615
0.009083517663612536,0.3610382588565615
0.009083517663612536,0.3610382588565615
0.009083517663612536,0.3610382588565615
0.009083517663612536,0.3610382588565615
0.009083517663612536,0.3610382588565615
0.009083517663612536,0.3610382588565615
0.009083517663612536,0.3610382588565615
0.009083517663612536,0.3610382588565615
0.009083517663612536,0.3610382588565615
0.009083517663612536,0.3610382588565615
0.009083517663612536,0.3610382588565615
0.009083517663612536,0.3610382588565615
0.009083517663612536,0.3610382588565615
0.009083517663612536,0.3610382588565615
0.009083517663612536,0.3610382588565615
0.010399173320751813,0.3611324928988153
0.010399173320751813,0.3611324928988153
0.010399173320751813,0.3611324928988153
0.010399173320751813,0.3611324928988153
0.010399173320751813,0.3611324928988153
0.010399173320751813,0.3611324928988153
0.010399173320751813,0.3611324928988153
0.010399173320751813,0.3611324928988153
0.007946577089725387,0.3611136278720178
0.007946577089725387,0.3611136278720178
0.007946577089725387,0.3611136278720178
0.007946577089725387,0.3611136278720178
0.007946577089725387,0.3611136278720178
0.007946577089725387,0.3611136278720178
0.007946577089725387,0.3611136278720178
0.007946577089725387,0.3611136278720178
0.009165672463682106,0.3612144742609262
0.009165672463682106,0.3612144742609262
0.009165672463682106,0.3612144742609262
0.009165672463682106,0.3612144742609262
0.009165672463682106,0.3612144742609262
0.009165672463682106,0.3612144742609262
0.009165672463682106,0.3612144742609262
0.009165672463682106,0.3612144742609262
0.009165672463682106,0.3612144742609262
0.009165672463682106,0.3612144742609262
0.009165672463682106,0.3612144742609262
0.009165672463682106,0.3612144742609262
0.009165672463682106,0.3612144742609262
0.009165672463682106,0.3612144742609262
0.009165672463682106,0.3612144742609262
0.009165672463682106,0.3612144742609262
0.010009683092811725,0.3612745716758481
0.010009683092811725,0.3612745716758481
0.010009683092811725,0.3612745716758481
0.010009683092811725,0.3612745716758481
0.010009683092811725,0.3612745716758481
0.010009683092811725,0.3612745716758481
0.010009683092811725,0.3612745716758481
0.010009683092811725,0.3612745716758481
0.010009683092811725,0.3612745716758481
0.010009683092811725,0.3612745716758481
0.010009683092811725,0.3612745716758481
0.010009683092811725,0.3612745716758481
0.010009683092811725,0.3612745716758481
0.008893672059295652,0.3612839242633813
0.008893672059295652,0.3612839242633813
0.008893672059295652,0.3612839242633813
0.008893672059295652,0.3612839242633813
0.008893672059295652,0.3612839242633813
0.008893672059295652,0.3612839242633813
0.008893672059295652,0.3612839242633813
0.008893672059295652,0.3612839242633813
0.008893672059295652,0.3612839242633813
0.008893672059295652,0.3612839242633813
0.008893672059295652,0.3612839242633813
0.00942566672684418,0.3612898807566705
0.00942566672684418,0.3612898807566705
0.00942566672684418,0.3612898807566705
0.00942566672684418,0.3612898807566705
0.00942566672684418,0.3612898807566705
0.00942566672684418,0.3612898807566705
0.00942566672684418,0.3612898807566705
0.00942566672684418,0.3612898807566705
0.010222991716917349,0.36131606522964194
0.010222991716917349,0.36131606522964194
0.010222991716917349,0.36131606522964194
0.010222991716917349,0.36131606522964194
0.010222991716917349,0.36131606522964194
0.008620745523583263,0.3613137832568305
0.008620745523583263,0.3613137832568305
0.008620745523583263,0.3613137832568305
0.008620745523583263,0.3613137832568305
0.009562173934157783,0.36134545857635875
0.009562173934157783,0.36134545857635875
0.009562173934157783,0.36134545857635875
0.009562173934157783,0.36134545857635875
0.009562173934157783,0.36134545857635875
0.009562173934157783,0.36134545857635875
0.009562173934157783,0.36134545857635875
0.009562173934157783,0.36134545857635875
0.009562173934157783,0.36134545857635875
0.010577422119505044,0.36138087986816586
0.010577422119505044,0.36138087986816586
0.010577422119505044,0.36138087986816586
0.010577422119505044,0.36138087986816586
0.010577422119505044,0.36138087986816586
0.010577422119505044,0.36138087986816586
0.010577422119505044,0.36138087986816586
0.010577422119505044,0.36138087986816586
0.010577422119505044,0.36138087986816586
0.009663110392022313,0.3613890807161965
0.009663110392022313,0.3613890807161965
0.009663110392022313,0.3613890807161965
0.009663110392022313,0.3613890807161965
0.009663110392022313,0.3613890807161965
0.009663110392022313,0.3613890807161965
0.009663110392022313,0.3613890807161965
0.009663110392022313,0.3613890807161965
0.009663110392022313,0.3613890807161965
0.009663110392022313,0.3613890807161965
0.009663110392022313,0.3613890807161965
0.00972193818481647,0.3613743792949312
0.00972193818481647,0.3613743792949312
0.00972193818481647,0.3613743792949312
0.00972193818481647,0.3613743792949312
0.00972193818481647,0.3613743792949312
0.00972193818481647,0.3613743792949312
0.00972193818481647,0.3613743792949312
0.00972193818481647,0.3613743792949312
0.00972193818481647,0.3613743792949312
0.00972193818481647,0.3613743792949312
0.00972193818481647,0.3613743792949312
0.00972193818481647,0.3613743792949312
0.00972193818481647,0.3613743792949312
0.00972193818481647,0.3613743792949312
0.010104015067164726,0.3614085065344911
0.010104015067164726,0.3614085065344911
0.010104015067164726,0.3614085065344911
0.010104015067164726,0.3614085065344911
0.010104015067164726,0.3614085065344911
0.010104015067164726,0.3614085065344911
0.010104015067164726,0.3614085065344911
0.009378980730550282,0.36143210220469973
0.009378980730550282,0.36143210220469973
0.009378980730550282,0.36143210220469973
0.009378980730550282,0.36143210220469973
0.009378980730550282,0.36143210220469973
0.00985055851289729,0.36146356378059386
0.00985055851289729,0.36146356378059386
0.00985055851289729,0.36146356378059386
0.00985055851289729,0.36146356378059386
0.00985055851289729,0.36146356378059386
0.00985055851289729,0.36146356378059386
0.00985055851289729,0.36146356378059386
0.00985055851289729,0.36146356378059386
0.00985055851289729,0.36146356378059386
0.00985055851289729,0.36146356378059386
0.00985055851289729,0.36146356378059386
0.00985055851289729,0.36146356378059386
0.00985055851289729,0.36146356378059386
0.009963874894085975,0.3614649443684262
0.009963874894085975,0.3614649443684262
0.009963874894085975,0.3614649443684262
0.009963874894085975,0.3614649443684262
0.009963874894085975,0.3614649443684262
0.009963874894085975,0.3614649443684262
0.009963874894085975,0.3614649443684262
0.009963874894085975,0.3614649443684262
0.009963874894085975,0.3614649443684262
0.009829629731919382,0.361478297346094
0.009829629731919382,0.361478297346094
0.009829629731919382,0.361478297346094
0.009829629731919382,0.361478297346094
0.009829629731919382,0.361478297346094
0.009829629731919382,0.361478297346094
0.009829629731919382,0.361478297346094
0.009829629731919382,0.361478297346094
0.009829629731919382,0.361478297346094
0.009741584663277396,0.3614554986583874
0.009741584663277396,0.3614554986583874
0.009741584663277396,0.3614554986583874
0.009741584663277396,0.3614554986583874
0.009741584663277396,0.3614554986583874
0.009741584663277396,0.3614554986583874
0.009741584663277396,0.3614554986583874
0.009741584663277396,0.3614554986583874
0.009741584663277396,0.3614554986583874
0.009741584663277396,0.3614554986583874
0.009741584663277396,0.3614554986583874
0.009741584663277396,0.3614554986583874
0.009741584663277396,0.3614554986583874
0.009741584663277396,0.3614554986583874
0.009735829260437688,0.36142782635981857
0.009735829260437688,0.36142782635981857
0.009735829260437688,0.36142782635981857
0.009735829260437688,0.36142782635981857
0.009901307781051926,0.36148811400337316
0.009901307781051926,0.36148811400337316
0.009901307781051926,0.36148811400337316
0.009901307781051926,0.36148811400337316
0.009901307781051926,0.36148811400337316
0.009745610840042553,0.36145655986966124
0.009745610840042553,0.36145655986966124
0.009745610840042553,0.36145655986966124
0.009745610840042553,0.36145655986966124
0.009745610840042553,0.36145655986966124
0.009745610840042553,0.36145655986966124
0.009745610840042553,0.36145655986966124
0.00944697354885103,0.36140596593596297
0.00944697354885103,0.36140596593596297
0.00944697354885103,0.36140596593596297
0.00944697354885103,0.36140596593596297
0.00944697354885103,0.36140596593596297
0.00944697354885103,0.36140596593596297
0.00944697354885103,0.36140596593596297
0.00992620986791606,0.36148072263252967
0.00992620986791606,0.36148072263252967
0.00992620986791606,0.36148072263252967
0.00992620986791606,0.36148072263252967
0.00992620986791606,0.36148072263252967
0.00992620986791606,0.36148072263252967
0.0098298457198121,0.36144377574735775
0.0098298457198121,0.36144377574735775
0.0098298457198121,0.36144377574735775
0.0098298457198121,0.36144377574735775
0.0098298457198121,0.36144377574735775
0.0098298457198121,0.36144377574735775
0.0098298457198121,0.36144377574735775
0.0098298457198121,0.36144377574735775
0.0098298457198121,0.36144377574735775
0.0098298457198121,0.36144377574735775
0.0098298457198121,0.36144377574735775
0.009700726148876763,0.36142576911127566
0.009700726148876763,0.36142576911127566
0.009700726148876763,0.36142576911127566
0.009700726148876763,0.36142576911127566
0.009700726148876763,0.36142576911127566
0.010755514474198452,0.36153179822173437
0.010755514474198452,0.36153179822173437
0.010755514474198452,0.36153179822173437
0.010755514474198452,0.36153179822173437
0.010755514474198452,0.36153179822173437
0.010302400265939475,0.36150113789197136
0.010302400265939475,0.36150113789197136
0.010302400265939475,0.36150113789197136
0.010302400265939475,0.36150113789197136
0.010302400265939475,0.36150113789197136
0.010302400265939475,0.36150113789197136
0.010302400265939475,0.36150113789197136
0.010302400265939475,0.36150113789197136
0.010302400265939475,0.36150113789197136
0.010302400265939475,0.36150113789197136
0.009601385167487438,0.36145577340210766
0.009601385167487438,0.36145577340210766
0.009601385167487438,0.36145577340210766
0.009601385167487438,0.36145577340210766
0.009601385167487438,0.36145577340210766
0.009601385167487438,0.36145577340210766
0.009601385167487438,0.36145577340210766
0.009601385167487438,0.36145577340210766
0.009601385167487438,0.36145577340210766
0.009601385167487438,0.36145577340210766
0.010458012274349527,0.3615689606222671
0.010458012274349527,0.3615689606222671
0.010458012274349527,0.3615689606222671
0.010458012274349527,0.3615689606222671
0.010458012274349527,0.3615689606222671
0.010458012274349527,0.3615689606222671
0.010458012274349527,0.3615689606222671
0.010458012274349527,0.3615689606222671
0.010458012274349527,0.3615689606222671
0.010458012274349527,0.3615689606222671
0.010458012274349527,0.3615689606222671
0.010053939276838673,0.36152230395611307
0.010053939276838673,0.36152230395611307
0.010053939276838673,0.36152230395611307
0.010053939276838673,0.36152230395611307
0.010053939276838673,0.36152230395611307
0.010053939276838673,0.36152230395611307
0.010053939276838673,0.36152230395611307
0.010053939276838673,0.36152230395611307
0.010053939276838673,0.36152230395611307
0.010053939276838673,0.36152230395611307
0.010053939276838673,0.36152230395611307
0.009686284287621267,0.36148658483489415
0.009686284287621267,0.36148658483489415
0.009686284287621267,0.36148658483489415
0.009686284287621267,0.36148658483489415
0.009686284287621267,0.36148658483489415
0.011612797475361886,0.36166897592916597
0.011612797475361886,0.36166897592916597
0.011612797475361886,0.36166897592916597
0.011612797475361886,0.36166897592916597
0.011074766935998293,0.3615663004273617
0.011074766935998293,0.3615663004273617
0.011074766935998293,0.3615663004273617
0.011074766935998293,0.3615663004273617
0.011074766935998293,0.3615663004273617
0.011074766935998293,0.3615663004273617
0.011074766935998293,0.3615663004273617
0.011074766935998293,0.3615663004273617
0.009962413660767422,0.3614422373223036
0.009962413660767422,0.3614422373223036
0.009962413660767422,0.3614422373223036
0.009962413660767422,0.3614422373223036
0.009962413660767422,0.3614422373223036
0.009962413660767422,0.3614422373223036
0.009962413660767422,0.3614422373223036
0.009962413660767422,0.3614422373223036
0.009962413660767422,0.3614422373223036
0.011125009616193712,0.3616075344974629
0.011125009616193712,0.3616075344974629
0.011125009616193712,0.3616075344974629
0.011125009616193712,0.3616075344974629
0.011125009616193712,0.3616075344974629
0.011125009616193712,0.3616075344974629
0.011125009616193712,0.3616075344974629
0.011125009616193712,0.3616075344974629
0.011125009616193712,0.3616075344974629
0.011125009616193712,0.3616075344974629
0.011125009616193712,0.3616075344974629
0.011125009616193712,0.3616075344974629
0.010149067827338525,0.3615253212445482
0.010149067827338525,0.3615253212445482
0.010149067827338525,0.3615253212445482
0.010149067827338525,0.3615253212445482
0.010149067827338525,0.3615253212445482
0.010149067827338525,0.3615253212445482
0.010149067827338525,0.3615253212445482
0.010149067827338525,0.3615253212445482
0.010149067827338525,0.3615253212445482
0.010149067827338525,0.3615253212445482
0.010149067827338525,0.3615253212445482
0.010149067827338525,0.3615253212445482
0.010149067827338525,0.3615253212445482
0.010149067827338525,0.3615253212445482
0.008895909801665765,0.36140617406955616
0.008895909801665765,0.36140617406955616
0.008895909801665765,0.36140617406955616
0.008895909801665765,0.36140617406955616
0.008895909801665765,0.36140617406955616
0.008895909801665765,0.36140617406955616
0.008895909801665765,0.36140617406955616
0.011664294920269077,0.36166909581855733
0.011664294920269077,0.36166909581855733
0.011664294920269077,0.36166909581855733
0.011664294920269077,0.36166909581855733
0.011664294920269077,0.36166909581855733
0.011664294920269077,0.36166909581855733
0.010712978257951452,0.36161067525838514
0.010712978257951452,0.36161067525838514
0.010712978257951452,0.36161067525838514
0.010712978257951452,0.36161067525838514
0.010712978257951452,0.36161067525838514
0.010712978257951452,0.36161067525838514
0.010712978257951452,0.36161067525838514
0.010712978257951452,0.36161067525838514
0.010712978257951452,0.36161067525838514
0.010712978257951452,0.36161067525838514
0.010712978257951452,0.36161067525838514
0.010712978257951452,0.36161067525838514
0.010712978257951452,0.36161067525838514
0.010712978257951452,0.36161067525838514
0.00959575593390601,0.36152253424249325
0.00959575593390601,0.36152253424249325
0.00959575593390601,0.36152253424249325
0.00959575593390601,0.36152253424249325
0.00959575593390601,0.36152253424249325
0.00959575593390601,0.36152253424249325
0.00959575593390601,0.36152253424249325
0.00959575593390601,0.36152253424249325
0.00959575593390601,0.36152253424249325
0.00959575593390601,0.36152253424249325
0.00959575593390601,0.36152253424249325
0.00959575593390601,0.36152253424249325
0.00959575593390601,0.36152253424249325
0.00959575593390601,0.36152253424249325
0.00959575593390601,0.36152253424249325
0.00959575593390601,0.36152253424249325
0.00959575593390601,0.36152253424249325
0.00959575593390601,0.36152253424249325
0.00959575593390601,0.36152253424249325
0.011562817541477467,0.36170896200383135
0.011562817541477467,0.36170896200383135
0.011562817541477467,0.36170896200383135
0.011562817541477467,0.36170896200383135
0.011562817541477467,0.36170896200383135
0.011562817541477467,0.36170896200383135
0.011562817541477467,0.36170896200383135
0.011562817541477467,0.36170896200383135
0.011562817541477467,0.36170896200383135
0.011562817541477467,0.36170896200383135
0.011562817541477467,0.36170896200383135
0.011562817541477467,0.36170896200383135
0.011562817541477467,0.36170896200383135
0.011562817541477467,0.36170896200383135
0.011562817541477467,0.36170896200383135
0.011562817541477467,0.36170896200383135
0.011562817541477467,0.36170896200383135
0.011562817541477467,0.36170896200383135
0.011562817541477467,0.36170896200383135
0.011562817541477467,0.36170896200383135
0.01037341087815584,0.3615732447009029
0.01037341087815584,0.3615732447009029
0.01037341087815584,0.3615732447009029
0.01037341087815584,0.3615732447009029
0.01037341087815584,0.3615732447009029
0.01037341087815584,0.3615732447009029
0.01037341087815584,0.3615732447009029
0.01037341087815584,0.3615732447009029
0.01037341087815584,0.3615732447009029
0.01037341087815584,0.3615732447009029
0.01037341087815584,0.3615732447009029
0.01037341087815584,0.3615732447009029
0.01037341087815584,0.3615732447009029
0.01037341087815584,0.3615732447009029
0.01037341087815584,0.3615732447009029
0.01037341087815584,0.3615732447009029
0.01037341087815584,0.3615732447009029
0.009089859897293214,0.36142503358937345
0.009089859897293214,0.36142503358937345
0.009089859897293214,0.36142503358937345
0.009089859897293214,0.36142503358937345
0.009089859897293214,0.36142503358937345
0.009089859897293214,0.36142503358937345
0.009089859897293214,0.36142503358937345
0.009089859897293214,0.36142503358937345
0.009089859897293214,0.36142503358937345
0.009089859897293214,0.36142503358937345
0.009089859897293214,0.36142503358937345
0.009089859897293214,0.36142503358937345
0.012655850200729856,0.36177223850809787
0.012655850200729856,0.36177223850809787
0.012655850200729856,0.36177223850809787
0.012655850200729856,0.36177223850809787
0.012655850200729856,0.36177223850809787
0.012655850200729856,0.36177223850809787
0.012655850200729856,0.36177223850809787
0.012655850200729856,0.36177223850809787
0.012655850200729856,0.36177223850809787
0.012655850200729856,0.36177223850809787
0.012655850200729856,0.36177223850809787
0.011266040080389127,0.36162763584680374
0.011266040080389127,0.36162763584680374
0.011266040080389127,0.36162763584680374
0.011266040080389127,0.36162763584680374
0.011266040080389127,0.36162763584680374
0.011266040080389127,0.36162763584680374
0.011266040080389127,0.36162763584680374
0.011266040080389127,0.36162763584680374
0.011266040080389127,0.36162763584680374
0.011266040080389127,0.36162763584680374
0.011266040080389127,0.36162763584680374
0.011266040080389127,0.36162763584680374
0.011266040080389127,0.36162763584680374
0.011266040080389127,0.36162763584680374
0.011266040080389127,0.36162763584680374
0.011266040080389127,0.36162763584680374
0.011266040080389127,0.36162763584680374
0.009798885489227818,0.361504059161491
0.009798885489227818,0.361504059161491
0.009798885489227818,0.361504059161491
0.009798885489227818,0.361504059161491
0.009798885489227818,0.361504059161491
0.009798885489227818,0.361504059161491
0.009798885489227818,0.361504059161491
0.009798885489227818,0.361504059161491
0.009798885489227818,0.361504059161491
0.009798885489227818,0.361504059161491
0.009798885489227818,0.361504059161491
0.009798885489227818,0.361504059161491
0.009798885489227818,0.361504059161491
0.009798885489227818,0.361504059161491
0.009798885489227818,0.361504059161491
0.009798885489227818,0.361504059161491
0.009798885489227818,0.361504059161491
0.009798885489227818,0.361504059161491
0.009798885489227818,0.361504059161491
0.01207910314494164,0.36173412430482693
0.01207910314494164,0.36173412430482693
0.01207910314494164,0.36173412430482693
0.01207910314494164,0.36173412430482693
0.01207910314494164,0.36173412430482693
0.01207910314494164,0.36173412430482693
0.01207910314494164,0.36173412430482693
0.01207910314494164,0.36173412430482693
0.01207910314494164,0.36173412430482693
0.01207910314494164,0.36173412430482693
0.01207910314494164,0.36173412430482693
0.01207910314494164,0.36173412430482693
0.01207910314494164,0.36173412430482693
0.01207910314494164,0.36173412430482693
0.01207910314494164,0.36173412430482693
0.010444234255043757,0.36159926152668
0.010444234255043757,0.36159926152668
0.010444234255043757,0.36159926152668
0.010444234255043757,0.36159926152668
0.010444234255043757,0.36159926152668
0.010444234255043757,0.36159926152668
0.010444234255043757,0.36159926152668
0.010444234255043757,0.36159926152668
0.010444234255043757,0.36159926152668
0.010444234255043757,0.36159926152668
0.010444234255043757,0.36159926152668
0.010444234255043757,0.36159926152668
0.010444234255043757,0.36159926152668
0.010444234255043757,0.36159926152668
0.00876513466636173,0.36143383684566976
0.00876513466636173,0.36143383684566976
0.00876513466636173,0.36143383684566976
0.00876513466636173,0.36143383684566976
0.00876513466636173,0.36143383684566976
0.013071637318054493,0.3618615937197714
0.013071637318054493,0.3618615937197714
0.013071637318054493,0.3618615937197714
0.013071637318054493,0.3618615937197714
0.013071637318054493,0.3618615937197714
0.011601278018074191,0.36176545721120357
0.011601278018074191,0.36176545721120357
0.011601278018074191,0.36176545721120357
0.011601278018074191,0.36176545721120357
0.011601278018074191,0.36176545721120357
0.011601278018074191,0.36176545721120357
0.011601278018074191,0.36176545721120357
0.011601278018074191,0.36176545721120357
0.011601278018074191,0.36176545721120357
0.009827068869810746,0.3615780493825094
0.009827068869810746,0.3615780493825094
0.009827068869810746,0.3615780493825094
0.009827068869810746,0.3615780493825094
0.009827068869810746,0.3615780493825094
0.009827068869810746,0.3615780493825094
0.009827068869810746,0.3615780493825094
0.009827068869810746,0.3615780493825094
0.009827068869810746,0.3615780493825094
0.012384441547163116,0.36181000537441665
0.012384441547163116,0.36181000537441665
0.012384441547163116,0.36181000537441665
0.012384441547163116,0.36181000537441665
0.012384441547163116,0.36181000537441665
0.012384441547163116,0.36181000537441665
0.012384441547163116,0.36181000537441665
0.012384441547163116,0.36181000537441665
0.012384441547163116,0.36181000537441665
0.012384441547163116,0.36181000537441665
0.012384441547163116,0.36181000537441665
0.010358941177020454,0.36165676570895217
0.010358941177020454,0.36165676570895217
0.010358941177020454,0.36165676570895217
0.010358941177020454,0.36165676570895217
0.010358941177020454,0.36165676570895217
0.010358941177020454,0.36165676570895217
0.010358941177020454,0.36165676570895217
0.010358941177020454,0.36165676570895217
0.010358941177020454,0.36165676570895217
0.010358941177020454,0.36165676570895217
0.010358941177020454,0.36165676570895217
0.010358941177020454,0.36165676570895217
0.010358941177020454,0.36165676570895217
0.00859867240747757,0.36149878306702643
0.00859867240747757,0.36149878306702643
0.00859867240747757,0.36149878306702643
0.00859867240747757,0.36149878306702643
0.00859867240747757,0.36149878306702643
0.00859867240747757,0.36149878306702643
0.00859867240747757,0.36149878306702643
0.01357330118662918,0.36203055116701516
0.01357330118662918,0.36203055116701516
0.01357330118662918,0.36203055116701516
0.01357330118662918,0.36203055116701516
0.01357330118662918,0.36203055116701516
0.01357330118662918,0.36203055116701516
0.01357330118662918,0.36203055116701516
0.01357330118662918,0.36203055116701516
0.011513131329988574,0.36188394937966056
0.011513131329988574,0.36188394937966056
0.011513131329988574,0.36188394937966056
0.011513131329988574,0.36188394937966056
0.011513131329988574,0.36188394937966056
0.011513131329988574,0.36188394937966056
0.011513131329988574,0.36188394937966056
0.011513131329988574,0.36188394937966056
0.011513131329988574,0.36188394937966056
0.011513131329988574,0.36188394937966056
0.011513131329988574,0.36188394937966056
0.011513131329988574,0.36188394937966056
0.011513131329988574,0.36188394937966056
0.011513131329988574,0.36188394937966056
0.011513131329988574,0.36188394937966056
0.011513131329988574,0.36188394937966056
0.011513131329988574,0.36188394937966056
0.00944674412775276,0.3616987210959784
0.00944674412775276,0.3616987210959784
0.00944674412775276,0.3616987210959784
0.00944674412775276,0.3616987210959784
0.00944674412775276,0.3616987210959784
0.00944674412775276,0.3616987210959784
0.00944674412775276,0.3616987210959784
0.00944674412775276,0.3616987210959784
0.00944674412775276,0.3616987210959784
0.00944674412775276,0.3616987210959784
0.00944674412775276,0.3616987210959784
0.00944674412775276,0.3616987210959784
0.00944674412775276,0.3616987210959784
0.00944674412775276,0.3616987210959784
0.00944674412775276,0.3616987210959784
0.00944674412775276,0.3616987210959784
0.00944674412775276,0.3616987210959784
0.007302464759714678,0.3614709604335001
0.01245843143285618,0.3620526881246473
0.01245843143285618,0.3620526881246473
0.01245843143285618,0.3620526881246473
0.01245843143285618,0.3620526881246473
0.01245843143285618,0.3620526881246473
0.01245843143285618,0.3620526881246473
0.01245843143285618,0.3620526881246473
0.01245843143285618,0.3620526881246473
0.01245843143285618,0.3620526881246473
0.01245843143285618,0.3620526881246473
0.01245843143285618,0.3620526881246473
0.01245843143285618,0.3620526881246473
0.01245843143285618,0.3620526881246473
0.01245843143285618,0.3620526881246473
0.01245843143285618,0.3620526881246473
0.01245843143285618,0.3620526881246473
0.01245843143285618,0.3620526881246473
0.010159416870750698,0.36184037269987834
0.010159416870750698,0.36184037269987834
0.010159416870750698,0.36184037269987834
0.010159416870750698,0.36184037269987834
0.010159416870750698,0.36184037269987834
0.010159416870750698,0.36184037269987834
0.010159416870750698,0.36184037269987834
0.010159416870750698,0.36184037269987834
0.010159416870750698,0.36184037269987834
0.010159416870750698,0.36184037269987834
0.010159416870750698,0.36184037269987834
0.010159416870750698,0.36184037269987834
0.010159416870750698,0.36184037269987834
0.010159416870750698,0.36184037269987834
0.008164223627782949,0.36163176744155284
0.008164223627782949,0.36163176744155284
0.008164223627782949,0.36163176744155284
0.008164223627782949,0.36163176744155284
0.008164223627782949,0.36163176744155284
0.008164223627782949,0.36163176744155284
0.008164223627782949,0.36163176744155284
0.01372671788431698,0.36225760063549917
0.01372671788431698,0.36225760063549917
0.01372671788431698,0.36225760063549917
0.01372671788431698,0.36225760063549917
0.01372671788431698,0.36225760063549917
0.01372671788431698,0.36225760063549917
0.01372671788431698,0.36225760063549917
0.01372671788431698,0.36225760063549917
0.01144366480905509,0.36204613135395564
0.01144366480905509,0.36204613135395564
0.01144366480905509,0.36204613135395564
0.01144366480905509,0.36204613135395564
0.01144366480905509,0.36204613135395564
0.01144366480905509,0.36204613135395564
0.01144366480905509,0.36204613135395564
0.01144366480905509,0.36204613135395564
0.01144366480905509,0.36204613135395564
0.01144366480905509,0.36204613135395564
0.01144366480905509,0.36204613135395564
0.01144366480905509,0.36204613135395564
0.01144366480905509,0.36204613135395564
0.01144366480905509,0.36204613135395564
0.01144366480905509,0.36204613135395564
0.01144366480905509,0.36204613135395564
0.01144366480905509,0.36204613135395564
0.01144366480905509,0.36204613135395564
0.009096786524557518,0.3617854335873344
0.009096786524557518,0.3617854335873344
0.009096786524557518,0.3617854335873344
0.009096786524557518,0.3617854335873344
0.009096786524557518,0.3617854335873344
0.009096786524557518,0.3617854335873344
0.009096786524557518,0.3617854335873344
0.009096786524557518,0.3617854335873344
0.009096786524557518,0.3617854335873344
0.009096786524557518,0.3617854335873344
0.009096786524557518,0.3617854335873344
0.009096786524557518,0.3617854335873344
0.009096786524557518,0.3617854335873344
0.009096786524557518,0.3617854335873344
0.009096786524557518,0.3617854335873344
0.009096786524557518,0.3617854335873344
0.009096786524557518,0.3617854335873344
0.009096786524557518,0.3617854335873344
0.0124436002036547,0.3621673752639496
0.0124436002036547,0.3621673752639496
0.0124436002036547,0.3621673752639496
0.0124436002036547,0.3621673752639496
0.0124436002036547,0.3621673752639496
0.0124436002036547,0.3621673752639496
0.0124436002036547,0.3621673752639496
0.0124436002036547,0.3621673752639496
0.0124436002036547,0.3621673752639496
0.0124436002036547,0.3621673752639496
0.0124436002036547,0.3621673752639496
0.0124436002036547,0.3621673752639496
0.0124436002036547,0.3621673752639496
0.0124436002036547,0.3621673752639496
0.0124436002036547,0.3621673752639496
0.0124436002036547,0.3621673752639496
0.0124436002036547,0.3621673752639496
0.009940888275743721,0.3619127767643585
0.009940888275743721,0.3619127767643585
0.009940888275743721,0.3619127767643585
0.009940888275743721,0.3619127767643585
0.009940888275743721,0.3619127767643585
0.009940888275743721,0.3619127767643585
0.009940888275743721,0.3619127767643585
0.009940888275743721,0.3619127767643585
0.009940888275743721,0.3619127767643585
0.009940888275743721,0.3619127767643585
0.009940888275743721,0.3619127767643585
0.007619841279085195,0.361637363171126
0.007619841279085195,0.361637363171126
0.007619841279085195,0.361637363171126
0.007619841279085195,0.361637363171126
0.007619841279085195,0.361637363171126
0.007619841279085195,0.361637363171126
0.007619841279085195,0.361637363171126
0.01368329849921228,0.3623219138600126
0.01368329849921228,0.3623219138600126
0.01368329849921228,0.3623219138600126
0.01368329849921228,0.3623219138600126
0.01368329849921228,0.3623219138600126
0.011528416226074582,0.36208526051756024
0.011528416226074582,0.36208526051756024
0.011528416226074582,0.36208526051756024
0.011528416226074582,0.36208526051756024
0.011528416226074582,0.36208526051756024
0.011528416226074582,0.36208526051756024
0.011528416226074582,0.36208526051756024
0.011528416226074582,0.36208526051756024
0.011528416226074582,0.36208526051756024
0.011528416226074582,0.36208526051756024
0.009422619808868507,0.3618638085402885
0.009422619808868507,0.3618638085402885
0.009422619808868507,0.3618638085402885
0.009422619808868507,0.3618638085402885
0.009422619808868507,0.3618638085402885
0.009422619808868507,0.3618638085402885
0.009422619808868507,0.3618638085402885
0.009422619808868507,0.3618638085402885
0.009422619808868507,0.3618638085402885
0.009422619808868507,0.3618638085402885
0.009422619808868507,0.3618638085402885
0.013243341822580107,0.362326396274788
0.013243341822580107,0.362326396274788
0.013243341822580107,0.362326396274788
0.013243341822580107,0.362326396274788
0.013243341822580107,0.362326396274788
0.013243341822580107,0.362326396274788
0.013243341822580107,0.362326396274788
0.013243341822580107,0.362326396274788
0.013243341822580107,0.362326396274788
0.013243341822580107,0.362326396274788
0.013243341822580107,0.362326396274788
0.010760005799884786,0.3620829547549856
0.010760005799884786,0.3620829547549856
0.010760005799884786,0.3620829547549856
0.010760005799884786,0.3620829547549856
0.010760005799884786,0.3620829547549856
0.010760005799884786,0.3620829547549856
0.010760005799884786,0.3620829547549856
0.010760005799884786,0.3620829547549856
0.010760005799884786,0.3620829547549856
0.010760005799884786,0.3620829547549856
0.010760005799884786,0.3620829547549856
0.008438836225216455,0.3617993883212495
0.008438836225216455,0.3617993883212495
0.008438836225216455,0.3617993883212495
0.008438836225216455,0.3617993883212495
0.008438836225216455,0.3617993883212495
0.014895291771527139,0.3626186602427783
0.014895291771527139,0.3626186602427783
0.014895291771527139,0.3626186602427783
0.014895291771527139,0.3626186602427783
0.014895291771527139,0.3626186602427783
0.012204880719668243,0.3622973353060762
0.012204880719668243,0.3622973353060762
0.012204880719668243,0.3622973353060762
0.012204880719668243,0.3622973353060762
0.012204880719668243,0.3622973353060762
0.012204880719668243,0.3622973353060762
0.012204880719668243,0.3622973353060762
0.012204880719668243,0.3622973353060762
0.012204880719668243,0.3622973353060762
0.012204880719668243,0.3622973353060762
0.012204880719668243,0.3622973353060762
0.012204880719668243,0.3622973353060762
0.012204880719668243,0.3622973353060762
0.012204880719668243,0.3622973353060762
0.012204880719668243,0.3622973353060762
0.009791203851540892,0.3619829228055852
0.009791203851540892,0.3619829228055852
0.009791203851540892,0.3619829228055852
0.009791203851540892,0.3619829228055852
0.009791203851540892,0.3619829228055852
0.009791203851540892,0.3619829228055852
0.009791203851540892,0.3619829228055852
0.009791203851540892,0.3619829228055852
0.009791203851540892,0.3619829228055852
0.009791203851540892,0.3619829228055852
0.009791203851540892,0.3619829228055852
0.013836730502738911,0.36248878749582814
0.013836730502738911,0.36248878749582814
0.013836730502738911,0.36248878749582814
0.013836730502738911,0.36248878749582814
0.013836730502738911,0.36248878749582814
0.013836730502738911,0.36248878749582814
0.013836730502738911,0.36248878749582814
0.013836730502738911,0.36248878749582814
0.013836730502738911,0.36248878749582814
0.011224112219272164,0.36208619988143753
0.011224112219272164,0.36208619988143753
0.011224112219272164,0.36208619988143753
0.011224112219272164,0.36208619988143753
0.011224112219272164,0.36208619988143753
0.011224112219272164,0.36208619988143753
0.011224112219272164,0.36208619988143753
0.011224112219272164,0.36208619988143753
0.011224112219272164,0.36208619988143753
0.011224112219272164,0.36208619988143753
0.00877414913125122,0.3617300776502064
0.00877414913125122,0.3617300776502064
0.00877414913125122,0.3617300776502064
0.00877414913125122,0.3617300776502064
0.00877414913125122,0.3617300776502064
0.01552616058022227,0.3626185833374656
0.01552616058022227,0.3626185833374656
0.01552616058022227,0.3626185833374656
0.01552616058022227,0.3626185833374656
0.01552616058022227,0.3626185833374656
0.01552616058022227,0.3626185833374656
0.01552616058022227,0.3626185833374656
0.01552616058022227,0.3626185833374656
0.013200563178765452,0.36230815910924347
0.013200563178765452,0.36230815910924347
0.013200563178765452,0.36230815910924347
0.013200563178765452,0.36230815910924347
0.013200563178765452,0.36230815910924347
0.013200563178765452,0.36230815910924347
0.013200563178765452,0.36230815910924347
0.013200563178765452,0.36230815910924347
0.013200563178765452,0.36230815910924347
0.010622582353419292,0.36195323567583226
0.010622582353419292,0.36195323567583226
0.010622582353419292,0.36195323567583226
0.010622582353419292,0.36195323567583226
0.010622582353419292,0.36195323567583226
0.010622582353419292,0.36195323567583226
0.010622582353419292,0.36195323567583226
0.014654724130593703,0.36246988103521893
0.014654724130593703,0.36246988103521893
0.014654724130593703,0.36246988103521893
0.014654724130593703,0.36246988103521893
0.014654724130593703,0.36246988103521893
0.014654724130593703,0.36246988103521893
0.014654724130593703,0.36246988103521893
0.014654724130593703,0.36246988103521893
0.014654724130593703,0.36246988103521893
0.012110538659453399,0.36213940217152707
0.012110538659453399,0.36213940217152707
0.012110538659453399,0.36213940217152707
0.012110538659453399,0.36213940217152707
0.012110538659453399,0.36213940217152707
0.012110538659453399,0.36213940217152707
0.012110538659453399,0.36213940217152707
0.012110538659453399,0.36213940217152707
0.012110538659453399,0.36213940217152707
0.012110538659453399,0.36213940217152707
0.009149062318161663,0.36176569947168336
0.009149062318161663,0.36176569947168336
0.009149062318161663,0.36176569947168336
0.009149062318161663,0.36176569947168336
0.009149062318161663,0.36176569947168336
0.009149062318161663,0.36176569947168336
0.01609282999955937,0.36267982617009975
0.01609282999955937,0.36267982617009975
0.01609282999955937,0.36267982617009975
0.01609282999955937,0.36267982617009975
0.01609282999955937,0.36267982617009975
0.01609282999955937,0.36267982617009975
0.013607144286631546,0.3623626123826661
0.013607144286631546,0.3623626123826661
0.013607144286631546,0.3623626123826661
0.013607144286631546,0.3623626123826661
0.013607144286631546,0.3623626123826661
0.013607144286631546,0.3623626123826661
0.013607144286631546,0.3623626123826661
0.013607144286631546,0.3623626123826661
0.013607144286631546,0.3623626123826661
0.013607144286631546,0.3623626123826661
0.013607144286631546,0.3623626123826661
0.013607144286631546,0.3623626123826661
0.013607144286631546,0.3623626123826661
0.011120415890756248,0.3620179149195171
0.011120415890756248,0.3620179149195171
0.011120415890756248,0.3620179149195171
0.011120415890756248,0.3620179149195171
0.011120415890756248,0.3620179149195171
0.011120415890756248,0.3620179149195171
0.011120415890756248,0.3620179149195171
0.011120415890756248,0.3620179149195171
0.011120415890756248,0.3620179149195171
0.011120415890756248,0.3620179149195171
0.011120415890756248,0.3620179149195171
0.011120415890756248,0.3620179149195171
0.014835499451180553,0.36256239658745704
0.014835499451180553,0.36256239658745704
0.014835499451180553,0.36256239658745704
0.014835499451180553,0.36256239658745704
0.014835499451180553,0.36256239658745704
0.014835499451180553,0.36256239658745704
0.014835499451180553,0.36256239658745704
0.014835499451180553,0.36256239658745704
0.014835499451180553,0.36256239658745704
0.012053964991440916,0.36220722348466317
0.012053964991440916,0.36220722348466317
0.012053964991440916,0.36220722348466317
0.012053964991440916,0.36220722348466317
0.012053964991440916,0.36220722348466317
0.012053964991440916,0.36220722348466317
0.012053964991440916,0.36220722348466317
0.012053964991440916,0.36220722348466317
0.012053964991440916,0.36220722348466317
0.009124541151773545,0.3617942971772126
0.009124541151773545,0.3617942971772126
0.009124541151773545,0.3617942971772126
0.009124541151773545,0.3617942971772126
0.009124541151773545,0.3617942971772126
0.016146730028476226,0.3627446054295404
0.016146730028476226,0.3627446054295404
0.016146730028476226,0.3627446054295404
0.016146730028476226,0.3627446054295404
0.013174500209081647,0.36235876839793796
0.013174500209081647,0.36235876839793796
0.013174500209081647,0.36235876839793796
0.013174500209081647,0.36235876839793796
0.013174500209081647,0.36235876839793796
0.013174500209081647,0.36235876839793796
0.013174500209081647,0.36235876839793796
0.013174500209081647,0.36235876839793796
0.013174500209081647,0.36235876839793796
0.010467498171502172,0.3619531710703821
0.010467498171502172,0.3619531710703821
0.010467498171502172,0.3619531710703821
0.010467498171502172,0.3619531710703821
0.010467498171502172,0.3619531710703821
0.010467498171502172,0.3619531710703821
0.010467498171502172,0.3619531710703821
0.010467498171502172,0.3619531710703821
0.010467498171502172,0.3619531710703821
0.010467498171502172,0.3619531710703821
0.010467498171502172,0.3619531710703821
0.014760790275068353,0.3625646889437002
0.014760790275068353,0.3625646889437002
0.014760790275068353,0.3625646889437002
0.014760790275068353,0.3625646889437002
0.014760790275068353,0.3625646889437002
0.014760790275068353,0.3625646889437002
0.014760790275068353,0.3625646889437002
0.014760790275068353,0.3625646889437002
0.014760790275068353,0.3625646889437002
0.014760790275068353,0.3625646889437002
0.01203366182074165,0.36217335709742815
0.01203366182074165,0.36217335709742815
0.01203366182074165,0.36217335709742815
0.01203366182074165,0.36217335709742815
0.01203366182074165,0.36217335709742815
0.01203366182074165,0.36217335709742815
0.01203366182074165,0.36217335709742815
0.01203366182074165,0.36217335709742815
0.01203366182074165,0.36217335709742815
0.01203366182074165,0.36217335709742815
0.009330009715628224,0.3617641290517148
0.009330009715628224,0.3617641290517148
0.009330009715628224,0.3617641290517148
0.01632283597130084,0.3627151391151131
0.01632283597130084,0.3627151391151131
0.01632283597130084,0.3627151391151131
0.01632283597130084,0.3627151391151131
0.01632283597130084,0.3627151391151131
0.013588126301835632,0.36233811911885877
0.013588126301835632,0.36233811911885877
0.013588126301835632,0.36233811911885877
0.013588126301835632,0.36233811911885877
0.013588126301835632,0.36233811911885877
0.013588126301835632,0.36233811911885877
0.013588126301835632,0.36233811911885877
0.013588126301835632,0.36233811911885877
0.013588126301835632,0.36233811911885877
0.013588126301835632,0.36233811911885877
0.013588126301835632,0.36233811911885877
0.01099939137157254,0.36200584210441616
0.01099939137157254,0.36200584210441616
0.01099939137157254,0.36200584210441616
0.01099939137157254,0.36200584210441616
0.01099939137157254,0.36200584210441616
0.01099939137157254,0.36200584210441616
0.01099939137157254,0.36200584210441616
0.01099939137157254,0.36200584210441616
0.01099939137157254,0.36200584210441616
0.01099939137157254,0.36200584210441616
0.015297783585458663,0.36257188855175526
0.015297783585458663,0.36257188855175526
0.015297783585458663,0.36257188855175526
0.015297783585458663,0.36257188855175526
0.015297783585458663,0.36257188855175526
0.015297783585458663,0.36257188855175526
0.015297783585458663,0.36257188855175526
0.015297783585458663,0.36257188855175526
0.012116190785105306,0.3621790346562904
0.012116190785105306,0.3621790346562904
0.012116190785105306,0.3621790346562904
0.012116190785105306,0.3621790346562904
0.012116190785105306,0.3621790346562904
0.012116190785105306,0.3621790346562904
0.012116190785105306,0.3621790346562904
0.012116190785105306,0.3621790346562904
0.012116190785105306,0.3621790346562904
0.012116190785105306,0.3621790346562904
0.009402234062588673,0.36178835528219366
0.009402234062588673,0.36178835528219366
0.009402234062588673,0.36178835528219366
0.009402234062588673,0.36178835528219366
0.016259653825344444,0.36270077334390693
0.016259653825344444,0.36270077334390693
0.016259653825344444,0.36270077334390693
0.016259653825344444,0.36270077334390693
0.013427017624600704,0.36234971583184716
0.013427017624600704,0.36234971583184716
0.013427017624600704,0.36234971583184716
0.013427017624600704,0.36234971583184716
0.013427017624600704,0.36234971583184716
0.013427017624600704,0.36234971583184716
0.013427017624600704,0.36234971583184716
0.013427017624600704,0.36234971583184716
0.013427017624600704,0.36234971583184716
0.010650816342600261,0.3619570236716405
0.010650816342600261,0.3619570236716405
0.010650816342600261,0.3619570236716405
0.010650816342600261,0.3619570236716405
0.010650816342600261,0.3619570236716405
0.010650816342600261,0.3619570236716405
0.010650816342600261,0.3619570236716405
0.010650816342600261,0.3619570236716405
0.010650816342600261,0.3619570236716405
0.014404565238723112,0.3624564213267041
0.014404565238723112,0.3624564213267041
0.014404565238723112,0.3624564213267041
0.014404565238723112,0.3624564213267041
0.014404565238723112,0.3624564213267041
0.014404565238723112,0.3624564213267041
0.014404565238723112,0.3624564213267041
0.014404565238723112,0.3624564213267041
0.014404565238723112,0.3624564213267041
0.014404565238723112,0.3624564213267041
0.011724164049688575,0.3620989552590268
0.011724164049688575,0.3620989552590268
0.011724164049688575,0.3620989552590268
0.011724164049688575,0.3620989552590268
0.011724164049688575,0.3620989552590268
0.011724164049688575,0.3620989552590268
0.011724164049688575,0.3620989552590268
0.011724164049688575,0.3620989552590268
0.011724164049688575,0.3620989552590268
0.011724164049688575,0.3620989552590268
0.009311152750066276,0.36175176047253776
0.009311152750066276,0.36175176047253776
0.009311152750066276,0.36175176047253776
0.009311152750066276,0.36175176047253776
0.009311152750066276,0.36175176047253776
0.01592655527763784,0.3626111554795916
0.01592655527763784,0.3626111554795916
0.01592655527763784,0.3626111554795916
0.01592655527763784,0.3626111554795916
0.01592655527763784,0.3626111554795916
0.013177519123804722,0.3622762689838056
0.013177519123804722,0.3622762689838056
0.013177519123804722,0.3622762689838056
0.013177519123804722,0.3622762689838056
0.013177519123804722,0.3622762689838056
0.013177519123804722,0.3622762689838056
0.013177519123804722,0.3622762689838056
0.013177519123804722,0.3622762689838056
0.010642444113666584,0.3619384880535721
0.010642444113666584,0.3619384880535721
0.010642444113666584,0.3619384880535721
0.010642444113666584,0.3619384880535721
0.010642444113666584,0.3619384880535721
0.010642444113666584,0.3619384880535721
0.010642444113666584,0.3619384880535721
0.010642444113666584,0.3619384880535721
0.010642444113666584,0.3619384880535721
0.014419601010834941,0.36242494607742176
0.014419601010834941,0.36242494607742176
0.014419601010834941,0.36242494607742176
0.014419601010834941,0.36242494607742176
0.014419601010834941,0.36242494607742176
0.014419601010834941,0.36242494607742176
0.014419601010834941,0.36242494607742176
0.014419601010834941,0.36242494607742176
0.014419601010834941,0.36242494607742176
0.014419601010834941,0.36242494607742176
0.014419601010834941,0.36242494607742176
0.011948701515339923,0.3621032718172296
0.011948701515339923,0.3621032718172296
0.011948701515339923,0.3621032718172296
0.011948701515339923,0.3621032718172296
0.011948701515339923,0.3621032718172296
0.011948701515339923,0.3621032718172296
0.011948701515339923,0.3621032718172296
0.011948701515339923,0.3621032718172296
0.011948701515339923,0.3621032718172296
0.011948701515339923,0.3621032718172296
0.011948701515339923,0.3621032718172296
0.009485230153604779,0.36180592006310736
0.009485230153604779,0.36180592006310736
0.009485230153604779,0.36180592006310736
0.009485230153604779,0.36180592006310736
0.015757366977209766,0.36258975877096516
0.015757366977209766,0.36258975877096516
0.015757366977209766,0.36258975877096516
0.015757366977209766,0.36258975877096516
0.013377544077547404,0.36234663007636925
0.013377544077547404,0.36234663007636925
0.013377544077547404,0.36234663007636925
0.013377544077547404,0.36234663007636925
0.013377544077547404,0.36234663007636925
0.013377544077547404,0.36234663007636925
0.013377544077547404,0.36234663007636925
0.013377544077547404,0.36234663007636925
0.013377544077547404,0.36234663007636925
0.013377544077547404,0.36234663007636925
0.013377544077547404,0.36234663007636925
0.01071636396815289,0.3620459502169014
0.01071636396815289,0.3620459502169014
0.01071636396815289,0.3620459502169014
0.01071636396815289,0.3620459502169014
0.01071636396815289,0.3620459502169014
0.01071636396815289,0.3620459502169014
0.01071636396815289,0.3620459502169014
0.01071636396815289,0.3620459502169014
0.01071636396815289,0.3620459502169014
0.01071636396815289,0.3620459502169014
0.014293875992122451,0.36252351926506515
0.014293875992122451,0.36252351926506515
0.014293875992122451,0.36252351926506515
0.014293875992122451,0.36252351926506515
0.014293875992122451,0.36252351926506515
0.014293875992122451,0.36252351926506515
0.014293875992122451,0.36252351926506515
0.014293875992122451,0.36252351926506515
0.014293875992122451,0.36252351926506515
0.012172448297755184,0.3622916332911266
0.012172448297755184,0.3622916332911266
0.012172448297755184,0.3622916332911266
0.012172448297755184,0.3622916332911266
0.012172448297755184,0.3622916332911266
0.012172448297755184,0.3622916332911266
0.012172448297755184,0.3622916332911266
0.012172448297755184,0.3622916332911266
0.012172448297755184,0.3622916332911266
0.012172448297755184,0.3622916332911266
0.010236540554946327,0.3620525027459635
0.010236540554946327,0.3620525027459635
0.010236540554946327,0.3620525027459635
0.010236540554946327,0.3620525027459635
0.016068475719117015,0.36274866713606874
0.016068475719117015,0.36274866713606874
0.016068475719117015,0.36274866713606874
0.016068475719117015,0.36274866713606874
0.016068475719117015,0.36274866713606874
0.016068475719117015,0.36274866713606874
0.013908761612971332,0.3624956230553803
0.013908761612971332,0.3624956230553803
0.013908761612971332,0.3624956230553803
0.013908761612971332,0.3624956230553803
0.013908761612971332,0.3624956230553803
0.013908761612971332,0.3624956230553803
0.013908761612971332,0.3624956230553803
0.013908761612971332,0.3624956230553803
0.013908761612971332,0.3624956230553803
0.013908761612971332,0.3624956230553803
0.013908761612971332,0.3624956230553803
0.013908761612971332,0.3624956230553803
0.011779996028816159,0.36225367922648327
0.011779996028816159,0.36225367922648327
0.011779996028816159,0.36225367922648327
0.011779996028816159,0.36225367922648327
0.011779996028816159,0.36225367922648327
0.011779996028816159,0.36225367922648327
0.011779996028816159,0.36225367922648327
0.011779996028816159,0.36225367922648327
0.011779996028816159,0.36225367922648327
0.011779996028816159,0.36225367922648327
0.011779996028816159,0.36225367922648327
0.011779996028816159,0.36225367922648327
0.011779996028816159,0.36225367922648327
0.011779996028816159,0.36225367922648327
0.015169058135756648,0.362671042964093
0.015169058135756648,0.362671042964093
0.015169058135756648,0.362671042964093
0.015169058135756648,0.362671042964093
0.015169058135756648,0.362671042964093
0.015169058135756648,0.362671042964093
0.015169058135756648,0.362671042964093
0.015169058135756648,0.362671042964093
0.015169058135756648,0.362671042964093
0.015169058135756648,0.362671042964093
0.015169058135756648,0.362671042964093
0.015169058135756648,0.362671042964093
0.015169058135756648,0.362671042964093
0.015169058135756648,0.362671042964093
0.01294526468956661,0.36244799449115433
0.01294526468956661,0.36244799449115433
0.01294526468956661,0.36244799449115433
0.01294526468956661,0.36244799449115433
0.01294526468956661,0.36244799449115433
0.01294526468956661,0.36244799449115433
0.01294526468956661,0.36244799449115433
0.01294526468956661,0.36244799449115433
0.01294526468956661,0.36244799449115433
0.010821473276968953,0.3622412483836616
0.010821473276968953,0.3622412483836616
0.010821473276968953,0.3622412483836616
0.010821473276968953,0.3622412483836616
0.01612272635018125,0.3628415361682411
0.01612272635018125,0.3628415361682411
0.01612272635018125,0.3628415361682411
0.01612272635018125,0.3628415361682411
0.013997237137669816,0.3626020270617121
0.013997237137669816,0.3626020270617121
0.013997237137669816,0.3626020270617121
0.013997237137669816,0.3626020270617121
0.013997237137669816,0.3626020270617121
0.013997237137669816,0.3626020270617121
0.013997237137669816,0.3626020270617121
0.013997237137669816,0.3626020270617121
0.011993559078455465,0.3623635601054525
0.011993559078455465,0.3623635601054525
0.011993559078455465,0.3623635601054525
0.011993559078455465,0.3623635601054525
0.011993559078455465,0.3623635601054525
0.011993559078455465,0.3623635601054525
0.011993559078455465,0.3623635601054525
0.014958215137676617,0.36270813428571064
0.014958215137676617,0.36270813428571064
0.014958215137676617,0.36270813428571064
0.014958215137676617,0.36270813428571064
0.014958215137676617,0.36270813428571064
0.014958215137676617,0.36270813428571064
0.014958215137676617,0.36270813428571064
0.014958215137676617,0.36270813428571064
0.014958215137676617,0.36270813428571064
0.013178013699511437,0.3625244288030187
0.013178013699511437,0.3625244288030187
0.013178013699511437,0.3625244288030187
0.013178013699511437,0.3625244288030187
0.013178013699511437,0.3625244288030187
0.013178013699511437,0.3625244288030187
0.013178013699511437,0.3625244288030187
0.013178013699511437,0.3625244288030187
0.013178013699511437,0.3625244288030187
0.013178013699511437,0.3625244288030187
0.013178013699511437,0.3625244288030187
0.011445657830083583,0.36235857129479904
0.011445657830083583,0.36235857129479904
0.011445657830083583,0.36235857129479904
0.011445657830083583,0.36235857129479904
0.011445657830083583,0.36235857129479904
0.011445657830083583,0.36235857129479904
0.01613274024848825,0.36286466765778014
0.01613274024848825,0.36286466765778014
0.01613274024848825,0.36286466765778014
0.01613274024848825,0.36286466765778014
0.01410668256493594,0.3626812124324435
0.01410668256493594,0.3626812124324435
0.01410668256493594,0.3626812124324435
0.01410668256493594,0.3626812124324435
0.01410668256493594,0.3626812124324435
0.01410668256493594,0.3626812124324435
0.01410668256493594,0.3626812124324435
0.01410668256493594,0.3626812124324435
0.01410668256493594,0.3626812124324435
0.01228483412556234,0.3625135565468168
0.01228483412556234,0.3625135565468168
0.01228483412556234,0.3625135565468168
0.01228483412556234,0.3625135565468168
0.01228483412556234,0.3625135565468168
0.01228483412556234,0.3625135565468168
0.01228483412556234,0.3625135565468168
0.01228483412556234,0.3625135565468168
0.01228483412556234,0.3625135565468168
0.01228483412556234,0.3625135565468168
0.01228483412556234,0.3625135565468168
0.015041701882848882,0.36284350643058916
0.015041701882848882,0.36284350643058916
0.015041701882848882,0.36284350643058916
0.015041701882848882,0.36284350643058916
0.015041701882848882,0.36284350643058916
0.015041701882848882,0.36284350643058916
0.015041701882848882,0.36284350643058916
0.015041701882848882,0.36284350643058916
0.015041701882848882,0.36284350643058916
0.01361315188320033,0.3627238411308836
0.01361315188320033,0.3627238411308836
0.01361315188320033,0.3627238411308836
0.01361315188320033,0.3627238411308836
0.01361315188320033,0.3627238411308836
0.01361315188320033,0.3627238411308836
0.01361315188320033,0.3627238411308836
0.01361315188320033,0.3627238411308836
0.01361315188320033,0.3627238411308836
0.011996128236441986,0.36256503082894764
0.011996128236441986,0.36256503082894764
0.011996128236441986,0.36256503082894764
0.011996128236441986,0.36256503082894764
0.015995330956349134,0.3629734624059477
0.015995330956349134,0.3629734624059477
0.014543839014798964,0.36281833519928897
0.014543839014798964,0.36281833519928897
0.014543839014798964,0.36281833519928897
0.014543839014798964,0.36281833519928897
0.014543839014798964,0.36281833519928897
0.014543839014798964,0.36281833519928897
0.014543839014798964,0.36281833519928897
0.014543839014798964,0.36281833519928897
0.013170754868157025,0.3626406768935856
0.013170754868157025,0.3626406768935856
0.013170754868157025,0.3626406768935856
0.013170754868157025,0.3626406768935856
0.013170754868157025,0.3626406768935856
0.013170754868157025,0.3626406768935856
0.013170754868157025,0.3626406768935856
0.013170754868157025,0.3626406768935856
0.013170754868157025,0.3626406768935856
0.013170754868157025,0.3626406768935856
0.013170754868157025,0.3626406768935856
0.015412626212337334,0.3628980240685662
0.015412626212337334,0.3628980240685662
0.015412626212337334,0.3628980240685662
0.015412626212337334,0.3628980240685662
0.015412626212337334,0.3628980240685662
0.015412626212337334,0.3628980240685662
0.015412626212337334,0.3628980240685662
0.015412626212337334,0.3628980240685662
0.015412626212337334,0.3628980240685662
0.015412626212337334,0.3628980240685662
0.015412626212337334,0.3628980240685662
0.015412626212337334,0.3628980240685662
0.013731873813744327,0.3627371184709236
0.013731873813744327,0.3627371184709236
0.013731873813744327,0.3627371184709236
0.013731873813744327,0.3627371184709236
0.013731873813744327,0.3627371184709236
0.013731873813744327,0.3627371184709236
0.013731873813744327,0.3627371184709236
0.013731873813744327,0.3627371184709236
0.013731873813744327,0.3627371184709236
0.013731873813744327,0.3627371184709236
0.013731873813744327,0.3627371184709236
0.013731873813744327,0.3627371184709236
0.013731873813744327,0.3627371184709236
0.01222054059517521,0.36260219218944295
0.01222054059517521,0.36260219218944295
0.01222054059517521,0.36260219218944295
0.01222054059517521,0.36260219218944295
0.01222054059517521,0.36260219218944295
0.015467912002209816,0.36291364006511767
0.015467912002209816,0.36291364006511767
0.015467912002209816,0.36291364006511767
0.015467912002209816,0.36291364006511767
0.014186838543426408,0.36282517833873157
0.014186838543426408,0.36282517833873157
0.014186838543426408,0.36282517833873157
0.014186838543426408,0.36282517833873157
0.014186838543426408,0.36282517833873157
0.014186838543426408,0.36282517833873157
0.014186838543426408,0.36282517833873157
0.014186838543426408,0.36282517833873157
0.012935976417522248,0.3627015664386825
0.012935976417522248,0.3627015664386825
0.012935976417522248,0.3627015664386825
0.012935976417522248,0.3627015664386825
0.012935976417522248,0.3627015664386825
0.012935976417522248,0.3627015664386825
0.012935976417522248,0.3627015664386825
0.012935976417522248,0.3627015664386825
0.012935976417522248,0.3627015664386825
0.01461599451527007,0.3628569303480692
0.01461599451527007,0.3628569303480692
0.01461599451527007,0.3628569303480692
0.01461599451527007,0.3628569303480692
0.01461599451527007,0.3628569303480692
0.01461599451527007,0.3628569303480692
0.01461599451527007,0.3628569303480692
0.01461599451527007,0.3628569303480692
0.01374048163661714,0.36276351150654895
0.01374048163661714,0.36276351150654895
0.01374048163661714,0.36276351150654895
0.01374048163661714,0.36276351150654895
0.01374048163661714,0.36276351150654895
0.01374048163661714,0.36276351150654895
0.01374048163661714,0.36276351150654895
0.01374048163661714,0.36276351150654895
0.01374048163661714,0.36276351150654895
0.01374048163661714,0.36276351150654895
0.01374048163661714,0.36276351150654895
0.012723082403834102,0.36266813655433394
0.012723082403834102,0.36266813655433394
0.012723082403834102,0.36266813655433394
0.012723082403834102,0.36266813655433394
0.012723082403834102,0.36266813655433394
0.012723082403834102,0.36266813655433394
0.012723082403834102,0.36266813655433394
0.01516469508849723,0.3628963280271438
0.01516469508849723,0.3628963280271438
0.01516469508849723,0.3628963280271438
0.01516469508849723,0.3628963280271438
0.01516469508849723,0.3628963280271438
0.01516469508849723,0.3628963280271438
0.01516469508849723,0.3628963280271438
0.01402482236077586,0.36284422631741914
0.01402482236077586,0.36284422631741914
0.01402482236077586,0.36284422631741914
0.01402482236077586,0.36284422631741914
0.01402482236077586,0.36284422631741914
0.01402482236077586,0.36284422631741914
0.01402482236077586,0.36284422631741914
0.01402482236077586,0.36284422631741914
0.01402482236077586,0.36284422631741914
0.01402482236077586,0.36284422631741914
0.01402482236077586,0.36284422631741914
0.01402482236077586,0.36284422631741914
0.01402482236077586,0.36284422631741914
0.01402482236077586,0.36284422631741914
0.013236832518212463,0.3627797843973406
0.013236832518212463,0.3627797843973406
0.013236832518212463,0.3627797843973406
0.013236832518212463,0.3627797843973406
0.013236832518212463,0.3627797843973406
0.013236832518212463,0.3627797843973406
0.013236832518212463,0.3627797843973406
0.013236832518212463,0.3627797843973406
0.013236832518212463,0.3627797843973406
0.013236832518212463,0.3627797843973406
0.014615719417566564,0.36292521940040035
0.014615719417566564,0.36292521940040035
0.014615719417566564,0.36292521940040035
0.014615719417566564,0.36292521940040035
0.014615719417566564,0.36292521940040035
0.014615719417566564,0.36292521940040035
0.014615719417566564,0.36292521940040035
0.014615719417566564,0.36292521940040035
0.014615719417566564,0.36292521940040035
0.013871108023673917,0.362853234399124
0.013871108023673917,0.362853234399124
0.013871108023673917,0.362853234399124
0.013871108023673917,0.362853234399124
0.013871108023673917,0.362853234399124
0.013871108023673917,0.362853234399124
0.013871108023673917,0.362853234399124
0.013871108023673917,0.362853234399124
0.013871108023673917,0.362853234399124
0.013871108023673917,0.362853234399124
0.013204541659832696,0.3628021634833202
0.013204541659832696,0.3628021634833202
0.013204541659832696,0.3628021634833202
0.013204541659832696,0.3628021634833202
0.014799415654208774,0.3629541932187895
0.014799415654208774,0.3629541932187895
0.014799415654208774,0.3629541932187895
0.014799415654208774,0.3629541932187895
0.014799415654208774,0.3629541932187895
0.014799415654208774,0.3629541932187895
0.014344567123362378,0.36289946223976666
0.014344567123362378,0.36289946223976666
0.014344567123362378,0.36289946223976666
0.014344567123362378,0.36289946223976666
0.014344567123362378,0.36289946223976666
0.014344567123362378,0.36289946223976666
0.014344567123362378,0.36289946223976666
0.014344567123362378,0.36289946223976666
0.014344567123362378,0.36289946223976666
0.014344567123362378,0.36289946223976666
0.014344567123362378,0.36289946223976666
0.014344567123362378,0.36289946223976666
0.014344567123362378,0.36289946223976666
0.013920554154160478,0.36284433263333987
0.013920554154160478,0.36284433263333987
0.013920554154160478,0.36284433263333987
0.013920554154160478,0.36284433263333987
0.013920554154160478,0.36284433263333987
0.013920554154160478,0.36284433263333987
0.013920554154160478,0.36284433263333987
0.013920554154160478,0.36284433263333987
0.013920554154160478,0.36284433263333987
0.013920554154160478,0.36284433263333987
0.014236518516479932,0.362923641528026
0.014236518516479932,0.362923641528026
0.014236518516479932,0.362923641528026
0.014236518516479932,0.362923641528026
0.014236518516479932,0.362923641528026
0.014236518516479932,0.362923641528026
0.014236518516479932,0.362923641528026
0.014236518516479932,0.362923641528026
0.014236518516479932,0.362923641528026
0.014236518516479932,0.362923641528026
0.014236518516479932,0.362923641528026
0.014236518516479932,0.362923641528026
0.014236518516479932,0.362923641528026
0.014236518516479932,0.362923641528026
0.01390747493235276,0.3629303868330272
0.01390747493235276,0.3629303868330272
0.01390747493235276,0.3629303868330272
0.01390747493235276,0.3629303868330272
0.01390747493235276,0.3629303868330272
0.01390747493235276,0.3629303868330272
0.01390747493235276,0.3629303868330272
0.01390747493235276,0.3629303868330272
0.01390747493235276,0.3629303868330272
0.01390747493235276,0.3629303868330272
0.01390747493235276,0.3629303868330272
0.01390747493235276,0.3629303868330272
0.01390747493235276,0.3629303868330272
0.01390747493235276,0.3629303868330272
0.013670289766822677,0.36293227633433867
0.013670289766822677,0.36293227633433867
0.013670289766822677,0.36293227633433867
0.013670289766822677,0.36293227633433867
0.013670289766822677,0.36293227633433867
0.013670289766822677,0.36293227633433867
0.013670289766822677,0.36293227633433867
0.013670289766822677,0.36293227633433867
0.014389794770251318,0.36302432507987736
0.014389794770251318,0.36302432507987736
0.014389794770251318,0.36302432507987736
0.014389794770251318,0.36302432507987736
0.014389794770251318,0.36302432507987736
0.014389794770251318,0.36302432507987736
0.014389794770251318,0.36302432507987736
0.014293639382936749,0.36302403840075986
0.014293639382936749,0.36302403840075986
0.014293639382936749,0.36302403840075986
0.014293639382936749,0.36302403840075986
0.014293639382936749,0.36302403840075986
0.014293639382936749,0.36302403840075986
0.014293639382936749,0.36302403840075986
0.014293639382936749,0.36302403840075986
0.014293639382936749,0.36302403840075986
0.014293639382936749,0.36302403840075986
0.014293639382936749,0.36302403840075986
0.014293639382936749,0.36302403840075986
0.014293639382936749,0.36302403840075986
0.014293639382936749,0.36302403840075986
0.014293639382936749,0.36302403840075986
0.014203915985766605,0.363012755542365
0.014203915985766605,0.363012755542365
0.014203915985766605,0.363012755542365
0.014203915985766605,0.363012755542365
0.014203915985766605,0.363012755542365
0.014203915985766605,0.363012755542365
0.014203915985766605,0.363012755542365
0.014203915985766605,0.363012755542365
0.014203915985766605,0.363012755542365
0.014203915985766605,0.363012755542365
0.014203915985766605,0.363012755542365
0.014203915985766605,0.363012755542365
0.014203915985766605,0.363012755542365
0.014203915985766605,0.363012755542365
0.014203915985766605,0.363012755542365
0.014203915985766605,0.363012755542365
0.014487944804143386,0.36308567002252995
0.014487944804143386,0.36308567002252995
0.014487944804143386,0.36308567002252995
0.014487944804143386,0.36308567002252995
0.014487944804143386,0.36308567002252995
0.014487944804143386,0.36308567002252995
0.014487944804143386,0.36308567002252995
0.014487944804143386,0.36308567002252995
0.014487944804143386,0.36308567002252995
0.014487944804143386,0.36308567002252995
0.014487944804143386,0.36308567002252995
0.014487944804143386,0.36308567002252995
0.014487944804143386,0.36308567002252995
0.014487944804143386,0.36308567002252995
0.014487944804143386,0.36308567002252995
0.014646558441290161,0.3631000197011343
0.014646558441290161,0.3631000197011343
0.014646558441290161,0.3631000197011343
0.014646558441290161,0.3631000197011343
0.014646558441290161,0.3631000197011343
0.014646558441290161,0.3631000197011343
0.014646558441290161,0.3631000197011343
0.014646558441290161,0.3631000197011343
0.014646558441290161,0.3631000197011343
0.014646558441290161,0.3631000197011343
0.014646558441290161,0.3631000197011343
0.014646558441290161,0.3631000197011343
0.014646558441290161,0.3631000197011343
0.014646558441290161,0.3631000197011343
0.014646558441290161,0.3631000197011343
0.014646558441290161,0.3631000197011343
0.01472902339452506,0.3630942385170253
0.01472902339452506,0.3630942385170253
0.01472902339452506,0.3630942385170253
0.01472902339452506,0.3630942385170253
0.014558531284730433,0.36313847569316
0.014558531284730433,0.36313847569316
0.014558531284730433,0.36313847569316
0.014558531284730433,0.36313847569316
0.014613562678154765,0.36312869908690487
0.014613562678154765,0.36312869908690487
0.014613562678154765,0.36312869908690487
0.014613562678154765,0.36312869908690487
0.014613562678154765,0.36312869908690487
0.014613562678154765,0.36312869908690487
0.014613562678154765,0.36312869908690487
0.014613562678154765,0.36312869908690487
0.014613562678154765,0.36312869908690487
0.01483621535664735,0.3631231953410723
0.01483621535664735,0.3631231953410723
0.01483621535664735,0.3631231953410723
0.01483621535664735,0.3631231953410723
0.01483621535664735,0.3631231953410723
0.01483621535664735,0.3631231953410723
0.01483621535664735,0.3631231953410723
0.014282648832314136,0.36308901692065104
0.014282648832314136,0.36308901692065104
0.014282648832314136,0.36308901692065104
0.014282648832314136,0.36308901692065104
0.014282648832314136,0.36308901692065104
0.014282648832314136,0.36308901692065104
0.014282648832314136,0.36308901692065104
0.014282648832314136,0.36308901692065104
0.014282648832314136,0.36308901692065104
0.014282648832314136,0.36308901692065104
0.014282648832314136,0.36308901692065104
0.014282648832314136,0.36308901692065104
0.014282648832314136,0.36308901692065104
0.014282648832314136,0.36308901692065104
0.01462412785395132,0.3630842618327865
0.01462412785395132,0.3630842618327865
0.01462412785395132,0.3630842618327865
0.01462412785395132,0.3630842618327865
0.01462412785395132,0.3630842618327865
0.01462412785395132,0.3630842618327865
0.01462412785395132,0.3630842618327865
0.01462412785395132,0.3630842618327865
0.01462412785395132,0.3630842618327865
0.01462412785395132,0.3630842618327865
0.01462412785395132,0.3630842618327865
0.015524960789102545,0.3631637932307608
0.015524960789102545,0.3631637932307608
0.015524960789102545,0.3631637932307608
0.015524960789102545,0.3631637932307608
0.015524960789102545,0.3631637932307608
0.015524960789102545,0.3631637932307608
0.014464861096268551,0.363168544051913
0.014464861096268551,0.363168544051913
0.014464861096268551,0.363168544051913
0.014464861096268551,0.363168544051913
0.014464861096268551,0.363168544051913
0.015386725476133581,0.36320280682740114
0.015386725476133581,0.36320280682740114
0.015386725476133581,0.36320280682740114
0.015386725476133581,0.36320280682740114
0.015386725476133581,0.36320280682740114
0.015386725476133581,0.36320280682740114
0.015386725476133581,0.36320280682740114
0.015386725476133581,0.36320280682740114
0.015386725476133581,0.36320280682740114
0.015386725476133581,0.36320280682740114
0.015386725476133581,0.36320280682740114
0.016271584754251188,0.36323782634895957
0.016271584754251188,0.36323782634895957
0.016271584754251188,0.36323782634895957
0.016271584754251188,0.36323782634895957
0.016271584754251188,0.36323782634895957
0.016271584754251188,0.36323782634895957
0.016271584754251188,0.36323782634895957
0.016271584754251188,0.36323782634895957
0.016271584754251188,0.36323782634895957
0.016271584754251188,0.36323782634895957
0.016271584754251188,0.36323782634895957
0.015535973184193502,0.3632363910118651
0.015535973184193502,0.3632363910118651
0.015535973184193502,0.3632363910118651
0.015535973184193502,0.3632363910118651
0.015535973184193502,0.3632363910118651
0.015535973184193502,0.3632363910118651
0.015535973184193502,0.3632363910118651
0.015535973184193502,0.3632363910118651
0.015535973184193502,0.3632363910118651
0.015535973184193502,0.3632363910118651
0.015535973184193502,0.3632363910118651
0.015535973184193502,0.3632363910118651
0.015535973184193502,0.3632363910118651
0.015535973184193502,0.3632363910118651
0.015535973184193502,0.3632363910118651
0.015535973184193502,0.3632363910118651
0.01628824700594711,0.3632907115092078
0.01628824700594711,0.3632907115092078
0.01628824700594711,0.3632907115092078
0.01628824700594711,0.3632907115092078
0.01628824700594711,0.3632907115092078
0.01628824700594711,0.3632907115092078
0.01628824700594711,0.3632907115092078
0.01628824700594711,0.3632907115092078
0.01628824700594711,0.3632907115092078
0.01628824700594711,0.3632907115092078
0.01628824700594711,0.3632907115092078
0.017507427818156583,0.3633858599978357
0.017507427818156583,0.3633858599978357
0.017507427818156583,0.3633858599978357
0.017507427818156583,0.3633858599978357
0.017507427818156583,0.3633858599978357
0.015572462941028778,0.3633605752551215
0.015572462941028778,0.3633605752551215
0.015572462941028778,0.3633605752551215
0.016621018127983344,0.3633911408806749
0.016621018127983344,0.3633911408806749
0.016621018127983344,0.3633911408806749
0.016621018127983344,0.3633911408806749
0.016621018127983344,0.3633911408806749
0.016621018127983344,0.3633911408806749
0.016621018127983344,0.3633911408806749
0.016621018127983344,0.3633911408806749
0.016621018127983344,0.3633911408806749
0.016621018127983344,0.3633911408806749
0.017426729676079895,0.36340809662507007
0.017426729676079895,0.36340809662507007
0.017426729676079895,0.36340809662507007
0.017426729676079895,0.36340809662507007
0.017426729676079895,0.36340809662507007
0.017426729676079895,0.36340809662507007
0.017426729676079895,0.36340809662507007
0.017426729676079895,0.36340809662507007
0.017426729676079895,0.36340809662507007
0.017426729676079895,0.36340809662507007
0.016018255015893244,0.3634042129729721
0.016018255015893244,0.3634042129729721
0.016018255015893244,0.3634042129729721
0.016018255015893244,0.3634042129729721
0.016018255015893244,0.3634042129729721
0.016018255015893244,0.3634042129729721
0.016018255015893244,0.3634042129729721
0.016018255015893244,0.3634042129729721
0.016018255015893244,0.3634042129729721
0.016018255015893244,0.3634042129729721
0.016018255015893244,0.3634042129729721
0.017488081238352625,0.3634992100601338
0.017488081238352625,0.3634992100601338
0.017488081238352625,0.3634992100601338
0.017488081238352625,0.3634992100601338
0.017488081238352625,0.3634992100601338
0.017488081238352625,0.3634992100601338
0.017488081238352625,0.3634992100601338
0.017488081238352625,0.3634992100601338
0.017488081238352625,0.3634992100601338
0.017488081238352625,0.3634992100601338
0.017488081238352625,0.3634992100601338
0.017488081238352625,0.3634992100601338
0.018949349420413684,0.36352731393705673
0.018949349420413684,0.36352731393705673
0.018949349420413684,0.36352731393705673
0.018949349420413684,0.36352731393705673
0.018949349420413684,0.36352731393705673
0.018949349420413684,0.36352731393705673
0.016168848375660252,0.36348370231526567
0.016168848375660252,0.36348370231526567
0.016168848375660252,0.36348370231526567
0.016168848375660252,0.36348370231526567
0.016168848375660252,0.36348370231526567
0.016168848375660252,0.36348370231526567
0.017468385219266015,0.3635557736104971
0.017468385219266015,0.3635557736104971
0.017468385219266015,0.3635557736104971
0.017468385219266015,0.3635557736104971
0.017468385219266015,0.3635557736104971
0.017468385219266015,0.3635557736104971
0.017468385219266015,0.3635557736104971
0.017468385219266015,0.3635557736104971
0.017468385219266015,0.3635557736104971
0.017468385219266015,0.3635557736104971
0.017468385219266015,0.3635557736104971
0.018881618488766107,0.3636284029199876
0.018881618488766107,0.3636284029199876
0.018881618488766107,0.3636284029199876
0.018881618488766107,0.3636284029199876
0.018881618488766107,0.3636284029199876
0.018881618488766107,0.3636284029199876
0.018881618488766107,0.3636284029199876
0.018881618488766107,0.3636284029199876
0.018881618488766107,0.3636284029199876
0.016988292696761113,0.36359815977449345
0.016988292696761113,0.36359815977449345
0.016988292696761113,0.36359815977449345
0.016988292696761113,0.36359815977449345
0.016988292696761113,0.36359815977449345
0.016988292696761113,0.36359815977449345
0.016988292696761113,0.36359815977449345
0.016988292696761113,0.36359815977449345
0.016988292696761113,0.36359815977449345
0.016988292696761113,0.36359815977449345
0.016988292696761113,0.36359815977449345
0.018145857153339648,0.36362840150921444
0.018145857153339648,0.36362840150921444
0.018145857153339648,0.36362840150921444
0.018145857153339648,0.36362840150921444
0.018145857153339648,0.36362840150921444
0.018145857153339648,0.36362840150921444
0.018145857153339648,0.36362840150921444
0.018145857153339648,0.36362840150921444
0.018145857153339648,0.36362840150921444
0.018145857153339648,0.36362840150921444
0.018145857153339648,0.36362840150921444
0.019414551286932924,0.36367071145003277
0.019414551286932924,0.36367071145003277
0.019414551286932924,0.36367071145003277
0.019414551286932924,0.36367071145003277
0.019414551286932924,0.36367071145003277
0.019414551286932924,0.36367071145003277
0.01583208894762502,0.363617761596987
0.01583208894762502,0.363617761596987
0.01583208894762502,0.363617761596987
0.01583208894762502,0.363617761596987
0.017297169304608163,0.3636404722786823
0.017297169304608163,0.3636404722786823
0.017297169304608163,0.3636404722786823
0.017297169304608163,0.3636404722786823
0.017297169304608163,0.3636404722786823
0.017297169304608163,0.3636404722786823
0.017297169304608163,0.3636404722786823
0.017297169304608163,0.3636404722786823
0.018844965763759294,0.36367202584999914
0.018844965763759294,0.36367202584999914
0.018844965763759294,0.36367202584999914
0.018844965763759294,0.36367202584999914
0.018844965763759294,0.36367202584999914
0.018844965763759294,0.36367202584999914
0.018844965763759294,0.36367202584999914
0.018844965763759294,0.36367202584999914
0.018844965763759294,0.36367202584999914
0.018844965763759294,0.36367202584999914
0.018844965763759294,0.36367202584999914
0.018844965763759294,0.36367202584999914
0.016518743897729983,0.36365982184458207
0.016518743897729983,0.36365982184458207
0.016518743897729983,0.36365982184458207
0.016518743897729983,0.36365982184458207
0.016518743897729983,0.36365982184458207
0.016518743897729983,0.36365982184458207
0.016518743897729983,0.36365982184458207
0.016518743897729983,0.36365982184458207
0.016518743897729983,0.36365982184458207
0.016518743897729983,0.36365982184458207
0.016518743897729983,0.36365982184458207
0.01802385534173244,0.3636819069949825
0.01802385534173244,0.3636819069949825
0.01802385534173244,0.3636819069949825
0.01802385534173244,0.3636819069949825
0.01802385534173244,0.3636819069949825
0.01802385534173244,0.3636819069949825
0.01802385534173244,0.3636819069949825
0.01802385534173244,0.3636819069949825
0.01802385534173244,0.3636819069949825
0.01802385534173244,0.3636819069949825
0.01951311505335455,0.3637078359066656
0.01951311505335455,0.3637078359066656
0.01951311505335455,0.3637078359066656
0.01951311505335455,0.3637078359066656
0.01951311505335455,0.3637078359066656
0.015185541430145638,0.36367550561653744
0.015185541430145638,0.36367550561653744
0.015185541430145638,0.36367550561653744
0.015185541430145638,0.36367550561653744
0.016937836715230834,0.36371306086931693
0.016937836715230834,0.36371306086931693
0.016937836715230834,0.36371306086931693
0.016937836715230834,0.36371306086931693
0.016937836715230834,0.36371306086931693
0.016937836715230834,0.36371306086931693
0.016937836715230834,0.36371306086931693
0.016937836715230834,0.36371306086931693
0.016937836715230834,0.36371306086931693
0.01889523236908411,0.3637683750422531
0.01889523236908411,0.3637683750422531
0.01889523236908411,0.3637683750422531
0.01889523236908411,0.3637683750422531
0.01889523236908411,0.3637683750422531
0.01889523236908411,0.3637683750422531
0.01889523236908411,0.3637683750422531
0.01889523236908411,0.3637683750422531
0.01889523236908411,0.3637683750422531
0.01889523236908411,0.3637683750422531
0.01889523236908411,0.3637683750422531
0.01620654252210251,0.36375831435113065
0.01620654252210251,0.36375831435113065
0.01620654252210251,0.36375831435113065
0.01620654252210251,0.36375831435113065
0.01620654252210251,0.36375831435113065
0.01620654252210251,0.36375831435113065
0.01620654252210251,0.36375831435113065
0.01620654252210251,0.36375831435113065
0.01620654252210251,0.36375831435113065
0.018031381575089246,0.36378909323884917
0.018031381575089246,0.36378909323884917
0.018031381575089246,0.36378909323884917
0.018031381575089246,0.36378909323884917
0.018031381575089246,0.36378909323884917
0.018031381575089246,0.36378909323884917
0.018031381575089246,0.36378909323884917
0.018031381575089246,0.36378909323884917
0.018031381575089246,0.36378909323884917
0.018031381575089246,0.36378909323884917
0.018031381575089246,0.36378909323884917
0.020084515451752775,0.36382498659912177
0.020084515451752775,0.36382498659912177
0.020084515451752775,0.36382498659912177
0.020084515451752775,0.36382498659912177
0.020084515451752775,0.36382498659912177
0.015081574865197532,0.3638078268631967
0.015081574865197532,0.3638078268631967
0.015081574865197532,0.3638078268631967
0.015081574865197532,0.3638078268631967
0.015081574865197532,0.3638078268631967
0.015081574865197532,0.3638078268631967
0.017350287482204838,0.36390363505280504
0.017350287482204838,0.36390363505280504
0.017350287482204838,0.36390363505280504
0.017350287482204838,0.36390363505280504
0.017350287482204838,0.36390363505280504
0.017350287482204838,0.36390363505280504
0.017350287482204838,0.36390363505280504
0.017350287482204838,0.36390363505280504
0.017350287482204838,0.36390363505280504
0.019630494074687543,0.3639232926003677
0.019630494074687543,0.3639232926003677
0.019630494074687543,0.3639232926003677
0.019630494074687543,0.3639232926003677
0.019630494074687543,0.3639232926003677
0.019630494074687543,0.3639232926003677
0.019630494074687543,0.3639232926003677
0.019630494074687543,0.3639232926003677
0.019630494074687543,0.3639232926003677
0.019630494074687543,0.3639232926003677
0.019630494074687543,0.3639232926003677
0.01627144668618115,0.36397311915265407
0.01627144668618115,0.36397311915265407
0.01627144668618115,0.36397311915265407
0.01627144668618115,0.36397311915265407
0.01627144668618115,0.36397311915265407
0.01627144668618115,0.36397311915265407
0.01627144668618115,0.36397311915265407
0.01627144668618115,0.36397311915265407
0.01627144668618115,0.36397311915265407
0.01627144668618115,0.36397311915265407
0.01627144668618115,0.36397311915265407
0.01627144668618115,0.36397311915265407
0.0181080029904536,0.3640521602497389
0.0181080029904536,0.3640521602497389
0.0181080029904536,0.3640521602497389
0.0181080029904536,0.3640521602497389
0.0181080029904536,0.3640521602497389
0.0181080029904536,0.3640521602497389
0.0181080029904536,0.3640521602497389
0.0181080029904536,0.3640521602497389
0.0181080029904536,0.3640521602497389
0.0181080029904536,0.3640521602497389
0.0181080029904536,0.3640521602497389
0.0181080029904536,0.3640521602497389
0.02022062097023469,0.364030118036573
0.02022062097023469,0.364030118036573
0.02022062097023469,0.364030118036573
0.02022062097023469,0.364030118036573
0.014623248711513355,0.36407942177947356
0.014623248711513355,0.36407942177947356
0.014623248711513355,0.36407942177947356
0.014623248711513355,0.36407942177947356
0.014623248711513355,0.36407942177947356
0.01701276177332426,0.36413718701107617
0.01701276177332426,0.36413718701107617
0.01701276177332426,0.36413718701107617
0.01701276177332426,0.36413718701107617
0.01701276177332426,0.36413718701107617
0.01701276177332426,0.36413718701107617
0.01701276177332426,0.36413718701107617
0.01701276177332426,0.36413718701107617
0.01701276177332426,0.36413718701107617
0.019294061288316976,0.36409973571649523
0.019294061288316976,0.36409973571649523
0.019294061288316976,0.36409973571649523
0.019294061288316976,0.36409973571649523
0.019294061288316976,0.36409973571649523
0.019294061288316976,0.36409973571649523
0.019294061288316976,0.36409973571649523
0.019294061288316976,0.36409973571649523
0.019294061288316976,0.36409973571649523
0.015913947382464794,0.3641525244136049
0.015913947382464794,0.3641525244136049
0.015913947382464794,0.3641525244136049
0.015913947382464794,0.3641525244136049
0.015913947382464794,0.3641525244136049
0.015913947382464794,0.3641525244136049
0.015913947382464794,0.3641525244136049
0.018226457487850796,0.3640905039462924
0.018226457487850796,0.3640905039462924
0.018226457487850796,0.3640905039462924
0.018226457487850796,0.3640905039462924
0.018226457487850796,0.3640905039462924
0.018226457487850796,0.3640905039462924
0.018226457487850796,0.3640905039462924
0.018226457487850796,0.3640905039462924
0.018226457487850796,0.3640905039462924
0.018226457487850796,0.3640905039462924
0.018226457487850796,0.3640905039462924
0.020681084706507494,0.3640846721237138
0.020681084706507494,0.3640846721237138
0.020681084706507494,0.3640846721237138
0.020681084706507494,0.3640846721237138
0.020681084706507494,0.3640846721237138
0.020681084706507494,0.3640846721237138
0.014579712568896399,0.36417048514907846
0.014579712568896399,0.36417048514907846
0.014579712568896399,0.36417048514907846
0.014579712568896399,0.36417048514907846
0.014579712568896399,0.36417048514907846
0.014579712568896399,0.36417048514907846
0.017479803290275313,0.36426319018932185
0.017479803290275313,0.36426319018932185
0.017479803290275313,0.36426319018932185
0.017479803290275313,0.36426319018932185
0.017479803290275313,0.36426319018932185
0.017479803290275313,0.36426319018932185
0.017479803290275313,0.36426319018932185
0.017479803290275313,0.36426319018932185
0.017479803290275313,0.36426319018932185
0.020189839062901456,0.36425087481826
0.020189839062901456,0.36425087481826
0.020189839062901456,0.36425087481826
0.020189839062901456,0.36425087481826
0.020189839062901456,0.36425087481826
0.020189839062901456,0.36425087481826
0.020189839062901456,0.36425087481826
0.020189839062901456,0.36425087481826
0.020189839062901456,0.36425087481826
0.020189839062901456,0.36425087481826
0.017084723248731542,0.3643500187067262
0.017084723248731542,0.3643500187067262
0.017084723248731542,0.3643500187067262
0.017084723248731542,0.3643500187067262
0.017084723248731542,0.3643500187067262
0.017084723248731542,0.3643500187067262
0.017084723248731542,0.3643500187067262
0.017084723248731542,0.3643500187067262
0.01983539345989569,0.36431908401639906
0.01983539345989569,0.36431908401639906
0.01983539345989569,0.36431908401639906
0.01983539345989569,0.36431908401639906
0.01983539345989569,0.36431908401639906
0.01983539345989569,0.36431908401639906
0.01983539345989569,0.36431908401639906
0.01983539345989569,0.36431908401639906
0.01983539345989569,0.36431908401639906
0.01983539345989569,0.36431908401639906
0.022272482299797336,0.3642768638121829
0.022272482299797336,0.3642768638121829
0.022272482299797336,0.3642768638121829
0.01576536739362132,0.3643972108811582
0.01576536739362132,0.3643972108811582
0.01576536739362132,0.3643972108811582
0.01576536739362132,0.3643972108811582
0.01576536739362132,0.3643972108811582
0.018348077448075775,0.3643715505806403
0.018348077448075775,0.3643715505806403
0.018348077448075775,0.3643715505806403
0.018348077448075775,0.3643715505806403
0.018348077448075775,0.3643715505806403
0.018348077448075775,0.3643715505806403
0.018348077448075775,0.3643715505806403
0.018348077448075775,0.3643715505806403
0.018348077448075775,0.3643715505806403
0.018348077448075775,0.3643715505806403
0.018348077448075775,0.3643715505806403
0.018348077448075775,0.3643715505806403
0.020806864327620175,0.3643369479221228
0.020806864327620175,0.3643369479221228
0.020806864327620175,0.3643369479221228
0.020806864327620175,0.3643369479221228
0.020806864327620175,0.3643369479221228
0.020806864327620175,0.3643369479221228
0.020806864327620175,0.3643369479221228
0.020806864327620175,0.3643369479221228
0.020806864327620175,0.3643369479221228
0.020806864327620175,0.3643369479221228
0.016826880654704154,0.3644166940201017
0.016826880654704154,0.3644166940201017
0.016826880654704154,0.3644166940201017
0.016826880654704154,0.3644166940201017
0.016826880654704154,0.3644166940201017
0.016826880654704154,0.3644166940201017
0.016826880654704154,0.3644166940201017
0.016826880654704154,0.3644166940201017
0.016826880654704154,0.3644166940201017
0.016826880654704154,0.3644166940201017
0.016826880654704154,0.3644166940201017
0.019229726819957917,0.364379368961646
0.019229726819957917,0.364379368961646
0.019229726819957917,0.364379368961646
0.019229726819957917,0.364379368961646
0.019229726819957917,0.364379368961646
0.019229726819957917,0.364379368961646
0.019229726819957917,0.364379368961646
0.019229726819957917,0.364379368961646
0.019229726819957917,0.364379368961646
0.019229726819957917,0.364379368961646
0.019229726819957917,0.364379368961646
0.021824134571056177,0.36438718389473823
0.021824134571056177,0.36438718389473823
0.021824134571056177,0.36438718389473823
0.021824134571056177,0.36438718389473823
0.021824134571056177,0.36438718389473823
0.021824134571056177,0.36438718389473823
0.015015577763645888,0.36453767841530754
0.015015577763645888,0.36453767841530754
0.015015577763645888,0.36453767841530754
0.015015577763645888,0.36453767841530754
0.015015577763645888,0.36453767841530754
0.015015577763645888,0.36453767841530754
0.015015577763645888,0.36453767841530754
0.017733027099783576,0.36456981033160846
0.017733027099783576,0.36456981033160846
0.017733027099783576,0.36456981033160846
0.017733027099783576,0.36456981033160846
0.017733027099783576,0.36456981033160846
0.017733027099783576,0.36456981033160846
0.017733027099783576,0.36456981033160846
0.017733027099783576,0.36456981033160846
0.017733027099783576,0.36456981033160846
0.017733027099783576,0.36456981033160846
0.017733027099783576,0.36456981033160846
0.017733027099783576,0.36456981033160846
0.020553883322377047,0.3645536814520632
0.020553883322377047,0.3645536814520632
0.020553883322377047,0.3645536814520632
0.020553883322377047,0.3645536814520632
0.020553883322377047,0.3645536814520632
0.020553883322377047,0.3645536814520632
0.020553883322377047,0.3645536814520632
0.020553883322377047,0.3645536814520632
0.020553883322377047,0.3645536814520632
0.020553883322377047,0.3645536814520632
0.020553883322377047,0.3645536814520632
0.020553883322377047,0.3645536814520632
0.020553883322377047,0.3645536814520632
0.01648412938087453,0.36467945845676775
0.01648412938087453,0.36467945845676775
0.01648412938087453,0.36467945845676775
0.01648412938087453,0.36467945845676775
0.01648412938087453,0.36467945845676775
0.01648412938087453,0.36467945845676775
0.01648412938087453,0.36467945845676775
0.01648412938087453,0.36467945845676775
0.01648412938087453,0.36467945845676775
0.01648412938087453,0.36467945845676775
0.01648412938087453,0.36467945845676775
0.01648412938087453,0.36467945845676775
0.01648412938087453,0.36467945845676775
0.01903142170106486,0.36466534371216175
0.01903142170106486,0.36466534371216175
0.01903142170106486,0.36466534371216175
0.01903142170106486,0.36466534371216175
0.01903142170106486,0.36466534371216175
0.01903142170106486,0.36466534371216175
0.01903142170106486,0.36466534371216175
0.01903142170106486,0.36466534371216175
0.01903142170106486,0.36466534371216175
0.01903142170106486,0.36466534371216175
0.01903142170106486,0.36466534371216175
0.02163438821117078,0.3646528584552703
0.02163438821117078,0.3646528584552703
0.02163438821117078,0.3646528584552703
0.02163438821117078,0.3646528584552703
0.02163438821117078,0.3646528584552703
0.02163438821117078,0.3646528584552703
0.01463228246151325,0.36480138978811516
0.01463228246151325,0.36480138978811516
0.01463228246151325,0.36480138978811516
0.01463228246151325,0.36480138978811516
0.01463228246151325,0.36480138978811516
0.01463228246151325,0.36480138978811516
0.017352031376248304,0.36482324666220445
0.017352031376248304,0.36482324666220445
0.017352031376248304,0.36482324666220445
0.017352031376248304,0.36482324666220445
0.017352031376248304,0.36482324666220445
0.017352031376248304,0.36482324666220445
0.017352031376248304,0.36482324666220445
0.017352031376248304,0.36482324666220445
0.017352031376248304,0.36482324666220445
0.017352031376248304,0.36482324666220445
0.020350686381424933,0.3647841919773722
0.020350686381424933,0.3647841919773722
0.020350686381424933,0.3647841919773722
0.020350686381424933,0.3647841919773722
0.020350686381424933,0.3647841919773722
0.020350686381424933,0.3647841919773722
0.020350686381424933,0.3647841919773722
0.020350686381424933,0.3647841919773722
0.020350686381424933,0.3647841919773722
0.020350686381424933,0.3647841919773722
0.020350686381424933,0.3647841919773722
0.020350686381424933,0.3647841919773722
0.020350686381424933,0.3647841919773722
0.020350686381424933,0.3647841919773722
0.016634541236302827,0.36493514652658177
0.016634541236302827,0.36493514652658177
0.016634541236302827,0.36493514652658177
0.016634541236302827,0.36493514652658177
0.016634541236302827,0.36493514652658177
0.016634541236302827,0.36493514652658177
0.016634541236302827,0.36493514652658177
0.016634541236302827,0.36493514652658177
0.016634541236302827,0.36493514652658177
0.016634541236302827,0.36493514652658177
0.019414248360908826,0.36487645038630523
0.019414248360908826,0.36487645038630523
0.019414248360908826,0.36487645038630523
0.019414248360908826,0.36487645038630523
0.019414248360908826,0.36487645038630523
0.019414248360908826,0.36487645038630523
0.019414248360908826,0.36487645038630523
0.019414248360908826,0.36487645038630523
0.019414248360908826,0.36487645038630523
0.022287354274869574,0.364781550723339
0.022287354274869574,0.364781550723339
0.022287354274869574,0.364781550723339
0.022287354274869574,0.364781550723339
0.01520375672378713,0.36497355309748963
0.01520375672378713,0.36497355309748963
0.01520375672378713,0.36497355309748963
0.01520375672378713,0.36497355309748963
0.017837775259018068,0.3649168735116213
0.017837775259018068,0.3649168735116213
0.017837775259018068,0.3649168735116213
0.017837775259018068,0.3649168735116213
0.017837775259018068,0.3649168735116213
0.017837775259018068,0.3649168735116213
0.017837775259018068,0.3649168735116213
0.017837775259018068,0.3649168735116213
0.02067695628368349,0.36484742207163756
0.02067695628368349,0.36484742207163756
0.02067695628368349,0.36484742207163756
0.02067695628368349,0.36484742207163756
0.02067695628368349,0.36484742207163756
0.02067695628368349,0.36484742207163756
0.02067695628368349,0.36484742207163756
0.02067695628368349,0.36484742207163756
0.016580379702327664,0.36497297978901333
0.016580379702327664,0.36497297978901333
0.016580379702327664,0.36497297978901333
0.016580379702327664,0.36497297978901333
0.016580379702327664,0.36497297978901333
0.016580379702327664,0.36497297978901333
0.016580379702327664,0.36497297978901333
0.016580379702327664,0.36497297978901333
0.016580379702327664,0.36497297978901333
0.016580379702327664,0.36497297978901333
0.016580379702327664,0.36497297978901333
0.019189604029357415,0.3648997449520514
0.019189604029357415,0.3648997449520514
0.019189604029357415,0.3648997449520514
0.019189604029357415,0.3648997449520514
0.019189604029357415,0.3648997449520514
0.019189604029357415,0.3648997449520514
0.019189604029357415,0.3648997449520514
0.019189604029357415,0.3648997449520514
0.019189604029357415,0.3648997449520514
0.02220722147104638,0.3648226651319495
0.02220722147104638,0.3648226651319495
0.02220722147104638,0.3648226651319495
0.01515305940304162,0.365029632166965
0.01515305940304162,0.365029632166965
0.01515305940304162,0.365029632166965
0.01515305940304162,0.365029632166965
0.01793982044889436,0.36495753074017295
0.01793982044889436,0.36495753074017295
0.01793982044889436,0.36495753074017295
0.01793982044889436,0.36495753074017295
0.01793982044889436,0.36495753074017295
0.01793982044889436,0.36495753074017295
0.01793982044889436,0.36495753074017295
0.01793982044889436,0.36495753074017295
0.01793982044889436,0.36495753074017295
0.02074480667381093,0.3648392629797092
0.02074480667381093,0.3648392629797092
0.02074480667381093,0.3648392629797092
0.02074480667381093,0.3648392629797092
0.02074480667381093,0.3648392629797092
0.02074480667381093,0.3648392629797092
0.02074480667381093,0.3648392629797092
0.02074480667381093,0.3648392629797092
0.01675040129666611,0.3650000762083895
0.01675040129666611,0.3650000762083895
0.01675040129666611,0.3650000762083895
0.01675040129666611,0.3650000762083895
0.01675040129666611,0.3650000762083895
0.01675040129666611,0.3650000762083895
0.01675040129666611,0.3650000762083895
0.01675040129666611,0.3650000762083895
0.01675040129666611,0.3650000762083895
0.01675040129666611,0.3650000762083895
0.01675040129666611,0.3650000762083895
0.019736726759362104,0.36495114040469084
0.019736726759362104,0.36495114040469084
0.019736726759362104,0.36495114040469084
0.019736726759362104,0.36495114040469084
0.019736726759362104,0.36495114040469084
0.019736726759362104,0.36495114040469084
0.019736726759362104,0.36495114040469084
0.019736726759362104,0.36495114040469084
0.019736726759362104,0.36495114040469084
0.019736726759362104,0.36495114040469084
0.019736726759362104,0.36495114040469084
0.02268910549500393,0.36474125311502786
0.02268910549500393,0.36474125311502786
0.02268910549500393,0.36474125311502786
0.02268910549500393,0.36474125311502786
0.02268910549500393,0.36474125311502786
0.02268910549500393,0.36474125311502786
0.01577542381479096,0.36498150018825387
0.01577542381479096,0.36498150018825387
0.01577542381479096,0.36498150018825387
0.01577542381479096,0.36498150018825387
0.01577542381479096,0.36498150018825387
0.01577542381479096,0.36498150018825387
0.01577542381479096,0.36498150018825387
0.01877887263651448,0.364838974743057
0.01877887263651448,0.364838974743057
0.01877887263651448,0.364838974743057
0.01877887263651448,0.364838974743057
0.01877887263651448,0.364838974743057
0.01877887263651448,0.364838974743057
0.01877887263651448,0.364838974743057
0.01877887263651448,0.364838974743057
0.01877887263651448,0.364838974743057
0.01877887263651448,0.364838974743057
0.01877887263651448,0.364838974743057
0.02179695937131868,0.3647279082095133
0.02179695937131868,0.3647279082095133
0.02179695937131868,0.3647279082095133
0.02179695937131868,0.3647279082095133
0.02179695937131868,0.3647279082095133
0.02179695937131868,0.3647279082095133
0.02179695937131868,0.3647279082095133
0.02179695937131868,0.3647279082095133
0.02179695937131868,0.3647279082095133
0.02179695937131868,0.3647279082095133
0.02179695937131868,0.3647279082095133
0.01765763117256077,0.3649156919416679
0.01765763117256077,0.3649156919416679
0.01765763117256077,0.3649156919416679
0.01765763117256077,0.3649156919416679
0.01765763117256077,0.3649156919416679
0.01765763117256077,0.3649156919416679
0.01765763117256077,0.3649156919416679
0.01765763117256077,0.3649156919416679
0.01765763117256077,0.3649156919416679
0.01765763117256077,0.3649156919416679
0.020501577426479595,0.3648508447969012
0.020501577426479595,0.3648508447969012
0.020501577426479595,0.3648508447969012
0.020501577426479595,0.3648508447969012
0.020501577426479595,0.3648508447969012
0.020501577426479595,0.3648508447969012
0.020501577426479595,0.3648508447969012
0.020501577426479595,0.3648508447969012
0.02315877874588037,0.3647618093101212
0.02315877874588037,0.3647618093101212
0.02315877874588037,0.3647618093101212
0.02315877874588037,0.3647618093101212
0.02315877874588037,0.3647618093101212
0.01649288154604649,0.36502243322824907
0.01649288154604649,0.36502243322824907
0.01649288154604649,0.36502243322824907
0.01649288154604649,0.36502243322824907
0.01649288154604649,0.36502243322824907
0.019101707734955037,0.3649691253286324
0.019101707734955037,0.3649691253286324
0.019101707734955037,0.3649691253286324
0.019101707734955037,0.3649691253286324
0.019101707734955037,0.3649691253286324
0.019101707734955037,0.3649691253286324
0.019101707734955037,0.3649691253286324
0.021583301355724595,0.3648577333980532
0.021583301355724595,0.3648577333980532
0.021583301355724595,0.3648577333980532
0.021583301355724595,0.3648577333980532
0.021583301355724595,0.3648577333980532
0.021583301355724595,0.3648577333980532
0.021583301355724595,0.3648577333980532
0.021583301355724595,0.3648577333980532
0.021583301355724595,0.3648577333980532
0.021583301355724595,0.3648577333980532
0.01762668664302417,0.3650639981265093
0.01762668664302417,0.3650639981265093
0.01762668664302417,0.3650639981265093
0.01762668664302417,0.3650639981265093
0.01762668664302417,0.3650639981265093
0.01762668664302417,0.3650639981265093
0.01762668664302417,0.3650639981265093
0.01762668664302417,0.3650639981265093
0.01762668664302417,0.3650639981265093
0.01762668664302417,0.3650639981265093
0.01762668664302417,0.3650639981265093
0.019976673611860455,0.36500469645645706
0.019976673611860455,0.36500469645645706
0.019976673611860455,0.36500469645645706
0.019976673611860455,0.36500469645645706
0.019976673611860455,0.36500469645645706
0.019976673611860455,0.36500469645645706
0.019976673611860455,0.36500469645645706
0.019976673611860455,0.36500469645645706
0.019976673611860455,0.36500469645645706
0.019976673611860455,0.36500469645645706
0.019976673611860455,0.36500469645645706
0.022537745470233017,0.3649106996752228
0.022537745470233017,0.3649106996752228
0.022537745470233017,0.3649106996752228
0.022537745470233017,0.3649106996752228
0.01622130745909875,0.36514884778218143
0.01622130745909875,0.36514884778218143
0.01622130745909875,0.36514884778218143
0.01622130745909875,0.36514884778218143
0.01622130745909875,0.36514884778218143
0.01622130745909875,0.36514884778218143
0.018668416429523466,0.3650952345850599
0.018668416429523466,0.3650952345850599
0.018668416429523466,0.3650952345850599
0.018668416429523466,0.3650952345850599
0.018668416429523466,0.3650952345850599
0.018668416429523466,0.3650952345850599
0.018668416429523466,0.3650952345850599
0.018668416429523466,0.3650952345850599
0.018668416429523466,0.3650952345850599
0.018668416429523466,0.3650952345850599
0.02108236822533406,0.3650565009724078
0.02108236822533406,0.3650565009724078
0.02108236822533406,0.3650565009724078
0.02108236822533406,0.3650565009724078
0.02108236822533406,0.3650565009724078
0.02108236822533406,0.3650565009724078
0.02108236822533406,0.3650565009724078
0.02108236822533406,0.3650565009724078
0.01767697945553326,0.36522085952821964
0.01767697945553326,0.36522085952821964
0.01767697945553326,0.36522085952821964
0.01767697945553326,0.36522085952821964
0.01767697945553326,0.36522085952821964
0.01767697945553326,0.36522085952821964
0.01767697945553326,0.36522085952821964
0.01767697945553326,0.36522085952821964
0.01767697945553326,0.36522085952821964
0.020140992775083206,0.365152835219376
0.020140992775083206,0.365152835219376
0.020140992775083206,0.365152835219376
0.020140992775083206,0.365152835219376
0.020140992775083206,0.365152835219376
0.020140992775083206,0.365152835219376
0.020140992775083206,0.365152835219376
0.020140992775083206,0.365152835219376
0.020140992775083206,0.365152835219376
0.022751622036125265,0.3650800142894205
0.022751622036125265,0.3650800142894205
0.022751622036125265,0.3650800142894205
0.01688266741051468,0.3653069228343615
0.01688266741051468,0.3653069228343615
0.01688266741051468,0.3653069228343615
0.01688266741051468,0.3653069228343615
0.01688266741051468,0.3653069228343615
0.019146024674420878,0.36522489695327415
0.019146024674420878,0.36522489695327415
0.019146024674420878,0.36522489695327415
0.019146024674420878,0.36522489695327415
0.019146024674420878,0.36522489695327415
0.019146024674420878,0.36522489695327415
0.019146024674420878,0.36522489695327415
0.019146024674420878,0.36522489695327415
0.019146024674420878,0.36522489695327415
0.019146024674420878,0.36522489695327415
0.019146024674420878,0.36522489695327415
0.021463613936572715,0.36521093858227555
0.021463613936572715,0.36521093858227555
0.021463613936572715,0.36521093858227555
0.021463613936572715,0.36521093858227555
0.021463613936572715,0.36521093858227555
0.021463613936572715,0.36521093858227555
0.021463613936572715,0.36521093858227555
0.021463613936572715,0.36521093858227555
0.021463613936572715,0.36521093858227555
0.021463613936572715,0.36521093858227555
0.021463613936572715,0.36521093858227555
0.01829536899764589,0.3653884300065882
0.01829536899764589,0.3653884300065882
0.01829536899764589,0.3653884300065882
0.01829536899764589,0.3653884300065882
0.01829536899764589,0.3653884300065882
0.01829536899764589,0.3653884300065882
0.01829536899764589,0.3653884300065882
0.020766597943055576,0.36532633987682184
0.020766597943055576,0.36532633987682184
0.020766597943055576,0.36532633987682184
0.020766597943055576,0.36532633987682184
0.020766597943055576,0.36532633987682184
0.020766597943055576,0.36532633987682184
0.020766597943055576,0.36532633987682184
0.020766597943055576,0.36532633987682184
0.023257858347597853,0.3652437163061705
0.023257858347597853,0.3652437163061705
0.023257858347597853,0.3652437163061705
0.023257858347597853,0.3652437163061705
0.017926743160428252,0.36545068449622486
0.017926743160428252,0.36545068449622486
0.017926743160428252,0.36545068449622486
0.017926743160428252,0.36545068449622486
0.017926743160428252,0.36545068449622486
0.020396323152409905,0.36540005543266874
0.020396323152409905,0.36540005543266874
0.020396323152409905,0.36540005543266874
0.020396323152409905,0.36540005543266874
0.020396323152409905,0.36540005543266874
0.020396323152409905,0.36540005543266874
0.020396323152409905,0.36540005543266874
0.020396323152409905,0.36540005543266874
0.020396323152409905,0.36540005543266874
0.020396323152409905,0.36540005543266874
0.020396323152409905,0.36540005543266874
0.020396323152409905,0.36540005543266874
0.022779948733014067,0.36538697856645985
0.022779948733014067,0.36538697856645985
0.022779948733014067,0.36538697856645985
0.022779948733014067,0.36538697856645985
0.022779948733014067,0.36538697856645985
0.022779948733014067,0.36538697856645985
0.022779948733014067,0.36538697856645985
0.022779948733014067,0.36538697856645985
0.022779948733014067,0.36538697856645985
0.022779948733014067,0.36538697856645985
0.022779948733014067,0.36538697856645985
0.020100069657872255,0.3655630248625033
0.020100069657872255,0.3655630248625033
0.020100069657872255,0.3655630248625033
0.020100069657872255,0.3655630248625033
0.020100069657872255,0.3655630248625033
0.020100069657872255,0.3655630248625033
0.020100069657872255,0.3655630248625033
0.020100069657872255,0.3655630248625033
0.020100069657872255,0.3655630248625033
0.020100069657872255,0.3655630248625033
0.022074241274203342,0.3655072349060187
0.022074241274203342,0.3655072349060187
0.022074241274203342,0.3655072349060187
0.022074241274203342,0.3655072349060187
0.022074241274203342,0.3655072349060187
0.022074241274203342,0.3655072349060187
0.022074241274203342,0.3655072349060187
0.022074241274203342,0.3655072349060187
0.022074241274203342,0.3655072349060187
0.02440182579031542,0.3654677477030563
0.02440182579031542,0.3654677477030563
0.02440182579031542,0.3654677477030563
0.02440182579031542,0.3654677477030563
0.02440182579031542,0.3654677477030563
0.01969161645471186,0.36566473229930235
0.01969161645471186,0.36566473229930235
0.01969161645471186,0.36566473229930235
0.01969161645471186,0.36566473229930235
0.01969161645471186,0.36566473229930235
0.021752437334532547,0.3655711485770555
0.021752437334532547,0.3655711485770555
0.021752437334532547,0.3655711485770555
0.021752437334532547,0.3655711485770555
0.021752437334532547,0.3655711485770555
0.021752437334532547,0.3655711485770555
0.021752437334532547,0.3655711485770555
0.021752437334532547,0.3655711485770555
0.021752437334532547,0.3655711485770555
0.023484840236376744,0.3655284913612043
0.023484840236376744,0.3655284913612043
0.023484840236376744,0.3655284913612043
0.023484840236376744,0.3655284913612043
0.023484840236376744,0.3655284913612043
0.023484840236376744,0.3655284913612043
0.023484840236376744,0.3655284913612043
0.023484840236376744,0.3655284913612043
0.023484840236376744,0.3655284913612043
0.023484840236376744,0.3655284913612043
0.02079564876282443,0.3656507021621312
0.02079564876282443,0.3656507021621312
0.02079564876282443,0.3656507021621312
0.02079564876282443,0.3656507021621312
0.02079564876282443,0.3656507021621312
0.02079564876282443,0.3656507021621312
0.02079564876282443,0.3656507021621312
0.02079564876282443,0.3656507021621312
0.02079564876282443,0.3656507021621312
0.02079564876282443,0.3656507021621312
0.02079564876282443,0.3656507021621312
0.02079564876282443,0.3656507021621312
0.02079564876282443,0.3656507021621312
0.02264055839401863,0.36560492432299874
0.02264055839401863,0.36560492432299874
0.02264055839401863,0.36560492432299874
0.02264055839401863,0.36560492432299874
0.02264055839401863,0.36560492432299874
0.02264055839401863,0.36560492432299874
0.02264055839401863,0.36560492432299874
0.02264055839401863,0.36560492432299874
0.02264055839401863,0.36560492432299874
0.02409079936924684,0.36553064423076287
0.02409079936924684,0.36553064423076287
0.02409079936924684,0.36553064423076287
0.02409079936924684,0.36553064423076287
0.020074312129323518,0.36569877357560987
0.020074312129323518,0.36569877357560987
0.020074312129323518,0.36569877357560987
0.020074312129323518,0.36569877357560987
0.020074312129323518,0.36569877357560987
0.020074312129323518,0.36569877357560987
0.021569658597816458,0.3656817125884986
0.021569658597816458,0.3656817125884986
0.021569658597816458,0.3656817125884986
0.021569658597816458,0.3656817125884986
0.021569658597816458,0.3656817125884986
0.021569658597816458,0.3656817125884986
0.021569658597816458,0.3656817125884986
0.021569658597816458,0.3656817125884986
0.021569658597816458,0.3656817125884986
0.021569658597816458,0.3656817125884986
0.021569658597816458,0.3656817125884986
0.023087151220735073,0.36564060666070286
0.023087151220735073,0.36564060666070286
0.023087151220735073,0.36564060666070286
0.023087151220735073,0.36564060666070286
0.023087151220735073,0.36564060666070286
0.023087151220735073,0.36564060666070286
0.023087151220735073,0.36564060666070286
0.023087151220735073,0.36564060666070286
0.023087151220735073,0.36564060666070286
0.023087151220735073,0.36564060666070286
0.023087151220735073,0.36564060666070286
0.023087151220735073,0.36564060666070286
0.023087151220735073,0.36564060666070286
0.023087151220735073,0.36564060666070286
0.023087151220735073,0.36564060666070286
0.023087151220735073,0.36564060666070286
0.020837744498707022,0.36573597838471394
0.020837744498707022,0.36573597838471394
0.020837744498707022,0.36573597838471394
0.020837744498707022,0.36573597838471394
0.020837744498707022,0.36573597838471394
0.020837744498707022,0.36573597838471394
0.020837744498707022,0.36573597838471394
0.020837744498707022,0.36573597838471394
0.020837744498707022,0.36573597838471394
0.020837744498707022,0.36573597838471394
0.020837744498707022,0.36573597838471394
0.020837744498707022,0.36573597838471394
0.020837744498707022,0.36573597838471394
0.020837744498707022,0.36573597838471394
0.020837744498707022,0.36573597838471394
0.020837744498707022,0.36573597838471394
0.02211127115408921,0.3656786426645112
0.02211127115408921,0.3656786426645112
0.02211127115408921,0.3656786426645112
0.02211127115408921,0.3656786426645112
0.02211127115408921,0.3656786426645112
0.02211127115408921,0.3656786426645112
0.02211127115408921,0.3656786426645112
0.02211127115408921,0.3656786426645112
0.02211127115408921,0.3656786426645112
0.02211127115408921,0.3656786426645112
0.02211127115408921,0.3656786426645112
0.02211127115408921,0.3656786426645112
0.02211127115408921,0.3656786426645112
0.02211127115408921,0.3656786426645112
0.02211127115408921,0.3656786426645112
0.02211127115408921,0.3656786426645112
0.023301205377249647,0.36562346669276313
0.023301205377249647,0.36562346669276313
0.023301205377249647,0.36562346669276313
0.023301205377249647,0.36562346669276313
0.023301205377249647,0.36562346669276313
0.023301205377249647,0.36562346669276313
0.023301205377249647,0.36562346669276313
0.023301205377249647,0.36562346669276313
0.023301205377249647,0.36562346669276313
0.02004180155043081,0.3657602422541014
0.02004180155043081,0.3657602422541014
0.02004180155043081,0.3657602422541014
0.02004180155043081,0.3657602422541014
0.02004180155043081,0.3657602422541014
0.02004180155043081,0.3657602422541014
0.02004180155043081,0.3657602422541014
0.021162200152150992,0.3657175776844088
0.021162200152150992,0.3657175776844088
0.021162200152150992,0.3657175776844088
0.021162200152150992,0.3657175776844088
0.021162200152150992,0.3657175776844088
0.021162200152150992,0.3657175776844088
0.021162200152150992,0.3657175776844088
0.021162200152150992,0.3657175776844088
0.021162200152150992,0.3657175776844088
0.021162200152150992,0.3657175776844088
0.021162200152150992,0.3657175776844088
0.021162200152150992,0.3657175776844088
0.021162200152150992,0.3657175776844088
0.021162200152150992,0.3657175776844088
0.021162200152150992,0.3657175776844088
0.022202100661221715,0.36569252382510514
0.022202100661221715,0.36569252382510514
0.022202100661221715,0.36569252382510514
0.022202100661221715,0.36569252382510514
0.022202100661221715,0.36569252382510514
0.022202100661221715,0.36569252382510514
0.022202100661221715,0.36569252382510514
0.022202100661221715,0.36569252382510514
0.022202100661221715,0.36569252382510514
0.022202100661221715,0.36569252382510514
0.022202100661221715,0.36569252382510514
0.022202100661221715,0.36569252382510514
0.022202100661221715,0.36569252382510514
0.022202100661221715,0.36569252382510514
0.023213560779276454,0.36567531439607004
0.02039695107837991,0.3657970158661866
0.02039695107837991,0.3657970158661866
0.02039695107837991,0.3657970158661866
0.02039695107837991,0.3657970158661866
0.02039695107837991,0.3657970158661866
0.02039695107837991,0.3657970158661866
0.02039695107837991,0.3657970158661866
0.02039695107837991,0.3657970158661866
0.02039695107837991,0.3657970158661866
0.02145815439080822,0.36573521194127473
0.02145815439080822,0.36573521194127473
0.02145815439080822,0.36573521194127473
0.02145815439080822,0.36573521194127473
0.02145815439080822,0.36573521194127473
0.02145815439080822,0.36573521194127473
0.02145815439080822,0.36573521194127473
0.02145815439080822,0.36573521194127473
0.02145815439080822,0.36573521194127473
0.02145815439080822,0.36573521194127473
0.02145815439080822,0.36573521194127473
0.02145815439080822,0.36573521194127473
0.02242780888795567,0.36570692348129574
0.02242780888795567,0.36570692348129574
0.02242780888795567,0.36570692348129574
0.02242780888795567,0.36570692348129574
0.02242780888795567,0.36570692348129574
0.01997793885319953,0.365815000612886
0.01997793885319953,0.365815000612886
0.01997793885319953,0.365815000612886
0.01997793885319953,0.365815000612886
0.01997793885319953,0.365815000612886
0.01997793885319953,0.365815000612886
0.01997793885319953,0.365815000612886
0.020724288631173943,0.3657860034392438
0.020724288631173943,0.3657860034392438
0.020724288631173943,0.3657860034392438
0.020724288631173943,0.3657860034392438
0.020724288631173943,0.3657860034392438
0.020724288631173943,0.3657860034392438
0.020724288631173943,0.3657860034392438
0.020724288631173943,0.3657860034392438
0.020724288631173943,0.3657860034392438
0.020724288631173943,0.3657860034392438
0.020724288631173943,0.3657860034392438
0.020724288631173943,0.3657860034392438
0.020724288631173943,0.3657860034392438
0.020724288631173943,0.3657860034392438
0.020724288631173943,0.3657860034392438
0.021642774414025154,0.3658111824195339
0.021642774414025154,0.3658111824195339
0.021642774414025154,0.3658111824195339
0.021642774414025154,0.3658111824195339
0.021642774414025154,0.3658111824195339
0.021642774414025154,0.3658111824195339
0.021642774414025154,0.3658111824195339
0.021642774414025154,0.3658111824195339
0.021642774414025154,0.3658111824195339
0.021642774414025154,0.3658111824195339
0.021642774414025154,0.3658111824195339
0.021642774414025154,0.3658111824195339
0.021642774414025154,0.3658111824195339
0.021642774414025154,0.3658111824195339
0.021642774414025154,0.3658111824195339
0.021642774414025154,0.3658111824195339
0.02090698466599686,0.36592335771798234
0.02090698466599686,0.36592335771798234
0.02090698466599686,0.36592335771798234
0.02090698466599686,0.36592335771798234
0.02090698466599686,0.36592335771798234
0.02090698466599686,0.36592335771798234
0.02090698466599686,0.36592335771798234
0.02090698466599686,0.36592335771798234
0.02090698466599686,0.36592335771798234
0.02233713178667082,0.365989765021601
0.02233713178667082,0.365989765021601
0.02233713178667082,0.365989765021601
0.02233713178667082,0.365989765021601
0.02233713178667082,0.365989765021601
0.02233713178667082,0.365989765021601
0.02233713178667082,0.365989765021601
0.02233713178667082,0.365989765021601
0.02233713178667082,0.365989765021601
0.023139818697185673,0.3659434679571555
0.023139818697185673,0.3659434679571555
0.023139818697185673,0.3659434679571555
0.023139818697185673,0.3659434679571555
0.023139818697185673,0.3659434679571555
0.021539613120071216,0.3660214257162116
0.021539613120071216,0.3660214257162116
0.021539613120071216,0.3660214257162116
0.021539613120071216,0.3660214257162116
0.021539613120071216,0.3660214257162116
0.021539613120071216,0.3660214257162116
0.021539613120071216,0.3660214257162116
0.022120852215500923,0.3660407635472621
0.022120852215500923,0.3660407635472621
0.022120852215500923,0.3660407635472621
0.022120852215500923,0.3660407635472621
0.022120852215500923,0.3660407635472621
0.022120852215500923,0.3660407635472621
0.022120852215500923,0.3660407635472621
0.022835167820853278,0.3659945776274006
0.022835167820853278,0.3659945776274006
0.022835167820853278,0.3659945776274006
0.022835167820853278,0.3659945776274006
0.022835167820853278,0.3659945776274006
0.022835167820853278,0.3659945776274006
0.022835167820853278,0.3659945776274006
0.022835167820853278,0.3659945776274006
0.022835167820853278,0.3659945776274006
0.022835167820853278,0.3659945776274006
0.021965973992414088,0.3660299422326621
0.021965973992414088,0.3660299422326621
0.021965973992414088,0.3660299422326621
0.021965973992414088,0.3660299422326621
0.021965973992414088,0.3660299422326621
0.021965973992414088,0.3660299422326621
0.021965973992414088,0.3660299422326621
0.021965973992414088,0.3660299422326621
0.021965973992414088,0.3660299422326621
0.02233055734412828,0.36605665959879996
0.02233055734412828,0.36605665959879996
0.02233055734412828,0.36605665959879996
0.02233055734412828,0.36605665959879996
0.02233055734412828,0.36605665959879996
0.02233055734412828,0.36605665959879996
0.02233055734412828,0.36605665959879996
0.02233055734412828,0.36605665959879996
0.022550457672515102,0.36601787166729527
0.022550457672515102,0.36601787166729527
0.022550457672515102,0.36601787166729527
0.022550457672515102,0.36601787166729527
0.022550457672515102,0.36601787166729527
0.02182746999622741,0.3660766030154385
0.02182746999622741,0.3660766030154385
0.02182746999622741,0.3660766030154385
0.02182746999622741,0.3660766030154385
0.02182746999622741,0.3660766030154385
0.021838205545703707,0.366063935102135
0.021838205545703707,0.366063935102135
0.021838205545703707,0.366063935102135
0.021838205545703707,0.366063935102135
0.021838205545703707,0.366063935102135
0.021838205545703707,0.366063935102135
0.021838205545703707,0.366063935102135
0.021838205545703707,0.366063935102135
0.021838205545703707,0.366063935102135
0.021838205545703707,0.366063935102135
0.021838205545703707,0.366063935102135
0.021838205545703707,0.366063935102135
0.021838205545703707,0.366063935102135
0.021838205545703707,0.366063935102135
0.02182746623194284,0.36607531044461966
0.02182746623194284,0.36607531044461966
0.02182746623194284,0.36607531044461966
0.02182746623194284,0.36607531044461966
0.02182746623194284,0.36607531044461966
0.02182746623194284,0.36607531044461966
0.02182746623194284,0.36607531044461966
0.02182746623194284,0.36607531044461966
0.02182746623194284,0.36607531044461966
0.02182746623194284,0.36607531044461966
0.02182746623194284,0.36607531044461966
0.02182746623194284,0.36607531044461966
0.02182746623194284,0.36607531044461966
0.02182746623194284,0.36607531044461966
0.02182746623194284,0.36607531044461966
0.021468359672526825,0.3661130570280406
0.021468359672526825,0.3661130570280406
0.021468359672526825,0.3661130570280406
0.021468359672526825,0.3661130570280406
0.021468359672526825,0.3661130570280406
0.021468359672526825,0.3661130570280406
0.021468359672526825,0.3661130570280406
0.021468359672526825,0.3661130570280406
0.021468359672526825,0.3661130570280406
0.021468359672526825,0.3661130570280406
0.021468359672526825,0.3661130570280406
0.021468359672526825,0.3661130570280406
0.021468359672526825,0.3661130570280406
0.021468359672526825,0.3661130570280406
0.021468359672526825,0.3661130570280406
0.021468359672526825,0.3661130570280406
0.021310922857625827,0.366095608760667
0.021310922857625827,0.366095608760667
0.021310922857625827,0.366095608760667
0.021310922857625827,0.366095608760667
0.021310922857625827,0.366095608760667
0.021310922857625827,0.366095608760667
0.021310922857625827,0.366095608760667
0.021310922857625827,0.366095608760667
0.021310922857625827,0.366095608760667
0.021310922857625827,0.366095608760667
0.021310922857625827,0.366095608760667
0.021300159520591114,0.3660924616869095
0.021300159520591114,0.3660924616869095
0.021300159520591114,0.3660924616869095
0.021300159520591114,0.3660924616869095
0.021300159520591114,0.3660924616869095
0.021468357634785894,0.36614474780625594
0.021468357634785894,0.36614474780625594
0.021468357634785894,0.36614474780625594
0.021468357634785894,0.36614474780625594
0.021468357634785894,0.36614474780625594
0.021564209017958646,0.3661581160816757
0.021564209017958646,0.3661581160816757
0.021564209017958646,0.3661581160816757
0.021564209017958646,0.3661581160816757
0.021564209017958646,0.3661581160816757
0.021564209017958646,0.3661581160816757
0.021564209017958646,0.3661581160816757
0.021367091946914787,0.36611423579136937
0.021367091946914787,0.36611423579136937
0.021367091946914787,0.36611423579136937
0.021367091946914787,0.36611423579136937
0.021367091946914787,0.36611423579136937
0.021367091946914787,0.36611423579136937
0.021367091946914787,0.36611423579136937
0.021367091946914787,0.36611423579136937
0.021367091946914787,0.36611423579136937
0.02160378372700484,0.36614852519104346
0.02160378372700484,0.36614852519104346
0.02160378372700484,0.36614852519104346
0.02160378372700484,0.36614852519104346
0.02160378372700484,0.36614852519104346
0.02160378372700484,0.36614852519104346
0.02160378372700484,0.36614852519104346
0.02160378372700484,0.36614852519104346
0.02160378372700484,0.36614852519104346
0.02160378372700484,0.36614852519104346
0.021382542955672077,0.36616086263359454
0.021382542955672077,0.36616086263359454
0.021382542955672077,0.36616086263359454
0.021382542955672077,0.36616086263359454
0.021382542955672077,0.36616086263359454
0.021382542955672077,0.36616086263359454
0.021382542955672077,0.36616086263359454
0.021382542955672077,0.36616086263359454
0.02085484720611397,0.36611230360269453
0.02085484720611397,0.36611230360269453
0.02085484720611397,0.36611230360269453
0.02085484720611397,0.36611230360269453
0.02085484720611397,0.36611230360269453
0.021913387447909376,0.36616997918415917
0.021913387447909376,0.36616997918415917
0.021913387447909376,0.36616997918415917
0.021913387447909376,0.36616997918415917
0.021913387447909376,0.36616997918415917
0.02133096169909792,0.3661547846245037
0.02133096169909792,0.3661547846245037
0.02133096169909792,0.3661547846245037
0.02133096169909792,0.3661547846245037
0.02133096169909792,0.3661547846245037
0.02133096169909792,0.3661547846245037
0.02133096169909792,0.3661547846245037
0.02133096169909792,0.3661547846245037
0.02133096169909792,0.3661547846245037
0.02133096169909792,0.3661547846245037
0.02077328593441423,0.36619168899636667
0.02077328593441423,0.36619168899636667
0.02077328593441423,0.36619168899636667
0.02077328593441423,0.36619168899636667
0.02077328593441423,0.36619168899636667
0.02077328593441423,0.36619168899636667
0.02077328593441423,0.36619168899636667
0.02077328593441423,0.36619168899636667
0.02176026647820707,0.3662333657811792
0.02176026647820707,0.3662333657811792
0.02176026647820707,0.3662333657811792
0.02176026647820707,0.3662333657811792
0.02176026647820707,0.3662333657811792
0.02176026647820707,0.3662333657811792
0.02176026647820707,0.3662333657811792
0.02176026647820707,0.3662333657811792
0.02176026647820707,0.3662333657811792
0.02176026647820707,0.3662333657811792
0.021371341349322504,0.36621942310788597
0.021371341349322504,0.36621942310788597
0.021371341349322504,0.36621942310788597
0.021371341349322504,0.36621942310788597
0.021371341349322504,0.36621942310788597
0.021371341349322504,0.36621942310788597
0.021371341349322504,0.36621942310788597
0.021371341349322504,0.36621942310788597
0.021371341349322504,0.36621942310788597
0.020878084444430223,0.36620733115032494
0.020878084444430223,0.36620733115032494
0.020878084444430223,0.36620733115032494
0.020878084444430223,0.36620733115032494
0.020878084444430223,0.36620733115032494
0.020878084444430223,0.36620733115032494
0.022811715470850993,0.36628348297928826
0.022811715470850993,0.36628348297928826
0.022811715470850993,0.36628348297928826
0.022811715470850993,0.36628348297928826
0.022811715470850993,0.36628348297928826
0.022811715470850993,0.36628348297928826
0.0221871961032218,0.36628815056162967
0.0221871961032218,0.36628815056162967
0.0221871961032218,0.36628815056162967
0.0221871961032218,0.36628815056162967
0.0221871961032218,0.36628815056162967
0.0221871961032218,0.36628815056162967
0.0221871961032218,0.36628815056162967
0.0221871961032218,0.36628815056162967
0.0221871961032218,0.36628815056162967
0.0221871961032218,0.36628815056162967
0.0221871961032218,0.36628815056162967
0.0221871961032218,0.36628815056162967
0.02144781151760524,0.36628765900066695
0.02144781151760524,0.36628765900066695
0.02144781151760524,0.36628765900066695
0.02144781151760524,0.36628765900066695
0.02144781151760524,0.36628765900066695
0.02144781151760524,0.36628765900066695
0.02144781151760524,0.36628765900066695
0.02144781151760524,0.36628765900066695
0.02144781151760524,0.36628765900066695
0.02144781151760524,0.36628765900066695
0.02144781151760524,0.36628765900066695
0.022883424822036175,0.36636614716457866
0.022883424822036175,0.36636614716457866
0.022883424822036175,0.36636614716457866
0.022883424822036175,0.36636614716457866
0.022883424822036175,0.36636614716457866
0.022883424822036175,0.36636614716457866
0.022883424822036175,0.36636614716457866
0.022883424822036175,0.36636614716457866
0.022883424822036175,0.36636614716457866
0.022883424822036175,0.36636614716457866
0.022883424822036175,0.36636614716457866
0.022079330893622295,0.36639012512873936
0.022079330893622295,0.36639012512873936
0.022079330893622295,0.36639012512873936
0.022079330893622295,0.36639012512873936
0.022079330893622295,0.36639012512873936
0.022079330893622295,0.36639012512873936
0.022079330893622295,0.36639012512873936
0.022079330893622295,0.36639012512873936
0.022079330893622295,0.36639012512873936
0.021245702706193463,0.366397964596556
0.021245702706193463,0.366397964596556
0.021245702706193463,0.366397964596556
0.021245702706193463,0.366397964596556
0.021245702706193463,0.366397964596556
0.021245702706193463,0.366397964596556
0.02402386259292536,0.36652009587072554
0.02402386259292536,0.36652009587072554
0.02402386259292536,0.36652009587072554
0.02402386259292536,0.36652009587072554
0.02402386259292536,0.36652009587072554
0.023275608647294697,0.3665302513014505
0.023275608647294697,0.3665302513014505
0.023275608647294697,0.3665302513014505
0.023275608647294697,0.3665302513014505
0.023275608647294697,0.3665302513014505
0.023275608647294697,0.3665302513014505
0.023275608647294697,0.3665302513014505
0.023275608647294697,0.3665302513014505
0.023275608647294697,0.3665302513014505
0.023275608647294697,0.3665302513014505
0.023275608647294697,0.3665302513014505
0.022374644040953497,0.36652099153748546
0.022374644040953497,0.36652099153748546
0.022374644040953497,0.36652099153748546
0.022374644040953497,0.36652099153748546
0.022374644040953497,0.36652099153748546
0.022374644040953497,0.36652099153748546
0.022374644040953497,0.36652099153748546
0.022374644040953497,0.36652099153748546
0.022374644040953497,0.36652099153748546
0.022374644040953497,0.36652099153748546
0.024228610765199967,0.3666508341521532
0.024228610765199967,0.3666508341521532
0.024228610765199967,0.3666508341521532
0.024228610765199967,0.3666508341521532
0.024228610765199967,0.3666508341521532
0.024228610765199967,0.3666508341521532
0.024228610765199967,0.3666508341521532
0.024228610765199967,0.3666508341521532
0.024228610765199967,0.3666508341521532
0.024228610765199967,0.3666508341521532
0.02310836184731285,0.3665922758605672
0.02310836184731285,0.3665922758605672
0.02310836184731285,0.3665922758605672
0.02310836184731285,0.3665922758605672
0.02310836184731285,0.3665922758605672
0.02310836184731285,0.3665922758605672
0.02310836184731285,0.3665922758605672
0.02310836184731285,0.3665922758605672
0.02310836184731285,0.3665922758605672
0.02310836184731285,0.3665922758605672
0.02310836184731285,0.3665922758605672
0.02310836184731285,0.3665922758605672
0.02207466946332566,0.36656378525643285
0.02207466946332566,0.36656378525643285
0.02207466946332566,0.36656378525643285
0.02207466946332566,0.36656378525643285
0.02207466946332566,0.36656378525643285
0.02207466946332566,0.36656378525643285
0.025651334608096578,0.36677427636759286
0.025651334608096578,0.36677427636759286
0.025651334608096578,0.36677427636759286
0.025651334608096578,0.36677427636759286
0.025651334608096578,0.36677427636759286
0.025651334608096578,0.36677427636759286
0.025651334608096578,0.36677427636759286
0.024608406805697446,0.36675689411693485
0.024608406805697446,0.36675689411693485
0.024608406805697446,0.36675689411693485
0.024608406805697446,0.36675689411693485
0.024608406805697446,0.36675689411693485
0.024608406805697446,0.36675689411693485
0.024608406805697446,0.36675689411693485
0.024608406805697446,0.36675689411693485
0.024608406805697446,0.36675689411693485
0.024608406805697446,0.36675689411693485
0.024608406805697446,0.36675689411693485
0.024608406805697446,0.36675689411693485
0.02335439392716525,0.36671177638956975
0.02335439392716525,0.36671177638956975
0.02335439392716525,0.36671177638956975
0.02335439392716525,0.36671177638956975
0.02335439392716525,0.36671177638956975
0.02335439392716525,0.36671177638956975
0.02335439392716525,0.36671177638956975
0.02335439392716525,0.36671177638956975
0.02335439392716525,0.36671177638956975
0.02335439392716525,0.36671177638956975
0.02335439392716525,0.36671177638956975
0.02335439392716525,0.36671177638956975
0.025639377690507816,0.3668519120980056
0.025639377690507816,0.3668519120980056
0.025639377690507816,0.3668519120980056
0.025639377690507816,0.3668519120980056
0.025639377690507816,0.3668519120980056
0.025639377690507816,0.3668519120980056
0.025639377690507816,0.3668519120980056
0.025639377690507816,0.3668519120980056
0.025639377690507816,0.3668519120980056
0.025639377690507816,0.3668519120980056
0.025639377690507816,0.3668519120980056
0.025639377690507816,0.3668519120980056
0.025639377690507816,0.3668519120980056
0.025639377690507816,0.3668519120980056
0.024039011302953547,0.36679481535148495
0.024039011302953547,0.36679481535148495
0.024039011302953547,0.36679481535148495
0.024039011302953547,0.36679481535148495
0.024039011302953547,0.36679481535148495
0.024039011302953547,0.36679481535148495
0.024039011302953547,0.36679481535148495
0.024039011302953547,0.36679481535148495
0.024039011302953547,0.36679481535148495
0.024039011302953547,0.36679481535148495
0.024039011302953547,0.36679481535148495
0.024039011302953547,0.36679481535148495
0.024039011302953547,0.36679481535148495
0.024039011302953547,0.36679481535148495
0.024039011302953547,0.36679481535148495
0.024039011302953547,0.36679481535148495
0.024039011302953547,0.36679481535148495
0.024039011302953547,0.36679481535148495
0.024039011302953547,0.36679481535148495
0.0223647746635761,0.3666716943978977
0.0223647746635761,0.3666716943978977
0.0223647746635761,0.3666716943978977
0.0223647746635761,0.3666716943978977
0.0223647746635761,0.3666716943978977
0.0223647746635761,0.3666716943978977
0.0223647746635761,0.3666716943978977
0.0223647746635761,0.3666716943978977
0.0223647746635761,0.3666716943978977
0.0223647746635761,0.3666716943978977
0.0223647746635761,0.3666716943978977
0.026681191770597197,0.3669839214717208
0.026681191770597197,0.3669839214717208
0.026681191770597197,0.3669839214717208
0.026681191770597197,0.3669839214717208
0.026681191770597197,0.3669839214717208
0.026681191770597197,0.3669839214717208
0.026681191770597197,0.3669839214717208
0.026681191770597197,0.3669839214717208
0.026681191770597197,0.3669839214717208
0.026681191770597197,0.3669839214717208
0.02489480195121626,0.3668769830019295
0.02489480195121626,0.3668769830019295
0.02489480195121626,0.3668769830019295
0.02489480195121626,0.3668769830019295
0.02489480195121626,0.3668769830019295
0.02489480195121626,0.3668769830019295
0.02489480195121626,0.3668769830019295
0.02489480195121626,0.3668769830019295
0.02489480195121626,0.3668769830019295
0.02489480195121626,0.3668769830019295
0.02489480195121626,0.3668769830019295
0.023029384537778745,0.36675874862457125
0.023029384537778745,0.36675874862457125
0.023029384537778745,0.36675874862457125
0.023029384537778745,0.36675874862457125
0.023029384537778745,0.36675874862457125
0.023029384537778745,0.36675874862457125
0.023029384537778745,0.36675874862457125
0.023029384537778745,0.36675874862457125
0.023029384537778745,0.36675874862457125
0.023029384537778745,0.36675874862457125
0.025814068486960405,0.3669823675545452
0.025814068486960405,0.3669823675545452
0.025814068486960405,0.3669823675545452
0.025814068486960405,0.3669823675545452
0.025814068486960405,0.3669823675545452
0.025814068486960405,0.3669823675545452
0.025814068486960405,0.3669823675545452
0.025814068486960405,0.3669823675545452
0.025814068486960405,0.3669823675545452
0.025814068486960405,0.3669823675545452
0.025814068486960405,0.3669823675545452
0.025814068486960405,0.3669823675545452
0.024033778663132215,0.3668721441663619
0.024033778663132215,0.3668721441663619
0.024033778663132215,0.3668721441663619
0.024033778663132215,0.3668721441663619
0.024033778663132215,0.3668721441663619
0.024033778663132215,0.3668721441663619
0.024033778663132215,0.3668721441663619
0.024033778663132215,0.3668721441663619
0.024033778663132215,0.3668721441663619
0.024033778663132215,0.3668721441663619
0.02205066001760116,0.3667101222191087
0.02205066001760116,0.3667101222191087
0.02205066001760116,0.3667101222191087
0.02205066001760116,0.3667101222191087
0.02205066001760116,0.3667101222191087
0.02205066001760116,0.3667101222191087
0.027039076622310358,0.36709144667372995
0.027039076622310358,0.36709144667372995
0.027039076622310358,0.36709144667372995
0.027039076622310358,0.36709144667372995
0.027039076622310358,0.36709144667372995
0.027039076622310358,0.36709144667372995
0.027039076622310358,0.36709144667372995
0.025225782063300527,0.3670052217673728
0.025225782063300527,0.3670052217673728
0.025225782063300527,0.3670052217673728
0.025225782063300527,0.3670052217673728
0.025225782063300527,0.3670052217673728
0.025225782063300527,0.3670052217673728
0.025225782063300527,0.3670052217673728
0.025225782063300527,0.3670052217673728
0.025225782063300527,0.3670052217673728
0.025225782063300527,0.3670052217673728
0.025225782063300527,0.3670052217673728
0.025225782063300527,0.3670052217673728
0.02356001619864829,0.3669040432433762
0.02356001619864829,0.3669040432433762
0.02356001619864829,0.3669040432433762
0.02356001619864829,0.3669040432433762
0.02356001619864829,0.3669040432433762
0.02356001619864829,0.3669040432433762
0.02356001619864829,0.3669040432433762
0.02356001619864829,0.3669040432433762
0.02356001619864829,0.3669040432433762
0.02356001619864829,0.3669040432433762
0.02356001619864829,0.3669040432433762
0.02356001619864829,0.3669040432433762
0.02356001619864829,0.3669040432433762
0.02700977512766246,0.36722816809684244
0.02700977512766246,0.36722816809684244
0.02700977512766246,0.36722816809684244
0.02700977512766246,0.36722816809684244
0.02700977512766246,0.36722816809684244
0.02700977512766246,0.36722816809684244
0.02700977512766246,0.36722816809684244
0.02700977512766246,0.36722816809684244
0.02700977512766246,0.36722816809684244
0.02700977512766246,0.36722816809684244
0.02700977512766246,0.36722816809684244
0.02700977512766246,0.36722816809684244
0.02700977512766246,0.36722816809684244
0.02700977512766246,0.36722816809684244
0.02700977512766246,0.36722816809684244
0.02518926390825044,0.3671060113939593
0.02518926390825044,0.3671060113939593
0.02518926390825044,0.3671060113939593
0.02518926390825044,0.3671060113939593
0.02518926390825044,0.3671060113939593
0.02518926390825044,0.3671060113939593
0.02518926390825044,0.3671060113939593
0.02518926390825044,0.3671060113939593
0.02518926390825044,0.3671060113939593
0.02518926390825044,0.3671060113939593
0.02518926390825044,0.3671060113939593
0.02518926390825044,0.3671060113939593
0.02315506971111103,0.3669480663471273
0.02315506971111103,0.3669480663471273
0.02315506971111103,0.3669480663471273
0.02315506971111103,0.3669480663471273
0.02315506971111103,0.3669480663471273
0.02315506971111103,0.3669480663471273
0.02315506971111103,0.3669480663471273
0.02315506971111103,0.3669480663471273
0.028728995235353313,0.3674622297269242
0.028728995235353313,0.3674622297269242
0.028728995235353313,0.3674622297269242
0.028728995235353313,0.3674622297269242
0.028728995235353313,0.3674622297269242
0.028728995235353313,0.3674622297269242
0.026469725073231025,0.36735379407381663
0.026469725073231025,0.36735379407381663
0.026469725073231025,0.36735379407381663
0.026469725073231025,0.36735379407381663
0.026469725073231025,0.36735379407381663
0.026469725073231025,0.36735379407381663
0.026469725073231025,0.36735379407381663
0.026469725073231025,0.36735379407381663
0.026469725073231025,0.36735379407381663
0.026469725073231025,0.36735379407381663
0.026469725073231025,0.36735379407381663
0.024425431930217727,0.36719757842820394
0.024425431930217727,0.36719757842820394
0.024425431930217727,0.36719757842820394
0.024425431930217727,0.36719757842820394
0.024425431930217727,0.36719757842820394
0.024425431930217727,0.36719757842820394
0.024425431930217727,0.36719757842820394
0.024425431930217727,0.36719757842820394
0.024425431930217727,0.36719757842820394
0.024425431930217727,0.36719757842820394
0.024425431930217727,0.36719757842820394
0.024425431930217727,0.36719757842820394
0.024425431930217727,0.36719757842820394
0.024425431930217727,0.36719757842820394
0.027864654377315976,0.3675791061877593
0.027864654377315976,0.3675791061877593
0.027864654377315976,0.3675791061877593
0.027864654377315976,0.3675791061877593
0.027864654377315976,0.3675791061877593
0.027864654377315976,0.3675791061877593
0.027864654377315976,0.3675791061877593
0.027864654377315976,0.3675791061877593
0.027864654377315976,0.3675791061877593
0.027864654377315976,0.3675791061877593
0.027864654377315976,0.3675791061877593
0.027864654377315976,0.3675791061877593
0.026009754958342856,0.36741134684439597
0.026009754958342856,0.36741134684439597
0.026009754958342856,0.36741134684439597
0.026009754958342856,0.36741134684439597
0.026009754958342856,0.36741134684439597
0.026009754958342856,0.36741134684439597
0.026009754958342856,0.36741134684439597
0.026009754958342856,0.36741134684439597
0.026009754958342856,0.36741134684439597
0.026009754958342856,0.36741134684439597
0.026009754958342856,0.36741134684439597
0.026009754958342856,0.36741134684439597
0.026009754958342856,0.36741134684439597
0.026009754958342856,0.36741134684439597
0.026009754958342856,0.36741134684439597
0.026009754958342856,0.36741134684439597
0.023884158507674218,0.36717125700249753
0.023884158507674218,0.36717125700249753
0.023884158507674218,0.36717125700249753
0.023884158507674218,0.36717125700249753
0.023884158507674218,0.36717125700249753
0.023884158507674218,0.36717125700249753
0.023884158507674218,0.36717125700249753
0.029955537124631636,0.3677815723908415
0.029955537124631636,0.3677815723908415
0.029955537124631636,0.3677815723908415
0.029955537124631636,0.3677815723908415
0.029955537124631636,0.3677815723908415
0.029955537124631636,0.3677815723908415
0.029955537124631636,0.3677815723908415
0.029955537124631636,0.3677815723908415
0.029955537124631636,0.3677815723908415
0.02762130961597837,0.36757193423815043
0.02762130961597837,0.36757193423815043
0.02762130961597837,0.36757193423815043
0.02762130961597837,0.36757193423815043
0.02762130961597837,0.36757193423815043
0.02762130961597837,0.36757193423815043
0.02762130961597837,0.36757193423815043
0.02762130961597837,0.36757193423815043
0.02762130961597837,0.36757193423815043
0.02762130961597837,0.36757193423815043
0.02762130961597837,0.36757193423815043
0.02762130961597837,0.36757193423815043
0.02762130961597837,0.36757193423815043
0.02762130961597837,0.36757193423815043
0.02762130961597837,0.36757193423815043
0.02762130961597837,0.36757193423815043
0.02762130961597837,0.36757193423815043
0.02762130961597837,0.36757193423815043
0.02762130961597837,0.36757193423815043
0.02762130961597837,0.36757193423815043
0.02501241150798243,0.36731218477524996
0.02501241150798243,0.36731218477524996
0.02501241150798243,0.36731218477524996
0.02501241150798243,0.36731218477524996
0.02501241150798243,0.36731218477524996
0.02501241150798243,0.36731218477524996
0.02501241150798243,0.36731218477524996
0.02501241150798243,0.36731218477524996
0.02501241150798243,0.36731218477524996
0.02501241150798243,0.36731218477524996
0.02501241150798243,0.36731218477524996
0.02501241150798243,0.36731218477524996
0.02501241150798243,0.36731218477524996
0.02501241150798243,0.36731218477524996
0.02501241150798243,0.36731218477524996
0.028621316502316772,0.36769073641984906
0.028621316502316772,0.36769073641984906
0.028621316502316772,0.36769073641984906
0.028621316502316772,0.36769073641984906
0.028621316502316772,0.36769073641984906
0.028621316502316772,0.36769073641984906
0.028621316502316772,0.36769073641984906
0.028621316502316772,0.36769073641984906
0.028621316502316772,0.36769073641984906
0.028621316502316772,0.36769073641984906
0.028621316502316772,0.36769073641984906
0.02627913816045989,0.3674575703266081
0.02627913816045989,0.3674575703266081
0.02627913816045989,0.3674575703266081
0.02627913816045989,0.3674575703266081
0.02627913816045989,0.3674575703266081
0.02627913816045989,0.3674575703266081
0.02627913816045989,0.3674575703266081
0.02627913816045989,0.3674575703266081
0.02627913816045989,0.3674575703266081
0.02627913816045989,0.3674575703266081
0.02627913816045989,0.3674575703266081
0.023820603383041254,0.3671812809709196
0.023820603383041254,0.3671812809709196
0.023820603383041254,0.3671812809709196
0.03029447331623658,0.36784914214377396
0.03029447331623658,0.36784914214377396
0.03029447331623658,0.36784914214377396
0.027634412633593577,0.36754318289702115
0.027634412633593577,0.36754318289702115
0.027634412633593577,0.36754318289702115
0.027634412633593577,0.36754318289702115
0.027634412633593577,0.36754318289702115
0.027634412633593577,0.36754318289702115
0.027634412633593577,0.36754318289702115
0.027634412633593577,0.36754318289702115
0.027634412633593577,0.36754318289702115
0.027634412633593577,0.36754318289702115
0.027634412633593577,0.36754318289702115
0.025055245793946163,0.36725986931398785
0.025055245793946163,0.36725986931398785
0.025055245793946163,0.36725986931398785
0.025055245793946163,0.36725986931398785
0.025055245793946163,0.36725986931398785
0.025055245793946163,0.36725986931398785
0.025055245793946163,0.36725986931398785
0.025055245793946163,0.36725986931398785
0.025055245793946163,0.36725986931398785
0.025055245793946163,0.36725986931398785
0.025055245793946163,0.36725986931398785
0.025055245793946163,0.36725986931398785
0.025055245793946163,0.36725986931398785
0.025055245793946163,0.36725986931398785
0.025055245793946163,0.36725986931398785
0.029172202961693126,0.3677120073801198
0.029172202961693126,0.3677120073801198
0.029172202961693126,0.3677120073801198
0.029172202961693126,0.3677120073801198
0.029172202961693126,0.3677120073801198
0.029172202961693126,0.3677120073801198
0.029172202961693126,0.3677120073801198
0.029172202961693126,0.3677120073801198
0.029172202961693126,0.3677120073801198
0.029172202961693126,0.3677120073801198
0.029172202961693126,0.3677120073801198
0.029172202961693126,0.3677120073801198
0.029172202961693126,0.3677120073801198
0.029172202961693126,0.3677120073801198
0.026447759460206964,0.36744423323625197
0.026447759460206964,0.36744423323625197
0.026447759460206964,0.36744423323625197
0.026447759460206964,0.36744423323625197
0.026447759460206964,0.36744423323625197
0.026447759460206964,0.36744423323625197
0.026447759460206964,0.36744423323625197
0.026447759460206964,0.36744423323625197
0.026447759460206964,0.36744423323625197
0.023964555563447044,0.3671727785501051
0.023964555563447044,0.3671727785501051
0.023964555563447044,0.3671727785501051
0.023964555563447044,0.3671727785501051
0.023964555563447044,0.3671727785501051
0.023964555563447044,0.3671727785501051
0.03073519647418129,0.3679059380362541
0.03073519647418129,0.3679059380362541
0.03073519647418129,0.3679059380362541
0.03073519647418129,0.3679059380362541
0.03073519647418129,0.3679059380362541
0.02836128319814788,0.36767786901224697
0.02836128319814788,0.36767786901224697
0.02836128319814788,0.36767786901224697
0.02836128319814788,0.36767786901224697
0.02836128319814788,0.36767786901224697
0.02836128319814788,0.36767786901224697
0.02836128319814788,0.36767786901224697
0.02836128319814788,0.36767786901224697
0.02836128319814788,0.36767786901224697
0.02836128319814788,0.36767786901224697
0.025407908778809413,0.3673615039748918
0.025407908778809413,0.3673615039748918
0.025407908778809413,0.3673615039748918
0.025407908778809413,0.3673615039748918
0.025407908778809413,0.3673615039748918
0.025407908778809413,0.3673615039748918
0.025407908778809413,0.3673615039748918
0.025407908778809413,0.3673615039748918
0.02964040329470405,0.36780276571345405
0.02964040329470405,0.36780276571345405
0.02964040329470405,0.36780276571345405
0.02964040329470405,0.36780276571345405
0.02964040329470405,0.36780276571345405
0.02964040329470405,0.36780276571345405
0.02964040329470405,0.36780276571345405
0.02964040329470405,0.36780276571345405
0.02964040329470405,0.36780276571345405
0.02705418927654185,0.3675084843570973
0.02705418927654185,0.3675084843570973
0.02705418927654185,0.3675084843570973
0.02705418927654185,0.3675084843570973
0.02705418927654185,0.3675084843570973
0.02705418927654185,0.3675084843570973
0.02705418927654185,0.3675084843570973
0.02705418927654185,0.3675084843570973
0.02705418927654185,0.3675084843570973
0.02438774005465493,0.36717702753327464
0.02438774005465493,0.36717702753327464
0.02438774005465493,0.36717702753327464
0.02438774005465493,0.36717702753327464
0.02438774005465493,0.36717702753327464
0.03134729475502076,0.36796197718853163
0.03134729475502076,0.36796197718853163
0.03134729475502076,0.36796197718853163
0.03134729475502076,0.36796197718853163
0.03134729475502076,0.36796197718853163
0.03134729475502076,0.36796197718853163
0.02884617244265915,0.3676250051473925
0.02884617244265915,0.3676250051473925
0.02884617244265915,0.3676250051473925
0.02884617244265915,0.3676250051473925
0.02884617244265915,0.3676250051473925
0.02884617244265915,0.3676250051473925
0.02884617244265915,0.3676250051473925
0.02884617244265915,0.3676250051473925
0.02884617244265915,0.3676250051473925
0.02884617244265915,0.3676250051473925
0.02884617244265915,0.3676250051473925
0.02628175939214556,0.36726140378263994
0.02628175939214556,0.36726140378263994
0.02628175939214556,0.36726140378263994
0.02628175939214556,0.36726140378263994
0.02628175939214556,0.36726140378263994
0.02628175939214556,0.36726140378263994
0.02628175939214556,0.36726140378263994
0.02628175939214556,0.36726140378263994
0.02628175939214556,0.36726140378263994
0.02628175939214556,0.36726140378263994
0.02628175939214556,0.36726140378263994
0.030506794290692064,0.3677388705143707
0.030506794290692064,0.3677388705143707
0.030506794290692064,0.3677388705143707
0.030506794290692064,0.3677388705143707
0.030506794290692064,0.3677388705143707
0.030506794290692064,0.3677388705143707
0.030506794290692064,0.3677388705143707
0.027782081476952686,0.36738144660271016
0.027782081476952686,0.36738144660271016
0.027782081476952686,0.36738144660271016
0.027782081476952686,0.36738144660271016
0.027782081476952686,0.36738144660271016
0.027782081476952686,0.36738144660271016
0.027782081476952686,0.36738144660271016
0.027782081476952686,0.36738144660271016
0.027782081476952686,0.36738144660271016
0.02495367196953787,0.3670301035095602
0.02495367196953787,0.3670301035095602
0.02495367196953787,0.3670301035095602
0.02495367196953787,0.3670301035095602
0.03199167253680998,0.36785518901932024
0.03199167253680998,0.36785518901932024
0.03199167253680998,0.36785518901932024
0.03199167253680998,0.36785518901932024
0.03199167253680998,0.36785518901932024
0.0293742103211053,0.3675359406406957
0.0293742103211053,0.3675359406406957
0.0293742103211053,0.3675359406406957
0.0293742103211053,0.3675359406406957
0.0293742103211053,0.3675359406406957
0.0293742103211053,0.3675359406406957
0.0293742103211053,0.3675359406406957
0.0293742103211053,0.3675359406406957
0.0293742103211053,0.3675359406406957
0.0293742103211053,0.3675359406406957
0.0293742103211053,0.3675359406406957
0.026553899760060846,0.3671776936918601
0.026553899760060846,0.3671776936918601
0.026553899760060846,0.3671776936918601
0.026553899760060846,0.3671776936918601
0.026553899760060846,0.3671776936918601
0.026553899760060846,0.3671776936918601
0.026553899760060846,0.3671776936918601
0.026553899760060846,0.3671776936918601
0.026553899760060846,0.3671776936918601
0.030822721670123288,0.367677876216515
0.030822721670123288,0.367677876216515
0.030822721670123288,0.367677876216515
0.030822721670123288,0.367677876216515
0.030822721670123288,0.367677876216515
0.030822721670123288,0.367677876216515
0.030822721670123288,0.367677876216515
0.030822721670123288,0.367677876216515
0.030822721670123288,0.367677876216515
0.030822721670123288,0.367677876216515
0.028188957790970214,0.3673767442415115
0.028188957790970214,0.3673767442415115
0.028188957790970214,0.3673767442415115
0.028188957790970214,0.3673767442415115
0.028188957790970214,0.3673767442415115
0.028188957790970214,0.3673767442415115
0.028188957790970214,0.3673767442415115
0.028188957790970214,0.3673767442415115
0.028188957790970214,0.3673767442415115
0.025547498818812964,0.36704629407121514
0.025547498818812964,0.36704629407121514
0.025547498818812964,0.36704629407121514
0.025547498818812964,0.36704629407121514
0.025547498818812964,0.36704629407121514
0.03255612212846436,0.36787287458508144
0.03255612212846436,0.36787287458508144
0.03255612212846436,0.36787287458508144
0.03255612212846436,0.36787287458508144
0.03255612212846436,0.36787287458508144
0.02991484413729073,0.367550507341563
0.02991484413729073,0.367550507341563
0.02991484413729073,0.367550507341563
0.02991484413729073,0.367550507341563
0.02991484413729073,0.367550507341563
0.02991484413729073,0.367550507341563
0.02991484413729073,0.367550507341563
0.02991484413729073,0.367550507341563
0.02991484413729073,0.367550507341563
0.027211838635631584,0.3672234549977934
0.027211838635631584,0.3672234549977934
0.027211838635631584,0.3672234549977934
0.027211838635631584,0.3672234549977934
0.027211838635631584,0.3672234549977934
0.027211838635631584,0.3672234549977934
0.027211838635631584,0.3672234549977934
0.03130534044366322,0.3677047076581812
0.03130534044366322,0.3677047076581812
0.03130534044366322,0.3677047076581812
0.03130534044366322,0.3677047076581812
0.03130534044366322,0.3677047076581812
0.03130534044366322,0.3677047076581812
0.03130534044366322,0.3677047076581812
0.028669304431211316,0.3674216106285019
0.028669304431211316,0.3674216106285019
0.028669304431211316,0.3674216106285019
0.028669304431211316,0.3674216106285019
0.028669304431211316,0.3674216106285019
0.028669304431211316,0.3674216106285019
0.028669304431211316,0.3674216106285019
0.028669304431211316,0.3674216106285019
0.02586229542368325,0.3670824016044334
0.02586229542368325,0.3670824016044334
0.02586229542368325,0.3670824016044334
0.02586229542368325,0.3670824016044334
0.02586229542368325,0.3670824016044334
0.032734271329147406,0.3678777999506002
0.032734271329147406,0.3678777999506002
0.032734271329147406,0.3678777999506002
0.032734271329147406,0.3678777999506002
0.02981868076980307,0.36758359736755525
0.02981868076980307,0.36758359736755525
0.02981868076980307,0.36758359736755525
0.02981868076980307,0.36758359736755525
0.02981868076980307,0.36758359736755525
0.02981868076980307,0.36758359736755525
0.02981868076980307,0.36758359736755525
0.02981868076980307,0.36758359736755525
0.02981868076980307,0.36758359736755525
0.027222490152501784,0.3672695622840019
0.027222490152501784,0.3672695622840019
0.027222490152501784,0.3672695622840019
0.027222490152501784,0.3672695622840019
0.027222490152501784,0.3672695622840019
0.027222490152501784,0.3672695622840019
0.027222490152501784,0.3672695622840019
0.027222490152501784,0.3672695622840019
0.027222490152501784,0.3672695622840019
0.027222490152501784,0.3672695622840019
0.027222490152501784,0.3672695622840019
0.027222490152501784,0.3672695622840019
0.027222490152501784,0.3672695622840019
0.03143864628971615,0.3676899896635956
0.03143864628971615,0.3676899896635956
0.03143864628971615,0.3676899896635956
0.03143864628971615,0.3676899896635956
0.03143864628971615,0.3676899896635956
0.03143864628971615,0.3676899896635956
0.03143864628971615,0.3676899896635956
0.03143864628971615,0.3676899896635956
0.03143864628971615,0.3676899896635956
0.03143864628971615,0.3676899896635956
0.03143864628971615,0.3676899896635956
0.03143864628971615,0.3676899896635956
0.028953068054279316,0.36740916022844106
0.028953068054279316,0.36740916022844106
0.028953068054279316,0.36740916022844106
0.028953068054279316,0.36740916022844106
0.028953068054279316,0.36740916022844106
0.028953068054279316,0.36740916022844106
0.028953068054279316,0.36740916022844106
0.028953068054279316,0.36740916022844106
0.026474487056605926,0.3671138035629938
0.026474487056605926,0.3671138035629938
0.026474487056605926,0.3671138035629938
0.026474487056605926,0.3671138035629938
0.033104474185811646,0.3678522992637271
0.033104474185811646,0.3678522992637271
0.033104474185811646,0.3678522992637271
0.033104474185811646,0.3678522992637271
0.033104474185811646,0.3678522992637271
0.033104474185811646,0.3678522992637271
0.03042370769762378,0.3675716510256723
0.03042370769762378,0.3675716510256723
0.03042370769762378,0.3675716510256723
0.03042370769762378,0.3675716510256723
0.03042370769762378,0.3675716510256723
0.03042370769762378,0.3675716510256723
0.03042370769762378,0.3675716510256723
0.03042370769762378,0.3675716510256723
0.03042370769762378,0.3675716510256723
0.03042370769762378,0.3675716510256723
0.03042370769762378,0.3675716510256723
0.03042370769762378,0.3675716510256723
0.027470263808300893,0.3672876922000297
0.027470263808300893,0.3672876922000297
0.027470263808300893,0.3672876922000297
0.027470263808300893,0.3672876922000297
0.027470263808300893,0.3672876922000297
0.027470263808300893,0.3672876922000297
0.027470263808300893,0.3672876922000297
0.027470263808300893,0.3672876922000297
0.027470263808300893,0.3672876922000297
0.027470263808300893,0.3672876922000297
0.027470263808300893,0.3672876922000297
0.030906872036269108,0.3677083940862571
0.030906872036269108,0.3677083940862571
0.030906872036269108,0.3677083940862571
0.030906872036269108,0.3677083940862571
0.030906872036269108,0.3677083940862571
0.030906872036269108,0.3677083940862571
0.030906872036269108,0.3677083940862571
0.030906872036269108,0.3677083940862571
0.030906872036269108,0.3677083940862571
0.028605939564736914,0.36747227120700043
0.028605939564736914,0.36747227120700043
0.028605939564736914,0.36747227120700043
0.028605939564736914,0.36747227120700043
0.028605939564736914,0.36747227120700043
0.028605939564736914,0.36747227120700043
0.028605939564736914,0.36747227120700043
0.028605939564736914,0.36747227120700043
0.028605939564736914,0.36747227120700043
0.028605939564736914,0.36747227120700043
0.028605939564736914,0.36747227120700043
0.026192634624570173,0.36722026226876187
0.026192634624570173,0.36722026226876187
0.026192634624570173,0.36722026226876187
0.026192634624570173,0.36722026226876187
0.026192634624570173,0.36722026226876187
0.032476662336660606,0.3679022441513704
0.032476662336660606,0.3679022441513704
0.032476662336660606,0.3679022441513704
0.032476662336660606,0.3679022441513704
0.03022460813708997,0.3676817392077007
0.03022460813708997,0.3676817392077007
0.03022460813708997,0.3676817392077007
0.03022460813708997,0.3676817392077007
0.03022460813708997,0.3676817392077007
0.03022460813708997,0.3676817392077007
0.03022460813708997,0.3676817392077007
0.02792295493966803,0.36745440288247316
0.02792295493966803,0.36745440288247316
0.02792295493966803,0.36745440288247316
0.02792295493966803,0.36745440288247316
0.02792295493966803,0.36745440288247316
0.02792295493966803,0.36745440288247316
0.02792295493966803,0.36745440288247316
0.02792295493966803,0.36745440288247316
0.02792295493966803,0.36745440288247316
0.031860777423847186,0.36790228367517946
0.031860777423847186,0.36790228367517946
0.031860777423847186,0.36790228367517946
0.031860777423847186,0.36790228367517946
0.031860777423847186,0.36790228367517946
0.031860777423847186,0.36790228367517946
0.031860777423847186,0.36790228367517946
0.031860777423847186,0.36790228367517946
0.031860777423847186,0.36790228367517946
0.031860777423847186,0.36790228367517946
0.031860777423847186,0.36790228367517946
0.031860777423847186,0.36790228367517946
0.031860777423847186,0.36790228367517946
0.029999118883011947,0.36770538812564385
0.029999118883011947,0.36770538812564385
0.029999118883011947,0.36770538812564385
0.029999118883011947,0.36770538812564385
0.029999118883011947,0.36770538812564385
0.029999118883011947,0.36770538812564385
0.029999118883011947,0.36770538812564385
0.029999118883011947,0.36770538812564385
0.029999118883011947,0.36770538812564385
0.029999118883011947,0.36770538812564385
0.029999118883011947,0.36770538812564385
0.029999118883011947,0.36770538812564385
0.029999118883011947,0.36770538812564385
0.027964940784940273,0.36748597889566426
0.027964940784940273,0.36748597889566426
0.027964940784940273,0.36748597889566426
0.027964940784940273,0.36748597889566426
0.027964940784940273,0.36748597889566426
0.027964940784940273,0.36748597889566426
0.03380726326626953,0.3680887887566181
0.03380726326626953,0.3680887887566181
0.03380726326626953,0.3680887887566181
0.03380726326626953,0.3680887887566181
0.03380726326626953,0.3680887887566181
0.03162944301915724,0.3678835076169419
0.03162944301915724,0.3678835076169419
0.03162944301915724,0.3678835076169419
0.03162944301915724,0.3678835076169419
0.03162944301915724,0.3678835076169419
0.03162944301915724,0.3678835076169419
0.03162944301915724,0.3678835076169419
0.03162944301915724,0.3678835076169419
0.03162944301915724,0.3678835076169419
0.029399972305600063,0.367682433794591
0.029399972305600063,0.367682433794591
0.029399972305600063,0.367682433794591
0.029399972305600063,0.367682433794591
0.029399972305600063,0.367682433794591
0.029399972305600063,0.367682433794591
0.029399972305600063,0.367682433794591
0.029399972305600063,0.367682433794591
0.029399972305600063,0.367682433794591
0.029399972305600063,0.367682433794591
0.032525387178294916,0.36802231325797524
0.032525387178294916,0.36802231325797524
0.032525387178294916,0.36802231325797524
0.032525387178294916,0.36802231325797524
0.032525387178294916,0.36802231325797524
0.032525387178294916,0.36802231325797524
0.032525387178294916,0.36802231325797524
0.032525387178294916,0.36802231325797524
0.032525387178294916,0.36802231325797524
0.032525387178294916,0.36802231325797524
0.032525387178294916,0.36802231325797524
0.032525387178294916,0.36802231325797524
0.03048166894262061,0.3678518264226486
0.03048166894262061,0.3678518264226486
0.03048166894262061,0.3678518264226486
0.03048166894262061,0.3678518264226486
0.03048166894262061,0.3678518264226486
0.03048166894262061,0.3678518264226486
0.03048166894262061,0.3678518264226486
0.02833689266174063,0.36768301469862114
0.02833689266174063,0.36768301469862114
0.02833689266174063,0.36768301469862114
0.03364776160495565,0.368191245223606
0.03364776160495565,0.368191245223606
0.03364776160495565,0.368191245223606
0.03364776160495565,0.368191245223606
0.03364776160495565,0.368191245223606
0.03364776160495565,0.368191245223606
0.0318339005263358,0.36804004063802165
0.0318339005263358,0.36804004063802165
0.0318339005263358,0.36804004063802165
0.0318339005263358,0.36804004063802165
0.0318339005263358,0.36804004063802165
0.0318339005263358,0.36804004063802165
0.0318339005263358,0.36804004063802165
0.0318339005263358,0.36804004063802165
0.0318339005263358,0.36804004063802165
0.029762422325281555,0.36786840131030546
0.029762422325281555,0.36786840131030546
0.029762422325281555,0.36786840131030546
0.029762422325281555,0.36786840131030546
0.029762422325281555,0.36786840131030546
0.029762422325281555,0.36786840131030546
0.029762422325281555,0.36786840131030546
0.03255936298945043,0.3681398713890132
0.03255936298945043,0.3681398713890132
0.03255936298945043,0.3681398713890132
0.03255936298945043,0.3681398713890132
0.03255936298945043,0.3681398713890132
0.03255936298945043,0.3681398713890132
0.030607017724340928,0.3679712913760645
0.030607017724340928,0.3679712913760645
0.030607017724340928,0.3679712913760645
0.030607017724340928,0.3679712913760645
0.030607017724340928,0.3679712913760645
0.030607017724340928,0.3679712913760645
0.030607017724340928,0.3679712913760645
0.030607017724340928,0.3679712913760645
0.030607017724340928,0.3679712913760645
0.030607017724340928,0.3679712913760645
0.028740515001960086,0.367817313917896
0.028740515001960086,0.367817313917896
0.028740515001960086,0.367817313917896
0.028740515001960086,0.367817313917896
0.033436344679959255,0.36823451745234714
0.033436344679959255,0.36823451745234714
0.033436344679959255,0.36823451745234714
0.033436344679959255,0.36823451745234714
0.033436344679959255,0.36823451745234714
0.031389684679266616,0.36808785192320786
0.031389684679266616,0.36808785192320786
0.031389684679266616,0.36808785192320786
0.031389684679266616,0.36808785192320786
0.031389684679266616,0.36808785192320786
0.031389684679266616,0.36808785192320786
0.031389684679266616,0.36808785192320786
0.031389684679266616,0.36808785192320786
0.031389684679266616,0.36808785192320786
0.031389684679266616,0.36808785192320786
0.02938521289425018,0.36794158461879334
0.02938521289425018,0.36794158461879334
0.02938521289425018,0.36794158461879334
0.02938521289425018,0.36794158461879334
0.02938521289425018,0.36794158461879334
0.02938521289425018,0.36794158461879334
0.02938521289425018,0.36794158461879334
0.031879156090246205,0.3681618924976626
0.031879156090246205,0.3681618924976626
0.031879156090246205,0.3681618924976626
0.031879156090246205,0.3681618924976626
0.031879156090246205,0.3681618924976626
0.031879156090246205,0.3681618924976626
0.031879156090246205,0.3681618924976626
0.031879156090246205,0.3681618924976626
0.031879156090246205,0.3681618924976626
0.02993244424965063,0.36803989446860347
0.02993244424965063,0.36803989446860347
0.02993244424965063,0.36803989446860347
0.02993244424965063,0.36803989446860347
0.02993244424965063,0.36803989446860347
0.02993244424965063,0.36803989446860347
0.02993244424965063,0.36803989446860347
0.02993244424965063,0.36803989446860347
0.028365331337758877,0.36788278416596437
0.028365331337758877,0.36788278416596437
0.028365331337758877,0.36788278416596437
0.028365331337758877,0.36788278416596437
0.028365331337758877,0.36788278416596437
0.032371862844223095,0.3682116344236649
0.032371862844223095,0.3682116344236649
0.032371862844223095,0.3682116344236649
0.032371862844223095,0.3682116344236649
0.032371862844223095,0.3682116344236649
0.032371862844223095,0.3682116344236649
0.031183291521597434,0.36817107902331964
0.031183291521597434,0.36817107902331964
0.031183291521597434,0.36817107902331964
0.031183291521597434,0.36817107902331964
0.031183291521597434,0.36817107902331964
0.031183291521597434,0.36817107902331964
0.031183291521597434,0.36817107902331964
0.031183291521597434,0.36817107902331964
0.031183291521597434,0.36817107902331964
0.031183291521597434,0.36817107902331964
0.031183291521597434,0.36817107902331964
0.030153193122945537,0.36814185690710666
0.030153193122945537,0.36814185690710666
0.030153193122945537,0.36814185690710666
0.030153193122945537,0.36814185690710666
0.030153193122945537,0.36814185690710666
0.030153193122945537,0.36814185690710666
0.030153193122945537,0.36814185690710666
0.030153193122945537,0.36814185690710666
0.03240636074641599,0.3683075905237658
0.03240636074641599,0.3683075905237658
0.03240636074641599,0.3683075905237658
0.03240636074641599,0.3683075905237658
0.03240636074641599,0.3683075905237658
0.03240636074641599,0.3683075905237658
0.03240636074641599,0.3683075905237658
0.03240636074641599,0.3683075905237658
0.03240636074641599,0.3683075905237658
0.031063563765609405,0.3682286084059838
0.031063563765609405,0.3682286084059838
0.031063563765609405,0.3682286084059838
0.031063563765609405,0.3682286084059838
0.031063563765609405,0.3682286084059838
0.031063563765609405,0.3682286084059838
0.031063563765609405,0.3682286084059838
0.031063563765609405,0.3682286084059838
0.031063563765609405,0.3682286084059838
0.029648122750059763,0.36817732386730395
0.029648122750059763,0.36817732386730395
0.029648122750059763,0.36817732386730395
0.029648122750059763,0.36817732386730395
0.032900795729445736,0.36842740258424134
0.032900795729445736,0.36842740258424134
0.032900795729445736,0.36842740258424134
0.032900795729445736,0.36842740258424134
0.032900795729445736,0.36842740258424134
0.03183426571847413,0.36835385811581833
0.03183426571847413,0.36835385811581833
0.03183426571847413,0.36835385811581833
0.03183426571847413,0.36835385811581833
0.03183426571847413,0.36835385811581833
0.03183426571847413,0.36835385811581833
0.03183426571847413,0.36835385811581833
0.03183426571847413,0.36835385811581833
0.030781415177422083,0.36826890831467257
0.030781415177422083,0.36826890831467257
0.030781415177422083,0.36826890831467257
0.030781415177422083,0.36826890831467257
0.030781415177422083,0.36826890831467257
0.030781415177422083,0.36826890831467257
0.030781415177422083,0.36826890831467257
0.030781415177422083,0.36826890831467257
0.030781415177422083,0.36826890831467257
0.030781415177422083,0.36826890831467257
0.03266215971533295,0.3684072081961106
0.03266215971533295,0.3684072081961106
0.03266215971533295,0.3684072081961106
0.03266215971533295,0.3684072081961106
0.03266215971533295,0.3684072081961106
0.03266215971533295,0.3684072081961106
0.03266215971533295,0.3684072081961106
0.03266215971533295,0.3684072081961106
0.03266215971533295,0.3684072081961106
0.03266215971533295,0.3684072081961106
0.03266215971533295,0.3684072081961106
0.03159776347730291,0.3683434164557349
0.03159776347730291,0.3683434164557349
0.03159776347730291,0.3683434164557349
0.03159776347730291,0.3683434164557349
0.03159776347730291,0.3683434164557349
0.03159776347730291,0.3683434164557349
0.03159776347730291,0.3683434164557349
0.03159776347730291,0.3683434164557349
0.03159776347730291,0.3683434164557349
0.03159776347730291,0.3683434164557349
0.03159776347730291,0.3683434164557349
0.03159776347730291,0.3683434164557349
0.030458550861756403,0.36825694574481427
0.030458550861756403,0.36825694574481427
0.030458550861756403,0.36825694574481427
0.030458550861756403,0.36825694574481427
0.030458550861756403,0.36825694574481427
0.030458550861756403,0.36825694574481427
0.03290422889234187,0.36843639747546475
0.03290422889234187,0.36843639747546475
0.03290422889234187,0.36843639747546475
0.03290422889234187,0.36843639747546475
0.03290422889234187,0.36843639747546475
0.03290422889234187,0.36843639747546475
0.03186624366512012,0.36836409667882164
0.03186624366512012,0.36836409667882164
0.03186624366512012,0.36836409667882164
0.03186624366512012,0.36836409667882164
0.03186624366512012,0.36836409667882164
0.03186624366512012,0.36836409667882164
0.03186624366512012,0.36836409667882164
0.03186624366512012,0.36836409667882164
0.03186624366512012,0.36836409667882164
0.03186624366512012,0.36836409667882164
0.03186624366512012,0.36836409667882164
0.03186624366512012,0.36836409667882164
0.03186624366512012,0.36836409667882164
0.03088597513285221,0.3683017992534475
0.03088597513285221,0.3683017992534475
0.03088597513285221,0.3683017992534475
0.03088597513285221,0.3683017992534475
0.03088597513285221,0.3683017992534475
0.03088597513285221,0.3683017992534475
0.03088597513285221,0.3683017992534475
0.03088597513285221,0.3683017992534475
0.03088597513285221,0.3683017992534475
0.03088597513285221,0.3683017992534475
0.03088597513285221,0.3683017992534475
0.03088597513285221,0.3683017992534475
0.03088597513285221,0.3683017992534475
0.031973174410595856,0.36837966191421895
0.031973174410595856,0.36837966191421895
0.031973174410595856,0.36837966191421895
0.031973174410595856,0.36837966191421895
0.031973174410595856,0.36837966191421895
0.031973174410595856,0.36837966191421895
0.031973174410595856,0.36837966191421895
0.031973174410595856,0.36837966191421895
0.03106012242595481,0.36833393669148984
0.03106012242595481,0.36833393669148984
0.03106012242595481,0.36833393669148984
0.03106012242595481,0.36833393669148984
0.03106012242595481,0.36833393669148984
0.03106012242595481,0.36833393669148984
0.03106012242595481,0.36833393669148984
0.03106012242595481,0.36833393669148984
0.03106012242595481,0.36833393669148984
0.03106012242595481,0.36833393669148984
0.030077991556270483,0.3682842530656057
0.030077991556270483,0.3682842530656057
0.030077991556270483,0.3682842530656057
0.030077991556270483,0.3682842530656057
0.030077991556270483,0.3682842530656057
0.03167660411607051,0.36838995652895373
0.03167660411607051,0.36838995652895373
0.03167660411607051,0.36838995652895373
0.03167660411607051,0.36838995652895373
0.031025647319353776,0.36836395990842624
0.031025647319353776,0.36836395990842624
0.031025647319353776,0.36836395990842624
0.031025647319353776,0.36836395990842624
0.031025647319353776,0.36836395990842624
0.031025647319353776,0.36836395990842624
0.031025647319353776,0.36836395990842624
0.031025647319353776,0.36836395990842624
0.031025647319353776,0.36836395990842624
0.031025647319353776,0.36836395990842624
0.031025647319353776,0.36836395990842624
0.030660697584599952,0.368358669898537
0.030660697584599952,0.368358669898537
0.030660697584599952,0.368358669898537
0.030660697584599952,0.368358669898537
0.030660697584599952,0.368358669898537
0.030660697584599952,0.368358669898537
0.030660697584599952,0.368358669898537
0.030660697584599952,0.368358669898537
0.030660697584599952,0.368358669898537
0.030660697584599952,0.368358669898537
0.03162064680739477,0.3684429614899812
0.03162064680739477,0.3684429614899812
0.03162064680739477,0.3684429614899812
0.03162064680739477,0.3684429614899812
0.03162064680739477,0.3684429614899812
0.03162064680739477,0.3684429614899812
0.03162064680739477,0.3684429614899812
0.031170869640912986,0.36846769660287954
0.031170869640912986,0.36846769660287954
0.031170869640912986,0.36846769660287954
0.031170869640912986,0.36846769660287954
0.031170869640912986,0.36846769660287954
0.031170869640912986,0.36846769660287954
0.031170869640912986,0.36846769660287954
0.03078503965382635,0.3684496658659954
0.03078503965382635,0.3684496658659954
0.03078503965382635,0.3684496658659954
0.03078503965382635,0.3684496658659954
0.03078503965382635,0.3684496658659954
0.03150686992766373,0.3685212203894094
0.03150686992766373,0.3685212203894094
0.03150686992766373,0.3685212203894094
0.03150686992766373,0.3685212203894094
0.031193170418972377,0.36851781150883645
0.031193170418972377,0.36851781150883645
0.031193170418972377,0.36851781150883645
0.031193170418972377,0.36851781150883645
0.031193170418972377,0.36851781150883645
0.031193170418972377,0.36851781150883645
0.031193170418972377,0.36851781150883645
0.030796597808798787,0.3684971419464519
0.030796597808798787,0.3684971419464519
0.030796597808798787,0.3684971419464519
0.030796597808798787,0.3684971419464519
0.030796597808798787,0.3684971419464519
0.030796597808798787,0.3684971419464519
0.030796597808798787,0.3684971419464519
0.030796597808798787,0.3684971419464519
0.031003489769935347,0.3685547735335001
0.031003489769935347,0.3685547735335001
0.031003489769935347,0.3685547735335001
0.031003489769935347,0.3685547735335001
0.031003489769935347,0.3685547735335001
0.031003489769935347,0.3685547735335001
0.031003489769935347,0.3685547735335001
0.031003489769935347,0.3685547735335001
0.031003489769935347,0.3685547735335001
0.0313104045586687,0.3685850647789743
0.0313104045586687,0.3685850647789743
0.0313104045586687,0.3685850647789743
0.0313104045586687,0.3685850647789743
0.0313104045586687,0.3685850647789743
0.0313104045586687,0.3685850647789743
0.0313104045586687,0.3685850647789743
0.0313104045586687,0.3685850647789743
0.0313104045586687,0.3685850647789743
0.03162029091332841,0.36858477745016854
0.03162029091332841,0.36858477745016854
0.03162029091332841,0.36858477745016854
0.03162029091332841,0.36858477745016854
0.03162029091332841,0.36858477745016854
0.03145158243130057,0.36863539307210375
0.03145158243130057,0.36863539307210375
0.03145158243130057,0.36863539307210375
0.03145158243130057,0.36863539307210375
0.0316698147599712,0.36865283826662515
0.0316698147599712,0.36865283826662515
0.0316698147599712,0.36865283826662515
0.0316698147599712,0.36865283826662515
0.0316698147599712,0.36865283826662515
0.0316698147599712,0.36865283826662515
0.0316698147599712,0.36865283826662515
0.0316698147599712,0.36865283826662515
0.03152431834065472,0.3686331694216713
0.03152431834065472,0.3686331694216713
0.03152431834065472,0.3686331694216713
0.03152431834065472,0.3686331694216713
0.03152431834065472,0.3686331694216713
0.03152431834065472,0.3686331694216713
0.03152431834065472,0.3686331694216713
0.03152431834065472,0.3686331694216713
0.03107224318039202,0.3686965020868213
0.03107224318039202,0.3686965020868213
0.03107224318039202,0.3686965020868213
0.03107224318039202,0.3686965020868213
0.03107224318039202,0.3686965020868213
0.03107224318039202,0.3686965020868213
0.03107224318039202,0.3686965020868213
0.0313042877569478,0.36866200024283047
0.0313042877569478,0.36866200024283047
0.0313042877569478,0.36866200024283047
0.0313042877569478,0.36866200024283047
0.0313042877569478,0.36866200024283047
0.0313042877569478,0.36866200024283047
0.0313042877569478,0.36866200024283047
0.0313042877569478,0.36866200024283047
0.031713278784567124,0.36865515281553346
0.031713278784567124,0.36865515281553346
0.031713278784567124,0.36865515281553346
0.031713278784567124,0.36865515281553346
0.03065444417919696,0.3687071438873992
0.03065444417919696,0.3687071438873992
0.03065444417919696,0.3687071438873992
0.03065444417919696,0.3687071438873992
0.03077792708427629,0.3686680082637002
0.03077792708427629,0.3686680082637002
0.03077792708427629,0.3686680082637002
0.03077792708427629,0.3686680082637002
0.03077792708427629,0.3686680082637002
0.03077792708427629,0.3686680082637002
0.03077792708427629,0.3686680082637002
0.03077792708427629,0.3686680082637002
0.03077792708427629,0.3686680082637002
0.03077792708427629,0.3686680082637002
0.030808633808845506,0.368638173931118
0.030808633808845506,0.368638173931118
0.030808633808845506,0.368638173931118
0.030808633808845506,0.368638173931118
0.030808633808845506,0.368638173931118
0.030808633808845506,0.368638173931118
0.030808633808845506,0.368638173931118
0.030808633808845506,0.368638173931118
0.030808633808845506,0.368638173931118
0.029869212255216118,0.3686679337925783
0.029869212255216118,0.3686679337925783
0.029869212255216118,0.3686679337925783
0.029869212255216118,0.3686679337925783
0.029869212255216118,0.3686679337925783
0.029869212255216118,0.3686679337925783
0.029869212255216118,0.3686679337925783
0.029869212255216118,0.3686679337925783
0.029869212255216118,0.3686679337925783
0.029869212255216118,0.3686679337925783
0.030721091989772673,0.3686720622175536
0.030721091989772673,0.3686720622175536
0.030721091989772673,0.3686720622175536
0.030721091989772673,0.3686720622175536
0.030721091989772673,0.3686720622175536
0.030721091989772673,0.3686720622175536
0.030721091989772673,0.3686720622175536
0.030721091989772673,0.3686720622175536
0.03183068281316061,0.36866497409966814
0.03183068281316061,0.36866497409966814
0.03183068281316061,0.36866497409966814
0.03183068281316061,0.36866497409966814
0.03183068281316061,0.36866497409966814
0.03183068281316061,0.36866497409966814
0.02989705552547875,0.3687412197514184
0.02989705552547875,0.3687412197514184
0.02989705552547875,0.3687412197514184
0.02989705552547875,0.3687412197514184
0.030773950775860086,0.36871131937597457
0.030773950775860086,0.36871131937597457
0.030773950775860086,0.36871131937597457
0.030773950775860086,0.36871131937597457
0.030773950775860086,0.36871131937597457
0.030773950775860086,0.36871131937597457
0.030773950775860086,0.36871131937597457
0.030773950775860086,0.36871131937597457
0.0315793224127818,0.36868495863590595
0.0315793224127818,0.36868495863590595
0.0315793224127818,0.36868495863590595
0.0315793224127818,0.36868495863590595
0.0315793224127818,0.36868495863590595
0.0315793224127818,0.36868495863590595
0.0315793224127818,0.36868495863590595
0.0315793224127818,0.36868495863590595
0.030188777497136207,0.36873586257294866
0.030188777497136207,0.36873586257294866
0.030188777497136207,0.36873586257294866
0.030188777497136207,0.36873586257294866
0.030188777497136207,0.36873586257294866
0.030188777497136207,0.36873586257294866
0.030188777497136207,0.36873586257294866
0.030188777497136207,0.36873586257294866
0.030188777497136207,0.36873586257294866
0.030188777497136207,0.36873586257294866
0.031032111903761227,0.3687257018699315
0.031032111903761227,0.3687257018699315
0.031032111903761227,0.3687257018699315
0.031032111903761227,0.3687257018699315
0.031032111903761227,0.3687257018699315
0.031032111903761227,0.3687257018699315
0.031032111903761227,0.3687257018699315
0.031032111903761227,0.3687257018699315
0.03203405842177141,0.3686764228941986
0.03203405842177141,0.3686764228941986
0.03203405842177141,0.3686764228941986
0.03203405842177141,0.3686764228941986
0.03203405842177141,0.3686764228941986
0.02925528996040034,0.36878381702148494
0.02925528996040034,0.36878381702148494
0.02925528996040034,0.36878381702148494
0.02925528996040034,0.36878381702148494
0.02925528996040034,0.36878381702148494
0.02925528996040034,0.36878381702148494
0.030047721804829303,0.3687799820187525
0.030047721804829303,0.3687799820187525
0.030047721804829303,0.3687799820187525
0.030047721804829303,0.3687799820187525
0.030047721804829303,0.3687799820187525
0.030047721804829303,0.3687799820187525
0.030047721804829303,0.3687799820187525
0.030047721804829303,0.3687799820187525
0.030047721804829303,0.3687799820187525
0.030047721804829303,0.3687799820187525
0.030047721804829303,0.3687799820187525
0.030047721804829303,0.3687799820187525
0.031193759805452075,0.36875297345637426
0.031193759805452075,0.36875297345637426
0.031193759805452075,0.36875297345637426
0.031193759805452075,0.36875297345637426
0.031193759805452075,0.36875297345637426
0.031193759805452075,0.36875297345637426
0.031193759805452075,0.36875297345637426
0.031193759805452075,0.36875297345637426
0.029314545700455677,0.3688387064789701
0.029314545700455677,0.3688387064789701
0.029314545700455677,0.3688387064789701
0.029314545700455677,0.3688387064789701
0.029314545700455677,0.3688387064789701
0.029314545700455677,0.3688387064789701
0.029314545700455677,0.3688387064789701
0.030784429835708706,0.3687788727278521
0.030784429835708706,0.3687788727278521
0.030784429835708706,0.3687788727278521
0.030784429835708706,0.3687788727278521
0.030784429835708706,0.3687788727278521
0.030784429835708706,0.3687788727278521
0.030784429835708706,0.3687788727278521
0.030784429835708706,0.3687788727278521
0.030784429835708706,0.3687788727278521
0.03220050920577751,0.3687539681972752
0.03220050920577751,0.3687539681972752
0.03220050920577751,0.3687539681972752
0.03220050920577751,0.3687539681972752
0.02862129382912837,0.3689153908289999
0.02862129382912837,0.3689153908289999
0.02862129382912837,0.3689153908289999
0.02862129382912837,0.3689153908289999
0.029963610430961653,0.36889703712078986
0.029963610430961653,0.36889703712078986
0.029963610430961653,0.36889703712078986
0.029963610430961653,0.36889703712078986
0.029963610430961653,0.36889703712078986
0.029963610430961653,0.36889703712078986
0.029963610430961653,0.36889703712078986
0.029963610430961653,0.36889703712078986
0.029963610430961653,0.36889703712078986
0.029963610430961653,0.36889703712078986
0.029963610430961653,0.36889703712078986
0.029963610430961653,0.36889703712078986
0.0316756283297776,0.36885754128356013
0.0316756283297776,0.36885754128356013
0.0316756283297776,0.36885754128356013
0.0316756283297776,0.36885754128356013
0.0316756283297776,0.36885754128356013
0.0316756283297776,0.36885754128356013
0.0316756283297776,0.36885754128356013
0.0316756283297776,0.36885754128356013
0.0316756283297776,0.36885754128356013
0.0316756283297776,0.36885754128356013
0.0316756283297776,0.36885754128356013
0.0316756283297776,0.36885754128356013
0.0316756283297776,0.36885754128356013
0.0316756283297776,0.36885754128356013
0.0316756283297776,0.36885754128356013
0.02933566802603797,0.36899132849668553
0.02933566802603797,0.36899132849668553
0.02933566802603797,0.36899132849668553
0.02933566802603797,0.36899132849668553
0.02933566802603797,0.36899132849668553
0.02933566802603797,0.36899132849668553
0.02933566802603797,0.36899132849668553
0.02933566802603797,0.36899132849668553
0.02933566802603797,0.36899132849668553
0.02933566802603797,0.36899132849668553
0.030839245406960723,0.36892451820327343
0.030839245406960723,0.36892451820327343
0.030839245406960723,0.36892451820327343
0.030839245406960723,0.36892451820327343
0.030839245406960723,0.36892451820327343
0.030839245406960723,0.36892451820327343
0.030839245406960723,0.36892451820327343
0.030839245406960723,0.36892451820327343
0.030839245406960723,0.36892451820327343
0.03242982462648498,0.36885434612010415
0.03242982462648498,0.36885434612010415
0.03242982462648498,0.36885434612010415
0.03242982462648498,0.36885434612010415
0.028108155115514753,0.36908262953614845
0.028108155115514753,0.36908262953614845
0.028108155115514753,0.36908262953614845
0.028108155115514753,0.36908262953614845
0.029767262414075443,0.36901054449501886
0.029767262414075443,0.36901054449501886
0.029767262414075443,0.36901054449501886
0.029767262414075443,0.36901054449501886
0.029767262414075443,0.36901054449501886
0.029767262414075443,0.36901054449501886
0.03161735692906389,0.3688965454133021
0.03161735692906389,0.3688965454133021
0.03161735692906389,0.3688965454133021
0.03161735692906389,0.3688965454133021
0.03161735692906389,0.3688965454133021
0.03161735692906389,0.3688965454133021
0.03161735692906389,0.3688965454133021
0.03161735692906389,0.3688965454133021
0.03161735692906389,0.3688965454133021
0.02882649519059932,0.3690491102091582
0.02882649519059932,0.3690491102091582
0.02882649519059932,0.3690491102091582
0.02882649519059932,0.3690491102091582
0.02882649519059932,0.3690491102091582
0.02882649519059932,0.3690491102091582
0.02882649519059932,0.3690491102091582
0.02882649519059932,0.3690491102091582
0.02882649519059932,0.3690491102091582
0.03074917948629241,0.3689686726814087
0.03074917948629241,0.3689686726814087
0.03074917948629241,0.3689686726814087
0.03074917948629241,0.3689686726814087
0.03074917948629241,0.3689686726814087
0.03074917948629241,0.3689686726814087
0.03074917948629241,0.3689686726814087
0.03074917948629241,0.3689686726814087
0.03074917948629241,0.3689686726814087
0.03243972373320507,0.3688883622031977
0.03243972373320507,0.3688883622031977
0.03243972373320507,0.3688883622031977
0.03243972373320507,0.3688883622031977
0.03243972373320507,0.3688883622031977
0.027444170477266105,0.3691606795018302
0.027444170477266105,0.3691606795018302
0.027444170477266105,0.3691606795018302
0.027444170477266105,0.3691606795018302
0.027444170477266105,0.3691606795018302
0.0294967323354674,0.36911229664248724
0.0294967323354674,0.36911229664248724
0.0294967323354674,0.36911229664248724
0.0294967323354674,0.36911229664248724
0.0294967323354674,0.36911229664248724
0.0294967323354674,0.36911229664248724
0.0294967323354674,0.36911229664248724
0.0294967323354674,0.36911229664248724
0.0294967323354674,0.36911229664248724
0.03137953998779052,0.36903525457635666
0.03137953998779052,0.36903525457635666
0.03137953998779052,0.36903525457635666
0.03137953998779052,0.36903525457635666
0.03137953998779052,0.36903525457635666
0.03137953998779052,0.36903525457635666
0.03137953998779052,0.36903525457635666
0.03137953998779052,0.36903525457635666
0.02860916715590487,0.36922728548203326
0.02860916715590487,0.36922728548203326
0.02860916715590487,0.36922728548203326
0.02860916715590487,0.36922728548203326
0.02860916715590487,0.36922728548203326
0.02860916715590487,0.36922728548203326
0.02860916715590487,0.36922728548203326
0.02860916715590487,0.36922728548203326
0.02860916715590487,0.36922728548203326
0.02860916715590487,0.36922728548203326
0.03088611909254997,0.36915248656426625
0.03088611909254997,0.36915248656426625
0.03088611909254997,0.36915248656426625
0.03088611909254997,0.36915248656426625
0.03088611909254997,0.36915248656426625
0.03088611909254997,0.36915248656426625
0.03088611909254997,0.36915248656426625
0.03088611909254997,0.36915248656426625
0.03088611909254997,0.36915248656426625
0.03088611909254997,0.36915248656426625
0.03315033820741032,0.3690523736020757
0.03315033820741032,0.3690523736020757
0.03315033820741032,0.3690523736020757
0.027560802785437974,0.36935254552619906
0.027560802785437974,0.36935254552619906
0.027560802785437974,0.36935254552619906
0.027560802785437974,0.36935254552619906
0.029794155752662074,0.3692548841107216
0.029794155752662074,0.3692548841107216
0.029794155752662074,0.3692548841107216
0.029794155752662074,0.3692548841107216
0.029794155752662074,0.3692548841107216
0.029794155752662074,0.3692548841107216
0.032072252277723846,0.3690943268248899
0.032072252277723846,0.3690943268248899
0.032072252277723846,0.3690943268248899
0.032072252277723846,0.3690943268248899
0.032072252277723846,0.3690943268248899
0.032072252277723846,0.3690943268248899
0.032072252277723846,0.3690943268248899
0.028536866704665643,0.369312835447829
0.028536866704665643,0.369312835447829
0.028536866704665643,0.369312835447829
0.028536866704665643,0.369312835447829
0.028536866704665643,0.369312835447829
0.028536866704665643,0.369312835447829
0.028536866704665643,0.369312835447829
0.028536866704665643,0.369312835447829
0.028536866704665643,0.369312835447829
0.030768532729322305,0.36919473661006047
0.030768532729322305,0.36919473661006047
0.030768532729322305,0.36919473661006047
0.030768532729322305,0.36919473661006047
0.030768532729322305,0.36919473661006047
0.030768532729322305,0.36919473661006047
0.030768532729322305,0.36919473661006047
0.030768532729322305,0.36919473661006047
0.03315008400249422,0.36908192642160337
0.03315008400249422,0.36908192642160337
0.03315008400249422,0.36908192642160337
0.02705856558089602,0.3694390328477459
0.02705856558089602,0.3694390328477459
0.02705856558089602,0.3694390328477459
0.029423605780838608,0.36931182426069914
0.029423605780838608,0.36931182426069914
0.029423605780838608,0.36931182426069914
0.029423605780838608,0.36931182426069914
0.029423605780838608,0.36931182426069914
0.029423605780838608,0.36931182426069914
0.029423605780838608,0.36931182426069914
0.03178459121107417,0.36916557799495187
0.03178459121107417,0.36916557799495187
0.03178459121107417,0.36916557799495187
0.03178459121107417,0.36916557799495187
0.03178459121107417,0.36916557799495187
0.03178459121107417,0.36916557799495187
0.028349524796596207,0.3694180838109763
0.028349524796596207,0.3694180838109763
0.028349524796596207,0.3694180838109763
0.028349524796596207,0.3694180838109763
0.028349524796596207,0.3694180838109763
0.028349524796596207,0.3694180838109763
0.028349524796596207,0.3694180838109763
0.028349524796596207,0.3694180838109763
0.028349524796596207,0.3694180838109763
0.03098083144677765,0.3692837398042452
0.03098083144677765,0.3692837398042452
0.03098083144677765,0.3692837398042452
0.03098083144677765,0.3692837398042452
0.03098083144677765,0.3692837398042452
0.03098083144677765,0.3692837398042452
0.03098083144677765,0.3692837398042452
0.03330354218047139,0.36917218138918
0.03330354218047139,0.36917218138918
0.03330354218047139,0.36917218138918
0.026808715985198683,0.3695896268530708
0.026808715985198683,0.3695896268530708
0.026808715985198683,0.3695896268530708
0.029416116131938938,0.3694511345142163
0.029416116131938938,0.3694511345142163
0.029416116131938938,0.3694511345142163
0.029416116131938938,0.3694511345142163
0.029416116131938938,0.3694511345142163
0.029416116131938938,0.3694511345142163
0.029416116131938938,0.3694511345142163
0.029416116131938938,0.3694511345142163
0.031841098671526,0.36928090027671484
0.031841098671526,0.36928090027671484
0.031841098671526,0.36928090027671484
0.031841098671526,0.36928090027671484
0.031841098671526,0.36928090027671484
0.031841098671526,0.36928090027671484
0.031841098671526,0.36928090027671484
0.031841098671526,0.36928090027671484
0.031841098671526,0.36928090027671484
0.031841098671526,0.36928090027671484
0.027911523555885324,0.3696301237797709
0.027911523555885324,0.3696301237797709
0.027911523555885324,0.3696301237797709
0.027911523555885324,0.3696301237797709
0.027911523555885324,0.3696301237797709
0.027911523555885324,0.3696301237797709
0.027911523555885324,0.3696301237797709
0.027911523555885324,0.3696301237797709
0.027911523555885324,0.3696301237797709
0.027911523555885324,0.3696301237797709
0.03084536211421468,0.36956030310391313
0.03084536211421468,0.36956030310391313
0.03084536211421468,0.36956030310391313
0.03084536211421468,0.36956030310391313
0.03084536211421468,0.36956030310391313
0.03084536211421468,0.36956030310391313
0.03084536211421468,0.36956030310391313
0.03084536211421468,0.36956030310391313
0.03385459043574874,0.36938404273813225
0.03385459043574874,0.36938404273813225
0.03385459043574874,0.36938404273813225
0.03385459043574874,0.36938404273813225
0.03385459043574874,0.36938404273813225
0.02706234223437922,0.3698784769129661
0.02706234223437922,0.3698784769129661
0.02706234223437922,0.3698784769129661
0.02996362426686828,0.36972528781363934
0.02996362426686828,0.36972528781363934
0.02996362426686828,0.36972528781363934
0.02996362426686828,0.36972528781363934
0.02996362426686828,0.36972528781363934
0.02996362426686828,0.36972528781363934
0.02996362426686828,0.36972528781363934
0.02996362426686828,0.36972528781363934
0.02996362426686828,0.36972528781363934
0.03267371068873505,0.3695454282611492
0.03267371068873505,0.3695454282611492
0.03267371068873505,0.3695454282611492
0.03267371068873505,0.3695454282611492
0.03267371068873505,0.3695454282611492
0.03267371068873505,0.3695454282611492
0.03267371068873505,0.3695454282611492
0.03267371068873505,0.3695454282611492
0.03267371068873505,0.3695454282611492
0.028689229444957488,0.3699035827721246
0.028689229444957488,0.3699035827721246
0.028689229444957488,0.3699035827721246
0.028689229444957488,0.3699035827721246
0.028689229444957488,0.3699035827721246
0.028689229444957488,0.3699035827721246
0.028689229444957488,0.3699035827721246
0.028689229444957488,0.3699035827721246
0.031377375662976846,0.3696961584410081
0.031377375662976846,0.3696961584410081
0.031377375662976846,0.3696961584410081
0.031377375662976846,0.3696961584410081
0.031377375662976846,0.3696961584410081
0.031377375662976846,0.3696961584410081
0.031377375662976846,0.3696961584410081
0.031377375662976846,0.3696961584410081
0.0342654777650671,0.3694562096148569
0.0342654777650671,0.3694562096148569
0.0342654777650671,0.3694562096148569
0.02728669167754901,0.3700461869882165
0.02728669167754901,0.3700461869882165
0.02728669167754901,0.3700461869882165
0.02728669167754901,0.3700461869882165
0.030020206108564144,0.3698608269938338
0.030020206108564144,0.3698608269938338
0.030020206108564144,0.3698608269938338
0.030020206108564144,0.3698608269938338
0.030020206108564144,0.3698608269938338
0.030020206108564144,0.3698608269938338
0.030020206108564144,0.3698608269938338
0.03300902621464076,0.36965964551457076
0.03300902621464076,0.36965964551457076
0.03300902621464076,0.36965964551457076
0.03300902621464076,0.36965964551457076
0.03300902621464076,0.36965964551457076
0.03300902621464076,0.36965964551457076
0.03300902621464076,0.36965964551457076
0.02918372026689147,0.36998385021441815
0.02918372026689147,0.36998385021441815
0.02918372026689147,0.36998385021441815
0.02918372026689147,0.36998385021441815
0.02918372026689147,0.36998385021441815
0.02918372026689147,0.36998385021441815
0.02918372026689147,0.36998385021441815
0.03216379375586351,0.3697523417321975
0.03216379375586351,0.3697523417321975
0.03216379375586351,0.3697523417321975
0.03216379375586351,0.3697523417321975
0.03216379375586351,0.3697523417321975
0.03216379375586351,0.3697523417321975
0.03216379375586351,0.3697523417321975
0.03216379375586351,0.3697523417321975
0.03216379375586351,0.3697523417321975
0.03522608945989587,0.3695287020187785
0.03522608945989587,0.3695287020187785
0.03522608945989587,0.3695287020187785
0.028165804001488718,0.37013416893606904
0.028165804001488718,0.37013416893606904
0.028165804001488718,0.37013416893606904
0.028165804001488718,0.37013416893606904
0.030819615879408912,0.3699546889550351
0.030819615879408912,0.3699546889550351
0.030819615879408912,0.3699546889550351
0.030819615879408912,0.3699546889550351
0.030819615879408912,0.3699546889550351
0.030819615879408912,0.3699546889550351
0.030819615879408912,0.3699546889550351
0.03385671669438557,0.36970056958023173
0.03385671669438557,0.36970056958023173
0.03385671669438557,0.36970056958023173
0.03385671669438557,0.36970056958023173
0.03385671669438557,0.36970056958023173
0.03385671669438557,0.36970056958023173
0.03385671669438557,0.36970056958023173
0.03385671669438557,0.36970056958023173
0.03385671669438557,0.36970056958023173
0.029778378991137725,0.37008257934333144
0.029778378991137725,0.37008257934333144
0.029778378991137725,0.37008257934333144
0.029778378991137725,0.37008257934333144
0.029778378991137725,0.37008257934333144
0.029778378991137725,0.37008257934333144
0.029778378991137725,0.37008257934333144
0.029778378991137725,0.37008257934333144
0.029778378991137725,0.37008257934333144
0.032836553242059634,0.3698717298909721
0.032836553242059634,0.3698717298909721
0.032836553242059634,0.3698717298909721
0.032836553242059634,0.3698717298909721
0.032836553242059634,0.3698717298909721
0.032836553242059634,0.3698717298909721
0.032836553242059634,0.3698717298909721
0.032836553242059634,0.3698717298909721
0.03569988386412289,0.3696350085857429
0.03569988386412289,0.3696350085857429
0.03569988386412289,0.3696350085857429
0.028672742461986075,0.3702856411344905
0.028672742461986075,0.3702856411344905
0.028672742461986075,0.3702856411344905
0.03132530495713666,0.3700441227222754
0.03132530495713666,0.3700441227222754
0.03132530495713666,0.3700441227222754
0.03132530495713666,0.3700441227222754
0.03132530495713666,0.3700441227222754
0.03132530495713666,0.3700441227222754
0.0341596193901908,0.36980245986687793
0.0341596193901908,0.36980245986687793
0.0341596193901908,0.36980245986687793
0.0341596193901908,0.36980245986687793
0.0341596193901908,0.36980245986687793
0.0341596193901908,0.36980245986687793
0.0341596193901908,0.36980245986687793
0.0341596193901908,0.36980245986687793
0.029847866134821925,0.3702096534110141
0.029847866134821925,0.3702096534110141
0.029847866134821925,0.3702096534110141
0.029847866134821925,0.3702096534110141
0.029847866134821925,0.3702096534110141
0.03281049486384791,0.3699807653666256
0.03281049486384791,0.3699807653666256
0.03281049486384791,0.3699807653666256
0.03281049486384791,0.3699807653666256
0.03281049486384791,0.3699807653666256
0.03281049486384791,0.3699807653666256
0.03281049486384791,0.3699807653666256
0.03281049486384791,0.3699807653666256
0.03565095128083487,0.36971645192700126
0.03565095128083487,0.36971645192700126
0.03565095128083487,0.36971645192700126
0.03565095128083487,0.36971645192700126
0.02876452109789201,0.37037508120436746
0.02876452109789201,0.37037508120436746
0.02876452109789201,0.37037508120436746
0.03148807186969389,0.3701700969916067
0.03148807186969389,0.3701700969916067
0.03148807186969389,0.3701700969916067
0.03148807186969389,0.3701700969916067
0.03148807186969389,0.3701700969916067
0.03148807186969389,0.3701700969916067
0.03148807186969389,0.3701700969916067
0.03388663926297882,0.3699669505660278
0.03388663926297882,0.3699669505660278
0.03388663926297882,0.3699669505660278
0.03388663926297882,0.3699669505660278
0.03388663926297882,0.3699669505660278
0.03388663926297882,0.3699669505660278
0.03388663926297882,0.3699669505660278
0.03388663926297882,0.3699669505660278
0.030169098827598356,0.37035261008067233
0.030169098827598356,0.37035261008067233
0.030169098827598356,0.37035261008067233
0.030169098827598356,0.37035261008067233
0.030169098827598356,0.37035261008067233
0.030169098827598356,0.37035261008067233
0.030169098827598356,0.37035261008067233
0.030169098827598356,0.37035261008067233
0.032875768984817165,0.37010418431701536
0.032875768984817165,0.37010418431701536
0.032875768984817165,0.37010418431701536
0.032875768984817165,0.37010418431701536
0.032875768984817165,0.37010418431701536
0.032875768984817165,0.37010418431701536
0.032875768984817165,0.37010418431701536
0.032875768984817165,0.37010418431701536
0.03523774365901462,0.3698797911821259
0.03523774365901462,0.3698797911821259
0.03523774365901462,0.3698797911821259
0.03523774365901462,0.3698797911821259
0.03523774365901462,0.3698797911821259
0.02859758038992062,0.3705203705445269
0.02859758038992062,0.3705203705445269
0.02859758038992062,0.3705203705445269
0.02859758038992062,0.3705203705445269
0.02859758038992062,0.3705203705445269
0.03126664022883349,0.3703407205702958
0.03126664022883349,0.3703407205702958
0.03126664022883349,0.3703407205702958
0.03126664022883349,0.3703407205702958
0.03126664022883349,0.3703407205702958
0.03126664022883349,0.3703407205702958
0.03126664022883349,0.3703407205702958
0.03126664022883349,0.3703407205702958
0.03126664022883349,0.3703407205702958
0.034000961765475554,0.3701599651869668
0.034000961765475554,0.3701599651869668
0.034000961765475554,0.3701599651869668
0.034000961765475554,0.3701599651869668
0.034000961765475554,0.3701599651869668
0.034000961765475554,0.3701599651869668
0.034000961765475554,0.3701599651869668
0.034000961765475554,0.3701599651869668
0.034000961765475554,0.3701599651869668
0.034000961765475554,0.3701599651869668
0.034000961765475554,0.3701599651869668
0.03041508776416401,0.370588267486464
0.03041508776416401,0.370588267486464
0.03041508776416401,0.370588267486464
0.03041508776416401,0.370588267486464
0.03041508776416401,0.370588267486464
0.03041508776416401,0.370588267486464
0.03041508776416401,0.370588267486464
0.03041508776416401,0.370588267486464
0.03041508776416401,0.370588267486464
0.03041508776416401,0.370588267486464
0.03041508776416401,0.370588267486464
0.033181346458585295,0.3703886412544167
0.033181346458585295,0.3703886412544167
0.033181346458585295,0.3703886412544167
0.033181346458585295,0.3703886412544167
0.033181346458585295,0.3703886412544167
0.033181346458585295,0.3703886412544167
0.033181346458585295,0.3703886412544167
0.03556973912675909,0.37016583344643395
0.03556973912675909,0.37016583344643395
0.03556973912675909,0.37016583344643395
0.029280384431391256,0.3707968016807797
0.029280384431391256,0.3707968016807797
0.029280384431391256,0.3707968016807797
0.029280384431391256,0.3707968016807797
0.03175762044930405,0.3705692752787485
0.03175762044930405,0.3705692752787485
0.03175762044930405,0.3705692752787485
0.03175762044930405,0.3705692752787485
0.03175762044930405,0.3705692752787485
0.03175762044930405,0.3705692752787485
0.03175762044930405,0.3705692752787485
0.03175762044930405,0.3705692752787485
0.03423911710460384,0.37037222660212016
0.03423911710460384,0.37037222660212016
0.03423911710460384,0.37037222660212016
0.03423911710460384,0.37037222660212016
0.03423911710460384,0.37037222660212016
0.03423911710460384,0.37037222660212016
0.03423911710460384,0.37037222660212016
0.03423911710460384,0.37037222660212016
0.03423911710460384,0.37037222660212016
0.03423911710460384,0.37037222660212016
0.030364448187393,0.3707807065671656
0.030364448187393,0.3707807065671656
0.030364448187393,0.3707807065671656
0.030364448187393,0.3707807065671656
0.030364448187393,0.3707807065671656
0.030364448187393,0.3707807065671656
0.030364448187393,0.3707807065671656
0.03250833487420453,0.37059482193545373
0.03250833487420453,0.37059482193545373
0.03250833487420453,0.37059482193545373
0.03250833487420453,0.37059482193545373
0.03250833487420453,0.37059482193545373
0.03250833487420453,0.37059482193545373
0.03250833487420453,0.37059482193545373
0.03250833487420453,0.37059482193545373
0.03508489065154459,0.37036278388316846
0.03508489065154459,0.37036278388316846
0.03508489065154459,0.37036278388316846
0.02924201592121197,0.37096021934680834
0.02924201592121197,0.37096021934680834
0.02924201592121197,0.37096021934680834
0.031763663677018016,0.3707321837664489
0.031763663677018016,0.3707321837664489
0.031763663677018016,0.3707321837664489
0.031763663677018016,0.3707321837664489
0.031763663677018016,0.3707321837664489
0.03425100759045989,0.37052130780698983
0.03425100759045989,0.37052130780698983
0.03425100759045989,0.37052130780698983
0.03425100759045989,0.37052130780698983
0.03425100759045989,0.37052130780698983
0.031053467706232227,0.37083491565926424
0.031053467706232227,0.37083491565926424
0.031053467706232227,0.37083491565926424
0.031053467706232227,0.37083491565926424
0.031053467706232227,0.37083491565926424
0.031053467706232227,0.37083491565926424
0.031053467706232227,0.37083491565926424
0.031053467706232227,0.37083491565926424
0.032969670115278744,0.37065092700964186
0.032969670115278744,0.37065092700964186
0.032969670115278744,0.37065092700964186
0.032969670115278744,0.37065092700964186
0.032969670115278744,0.37065092700964186
0.032969670115278744,0.37065092700964186
0.032969670115278744,0.37065092700964186
0.032969670115278744,0.37065092700964186
0.03490560855352753,0.37044807569533666
0.03490560855352753,0.37044807569533666
0.03490560855352753,0.37044807569533666
0.029597079686400102,0.3709801940857181
0.029597079686400102,0.3709801940857181
0.029597079686400102,0.3709801940857181
0.03173625323785755,0.37079127340528356
0.03173625323785755,0.37079127340528356
0.03173625323785755,0.37079127340528356
0.03173625323785755,0.37079127340528356
0.03173625323785755,0.37079127340528356
0.03173625323785755,0.37079127340528356
0.03173625323785755,0.37079127340528356
0.03173625323785755,0.37079127340528356
0.033869112583239123,0.370598466396211
0.033869112583239123,0.370598466396211
0.033869112583239123,0.370598466396211
0.033869112583239123,0.370598466396211
0.033869112583239123,0.370598466396211
0.033869112583239123,0.370598466396211
0.033869112583239123,0.370598466396211
0.033869112583239123,0.370598466396211
0.03128291388601709,0.370897727859483
0.03128291388601709,0.370897727859483
0.03128291388601709,0.370897727859483
0.03128291388601709,0.370897727859483
0.03128291388601709,0.370897727859483
0.03128291388601709,0.370897727859483
0.03128291388601709,0.370897727859483
0.03337363156042793,0.37071901099070675
0.03337363156042793,0.37071901099070675
0.03337363156042793,0.37071901099070675
0.03337363156042793,0.37071901099070675
0.03337363156042793,0.37071901099070675
0.03337363156042793,0.37071901099070675
0.03337363156042793,0.37071901099070675
0.03522232288938671,0.37049948315945797
0.03522232288938671,0.37049948315945797
0.03522232288938671,0.37049948315945797
0.03522232288938671,0.37049948315945797
0.03522232288938671,0.37049948315945797
0.03053089086841474,0.37096353128672493
0.03053089086841474,0.37096353128672493
0.03053089086841474,0.37096353128672493
0.03053089086841474,0.37096353128672493
0.03266749456267392,0.3706855985634979
0.03266749456267392,0.3706855985634979
0.03266749456267392,0.3706855985634979
0.03266749456267392,0.3706855985634979
0.03266749456267392,0.3706855985634979
0.03266749456267392,0.3706855985634979
0.03266749456267392,0.3706855985634979
0.03266749456267392,0.3706855985634979
0.03266749456267392,0.3706855985634979
0.034751958041365154,0.3704495093614484
0.034751958041365154,0.3704495093614484
0.034751958041365154,0.3704495093614484
0.034751958041365154,0.3704495093614484
0.034751958041365154,0.3704495093614484
0.034751958041365154,0.3704495093614484
0.034751958041365154,0.3704495093614484
0.034751958041365154,0.3704495093614484
0.03227406603697814,0.3707386462513757
0.03227406603697814,0.3707386462513757
0.03227406603697814,0.3707386462513757
0.03227406603697814,0.3707386462513757
0.03227406603697814,0.3707386462513757
0.03227406603697814,0.3707386462513757
0.03227406603697814,0.3707386462513757
0.03227406603697814,0.3707386462513757
0.034138061409365414,0.37062337190972355
0.034138061409365414,0.37062337190972355
0.034138061409365414,0.37062337190972355
0.034138061409365414,0.37062337190972355
0.034138061409365414,0.37062337190972355
0.034138061409365414,0.37062337190972355
0.03574413464507286,0.37049659828134235
0.03574413464507286,0.37049659828134235
0.03574413464507286,0.37049659828134235
0.03574413464507286,0.37049659828134235
0.03174212964779117,0.3708765905906483
0.03174212964779117,0.3708765905906483
0.03174212964779117,0.3708765905906483
0.03174212964779117,0.3708765905906483
0.03289586807514862,0.3708120892079386
0.03289586807514862,0.3708120892079386
0.03289586807514862,0.3708120892079386
0.03289586807514862,0.3708120892079386
0.03289586807514862,0.3708120892079386
0.03289586807514862,0.3708120892079386
0.03289586807514862,0.3708120892079386
0.03289586807514862,0.3708120892079386
0.0342969913837057,0.37073201859307436
0.0342969913837057,0.37073201859307436
0.0342969913837057,0.37073201859307436
0.0342969913837057,0.37073201859307436
0.0342969913837057,0.37073201859307436
0.0342969913837057,0.37073201859307436
0.0342969913837057,0.37073201859307436
0.0342969913837057,0.37073201859307436
0.03213313449149949,0.3709565039611192
0.03213313449149949,0.3709565039611192
0.03213313449149949,0.3709565039611192
0.03213313449149949,0.3709565039611192
0.03213313449149949,0.3709565039611192
0.03213313449149949,0.3709565039611192
0.03213313449149949,0.3709565039611192
0.03348123255179223,0.37082515273819117
0.03348123255179223,0.37082515273819117
0.03348123255179223,0.37082515273819117
0.03348123255179223,0.37082515273819117
0.03348123255179223,0.37082515273819117
0.03348123255179223,0.37082515273819117
0.03348123255179223,0.37082515273819117
0.035032159264952824,0.3707332672908961
0.035032159264952824,0.3707332672908961
0.035032159264952824,0.3707332672908961
0.035032159264952824,0.3707332672908961
0.035032159264952824,0.3707332672908961
0.031783627364896753,0.3710323682043631
0.031783627364896753,0.3710323682043631
0.031783627364896753,0.3710323682043631
0.031783627364896753,0.3710323682043631
0.031783627364896753,0.3710323682043631
0.03345149887021671,0.37097186826602047
0.03345149887021671,0.37097186826602047
0.03345149887021671,0.37097186826602047
0.03345149887021671,0.37097186826602047
0.03345149887021671,0.37097186826602047
0.03345149887021671,0.37097186826602047
0.03345149887021671,0.37097186826602047
0.03345149887021671,0.37097186826602047
0.03483204343718965,0.37086498045630556
0.03483204343718965,0.37086498045630556
0.03483204343718965,0.37086498045630556
0.03483204343718965,0.37086498045630556
0.03483204343718965,0.37086498045630556
0.03483204343718965,0.37086498045630556
0.03483204343718965,0.37086498045630556
0.03326911921968745,0.3710211394014077
0.03326911921968745,0.3710211394014077
0.03326911921968745,0.3710211394014077
0.03326911921968745,0.3710211394014077
0.03326911921968745,0.3710211394014077
0.03326911921968745,0.3710211394014077
0.03326911921968745,0.3710211394014077
0.03326911921968745,0.3710211394014077
0.03420499831541793,0.370950269481469
0.03420499831541793,0.370950269481469
0.03420499831541793,0.370950269481469
0.03420499831541793,0.370950269481469
0.03420499831541793,0.370950269481469
0.03420499831541793,0.370950269481469
0.03420499831541793,0.370950269481469
0.035155681956773197,0.37084978098707366
0.035155681956773197,0.37084978098707366
0.032713693972982336,0.37107391935252687
0.032713693972982336,0.37107391935252687
0.032713693972982336,0.37107391935252687
0.0335521796702012,0.37094096285714595
0.0335521796702012,0.37094096285714595
0.0335521796702012,0.37094096285714595
0.0335521796702012,0.37094096285714595
0.0335521796702012,0.37094096285714595
0.0335521796702012,0.37094096285714595
0.0335521796702012,0.37094096285714595
0.0335521796702012,0.37094096285714595
0.0335521796702012,0.37094096285714595
0.03467332478107874,0.37085116029261833
0.03467332478107874,0.37085116029261833
0.03467332478107874,0.37085116029261833
0.03467332478107874,0.37085116029261833
0.03467332478107874,0.37085116029261833
0.03467332478107874,0.37085116029261833
0.03467332478107874,0.37085116029261833
0.03467332478107874,0.37085116029261833
0.03467332478107874,0.37085116029261833
0.03467332478107874,0.37085116029261833
0.03392186121300801,0.37099608191607464
0.03392186121300801,0.37099608191607464
0.03392186121300801,0.37099608191607464
0.03392186121300801,0.37099608191607464
0.03392186121300801,0.37099608191607464
0.03392186121300801,0.37099608191607464
0.03518917631858522,0.370923024456404
0.03518917631858522,0.370923024456404
0.03518917631858522,0.370923024456404
0.03518917631858522,0.370923024456404
0.03518917631858522,0.370923024456404
0.03518917631858522,0.370923024456404
0.03518917631858522,0.370923024456404
0.03518917631858522,0.370923024456404
0.03518917631858522,0.370923024456404
0.03629406933109332,0.3709226445500004
0.03629406933109332,0.3709226445500004
0.03629406933109332,0.3709226445500004
0.03629406933109332,0.3709226445500004
0.034699386346430675,0.3710766594889466
0.034699386346430675,0.3710766594889466
0.034699386346430675,0.3710766594889466
0.03503615177471112,0.37107773967102425
0.03503615177471112,0.37107773967102425
0.03503615177471112,0.37107773967102425
0.03503615177471112,0.37107773967102425
0.03503615177471112,0.37107773967102425
0.03503615177471112,0.37107773967102425
0.03503615177471112,0.37107773967102425
0.03535556206941052,0.37110787062706907
0.03535556206941052,0.37110787062706907
0.03535556206941052,0.37110787062706907
0.03535556206941052,0.37110787062706907
0.03535556206941052,0.37110787062706907
0.03535556206941052,0.37110787062706907
0.03535556206941052,0.37110787062706907
0.03535556206941052,0.37110787062706907
0.03437229353806801,0.37126848991247446
0.03437229353806801,0.37126848991247446
0.03437229353806801,0.37126848991247446
0.03437229353806801,0.37126848991247446
0.03437229353806801,0.37126848991247446
0.03437229353806801,0.37126848991247446
0.03437229353806801,0.37126848991247446
0.03437229353806801,0.37126848991247446
0.03437229353806801,0.37126848991247446
0.03437229353806801,0.37126848991247446
0.034415344671872794,0.37125321444915077
0.034415344671872794,0.37125321444915077
0.034415344671872794,0.37125321444915077
0.034415344671872794,0.37125321444915077
0.034415344671872794,0.37125321444915077
0.034415344671872794,0.37125321444915077
0.034415344671872794,0.37125321444915077
0.034415344671872794,0.37125321444915077
0.034415344671872794,0.37125321444915077
0.034415344671872794,0.37125321444915077
0.034709242676815744,0.37127285778071045
0.034709242676815744,0.37127285778071045
0.034709242676815744,0.37127285778071045
0.034709242676815744,0.37127285778071045
0.034709242676815744,0.37127285778071045
0.034709242676815744,0.37127285778071045
0.03398980630709129,0.371365441508559
0.03398980630709129,0.371365441508559
0.03398980630709129,0.371365441508559
0.03398980630709129,0.371365441508559
0.03398980630709129,0.371365441508559
0.03398980630709129,0.371365441508559
0.03414109854771824,0.3713689658096704
0.03414109854771824,0.3713689658096704
0.03414109854771824,0.3713689658096704
0.03414109854771824,0.3713689658096704
0.03414109854771824,0.3713689658096704
0.03414109854771824,0.3713689658096704
0.03414109854771824,0.3713689658096704
0.03414109854771824,0.3713689658096704
0.03414109854771824,0.3713689658096704
0.03414109854771824,0.3713689658096704
0.03414109854771824,0.3713689658096704
0.03414109854771824,0.3713689658096704
0.034152342013051736,0.3713416540722617
0.034152342013051736,0.3713416540722617
0.034152342013051736,0.3713416540722617
0.034152342013051736,0.3713416540722617
0.034152342013051736,0.3713416540722617
0.034152342013051736,0.3713416540722617
0.034152342013051736,0.3713416540722617
0.034152342013051736,0.3713416540722617
0.034152342013051736,0.3713416540722617
0.034152342013051736,0.3713416540722617
0.034152342013051736,0.3713416540722617
0.034152342013051736,0.3713416540722617
0.03386407410129528,0.3713868517089769
0.03386407410129528,0.3713868517089769
0.03386407410129528,0.3713868517089769
0.03386407410129528,0.3713868517089769
0.03386407410129528,0.3713868517089769
0.03386407410129528,0.3713868517089769
0.03386407410129528,0.3713868517089769
0.03386407410129528,0.3713868517089769
0.03386407410129528,0.3713868517089769
0.03386407410129528,0.3713868517089769
0.03383385028454996,0.3713687986739164
0.03383385028454996,0.3713687986739164
0.03383385028454996,0.3713687986739164
0.03383385028454996,0.3713687986739164
0.03383385028454996,0.3713687986739164
0.03383385028454996,0.3713687986739164
0.03383385028454996,0.3713687986739164
0.03383385028454996,0.3713687986739164
0.03383385028454996,0.3713687986739164
0.03383385028454996,0.3713687986739164
0.03383385028454996,0.3713687986739164
0.03383385028454996,0.3713687986739164
0.033808566627253456,0.37136015245159665
0.033808566627253456,0.37136015245159665
0.033808566627253456,0.37136015245159665
0.033808566627253456,0.37136015245159665
0.033808566627253456,0.37136015245159665
0.033808566627253456,0.37136015245159665
0.03397902404219987,0.3714045231540454
0.03397902404219987,0.3714045231540454
0.03397902404219987,0.3714045231540454
0.03397902404219987,0.3714045231540454
0.03397902404219987,0.3714045231540454
0.03397902404219987,0.3714045231540454
0.033835942943425956,0.37141849242454406
0.033835942943425956,0.37141849242454406
0.033835942943425956,0.37141849242454406
0.033835942943425956,0.37141849242454406
0.033835942943425956,0.37141849242454406
0.03359100972469039,0.37139624438237506
0.03359100972469039,0.37139624438237506
0.03359100972469039,0.37139624438237506
0.03359100972469039,0.37139624438237506
0.03359100972469039,0.37139624438237506
0.03359100972469039,0.37139624438237506
0.03359100972469039,0.37139624438237506
0.03359100972469039,0.37139624438237506
0.03359100972469039,0.37139624438237506
0.03408101396297152,0.37147166586286484
0.03408101396297152,0.37147166586286484
0.03408101396297152,0.37147166586286484
0.03408101396297152,0.37147166586286484
0.03408101396297152,0.37147166586286484
0.03408101396297152,0.37147166586286484
0.03408101396297152,0.37147166586286484
0.03408101396297152,0.37147166586286484
0.03408101396297152,0.37147166586286484
0.03408101396297152,0.37147166586286484
0.03387536026153657,0.3715404642411221
0.03387536026153657,0.3715404642411221
0.03387536026153657,0.3715404642411221
0.03387536026153657,0.3715404642411221
0.03387536026153657,0.3715404642411221
0.03387536026153657,0.3715404642411221
0.03368190090891431,0.3715460628380254
0.03368190090891431,0.3715460628380254
0.03368190090891431,0.3715460628380254
0.03368190090891431,0.3715460628380254
0.03474199798486214,0.3715513570280587
0.03474199798486214,0.3715513570280587
0.03474199798486214,0.3715513570280587
0.03434509934374851,0.3715908870245894
0.03434509934374851,0.3715908870245894
0.03434509934374851,0.3715908870245894
0.03434509934374851,0.3715908870245894
0.03434509934374851,0.3715908870245894
0.03434509934374851,0.3715908870245894
0.03406072634002028,0.3716611295197658
0.03406072634002028,0.3716611295197658
0.03406072634002028,0.3716611295197658
0.03406072634002028,0.3716611295197658
0.03406072634002028,0.3716611295197658
0.03406072634002028,0.3716611295197658
0.03406072634002028,0.3716611295197658
0.03505408359692203,0.37166905705102904
0.03505408359692203,0.37166905705102904
0.03505408359692203,0.37166905705102904
0.03505408359692203,0.37166905705102904
0.03505408359692203,0.37166905705102904
0.03505408359692203,0.37166905705102904
0.034660900508057535,0.3716327035321273
0.034660900508057535,0.3716327035321273
0.034660900508057535,0.3716327035321273
0.034660900508057535,0.3716327035321273
0.034660900508057535,0.3716327035321273
0.034660900508057535,0.3716327035321273
0.034255634744725504,0.3716553565743449
0.034255634744725504,0.3716553565743449
0.034255634744725504,0.3716553565743449
0.036190736817571977,0.37164495806228465
0.036190736817571977,0.37164495806228465
0.036190736817571977,0.37164495806228465
0.036190736817571977,0.37164495806228465
0.03560759196052585,0.3716566584450198
0.03560759196052585,0.3716566584450198
0.03560759196052585,0.3716566584450198
0.03560759196052585,0.3716566584450198
0.03560759196052585,0.3716566584450198
0.03560759196052585,0.3716566584450198
0.035152829279268966,0.37168159678237134
0.035152829279268966,0.37168159678237134
0.035152829279268966,0.37168159678237134
0.035152829279268966,0.37168159678237134
0.035152829279268966,0.37168159678237134
0.035152829279268966,0.37168159678237134
0.035152829279268966,0.37168159678237134
0.035152829279268966,0.37168159678237134
0.035152829279268966,0.37168159678237134
0.036547126559654794,0.3717153616395106
0.036547126559654794,0.3717153616395106
0.036547126559654794,0.3717153616395106
0.036547126559654794,0.3717153616395106
0.036547126559654794,0.3717153616395106
0.036547126559654794,0.3717153616395106
0.036547126559654794,0.3717153616395106
0.03595151375007145,0.37174296199204926
0.03595151375007145,0.37174296199204926
0.03595151375007145,0.37174296199204926
0.03595151375007145,0.37174296199204926
0.03595151375007145,0.37174296199204926
0.03595151375007145,0.37174296199204926
0.03595151375007145,0.37174296199204926
0.03595151375007145,0.37174296199204926
0.03595151375007145,0.37174296199204926
0.03595151375007145,0.37174296199204926
0.034909750339888836,0.3717790421545169
0.034909750339888836,0.3717790421545169
0.034909750339888836,0.3717790421545169
0.034909750339888836,0.3717790421545169
0.03769059325554595,0.3717800343387603
0.03769059325554595,0.3717800343387603
0.03769059325554595,0.3717800343387603
0.036769105887587236,0.3718138125414766
0.036769105887587236,0.3718138125414766
0.036769105887587236,0.3718138125414766
0.036769105887587236,0.3718138125414766
0.036769105887587236,0.3718138125414766
0.036769105887587236,0.3718138125414766
0.036769105887587236,0.3718138125414766
0.03580297074828537,0.37184816877176013
0.03580297074828537,0.37184816877176013
0.03580297074828537,0.37184816877176013
0.03580297074828537,0.37184816877176013
0.03580297074828537,0.37184816877176013
0.03580297074828537,0.37184816877176013
0.03580297074828537,0.37184816877176013
0.03580297074828537,0.37184816877176013
0.03790622907537397,0.3718918655467655
0.03790622907537397,0.3718918655467655
0.03790622907537397,0.3718918655467655
0.03790622907537397,0.3718918655467655
0.036622671441562726,0.3718991143832294
0.036622671441562726,0.3718991143832294
0.036622671441562726,0.3718991143832294
0.036622671441562726,0.3718991143832294
0.036622671441562726,0.3718991143832294
0.036622671441562726,0.3718991143832294
0.036622671441562726,0.3718991143832294
0.036622671441562726,0.3718991143832294
0.03549879354082524,0.37191090473329247
0.03549879354082524,0.37191090473329247
0.03549879354082524,0.37191090473329247
0.03549879354082524,0.37191090473329247
0.03908139398287503,0.3719534975372401
0.03908139398287503,0.3719534975372401
0.03908139398287503,0.3719534975372401
0.03908139398287503,0.3719534975372401
0.0378253855294164,0.371977531844017
0.0378253855294164,0.371977531844017
0.0378253855294164,0.371977531844017
0.0378253855294164,0.371977531844017
0.0378253855294164,0.371977531844017
0.0378253855294164,0.371977531844017
0.0378253855294164,0.371977531844017
0.0378253855294164,0.371977531844017
0.0378253855294164,0.371977531844017
0.0378253855294164,0.371977531844017
0.03642910337339729,0.3719934022822979
0.03642910337339729,0.3719934022822979
0.03642910337339729,0.3719934022822979
0.03642910337339729,0.3719934022822979
0.03642910337339729,0.3719934022822979
0.03642910337339729,0.3719934022822979
0.03642910337339729,0.3719934022822979
0.03642910337339729,0.3719934022822979
0.03642910337339729,0.3719934022822979
0.03901442624765572,0.37210587696938074
0.03901442624765572,0.37210587696938074
0.03901442624765572,0.37210587696938074
0.03901442624765572,0.37210587696938074
0.03901442624765572,0.37210587696938074
0.03901442624765572,0.37210587696938074
0.03901442624765572,0.37210587696938074
0.03901442624765572,0.37210587696938074
0.03901442624765572,0.37210587696938074
0.03901442624765572,0.37210587696938074
0.037447439892867494,0.37209764707693954
0.037447439892867494,0.37209764707693954
0.037447439892867494,0.37209764707693954
0.037447439892867494,0.37209764707693954
0.037447439892867494,0.37209764707693954
0.037447439892867494,0.37209764707693954
0.037447439892867494,0.37209764707693954
0.037447439892867494,0.37209764707693954
0.037447439892867494,0.37209764707693954
0.037447439892867494,0.37209764707693954
0.037447439892867494,0.37209764707693954
0.037447439892867494,0.37209764707693954
0.03577688825663767,0.3720669792515966
0.03577688825663767,0.3720669792515966
0.03577688825663767,0.3720669792515966
0.03577688825663767,0.3720669792515966
0.03577688825663767,0.3720669792515966
0.04010290535776665,0.3721874714407146
0.04010290535776665,0.3721874714407146
0.04010290535776665,0.3721874714407146
0.04010290535776665,0.3721874714407146
0.04010290535776665,0.3721874714407146
0.04010290535776665,0.3721874714407146
0.04010290535776665,0.3721874714407146
0.03839841947366644,0.3721672740206499
0.03839841947366644,0.3721672740206499
0.03839841947366644,0.3721672740206499
0.03839841947366644,0.3721672740206499
0.03839841947366644,0.3721672740206499
0.03839841947366644,0.3721672740206499
0.03839841947366644,0.3721672740206499
0.03839841947366644,0.3721672740206499
0.03839841947366644,0.3721672740206499
0.03839841947366644,0.3721672740206499
0.03839841947366644,0.3721672740206499
0.03839841947366644,0.3721672740206499
0.03662909567233722,0.37212938124078654
0.03662909567233722,0.37212938124078654
0.03662909567233722,0.37212938124078654
0.03662909567233722,0.37212938124078654
0.03662909567233722,0.37212938124078654
0.03662909567233722,0.37212938124078654
0.03662909567233722,0.37212938124078654
0.03662909567233722,0.37212938124078654
0.03662909567233722,0.37212938124078654
0.03662909567233722,0.37212938124078654
0.03662909567233722,0.37212938124078654
0.03662909567233722,0.37212938124078654
0.03662909567233722,0.37212938124078654
0.03927031473406223,0.37225086136832314
0.03927031473406223,0.37225086136832314
0.03927031473406223,0.37225086136832314
0.03927031473406223,0.37225086136832314
0.03927031473406223,0.37225086136832314
0.03927031473406223,0.37225086136832314
0.03927031473406223,0.37225086136832314
0.03927031473406223,0.37225086136832314
0.03927031473406223,0.37225086136832314
0.03927031473406223,0.37225086136832314
0.03927031473406223,0.37225086136832314
0.03927031473406223,0.37225086136832314
0.03927031473406223,0.37225086136832314
0.037348526967585824,0.37223026695612765
0.037348526967585824,0.37223026695612765
0.037348526967585824,0.37223026695612765
0.037348526967585824,0.37223026695612765
0.037348526967585824,0.37223026695612765
0.037348526967585824,0.37223026695612765
0.037348526967585824,0.37223026695612765
0.037348526967585824,0.37223026695612765
0.037348526967585824,0.37223026695612765
0.037348526967585824,0.37223026695612765
0.037348526967585824,0.37223026695612765
0.037348526967585824,0.37223026695612765
0.037348526967585824,0.37223026695612765
0.037348526967585824,0.37223026695612765
0.03525851945072092,0.37219967336737075
0.03525851945072092,0.37219967336737075
0.03525851945072092,0.37219967336737075
0.03525851945072092,0.37219967336737075
0.03525851945072092,0.37219967336737075
0.03525851945072092,0.37219967336737075
0.03525851945072092,0.37219967336737075
0.03525851945072092,0.37219967336737075
0.03525851945072092,0.37219967336737075
0.040259186326526274,0.37235146227700316
0.040259186326526274,0.37235146227700316
0.040259186326526274,0.37235146227700316
0.040259186326526274,0.37235146227700316
0.040259186326526274,0.37235146227700316
0.040259186326526274,0.37235146227700316
0.040259186326526274,0.37235146227700316
0.040259186326526274,0.37235146227700316
0.040259186326526274,0.37235146227700316
0.0380995102422889,0.37233822272988965
0.0380995102422889,0.37233822272988965
0.0380995102422889,0.37233822272988965
0.0380995102422889,0.37233822272988965
0.0380995102422889,0.37233822272988965
0.0380995102422889,0.37233822272988965
0.0380995102422889,0.37233822272988965
0.0380995102422889,0.37233822272988965
0.0380995102422889,0.37233822272988965
0.0380995102422889,0.37233822272988965
0.0380995102422889,0.37233822272988965
0.0380995102422889,0.37233822272988965
0.0380995102422889,0.37233822272988965
0.0380995102422889,0.37233822272988965
0.0380995102422889,0.37233822272988965
0.0380995102422889,0.37233822272988965
0.0380995102422889,0.37233822272988965
0.0380995102422889,0.37233822272988965
0.03587195750789228,0.3723109633736621
0.03587195750789228,0.3723109633736621
0.03587195750789228,0.3723109633736621
0.03587195750789228,0.3723109633736621
0.03587195750789228,0.3723109633736621
0.03587195750789228,0.3723109633736621
0.03587195750789228,0.3723109633736621
0.03587195750789228,0.3723109633736621
0.03587195750789228,0.3723109633736621
0.03587195750789228,0.3723109633736621
0.03587195750789228,0.3723109633736621
0.03587195750789228,0.3723109633736621
0.03587195750789228,0.3723109633736621
0.03587195750789228,0.3723109633736621
0.03587195750789228,0.3723109633736621
0.03587195750789228,0.3723109633736621
0.03587195750789228,0.3723109633736621
0.03882557233753484,0.3724225156808589
0.03882557233753484,0.3724225156808589
0.03882557233753484,0.3724225156808589
0.03882557233753484,0.3724225156808589
0.03882557233753484,0.3724225156808589
0.03882557233753484,0.3724225156808589
0.03882557233753484,0.3724225156808589
0.03882557233753484,0.3724225156808589
0.03882557233753484,0.3724225156808589
0.03882557233753484,0.3724225156808589
0.03882557233753484,0.3724225156808589
0.03882557233753484,0.3724225156808589
0.03882557233753484,0.3724225156808589
0.03882557233753484,0.3724225156808589
0.03882557233753484,0.3724225156808589
0.03882557233753484,0.3724225156808589
0.03655150377487068,0.3723884446110543
0.03655150377487068,0.3723884446110543
0.03655150377487068,0.3723884446110543
0.03655150377487068,0.3723884446110543
0.03655150377487068,0.3723884446110543
0.03655150377487068,0.3723884446110543
0.03655150377487068,0.3723884446110543
0.03655150377487068,0.3723884446110543
0.03655150377487068,0.3723884446110543
0.03655150377487068,0.3723884446110543
0.03655150377487068,0.3723884446110543
0.03655150377487068,0.3723884446110543
0.03655150377487068,0.3723884446110543
0.03655150377487068,0.3723884446110543
0.03655150377487068,0.3723884446110543
0.03415530757097483,0.37233912420047144
0.03415530757097483,0.37233912420047144
0.03415530757097483,0.37233912420047144
0.03415530757097483,0.37233912420047144
0.03415530757097483,0.37233912420047144
0.03415530757097483,0.37233912420047144
0.03415530757097483,0.37233912420047144
0.03415530757097483,0.37233912420047144
0.03415530757097483,0.37233912420047144
0.039750745411025565,0.3724943176137152
0.039750745411025565,0.3724943176137152
0.039750745411025565,0.3724943176137152
0.039750745411025565,0.3724943176137152
0.039750745411025565,0.3724943176137152
0.039750745411025565,0.3724943176137152
0.039750745411025565,0.3724943176137152
0.039750745411025565,0.3724943176137152
0.03732575885178863,0.372453906590261
0.03732575885178863,0.372453906590261
0.03732575885178863,0.372453906590261
0.03732575885178863,0.372453906590261
0.03732575885178863,0.372453906590261
0.03732575885178863,0.372453906590261
0.03732575885178863,0.372453906590261
0.03732575885178863,0.372453906590261
0.03732575885178863,0.372453906590261
0.03732575885178863,0.372453906590261
0.03732575885178863,0.372453906590261
0.03732575885178863,0.372453906590261
0.03732575885178863,0.372453906590261
0.03732575885178863,0.372453906590261
0.03481899730028127,0.37241052103142863
0.03481899730028127,0.37241052103142863
0.03481899730028127,0.37241052103142863
0.03481899730028127,0.37241052103142863
0.03481899730028127,0.37241052103142863
0.03481899730028127,0.37241052103142863
0.03481899730028127,0.37241052103142863
0.03481899730028127,0.37241052103142863
0.03481899730028127,0.37241052103142863
0.03481899730028127,0.37241052103142863
0.038107330379401644,0.3725340469046348
0.038107330379401644,0.3725340469046348
0.038107330379401644,0.3725340469046348
0.038107330379401644,0.3725340469046348
0.038107330379401644,0.3725340469046348
0.038107330379401644,0.3725340469046348
0.038107330379401644,0.3725340469046348
0.03568351553890898,0.3725149270374687
0.03568351553890898,0.3725149270374687
0.03568351553890898,0.3725149270374687
0.03568351553890898,0.3725149270374687
0.03568351553890898,0.3725149270374687
0.03568351553890898,0.3725149270374687
0.03328618909874826,0.37244476841576135
0.03328618909874826,0.37244476841576135
0.03328618909874826,0.37244476841576135
0.039385346339253426,0.37263025064555816
0.039385346339253426,0.37263025064555816
0.039385346339253426,0.37263025064555816
0.039385346339253426,0.37263025064555816
0.03675017248124261,0.3726125780970714
0.03675017248124261,0.3726125780970714
0.03675017248124261,0.3726125780970714
0.03675017248124261,0.3726125780970714
0.03675017248124261,0.3726125780970714
0.03675017248124261,0.3726125780970714
0.03433353782454919,0.3725588910928614
0.03433353782454919,0.3725588910928614
0.03433353782454919,0.3725588910928614
0.03433353782454919,0.3725588910928614
0.03433353782454919,0.3725588910928614
0.03433353782454919,0.3725588910928614
0.03433353782454919,0.3725588910928614
0.03433353782454919,0.3725588910928614
0.03830979915214448,0.3727107901204432
0.03830979915214448,0.3727107901204432
0.03830979915214448,0.3727107901204432
0.03830979915214448,0.3727107901204432
0.03830979915214448,0.3727107901204432
0.03830979915214448,0.3727107901204432
0.03830979915214448,0.3727107901204432
0.03830979915214448,0.3727107901204432
0.03830979915214448,0.3727107901204432
0.03604391695343019,0.37263422090312753
0.03604391695343019,0.37263422090312753
0.03604391695343019,0.37263422090312753
0.03604391695343019,0.37263422090312753
0.03604391695343019,0.37263422090312753
0.03604391695343019,0.37263422090312753
0.03604391695343019,0.37263422090312753
0.03381994104865667,0.3725312859941049
0.03381994104865667,0.3725312859941049
0.03381994104865667,0.3725312859941049
0.04032333213847856,0.3727821503064021
0.04032333213847856,0.3727821503064021
0.03789776428818364,0.37264856385037526
0.03789776428818364,0.37264856385037526
0.03789776428818364,0.37264856385037526
0.03789776428818364,0.37264856385037526
0.03789776428818364,0.37264856385037526
0.03789776428818364,0.37264856385037526
0.035044214958756904,0.37252050448044266
0.035044214958756904,0.37252050448044266
0.035044214958756904,0.37252050448044266
0.035044214958756904,0.37252050448044266
0.035044214958756904,0.37252050448044266
0.035044214958756904,0.37252050448044266
0.035044214958756904,0.37252050448044266
0.035044214958756904,0.37252050448044266
0.039253845046368516,0.3726937643422491
0.039253845046368516,0.3726937643422491
0.039253845046368516,0.3726937643422491
0.039253845046368516,0.3726937643422491
0.039253845046368516,0.3726937643422491
0.039253845046368516,0.3726937643422491
0.039253845046368516,0.3726937643422491
0.039253845046368516,0.3726937643422491
0.039253845046368516,0.3726937643422491
0.039253845046368516,0.3726937643422491
0.03667397738201085,0.3726207321620381
0.03667397738201085,0.3726207321620381
0.03667397738201085,0.3726207321620381
0.03667397738201085,0.3726207321620381
0.03667397738201085,0.3726207321620381
0.03667397738201085,0.3726207321620381
0.03667397738201085,0.3726207321620381
0.03667397738201085,0.3726207321620381
0.03667397738201085,0.3726207321620381
0.03667397738201085,0.3726207321620381
0.03667397738201085,0.3726207321620381
0.03667397738201085,0.3726207321620381
0.03667397738201085,0.3726207321620381
0.03433740982863162,0.3725453643660054
0.03433740982863162,0.3725453643660054
0.03433740982863162,0.3725453643660054
0.03433740982863162,0.3725453643660054
0.03433740982863162,0.3725453643660054
0.03433740982863162,0.3725453643660054
0.04114236305502064,0.3728131564311633
0.04114236305502064,0.3728131564311633
0.04114236305502064,0.3728131564311633
0.04114236305502064,0.3728131564311633
0.04114236305502064,0.3728131564311633
0.04114236305502064,0.3728131564311633
0.04114236305502064,0.3728131564311633
0.03860664078341185,0.37276877219209453
0.03860664078341185,0.37276877219209453
0.03860664078341185,0.37276877219209453
0.03860664078341185,0.37276877219209453
0.03860664078341185,0.37276877219209453
0.03860664078341185,0.37276877219209453
0.03860664078341185,0.37276877219209453
0.03860664078341185,0.37276877219209453
0.03860664078341185,0.37276877219209453
0.03860664078341185,0.37276877219209453
0.03860664078341185,0.37276877219209453
0.03860664078341185,0.37276877219209453
0.03614295062006987,0.37270725565388985
0.03614295062006987,0.37270725565388985
0.03614295062006987,0.37270725565388985
0.03614295062006987,0.37270725565388985
0.03614295062006987,0.37270725565388985
0.03614295062006987,0.37270725565388985
0.03614295062006987,0.37270725565388985
0.03614295062006987,0.37270725565388985
0.03614295062006987,0.37270725565388985
0.03614295062006987,0.37270725565388985
0.03614295062006987,0.37270725565388985
0.04047083577692959,0.3728890438589665
0.04047083577692959,0.3728890438589665
0.04047083577692959,0.3728890438589665
0.04047083577692959,0.3728890438589665
0.04047083577692959,0.3728890438589665
0.04047083577692959,0.3728890438589665
0.04047083577692959,0.3728890438589665
0.03800519687053508,0.3728151625350415
0.03800519687053508,0.3728151625350415
0.03800519687053508,0.3728151625350415
0.03800519687053508,0.3728151625350415
0.03800519687053508,0.3728151625350415
0.03800519687053508,0.3728151625350415
0.03543090729051554,0.3726680487892403
0.03543090729051554,0.3726680487892403
0.03543090729051554,0.3726680487892403
0.04242906079685791,0.3729462486927436
0.04242906079685791,0.3729462486927436
0.04242906079685791,0.3729462486927436
0.04242906079685791,0.3729462486927436
0.0397756471689826,0.37284727513765437
0.0397756471689826,0.37284727513765437
0.0397756471689826,0.37284727513765437
0.0397756471689826,0.37284727513765437
0.0397756471689826,0.37284727513765437
0.0397756471689826,0.37284727513765437
0.03697738503148476,0.3727570080924449
0.03697738503148476,0.3727570080924449
0.03697738503148476,0.3727570080924449
0.03697738503148476,0.3727570080924449
0.03697738503148476,0.3727570080924449
0.03697738503148476,0.3727570080924449
0.03697738503148476,0.3727570080924449
0.041339259990258476,0.3729441670658672
0.041339259990258476,0.3729441670658672
0.041339259990258476,0.3729441670658672
0.041339259990258476,0.3729441670658672
0.03863425840880218,0.37284810897140197
0.03863425840880218,0.37284810897140197
0.03863425840880218,0.37284810897140197
0.03863425840880218,0.37284810897140197
0.03863425840880218,0.37284810897140197
0.036097692122738875,0.37269728413368325
0.036097692122738875,0.37269728413368325
0.036097692122738875,0.37269728413368325
0.036097692122738875,0.37269728413368325
0.04317788100496423,0.372989084799491
0.04317788100496423,0.372989084799491
0.04043165195859639,0.3728894832766546
0.04043165195859639,0.3728894832766546
0.04043165195859639,0.3728894832766546
0.04043165195859639,0.3728894832766546
0.04043165195859639,0.3728894832766546
0.04043165195859639,0.3728894832766546
0.037914152156165795,0.37278924637872723
0.037914152156165795,0.37278924637872723
0.037914152156165795,0.37278924637872723
0.037914152156165795,0.37278924637872723
0.037914152156165795,0.37278924637872723
0.037914152156165795,0.37278924637872723
0.037914152156165795,0.37278924637872723
0.037914152156165795,0.37278924637872723
0.042235959547172394,0.37298602978580847
0.042235959547172394,0.37298602978580847
0.042235959547172394,0.37298602978580847
0.042235959547172394,0.37298602978580847
0.042235959547172394,0.37298602978580847
0.042235959547172394,0.37298602978580847
0.042235959547172394,0.37298602978580847
0.03951511772120027,0.3728745287636323
0.03951511772120027,0.3728745287636323
0.03951511772120027,0.3728745287636323
0.03951511772120027,0.3728745287636323
0.036506706379824325,0.3727426298631226
0.036506706379824325,0.3727426298631226
0.04355826683491275,0.3730246296447693
0.04355826683491275,0.3730246296447693
0.04355826683491275,0.3730246296447693
0.040475790208132946,0.3729236533417289
0.040475790208132946,0.3729236533417289
0.040475790208132946,0.3729236533417289
0.040475790208132946,0.3729236533417289
0.040475790208132946,0.3729236533417289
0.040475790208132946,0.3729236533417289
0.040475790208132946,0.3729236533417289
0.037801238173906404,0.3728517153843074
0.037801238173906404,0.3728517153843074
0.037801238173906404,0.3728517153843074
0.037801238173906404,0.3728517153843074
0.037801238173906404,0.3728517153843074
0.037801238173906404,0.3728517153843074
0.037801238173906404,0.3728517153843074
0.037801238173906404,0.3728517153843074
0.04199864253812974,0.3730232924857846
0.04199864253812974,0.3730232924857846
0.04199864253812974,0.3730232924857846
0.04199864253812974,0.3730232924857846
0.04199864253812974,0.3730232924857846
0.04199864253812974,0.3730232924857846
0.04199864253812974,0.3730232924857846
0.03922874133159225,0.3729466166891864
0.03922874133159225,0.3729466166891864
0.03922874133159225,0.3729466166891864
0.03922874133159225,0.3729466166891864
0.03922874133159225,0.3729466166891864
0.03922874133159225,0.3729466166891864
0.0365401987388938,0.37287501288744923
0.0365401987388938,0.37287501288744923
0.04345353429860763,0.37312501582289176
0.04345353429860763,0.37312501582289176
0.04345353429860763,0.37312501582289176
0.040754666091212054,0.37306693996355966
0.040754666091212054,0.37306693996355966
0.040754666091212054,0.37306693996355966
0.040754666091212054,0.37306693996355966
0.040754666091212054,0.37306693996355966
0.040754666091212054,0.37306693996355966
0.040754666091212054,0.37306693996355966
0.03816420908277557,0.3729918720283663
0.03816420908277557,0.3729918720283663
0.03816420908277557,0.3729918720283663
0.03816420908277557,0.3729918720283663
0.03816420908277557,0.3729918720283663
0.03816420908277557,0.3729918720283663
0.04218999473669899,0.37312700873999616
0.04218999473669899,0.37312700873999616
0.04218999473669899,0.37312700873999616
0.04218999473669899,0.37312700873999616
0.04218999473669899,0.37312700873999616
0.04218999473669899,0.37312700873999616
0.039666676648155264,0.37307171368229625
0.039666676648155264,0.37307171368229625
0.039666676648155264,0.37307171368229625
0.039666676648155264,0.37307171368229625
0.039666676648155264,0.37307171368229625
0.039666676648155264,0.37307171368229625
0.039666676648155264,0.37307171368229625
0.03696172341397088,0.3730152063797993
0.03696172341397088,0.3730152063797993
0.03696172341397088,0.3730152063797993
0.03696172341397088,0.3730152063797993
0.04362940987581908,0.37322512896615745
0.04362940987581908,0.37322512896615745
0.04362940987581908,0.37322512896615745
0.040888854408820466,0.37320044195337687
0.040888854408820466,0.37320044195337687
0.040888854408820466,0.37320044195337687
0.040888854408820466,0.37320044195337687
0.040888854408820466,0.37320044195337687
0.040888854408820466,0.37320044195337687
0.040888854408820466,0.37320044195337687
0.03828684459115909,0.37314396904605057
0.03828684459115909,0.37314396904605057
0.03828684459115909,0.37314396904605057
0.03828684459115909,0.37314396904605057
0.03828684459115909,0.37314396904605057
0.042196646939816326,0.37327244021055783
0.042196646939816326,0.37327244021055783
0.042196646939816326,0.37327244021055783
0.042196646939816326,0.37327244021055783
0.042196646939816326,0.37327244021055783
0.042196646939816326,0.37327244021055783
0.03987954925380128,0.37323664995012046
0.03987954925380128,0.37323664995012046
0.03987954925380128,0.37323664995012046
0.03987954925380128,0.37323664995012046
0.03987954925380128,0.37323664995012046
0.03987954925380128,0.37323664995012046
0.03987954925380128,0.37323664995012046
0.03767149873305238,0.3731872806082612
0.03767149873305238,0.3731872806082612
0.03767149873305238,0.3731872806082612
0.03767149873305238,0.3731872806082612
0.04399013135740799,0.3733575322793616
0.04399013135740799,0.3733575322793616
0.04399013135740799,0.3733575322793616
0.04149130126719269,0.3733381295165259
0.04149130126719269,0.3733381295165259
0.04149130126719269,0.3733381295165259
0.04149130126719269,0.3733381295165259
0.04149130126719269,0.3733381295165259
0.04149130126719269,0.3733381295165259
0.03901966163052206,0.37332491599798207
0.03901966163052206,0.37332491599798207
0.03901966163052206,0.37332491599798207
0.03901966163052206,0.37332491599798207
0.03901966163052206,0.37332491599798207
0.03901966163052206,0.37332491599798207
0.03901966163052206,0.37332491599798207
0.042614939351569146,0.3734310437577908
0.042614939351569146,0.3734310437577908
0.042614939351569146,0.3734310437577908
0.042614939351569146,0.3734310437577908
0.042614939351569146,0.3734310437577908
0.042614939351569146,0.3734310437577908
0.04037947470146054,0.3734134256894294
0.04037947470146054,0.3734134256894294
0.04037947470146054,0.3734134256894294
0.04037947470146054,0.3734134256894294
0.03794416534692506,0.37336714837504764
0.03794416534692506,0.37336714837504764
0.043816124908751204,0.373494445225359
0.043816124908751204,0.373494445225359
0.043816124908751204,0.373494445225359
0.043816124908751204,0.373494445225359
0.04158827309345364,0.37344770622928103
0.04158827309345364,0.37344770622928103
0.04158827309345364,0.37344770622928103
0.04158827309345364,0.37344770622928103
0.04158827309345364,0.37344770622928103
0.04158827309345364,0.37344770622928103
0.03932419004261745,0.37343866848666557
0.03932419004261745,0.37343866848666557
0.03932419004261745,0.37343866848666557
0.03932419004261745,0.37343866848666557
0.03932419004261745,0.37343866848666557
0.03932419004261745,0.37343866848666557
0.04251795277956792,0.3735312965003105
0.04251795277956792,0.3735312965003105
0.04251795277956792,0.3735312965003105
0.04251795277956792,0.3735312965003105
0.04251795277956792,0.3735312965003105
0.04251795277956792,0.3735312965003105
0.04062280318075906,0.37354709262307584
0.04062280318075906,0.37354709262307584
0.04062280318075906,0.37354709262307584
0.04062280318075906,0.37354709262307584
0.04062280318075906,0.37354709262307584
0.04062280318075906,0.37354709262307584
0.03835882110912439,0.3735312447248844
0.03835882110912439,0.3735312447248844
0.03835882110912439,0.3735312447248844
0.04369314853312024,0.37362387381449946
0.04369314853312024,0.37362387381449946
0.04369314853312024,0.37362387381449946
0.04369314853312024,0.37362387381449946
0.04166484779460566,0.37363701478893313
0.04166484779460566,0.37363701478893313
0.04166484779460566,0.37363701478893313
0.04166484779460566,0.37363701478893313
0.04166484779460566,0.37363701478893313
0.04166484779460566,0.37363701478893313
0.04166484779460566,0.37363701478893313
0.039677314444221144,0.37365598574792175
0.039677314444221144,0.37365598574792175
0.039677314444221144,0.37365598574792175
0.039677314444221144,0.37365598574792175
0.039677314444221144,0.37365598574792175
0.039677314444221144,0.37365598574792175
0.039677314444221144,0.37365598574792175
0.039677314444221144,0.37365598574792175
0.04307824835736464,0.3737717016196781
0.04307824835736464,0.3737717016196781
0.04307824835736464,0.3737717016196781
0.04307824835736464,0.3737717016196781
0.04307824835736464,0.3737717016196781
0.04307824835736464,0.3737717016196781
0.04307824835736464,0.3737717016196781
0.04307824835736464,0.3737717016196781
0.04158003264548173,0.37383518208504407
0.04158003264548173,0.37383518208504407
0.04158003264548173,0.37383518208504407
0.04158003264548173,0.37383518208504407
0.04158003264548173,0.37383518208504407
0.04158003264548173,0.37383518208504407
0.04158003264548173,0.37383518208504407
0.04003786695813592,0.37386842056603375
0.04003786695813592,0.37386842056603375
0.04003786695813592,0.37386842056603375
0.04003786695813592,0.37386842056603375
0.04475187307931083,0.3739233877636166
0.04475187307931083,0.3739233877636166
0.04475187307931083,0.3739233877636166
0.04337123001361734,0.3739479242970466
0.04337123001361734,0.3739479242970466
0.04337123001361734,0.3739479242970466
0.04337123001361734,0.3739479242970466
0.04337123001361734,0.3739479242970466
0.04337123001361734,0.3739479242970466
0.04179473848949461,0.37395212478718765
0.04179473848949461,0.37395212478718765
0.04179473848949461,0.37395212478718765
0.04179473848949461,0.37395212478718765
0.04179473848949461,0.37395212478718765
0.04447231212175694,0.3740026492158604
0.04447231212175694,0.3740026492158604
0.04447231212175694,0.3740026492158604
0.04447231212175694,0.3740026492158604
0.04447231212175694,0.3740026492158604
0.0428143353361875,0.37402059803042964
0.0428143353361875,0.37402059803042964
0.0428143353361875,0.37402059803042964
0.0428143353361875,0.37402059803042964
0.0428143353361875,0.37402059803042964
0.0428143353361875,0.37402059803042964
0.0428143353361875,0.37402059803042964
0.04096085291755305,0.37406501928977515
0.04096085291755305,0.37406501928977515
0.04096085291755305,0.37406501928977515
0.044980788648654235,0.3740885689641035
0.044980788648654235,0.3740885689641035
0.044980788648654235,0.3740885689641035
0.043431128497178166,0.374099867635817
0.043431128497178166,0.374099867635817
0.043431128497178166,0.374099867635817
0.043431128497178166,0.374099867635817
0.04207091309722283,0.3741028346356398
0.04207091309722283,0.3741028346356398
0.04207091309722283,0.3741028346356398
0.04207091309722283,0.3741028346356398
0.04207091309722283,0.3741028346356398
0.04207091309722283,0.3741028346356398
0.04207091309722283,0.3741028346356398
0.04457389098633785,0.37413722878678235
0.04457389098633785,0.37413722878678235
0.04457389098633785,0.37413722878678235
0.04457389098633785,0.37413722878678235
0.04457389098633785,0.37413722878678235
0.04358294841815637,0.37420319033091526
0.04358294841815637,0.37420319033091526
0.04358294841815637,0.37420319033091526
0.04358294841815637,0.37420319033091526
0.04358294841815637,0.37420319033091526
0.04358294841815637,0.37420319033091526
0.04241162892575138,0.37423250681493636
0.04241162892575138,0.37423250681493636
0.04241162892575138,0.37423250681493636
0.04241162892575138,0.37423250681493636
0.04567389863995544,0.3742366515262656
0.04567389863995544,0.3742366515262656
0.044559705391442654,0.37429559418667724
0.044559705391442654,0.37429559418667724
0.044559705391442654,0.37429559418667724
0.044559705391442654,0.37429559418667724
0.044559705391442654,0.37429559418667724
0.044559705391442654,0.37429559418667724
0.043460179207297236,0.374338033811643
0.043460179207297236,0.374338033811643
0.043460179207297236,0.374338033811643
0.043460179207297236,0.374338033811643
0.043460179207297236,0.374338033811643
0.043460179207297236,0.374338033811643
0.0453858186925431,0.3743672552182517
0.0453858186925431,0.3743672552182517
0.0453858186925431,0.3743672552182517
0.0453858186925431,0.3743672552182517
0.0453858186925431,0.3743672552182517
0.0453858186925431,0.3743672552182517
0.04463686335466491,0.37441501936950766
0.04463686335466491,0.37441501936950766
0.04463686335466491,0.37441501936950766
0.04463686335466491,0.37441501936950766
0.04463686335466491,0.37441501936950766
0.04463686335466491,0.37441501936950766
0.04463686335466491,0.37441501936950766
0.04351510386641711,0.3744543418337663
0.04351510386641711,0.3744543418337663
0.04351510386641711,0.3744543418337663
0.04351510386641711,0.3744543418337663
0.04596735553208671,0.3744560191850277
0.04596735553208671,0.3744560191850277
0.04501860942434876,0.37452421427678295
0.04501860942434876,0.37452421427678295
0.04501860942434876,0.37452421427678295
0.04501860942434876,0.37452421427678295
0.04501860942434876,0.37452421427678295
0.04501860942434876,0.37452421427678295
0.04501860942434876,0.37452421427678295
0.04371597920401102,0.3745330096211689
0.04371597920401102,0.3745330096211689
0.04371597920401102,0.3745330096211689
0.04371597920401102,0.3745330096211689
0.04371597920401102,0.3745330096211689
0.04371597920401102,0.3745330096211689
0.04371597920401102,0.3745330096211689
0.04470866304790539,0.3745550217876561
0.04470866304790539,0.3745550217876561
0.04470866304790539,0.3745550217876561
0.04470866304790539,0.3745550217876561
0.04470866304790539,0.3745550217876561
0.043819508170005954,0.3745587098277795
0.043819508170005954,0.3745587098277795
0.043819508170005954,0.3745587098277795
0.043819508170005954,0.3745587098277795
0.042977877227792845,0.3745798010798385
0.042977877227792845,0.3745798010798385
0.042977877227792845,0.3745798010798385
0.04457996300126466,0.37458714941266597
0.04457996300126466,0.37458714941266597
0.04457996300126466,0.37458714941266597
0.043925520677421295,0.37459024211180214
0.043925520677421295,0.37459024211180214
0.043925520677421295,0.37459024211180214
0.043925520677421295,0.37459024211180214
0.043925520677421295,0.37459024211180214
0.043925520677421295,0.37459024211180214
0.043925520677421295,0.37459024211180214
0.043925520677421295,0.37459024211180214
0.04337541058655704,0.37459581095214384
0.04337541058655704,0.37459581095214384
0.04337541058655704,0.37459581095214384
0.04337541058655704,0.37459581095214384
0.04337541058655704,0.37459581095214384
0.04337541058655704,0.37459581095214384
0.044217040345799936,0.3745787611557335
0.044217040345799936,0.3745787611557335
0.044217040345799936,0.3745787611557335
0.044217040345799936,0.3745787611557335
0.044217040345799936,0.3745787611557335
0.044217040345799936,0.3745787611557335
0.044217040345799936,0.3745787611557335
0.044217040345799936,0.3745787611557335
0.0440842709803468,0.37459072262358667
0.0440842709803468,0.37459072262358667
0.0440842709803468,0.37459072262358667
0.0440842709803468,0.37459072262358667
0.0440842709803468,0.37459072262358667
0.0440842709803468,0.37459072262358667
0.0440842709803468,0.37459072262358667
0.0440842709803468,0.37459072262358667
0.0440842709803468,0.37459072262358667
0.043792565704821956,0.37458519436146565
0.043792565704821956,0.37458519436146565
0.043792565704821956,0.37458519436146565
0.043792565704821956,0.37458519436146565
0.0445174212617415,0.37461248587916646
0.0445174212617415,0.37461248587916646
0.0445174212617415,0.37461248587916646
0.0445174212617415,0.37461248587916646
0.044321617007045615,0.3746064785590064
0.044321617007045615,0.3746064785590064
0.044321617007045615,0.3746064785590064
0.044321617007045615,0.3746064785590064
0.044321617007045615,0.3746064785590064
0.044321617007045615,0.3746064785590064
0.044321617007045615,0.3746064785590064
0.044321617007045615,0.3746064785590064
0.044321617007045615,0.3746064785590064
0.04386182566593079,0.3745922797535529
0.04386182566593079,0.3745922797535529
0.04386182566593079,0.3745922797535529
0.04386182566593079,0.3745922797535529
0.04386182566593079,0.3745922797535529
0.04386182566593079,0.3745922797535529
0.04386182566593079,0.3745922797535529
0.04386182566593079,0.3745922797535529
0.044088912925520155,0.3746223092904794
0.044088912925520155,0.3746223092904794
0.044088912925520155,0.3746223092904794
0.044088912925520155,0.3746223092904794
0.044088912925520155,0.3746223092904794
0.044088912925520155,0.3746223092904794
0.044088912925520155,0.3746223092904794
0.044088912925520155,0.3746223092904794
0.044088912925520155,0.3746223092904794
0.04352708975587501,0.3746246088643728
0.04352708975587501,0.3746246088643728
0.04352708975587501,0.3746246088643728
0.04352708975587501,0.3746246088643728
0.04352708975587501,0.3746246088643728
0.04352708975587501,0.3746246088643728
0.04352708975587501,0.3746246088643728
0.04352708975587501,0.3746246088643728
0.04300074901906301,0.37462543845886476
0.04300074901906301,0.37462543845886476
0.04300074901906301,0.37462543845886476
0.04300074901906301,0.37462543845886476
0.04300074901906301,0.37462543845886476
0.0428352436255587,0.37468570828885706
0.0428352436255587,0.37468570828885706
0.0428352436255587,0.37468570828885706
0.0428352436255587,0.37468570828885706
0.042367577192667,0.37468782202408973
0.042367577192667,0.37468782202408973
0.042367577192667,0.37468782202408973
0.042367577192667,0.37468782202408973
0.042367577192667,0.37468782202408973
0.042367577192667,0.37468782202408973
0.042199199727004394,0.37466713623781983
0.042199199727004394,0.37466713623781983
0.042199199727004394,0.37466713623781983
0.042199199727004394,0.37466713623781983
0.042199199727004394,0.37466713623781983
0.042199199727004394,0.37466713623781983
0.041884803580650457,0.37474712119647813
0.041884803580650457,0.37474712119647813
0.041884803580650457,0.37474712119647813
0.041884803580650457,0.37474712119647813
0.041884803580650457,0.37474712119647813
0.041884803580650457,0.37474712119647813
0.042334163553425355,0.37476717559842765
0.042334163553425355,0.37476717559842765
0.042334163553425355,0.37476717559842765
0.042334163553425355,0.37476717559842765
0.042334163553425355,0.37476717559842765
0.042334163553425355,0.37476717559842765
0.042334163553425355,0.37476717559842765
0.042726748542735005,0.3747337136170432
0.042726748542735005,0.3747337136170432
0.042726748542735005,0.3747337136170432
0.041672275526679535,0.3748428942239697
0.041672275526679535,0.3748428942239697
0.041672275526679535,0.3748428942239697
0.041672275526679535,0.3748428942239697
0.041672275526679535,0.3748428942239697
0.04223284391164129,0.3747914304694264
0.04223284391164129,0.3747914304694264
0.04223284391164129,0.3747914304694264
0.04223284391164129,0.3747914304694264
0.04223284391164129,0.3747914304694264
0.04223284391164129,0.3747914304694264
0.04223284391164129,0.3747914304694264
0.04223284391164129,0.3747914304694264
0.042829194085472116,0.3747599054924792
0.042829194085472116,0.3747599054924792
0.042829194085472116,0.3747599054924792
0.042829194085472116,0.3747599054924792
0.042829194085472116,0.3747599054924792
0.042829194085472116,0.3747599054924792
0.041740004578180966,0.3748636911320478
0.041740004578180966,0.3748636911320478
0.041740004578180966,0.3748636911320478
0.041740004578180966,0.3748636911320478
0.041740004578180966,0.3748636911320478
0.041740004578180966,0.3748636911320478
0.04209189907622668,0.37482078520449996
0.04209189907622668,0.37482078520449996
0.04209189907622668,0.37482078520449996
0.04209189907622668,0.37482078520449996
0.04209189907622668,0.37482078520449996
0.042580504823028734,0.37477394177359397
0.042580504823028734,0.37477394177359397
0.042580504823028734,0.37477394177359397
0.042580504823028734,0.37477394177359397
0.04065257188004821,0.3749406833130991
0.04065257188004821,0.3749406833130991
0.04065257188004821,0.3749406833130991
0.0409835306260093,0.37491640062696224
0.0409835306260093,0.37491640062696224
0.0409835306260093,0.37491640062696224
0.0409835306260093,0.37491640062696224
0.0409835306260093,0.37491640062696224
0.0409835306260093,0.37491640062696224
0.0409835306260093,0.37491640062696224
0.04184547786051865,0.37485376974992773
0.04184547786051865,0.37485376974992773
0.04184547786051865,0.37485376974992773
0.04184547786051865,0.37485376974992773
0.04184547786051865,0.37485376974992773
0.04184547786051865,0.37485376974992773
0.040403368696858614,0.3749607874665066
0.040403368696858614,0.3749607874665066
0.040403368696858614,0.3749607874665066
0.040403368696858614,0.3749607874665066
0.040403368696858614,0.3749607874665066
0.040403368696858614,0.3749607874665066
0.04151632942062193,0.37487457937610413
0.04151632942062193,0.37487457937610413
0.04151632942062193,0.37487457937610413
0.04151632942062193,0.37487457937610413
0.04151632942062193,0.37487457937610413
0.04151632942062193,0.37487457937610413
0.04279097872540033,0.3747805445460551
0.04279097872540033,0.3747805445460551
0.04279097872540033,0.3747805445460551
0.04002087616608655,0.37502471736083764
0.04002087616608655,0.37502471736083764
0.04002087616608655,0.37502471736083764
0.04128561699779339,0.3749273870304741
0.04128561699779339,0.3749273870304741
0.04128561699779339,0.3749273870304741
0.04128561699779339,0.3749273870304741
0.04128561699779339,0.3749273870304741
0.04230908150689083,0.37484641595328544
0.04230908150689083,0.37484641595328544
0.04230908150689083,0.37484641595328544
0.04230908150689083,0.37484641595328544
0.04230908150689083,0.37484641595328544
0.04230908150689083,0.37484641595328544
0.04038263425361304,0.37503920683588565
0.04038263425361304,0.37503920683588565
0.04038263425361304,0.37503920683588565
0.04038263425361304,0.37503920683588565
0.041514806542720606,0.37494693853230776
0.041514806542720606,0.37494693853230776
0.041514806542720606,0.37494693853230776
0.041514806542720606,0.37494693853230776
0.041514806542720606,0.37494693853230776
0.041514806542720606,0.37494693853230776
0.04242687137034129,0.37488656514149254
0.04242687137034129,0.37488656514149254
0.04242687137034129,0.37488656514149254
0.04242687137034129,0.37488656514149254
0.03885940105569098,0.37521821798830207
0.03885940105569098,0.37521821798830207
0.03885940105569098,0.37521821798830207
0.04009786969869735,0.375156676267375
0.04009786969869735,0.375156676267375
0.04009786969869735,0.375156676267375
0.04009786969869735,0.375156676267375
0.04009786969869735,0.375156676267375
0.04009786969869735,0.375156676267375
0.04009786969869735,0.375156676267375
0.0414735524394068,0.37506343824820454
0.0414735524394068,0.37506343824820454
0.0414735524394068,0.37506343824820454
0.0414735524394068,0.37506343824820454
0.0414735524394068,0.37506343824820454
0.0414735524394068,0.37506343824820454
0.0414735524394068,0.37506343824820454
0.03906767735813603,0.375381094501243
0.03906767735813603,0.375381094501243
0.03906767735813603,0.375381094501243
0.03906767735813603,0.375381094501243
0.03906767735813603,0.375381094501243
0.03906767735813603,0.375381094501243
0.03906767735813603,0.375381094501243
0.03906767735813603,0.375381094501243
0.040558475922885924,0.37528361678631167
0.040558475922885924,0.37528361678631167
0.040558475922885924,0.37528361678631167
0.040558475922885924,0.37528361678631167
0.040558475922885924,0.37528361678631167
0.040558475922885924,0.37528361678631167
0.040558475922885924,0.37528361678631167
0.04210891095871034,0.37515519786491613
0.04210891095871034,0.37515519786491613
0.04210891095871034,0.37515519786491613
0.04210891095871034,0.37515519786491613
0.037814293792948137,0.3756892440936641
0.037814293792948137,0.3756892440936641
0.037814293792948137,0.3756892440936641
0.03967022485249404,0.3755818040934664
0.03967022485249404,0.3755818040934664
0.03967022485249404,0.3755818040934664
0.03967022485249404,0.3755818040934664
0.03967022485249404,0.3755818040934664
0.03967022485249404,0.3755818040934664
0.03967022485249404,0.3755818040934664
0.03967022485249404,0.3755818040934664
0.03967022485249404,0.3755818040934664
0.041776439329148096,0.3754219488761286
0.041776439329148096,0.3754219488761286
0.041776439329148096,0.3754219488761286
0.041776439329148096,0.3754219488761286
0.041776439329148096,0.3754219488761286
0.041776439329148096,0.3754219488761286
0.041776439329148096,0.3754219488761286
0.041776439329148096,0.3754219488761286
0.03940042660207582,0.3758510797460672
0.03940042660207582,0.3758510797460672
0.03940042660207582,0.3758510797460672
0.03940042660207582,0.3758510797460672
0.03940042660207582,0.3758510797460672
0.03940042660207582,0.3758510797460672
0.03940042660207582,0.3758510797460672
0.03940042660207582,0.3758510797460672
0.03940042660207582,0.3758510797460672
0.04159173090246975,0.3756115841492457
0.04159173090246975,0.3756115841492457
0.04159173090246975,0.3756115841492457
0.04159173090246975,0.3756115841492457
0.04159173090246975,0.3756115841492457
0.04159173090246975,0.3756115841492457
0.04159173090246975,0.3756115841492457
0.04159173090246975,0.3756115841492457
0.04159173090246975,0.3756115841492457
0.04371653982782475,0.3754161879523672
0.04371653982782475,0.3754161879523672
0.04371653982782475,0.3754161879523672
0.04371653982782475,0.3754161879523672
0.04371653982782475,0.3754161879523672
0.038764847896932145,0.37613065002239227
0.038764847896932145,0.37613065002239227
0.038764847896932145,0.37613065002239227
0.038764847896932145,0.37613065002239227
0.04084485887911,0.3759654712890021
0.04084485887911,0.3759654712890021
0.04084485887911,0.3759654712890021
0.04084485887911,0.3759654712890021
0.04084485887911,0.3759654712890021
0.04084485887911,0.3759654712890021
0.04084485887911,0.3759654712890021
0.04084485887911,0.3759654712890021
0.04084485887911,0.3759654712890021
0.04310405819788384,0.37569330425921726
0.04310405819788384,0.37569330425921726
0.04310405819788384,0.37569330425921726
0.04310405819788384,0.37569330425921726
0.04310405819788384,0.37569330425921726
0.04310405819788384,0.37569330425921726
0.04310405819788384,0.37569330425921726
0.04310405819788384,0.37569330425921726
0.04038856270524737,0.3761606622861813
0.04038856270524737,0.3761606622861813
0.04038856270524737,0.3761606622861813
0.04038856270524737,0.3761606622861813
0.04038856270524737,0.3761606622861813
0.04038856270524737,0.3761606622861813
0.04038856270524737,0.3761606622861813
0.04038856270524737,0.3761606622861813
0.04038856270524737,0.3761606622861813
0.042694506519064444,0.37586811783683893
0.042694506519064444,0.37586811783683893
0.042694506519064444,0.37586811783683893
0.042694506519064444,0.37586811783683893
0.042694506519064444,0.37586811783683893
0.042694506519064444,0.37586811783683893
0.042694506519064444,0.37586811783683893
0.042694506519064444,0.37586811783683893
0.042694506519064444,0.37586811783683893
0.042694506519064444,0.37586811783683893
0.042694506519064444,0.37586811783683893
0.04509805060423535,0.3755334393877489
0.04509805060423535,0.3755334393877489
0.04509805060423535,0.3755334393877489
0.04509805060423535,0.3755334393877489
0.04509805060423535,0.3755334393877489
0.04509805060423535,0.3755334393877489
0.04509805060423535,0.3755334393877489
0.03957124448845671,0.37642080841161724
0.03957124448845671,0.37642080841161724
0.03957124448845671,0.37642080841161724
0.03957124448845671,0.37642080841161724
0.03957124448845671,0.37642080841161724
0.03957124448845671,0.37642080841161724
0.04199916298796031,0.37610161793456853
0.04199916298796031,0.37610161793456853
0.04199916298796031,0.37610161793456853
0.04199916298796031,0.37610161793456853
0.04199916298796031,0.37610161793456853
0.04199916298796031,0.37610161793456853
0.04199916298796031,0.37610161793456853
0.04199916298796031,0.37610161793456853
0.04199916298796031,0.37610161793456853
0.04199916298796031,0.37610161793456853
0.04199916298796031,0.37610161793456853
0.04426435216958528,0.37577005133225705
0.04426435216958528,0.37577005133225705
0.04426435216958528,0.37577005133225705
0.04426435216958528,0.37577005133225705
0.04426435216958528,0.37577005133225705
0.04426435216958528,0.37577005133225705
0.04426435216958528,0.37577005133225705
0.04426435216958528,0.37577005133225705
0.04104598910399386,0.37633180244472686
0.04104598910399386,0.37633180244472686
0.04104598910399386,0.37633180244472686
0.04104598910399386,0.37633180244472686
0.04104598910399386,0.37633180244472686
0.04104598910399386,0.37633180244472686
0.04104598910399386,0.37633180244472686
0.04340528400553661,0.3759508621457276
0.04340528400553661,0.3759508621457276
0.04340528400553661,0.3759508621457276
0.04340528400553661,0.3759508621457276
0.04340528400553661,0.3759508621457276
0.04340528400553661,0.3759508621457276
0.04340528400553661,0.3759508621457276
0.045492734053798264,0.3755547804084835
0.045492734053798264,0.3755547804084835
0.045492734053798264,0.3755547804084835
0.045492734053798264,0.3755547804084835
0.03947204989906977,0.3765474966528067
0.03947204989906977,0.3765474966528067
0.04173781700904799,0.3761555855013554
0.04173781700904799,0.3761555855013554
0.04173781700904799,0.3761555855013554
0.04173781700904799,0.3761555855013554
0.04173781700904799,0.3761555855013554
0.04173781700904799,0.3761555855013554
0.04173781700904799,0.3761555855013554
0.04447620422135604,0.3757392026009623
0.04447620422135604,0.3757392026009623
0.04447620422135604,0.3757392026009623
0.04447620422135604,0.3757392026009623
0.04447620422135604,0.3757392026009623
0.04447620422135604,0.3757392026009623
0.04109800089887774,0.3763695403959337
0.04109800089887774,0.3763695403959337
0.04109800089887774,0.3763695403959337
0.04109800089887774,0.3763695403959337
0.04109800089887774,0.3763695403959337
0.04109800089887774,0.3763695403959337
0.04383125786079352,0.3759124211563663
0.04383125786079352,0.3759124211563663
0.04383125786079352,0.3759124211563663
0.04383125786079352,0.3759124211563663
0.04383125786079352,0.3759124211563663
0.04383125786079352,0.3759124211563663
0.04617555811474008,0.3755058127754012
0.04617555811474008,0.3755058127754012
0.04617555811474008,0.3755058127754012
0.03976300664021383,0.3766176588464851
0.03976300664021383,0.3766176588464851
0.04222050211324109,0.37618587382759305
0.04222050211324109,0.37618587382759305
0.04222050211324109,0.37618587382759305
0.04222050211324109,0.37618587382759305
0.04222050211324109,0.37618587382759305
0.044499481112955874,0.3757326652710359
0.044499481112955874,0.3757326652710359
0.044499481112955874,0.3757326652710359
0.044499481112955874,0.3757326652710359
0.044499481112955874,0.3757326652710359
0.04058702757360917,0.37642686899913885
0.04058702757360917,0.37642686899913885
0.04058702757360917,0.37642686899913885
0.04058702757360917,0.37642686899913885
0.04058702757360917,0.37642686899913885
0.04058702757360917,0.37642686899913885
0.0431011124665311,0.3759420438501016
0.0431011124665311,0.3759420438501016
0.0431011124665311,0.3759420438501016
0.0431011124665311,0.3759420438501016
0.0431011124665311,0.3759420438501016
0.0431011124665311,0.3759420438501016
0.046018091809005006,0.3754354417274871
0.046018091809005006,0.3754354417274871
0.046018091809005006,0.3754354417274871
0.046018091809005006,0.3754354417274871
0.039316856302119174,0.3766489258354928
0.039316856302119174,0.3766489258354928
0.039316856302119174,0.3766489258354928
0.039316856302119174,0.3766489258354928
0.039316856302119174,0.3766489258354928
0.042540168026974794,0.37623035121063564
0.042540168026974794,0.37623035121063564
0.042540168026974794,0.37623035121063564
0.042540168026974794,0.37623035121063564
0.042540168026974794,0.37623035121063564
0.042540168026974794,0.37623035121063564
0.042540168026974794,0.37623035121063564
0.042540168026974794,0.37623035121063564
0.042540168026974794,0.37623035121063564
0.04550322853626812,0.3757646429572953
0.04550322853626812,0.3757646429572953
0.04550322853626812,0.3757646429572953
0.04550322853626812,0.3757646429572953
0.04550322853626812,0.3757646429572953
0.04550322853626812,0.3757646429572953
0.04550322853626812,0.3757646429572953
0.04550322853626812,0.3757646429572953
0.04550322853626812,0.3757646429572953
0.04550322853626812,0.3757646429572953
0.04168425405254665,0.3764937803316284
0.04168425405254665,0.3764937803316284
0.04168425405254665,0.3764937803316284
0.04168425405254665,0.3764937803316284
0.04168425405254665,0.3764937803316284
0.04168425405254665,0.3764937803316284
0.04168425405254665,0.3764937803316284
0.04168425405254665,0.3764937803316284
0.04168425405254665,0.3764937803316284
0.04168425405254665,0.3764937803316284
0.04452369867724026,0.3760268043119325
0.04452369867724026,0.3760268043119325
0.04452369867724026,0.3760268043119325
0.04452369867724026,0.3760268043119325
0.04452369867724026,0.3760268043119325
0.04452369867724026,0.3760268043119325
0.04452369867724026,0.3760268043119325
0.04452369867724026,0.3760268043119325
0.04452369867724026,0.3760268043119325
0.04452369867724026,0.3760268043119325
0.04452369867724026,0.3760268043119325
0.04737476657128756,0.3755418943076648
0.04737476657128756,0.3755418943076648
0.04737476657128756,0.3755418943076648
0.04737476657128756,0.3755418943076648
0.04737476657128756,0.3755418943076648
0.04737476657128756,0.3755418943076648
0.04048116384144894,0.3767787407086106
0.04048116384144894,0.3767787407086106
0.04048116384144894,0.3767787407086106
0.04048116384144894,0.3767787407086106
0.04048116384144894,0.3767787407086106
0.04331992355540938,0.37632872458473116
0.04331992355540938,0.37632872458473116
0.04331992355540938,0.37632872458473116
0.04331992355540938,0.37632872458473116
0.04331992355540938,0.37632872458473116
0.04331992355540938,0.37632872458473116
0.04331992355540938,0.37632872458473116
0.04331992355540938,0.37632872458473116
0.04331992355540938,0.37632872458473116
0.046156767346528765,0.375862002520872
0.046156767346528765,0.375862002520872
0.046156767346528765,0.375862002520872
0.046156767346528765,0.375862002520872
0.046156767346528765,0.375862002520872
0.046156767346528765,0.375862002520872
0.046156767346528765,0.375862002520872
0.046156767346528765,0.375862002520872
0.046156767346528765,0.375862002520872
0.046156767346528765,0.375862002520872
0.04217828668142645,0.37660165879614377
0.04217828668142645,0.37660165879614377
0.04217828668142645,0.37660165879614377
0.04217828668142645,0.37660165879614377
0.04217828668142645,0.37660165879614377
0.045033082315709225,0.3760870937030683
0.045033082315709225,0.3760870937030683
0.045033082315709225,0.3760870937030683
0.045033082315709225,0.3760870937030683
0.045033082315709225,0.3760870937030683
0.04782670884197048,0.375618028392723
0.04782670884197048,0.375618028392723
0.040847186136486066,0.3768429578090515
0.040847186136486066,0.3768429578090515
0.040847186136486066,0.3768429578090515
0.04381083960298589,0.3763771501738129
0.04381083960298589,0.3763771501738129
0.04381083960298589,0.3763771501738129
0.04381083960298589,0.3763771501738129
0.04381083960298589,0.3763771501738129
0.04381083960298589,0.3763771501738129
0.04682763558167227,0.3759015575656359
0.04682763558167227,0.3759015575656359
0.04682763558167227,0.3759015575656359
0.04682763558167227,0.3759015575656359
0.04682763558167227,0.3759015575656359
0.04682763558167227,0.3759015575656359
0.042978157680228474,0.37668887541182067
0.042978157680228474,0.37668887541182067
0.042978157680228474,0.37668887541182067
0.042978157680228474,0.37668887541182067
0.042978157680228474,0.37668887541182067
0.042978157680228474,0.37668887541182067
0.045579123038679184,0.37622905282458974
0.045579123038679184,0.37622905282458974
0.045579123038679184,0.37622905282458974
0.045579123038679184,0.37622905282458974
0.045579123038679184,0.37622905282458974
0.045579123038679184,0.37622905282458974
0.04818574674000431,0.3757309004236196
0.04818574674000431,0.3757309004236196
0.04124107562399895,0.3769861222962834
0.04124107562399895,0.3769861222962834
0.04124107562399895,0.3769861222962834
0.04430886542659988,0.37655605068432224
0.04430886542659988,0.37655605068432224
0.04430886542659988,0.37655605068432224
0.04430886542659988,0.37655605068432224
0.04430886542659988,0.37655605068432224
0.04430886542659988,0.37655605068432224
0.046716822766563436,0.3761033743731032
0.046716822766563436,0.3761033743731032
0.046716822766563436,0.3761033743731032
0.046716822766563436,0.3761033743731032
0.046716822766563436,0.3761033743731032
0.046716822766563436,0.3761033743731032
0.046716822766563436,0.3761033743731032
0.046716822766563436,0.3761033743731032
0.04275987209228298,0.37691828038865527
0.04275987209228298,0.37691828038865527
0.04275987209228298,0.37691828038865527
0.04275987209228298,0.37691828038865527
0.04275987209228298,0.37691828038865527
0.04275987209228298,0.37691828038865527
0.04275987209228298,0.37691828038865527
0.045574220612956455,0.3764765569527121
0.045574220612956455,0.3764765569527121
0.045574220612956455,0.3764765569527121
0.045574220612956455,0.3764765569527121
0.045574220612956455,0.3764765569527121
0.045574220612956455,0.3764765569527121
0.04807286221104777,0.37598608772859515
0.04127265712228695,0.3772564900631598
0.04127265712228695,0.3772564900631598
0.04400294191720967,0.3767375342804335
0.04400294191720967,0.3767375342804335
0.04400294191720967,0.3767375342804335
0.04400294191720967,0.3767375342804335
0.04400294191720967,0.3767375342804335
0.04651058635849932,0.3762914788362556
0.04651058635849932,0.3762914788362556
0.04651058635849932,0.3762914788362556
0.04651058635849932,0.3762914788362556
0.04651058635849932,0.3762914788362556
0.04651058635849932,0.3762914788362556
0.04651058635849932,0.3762914788362556
0.04269411426317089,0.3770374676694507
0.04269411426317089,0.3770374676694507
0.04269411426317089,0.3770374676694507
0.04269411426317089,0.3770374676694507
0.04269411426317089,0.3770374676694507
0.04269411426317089,0.3770374676694507
0.04269411426317089,0.3770374676694507
0.04269411426317089,0.3770374676694507
0.04525153197047042,0.37659075038678713
0.04525153197047042,0.37659075038678713
0.04525153197047042,0.37659075038678713
0.04525153197047042,0.37659075038678713
0.04525153197047042,0.37659075038678713
0.04525153197047042,0.37659075038678713
0.04525153197047042,0.37659075038678713
0.047692413002338056,0.3761096011449585
0.047692413002338056,0.3761096011449585
0.041134110148183016,0.3773305732132466
0.041134110148183016,0.3773305732132466
0.04379417615907644,0.37686309376913607
0.04379417615907644,0.37686309376913607
0.04379417615907644,0.37686309376913607
0.04379417615907644,0.37686309376913607
0.04652758787901773,0.37636199762085093
0.04652758787901773,0.37636199762085093
0.04652758787901773,0.37636199762085093
0.04652758787901773,0.37636199762085093
0.04307960256361983,0.37702445591003386
0.04307960256361983,0.37702445591003386
0.04307960256361983,0.37702445591003386
0.04307960256361983,0.37702445591003386
0.04307960256361983,0.37702445591003386
0.045619193068646494,0.37660454376699665
0.045619193068646494,0.37660454376699665
0.045619193068646494,0.37660454376699665
0.045619193068646494,0.37660454376699665
0.045619193068646494,0.37660454376699665
0.048314306352366054,0.3761401804083537
0.048314306352366054,0.3761401804083537
0.048314306352366054,0.3761401804083537
0.042103822835221405,0.37731661450116016
0.042103822835221405,0.37731661450116016
0.042103822835221405,0.37731661450116016
0.044636441009961586,0.37687359074072535
0.044636441009961586,0.37687359074072535
0.044636441009961586,0.37687359074072535
0.044636441009961586,0.37687359074072535
0.044636441009961586,0.37687359074072535
0.044636441009961586,0.37687359074072535
0.04719483528691262,0.37641757505573115
0.04719483528691262,0.37641757505573115
0.04719483528691262,0.37641757505573115
0.04719483528691262,0.37641757505573115
0.04719483528691262,0.37641757505573115
0.04719483528691262,0.37641757505573115
0.04369524146977081,0.3771055088900222
0.04369524146977081,0.3771055088900222
0.04369524146977081,0.3771055088900222
0.04369524146977081,0.3771055088900222
0.04369524146977081,0.3771055088900222
0.04369524146977081,0.3771055088900222
0.04369524146977081,0.3771055088900222
0.046256805246716076,0.37661451197859175
0.046256805246716076,0.37661451197859175
0.046256805246716076,0.37661451197859175
0.046256805246716076,0.37661451197859175
0.046256805246716076,0.37661451197859175
0.046256805246716076,0.37661451197859175
0.04860382924413055,0.37622714055664
0.04860382924413055,0.37622714055664
0.04283753072669398,0.3773433463300299
0.04283753072669398,0.3773433463300299
0.04283753072669398,0.3773433463300299
0.04283753072669398,0.3773433463300299
0.04506885190519477,0.3769570601966747
0.04506885190519477,0.3769570601966747
0.04506885190519477,0.3769570601966747
0.04506885190519477,0.3769570601966747
0.04506885190519477,0.3769570601966747
0.04506885190519477,0.3769570601966747
0.04718293639869544,0.3765307904929252
0.04718293639869544,0.3765307904929252
0.04718293639869544,0.3765307904929252
0.04718293639869544,0.3765307904929252
0.04718293639869544,0.3765307904929252
0.04718293639869544,0.3765307904929252
0.04718293639869544,0.3765307904929252
0.04430509405322527,0.3771077830394759
0.04430509405322527,0.3771077830394759
0.04430509405322527,0.3771077830394759
0.04430509405322527,0.3771077830394759
0.04430509405322527,0.3771077830394759
0.04430509405322527,0.3771077830394759
0.04430509405322527,0.3771077830394759
0.04430509405322527,0.3771077830394759
0.0467867814419711,0.3766811448253809
0.0467867814419711,0.3766811448253809
0.0467867814419711,0.3766811448253809
0.0467867814419711,0.3766811448253809
0.0467867814419711,0.3766811448253809
0.0467867814419711,0.3766811448253809
0.0467867814419711,0.3766811448253809
0.04930798274212492,0.37620789369072544
0.04930798274212492,0.37620789369072544
0.04930798274212492,0.37620789369072544
0.04930798274212492,0.37620789369072544
0.04406679815885836,0.3772046953675631
0.04406679815885836,0.3772046953675631
0.04406679815885836,0.3772046953675631
0.04654225601133665,0.3767972342330167
0.04654225601133665,0.3767972342330167
0.04654225601133665,0.3767972342330167
0.04654225601133665,0.3767972342330167
0.04654225601133665,0.3767972342330167
0.04654225601133665,0.3767972342330167
0.04654225601133665,0.3767972342330167
0.04654225601133665,0.3767972342330167
0.04889878412758902,0.37639128422628415
0.04889878412758902,0.37639128422628415
0.04889878412758902,0.37639128422628415
0.04889878412758902,0.37639128422628415
0.04889878412758902,0.37639128422628415
0.04889878412758902,0.37639128422628415
0.04889878412758902,0.37639128422628415
0.04889878412758902,0.37639128422628415
0.046362080568694425,0.37691120986003535
0.046362080568694425,0.37691120986003535
0.046362080568694425,0.37691120986003535
0.046362080568694425,0.37691120986003535
0.046362080568694425,0.37691120986003535
0.046362080568694425,0.37691120986003535
0.046362080568694425,0.37691120986003535
0.046362080568694425,0.37691120986003535
0.046362080568694425,0.37691120986003535
0.048640479373241896,0.37654626256898405
0.048640479373241896,0.37654626256898405
0.048640479373241896,0.37654626256898405
0.048640479373241896,0.37654626256898405
0.048640479373241896,0.37654626256898405
0.048640479373241896,0.37654626256898405
0.048640479373241896,0.37654626256898405
0.048640479373241896,0.37654626256898405
0.048640479373241896,0.37654626256898405
0.048640479373241896,0.37654626256898405
0.050489814513681106,0.37619589306286916
0.050489814513681106,0.37619589306286916
0.050489814513681106,0.37619589306286916
0.050489814513681106,0.37619589306286916
0.050489814513681106,0.37619589306286916
0.04585706977178397,0.3770691348701613
0.04585706977178397,0.3770691348701613
0.04585706977178397,0.3770691348701613
0.04585706977178397,0.3770691348701613
0.04585706977178397,0.3770691348701613
0.04585706977178397,0.3770691348701613
0.04766795830896062,0.37674751058577993
0.04766795830896062,0.37674751058577993
0.04766795830896062,0.37674751058577993
0.04766795830896062,0.37674751058577993
0.04766795830896062,0.37674751058577993
0.04766795830896062,0.37674751058577993
0.04766795830896062,0.37674751058577993
0.04766795830896062,0.37674751058577993
0.04766795830896062,0.37674751058577993
0.04766795830896062,0.37674751058577993
0.04766795830896062,0.37674751058577993
0.04938116030844298,0.37642964956330505
0.04938116030844298,0.37642964956330505
0.04938116030844298,0.37642964956330505
0.04938116030844298,0.37642964956330505
0.04938116030844298,0.37642964956330505
0.04938116030844298,0.37642964956330505
0.04938116030844298,0.37642964956330505
0.04938116030844298,0.37642964956330505
0.04938116030844298,0.37642964956330505
0.04938116030844298,0.37642964956330505
0.04938116030844298,0.37642964956330505
0.04938116030844298,0.37642964956330505
0.04681495832793839,0.3769320806174605
0.04681495832793839,0.3769320806174605
0.04681495832793839,0.3769320806174605
0.04681495832793839,0.3769320806174605
0.04681495832793839,0.3769320806174605
0.04681495832793839,0.3769320806174605
0.04681495832793839,0.3769320806174605
0.04681495832793839,0.3769320806174605
0.04681495832793839,0.3769320806174605
0.04681495832793839,0.3769320806174605
0.0483826284175216,0.3766320297177467
0.0483826284175216,0.3766320297177467
0.0483826284175216,0.3766320297177467
0.0483826284175216,0.3766320297177467
0.0483826284175216,0.3766320297177467
0.050011526011291496,0.3763153708606607
0.050011526011291496,0.3763153708606607
0.050011526011291496,0.3763153708606607
0.046060778849679226,0.37705836157581796
0.046060778849679226,0.37705836157581796
0.046060778849679226,0.37705836157581796
0.047836820514476824,0.3767518426063647
0.047836820514476824,0.3767518426063647
0.047836820514476824,0.3767518426063647
0.047836820514476824,0.3767518426063647
0.047836820514476824,0.3767518426063647
0.047836820514476824,0.3767518426063647
0.047836820514476824,0.3767518426063647
0.047836820514476824,0.3767518426063647
0.04930708824524991,0.3765049400130421
0.04930708824524991,0.3765049400130421
0.04930708824524991,0.3765049400130421
0.04930708824524991,0.3765049400130421
0.047145360322410804,0.3768837111611152
0.047145360322410804,0.3768837111611152
0.047145360322410804,0.3768837111611152
0.047145360322410804,0.3768837111611152
0.047145360322410804,0.3768837111611152
0.0485807212609389,0.37660603676840876
0.0485807212609389,0.37660603676840876
0.0485807212609389,0.37660603676840876
0.0485807212609389,0.37660603676840876
0.0485807212609389,0.37660603676840876
0.0485807212609389,0.37660603676840876
0.04982369678961937,0.37638165446495
0.04982369678961937,0.37638165446495
0.04661671916456889,0.37697974768566606
0.04661671916456889,0.37697974768566606
0.04661671916456889,0.37697974768566606
0.04777314317807621,0.37677251432465614
0.04777314317807621,0.37677251432465614
0.04777314317807621,0.37677251432465614
0.04777314317807621,0.37677251432465614
0.04777314317807621,0.37677251432465614
0.04777314317807621,0.37677251432465614
0.04777314317807621,0.37677251432465614
0.04904089169032983,0.3765775836464211
0.04904089169032983,0.3765775836464211
0.04904089169032983,0.3765775836464211
0.04904089169032983,0.3765775836464211
0.04904089169032983,0.3765775836464211
0.04904089169032983,0.3765775836464211
0.04904089169032983,0.3765775836464211
0.04751805574338018,0.3769264764284247
0.04751805574338018,0.3769264764284247
0.04751805574338018,0.3769264764284247
0.04751805574338018,0.3769264764284247
0.04751805574338018,0.3769264764284247
0.04751805574338018,0.3769264764284247
0.04751805574338018,0.3769264764284247
0.04864334262649149,0.37677311590231555
0.04864334262649149,0.37677311590231555
0.04864334262649149,0.37677311590231555
0.04864334262649149,0.37677311590231555
0.04864334262649149,0.37677311590231555
0.04864334262649149,0.37677311590231555
0.0495988484059602,0.3766174557996206
0.0495988484059602,0.3766174557996206
0.0495988484059602,0.3766174557996206
0.047188500934905855,0.3770688634316046
0.047188500934905855,0.3770688634316046
0.047188500934905855,0.3770688634316046
0.047188500934905855,0.3770688634316046
0.04837530737951051,0.37694624982472147
0.04837530737951051,0.37694624982472147
0.04837530737951051,0.37694624982472147
0.04837530737951051,0.37694624982472147
0.04837530737951051,0.37694624982472147
0.04837530737951051,0.37694624982472147
0.04954474218107231,0.37682599547077816
0.04954474218107231,0.37682599547077816
0.04954474218107231,0.37682599547077816
0.04954474218107231,0.37682599547077816
0.04954474218107231,0.37682599547077816
0.04954474218107231,0.37682599547077816
0.048318150184334566,0.3770791179650012
0.048318150184334566,0.3770791179650012
0.048318150184334566,0.3770791179650012
0.048318150184334566,0.3770791179650012
0.048318150184334566,0.3770791179650012
0.04940832317080614,0.3769554159846658
0.04940832317080614,0.3769554159846658
0.04940832317080614,0.3769554159846658
0.04940832317080614,0.3769554159846658
0.04940832317080614,0.3769554159846658
0.05010345051614942,0.37685270980978913
0.05010345051614942,0.37685270980978913
0.04852823771525511,0.37714501079342133
0.04852823771525511,0.37714501079342133
0.04852823771525511,0.37714501079342133
0.04909051165735016,0.3770707287390711
0.04909051165735016,0.3770707287390711
0.04909051165735016,0.3770707287390711
0.04909051165735016,0.3770707287390711
0.04964052062848169,0.3769607171888076
0.04964052062848169,0.3769607171888076
0.04964052062848169,0.3769607171888076
0.04964052062848169,0.3769607171888076
0.04964052062848169,0.3769607171888076
0.04964052062848169,0.3769607171888076
0.048766838666299446,0.37711773957848954
0.048766838666299446,0.37711773957848954
0.048766838666299446,0.37711773957848954
0.048766838666299446,0.37711773957848954
0.048766838666299446,0.37711773957848954
0.04879207088088028,0.3770850568917693
0.04879207088088028,0.3770850568917693
0.04879207088088028,0.3770850568917693
0.04879207088088028,0.3770850568917693
0.04879207088088028,0.3770850568917693
0.04916408464771101,0.37700166860848316
0.04916408464771101,0.37700166860848316
0.04916408464771101,0.37700166860848316
0.048456106464393245,0.3771595524617026
0.048456106464393245,0.3771595524617026
0.04883846518186179,0.37710282427118436
0.04883846518186179,0.37710282427118436
0.04883846518186179,0.37710282427118436
0.04883846518186179,0.37710282427118436
0.04883846518186179,0.37710282427118436
0.04883846518186179,0.37710282427118436
0.04925304601475772,0.37710615806381353
0.04925304601475772,0.37710615806381353
0.04925304601475772,0.37710615806381353
0.04925304601475772,0.37710615806381353
0.04925304601475772,0.37710615806381353
0.04925304601475772,0.37710615806381353
0.048928125792622415,0.37718909323054617
0.048928125792622415,0.37718909323054617
0.048928125792622415,0.37718909323054617
0.048928125792622415,0.37718909323054617
0.048928125792622415,0.37718909323054617
0.048928125792622415,0.37718909323054617
0.04899036602040138,0.3771717792132638
0.04899036602040138,0.3771717792132638
0.04899036602040138,0.3771717792132638
0.04899036602040138,0.3771717792132638
0.048868283097286205,0.3771521854091088
0.048868283097286205,0.3771521854091088
0.048868283097286205,0.3771521854091088
0.04904200866709234,0.3771812354321147
0.04904200866709234,0.3771812354321147
0.04857104908790026,0.3772370924734674
0.04857104908790026,0.3772370924734674
0.04857104908790026,0.3772370924734674
0.04857104908790026,0.3772370924734674
0.04857104908790026,0.3772370924734674
0.04811597995865833,0.3772718717204267
0.04811597995865833,0.3772718717204267
0.04811597995865833,0.3772718717204267
0.04811597995865833,0.3772718717204267
0.04811597995865833,0.3772718717204267
0.04811597995865833,0.3772718717204267
0.04863572289876604,0.3772913797883273
0.04863572289876604,0.3772913797883273
0.04863572289876604,0.3772913797883273
0.04863572289876604,0.3772913797883273
0.04863572289876604,0.3772913797883273
0.048223562351815547,0.37732937118783294
0.048223562351815547,0.37732937118783294
0.048223562351815547,0.37732937118783294
0.048223562351815547,0.37732937118783294
0.048223562351815547,0.37732937118783294
0.048223562351815547,0.37732937118783294
0.04768491560575888,0.3774060941726904
0.04768491560575888,0.3774060941726904
0.04768491560575888,0.3774060941726904
0.04874168935028836,0.3773220514536118
0.04874168935028836,0.3773220514536118
0.04827134849361912,0.37733965824454446
0.04827134849361912,0.37733965824454446
0.04827134849361912,0.37733965824454446
0.04827134849361912,0.37733965824454446
0.04827134849361912,0.37733965824454446
0.047494131201613686,0.37742887221717725
0.047494131201613686,0.37742887221717725
0.047494131201613686,0.37742887221717725
0.047494131201613686,0.37742887221717725
0.047494131201613686,0.37742887221717725
0.047494131201613686,0.37742887221717725
0.047900038562391764,0.377429215062133
0.047900038562391764,0.377429215062133
0.047900038562391764,0.377429215062133
0.047900038562391764,0.377429215062133
0.047900038562391764,0.377429215062133
0.047900038562391764,0.377429215062133
0.047900038562391764,0.377429215062133
0.047900038562391764,0.377429215062133
0.0466349646535285,0.37759875333761417
0.0466349646535285,0.37759875333761417
0.0466349646535285,0.37759875333761417
0.0466349646535285,0.37759875333761417
0.0466349646535285,0.37759875333761417
0.0466349646535285,0.37759875333761417
0.0466349646535285,0.37759875333761417
0.045220976063641415,0.3777602964354293
0.045220976063641415,0.3777602964354293
0.045220976063641415,0.3777602964354293
0.045220976063641415,0.3777602964354293
0.047147306471619396,0.3775759617159218
0.047147306471619396,0.3775759617159218
0.047147306471619396,0.3775759617159218
0.04627608823009979,0.3776655453348256
0.04627608823009979,0.3776655453348256
0.04627608823009979,0.3776655453348256
0.04627608823009979,0.3776655453348256
0.04627608823009979,0.3776655453348256
0.04627608823009979,0.3776655453348256
0.04627608823009979,0.3776655453348256
0.04627608823009979,0.3776655453348256
0.04559254352527086,0.37777357799521544
0.04559254352527086,0.37777357799521544
0.04559254352527086,0.37777357799521544
0.04559254352527086,0.37777357799521544
0.04559254352527086,0.37777357799521544
0.04559254352527086,0.37777357799521544
0.04559254352527086,0.37777357799521544
0.04716737548416281,0.3776760656124746
0.04716737548416281,0.3776760656124746
0.04716737548416281,0.3776760656124746
0.04716737548416281,0.3776760656124746
0.04716737548416281,0.3776760656124746
0.04716737548416281,0.3776760656124746
0.04716737548416281,0.3776760656124746
0.04635821264189886,0.37779809962878314
0.04635821264189886,0.37779809962878314
0.04635821264189886,0.37779809962878314
0.04635821264189886,0.37779809962878314
0.04635821264189886,0.37779809962878314
0.04635821264189886,0.37779809962878314
0.04635821264189886,0.37779809962878314
0.04523078453475568,0.3779203627838591
0.04523078453475568,0.3779203627838591
0.04523078453475568,0.3779203627838591
0.04523078453475568,0.3779203627838591
0.04800000307821865,0.3776663609656532
0.04800000307821865,0.3776663609656532
0.04800000307821865,0.3776663609656532
0.04667190616724152,0.37778591077440415
0.04667190616724152,0.37778591077440415
0.04667190616724152,0.37778591077440415
0.04667190616724152,0.37778591077440415
0.04667190616724152,0.37778591077440415
0.04667190616724152,0.37778591077440415
0.04667190616724152,0.37778591077440415
0.04520768615126138,0.37792986791191274
0.04520768615126138,0.37792986791191274
0.04520768615126138,0.37792986791191274
0.04520768615126138,0.37792986791191274
0.04520768615126138,0.37792986791191274
0.04520768615126138,0.37792986791191274
0.04520768615126138,0.37792986791191274
0.046920812158802026,0.37778909920021914
0.046920812158802026,0.37778909920021914
0.046920812158802026,0.37778909920021914
0.046920812158802026,0.37778909920021914
0.046920812158802026,0.37778909920021914
0.046920812158802026,0.37778909920021914
0.046920812158802026,0.37778909920021914
0.045504332883820324,0.37790936974502937
0.045504332883820324,0.37790936974502937
0.045504332883820324,0.37790936974502937
0.045504332883820324,0.37790936974502937
0.045504332883820324,0.37790936974502937
0.045504332883820324,0.37790936974502937
0.045504332883820324,0.37790936974502937
0.045504332883820324,0.37790936974502937
0.04382803107289143,0.3780916523530172
0.04382803107289143,0.3780916523530172
0.04382803107289143,0.3780916523530172
0.04739794091963242,0.3777873765822438
0.04739794091963242,0.3777873765822438
0.04739794091963242,0.3777873765822438
0.04739794091963242,0.3777873765822438
0.045546270872009825,0.3780020887456632
0.045546270872009825,0.3780020887456632
0.045546270872009825,0.3780020887456632
0.045546270872009825,0.3780020887456632
0.045546270872009825,0.3780020887456632
0.045546270872009825,0.3780020887456632
0.045546270872009825,0.3780020887456632
0.04370834730878687,0.3781960924030099
0.04370834730878687,0.3781960924030099
0.04370834730878687,0.3781960924030099
0.04370834730878687,0.3781960924030099
0.04370834730878687,0.3781960924030099
0.04370834730878687,0.3781960924030099
0.04370834730878687,0.3781960924030099
0.04370834730878687,0.3781960924030099
0.045922350981621916,0.3780647386987534
0.045922350981621916,0.3780647386987534
0.045922350981621916,0.3780647386987534
0.045922350981621916,0.3780647386987534
0.045922350981621916,0.3780647386987534
0.045922350981621916,0.3780647386987534
0.045922350981621916,0.3780647386987534
0.045922350981621916,0.3780647386987534
0.04431591465887185,0.3782037147185556
0.04431591465887185,0.3782037147185556
0.04431591465887185,0.3782037147185556
0.04431591465887185,0.3782037147185556
0.04431591465887185,0.3782037147185556
0.04431591465887185,0.3782037147185556
0.04431591465887185,0.3782037147185556
0.04431591465887185,0.3782037147185556
0.04431591465887185,0.3782037147185556
0.04431591465887185,0.3782037147185556
0.042596593944397194,0.3783559209170257
0.042596593944397194,0.3783559209170257
0.042596593944397194,0.3783559209170257
0.042596593944397194,0.3783559209170257
0.046912538433302016,0.37803722734042494
0.046912538433302016,0.37803722734042494
0.046912538433302016,0.37803722734042494
0.046912538433302016,0.37803722734042494
0.046912538433302016,0.37803722734042494
0.045217892183191666,0.3782368235385363
0.045217892183191666,0.3782368235385363
0.045217892183191666,0.3782368235385363
0.045217892183191666,0.3782368235385363
0.045217892183191666,0.3782368235385363
0.045217892183191666,0.3782368235385363
0.045217892183191666,0.3782368235385363
0.045217892183191666,0.3782368235385363
0.045217892183191666,0.3782368235385363
0.045217892183191666,0.3782368235385363
0.04353893939363944,0.37840768231227223
0.04353893939363944,0.37840768231227223
0.04353893939363944,0.37840768231227223
0.04353893939363944,0.37840768231227223
0.04353893939363944,0.37840768231227223
0.04353893939363944,0.37840768231227223
0.04621910505143782,0.3782702637602598
0.04621910505143782,0.3782702637602598
0.04621910505143782,0.3782702637602598
0.04621910505143782,0.3782702637602598
0.04621910505143782,0.3782702637602598
0.04421834669251248,0.37845830817592624
0.04421834669251248,0.37845830817592624
0.04421834669251248,0.37845830817592624
0.04421834669251248,0.37845830817592624
0.04421834669251248,0.37845830817592624
0.04421834669251248,0.37845830817592624
0.042444514463546856,0.3785738460723579
0.042444514463546856,0.3785738460723579
0.04743649859532649,0.3782424797843459
0.04743649859532649,0.3782424797843459
0.04743649859532649,0.3782424797843459
0.04543488954240872,0.37843245385701096
0.04543488954240872,0.37843245385701096
0.04543488954240872,0.37843245385701096
0.04543488954240872,0.37843245385701096
0.04543488954240872,0.37843245385701096
0.043525433007933635,0.3785567179212156
0.043525433007933635,0.3785567179212156
0.043525433007933635,0.3785567179212156
0.043525433007933635,0.3785567179212156
0.043525433007933635,0.3785567179212156
0.046810441895926314,0.3783829210706921
0.046810441895926314,0.3783829210706921
0.046810441895926314,0.3783829210706921
0.046810441895926314,0.3783829210706921
0.046810441895926314,0.3783829210706921
0.046810441895926314,0.3783829210706921
0.044866826171195764,0.3785469567305392
0.044866826171195764,0.3785469567305392
0.044866826171195764,0.3785469567305392
0.044866826171195764,0.3785469567305392
0.044866826171195764,0.3785469567305392
0.044866826171195764,0.3785469567305392
0.04276844036185419,0.37867740678796336
0.04276844036185419,0.37867740678796336
0.04276844036185419,0.37867740678796336
0.048358090051623684,0.3783793705010316
0.048358090051623684,0.3783793705010316
0.04620531531905524,0.3785344349338024
0.04620531531905524,0.3785344349338024
0.04620531531905524,0.3785344349338024
0.04620531531905524,0.3785344349338024
0.04620531531905524,0.3785344349338024
0.04620531531905524,0.3785344349338024
0.04620531531905524,0.3785344349338024
0.0444156969903443,0.3786570325429647
0.0444156969903443,0.3786570325429647
0.0444156969903443,0.3786570325429647
0.0444156969903443,0.3786570325429647
0.0444156969903443,0.3786570325429647
0.0444156969903443,0.3786570325429647
0.0444156969903443,0.3786570325429647
0.0444156969903443,0.3786570325429647
0.04786625530996118,0.37848419478393897
0.04786625530996118,0.37848419478393897
0.04786625530996118,0.37848419478393897
0.04786625530996118,0.37848419478393897
0.045441872585904056,0.3786084609989371
0.045441872585904056,0.3786084609989371
0.045441872585904056,0.3786084609989371
0.045441872585904056,0.3786084609989371
0.045441872585904056,0.3786084609989371
0.045441872585904056,0.3786084609989371
0.04291151767053453,0.37874411701371014
0.04291151767053453,0.37874411701371014
0.049005949206658475,0.3784407624599737
0.049005949206658475,0.3784407624599737
0.049005949206658475,0.3784407624599737
0.04652653852756994,0.37860836043670587
0.04652653852756994,0.37860836043670587
0.04652653852756994,0.37860836043670587
0.04652653852756994,0.37860836043670587
0.04652653852756994,0.37860836043670587
0.04415899149176486,0.378703123683585
0.04415899149176486,0.378703123683585
0.04415899149176486,0.378703123683585
0.04415899149176486,0.378703123683585
0.04779594493856147,0.37849745051051226
0.04779594493856147,0.37849745051051226
0.04779594493856147,0.37849745051051226
0.04779594493856147,0.37849745051051226
0.04779594493856147,0.37849745051051226
0.04779594493856147,0.37849745051051226
0.04517632763362096,0.378618737373877
0.04517632763362096,0.378618737373877
0.04517632763362096,0.378618737373877
0.04517632763362096,0.378618737373877
0.04517632763362096,0.378618737373877
0.042494642689754614,0.37872028014412074
0.042494642689754614,0.37872028014412074
0.042494642689754614,0.37872028014412074
0.04899758639317147,0.3784580774859285
0.04899758639317147,0.3784580774859285
0.04623372548299732,0.37854346789382604
0.04623372548299732,0.37854346789382604
0.04623372548299732,0.37854346789382604
0.04623372548299732,0.37854346789382604
0.04366652998401188,0.37864428410281825
0.04366652998401188,0.37864428410281825
0.04366652998401188,0.37864428410281825
0.04366652998401188,0.37864428410281825
0.04366652998401188,0.37864428410281825
0.04740538140229174,0.3785235417631691
0.04740538140229174,0.3785235417631691
0.04740538140229174,0.3785235417631691
0.04740538140229174,0.3785235417631691
0.04740538140229174,0.3785235417631691
0.04740538140229174,0.3785235417631691
0.04460866091128264,0.37865488087025445
0.04460866091128264,0.37865488087025445
0.04460866091128264,0.37865488087025445
0.04460866091128264,0.37865488087025445
0.04460866091128264,0.37865488087025445
0.041915368230890995,0.3787424271986602
0.041915368230890995,0.3787424271986602
0.04872091047171274,0.37849004908103545
0.04872091047171274,0.37849004908103545
0.046120208001521834,0.378615354926307
0.046120208001521834,0.378615354926307
0.046120208001521834,0.378615354926307
0.046120208001521834,0.378615354926307
0.046120208001521834,0.378615354926307
0.046120208001521834,0.378615354926307
0.046120208001521834,0.378615354926307
0.04378120435286917,0.3787523450852915
0.04378120435286917,0.3787523450852915
0.04378120435286917,0.3787523450852915
0.04378120435286917,0.3787523450852915
0.04378120435286917,0.3787523450852915
0.04378120435286917,0.3787523450852915
0.04807510626620171,0.37860340595040926
0.04807510626620171,0.37860340595040926
0.04807510626620171,0.37860340595040926
0.04807510626620171,0.37860340595040926
0.045380746952915635,0.3786938574538533
0.045380746952915635,0.3786938574538533
0.045380746952915635,0.3786938574538533
0.045380746952915635,0.3786938574538533
0.045380746952915635,0.3786938574538533
0.045380746952915635,0.3786938574538533
0.042986433369319274,0.37879260259074377
0.042986433369319274,0.37879260259074377
0.042986433369319274,0.37879260259074377
0.0499855848203655,0.378540756659159
0.047101219595918786,0.3786358489988039
0.047101219595918786,0.3786358489988039
0.047101219595918786,0.3786358489988039
0.047101219595918786,0.3786358489988039
0.04427416412822509,0.3787090274849126
0.04427416412822509,0.3787090274849126
0.04427416412822509,0.3787090274849126
0.04427416412822509,0.3787090274849126
0.04427416412822509,0.3787090274849126
0.0487033717101912,0.3785313878265017
0.0487033717101912,0.3785313878265017
0.0487033717101912,0.3785313878265017
0.0487033717101912,0.3785313878265017
0.0487033717101912,0.3785313878265017
0.0487033717101912,0.3785313878265017
0.04563096741626585,0.37865854730020077
0.04563096741626585,0.37865854730020077
0.04563096741626585,0.37865854730020077
0.04563096741626585,0.37865854730020077
0.04563096741626585,0.37865854730020077
0.04563096741626585,0.37865854730020077
0.04304786768162322,0.3787911953153062
0.04304786768162322,0.3787911953153062
0.04304786768162322,0.3787911953153062
0.050130563073290856,0.37856837898831514
0.050130563073290856,0.37856837898831514
0.050130563073290856,0.37856837898831514
0.04766095638321318,0.37869075049410605
0.04766095638321318,0.37869075049410605
0.04766095638321318,0.37869075049410605
0.04766095638321318,0.37869075049410605
0.04766095638321318,0.37869075049410605
0.044922693171026186,0.3787716073795333
0.044922693171026186,0.3787716073795333
0.044922693171026186,0.3787716073795333
0.044922693171026186,0.3787716073795333
0.044922693171026186,0.3787716073795333
0.049331451105764534,0.3786474084455668
0.049331451105764534,0.3786474084455668
0.049331451105764534,0.3786474084455668
0.049331451105764534,0.3786474084455668
0.049331451105764534,0.3786474084455668
0.049331451105764534,0.3786474084455668
0.049331451105764534,0.3786474084455668
0.04645705263762912,0.37876726942053424
0.04645705263762912,0.37876726942053424
0.04645705263762912,0.37876726942053424
0.04645705263762912,0.37876726942053424
0.04645705263762912,0.37876726942053424
0.04367380613773311,0.37885282701444106
0.04367380613773311,0.37885282701444106
0.05072685745379517,0.3786109465090314
0.05072685745379517,0.3786109465090314
0.05072685745379517,0.3786109465090314
0.047796333531208816,0.3787574191962825
0.047796333531208816,0.3787574191962825
0.047796333531208816,0.3787574191962825
0.047796333531208816,0.3787574191962825
0.04526246153579926,0.3788692467015369
0.04526246153579926,0.3788692467015369
0.04526246153579926,0.3788692467015369
0.04526246153579926,0.3788692467015369
0.04948872835124265,0.3787118719673365
0.04948872835124265,0.3787118719673365
0.04948872835124265,0.3787118719673365
0.04948872835124265,0.3787118719673365
0.04948872835124265,0.3787118719673365
0.046803781134463915,0.3788692744084337
0.046803781134463915,0.3788692744084337
0.046803781134463915,0.3788692744084337
0.046803781134463915,0.3788692744084337
0.046803781134463915,0.3788692744084337
0.046803781134463915,0.3788692744084337
0.044134499830894174,0.3789680073093566
0.044134499830894174,0.3789680073093566
0.0510477052529606,0.3787144247256601
0.0510477052529606,0.3787144247256601
0.0510477052529606,0.3787144247256601
0.048541992057942615,0.37886683060587506
0.048541992057942615,0.37886683060587506
0.048541992057942615,0.37886683060587506
0.048541992057942615,0.37886683060587506
0.048541992057942615,0.37886683060587506
0.045938427256533944,0.3789905338797075
0.045938427256533944,0.3789905338797075
0.045938427256533944,0.3789905338797075
0.045938427256533944,0.3789905338797075
0.045938427256533944,0.3789905338797075
0.04997579648803478,0.3788591115257179
0.04997579648803478,0.3788591115257179
0.04997579648803478,0.3788591115257179
0.04997579648803478,0.3788591115257179
0.04997579648803478,0.3788591115257179
0.04742018792374966,0.3789961511443663
0.04742018792374966,0.3789961511443663
0.04742018792374966,0.3789961511443663
0.04742018792374966,0.3789961511443663
0.04742018792374966,0.3789961511443663
0.04742018792374966,0.3789961511443663
0.04742018792374966,0.3789961511443663
0.04489058691531631,0.37913767716272406
0.04489058691531631,0.37913767716272406
0.04489058691531631,0.37913767716272406
0.05155587018868749,0.3788617981863512
0.05155587018868749,0.3788617981863512
0.05155587018868749,0.3788617981863512
0.04904268612164009,0.37902448847459347
0.04904268612164009,0.37902448847459347
0.04904268612164009,0.37902448847459347
0.04904268612164009,0.37902448847459347
0.04904268612164009,0.37902448847459347
0.04904268612164009,0.37902448847459347
0.04665530602642309,0.37916500965780464
0.04665530602642309,0.37916500965780464
0.04665530602642309,0.37916500965780464
0.04665530602642309,0.37916500965780464
0.050338506155320276,0.37902805703760584
0.050338506155320276,0.37902805703760584
0.050338506155320276,0.37902805703760584
0.050338506155320276,0.37902805703760584
0.050338506155320276,0.37902805703760584
0.04786436575647355,0.3791853952322621
0.04786436575647355,0.3791853952322621
0.04786436575647355,0.3791853952322621
0.04786436575647355,0.3791853952322621
0.04786436575647355,0.3791853952322621
0.04541231632911295,0.37930866889165155
0.04541231632911295,0.37930866889165155
0.04541231632911295,0.37930866889165155
0.05172639154591154,0.3790144613886602
0.05172639154591154,0.3790144613886602
0.05172639154591154,0.3790144613886602
0.04932288399705981,0.37920888670215336
0.04932288399705981,0.37920888670215336
0.04932288399705981,0.37920888670215336
0.04932288399705981,0.37920888670215336
0.04932288399705981,0.37920888670215336
0.04932288399705981,0.37920888670215336
0.046717813424186364,0.3793862475591823
0.046717813424186364,0.3793862475591823
0.046717813424186364,0.3793862475591823
0.046717813424186364,0.3793862475591823
0.046717813424186364,0.3793862475591823
0.05036995930640559,0.37924604700860826
0.05036995930640559,0.37924604700860826
0.05036995930640559,0.37924604700860826
0.05036995930640559,0.37924604700860826
0.05036995930640559,0.37924604700860826
0.047723077565206676,0.3794183416668388
0.047723077565206676,0.3794183416668388
0.047723077565206676,0.3794183416668388
0.047723077565206676,0.3794183416668388
0.04535731558950115,0.37954825363290406
0.04535731558950115,0.37954825363290406
0.05122290997624527,0.3792467307062502
0.05122290997624527,0.3792467307062502
0.05122290997624527,0.3792467307062502
0.049047431560045596,0.37937944742773144
0.049047431560045596,0.37937944742773144
0.049047431560045596,0.37937944742773144
0.049047431560045596,0.37937944742773144
0.049047431560045596,0.37937944742773144
0.04704290994297535,0.3795374558587641
0.04704290994297535,0.3795374558587641
0.04704290994297535,0.3795374558587641
0.04704290994297535,0.3795374558587641
0.04704290994297535,0.3795374558587641
0.04704290994297535,0.3795374558587641
0.050190791750140455,0.3794194894923164
0.050190791750140455,0.3794194894923164
0.050190791750140455,0.3794194894923164
0.050190791750140455,0.3794194894923164
0.050190791750140455,0.3794194894923164
0.048351112678460775,0.37953062294073003
0.048351112678460775,0.37953062294073003
0.048351112678460775,0.37953062294073003
0.048351112678460775,0.37953062294073003
0.048351112678460775,0.37953062294073003
0.048351112678460775,0.37953062294073003
0.048351112678460775,0.37953062294073003
0.04668300775905869,0.3796895516728034
0.04668300775905869,0.3796895516728034
0.04668300775905869,0.3796895516728034
0.05200940674825582,0.37938442346902257
0.05200940674825582,0.37938442346902257
0.05011049194167481,0.379546045848443
0.05011049194167481,0.379546045848443
0.05011049194167481,0.379546045848443
0.05011049194167481,0.379546045848443
0.05011049194167481,0.379546045848443
0.047990806558615005,0.379708596467421
0.047990806558615005,0.379708596467421
0.047990806558615005,0.379708596467421
0.047990806558615005,0.379708596467421
0.047990806558615005,0.379708596467421
0.05065128135410738,0.37959027337281154
0.05065128135410738,0.37959027337281154
0.05065128135410738,0.37959027337281154
0.05065128135410738,0.37959027337281154
0.05065128135410738,0.37959027337281154
0.05065128135410738,0.37959027337281154
0.048509140691616034,0.37977344672819946
0.048509140691616034,0.37977344672819946
0.048509140691616034,0.37977344672819946
0.048509140691616034,0.37977344672819946
0.048509140691616034,0.37977344672819946
0.048509140691616034,0.37977344672819946
0.04683223248445807,0.3799333197363828
0.04683223248445807,0.3799333197363828
0.05153720838849907,0.3796365421874952
0.05153720838849907,0.3796365421874952
0.0497277999238899,0.379748631458556
0.0497277999238899,0.379748631458556
0.0497277999238899,0.379748631458556
0.0497277999238899,0.379748631458556
0.0480363445323412,0.3798700358664434
0.0480363445323412,0.3798700358664434
0.0480363445323412,0.3798700358664434
0.05072337869602763,0.3796759872947239
0.05072337869602763,0.3796759872947239
0.05072337869602763,0.3796759872947239
0.05072337869602763,0.3796759872947239
0.05072337869602763,0.3796759872947239
0.05072337869602763,0.3796759872947239
0.04882840125942345,0.37981775029302217
0.04882840125942345,0.37981775029302217
0.04882840125942345,0.37981775029302217
0.04882840125942345,0.37981775029302217
0.04882840125942345,0.37981775029302217
0.04740433319369523,0.37997852556458106
0.04740433319369523,0.37997852556458106
0.04740433319369523,0.37997852556458106
0.05141494639643594,0.3797039067893568
0.05141494639643594,0.3797039067893568
0.05003951041039454,0.37985459852547504
0.05003951041039454,0.37985459852547504
0.05003951041039454,0.37985459852547504
0.05003951041039454,0.37985459852547504
0.05003951041039454,0.37985459852547504
0.05003951041039454,0.37985459852547504
0.04863638413136162,0.3799967883017953
0.04863638413136162,0.3799967883017953
0.04863638413136162,0.3799967883017953
0.04863638413136162,0.3799967883017953
0.04863638413136162,0.3799967883017953
0.05074807350672228,0.3798603979539795
0.05074807350672228,0.3798603979539795
0.05074807350672228,0.3798603979539795
0.05074807350672228,0.3798603979539795
0.05074807350672228,0.3798603979539795
0.049165407192885896,0.3800131311019976
0.049165407192885896,0.3800131311019976
0.049165407192885896,0.3800131311019976
0.049165407192885896,0.3800131311019976
0.049165407192885896,0.3800131311019976
0.049165407192885896,0.3800131311019976
0.04758671094786865,0.38014667040185435
0.04758671094786865,0.38014667040185435
0.05084004631511535,0.3799053617755079
0.05084004631511535,0.3799053617755079
0.049356356478684416,0.38003280593517996
0.049356356478684416,0.38003280593517996
0.049356356478684416,0.38003280593517996
0.049356356478684416,0.38003280593517996
0.049356356478684416,0.38003280593517996
0.049356356478684416,0.38003280593517996
0.04782595275866386,0.38017065937124533
0.04782595275866386,0.38017065937124533
0.04782595275866386,0.38017065937124533
0.04782595275866386,0.38017065937124533
0.04782595275866386,0.38017065937124533
0.04943449900824967,0.3800449469380993
0.04943449900824967,0.3800449469380993
0.04943449900824967,0.3800449469380993
0.04943449900824967,0.3800449469380993
0.04943449900824967,0.3800449469380993
0.04845357783809183,0.3801848952887139
0.04845357783809183,0.3801848952887139
0.04845357783809183,0.3801848952887139
0.04845357783809183,0.3801848952887139
0.04845357783809183,0.3801848952887139
0.04845357783809183,0.3801848952887139
0.04845357783809183,0.3801848952887139
0.04845357783809183,0.3801848952887139
0.04712359552493357,0.38029128146905
0.04712359552493357,0.38029128146905
0.04712359552493357,0.38029128146905
0.04712359552493357,0.38029128146905
0.04712359552493357,0.38029128146905
0.04956808099354619,0.3800962566726832
0.04956808099354619,0.3800962566726832
0.04956808099354619,0.3800962566726832
0.04956808099354619,0.3800962566726832
0.04956808099354619,0.3800962566726832
0.048503326376468876,0.3801452395935672
0.048503326376468876,0.3801452395935672
0.048503326376468876,0.3801452395935672
0.048503326376468876,0.3801452395935672
0.048503326376468876,0.3801452395935672
0.048503326376468876,0.3801452395935672
0.048503326376468876,0.3801452395935672
0.048503326376468876,0.3801452395935672
0.048503326376468876,0.3801452395935672
0.048503326376468876,0.3801452395935672
0.048503326376468876,0.3801452395935672
0.047495670651389585,0.3801938933392375
0.047495670651389585,0.3801938933392375
0.047495670651389585,0.3801938933392375
0.047495670651389585,0.3801938933392375
0.047495670651389585,0.3801938933392375
0.047495670651389585,0.3801938933392375
0.047495670651389585,0.3801938933392375
0.047495670651389585,0.3801938933392375
0.047495670651389585,0.3801938933392375
0.047495670651389585,0.3801938933392375
0.047495670651389585,0.3801938933392375
0.04866184731313604,0.38009961266280484
0.04866184731313604,0.38009961266280484
0.04866184731313604,0.38009961266280484
0.04866184731313604,0.38009961266280484
0.04866184731313604,0.38009961266280484
0.04779924870844909,0.380191798025432
0.04779924870844909,0.380191798025432
0.04779924870844909,0.380191798025432
0.04779924870844909,0.380191798025432
0.04779924870844909,0.380191798025432
0.04779924870844909,0.380191798025432
0.046618302242290896,0.38032106709658964
0.046618302242290896,0.38032106709658964
0.046618302242290896,0.38032106709658964
0.04821503191106763,0.38018995547804113
0.04821503191106763,0.38018995547804113
0.04708470774618824,0.3803047251492404
0.04708470774618824,0.3803047251492404
0.04708470774618824,0.3803047251492404
0.04708470774618824,0.3803047251492404
0.04708470774618824,0.3803047251492404
0.04708470774618824,0.3803047251492404
0.046056396086645274,0.3803260232407177
0.046056396086645274,0.3803260232407177
0.046056396086645274,0.3803260232407177
0.046056396086645274,0.3803260232407177
0.046056396086645274,0.3803260232407177
0.046056396086645274,0.3803260232407177
0.04630199069295983,0.38023595937266075
0.04630199069295983,0.38023595937266075
0.04630199069295983,0.38023595937266075
0.04630199069295983,0.38023595937266075
0.04630199069295983,0.38023595937266075
0.04630199069295983,0.38023595937266075
0.04547878605547752,0.3802291039901382
0.04547878605547752,0.3802291039901382
0.04547878605547752,0.3802291039901382
0.04547878605547752,0.3802291039901382
0.04547878605547752,0.3802291039901382
0.04547878605547752,0.3802291039901382
0.04547878605547752,0.3802291039901382
0.04485510976880466,0.38019683068325144
0.04485510976880466,0.38019683068325144
0.04485510976880466,0.38019683068325144
0.04557914026047602,0.38015278216851356
0.04557914026047602,0.38015278216851356
0.04557914026047602,0.38015278216851356
0.045002282423411255,0.380125678642834
0.045002282423411255,0.380125678642834
0.045002282423411255,0.380125678642834
0.045002282423411255,0.380125678642834
0.045002282423411255,0.380125678642834
0.045002282423411255,0.380125678642834
0.044514147276008775,0.3801227803731761
0.044514147276008775,0.3801227803731761
0.044514147276008775,0.3801227803731761
0.044514147276008775,0.3801227803731761
0.04473525090861899,0.38011002830345486
0.04473525090861899,0.38011002830345486
0.04473525090861899,0.38011002830345486
0.04473525090861899,0.38011002830345486
0.04452999510372351,0.380124494649111
0.04452999510372351,0.380124494649111
0.04452999510372351,0.380124494649111
0.044485025873672035,0.3801062620033814
0.044485025873672035,0.3801062620033814
0.044485025873672035,0.3801062620033814
0.04432677476629308,0.38018359958457
0.04432677476629308,0.38018359958457
0.044664707085973365,0.38016011975026565
0.044664707085973365,0.38016011975026565
0.044664707085973365,0.38016011975026565
0.044664707085973365,0.38016011975026565
0.044664707085973365,0.38016011975026565
0.04500935099678814,0.38009206479938334
0.04500935099678814,0.38009206479938334
0.04500935099678814,0.38009206479938334
0.04500935099678814,0.38009206479938334
0.04500935099678814,0.38009206479938334
0.04478918991973496,0.3802179243175712
0.04478918991973496,0.3802179243175712
0.04478918991973496,0.3802179243175712
0.04478918991973496,0.3802179243175712
0.04478918991973496,0.3802179243175712
0.04478918991973496,0.3802179243175712
0.04501284882461293,0.3802116860586342
0.04501284882461293,0.3802116860586342
0.04501284882461293,0.3802116860586342
0.04501284882461293,0.3802116860586342
0.04501284882461293,0.3802116860586342
0.04532765789318439,0.3801486725314455
0.04532765789318439,0.3801486725314455
0.04532765789318439,0.3801486725314455
0.04429096814828711,0.38037027642028515
0.04429096814828711,0.38037027642028515
0.04478455439278334,0.38029533198104
0.04478455439278334,0.38029533198104
0.04478455439278334,0.38029533198104
0.04478455439278334,0.38029533198104
0.04478455439278334,0.38029533198104
0.045576236067349465,0.3801880575067331
0.045576236067349465,0.3801880575067331
0.045576236067349465,0.3801880575067331
0.045576236067349465,0.3801880575067331
0.045576236067349465,0.3801880575067331
0.04497612530287092,0.38037478476633446
0.04497612530287092,0.38037478476633446
0.04497612530287092,0.38037478476633446
0.04497612530287092,0.38037478476633446
0.04497612530287092,0.38037478476633446
0.04497612530287092,0.38037478476633446
0.04526264782312472,0.3803096894140151
0.04526264782312472,0.3803096894140151
0.04526264782312472,0.3803096894140151
0.04526264782312472,0.3803096894140151
0.04526264782312472,0.3803096894140151
0.04526264782312472,0.3803096894140151
0.04567355509273801,0.38021726248327514
0.04567355509273801,0.38021726248327514
0.04377754496001363,0.3806043977466582
0.04377754496001363,0.3806043977466582
0.0446401581370575,0.38043048565452464
0.0446401581370575,0.38043048565452464
0.0446401581370575,0.38043048565452464
0.0446401581370575,0.38043048565452464
0.0446401581370575,0.38043048565452464
0.04552067367723404,0.38024725926745545
0.04552067367723404,0.38024725926745545
0.04552067367723404,0.38024725926745545
0.04552067367723404,0.38024725926745545
0.04552067367723404,0.38024725926745545
0.044298970781559754,0.3804883393027237
0.044298970781559754,0.3804883393027237
0.044298970781559754,0.3804883393027237
0.044298970781559754,0.3804883393027237
0.04541721387547044,0.3802704152558226
0.04541721387547044,0.3802704152558226
0.04541721387547044,0.3802704152558226
0.04541721387547044,0.3802704152558226
0.04655742124149591,0.38005053349003265
0.04655742124149591,0.38005053349003265
0.04383080349936885,0.3805970156789209
0.04383080349936885,0.3805970156789209
0.044995765016684675,0.3803652665308484
0.044995765016684675,0.3803652665308484
0.044995765016684675,0.3803652665308484
0.044995765016684675,0.3803652665308484
0.044995765016684675,0.3803652665308484
0.04632174909894861,0.3801535848373289
0.04632174909894861,0.3801535848373289
0.04632174909894861,0.3801535848373289
0.04632174909894861,0.3801535848373289
0.04632174909894861,0.3801535848373289
0.04632174909894861,0.3801535848373289
0.04438256382871471,0.3806047247060617
0.04438256382871471,0.3806047247060617
0.04438256382871471,0.3806047247060617
0.04438256382871471,0.3806047247060617
0.04438256382871471,0.3806047247060617
0.04438256382871471,0.3806047247060617
0.04438256382871471,0.3806047247060617
0.04518658477675074,0.38045844878660895
0.04518658477675074,0.38045844878660895
0.04518658477675074,0.38045844878660895
0.04518658477675074,0.38045844878660895
0.04518658477675074,0.38045844878660895
0.04518658477675074,0.38045844878660895
0.04606977464095391,0.38029245175249776
0.04606977464095391,0.38029245175249776
0.04606977464095391,0.38029245175249776
0.04606977464095391,0.38029245175249776
0.04256362249935292,0.3810298371802713
0.04256362249935292,0.3810298371802713
0.043776360257647286,0.38082283820378
0.043776360257647286,0.38082283820378
0.043776360257647286,0.38082283820378
0.043776360257647286,0.38082283820378
0.043776360257647286,0.38082283820378
0.043776360257647286,0.38082283820378
0.043776360257647286,0.38082283820378
0.04519414174604963,0.3805679221554254
0.04519414174604963,0.3805679221554254
0.04519414174604963,0.3805679221554254
0.04519414174604963,0.3805679221554254
0.04519414174604963,0.3805679221554254
0.04519414174604963,0.3805679221554254
0.04519414174604963,0.3805679221554254
0.04519414174604963,0.3805679221554254
0.04519414174604963,0.3805679221554254
0.04299510485751551,0.38106773661455184
0.04299510485751551,0.38106773661455184
0.04299510485751551,0.38106773661455184
0.04299510485751551,0.38106773661455184
0.0448218010026816,0.3806969755928647
0.0448218010026816,0.3806969755928647
0.0448218010026816,0.3806969755928647
0.0448218010026816,0.3806969755928647
0.04656758090563652,0.38029956034561296
0.04656758090563652,0.38029956034561296
0.042343247019820035,0.3812397431625225
0.042343247019820035,0.3812397431625225
0.042343247019820035,0.3812397431625225
0.04399196525268596,0.3808979312453069
0.04399196525268596,0.3808979312453069
0.04399196525268596,0.3808979312453069
0.04399196525268596,0.3808979312453069
0.04399196525268596,0.3808979312453069
0.045595345891684555,0.3805374633882831
0.045595345891684555,0.3805374633882831
0.045595345891684555,0.3805374633882831
0.045595345891684555,0.3805374633882831
0.045595345891684555,0.3805374633882831
0.04298145425934148,0.38113228141072714
0.04298145425934148,0.38113228141072714
0.04298145425934148,0.38113228141072714
0.04298145425934148,0.38113228141072714
0.04298145425934148,0.38113228141072714
0.044860328185768295,0.38067604358250806
0.044860328185768295,0.38067604358250806
0.044860328185768295,0.38067604358250806
0.044860328185768295,0.38067604358250806
0.044860328185768295,0.38067604358250806
0.044860328185768295,0.38067604358250806
0.047104349268803386,0.38021915095191067
0.047104349268803386,0.38021915095191067
0.047104349268803386,0.38021915095191067
0.04222542021271379,0.3813262916072149
0.04222542021271379,0.3813262916072149
0.044275434431350146,0.3809259214960497
0.044275434431350146,0.3809259214960497
0.044275434431350146,0.3809259214960497
0.044275434431350146,0.3809259214960497
0.044275434431350146,0.3809259214960497
0.04623519763172364,0.3805168533315392
0.04623519763172364,0.3805168533315392
0.04623519763172364,0.3805168533315392
0.04623519763172364,0.3805168533315392
0.043230278379418646,0.38118196848819846
0.043230278379418646,0.38118196848819846
0.043230278379418646,0.38118196848819846
0.043230278379418646,0.38118196848819846
0.043230278379418646,0.38118196848819846
0.043230278379418646,0.38118196848819846
0.04542027449087713,0.3807156702365515
0.04542027449087713,0.3807156702365515
0.04542027449087713,0.3807156702365515
0.04542027449087713,0.3807156702365515
0.04542027449087713,0.3807156702365515
0.04542027449087713,0.3807156702365515
0.047726454051510325,0.38022492352854986
0.047726454051510325,0.38022492352854986
0.04227090939518666,0.3814779367567815
0.04227090939518666,0.3814779367567815
0.04227090939518666,0.3814779367567815
0.044484018420624244,0.3809980465367616
0.044484018420624244,0.3809980465367616
0.044484018420624244,0.3809980465367616
0.044484018420624244,0.3809980465367616
0.044484018420624244,0.3809980465367616
0.044484018420624244,0.3809980465367616
0.044484018420624244,0.3809980465367616
0.04693669058322565,0.38052028256786274
0.04693669058322565,0.38052028256786274
0.04693669058322565,0.38052028256786274
0.04693669058322565,0.38052028256786274
0.04693669058322565,0.38052028256786274
0.04693669058322565,0.38052028256786274
0.04371190625854966,0.38128713696262084
0.04371190625854966,0.38128713696262084
0.04371190625854966,0.38128713696262084
0.04371190625854966,0.38128713696262084
0.04371190625854966,0.38128713696262084
0.04587980364639062,0.380757515931997
0.04587980364639062,0.380757515931997
0.04587980364639062,0.380757515931997
0.04587980364639062,0.380757515931997
0.04587980364639062,0.380757515931997
0.04806871594068919,0.38020842414758965
0.04806871594068919,0.38020842414758965
0.04806871594068919,0.38020842414758965
0.04213191428212203,0.38161856923474
0.04213191428212203,0.38161856923474
0.04213191428212203,0.38161856923474
0.04465193688707454,0.3811044025690932
0.04465193688707454,0.3811044025690932
0.04465193688707454,0.3811044025690932
0.04465193688707454,0.3811044025690932
0.04465193688707454,0.3811044025690932
0.04720706692204213,0.3805213023941123
0.04720706692204213,0.3805213023941123
0.04720706692204213,0.3805213023941123
0.04720706692204213,0.3805213023941123
0.04720706692204213,0.3805213023941123
0.0437266206854236,0.3813872425145445
0.0437266206854236,0.3813872425145445
0.0437266206854236,0.3813872425145445
0.0437266206854236,0.3813872425145445
0.046072658782016725,0.3808018433712532
0.046072658782016725,0.3808018433712532
0.046072658782016725,0.3808018433712532
0.046072658782016725,0.3808018433712532
0.046072658782016725,0.3808018433712532
0.046072658782016725,0.3808018433712532
0.04884331676135288,0.38019941470515184
0.04884331676135288,0.38019941470515184
0.04251466771978463,0.3817177128647766
0.04251466771978463,0.3817177128647766
0.04498017145292172,0.38117562842704683
0.04498017145292172,0.38117562842704683
0.04498017145292172,0.38117562842704683
0.04498017145292172,0.38117562842704683
0.04764393020467035,0.3805076062368983
0.04764393020467035,0.3805076062368983
0.04764393020467035,0.3805076062368983
0.04764393020467035,0.3805076062368983
0.04764393020467035,0.3805076062368983
0.04764393020467035,0.3805076062368983
0.04397066045000851,0.3814638759797438
0.04397066045000851,0.3814638759797438
0.04397066045000851,0.3814638759797438
0.04397066045000851,0.3814638759797438
0.04397066045000851,0.3814638759797438
0.04397066045000851,0.3814638759797438
0.04691241081558924,0.38084583964187174
0.04691241081558924,0.38084583964187174
0.04691241081558924,0.38084583964187174
0.04691241081558924,0.38084583964187174
0.04691241081558924,0.38084583964187174
0.04691241081558924,0.38084583964187174
0.04691241081558924,0.38084583964187174
0.050144416867816996,0.3801988864591584
0.050144416867816996,0.3801988864591584
0.050144416867816996,0.3801988864591584
0.050144416867816996,0.3801988864591584
0.043527797771442736,0.38181116821248234
0.043527797771442736,0.38181116821248234
0.043527797771442736,0.38181116821248234
0.043527797771442736,0.38181116821248234
0.046706895654678504,0.3812268071543538
0.046706895654678504,0.3812268071543538
0.046706895654678504,0.3812268071543538
0.046706895654678504,0.3812268071543538
0.046706895654678504,0.3812268071543538
0.046706895654678504,0.3812268071543538
0.046706895654678504,0.3812268071543538
0.04992378394130232,0.38058638876855705
0.04992378394130232,0.38058638876855705
0.04992378394130232,0.38058638876855705
0.04992378394130232,0.38058638876855705
0.04992378394130232,0.38058638876855705
0.04992378394130232,0.38058638876855705
0.04992378394130232,0.38058638876855705
0.04992378394130232,0.38058638876855705
0.04992378394130232,0.38058638876855705
0.046570727389332336,0.38155851332192386
0.046570727389332336,0.38155851332192386
0.046570727389332336,0.38155851332192386
0.046570727389332336,0.38155851332192386
0.046570727389332336,0.38155851332192386
0.046570727389332336,0.38155851332192386
0.046570727389332336,0.38155851332192386
0.046570727389332336,0.38155851332192386
0.04981205731243342,0.38091956962031065
0.04981205731243342,0.38091956962031065
0.04981205731243342,0.38091956962031065
0.04981205731243342,0.38091956962031065
0.04981205731243342,0.38091956962031065
0.04981205731243342,0.38091956962031065
0.04981205731243342,0.38091956962031065
0.04981205731243342,0.38091956962031065
0.053043461182279254,0.3802509575505043
0.053043461182279254,0.3802509575505043
0.053043461182279254,0.3802509575505043
0.053043461182279254,0.3802509575505043
0.046244390485332236,0.3819314887741357
0.046244390485332236,0.3819314887741357
0.046244390485332236,0.3819314887741357
0.046244390485332236,0.3819314887741357
0.049242028311915195,0.3813319921718116
0.049242028311915195,0.3813319921718116
0.049242028311915195,0.3813319921718116
0.049242028311915195,0.3813319921718116
0.049242028311915195,0.3813319921718116
0.049242028311915195,0.3813319921718116
0.049242028311915195,0.3813319921718116
0.049242028311915195,0.3813319921718116
0.05232414166146606,0.38066619625698633
0.05232414166146606,0.38066619625698633
0.05232414166146606,0.38066619625698633
0.05232414166146606,0.38066619625698633
0.05232414166146606,0.38066619625698633
0.05232414166146606,0.38066619625698633
0.05232414166146606,0.38066619625698633
0.05232414166146606,0.38066619625698633
0.048837665080202416,0.38167578257429724
0.048837665080202416,0.38167578257429724
0.048837665080202416,0.38167578257429724
0.048837665080202416,0.38167578257429724
0.048837665080202416,0.38167578257429724
0.05157893040866589,0.38108451652241304
0.05157893040866589,0.38108451652241304
0.05157893040866589,0.38108451652241304
0.05157893040866589,0.38108451652241304
0.05157893040866589,0.38108451652241304
0.05157893040866589,0.38108451652241304
0.05437208608693138,0.38042949056400377
0.05437208608693138,0.38042949056400377
0.05437208608693138,0.38042949056400377
0.0475006410531474,0.3821608077852877
0.0475006410531474,0.3821608077852877
0.0475006410531474,0.3821608077852877
0.0475006410531474,0.3821608077852877
0.050522495226356524,0.3815376991490162
0.050522495226356524,0.3815376991490162
0.050522495226356524,0.3815376991490162
0.050522495226356524,0.3815376991490162
0.050522495226356524,0.3815376991490162
0.050522495226356524,0.3815376991490162
0.05354151679849713,0.3808342363912874
0.05354151679849713,0.3808342363912874
0.05354151679849713,0.3808342363912874
0.05354151679849713,0.3808342363912874
0.05354151679849713,0.3808342363912874
0.05354151679849713,0.3808342363912874
0.05354151679849713,0.3808342363912874
0.050071070714606626,0.3818407097743384
0.050071070714606626,0.3818407097743384
0.050071070714606626,0.3818407097743384
0.050071070714606626,0.3818407097743384
0.050071070714606626,0.3818407097743384
0.050071070714606626,0.3818407097743384
0.050071070714606626,0.3818407097743384
0.05343079592538233,0.3810528212245635
0.05343079592538233,0.3810528212245635
0.05343079592538233,0.3810528212245635
0.05343079592538233,0.3810528212245635
0.05343079592538233,0.3810528212245635
0.05343079592538233,0.3810528212245635
0.05343079592538233,0.3810528212245635
0.05665760918426622,0.3802837991019489
0.05665760918426622,0.3802837991019489
0.05665760918426622,0.3802837991019489
0.05665760918426622,0.3802837991019489
0.04982693194746025,0.3820574641105201
0.04982693194746025,0.3820574641105201
0.04982693194746025,0.3820574641105201
0.04982693194746025,0.3820574641105201
0.05316703266348513,0.3813106906374881
0.05316703266348513,0.3813106906374881
0.05316703266348513,0.3813106906374881
0.05316703266348513,0.3813106906374881
0.05316703266348513,0.3813106906374881
0.05316703266348513,0.3813106906374881
0.05316703266348513,0.3813106906374881
0.056322569487817414,0.380559672499634
0.056322569487817414,0.380559672499634
0.056322569487817414,0.380559672499634
0.056322569487817414,0.380559672499634
0.056322569487817414,0.380559672499634
0.056322569487817414,0.380559672499634
0.056322569487817414,0.380559672499634
0.056322569487817414,0.380559672499634
0.05253597263768589,0.38166422535311795
0.05253597263768589,0.38166422535311795
0.05253597263768589,0.38166422535311795
0.05253597263768589,0.38166422535311795
0.05253597263768589,0.38166422535311795
0.05253597263768589,0.38166422535311795
0.05253597263768589,0.38166422535311795
0.05253597263768589,0.38166422535311795
0.05253597263768589,0.38166422535311795
0.05253597263768589,0.38166422535311795
0.05253597263768589,0.38166422535311795
0.055300050073198735,0.38100332155979616
0.055300050073198735,0.38100332155979616
0.055300050073198735,0.38100332155979616
0.055300050073198735,0.38100332155979616
0.055300050073198735,0.38100332155979616
0.055300050073198735,0.38100332155979616
0.055300050073198735,0.38100332155979616
0.057977904849035596,0.3803555151303227
0.057977904849035596,0.3803555151303227
0.057977904849035596,0.3803555151303227
0.05129035640502689,0.3821256588901416
0.05129035640502689,0.3821256588901416
0.05129035640502689,0.3821256588901416
0.054048254009791644,0.3814552989353303
0.054048254009791644,0.3814552989353303
0.054048254009791644,0.3814552989353303
0.054048254009791644,0.3814552989353303
0.05647594747570966,0.3807878553799189
0.05647594747570966,0.3807878553799189
0.05647594747570966,0.3807878553799189
0.05647594747570966,0.3807878553799189
0.05647594747570966,0.3807878553799189
0.05647594747570966,0.3807878553799189
0.05647594747570966,0.3807878553799189
0.052780467246007205,0.3818076553917081
0.052780467246007205,0.3818076553917081
0.052780467246007205,0.3818076553917081
0.052780467246007205,0.3818076553917081
0.05567470027049927,0.3810923942702243
0.05567470027049927,0.3810923942702243
0.05567470027049927,0.3810923942702243
0.05567470027049927,0.3810923942702243
0.05850319909230771,0.38033016092216104
0.05850319909230771,0.38033016092216104
0.05850319909230771,0.38033016092216104
0.052062579490783314,0.3820681279279175
0.052062579490783314,0.3820681279279175
0.052062579490783314,0.3820681279279175
0.054749486417931405,0.3814074524606115
0.054749486417931405,0.3814074524606115
0.054749486417931405,0.3814074524606115
0.054749486417931405,0.3814074524606115
0.05723305902627088,0.3806935831277329
0.05723305902627088,0.3806935831277329
0.05723305902627088,0.3806935831277329
0.05723305902627088,0.3806935831277329
0.053646229303310825,0.3816525052737579
0.053646229303310825,0.3816525052737579
0.053646229303310825,0.3816525052737579
0.053646229303310825,0.3816525052737579
0.0562580066298163,0.38096945635375495
0.0562580066298163,0.38096945635375495
0.0562580066298163,0.38096945635375495
0.0562580066298163,0.38096945635375495
0.0562580066298163,0.38096945635375495
0.058828667337814965,0.38029529083657737
0.058828667337814965,0.38029529083657737
0.058828667337814965,0.38029529083657737
0.05272992669669136,0.38195645499184894
0.05272992669669136,0.38195645499184894
0.05272992669669136,0.38195645499184894
0.055173344805665575,0.381366435775365
0.055173344805665575,0.381366435775365
0.055173344805665575,0.381366435775365
0.055173344805665575,0.381366435775365
0.05762852069474296,0.38071355423593245
0.05762852069474296,0.38071355423593245
0.05762852069474296,0.38071355423593245
0.05762852069474296,0.38071355423593245
0.05762852069474296,0.38071355423593245
0.05410985145534099,0.38165223804558157
0.05410985145534099,0.38165223804558157
0.05410985145534099,0.38165223804558157
0.05410985145534099,0.38165223804558157
0.05410985145534099,0.38165223804558157
0.05410985145534099,0.38165223804558157
0.056490955241138924,0.38104865569347796
0.056490955241138924,0.38104865569347796
0.056490955241138924,0.38104865569347796
0.056490955241138924,0.38104865569347796
0.056490955241138924,0.38104865569347796
0.0589313786005496,0.38039113508798633
0.0589313786005496,0.38039113508798633
0.0589313786005496,0.38039113508798633
0.05326863241501581,0.3819497955298887
0.05326863241501581,0.3819497955298887
0.05326863241501581,0.3819497955298887
0.05576274328425237,0.3813546103812222
0.05576274328425237,0.3813546103812222
0.05576274328425237,0.3813546103812222
0.05576274328425237,0.3813546103812222
0.05787794882467447,0.3807107983023423
0.05787794882467447,0.3807107983023423
0.05787794882467447,0.3807107983023423
0.05787794882467447,0.3807107983023423
0.0546834983933935,0.3814991763356652
0.0546834983933935,0.3814991763356652
0.0546834983933935,0.3814991763356652
0.0546834983933935,0.3814991763356652
0.0546834983933935,0.3814991763356652
0.056920774854234316,0.3808626986084723
0.056920774854234316,0.3808626986084723
0.056920774854234316,0.3808626986084723
0.056920774854234316,0.3808626986084723
0.05913579414842241,0.38025055204679864
0.05913579414842241,0.38025055204679864
0.05913579414842241,0.38025055204679864
0.05398861597378304,0.38165418516587885
0.05398861597378304,0.38165418516587885
0.05398861597378304,0.38165418516587885
0.056485030763884087,0.3810045360854356
0.056485030763884087,0.3810045360854356
0.056485030763884087,0.3810045360854356
0.056485030763884087,0.3810045360854356
0.05871662474935091,0.38042029067888383
0.05871662474935091,0.38042029067888383
0.05871662474935091,0.38042029067888383
0.05871662474935091,0.38042029067888383
0.05585371079452381,0.38120955230241854
0.05585371079452381,0.38120955230241854
0.05585371079452381,0.38120955230241854
0.05585371079452381,0.38120955230241854
0.05585371079452381,0.38120955230241854
0.057616918672122514,0.38074025588649485
0.057616918672122514,0.38074025588649485
0.057616918672122514,0.38074025588649485
0.057616918672122514,0.38074025588649485
0.0594295574896076,0.3801814032835514
0.0594295574896076,0.3801814032835514
0.0548821630069434,0.38142481667222905
0.0548821630069434,0.38142481667222905
0.0548821630069434,0.38142481667222905
0.0568353229269044,0.38088908092829277
0.0568353229269044,0.38088908092829277
0.0568353229269044,0.38088908092829277
0.0568353229269044,0.38088908092829277
0.0568353229269044,0.38088908092829277
0.05877551458432612,0.3803381967678756
0.05877551458432612,0.3803381967678756
0.05877551458432612,0.3803381967678756
0.05877551458432612,0.3803381967678756
0.05877551458432612,0.3803381967678756
0.05877551458432612,0.3803381967678756
0.056321068230469465,0.3810605052905879
0.056321068230469465,0.3810605052905879
0.056321068230469465,0.3810605052905879
0.056321068230469465,0.3810605052905879
0.056321068230469465,0.3810605052905879
0.05780925810139691,0.3806471080473638
0.05780925810139691,0.3806471080473638
0.05780925810139691,0.3806471080473638
0.05950304583311138,0.3801204637083916
0.05950304583311138,0.3801204637083916
0.055624107352994924,0.38117605685806616
0.055624107352994924,0.38117605685806616
0.05716767552953285,0.38077071022409115
0.05716767552953285,0.38077071022409115
0.05716767552953285,0.38077071022409115
0.05716767552953285,0.38077071022409115
0.05716767552953285,0.38077071022409115
0.058656719316277355,0.3803302049342817
0.058656719316277355,0.3803302049342817
0.058656719316277355,0.3803302049342817
0.058656719316277355,0.3803302049342817
0.058656719316277355,0.3803302049342817
0.058656719316277355,0.3803302049342817
0.05691951394025922,0.38083799421646386
0.05691951394025922,0.38083799421646386
0.05691951394025922,0.38083799421646386
0.05691951394025922,0.38083799421646386
0.05691951394025922,0.38083799421646386
0.05691951394025922,0.38083799421646386
0.05691951394025922,0.38083799421646386
0.05691951394025922,0.38083799421646386
0.05817807541639584,0.38046552608090417
0.05817807541639584,0.38046552608090417
0.05817807541639584,0.38046552608090417
0.05817807541639584,0.38046552608090417
0.05817807541639584,0.38046552608090417
0.05817807541639584,0.38046552608090417
0.05817807541639584,0.38046552608090417
0.05817807541639584,0.38046552608090417
0.059275338718613964,0.3801439854189367
0.059275338718613964,0.3801439854189367
0.05612614298150375,0.38099544711232053
0.05612614298150375,0.38099544711232053
0.05612614298150375,0.38099544711232053
0.05713350017596715,0.38068417501899854
0.05713350017596715,0.38068417501899854
0.05713350017596715,0.38068417501899854
0.05713350017596715,0.38068417501899854
0.05713350017596715,0.38068417501899854
0.058154934743795905,0.38037542840260163
0.058154934743795905,0.38037542840260163
0.058154934743795905,0.38037542840260163
0.058154934743795905,0.38037542840260163
0.05650212165019215,0.3807857839856299
0.05650212165019215,0.3807857839856299
0.05650212165019215,0.3807857839856299
0.05650212165019215,0.3807857839856299
0.0577495780823052,0.3804389117505371
0.0577495780823052,0.3804389117505371
0.0577495780823052,0.3804389117505371
0.0577495780823052,0.3804389117505371
0.0577495780823052,0.3804389117505371
0.05862826522957948,0.3801742262880521
0.05862826522957948,0.3801742262880521
0.056261832881666946,0.38081729829072103
0.056261832881666946,0.38081729829072103
0.05713442967403783,0.38050339383969717
0.05713442967403783,0.38050339383969717
0.05713442967403783,0.38050339383969717
0.05713442967403783,0.38050339383969717
0.05713442967403783,0.38050339383969717
0.057820060309220565,0.380309459457543
0.057820060309220565,0.380309459457543
0.057820060309220565,0.380309459457543
0.057820060309220565,0.380309459457543
0.056390028192300205,0.3806681325065569
0.056390028192300205,0.3806681325065569
0.056390028192300205,0.3806681325065569
0.056390028192300205,0.3806681325065569
0.05697535261108936,0.38045193288639484
0.05697535261108936,0.38045193288639484
0.05697535261108936,0.38045193288639484
0.05697535261108936,0.38045193288639484
0.05792896018688156,0.380245495832136
0.05792896018688156,0.380245495832136
0.05638557422305516,0.3806752578428798
0.05638557422305516,0.3806752578428798
0.05638557422305516,0.3806752578428798
0.05685341930778644,0.38050942623090656
0.05685341930778644,0.38050942623090656
0.05685341930778644,0.38050942623090656
0.05685341930778644,0.38050942623090656
0.05685341930778644,0.38050942623090656
0.05685341930778644,0.38050942623090656
0.05711183265995016,0.380453121978399
0.05711183265995016,0.380453121978399
0.05711183265995016,0.380453121978399
0.05711183265995016,0.380453121978399
0.05711183265995016,0.380453121978399
0.05711183265995016,0.380453121978399
0.05711183265995016,0.380453121978399
0.05711183265995016,0.380453121978399
0.05711183265995016,0.380453121978399
0.05624768668592625,0.38067288921310943
0.05624768668592625,0.38067288921310943
0.05624768668592625,0.38067288921310943
0.05624768668592625,0.38067288921310943
0.05624768668592625,0.38067288921310943
0.05624768668592625,0.38067288921310943
0.05624768668592625,0.38067288921310943
0.05645678142623302,0.3805967308786191
0.05645678142623302,0.3805967308786191
0.05645678142623302,0.3805967308786191
0.05645678142623302,0.3805967308786191
0.05645678142623302,0.3805967308786191
0.05645678142623302,0.3805967308786191
0.05690371644421442,0.3804980761756038
0.05690371644421442,0.3804980761756038
0.05690371644421442,0.3804980761756038
0.05690371644421442,0.3804980761756038
0.05621224921081136,0.38071724166274684
0.05621224921081136,0.38071724166274684
0.05621224921081136,0.38071724166274684
0.05621224921081136,0.38071724166274684
0.05663418643365032,0.3806676114826939
0.05663418643365032,0.3806676114826939
0.05663418643365032,0.3806676114826939
0.05663418643365032,0.3806676114826939
0.05663418643365032,0.3806676114826939
0.05663418643365032,0.3806676114826939
0.05663418643365032,0.3806676114826939
0.05663418643365032,0.3806676114826939
0.05663418643365032,0.3806676114826939
0.056858434565987215,0.3806140095119675
0.056858434565987215,0.3806140095119675
0.056858434565987215,0.3806140095119675
0.056858434565987215,0.3806140095119675
0.056858434565987215,0.3806140095119675
0.056858434565987215,0.3806140095119675
0.056858434565987215,0.3806140095119675
0.056858434565987215,0.3806140095119675
0.056675718396869655,0.3807103921971491
0.056675718396869655,0.3807103921971491
0.056675718396869655,0.3807103921971491
0.056675718396869655,0.3807103921971491
0.056675718396869655,0.3807103921971491
0.056675718396869655,0.3807103921971491
0.05653348249900066,0.3806957427385613
0.05653348249900066,0.3806957427385613
0.05653348249900066,0.3806957427385613
0.05653348249900066,0.3806957427385613
0.05653348249900066,0.3806957427385613
0.05612286605072523,0.38073676012077523
0.05612286605072523,0.38073676012077523
0.05612286605072523,0.38073676012077523
0.05629850126224253,0.38075005549069485
0.05629850126224253,0.38075005549069485
0.05629850126224253,0.38075005549069485
0.05620141913921549,0.3807466324845605
0.05620141913921549,0.3807466324845605
0.05620141913921549,0.3807466324845605
0.05620141913921549,0.3807466324845605
0.05577852542463106,0.3808234696903719
0.05577852542463106,0.3808234696903719
0.05577852542463106,0.3808234696903719
0.05577852542463106,0.3808234696903719
0.05577852542463106,0.3808234696903719
0.05577852542463106,0.3808234696903719
0.05569349362912097,0.3809107431302332
0.05569349362912097,0.3809107431302332
0.05569349362912097,0.3809107431302332
0.05569349362912097,0.3809107431302332
0.05569349362912097,0.3809107431302332
0.05490253041433233,0.3811288594556072
0.05490253041433233,0.3811288594556072
0.05490253041433233,0.3811288594556072
0.05490253041433233,0.3811288594556072
0.05490253041433233,0.3811288594556072
0.05490253041433233,0.3811288594556072
0.05413805574620959,0.38133414140170574
0.055182029822623775,0.38114988043971443
0.055182029822623775,0.38114988043971443
0.055087246835975094,0.38118539808649166
0.055087246835975094,0.38118539808649166
0.055087246835975094,0.38118539808649166
0.055087246835975094,0.38118539808649166
0.054727111129598084,0.38122710446840674
0.054727111129598084,0.38122710446840674
0.054727111129598084,0.38122710446840674
0.054727111129598084,0.38122710446840674
0.055839131544172985,0.38098735789876503
0.055839131544172985,0.38098735789876503
0.055839131544172985,0.38098735789876503
0.055839131544172985,0.38098735789876503
0.055839131544172985,0.38098735789876503
0.055839131544172985,0.38098735789876503
0.055377755879744577,0.38108597281250334
0.055377755879744577,0.38108597281250334
0.055377755879744577,0.38108597281250334
0.055377755879744577,0.38108597281250334
0.054909308570480354,0.3811578228244963
0.054909308570480354,0.3811578228244963
0.054909308570480354,0.3811578228244963
0.05680919536908336,0.3807901840832851
0.05680919536908336,0.3807901840832851
0.05618126083316045,0.3809523153966548
0.05618126083316045,0.3809523153966548
0.05618126083316045,0.3809523153966548
0.05540101251388299,0.38107004248673015
0.05540101251388299,0.38107004248673015
0.05540101251388299,0.38107004248673015
0.05540101251388299,0.38107004248673015
0.056903476870601925,0.3808282189953461
0.056903476870601925,0.3808282189953461
0.056903476870601925,0.3808282189953461
0.056903476870601925,0.3808282189953461
0.055957145217123444,0.38104122212758745
0.055957145217123444,0.38104122212758745
0.055957145217123444,0.38104122212758745
0.055957145217123444,0.38104122212758745
0.05512242511263651,0.381175331296817
0.05512242511263651,0.381175331296817
0.05785367457600913,0.38065248842279165
0.05785367457600913,0.38065248842279165
0.056839158050262996,0.38085019220757915
0.056839158050262996,0.38085019220757915
0.056839158050262996,0.38085019220757915
0.056839158050262996,0.38085019220757915
0.056839158050262996,0.38085019220757915
0.05566744599814999,0.3810923960916821
0.05566744599814999,0.3810923960916821
0.05566744599814999,0.3810923960916821
0.05566744599814999,0.3810923960916821
0.05566744599814999,0.3810923960916821
0.05759915531052126,0.3807727445915611
0.05759915531052126,0.3807727445915611
0.05759915531052126,0.3807727445915611
0.05759915531052126,0.3807727445915611
0.05759915531052126,0.3807727445915611
0.05640633167693071,0.3809743661460779
0.05640633167693071,0.3809743661460779
0.05640633167693071,0.3809743661460779
0.05640633167693071,0.3809743661460779
0.05528639179464624,0.38119710047449146
0.05528639179464624,0.38119710047449146
0.05528639179464624,0.38119710047449146
0.05881413936729174,0.38057113151362854
0.05881413936729174,0.38057113151362854
0.05767227048120031,0.3808237210285922
0.05767227048120031,0.3808237210285922
0.05767227048120031,0.3808237210285922
0.05767227048120031,0.3808237210285922
0.05767227048120031,0.3808237210285922
0.05641348545807223,0.38108155795425763
0.05641348545807223,0.38108155795425763
0.05641348545807223,0.38108155795425763
0.05641348545807223,0.38108155795425763
0.05870886924462477,0.3807405956900105
0.05870886924462477,0.3807405956900105
0.05870886924462477,0.3807405956900105
0.05870886924462477,0.3807405956900105
0.05870886924462477,0.3807405956900105
0.05728787919005909,0.38100054969867486
0.05728787919005909,0.38100054969867486
0.05728787919005909,0.38100054969867486
0.055605622839499685,0.38121524532055623
0.0598760121468869,0.3805133076742383
0.05812551403524685,0.3807551405051849
0.05812551403524685,0.3807551405051849
0.05812551403524685,0.3807551405051849
0.05812551403524685,0.3807551405051849
0.05812551403524685,0.3807551405051849
0.05812551403524685,0.3807551405051849
0.05626539287992116,0.3810814788706408
0.05626539287992116,0.3810814788706408
0.05626539287992116,0.3810814788706408
0.05626539287992116,0.3810814788706408
0.05626539287992116,0.3810814788706408
0.05626539287992116,0.3810814788706408
0.05893956834339294,0.3806021218837692
0.05893956834339294,0.3806021218837692
0.05893956834339294,0.3806021218837692
0.05893956834339294,0.3806021218837692
0.05893956834339294,0.3806021218837692
0.05893956834339294,0.3806021218837692
0.05893956834339294,0.3806021218837692
0.05712121040374044,0.3808293461739569
0.05712121040374044,0.3808293461739569
0.05712121040374044,0.3808293461739569
0.05712121040374044,0.3808293461739569
0.05712121040374044,0.3808293461739569
0.05712121040374044,0.3808293461739569
0.05712121040374044,0.3808293461739569
0.0552637459318919,0.38106848069680993
0.0552637459318919,0.38106848069680993
0.0552637459318919,0.38106848069680993
0.0552637459318919,0.38106848069680993
0.060206956565655376,0.3802975216984662
0.060206956565655376,0.3802975216984662
0.060206956565655376,0.3802975216984662
0.05830227021490163,0.3805504566176659
0.05830227021490163,0.3805504566176659
0.05830227021490163,0.3805504566176659
0.05830227021490163,0.3805504566176659
0.05830227021490163,0.3805504566176659
0.05830227021490163,0.3805504566176659
0.05830227021490163,0.3805504566176659
0.05830227021490163,0.3805504566176659
0.05830227021490163,0.3805504566176659
0.05633655539339664,0.38080410249275004
0.05633655539339664,0.38080410249275004
0.05633655539339664,0.38080410249275004
0.05633655539339664,0.38080410249275004
0.05633655539339664,0.38080410249275004
0.05633655539339664,0.38080410249275004
0.05633655539339664,0.38080410249275004
0.05633655539339664,0.38080410249275004
0.05938870530334137,0.3802781554612378
0.05938870530334137,0.3802781554612378
0.05938870530334137,0.3802781554612378
0.05938870530334137,0.3802781554612378
0.05938870530334137,0.3802781554612378
0.05938870530334137,0.3802781554612378
0.05938870530334137,0.3802781554612378
0.05938870530334137,0.3802781554612378
0.05938870530334137,0.3802781554612378
0.05727014370368949,0.380545680874552
0.05727014370368949,0.380545680874552
0.05727014370368949,0.380545680874552
0.05727014370368949,0.380545680874552
0.05727014370368949,0.380545680874552
0.05727014370368949,0.380545680874552
0.05727014370368949,0.380545680874552
0.05727014370368949,0.380545680874552
0.05727014370368949,0.380545680874552
0.05511034211383471,0.3808070986284844
0.05511034211383471,0.3808070986284844
0.05511034211383471,0.3808070986284844
0.05511034211383471,0.3808070986284844
0.06064620121897013,0.37997807892989427
0.06064620121897013,0.37997807892989427
0.06064620121897013,0.37997807892989427
0.06064620121897013,0.37997807892989427
0.05847918623560362,0.3802726114448412
0.05847918623560362,0.3802726114448412
0.05847918623560362,0.3802726114448412
0.05847918623560362,0.3802726114448412
0.05847918623560362,0.3802726114448412
0.05847918623560362,0.3802726114448412
0.05847918623560362,0.3802726114448412
0.05847918623560362,0.3802726114448412
0.05847918623560362,0.3802726114448412
0.05626089457054651,0.3805549729401693
0.05626089457054651,0.3805549729401693
0.05626089457054651,0.3805549729401693
0.05626089457054651,0.3805549729401693
0.05626089457054651,0.3805549729401693
0.05626089457054651,0.3805549729401693
0.05626089457054651,0.3805549729401693
0.05626089457054651,0.3805549729401693
0.05626089457054651,0.3805549729401693
0.059646591769569234,0.3800143018046709
0.059646591769569234,0.3800143018046709
0.059646591769569234,0.3800143018046709
0.059646591769569234,0.3800143018046709
0.059646591769569234,0.3800143018046709
0.059646591769569234,0.3800143018046709
0.059646591769569234,0.3800143018046709
0.059646591769569234,0.3800143018046709
0.059646591769569234,0.3800143018046709
0.057306135264061316,0.38032465473475763
0.057306135264061316,0.38032465473475763
0.057306135264061316,0.38032465473475763
0.057306135264061316,0.38032465473475763
0.057306135264061316,0.38032465473475763
0.057306135264061316,0.38032465473475763
0.057306135264061316,0.38032465473475763
0.057306135264061316,0.38032465473475763
0.057306135264061316,0.38032465473475763
0.054946541686166306,0.38061351001131183
0.054946541686166306,0.38061351001131183
0.054946541686166306,0.38061351001131183
0.054946541686166306,0.38061351001131183
0.06098596281028831,0.37974200799792035
0.06098596281028831,0.37974200799792035
0.06098596281028831,0.37974200799792035
0.06098596281028831,0.37974200799792035
0.06098596281028831,0.37974200799792035
0.0585867099436159,0.38004535058977895
0.0585867099436159,0.38004535058977895
0.0585867099436159,0.38004535058977895
0.0585867099436159,0.38004535058977895
0.0585867099436159,0.38004535058977895
0.0585867099436159,0.38004535058977895
0.0585867099436159,0.38004535058977895
0.0585867099436159,0.38004535058977895
0.0585867099436159,0.38004535058977895
0.05620183234744002,0.3802906418411297
0.05620183234744002,0.3802906418411297
0.05620183234744002,0.3802906418411297
0.05620183234744002,0.3802906418411297
0.05620183234744002,0.3802906418411297
0.05620183234744002,0.3802906418411297
0.05620183234744002,0.3802906418411297
0.05620183234744002,0.3802906418411297
0.059752864825596955,0.3797346175844236
0.059752864825596955,0.3797346175844236
0.059752864825596955,0.3797346175844236
0.059752864825596955,0.3797346175844236
0.059752864825596955,0.3797346175844236
0.059752864825596955,0.3797346175844236
0.059752864825596955,0.3797346175844236
0.059752864825596955,0.3797346175844236
0.057046453095322115,0.3800916226350669
0.057046453095322115,0.3800916226350669
0.057046453095322115,0.3800916226350669
0.057046453095322115,0.3800916226350669
0.057046453095322115,0.3800916226350669
0.057046453095322115,0.3800916226350669
0.057046453095322115,0.3800916226350669
0.057046453095322115,0.3800916226350669
0.057046453095322115,0.3800916226350669
0.05429331030355348,0.3803590632297165
0.05429331030355348,0.3803590632297165
0.06073838641752936,0.3794546181434331
0.06073838641752936,0.3794546181434331
0.05802870947980253,0.3798152668007673
0.05802870947980253,0.3798152668007673
0.05802870947980253,0.3798152668007673
0.05802870947980253,0.3798152668007673
0.05802870947980253,0.3798152668007673
0.05802870947980253,0.3798152668007673
0.055320953983277237,0.38019916384868746
0.055320953983277237,0.38019916384868746
0.055320953983277237,0.38019916384868746
0.055320953983277237,0.38019916384868746
0.05912149411653138,0.379718423589946
0.05912149411653138,0.379718423589946
0.05912149411653138,0.379718423589946
0.05912149411653138,0.379718423589946
0.05912149411653138,0.379718423589946
0.05912149411653138,0.379718423589946
0.05646242235220631,0.380168698859792
0.05646242235220631,0.380168698859792
0.05646242235220631,0.380168698859792
0.05646242235220631,0.380168698859792
0.05646242235220631,0.380168698859792
0.05365750357363809,0.3806010084078518
0.05365750357363809,0.3806010084078518
0.06040927836937797,0.37971070616515923
0.06040927836937797,0.37971070616515923
0.06040927836937797,0.37971070616515923
0.05779871108274076,0.38015413804147485
0.05779871108274076,0.38015413804147485
0.05779871108274076,0.38015413804147485
0.05779871108274076,0.38015413804147485
0.05779871108274076,0.38015413804147485
0.05779871108274076,0.38015413804147485
0.05540974051660794,0.38050619685615067
0.05540974051660794,0.38050619685615067
0.05540974051660794,0.38050619685615067
0.05540974051660794,0.38050619685615067
0.05540974051660794,0.38050619685615067
0.05540974051660794,0.38050619685615067
0.059755462602559914,0.3799420588956155
0.059755462602559914,0.3799420588956155
0.059755462602559914,0.3799420588956155
0.059755462602559914,0.3799420588956155
0.059755462602559914,0.3799420588956155
0.059755462602559914,0.3799420588956155
0.059755462602559914,0.3799420588956155
0.05721616136516185,0.3802948464622606
0.05721616136516185,0.3802948464622606
0.05721616136516185,0.3802948464622606
0.05721616136516185,0.3802948464622606
0.05721616136516185,0.3802948464622606
0.05443466529079921,0.38063894019181393
0.05443466529079921,0.38063894019181393
0.061383390375080636,0.37976328764657175
0.061383390375080636,0.37976328764657175
0.061383390375080636,0.37976328764657175
0.058776314864311965,0.38010381316872405
0.058776314864311965,0.38010381316872405
0.058776314864311965,0.38010381316872405
0.058776314864311965,0.38010381316872405
0.058776314864311965,0.38010381316872405
0.05621290833450972,0.3803926229619682
0.05621290833450972,0.3803926229619682
0.05621290833450972,0.3803926229619682
0.05621290833450972,0.3803926229619682
0.06044654611515804,0.3798350851604612
0.06044654611515804,0.3798350851604612
0.06044654611515804,0.3798350851604612
0.06044654611515804,0.3798350851604612
0.0578175699658139,0.38018086035143495
0.0578175699658139,0.38018086035143495
0.0578175699658139,0.38018086035143495
0.0547168373374989,0.380493481573213
0.0547168373374989,0.380493481573213
0.0547168373374989,0.380493481573213
0.061749457540327894,0.3796237266997912
0.061749457540327894,0.3796237266997912
0.061749457540327894,0.3796237266997912
0.061749457540327894,0.3796237266997912
0.059001317569256,0.37997261585196185
0.059001317569256,0.37997261585196185
0.059001317569256,0.37997261585196185
0.059001317569256,0.37997261585196185
0.059001317569256,0.37997261585196185
0.0562009851173617,0.3803383419513619
0.0562009851173617,0.3803383419513619
0.0562009851173617,0.3803383419513619
0.0562009851173617,0.3803383419513619
0.06070638733265561,0.37977777298415893
0.06070638733265561,0.37977777298415893
0.06070638733265561,0.37977777298415893
0.0580158435151774,0.38013835006800256
0.0580158435151774,0.38013835006800256
0.0580158435151774,0.38013835006800256
0.05504395434027587,0.38048072091760216
0.05504395434027587,0.38048072091760216
0.05504395434027587,0.38048072091760216
0.06204405443654853,0.37958482222188733
0.06204405443654853,0.37958482222188733
0.05902625665210501,0.37998994534518754
0.05902625665210501,0.37998994534518754
0.05902625665210501,0.37998994534518754
0.05902625665210501,0.37998994534518754
0.05655787699624894,0.3803070579664119
0.05655787699624894,0.3803070579664119
0.05655787699624894,0.3803070579664119
0.05655787699624894,0.3803070579664119
0.05655787699624894,0.3803070579664119
0.06071213848134511,0.3797630798938728
0.06071213848134511,0.3797630798938728
0.06071213848134511,0.3797630798938728
0.06071213848134511,0.3797630798938728
0.06071213848134511,0.3797630798938728
0.05814084772072152,0.38011345804398433
0.05814084772072152,0.38011345804398433
0.05814084772072152,0.38011345804398433
0.05814084772072152,0.38011345804398433
0.05814084772072152,0.38011345804398433
0.05549368326333264,0.3804740834974634
0.05549368326333264,0.3804740834974634
0.06235177939310209,0.37956676296423053
0.06235177939310209,0.37956676296423053
0.059875687310674074,0.379899433149894
0.059875687310674074,0.379899433149894
0.059875687310674074,0.379899433149894
0.059875687310674074,0.379899433149894
0.059875687310674074,0.379899433149894
0.059875687310674074,0.379899433149894
0.057328685170381026,0.3802482401660288
0.057328685170381026,0.3802482401660288
0.057328685170381026,0.3802482401660288
0.057328685170381026,0.3802482401660288
0.06136945856540656,0.3797393359016338
0.06136945856540656,0.3797393359016338
0.06136945856540656,0.3797393359016338
0.06136945856540656,0.3797393359016338
0.06136945856540656,0.3797393359016338
0.06136945856540656,0.3797393359016338
0.058790712983907326,0.3801958012809335
0.058790712983907326,0.3801958012809335
0.058790712983907326,0.3801958012809335
0.058790712983907326,0.3801958012809335
0.058790712983907326,0.3801958012809335
0.0561321696972099,0.3806271099925418
0.0561321696972099,0.3806271099925418
0.06274059574879805,0.37971561925530023
0.06274059574879805,0.37971561925530023
0.060419132442349116,0.38007861233106466
0.060419132442349116,0.38007861233106466
0.060419132442349116,0.38007861233106466
0.060419132442349116,0.38007861233106466
0.05804641524399026,0.38042961241446843
0.05804641524399026,0.38042961241446843
0.05804641524399026,0.38042961241446843
0.05804641524399026,0.38042961241446843
0.05804641524399026,0.38042961241446843
0.06215122135157171,0.3799398797448858
0.06215122135157171,0.3799398797448858
0.06215122135157171,0.3799398797448858
0.06215122135157171,0.3799398797448858
0.05987267755944689,0.38031902082212404
0.05987267755944689,0.38031902082212404
0.05987267755944689,0.38031902082212404
0.05987267755944689,0.38031902082212404
0.05987267755944689,0.38031902082212404
0.05987267755944689,0.38031902082212404
0.05987267755944689,0.38031902082212404
0.057629906219195545,0.3806887159701132
0.057629906219195545,0.3806887159701132
0.057629906219195545,0.3806887159701132
0.057629906219195545,0.3806887159701132
0.06388732537977157,0.3797949546164957
0.06388732537977157,0.3797949546164957
0.06388732537977157,0.3797949546164957
0.061351879581744304,0.38023927628151466
0.061351879581744304,0.38023927628151466
0.061351879581744304,0.38023927628151466
0.061351879581744304,0.38023927628151466
0.058990309608059385,0.3805865202843315
0.058990309608059385,0.3805865202843315
0.058990309608059385,0.3805865202843315
0.058990309608059385,0.3805865202843315
0.058990309608059385,0.3805865202843315
0.058990309608059385,0.3805865202843315
0.058990309608059385,0.3805865202843315
0.06268869362799792,0.3801115933542639
0.06268869362799792,0.3801115933542639
0.06268869362799792,0.3801115933542639
0.06268869362799792,0.3801115933542639
0.06268869362799792,0.3801115933542639
0.060519897788281096,0.38049267646647345
0.060519897788281096,0.38049267646647345
0.060519897788281096,0.38049267646647345
0.060519897788281096,0.38049267646647345
0.05814363945129178,0.3808577016105725
0.05814363945129178,0.3808577016105725
0.06395344741672561,0.37999616648840706
0.06395344741672561,0.37999616648840706
0.06176640798491151,0.38039218550272935
0.06176640798491151,0.38039218550272935
0.06176640798491151,0.38039218550272935
0.06176640798491151,0.38039218550272935
0.06176640798491151,0.38039218550272935
0.05967464832927202,0.3807489780893893
0.05967464832927202,0.3807489780893893
0.05967464832927202,0.3807489780893893
0.05967464832927202,0.3807489780893893
0.06292921443908396,0.38028202028683183
0.06292921443908396,0.38028202028683183
0.06292921443908396,0.38028202028683183
0.06292921443908396,0.38028202028683183
0.06292921443908396,0.38028202028683183
0.06104826090939003,0.38061032140764817
0.06104826090939003,0.38061032140764817
0.06104826090939003,0.38061032140764817
0.06104826090939003,0.38061032140764817
0.05894480491531942,0.38097207934147637
0.05894480491531942,0.38097207934147637
0.06421729730651686,0.3801569397027446
0.06421729730651686,0.3801569397027446
0.06195955577744913,0.38052706762132166
0.06195955577744913,0.38052706762132166
0.06195955577744913,0.38052706762132166
0.06195955577744913,0.38052706762132166
0.05975572650614931,0.3808674103435693
0.05975572650614931,0.3808674103435693
0.05975572650614931,0.3808674103435693
0.05975572650614931,0.3808674103435693
0.05975572650614931,0.3808674103435693
0.06258267258217298,0.38044714206586794
0.06258267258217298,0.38044714206586794
0.06258267258217298,0.38044714206586794
0.06074294408278047,0.38075553437402415
0.06074294408278047,0.38075553437402415
0.06074294408278047,0.38075553437402415
0.06074294408278047,0.38075553437402415
0.058834716090659954,0.3810871934395614
0.058834716090659954,0.3810871934395614
0.06348967461540067,0.380341380946046
0.06348967461540067,0.380341380946046
0.06348967461540067,0.380341380946046
0.06202160001749715,0.38065223330972614
0.06202160001749715,0.38065223330972614
0.06202160001749715,0.38065223330972614
0.06202160001749715,0.38065223330972614
0.060201134086857525,0.3809991667267523
0.060201134086857525,0.3809991667267523
0.060201134086857525,0.3809991667267523
0.060201134086857525,0.3809991667267523
0.06268744576284868,0.380607903209621
0.06268744576284868,0.380607903209621
0.06268744576284868,0.380607903209621
0.06268744576284868,0.380607903209621
0.06268744576284868,0.380607903209621
0.06268744576284868,0.380607903209621
0.06101675471161565,0.38089497586898713
0.06101675471161565,0.38089497586898713
0.06101675471161565,0.38089497586898713
0.0594114056654671,0.38112542359987384
0.0633769493371571,0.3804659525590128
0.0633769493371571,0.3804659525590128
0.0633769493371571,0.3804659525590128
0.06192031090108358,0.3807182726524465
0.06192031090108358,0.3807182726524465
0.06192031090108358,0.3807182726524465
0.06192031090108358,0.3807182726524465
0.060628902175964214,0.380994314445647
0.060628902175964214,0.380994314445647
0.060628902175964214,0.380994314445647
0.060628902175964214,0.380994314445647
0.060628902175964214,0.380994314445647
0.06290824069847539,0.38064200249279156
0.06290824069847539,0.38064200249279156
0.06290824069847539,0.38064200249279156
0.06290824069847539,0.38064200249279156
0.06136751235767046,0.3808959116739359
0.06136751235767046,0.3808959116739359
0.06136751235767046,0.3808959116739359
0.06136751235767046,0.3808959116739359
0.06136751235767046,0.3808959116739359
0.06045562726394201,0.38112635901512604
0.06045562726394201,0.38112635901512604
0.06045562726394201,0.38112635901512604
0.063670455841407,0.38057201444269234
0.063670455841407,0.38057201444269234
0.06277120963760116,0.3808102303188289
0.06277120963760116,0.3808102303188289
0.06277120963760116,0.3808102303188289
0.06277120963760116,0.3808102303188289
0.06277120963760116,0.3808102303188289
0.06277120963760116,0.3808102303188289
0.061437707023664745,0.3811042756603414
0.061437707023664745,0.3811042756603414
0.061437707023664745,0.3811042756603414
0.06321048272228144,0.38078232369467124
0.06321048272228144,0.38078232369467124
0.06321048272228144,0.38078232369467124
0.06321048272228144,0.38078232369467124
0.06321048272228144,0.38078232369467124
0.062195219387632034,0.380982757965664
0.062195219387632034,0.380982757965664
0.062195219387632034,0.380982757965664
0.062195219387632034,0.380982757965664
0.06126035658105041,0.3811387291617432
0.06126035658105041,0.3811387291617432
0.06367527826050055,0.3807124696606566
0.06255693396545588,0.38091727732142927
0.06255693396545588,0.38091727732142927
0.06255693396545588,0.38091727732142927
0.06255693396545588,0.38091727732142927
0.061383707941644224,0.3811543749515197
0.061383707941644224,0.3811543749515197
0.061383707941644224,0.3811543749515197
0.061383707941644224,0.3811543749515197
0.0627890561849272,0.38094730371944835
0.0627890561849272,0.38094730371944835
0.0627890561849272,0.38094730371944835
0.0627890561849272,0.38094730371944835
0.0627890561849272,0.38094730371944835
0.06210862651568441,0.3811186533467132
0.06210862651568441,0.3811186533467132
0.06210862651568441,0.3811186533467132
0.06210862651568441,0.3811186533467132
0.06128269345664536,0.3812469193044869
0.06128269345664536,0.3812469193044869
0.06286066594688419,0.38096990306498674
0.06286066594688419,0.38096990306498674
0.06286066594688419,0.38096990306498674
0.06185546984709216,0.38114394698661735
0.06185546984709216,0.38114394698661735
0.06185546984709216,0.38114394698661735
0.06185546984709216,0.38114394698661735
0.06130407448604955,0.38126058414446506
0.06130407448604955,0.38126058414446506
0.06130407448604955,0.38126058414446506
0.06130407448604955,0.38126058414446506
0.06213325482506162,0.3811706576967129
0.06213325482506162,0.3811706576967129
0.06213325482506162,0.3811706576967129
0.06213325482506162,0.3811706576967129
0.06213325482506162,0.3811706576967129
0.06213325482506162,0.3811706576967129
0.06213325482506162,0.3811706576967129
0.06180278107139527,0.3812514119129611
0.06180278107139527,0.3812514119129611
0.06180278107139527,0.3812514119129611
0.06158455970889314,0.3812761586588292
0.06158455970889314,0.3812761586588292
0.06158455970889314,0.3812761586588292
0.0623027321233536,0.38117423319958693
0.0623027321233536,0.38117423319958693
0.061908664792450475,0.381243377934686
0.061908664792450475,0.381243377934686
0.061908664792450475,0.381243377934686
0.061908664792450475,0.381243377934686
0.06182992168757009,0.38122683621172615
0.06182992168757009,0.38122683621172615
0.06182992168757009,0.38122683621172615
0.06182992168757009,0.38122683621172615
0.06209222449035588,0.38118673699413286
0.06209222449035588,0.38118673699413286
0.06209222449035588,0.38118673699413286
0.06209222449035588,0.38118673699413286
0.06209860361897902,0.38119067563914
0.06209860361897902,0.38119067563914
0.06209860361897902,0.38119067563914
0.06209860361897902,0.38119067563914
0.06209860361897902,0.38119067563914
0.061953515903974264,0.3812528542783907
0.061953515903974264,0.3812528542783907
0.06180139047817993,0.38134163682955313
0.06180139047817993,0.38134163682955313
0.06182753487927894,0.3813219423545223
0.06182753487927894,0.3813219423545223
0.06182753487927894,0.3813219423545223
0.06185884614223397,0.38128866632346237
0.06185884614223397,0.38128866632346237
0.06185884614223397,0.38128866632346237
0.06185884614223397,0.38128866632346237
0.06160563515841702,0.3813964704341152
0.06160563515841702,0.3813964704341152
0.06160563515841702,0.3813964704341152
0.06160563515841702,0.3813964704341152
0.06207725168307596,0.3813089616015029
0.06207725168307596,0.3813089616015029
0.06207725168307596,0.3813089616015029
0.06207725168307596,0.3813089616015029
0.06267043110912905,0.38121353658526685
0.06267043110912905,0.38121353658526685
0.06267043110912905,0.38121353658526685
0.06165197820887949,0.38150779428097087
0.06165197820887949,0.38150779428097087
0.06218057695613028,0.38136166133243893
0.06218057695613028,0.38136166133243893
0.06218057695613028,0.38136166133243893
0.06218057695613028,0.38136166133243893
0.0625727000981325,0.3812437199083294
0.0625727000981325,0.3812437199083294
0.0625727000981325,0.3812437199083294
0.0625727000981325,0.3812437199083294
0.0625727000981325,0.3812437199083294
0.061635875148097624,0.38151364507172913
0.061635875148097624,0.38151364507172913
0.061635875148097624,0.38151364507172913
0.061635875148097624,0.38151364507172913
0.061635875148097624,0.38151364507172913
0.061635875148097624,0.38151364507172913
0.06203891696587494,0.381375273432192
0.06203891696587494,0.381375273432192
0.06203891696587494,0.381375273432192
0.06203891696587494,0.381375273432192
0.06203891696587494,0.381375273432192
0.06203891696587494,0.381375273432192
0.06240980026169529,0.38127671917349276
0.06240980026169529,0.38127671917349276
0.060546151635944706,0.38179781600011375
0.060546151635944706,0.38179781600011375
0.0615011485787097,0.3815664413361438
0.0615011485787097,0.3815664413361438
0.0615011485787097,0.3815664413361438
0.0615011485787097,0.3815664413361438
0.06281156058955735,0.38130731986521893
0.06281156058955735,0.38130731986521893
0.06281156058955735,0.38130731986521893
0.06281156058955735,0.38130731986521893
0.061646998933390144,0.3816923839506565
0.061646998933390144,0.3816923839506565
0.061646998933390144,0.3816923839506565
0.061646998933390144,0.3816923839506565
0.061646998933390144,0.3816923839506565
0.061646998933390144,0.3816923839506565
0.06201279532476993,0.38158013654983175
0.06201279532476993,0.38158013654983175
0.06201279532476993,0.38158013654983175
0.06201279532476993,0.38158013654983175
0.06201279532476993,0.38158013654983175
0.0624184896591969,0.3814521293193883
0.0624184896591969,0.3814521293193883
0.0624184896591969,0.3814521293193883
0.05973904282720548,0.38219620793642417
0.05973904282720548,0.38219620793642417
0.05973904282720548,0.38219620793642417
0.06022386373436138,0.38207475263117896
0.06022386373436138,0.38207475263117896
0.06022386373436138,0.38207475263117896
0.06022386373436138,0.38207475263117896
0.06022386373436138,0.38207475263117896
0.06022386373436138,0.38207475263117896
0.06102297316691266,0.38186361517015344
0.06102297316691266,0.38186361517015344
0.06102297316691266,0.38186361517015344
0.06102297316691266,0.38186361517015344
0.06102297316691266,0.38186361517015344
0.06102297316691266,0.38186361517015344
0.0591457635908121,0.38240878724254734
0.0591457635908121,0.38240878724254734
0.0591457635908121,0.38240878724254734
0.0591457635908121,0.38240878724254734
0.0591457635908121,0.38240878724254734
0.0591457635908121,0.38240878724254734
0.0591457635908121,0.38240878724254734
0.060519646961518216,0.3820327242355058
0.060519646961518216,0.3820327242355058
0.060519646961518216,0.3820327242355058
0.060519646961518216,0.3820327242355058
0.060519646961518216,0.3820327242355058
0.061732943045244446,0.38165647190227914
0.061732943045244446,0.38165647190227914
0.061732943045244446,0.38165647190227914
0.05829347027743735,0.3826598993766026
0.05829347027743735,0.3826598993766026
0.05994181479733876,0.3822208058071271
0.05994181479733876,0.3822208058071271
0.05994181479733876,0.3822208058071271
0.05994181479733876,0.3822208058071271
0.06134127492860227,0.3818414800795656
0.06134127492860227,0.3818414800795656
0.06134127492860227,0.3818414800795656
0.06134127492860227,0.3818414800795656
0.05920460573696361,0.3824452263853532
0.05920460573696361,0.3824452263853532
0.05920460573696361,0.3824452263853532
0.05920460573696361,0.3824452263853532
0.05920460573696361,0.3824452263853532
0.06102885735876183,0.38195172491779616
0.06102885735876183,0.38195172491779616
0.06102885735876183,0.38195172491779616
0.06102885735876183,0.38195172491779616
0.06102885735876183,0.38195172491779616
0.06272286365215526,0.38150910665594895
0.058578555207278483,0.3827555614762017
0.058578555207278483,0.3827555614762017
0.058578555207278483,0.3827555614762017
0.06020067626610824,0.38224303207907523
0.06020067626610824,0.38224303207907523
0.06020067626610824,0.38224303207907523
0.06020067626610824,0.38224303207907523
0.061857510186826684,0.381714991809892
0.061857510186826684,0.381714991809892
0.061857510186826684,0.381714991809892
0.061857510186826684,0.381714991809892
0.061857510186826684,0.381714991809892
0.059233864544839004,0.38251090719531244
0.059233864544839004,0.38251090719531244
0.059233864544839004,0.38251090719531244
0.059233864544839004,0.38251090719531244
0.06097411524778115,0.3819543348346418
0.06097411524778115,0.3819543348346418
0.06097411524778115,0.3819543348346418
0.06097411524778115,0.3819543348346418
0.06097411524778115,0.3819543348346418
0.06285437069004299,0.3813535327908308
0.05806434895176864,0.38279762403233675
0.05806434895176864,0.38279762403233675
0.06007548515958511,0.38221940493028034
0.06007548515958511,0.38221940493028034
0.06007548515958511,0.38221940493028034
0.062024827711659306,0.38161351465787674
0.062024827711659306,0.38161351465787674
0.062024827711659306,0.38161351465787674
0.062024827711659306,0.38161351465787674
0.062024827711659306,0.38161351465787674
0.059267021180110124,0.3824940076884832
0.059267021180110124,0.3824940076884832
0.059267021180110124,0.3824940076884832
0.059267021180110124,0.3824940076884832
0.061322521816428346,0.381841223158
0.061322521816428346,0.381841223158
0.061322521816428346,0.381841223158
0.061322521816428346,0.381841223158
0.061322521816428346,0.381841223158
0.061322521816428346,0.381841223158
0.06354652619237867,0.3811986517183955
0.06354652619237867,0.3811986517183955
0.06354652619237867,0.3811986517183955
0.05819100089823606,0.38282695082134754
0.05819100089823606,0.38282695082134754
0.05819100089823606,0.38282695082134754
0.05819100089823606,0.38282695082134754
0.06096553173721371,0.3821204142179295
0.06096553173721371,0.3821204142179295
0.06096553173721371,0.3821204142179295
0.06096553173721371,0.3821204142179295
0.06096553173721371,0.3821204142179295
0.0635643796926098,0.3814115601869097
0.0635643796926098,0.3814115601869097
0.0635643796926098,0.3814115601869097
0.0635643796926098,0.3814115601869097
0.0635643796926098,0.3814115601869097
0.0635643796926098,0.3814115601869097
0.0635643796926098,0.3814115601869097
0.06081922272904433,0.3823393122349805
0.06081922272904433,0.3823393122349805
0.06081922272904433,0.3823393122349805
0.06081922272904433,0.3823393122349805
0.06081922272904433,0.3823393122349805
0.06081922272904433,0.3823393122349805
0.06081922272904433,0.3823393122349805
0.06081922272904433,0.3823393122349805
0.06350181156441403,0.38157975754152457
0.06350181156441403,0.38157975754152457
0.06350181156441403,0.38157975754152457
0.06350181156441403,0.38157975754152457
0.06350181156441403,0.38157975754152457
0.06350181156441403,0.38157975754152457
0.06350181156441403,0.38157975754152457
0.06641321199322367,0.3808058860161737
0.06641321199322367,0.3808058860161737
0.06641321199322367,0.3808058860161737
0.06641321199322367,0.3808058860161737
0.06058351384757063,0.38260831289700065
0.06058351384757063,0.38260831289700065
0.06058351384757063,0.38260831289700065
0.06058351384757063,0.38260831289700065
0.06358017431908498,0.38184051753003523
0.06358017431908498,0.38184051753003523
0.06358017431908498,0.38184051753003523
0.06358017431908498,0.38184051753003523
0.06358017431908498,0.38184051753003523
0.06358017431908498,0.38184051753003523
0.06358017431908498,0.38184051753003523
0.06358017431908498,0.38184051753003523
0.0665715121035057,0.3810418892722836
0.0665715121035057,0.3810418892722836
0.0665715121035057,0.3810418892722836
0.0665715121035057,0.3810418892722836
0.0665715121035057,0.3810418892722836
0.0665715121035057,0.3810418892722836
0.0665715121035057,0.3810418892722836
0.06340831913421655,0.38217827414849825
0.06340831913421655,0.38217827414849825
0.06340831913421655,0.38217827414849825
0.06340831913421655,0.38217827414849825
0.06340831913421655,0.38217827414849825
0.06340831913421655,0.38217827414849825
0.06340831913421655,0.38217827414849825
0.06340831913421655,0.38217827414849825
0.0662175947025262,0.38144802633449043
0.0662175947025262,0.38144802633449043
0.0662175947025262,0.38144802633449043
0.0662175947025262,0.38144802633449043
0.0662175947025262,0.38144802633449043
0.0662175947025262,0.38144802633449043
0.0662175947025262,0.38144802633449043
0.06904088009091097,0.38072360330344485
0.06282519352814386,0.3826529212754775
0.06282519352814386,0.3826529212754775
0.06550178341037921,0.3818496372402958
0.06550178341037921,0.3818496372402958
0.06550178341037921,0.3818496372402958
0.06550178341037921,0.3818496372402958
0.06816022662435312,0.38109763876629876
0.06816022662435312,0.38109763876629876
0.06816022662435312,0.38109763876629876
0.06816022662435312,0.38109763876629876
0.06478043496952202,0.3822427306865666
0.06478043496952202,0.3822427306865666
0.06478043496952202,0.3822427306865666
0.06478043496952202,0.3822427306865666
0.06478043496952202,0.3822427306865666
0.06717344075619383,0.3816142249079417
0.06717344075619383,0.3816142249079417
0.06717344075619383,0.3816142249079417
0.06717344075619383,0.3816142249079417
0.06717344075619383,0.3816142249079417
0.06986381568923947,0.380777040498368
0.06986381568923947,0.380777040498368
0.06337980265461234,0.3828595091973963
0.06337980265461234,0.3828595091973963
0.06337980265461234,0.3828595091973963
0.06337980265461234,0.3828595091973963
0.06604796688395376,0.3820512687948747
0.06604796688395376,0.3820512687948747
0.06604796688395376,0.3820512687948747
0.06604796688395376,0.3820512687948747
0.06853122792043713,0.38123136987625666
0.06853122792043713,0.38123136987625666
0.06853122792043713,0.38123136987625666
0.06464595422632416,0.3824301187158898
0.06464595422632416,0.3824301187158898
0.06464595422632416,0.3824301187158898
0.06464595422632416,0.3824301187158898
0.06464595422632416,0.3824301187158898
0.06766777457367454,0.38155054489454665
0.06766777457367454,0.38155054489454665
0.06766777457367454,0.38155054489454665
0.07049813753535504,0.38063449694227786
0.06384004656183656,0.38280736438271706
0.06384004656183656,0.38280736438271706
0.06643971048216235,0.38201661697930445
0.06643971048216235,0.38201661697930445
0.06643971048216235,0.38201661697930445
0.06643971048216235,0.38201661697930445
0.06894874125187754,0.3811729258251279
0.06894874125187754,0.3811729258251279
0.06894874125187754,0.3811729258251279
0.06488131158696776,0.38246759127848606
0.06488131158696776,0.38246759127848606
0.06488131158696776,0.38246759127848606
0.06488131158696776,0.38246759127848606
0.06748677221308741,0.3815921159935329
0.06748677221308741,0.3815921159935329
0.06748677221308741,0.3815921159935329
0.07044701415262368,0.3806583557015639
0.07044701415262368,0.3806583557015639
0.06371510448508293,0.3828709583852436
0.06371510448508293,0.3828709583852436
0.06642479706682164,0.3819656458737028
0.06642479706682164,0.3819656458737028
0.06642479706682164,0.3819656458737028
0.06642479706682164,0.3819656458737028
0.06642479706682164,0.3819656458737028
0.0692425941777663,0.38106708801589173
0.0692425941777663,0.38106708801589173
0.0692425941777663,0.38106708801589173
0.0652627242278737,0.3823842161528209
0.0652627242278737,0.3823842161528209
0.0652627242278737,0.3823842161528209
0.0652627242278737,0.3823842161528209
0.06811222047364122,0.381455049026447
0.06811222047364122,0.381455049026447
0.06811222047364122,0.381455049026447
0.06811222047364122,0.381455049026447
0.07060916872367409,0.3806045999160171
0.07060916872367409,0.3806045999160171
0.06391128175087865,0.3828277379224254
0.06391128175087865,0.3828277379224254
0.06651626827174148,0.38197347454169517
0.06651626827174148,0.38197347454169517
0.06651626827174148,0.38197347454169517
0.06651626827174148,0.38197347454169517
0.06651626827174148,0.38197347454169517
0.06892492506816178,0.3811514872521673
0.06892492506816178,0.3811514872521673
0.06892492506816178,0.3811514872521673
0.06488487425589456,0.3824965366107895
0.06488487425589456,0.3824965366107895
0.06488487425589456,0.3824965366107895
0.0674407646010804,0.3816184748782695
0.0674407646010804,0.3816184748782695
0.0674407646010804,0.3816184748782695
0.0674407646010804,0.3816184748782695
0.070190652356375,0.38065656572026807
0.070190652356375,0.38065656572026807
0.06362507735882368,0.38283600099583526
0.06362507735882368,0.38283600099583526
0.06362507735882368,0.38283600099583526
0.06628619818131043,0.38200846963890733
0.06628619818131043,0.38200846963890733
0.06628619818131043,0.38200846963890733
0.06628619818131043,0.38200846963890733
0.06628619818131043,0.38200846963890733
0.06902309988612887,0.38113441567702594
0.06902309988612887,0.38113441567702594
0.06902309988612887,0.38113441567702594
0.06536287678950645,0.3823754276304947
0.06536287678950645,0.3823754276304947
0.06536287678950645,0.3823754276304947
0.06536287678950645,0.3823754276304947
0.06536287678950645,0.3823754276304947
0.06810367610086335,0.3814907177712707
0.06810367610086335,0.3814907177712707
0.06810367610086335,0.3814907177712707
0.06810367610086335,0.3814907177712707
0.07044423613703238,0.3807106671157523
0.07044423613703238,0.3807106671157523
0.06412599733100491,0.38285121995680643
0.06412599733100491,0.38285121995680643
0.06412599733100491,0.38285121995680643
0.06650057809237336,0.38208543031773123
0.06650057809237336,0.38208543031773123
0.06650057809237336,0.38208543031773123
0.06650057809237336,0.38208543031773123
0.06650057809237336,0.38208543031773123
0.06650057809237336,0.38208543031773123
0.06907134442497846,0.3812835134162274
0.06907134442497846,0.3812835134162274
0.06907134442497846,0.3812835134162274
0.06907134442497846,0.3812835134162274
0.06907134442497846,0.3812835134162274
0.06907134442497846,0.3812835134162274
0.06558243899831502,0.3825441702785235
0.06558243899831502,0.3825441702785235
0.06558243899831502,0.3825441702785235
0.06558243899831502,0.3825441702785235
0.06796813499971602,0.3817766559336114
0.06796813499971602,0.3817766559336114
0.06796813499971602,0.3817766559336114
0.06796813499971602,0.3817766559336114
0.06796813499971602,0.3817766559336114
0.07039539257326721,0.38094604364791906
0.07039539257326721,0.38094604364791906
0.06442184088148059,0.38301263119037904
0.06442184088148059,0.38301263119037904
0.0668426613707135,0.38225968041866293
0.0668426613707135,0.38225968041866293
0.0668426613707135,0.38225968041866293
0.0668426613707135,0.38225968041866293
0.06924945943495331,0.3813996696994856
0.06924945943495331,0.3813996696994856
0.06924945943495331,0.3813996696994856
0.06601438808220589,0.3825788433356603
0.06601438808220589,0.3825788433356603
0.06601438808220589,0.3825788433356603
0.06601438808220589,0.3825788433356603
0.06601438808220589,0.3825788433356603
0.06829145317238511,0.3818454573172806
0.06829145317238511,0.3818454573172806
0.06829145317238511,0.3818454573172806
0.06829145317238511,0.3818454573172806
0.07067458183312475,0.3809825867073072
0.07067458183312475,0.3809825867073072
0.06512736575744868,0.3829124854636179
0.06741209012495036,0.3821202454137506
0.06741209012495036,0.3821202454137506
0.06741209012495036,0.3821202454137506
0.06741209012495036,0.3821202454137506
0.06951211191996563,0.3813290180076601
0.06951211191996563,0.3813290180076601
0.06951211191996563,0.3813290180076601
0.06951211191996563,0.3813290180076601
0.06951211191996563,0.3813290180076601
0.06661019411567992,0.3823447847812055
0.06661019411567992,0.3823447847812055
0.06661019411567992,0.3823447847812055
0.06661019411567992,0.3823447847812055
0.06661019411567992,0.3823447847812055
0.06661019411567992,0.3823447847812055
0.06875177250128865,0.3816408953791201
0.06875177250128865,0.3816408953791201
0.06875177250128865,0.3816408953791201
0.06875177250128865,0.3816408953791201
0.06875177250128865,0.3816408953791201
0.06875177250128865,0.3816408953791201
0.06875177250128865,0.3816408953791201
0.07090756732771446,0.38086755553434604
0.07090756732771446,0.38086755553434604
0.06586843276662294,0.3826199117903961
0.06586843276662294,0.3826199117903961
0.0682619920455084,0.38182323577299737
0.0682619920455084,0.38182323577299737
0.0682619920455084,0.38182323577299737
0.0682619920455084,0.38182323577299737
0.0682619920455084,0.38182323577299737
0.07037372155601447,0.3810712907233808
0.07037372155601447,0.3810712907233808
0.07037372155601447,0.3810712907233808
0.07037372155601447,0.3810712907233808
0.07037372155601447,0.3810712907233808
0.06771325026819153,0.38203643978809215
0.06771325026819153,0.38203643978809215
0.06771325026819153,0.38203643978809215
0.06771325026819153,0.38203643978809215
0.06946607404065519,0.3814024622148823
0.06946607404065519,0.3814024622148823
0.06946607404065519,0.3814024622148823
0.06946607404065519,0.3814024622148823
0.06946607404065519,0.3814024622148823
0.07114232739105963,0.38079857178759946
0.07114232739105963,0.38079857178759946
0.06669031162009537,0.3823491943417985
0.06669031162009537,0.3823491943417985
0.06834031025839754,0.38176778679332635
0.06834031025839754,0.38176778679332635
0.06834031025839754,0.38176778679332635
0.06834031025839754,0.38176778679332635
0.06834031025839754,0.38176778679332635
0.06834031025839754,0.38176778679332635
0.06973666670279058,0.38129056022307173
0.06973666670279058,0.38129056022307173
0.06973666670279058,0.38129056022307173
0.06973666670279058,0.38129056022307173
0.06973666670279058,0.38129056022307173
0.06973666670279058,0.38129056022307173
0.06714245495853524,0.382200949280208
0.06714245495853524,0.382200949280208
0.06714245495853524,0.382200949280208
0.06714245495853524,0.382200949280208
0.06714245495853524,0.382200949280208
0.06714245495853524,0.382200949280208
0.06864217693928445,0.3816537026037658
0.06864217693928445,0.3816537026037658
0.06864217693928445,0.3816537026037658
0.06987793143160889,0.3811965798116531
0.06987793143160889,0.3811965798116531
0.06987793143160889,0.3811965798116531
0.06607988053870342,0.38251386774567997
0.06607988053870342,0.38251386774567997
0.06749030292083225,0.381995507816544
0.06749030292083225,0.381995507816544
0.06749030292083225,0.381995507816544
0.06749030292083225,0.381995507816544
0.06749030292083225,0.381995507816544
0.06888109064601938,0.38145895397402774
0.06888109064601938,0.38145895397402774
0.06888109064601938,0.38145895397402774
0.06888109064601938,0.38145895397402774
0.06688824310103689,0.3820594116267416
0.06688824310103689,0.3820594116267416
0.06688824310103689,0.3820594116267416
0.06688824310103689,0.3820594116267416
0.06688824310103689,0.3820594116267416
0.06815511080345929,0.38160427827991433
0.06815511080345929,0.38160427827991433
0.06815511080345929,0.38160427827991433
0.06990567458047611,0.3810338794210343
0.06990567458047611,0.3810338794210343
0.06990567458047611,0.3810338794210343
0.0668248650842406,0.3821067417505779
0.0668248650842406,0.3821067417505779
0.0668248650842406,0.3821067417505779
0.06846042858725077,0.38164163214249075
0.06846042858725077,0.38164163214249075
0.06846042858725077,0.38164163214249075
0.06846042858725077,0.38164163214249075
0.06992503676789188,0.38125464682565446
0.06992503676789188,0.38125464682565446
0.06992503676789188,0.38125464682565446
0.06992503676789188,0.38125464682565446
0.06992503676789188,0.38125464682565446
0.06843865517912123,0.38176514514701687
0.06843865517912123,0.38176514514701687
0.06843865517912123,0.38176514514701687
0.06843865517912123,0.38176514514701687
0.06843865517912123,0.38176514514701687
0.0699334779507889,0.38132827359113575
0.0699334779507889,0.38132827359113575
0.0699334779507889,0.38132827359113575
0.0699334779507889,0.38132827359113575
0.07125035316144016,0.3809253980689904
0.07125035316144016,0.3809253980689904
0.06893447026403222,0.3817317664727828
0.06893447026403222,0.3817317664727828
0.06952651645717892,0.3815213778109595
0.06952651645717892,0.3815213778109595
0.06952651645717892,0.3815213778109595
0.07038170461051205,0.3811810570215869
0.07038170461051205,0.3811810570215869
0.07038170461051205,0.3811810570215869
0.07038170461051205,0.3811810570215869
0.06917708908270155,0.3815475245548256
0.06917708908270155,0.3815475245548256
0.06917708908270155,0.3815475245548256
0.06917708908270155,0.3815475245548256
0.06976796493172496,0.3812787138391446
0.06976796493172496,0.3812787138391446
0.06976796493172496,0.3812787138391446
0.06976796493172496,0.3812787138391446
0.06976796493172496,0.3812787138391446
0.06976796493172496,0.3812787138391446
0.07068331395189184,0.3809901548885665
0.07068331395189184,0.3809901548885665
0.07068331395189184,0.3809901548885665
0.07068331395189184,0.3809901548885665
0.0691722443783142,0.38152251244561103
0.0691722443783142,0.38152251244561103
0.0691722443783142,0.38152251244561103
0.06969104456564966,0.38138107185166664
0.06969104456564966,0.38138107185166664
0.06969104456564966,0.38138107185166664
0.06969104456564966,0.38138107185166664
0.06969104456564966,0.38138107185166664
0.07019679175734117,0.38119025686659563
0.07019679175734117,0.38119025686659563
0.07019679175734117,0.38119025686659563
0.07019679175734117,0.38119025686659563
0.07019679175734117,0.38119025686659563
0.06953360352929958,0.38139583757205153
0.06953360352929958,0.38139583757205153
0.06953360352929958,0.38139583757205153
0.06982573628873515,0.3812614953963868
0.06982573628873515,0.3812614953963868
0.06982573628873515,0.3812614953963868
0.06982573628873515,0.3812614953963868
0.0702660085484818,0.3810774204519076
0.0702660085484818,0.3810774204519076
0.06959008100342129,0.3813406357724053
0.06959008100342129,0.3813406357724053
0.06969651927543367,0.3812433714469284
0.06969651927543367,0.3812433714469284
0.06969651927543367,0.3812433714469284
0.06969651927543367,0.3812433714469284
0.0699367791634657,0.3811723708158964
0.0699367791634657,0.3811723708158964
0.0699367791634657,0.3811723708158964
0.0699367791634657,0.3811723708158964
0.06963861642781399,0.38125190900576167
0.06963861642781399,0.38125190900576167
0.06963861642781399,0.38125190900576167
0.06963861642781399,0.38125190900576167
0.06983257645350413,0.381092619128091
0.06983257645350413,0.381092619128091
0.06983257645350413,0.381092619128091
0.06979996008370869,0.38107358687139214
0.06979996008370869,0.38107358687139214
0.06997608192709436,0.3810759517908625
0.06997608192709436,0.3810759517908625
0.07039855286602201,0.38096241406497017
0.07039855286602201,0.38096241406497017
0.07039855286602201,0.38096241406497017
0.07039855286602201,0.38096241406497017
0.07009812017731758,0.3811039231031562
0.07009812017731758,0.3811039231031562
0.07009812017731758,0.3811039231031562
0.07009812017731758,0.3811039231031562
0.07009812017731758,0.3811039231031562
0.07035206017063725,0.3810384012619667
0.07035206017063725,0.3810384012619667
0.07035206017063725,0.3810384012619667
0.07035206017063725,0.3810384012619667
0.07002679394867517,0.38103104593822346
0.07002679394867517,0.38103104593822346
0.07002679394867517,0.38103104593822346
0.06923172316313142,0.38120309390365303
0.06923172316313142,0.38120309390365303
0.07026340868248498,0.3809592521713264
0.07026340868248498,0.3809592521713264
0.0700043314404047,0.38096224053146055
0.0700043314404047,0.38096224053146055
0.0700043314404047,0.38096224053146055
0.06973209461696624,0.3810121278071857
0.06973209461696624,0.3810121278071857
0.06973209461696624,0.3810121278071857
0.06973209461696624,0.3810121278071857
0.07101013387043872,0.38076328946907184
0.07101013387043872,0.38076328946907184
0.07101013387043872,0.38076328946907184
0.07101013387043872,0.38076328946907184
0.07101013387043872,0.38076328946907184
0.07064357312579592,0.3808749216635992
0.07064357312579592,0.3808749216635992
0.07064357312579592,0.3808749216635992
0.07064357312579592,0.3808749216635992
0.07064357312579592,0.3808749216635992
0.07064357312579592,0.3808749216635992
0.07064357312579592,0.3808749216635992
0.07008163038479392,0.3810743388992527
0.07008163038479392,0.3810743388992527
0.07008163038479392,0.3810743388992527
0.0719600742590116,0.3806093908327829
0.0719600742590116,0.3806093908327829
0.07131850638139131,0.38080913447103665
0.07131850638139131,0.38080913447103665
0.07131850638139131,0.38080913447103665
0.07131850638139131,0.38080913447103665
0.07043740481153583,0.38105714331008167
0.07043740481153583,0.38105714331008167
0.07043740481153583,0.38105714331008167
0.07188219993222927,0.38069474738163545
0.07188219993222927,0.38069474738163545
0.07188219993222927,0.38069474738163545
0.07118833865302004,0.38093636943916176
0.07118833865302004,0.38093636943916176
0.07118833865302004,0.38093636943916176
0.07118833865302004,0.38093636943916176
0.07041019768581022,0.3811347652667822
0.07041019768581022,0.3811347652667822
0.07311297707340503,0.3804804931256185
0.07311297707340503,0.3804804931256185
0.07227336824967652,0.3807058334859525
0.07227336824967652,0.3807058334859525
0.07227336824967652,0.3807058334859525
0.07227336824967652,0.3807058334859525
0.07227336824967652,0.3807058334859525
0.07137005359951937,0.38093473623538143
0.07137005359951937,0.38093473623538143
0.07137005359951937,0.38093473623538143
0.07137005359951937,0.38093473623538143
0.07137005359951937,0.38093473623538143
0.07343060380216487,0.3804846569474724
0.07343060380216487,0.3804846569474724
0.07343060380216487,0.3804846569474724
0.07343060380216487,0.3804846569474724
0.07343060380216487,0.3804846569474724
0.07237978062231101,0.3807546870483553
0.07237978062231101,0.3807546870483553
0.07237978062231101,0.3807546870483553
0.07237978062231101,0.3807546870483553
0.07237978062231101,0.3807546870483553
0.0712082469077203,0.381047925728159
0.0712082469077203,0.381047925728159
0.0712082469077203,0.381047925728159
0.0712082469077203,0.381047925728159
0.07470824791195457,0.38028187546713155
0.07470824791195457,0.38028187546713155
0.07470824791195457,0.38028187546713155
0.07470824791195457,0.38028187546713155
0.07336374964629613,0.38062724640794654
0.07336374964629613,0.38062724640794654
0.07336374964629613,0.38062724640794654
0.07336374964629613,0.38062724640794654
0.07336374964629613,0.38062724640794654
0.07336374964629613,0.38062724640794654
0.07336374964629613,0.38062724640794654
0.07189599248521333,0.3809589338936781
0.07189599248521333,0.3809589338936781
0.07189599248521333,0.3809589338936781
0.07189599248521333,0.3809589338936781
0.07394620608934678,0.3804763385877275
0.07394620608934678,0.3804763385877275
0.07394620608934678,0.3804763385877275
0.07234175771658069,0.3808331572317416
0.07234175771658069,0.3808331572317416
0.07234175771658069,0.3808331572317416
0.07234175771658069,0.3808331572317416
0.07234175771658069,0.3808331572317416
0.07042141032422966,0.3812490463570293
0.07042141032422966,0.3812490463570293
0.07042141032422966,0.3812490463570293
0.07465374645490636,0.38034556787794077
0.07465374645490636,0.38034556787794077
0.07465374645490636,0.38034556787794077
0.07254939747346012,0.380860456078831
0.07254939747346012,0.380860456078831
0.07254939747346012,0.380860456078831
0.07254939747346012,0.380860456078831
0.07054911411621942,0.3812957098849729
0.07054911411621942,0.3812957098849729
0.07054911411621942,0.3812957098849729
0.07054911411621942,0.3812957098849729
0.07054911411621942,0.3812957098849729
0.07308490388468877,0.38080905220562944
0.07308490388468877,0.38080905220562944
0.07308490388468877,0.38080905220562944
0.07308490388468877,0.38080905220562944
0.07308490388468877,0.38080905220562944
0.07124206767531191,0.38119929740963837
0.07124206767531191,0.38119929740963837
0.07124206767531191,0.38119929740963837
0.06944556544545356,0.38155662247441535
0.06944556544545356,0.38155662247441535
0.0743458801121814,0.3805483469314377
0.0743458801121814,0.3805483469314377
0.07238698098801429,0.3809591717379323
0.07238698098801429,0.3809591717379323
0.07238698098801429,0.3809591717379323
0.07022215896499956,0.38134963271475314
0.07022215896499956,0.38134963271475314
0.07022215896499956,0.38134963271475314
0.07309644747316839,0.38077485432159563
0.07309644747316839,0.38077485432159563
0.07309644747316839,0.38077485432159563
0.07309644747316839,0.38077485432159563
0.0709528847744612,0.381239233863582
0.0709528847744612,0.381239233863582
0.0709528847744612,0.381239233863582
0.0709528847744612,0.381239233863582
0.06894262114553815,0.3816171404477679
0.06894262114553815,0.3816171404477679
0.07443172068196213,0.38052042045855433
0.07443172068196213,0.38052042045855433
0.07443172068196213,0.38052042045855433
0.07226200653865196,0.38093239607386536
0.07226200653865196,0.38093239607386536
0.07226200653865196,0.38093239607386536
0.07226200653865196,0.38093239607386536
0.07226200653865196,0.38093239607386536
0.07226200653865196,0.38093239607386536
0.07033076957423993,0.3812940105320166
0.07033076957423993,0.3812940105320166
0.07033076957423993,0.3812940105320166
0.07033076957423993,0.3812940105320166
0.07033076957423993,0.3812940105320166
0.07376881596442932,0.38056754488635847
0.07376881596442932,0.38056754488635847
0.07376881596442932,0.38056754488635847
0.07376881596442932,0.38056754488635847
0.07376881596442932,0.38056754488635847
0.07141382507322896,0.38101668412641415
0.07141382507322896,0.38101668412641415
0.07141382507322896,0.38101668412641415
0.07141382507322896,0.38101668412641415
0.07141382507322896,0.38101668412641415
0.06901124068465579,0.381453660842568
0.06901124068465579,0.381453660842568
0.06901124068465579,0.381453660842568
0.07500137999214429,0.38029075312597743
0.07500137999214429,0.38029075312597743
0.07500137999214429,0.38029075312597743
0.07254868448393328,0.3807560322457162
0.07254868448393328,0.3807560322457162
0.07254868448393328,0.3807560322457162
0.07254868448393328,0.3807560322457162
0.07254868448393328,0.3807560322457162
0.0699794681926132,0.3812153203223485
0.0699794681926132,0.3812153203223485
0.0699794681926132,0.3812153203223485
0.0699794681926132,0.3812153203223485
0.0699794681926132,0.3812153203223485
0.0699794681926132,0.3812153203223485
0.07341073258405655,0.38051187167565687
0.07341073258405655,0.38051187167565687
0.07341073258405655,0.38051187167565687
0.07341073258405655,0.38051187167565687
0.07341073258405655,0.38051187167565687
0.07075172046821875,0.3810277040520158
0.07075172046821875,0.3810277040520158
0.07075172046821875,0.3810277040520158
0.07075172046821875,0.3810277040520158
0.06817509609267662,0.3815085506651677
0.06817509609267662,0.3815085506651677
0.07457245174445361,0.3803123618670217
0.07457245174445361,0.3803123618670217
0.07187793795894586,0.38079830678792903
0.07187793795894586,0.38079830678792903
0.07187793795894586,0.38079830678792903
0.07187793795894586,0.38079830678792903
0.07187793795894586,0.38079830678792903
0.06959838874638827,0.3812767835658125
0.06959838874638827,0.3812767835658125
0.06959838874638827,0.3812767835658125
0.07355042475135125,0.3805338845288814
0.07355042475135125,0.3805338845288814
0.07355042475135125,0.3805338845288814
0.07355042475135125,0.3805338845288814
0.07090903722960547,0.38098767385808685
0.07090903722960547,0.38098767385808685
0.07090903722960547,0.38098767385808685
0.06815999915948266,0.3814800326492317
0.06815999915948266,0.3814800326492317
0.07485797787753071,0.3802486998943742
0.07485797787753071,0.3802486998943742
0.07227095568755668,0.38079654762491394
0.07227095568755668,0.38079654762491394
0.07227095568755668,0.38079654762491394
0.07227095568755668,0.38079654762491394
0.0698325035996346,0.38126763825624616
0.0698325035996346,0.38126763825624616
0.0698325035996346,0.38126763825624616
0.0698325035996346,0.38126763825624616
0.0738003126271461,0.3805409113535648
0.0738003126271461,0.3805409113535648
0.0738003126271461,0.3805409113535648
0.0738003126271461,0.3805409113535648
0.0709470992518646,0.38108891894930214
0.0709470992518646,0.38108891894930214
0.0709470992518646,0.38108891894930214
0.0683645419500522,0.3815274826912274
0.0683645419500522,0.3815274826912274
0.07525749765839879,0.3802870384713234
0.07237022892005789,0.380794845820239
0.07237022892005789,0.380794845820239
0.07237022892005789,0.380794845820239
0.07237022892005789,0.380794845820239
0.0692120801505599,0.38130765420487284
0.0692120801505599,0.38130765420487284
0.0692120801505599,0.38130765420487284
0.0692120801505599,0.38130765420487284
0.0692120801505599,0.38130765420487284
0.0731283882126844,0.38059696979189045
0.0731283882126844,0.38059696979189045
0.0731283882126844,0.38059696979189045
0.0731283882126844,0.38059696979189045
0.07024352496323365,0.3810917395345444
0.07024352496323365,0.3810917395345444
0.07024352496323365,0.3810917395345444
0.07024352496323365,0.3810917395345444
0.06742763192015147,0.3816003090532126
0.06742763192015147,0.3816003090532126
0.0745029672932508,0.3803187371903568
0.0745029672932508,0.3803187371903568
0.07141241530135513,0.38085907478666525
0.07141241530135513,0.38085907478666525
0.07141241530135513,0.38085907478666525
0.07141241530135513,0.38085907478666525
0.06884793851382078,0.3813660430135462
0.06884793851382078,0.3813660430135462
0.06884793851382078,0.3813660430135462
0.0730354828881897,0.3806614117387332
0.0730354828881897,0.3806614117387332
0.0730354828881897,0.3806614117387332
0.0730354828881897,0.3806614117387332
0.0730354828881897,0.3806614117387332
0.06999852261241778,0.3812087100015862
0.06999852261241778,0.3812087100015862
0.06999852261241778,0.3812087100015862
0.06707497056899697,0.3817270493436129
0.07405391762207242,0.38045716360831705
0.07405391762207242,0.38045716360831705
0.07146899616279193,0.38098265374915635
0.07146899616279193,0.38098265374915635
0.07146899616279193,0.38098265374915635
0.07146899616279193,0.38098265374915635
0.06876003843366832,0.38145186499098577
0.06876003843366832,0.38145186499098577
0.06876003843366832,0.38145186499098577
0.06876003843366832,0.38145186499098577
0.0729485002660271,0.3807040039808326
0.0729485002660271,0.3807040039808326
0.0729485002660271,0.3807040039808326
0.0729485002660271,0.3807040039808326
0.0729485002660271,0.3807040039808326
0.0703668417697085,0.3812198794597668
0.0703668417697085,0.3812198794597668
0.0703668417697085,0.3812198794597668
0.0703668417697085,0.3812198794597668
0.06796951654163835,0.3816619673857946
0.06796951654163835,0.3816619673857946
0.07478509333582001,0.38040497007568275
0.07478509333582001,0.38040497007568275
0.07225784886480856,0.38091632638687567
0.07225784886480856,0.38091632638687567
0.07225784886480856,0.38091632638687567
0.07225784886480856,0.38091632638687567
0.07225784886480856,0.38091632638687567
0.06962302044917824,0.3814766520992114
0.06962302044917824,0.3814766520992114
0.06962302044917824,0.3814766520992114
0.07364960615734337,0.3807461721695317
0.07364960615734337,0.3807461721695317
0.07364960615734337,0.3807461721695317
0.07364960615734337,0.3807461721695317
0.07125204610757267,0.3812585897128287
0.07125204610757267,0.3812585897128287
0.07125204610757267,0.3812585897128287
0.07125204610757267,0.3812585897128287
0.07125204610757267,0.3812585897128287
0.06868015118859318,0.3817913736607407
0.06868015118859318,0.3817913736607407
0.06868015118859318,0.3817913736607407
0.07524089458531175,0.3805594303604387
0.07295040082658044,0.3810624572686005
0.07295040082658044,0.3810624572686005
0.07295040082658044,0.3810624572686005
0.07295040082658044,0.3810624572686005
0.07295040082658044,0.3810624572686005
0.07072473475433394,0.3814837779079233
0.07072473475433394,0.3814837779079233
0.07072473475433394,0.3814837779079233
0.07441381800127138,0.3808055170823858
0.07441381800127138,0.3808055170823858
0.07441381800127138,0.3808055170823858
0.07441381800127138,0.3808055170823858
0.07197656244459358,0.38133158880039786
0.07197656244459358,0.38133158880039786
0.07197656244459358,0.38133158880039786
0.07197656244459358,0.38133158880039786
0.07197656244459358,0.38133158880039786
0.06941139021205116,0.38184430530204627
0.06941139021205116,0.38184430530204627
0.07562177836454104,0.3806591301129092
0.07562177836454104,0.3806591301129092
0.07341478891507937,0.3811208361633019
0.07341478891507937,0.3811208361633019
0.07341478891507937,0.3811208361633019
0.07341478891507937,0.3811208361633019
0.07119201274744662,0.3815562680647519
0.07119201274744662,0.3815562680647519
0.07119201274744662,0.3815562680647519
0.07119201274744662,0.3815562680647519
0.07455819889796131,0.3809311461991638
0.07455819889796131,0.3809311461991638
0.07455819889796131,0.3809311461991638
0.07455819889796131,0.3809311461991638
0.07213178734645397,0.3814252916409195
0.07213178734645397,0.3814252916409195
0.07213178734645397,0.3814252916409195
0.07213178734645397,0.3814252916409195
0.06968316053566509,0.38192386003681594
0.06968316053566509,0.38192386003681594
0.0754510352057933,0.3808129964852456
0.07327599953225175,0.38125254298807476
0.07327599953225175,0.38125254298807476
0.07327599953225175,0.38125254298807476
0.07106837295235717,0.3816622437975854
0.07106837295235717,0.3816622437975854
0.07106837295235717,0.3816622437975854
0.07106837295235717,0.3816622437975854
0.07106837295235717,0.3816622437975854
0.0743282724381853,0.3810551541777814
0.0743282724381853,0.3810551541777814
0.0743282724381853,0.3810551541777814
0.0721852653303434,0.381461760054515
0.0721852653303434,0.381461760054515
0.0721852653303434,0.381461760054515
0.0721852653303434,0.381461760054515
0.07005251634025648,0.38190808579330005
0.07005251634025648,0.38190808579330005
0.07535931924253615,0.3808595054018654
0.07535931924253615,0.3808595054018654
0.07294640452765913,0.38143869271931846
0.07294640452765913,0.38143869271931846
0.07294640452765913,0.38143869271931846
0.07294640452765913,0.38143869271931846
0.07047488249003245,0.38202950233811417
0.07047488249003245,0.38202950233811417
0.07047488249003245,0.38202950233811417
0.07047488249003245,0.38202950233811417
0.07047488249003245,0.38202950233811417
0.07290829043859645,0.3816484320308642
0.07290829043859645,0.3816484320308642
0.07290829043859645,0.3816484320308642
0.07290829043859645,0.3816484320308642
0.07051553905966912,0.3822208410532846
0.07051553905966912,0.3822208410532846
0.07051553905966912,0.3822208410532846
0.07051553905966912,0.3822208410532846
0.07051553905966912,0.3822208410532846
0.06830195117450104,0.38272382581985964
0.06830195117450104,0.38272382581985964
0.07295237965394641,0.38180545118038667
0.07295237965394641,0.38180545118038667
0.07295237965394641,0.38180545118038667
0.07086888309923642,0.3822689771305275
0.07086888309923642,0.3822689771305275
0.07086888309923642,0.3822689771305275
0.07086888309923642,0.3822689771305275
0.07086888309923642,0.3822689771305275
0.0688621100188982,0.3827047017407934
0.0688621100188982,0.3827047017407934
0.0688621100188982,0.3827047017407934
0.0688621100188982,0.3827047017407934
0.0688621100188982,0.3827047017407934
0.0711554190540289,0.38227279538619213
0.0711554190540289,0.38227279538619213
0.0711554190540289,0.38227279538619213
0.0711554190540289,0.38227279538619213
0.0711554190540289,0.38227279538619213
0.0711554190540289,0.38227279538619213
0.06933994448817518,0.38268324194866854
0.06933994448817518,0.38268324194866854
0.06933994448817518,0.38268324194866854
0.0676814997785446,0.38298899071754505
0.07162347780926102,0.38215591369338703
0.07162347780926102,0.38215591369338703
0.07037306768478249,0.38245030304291283
0.07037306768478249,0.38245030304291283
0.07037306768478249,0.38245030304291283
0.07037306768478249,0.38245030304291283
0.07037306768478249,0.38245030304291283
0.06887855354767711,0.382759323029185
0.06887855354767711,0.382759323029185
0.06887855354767711,0.382759323029185
0.07108177946154463,0.38231127897796274
0.07108177946154463,0.38231127897796274
0.07108177946154463,0.38231127897796274
0.07108177946154463,0.38231127897796274
0.06994035455232778,0.3826327039786561
0.06994035455232778,0.3826327039786561
0.06994035455232778,0.3826327039786561
0.06858929182604448,0.38291948158580125
0.06858929182604448,0.38291948158580125
0.07178118213109903,0.38223039333019576
0.07178118213109903,0.38223039333019576
0.07053301317017664,0.3825359882616356
0.07053301317017664,0.3825359882616356
0.07053301317017664,0.3825359882616356
0.07053301317017664,0.3825359882616356
0.069420636387788,0.38283935019526755
0.069420636387788,0.38283935019526755
0.069420636387788,0.38283935019526755
0.069420636387788,0.38283935019526755
0.07138806794644571,0.38246512952634565
0.07138806794644571,0.38246512952634565
0.07138806794644571,0.38246512952634565
0.07138806794644571,0.38246512952634565
0.07051853016217224,0.3827102621685005
0.07051853016217224,0.3827102621685005
0.07051853016217224,0.3827102621685005
0.06943698988746308,0.38294780614295143
0.07183353491317496,0.3824229198192059
0.07183353491317496,0.3824229198192059
0.07104257737755441,0.3825979423748806
0.07104257737755441,0.3825979423748806
0.07104257737755441,0.3825979423748806
0.07104257737755441,0.3825979423748806
0.07023237738269314,0.3827731821940089
0.07023237738269314,0.3827731821940089
0.07023237738269314,0.3827731821940089
0.07023237738269314,0.3827731821940089
0.07155233922707414,0.3825600845668402
0.07155233922707414,0.3825600845668402
0.07155233922707414,0.3825600845668402
0.07055840938433056,0.38281925172400977
0.07055840938433056,0.38281925172400977
0.06942465202540928,0.38309203121667185
0.07099030550759947,0.38275043238908163
0.07099030550759947,0.38275043238908163
0.06997242068907604,0.3828918803810598
0.06997242068907604,0.3828918803810598
0.06997242068907604,0.3828918803810598
0.06997242068907604,0.3828918803810598
0.06906401159178889,0.3830392132200807
0.06906401159178889,0.3830392132200807
0.06906401159178889,0.3830392132200807
0.06944541059693544,0.3829162540871668
0.06944541059693544,0.3829162540871668
0.06944541059693544,0.3829162540871668
0.06944541059693544,0.3829162540871668
0.06944541059693544,0.3829162540871668
0.06872976136243228,0.3830437359252412
0.06872976136243228,0.3830437359252412
0.06872976136243228,0.3830437359252412
0.06846406303559963,0.38308476438166644
0.06846406303559963,0.38308476438166644
0.06917594667569436,0.38294485660054844
0.06917594667569436,0.38294485660054844
0.0688944608520353,0.3830300711548821
0.0688944608520353,0.3830300711548821
0.0688944608520353,0.3830300711548821
0.0688944608520353,0.3830300711548821
0.06879354388421118,0.38311176999955954
0.06879354388421118,0.38311176999955954
0.06879354388421118,0.38311176999955954
0.06870506696674814,0.38319533908421305
0.06870506696674814,0.38319533908421305
0.06870506696674814,0.38319533908421305
0.06870506696674814,0.38319533908421305
0.06826109473871819,0.3832539824179868
0.06826109473871819,0.3832539824179868
0.06826109473871819,0.3832539824179868
0.06826109473871819,0.3832539824179868
0.06811483291212661,0.3832689008273614
0.06811483291212661,0.3832689008273614
0.0679680106553934,0.3833661182345667
0.0679680106553934,0.3833661182345667
0.06811561135212409,0.38330281300032026
0.06811561135212409,0.38330281300032026
0.06811561135212409,0.38330281300032026
0.06844130820960617,0.38320884943322325
0.06844130820960617,0.38320884943322325
0.06844130820960617,0.38320884943322325
0.06844130820960617,0.38320884943322325
0.06821118401176293,0.38332816081822413
0.06821118401176293,0.38332816081822413
0.06821118401176293,0.38332816081822413
0.06821118401176293,0.38332816081822413
0.06852395896600956,0.38320640182047216
0.06852395896600956,0.38320640182047216
0.06852395896600956,0.38320640182047216
0.06852395896600956,0.38320640182047216
0.06907830372904315,0.3830420911207674
0.06907830372904315,0.3830420911207674
0.06807788615707407,0.3833927525934112
0.06807788615707407,0.3833927525934112
0.06807788615707407,0.3833927525934112
0.06848137601194011,0.3832753748249661
0.06848137601194011,0.3832753748249661
0.06848137601194011,0.3832753748249661
0.06848137601194011,0.3832753748249661
0.06848137601194011,0.3832753748249661
0.0686040341524399,0.38320999344661416
0.0686040341524399,0.38320999344661416
0.0686040341524399,0.38320999344661416
0.0686040341524399,0.38320999344661416
0.0686040341524399,0.38320999344661416
0.0686040341524399,0.38320999344661416
0.06778288799331211,0.383495398256833
0.06778288799331211,0.383495398256833
0.06778288799331211,0.383495398256833
0.06778288799331211,0.383495398256833
0.06778288799331211,0.383495398256833
0.06778288799331211,0.383495398256833
0.06799080451602507,0.3834140088947942
0.06799080451602507,0.3834140088947942
0.06799080451602507,0.3834140088947942
0.06799080451602507,0.3834140088947942
0.06799080451602507,0.3834140088947942
0.06833049676632064,0.3832861864709208
0.06833049676632064,0.3832861864709208
0.06833049676632064,0.3832861864709208
0.06649418567891935,0.38389665140836904
0.06649418567891935,0.38389665140836904
0.06649418567891935,0.38389665140836904
0.06666342021455418,0.383827760567032
0.06666342021455418,0.383827760567032
0.06666342021455418,0.383827760567032
0.06666342021455418,0.383827760567032
0.06666342021455418,0.383827760567032
0.06736934295877844,0.3835819706599426
0.06736934295877844,0.3835819706599426
0.06736934295877844,0.3835819706599426
0.06736934295877844,0.3835819706599426
0.06736934295877844,0.3835819706599426
0.06736934295877844,0.3835819706599426
0.06655189762808661,0.38386442496957407
0.06655189762808661,0.38386442496957407
0.06655189762808661,0.38386442496957407
0.06655189762808661,0.38386442496957407
0.06655189762808661,0.38386442496957407
0.067950279020723,0.38345136881398684
0.067950279020723,0.38345136881398684
0.067950279020723,0.38345136881398684
0.067950279020723,0.38345136881398684
0.067950279020723,0.38345136881398684
0.067950279020723,0.38345136881398684
0.06940065123314333,0.3830156318168681
0.06940065123314333,0.3830156318168681
0.06676264138611247,0.3838953938889018
0.06676264138611247,0.3838953938889018
0.06676264138611247,0.3838953938889018
0.06825076431616972,0.3834678206706084
0.06825076431616972,0.3834678206706084
0.06825076431616972,0.3834678206706084
0.06825076431616972,0.3834678206706084
0.06825076431616972,0.3834678206706084
0.06825076431616972,0.3834678206706084
0.06979165266611657,0.3830073632054319
0.06979165266611657,0.3830073632054319
0.06979165266611657,0.3830073632054319
0.06979165266611657,0.3830073632054319
0.06979165266611657,0.3830073632054319
0.0683839738173757,0.38355783781323466
0.0683839738173757,0.38355783781323466
0.0683839738173757,0.38355783781323466
0.0683839738173757,0.38355783781323466
0.0683839738173757,0.38355783781323466
0.0683839738173757,0.38355783781323466
0.06987484859691423,0.3831480176869462
0.06987484859691423,0.3831480176869462
0.06987484859691423,0.3831480176869462
0.06987484859691423,0.3831480176869462
0.06987484859691423,0.3831480176869462
0.07104181633840631,0.38273827482009537
0.07104181633840631,0.38273827482009537
0.06765607646703026,0.3839102818967701
0.06765607646703026,0.3839102818967701
0.06882250978520572,0.38351475476767444
0.06882250978520572,0.38351475476767444
0.06882250978520572,0.38351475476767444
0.06882250978520572,0.38351475476767444
0.07042427515710811,0.38301696294122545
0.07042427515710811,0.38301696294122545
0.07042427515710811,0.38301696294122545
0.07042427515710811,0.38301696294122545
0.06809620191484708,0.38379076366056325
0.06809620191484708,0.38379076366056325
0.06809620191484708,0.38379076366056325
0.06809620191484708,0.38379076366056325
0.06969275164965433,0.38325244624978627
0.06969275164965433,0.38325244624978627
0.06969275164965433,0.38325244624978627
0.06969275164965433,0.38325244624978627
0.06969275164965433,0.38325244624978627
0.07185476287771222,0.3825745358892395
0.07185476287771222,0.3825745358892395
0.07185476287771222,0.3825745358892395
0.06777099218561367,0.3840069315734577
0.06777099218561367,0.3840069315734577
0.06942798721951929,0.3834699414319683
0.06942798721951929,0.3834699414319683
0.06942798721951929,0.3834699414319683
0.06942798721951929,0.3834699414319683
0.06942798721951929,0.3834699414319683
0.0709874176779357,0.3829077032689408
0.0709874176779357,0.3829077032689408
0.0709874176779357,0.3829077032689408
0.0709874176779357,0.3829077032689408
0.0709874176779357,0.3829077032689408
0.06876692314388078,0.3836982873556132
0.06876692314388078,0.3836982873556132
0.06876692314388078,0.3836982873556132
0.06876692314388078,0.3836982873556132
0.06876692314388078,0.3836982873556132
0.07101067643660991,0.3830041071970149
0.07101067643660991,0.3830041071970149
0.07101067643660991,0.3830041071970149
0.07101067643660991,0.3830041071970149
0.07277444029632885,0.38231515393915055
0.07277444029632885,0.38231515393915055
0.06805781779315342,0.38398344061823336
0.06996811358289842,0.3833260751192247
0.06996811358289842,0.3833260751192247
0.06996811358289842,0.3833260751192247
0.06996811358289842,0.3833260751192247
0.07162548375143218,0.38277250449778566
0.07162548375143218,0.38277250449778566
0.07162548375143218,0.38277250449778566
0.07162548375143218,0.38277250449778566
0.06906163417297045,0.3837504221848879
0.06906163417297045,0.3837504221848879
0.06906163417297045,0.3837504221848879
0.07094195079492399,0.38298941898189426
0.07094195079492399,0.38298941898189426
0.07094195079492399,0.38298941898189426
0.0730032037849934,0.38218701122425147
0.06766784483821821,0.38409449300374654
0.06766784483821821,0.38409449300374654
0.06988174046414254,0.38329623262842377
0.06988174046414254,0.38329623262842377
0.06988174046414254,0.38329623262842377
0.06988174046414254,0.38329623262842377
0.07232072519387288,0.3825295185322068
0.07232072519387288,0.3825295185322068
0.07232072519387288,0.3825295185322068
0.06916059639986996,0.38363972770595683
0.06916059639986996,0.38363972770595683
0.06916059639986996,0.38363972770595683
0.07156005923398766,0.3828003730718958
0.07156005923398766,0.3828003730718958
0.07156005923398766,0.3828003730718958
0.07156005923398766,0.3828003730718958
0.07156005923398766,0.3828003730718958
0.07410641057369341,0.38194584549072713
0.07410641057369341,0.38194584549072713
0.06835265848832986,0.38404837143725745
0.06835265848832986,0.38404837143725745
0.07067090966698539,0.3832070997636278
0.07067090966698539,0.3832070997636278
0.07067090966698539,0.3832070997636278
0.07067090966698539,0.3832070997636278
0.07337344621899541,0.38226618631318504
0.07337344621899541,0.38226618631318504
0.07337344621899541,0.38226618631318504
0.07337344621899541,0.38226618631318504
0.07018381161567239,0.38354321593172197
0.07018381161567239,0.38354321593172197
0.07018381161567239,0.38354321593172197
0.07018381161567239,0.38354321593172197
0.07255863271831128,0.38262605006872985
0.07255863271831128,0.38262605006872985
0.07255863271831128,0.38262605006872985
0.0750546587088771,0.3816891676189166
0.06894926395815018,0.38396726219381627
0.06894926395815018,0.38396726219381627
0.07174013929178713,0.3829835662463204
0.07174013929178713,0.3829835662463204
0.07425741502058711,0.3820706609530028
0.07425741502058711,0.3820706609530028
0.07425741502058711,0.3820706609530028
0.07425741502058711,0.3820706609530028
0.07065612194608423,0.38344875424408725
0.07065612194608423,0.38344875424408725
0.07065612194608423,0.38344875424408725
0.07326660332268056,0.3825217372670481
0.07326660332268056,0.3825217372670481
0.07326660332268056,0.3825217372670481
0.07326660332268056,0.3825217372670481
0.07574223139636965,0.38154336838390274
0.06936929027667449,0.3839525817158578
0.06936929027667449,0.3839525817158578
0.06936929027667449,0.3839525817158578
0.07216875096565173,0.38296020094986066
0.07216875096565173,0.38296020094986066
0.07216875096565173,0.38296020094986066
0.07216875096565173,0.38296020094986066
0.07496917090181936,0.3819388606203649
0.07496917090181936,0.3819388606203649
0.07496917090181936,0.3819388606203649
0.07496917090181936,0.3819388606203649
0.07111712502112688,0.38339950110968435
0.07111712502112688,0.38339950110968435
0.07111712502112688,0.38339950110968435
0.07392479370009261,0.38234710374813463
0.07392479370009261,0.38234710374813463
0.07392479370009261,0.38234710374813463
0.07392479370009261,0.38234710374813463
0.07632665971698765,0.38137172832424976
0.06979093483316612,0.3838916567597848
0.06979093483316612,0.3838916567597848
0.07214273716449358,0.3829687117325857
0.07214273716449358,0.3829687117325857
0.07214273716449358,0.3829687117325857
0.07214273716449358,0.3829687117325857
0.07214273716449358,0.3829687117325857
0.07467708152637695,0.38198504778722464
0.07467708152637695,0.38198504778722464
0.07467708152637695,0.38198504778722464
0.07075388804960561,0.38344728752204854
0.07075388804960561,0.38344728752204854
0.07075388804960561,0.38344728752204854
0.07335355257132924,0.3823747729839184
0.07335355257132924,0.3823747729839184
0.07335355257132924,0.3823747729839184
0.07600159079715882,0.3813140015446727
0.07600159079715882,0.3813140015446727
0.06939477815252146,0.38387705667501326
0.06939477815252146,0.38387705667501326
0.0721269144166806,0.3828419539910448
0.0721269144166806,0.3828419539910448
0.0721269144166806,0.3828419539910448
0.0721269144166806,0.3828419539910448
0.0746601189006647,0.38180371561919424
0.0746601189006647,0.38180371561919424
0.0746601189006647,0.38180371561919424
0.07090998923413219,0.3832559421886117
0.07090998923413219,0.3832559421886117
0.07090998923413219,0.3832559421886117
0.07332930395959533,0.3823512844349275
0.07332930395959533,0.3823512844349275
0.07332930395959533,0.3823512844349275
0.07332930395959533,0.3823512844349275
0.07332930395959533,0.3823512844349275
0.07569548756764582,0.38137088125689783
0.07569548756764582,0.38137088125689783
0.06912301769441268,0.38394156471830654
0.06912301769441268,0.38394156471830654
0.0717764252537515,0.3829042042900224
0.0717764252537515,0.3829042042900224
0.0717764252537515,0.3829042042900224
0.0717764252537515,0.3829042042900224
0.0741732614415011,0.38196691651119913
0.0741732614415011,0.38196691651119913
0.0741732614415011,0.38196691651119913
0.0741732614415011,0.38196691651119913
0.0705954653827928,0.38341319835955634
0.0705954653827928,0.38341319835955634
0.0705954653827928,0.38341319835955634
0.07293559580835879,0.3824816084899375
0.07293559580835879,0.3824816084899375
0.07293559580835879,0.3824816084899375
0.07293559580835879,0.3824816084899375
0.07293559580835879,0.3824816084899375
0.07559402092542483,0.38145957568603034
0.07559402092542483,0.38145957568603034
0.06915936119707736,0.38399974507904416
0.06915936119707736,0.38399974507904416
0.07172164923241951,0.3830443863990547
0.07172164923241951,0.3830443863990547
0.07172164923241951,0.3830443863990547
0.07172164923241951,0.3830443863990547
0.07429613173769739,0.3820821851419049
0.07429613173769739,0.3820821851419049
0.07429613173769739,0.3820821851419049
0.07061908616449687,0.3834998234982107
0.07061908616449687,0.3834998234982107
0.07061908616449687,0.3834998234982107
0.07061908616449687,0.3834998234982107
0.07061908616449687,0.3834998234982107
0.07308686469697803,0.3825558009096195
0.07308686469697803,0.3825558009096195
0.07308686469697803,0.3825558009096195
0.07308686469697803,0.3825558009096195
0.07553781817425165,0.3815974025857949
0.06934223492381822,0.38407067029479486
0.06934223492381822,0.38407067029479486
0.07184720483641818,0.3830671073999227
0.07184720483641818,0.3830671073999227
0.07184720483641818,0.3830671073999227
0.07431091100438544,0.38208326471098125
0.07431091100438544,0.38208326471098125
0.07431091100438544,0.38208326471098125
0.07431091100438544,0.38208326471098125
0.07077186210046135,0.3834826473804185
0.07077186210046135,0.3834826473804185
0.07077186210046135,0.3834826473804185
0.07077186210046135,0.3834826473804185
0.07310754420694036,0.3826170054365541
0.07310754420694036,0.3826170054365541
0.07310754420694036,0.3826170054365541
0.07543946241504915,0.3817019315884467
0.07543946241504915,0.3817019315884467
0.06956665689150007,0.384039521116229
0.06956665689150007,0.384039521116229
0.07162358731512457,0.3832176519726794
0.07162358731512457,0.3832176519726794
0.07162358731512457,0.3832176519726794
0.07389389788580845,0.3822622786004358
0.07389389788580845,0.3822622786004358
0.07389389788580845,0.3822622786004358
0.07389389788580845,0.3822622786004358
0.07051298522053727,0.3836071157828685
0.07051298522053727,0.3836071157828685
0.07051298522053727,0.3836071157828685
0.07263180596075051,0.3827772967121451
0.07263180596075051,0.3827772967121451
0.07263180596075051,0.3827772967121451
0.07263180596075051,0.3827772967121451
0.07448227814476446,0.382042714540755
0.07448227814476446,0.382042714540755
0.0690198923428465,0.38420105987670383
0.07114108659892159,0.3833519837364118
0.07114108659892159,0.3833519837364118
0.07114108659892159,0.3833519837364118
0.07114108659892159,0.3833519837364118
0.07114108659892159,0.3833519837364118
0.07336390229766046,0.38256149768025915
0.07336390229766046,0.38256149768025915
0.07336390229766046,0.38256149768025915
0.07336390229766046,0.38256149768025915
0.07336390229766046,0.38256149768025915
0.07041973625150372,0.3838128010184011
0.07041973625150372,0.3838128010184011
0.07041973625150372,0.3838128010184011
0.07041973625150372,0.3838128010184011
0.07041973625150372,0.3838128010184011
0.07255136240001434,0.3830452368171023
0.07255136240001434,0.3830452368171023
0.07255136240001434,0.3830452368171023
0.07255136240001434,0.3830452368171023
0.07466683731728994,0.38221882847762123
0.07466683731728994,0.38221882847762123
0.06970591241053682,0.3841816988970439
0.06970591241053682,0.3841816988970439
0.07181795126482296,0.3833709539591927
0.07181795126482296,0.3833709539591927
0.07181795126482296,0.3833709539591927
0.07379370376274189,0.38252451392972164
0.07379370376274189,0.38252451392972164
0.07379370376274189,0.38252451392972164
0.07379370376274189,0.38252451392972164
0.07116832251718894,0.38353832241339847
0.07116832251718894,0.38353832241339847
0.07116832251718894,0.38353832241339847
0.07322620845570205,0.38274718813932895
0.07322620845570205,0.38274718813932895
0.07322620845570205,0.38274718813932895
0.07322620845570205,0.38274718813932895
0.07496956796215666,0.38206025888332273
0.07496956796215666,0.38206025888332273
0.07496956796215666,0.38206025888332273
0.0705855636033162,0.3837938628831896
0.07246048637278169,0.3830507614067503
0.07246048637278169,0.3830507614067503
0.07246048637278169,0.3830507614067503
0.07246048637278169,0.3830507614067503
0.07421060705258054,0.3822917292843434
0.07421060705258054,0.3822917292843434
0.07421060705258054,0.3822917292843434
0.07421060705258054,0.3822917292843434
0.07421060705258054,0.3822917292843434
0.07421060705258054,0.3822917292843434
0.0718073065481025,0.3832601441843535
0.0718073065481025,0.3832601441843535
0.0718073065481025,0.3832601441843535
0.0718073065481025,0.3832601441843535
0.0718073065481025,0.3832601441843535
0.0718073065481025,0.3832601441843535
0.07325825076653554,0.38268599712859735
0.07325825076653554,0.38268599712859735
0.07325825076653554,0.38268599712859735
0.07325825076653554,0.38268599712859735
0.07470721344124802,0.3820565214753616
0.07470721344124802,0.3820565214753616
0.07096758844428501,0.38353152680839453
0.07096758844428501,0.38353152680839453
0.07246560596503601,0.38295611805691665
0.07246560596503601,0.38295611805691665
0.07246560596503601,0.38295611805691665
0.07246560596503601,0.38295611805691665
0.07382963849058848,0.38239574082925626
0.07382963849058848,0.38239574082925626
0.07382963849058848,0.38239574082925626
0.0719465316442122,0.38317570068536283
0.0719465316442122,0.38317570068536283
0.0719465316442122,0.38317570068536283
0.07310979740627528,0.3826802079574425
0.07310979740627528,0.3826802079574425
0.07310979740627528,0.3826802079574425
0.07310979740627528,0.3826802079574425
0.07414677065545258,0.3822446068594759
0.07414677065545258,0.3822446068594759
0.07111027493163863,0.38343713122152995
0.07111027493163863,0.38343713122152995
0.07244196251221696,0.3828514550027032
0.07244196251221696,0.3828514550027032
0.07244196251221696,0.3828514550027032
0.07372166525294457,0.382328859029054
0.07372166525294457,0.382328859029054
0.07372166525294457,0.382328859029054
0.07372166525294457,0.382328859029054
0.07226847823618043,0.3828391291514545
0.07226847823618043,0.3828391291514545
0.07226847823618043,0.3828391291514545
0.07226847823618043,0.3828391291514545
0.07226847823618043,0.3828391291514545
0.07365427509437399,0.38233566141203107
0.07365427509437399,0.38233566141203107
0.07365427509437399,0.38233566141203107
0.07461510266774357,0.38197439116499315
0.07461510266774357,0.38197439116499315
0.07461510266774357,0.38197439116499315
0.07233216640891282,0.3828697938928731
0.07233216640891282,0.3828697938928731
0.07305484431961816,0.3824663572617096
0.07305484431961816,0.3824663572617096
0.07305484431961816,0.3824663572617096
0.07305484431961816,0.3824663572617096
0.07305484431961816,0.3824663572617096
0.07374281967985766,0.38213753127229094
0.07374281967985766,0.38213753127229094
0.07374281967985766,0.38213753127229094
0.07374281967985766,0.38213753127229094
0.07374281967985766,0.38213753127229094
0.07261830503329708,0.38250725231651267
0.07261830503329708,0.38250725231651267
0.07261830503329708,0.38250725231651267
0.07261830503329708,0.38250725231651267
0.07261830503329708,0.38250725231651267
0.07350094306430624,0.3821408215731588
0.07350094306430624,0.3821408215731588
0.07350094306430624,0.3821408215731588
0.07350094306430624,0.3821408215731588
0.07469013605902197,0.3817697216502485
0.07469013605902197,0.3817697216502485
0.07469013605902197,0.3817697216502485
0.07320235402821362,0.38236406173056087
0.07320235402821362,0.38236406173056087
0.07320235402821362,0.38236406173056087
0.0743292876159494,0.38196635804463813
0.0743292876159494,0.38196635804463813
0.0743292876159494,0.38196635804463813
0.0743292876159494,0.38196635804463813
0.07538326684815184,0.38158359949656434
0.07538326684815184,0.38158359949656434
0.07538326684815184,0.38158359949656434
0.07538326684815184,0.38158359949656434
0.07538326684815184,0.38158359949656434
0.07520887808985663,0.38167949912144844
0.07520887808985663,0.38167949912144844
0.07520887808985663,0.38167949912144844
0.07520887808985663,0.38167949912144844
0.07520887808985663,0.38167949912144844
0.07520887808985663,0.38167949912144844
0.07598365782783899,0.381329387265224
0.07598365782783899,0.381329387265224
0.07598365782783899,0.381329387265224
0.07598365782783899,0.381329387265224
0.07598365782783899,0.381329387265224
0.07598365782783899,0.381329387265224
0.07664933666131152,0.38099796456729995
0.07664933666131152,0.38099796456729995
0.07664933666131152,0.38099796456729995
0.07598307140186045,0.3812847589604407
0.07598307140186045,0.3812847589604407
0.0764485004157503,0.3810732256445686
0.0764485004157503,0.3810732256445686
0.0764485004157503,0.3810732256445686
0.0764485004157503,0.3810732256445686
0.07638754121123,0.38099013334570847
0.07638754121123,0.38099013334570847
0.07638754121123,0.38099013334570847
0.07638754121123,0.38099013334570847
0.07638754121123,0.38099013334570847
0.07614612712680657,0.38103973874134706
0.07614612712680657,0.38103973874134706
0.07614612712680657,0.38103973874134706
0.07614612712680657,0.38103973874134706
0.07614612712680657,0.38103973874134706
0.07616666585833831,0.3809824559126744
0.07616666585833831,0.3809824559126744
0.07616666585833831,0.3809824559126744
0.07616666585833831,0.3809824559126744
0.07616666585833831,0.3809824559126744
0.07616666585833831,0.3809824559126744
0.07623724604986122,0.38092359824208133
0.07623724604986122,0.38092359824208133
0.07623724604986122,0.38092359824208133
0.07641334390190314,0.3809198521455851
0.07641334390190314,0.3809198521455851
0.07641334390190314,0.3809198521455851
0.07646096850791387,0.3808963336217024
0.07646096850791387,0.3808963336217024
0.07628295944150623,0.380849575657064
0.07628295944150623,0.380849575657064
0.07628295944150623,0.380849575657064
0.07628295944150623,0.380849575657064
0.07686704907940112,0.380707273441536
0.07686704907940112,0.380707273441536
0.07686704907940112,0.380707273441536
0.07686704907940112,0.380707273441536
0.076977057019948,0.38079068261587057
0.076977057019948,0.38079068261587057
0.076977057019948,0.38079068261587057
0.076977057019948,0.38079068261587057
0.076977057019948,0.38079068261587057
0.07703250049427621,0.3808987996935768
0.07703250049427621,0.3808987996935768
0.07805606652268304,0.3806228530771074
0.07805606652268304,0.3806228530771074
0.07805606652268304,0.3806228530771074
0.0779955055476784,0.3807090177389078
0.0779955055476784,0.3807090177389078
0.0779955055476784,0.3807090177389078
0.0779955055476784,0.3807090177389078
0.0779955055476784,0.3807090177389078
0.07750499269455227,0.3808827467693138
0.07750499269455227,0.3808827467693138
0.07750499269455227,0.3808827467693138
0.07750499269455227,0.3808827467693138
0.0781928255505289,0.3806835860679489
0.0781928255505289,0.3806835860679489
0.0781928255505289,0.3806835860679489
0.0781928255505289,0.3806835860679489
0.07754285578919852,0.38090717033018856
0.07754285578919852,0.38090717033018856
0.07754285578919852,0.38090717033018856
0.07754285578919852,0.38090717033018856
0.07754285578919852,0.38090717033018856
0.07649051983802196,0.38120544786245286
0.07649051983802196,0.38120544786245286
0.07835062556887162,0.380671842442438
0.07835062556887162,0.380671842442438
0.07733003939668645,0.38093215332803537
0.07733003939668645,0.38093215332803537
0.07652917224116088,0.381147879851046
0.07652917224116088,0.381147879851046
0.07652917224116088,0.381147879851046
0.07775645650595303,0.3807371846545818
0.07775645650595303,0.3807371846545818
0.07775645650595303,0.3807371846545818
0.07665945832931939,0.38099502795273477
0.07665945832931939,0.38099502795273477
0.07665945832931939,0.38099502795273477
0.07665945832931939,0.38099502795273477
0.07528336787143937,0.38142148531151865
0.07528336787143937,0.38142148531151865
0.07796057656377119,0.38066939413126594
0.07796057656377119,0.38066939413126594
0.07664852562195834,0.3811221319808349
0.07664852562195834,0.3811221319808349
0.07664852562195834,0.3811221319808349
0.07664852562195834,0.3811221319808349
0.07527532750898294,0.3815480204238178
0.07527532750898294,0.3815480204238178
0.07527532750898294,0.3815480204238178
0.07527532750898294,0.3815480204238178
0.07527532750898294,0.3815480204238178
0.0768875006570467,0.3811313180760521
0.0768875006570467,0.3811313180760521
0.0768875006570467,0.3811313180760521
0.0768875006570467,0.3811313180760521
0.07540621315446067,0.3815367061166006
0.07540621315446067,0.3815367061166006
0.07540621315446067,0.3815367061166006
0.07540621315446067,0.3815367061166006
0.07540621315446067,0.3815367061166006
0.07382569140414767,0.3819837967401133
0.07382569140414767,0.3819837967401133
0.07728731551385196,0.3810596763470295
0.07728731551385196,0.3810596763470295
0.07569644788347121,0.38151154398756715
0.07569644788347121,0.38151154398756715
0.07569644788347121,0.38151154398756715
0.07569644788347121,0.38151154398756715
0.07398856666485538,0.38200053951616036
0.07398856666485538,0.38200053951616036
0.07398856666485538,0.38200053951616036
0.07398856666485538,0.38200053951616036
0.07624247700588994,0.38139389575107546
0.07624247700588994,0.38139389575107546
0.07624247700588994,0.38139389575107546
0.07624247700588994,0.38139389575107546
0.07487859929822932,0.3817550628144621
0.07487859929822932,0.3817550628144621
0.07487859929822932,0.3817550628144621
0.0734857343660647,0.3821082929754224
0.0776794270807285,0.3810397045518114
0.07610893571573055,0.38142453398510207
0.07610893571573055,0.38142453398510207
0.07610893571573055,0.38142453398510207
0.07610893571573055,0.38142453398510207
0.07447494132134426,0.3818575144610215
0.07447494132134426,0.3818575144610215
0.07447494132134426,0.3818575144610215
0.07681565459383424,0.3812657191539983
0.07681565459383424,0.3812657191539983
0.07681565459383424,0.3812657191539983
0.07681565459383424,0.3812657191539983
0.07506194576753981,0.3816854719069218
0.07506194576753981,0.3816854719069218
0.07506194576753981,0.3816854719069218
0.07506194576753981,0.3816854719069218
0.07318893660066031,0.3821188287904205
0.07804532690562728,0.38091667144367103
0.07804532690562728,0.38091667144367103
0.07617962379895299,0.3813720922519478
0.07617962379895299,0.3813720922519478
0.07617962379895299,0.3813720922519478
0.07617962379895299,0.3813720922519478
0.0744259889383468,0.381818484543354
0.0744259889383468,0.381818484543354
0.0744259889383468,0.381818484543354
0.0744259889383468,0.381818484543354
0.07773970199766536,0.3810494786157805
0.07773970199766536,0.3810494786157805
0.07773970199766536,0.3810494786157805
0.07773970199766536,0.3810494786157805
0.07773970199766536,0.3810494786157805
0.07565742641176466,0.3815034163290767
0.07565742641176466,0.3815034163290767
0.07565742641176466,0.3815034163290767
0.07565742641176466,0.3815034163290767
0.07565742641176466,0.3815034163290767
0.07367696773845261,0.38199848713015766
0.07367696773845261,0.38199848713015766
0.0791231658819633,0.380705453613648
0.0791231658819633,0.380705453613648
0.07737065250739884,0.3811760088053253
0.07737065250739884,0.3811760088053253
0.07737065250739884,0.3811760088053253
0.07737065250739884,0.3811760088053253
0.07519445693213629,0.3817058016092594
0.07519445693213629,0.3817058016092594
0.07519445693213629,0.3817058016092594
0.07822855335894675,0.3810365237280899
0.07822855335894675,0.3810365237280899
0.07822855335894675,0.3810365237280899
0.07822855335894675,0.3810365237280899
0.07556776168674163,0.38163988301427476
0.07556776168674163,0.38163988301427476
0.07556776168674163,0.38163988301427476
0.07336167600183609,0.3820867203496616
0.07336167600183609,0.3820867203496616
0.07931365427324265,0.380742072609956
0.07931365427324265,0.380742072609956
0.07695586036169477,0.38125840955592777
0.07695586036169477,0.38125840955592777
0.07695586036169477,0.38125840955592777
0.07695586036169477,0.38125840955592777
0.07459287508393274,0.38180556356995915
0.07459287508393274,0.38180556356995915
0.07459287508393274,0.38180556356995915
0.0785686763628616,0.38091621725756025
0.0785686763628616,0.38091621725756025
0.0785686763628616,0.38091621725756025
0.0759384473211747,0.3814576948011715
0.0759384473211747,0.3814576948011715
0.0759384473211747,0.3814576948011715
0.07325081096833207,0.3820443228838809
0.07325081096833207,0.3820443228838809
0.0796070965570234,0.38064623697949396
0.07697777205894399,0.3812851305333555
0.07697777205894399,0.3812851305333555
0.07697777205894399,0.3812851305333555
0.07697777205894399,0.3812851305333555
0.07440083254982176,0.3818091243743778
0.07440083254982176,0.3818091243743778
0.07440083254982176,0.3818091243743778
0.07440083254982176,0.3818091243743778
0.07788915680822606,0.3810974462007388
0.07788915680822606,0.3810974462007388
0.07788915680822606,0.3810974462007388
0.07788915680822606,0.3810974462007388
0.07788915680822606,0.3810974462007388
0.07544653438233119,0.38165016590211587
0.07544653438233119,0.38165016590211587
0.07544653438233119,0.38165016590211587
0.07544653438233119,0.38165016590211587
0.07295861402161899,0.38218671075044164
0.07962384168716692,0.38078891209589394
0.07962384168716692,0.38078891209589394
0.07712375584592854,0.3813154916817316
0.07712375584592854,0.3813154916817316
0.07712375584592854,0.3813154916817316
0.07455254983522612,0.3818328449099416
0.07455254983522612,0.3818328449099416
0.07455254983522612,0.3818328449099416
0.07858841213547178,0.3809983526653493
0.07858841213547178,0.3809983526653493
0.07858841213547178,0.3809983526653493
0.0756262425342471,0.381623031044068
0.0756262425342471,0.381623031044068
0.0756262425342471,0.381623031044068
0.0756262425342471,0.381623031044068
0.07280395294160139,0.3821906761799542
0.07280395294160139,0.3821906761799542
0.0796671055171801,0.3807947233932362
0.0796671055171801,0.3807947233932362
0.07704731833207641,0.3814053227667611
0.07704731833207641,0.3814053227667611
0.07704731833207641,0.3814053227667611
0.07704731833207641,0.3814053227667611
0.07412010208740129,0.3820170923250774
0.07412010208740129,0.3820170923250774
0.07412010208740129,0.3820170923250774
0.07412010208740129,0.3820170923250774
0.07837941374541765,0.38120415865428037
0.07837941374541765,0.38120415865428037
0.07837941374541765,0.38120415865428037
0.07837941374541765,0.38120415865428037
0.07542797123366975,0.38176649601218166
0.07542797123366975,0.38176649601218166
0.07542797123366975,0.38176649601218166
0.07273311298652149,0.382253317744864
0.07273311298652149,0.382253317744864
0.07968159754082235,0.3808630714812308
0.07968159754082235,0.3808630714812308
0.07664415377709373,0.3814858889213255
0.07664415377709373,0.3814858889213255
0.07664415377709373,0.3814858889213255
0.07664415377709373,0.3814858889213255
0.07364736515657237,0.38204295433675134
0.07364736515657237,0.38204295433675134
0.07364736515657237,0.38204295433675134
0.07364736515657237,0.38204295433675134
0.07364736515657237,0.38204295433675134
0.07732632559590406,0.381274994400183
0.07732632559590406,0.381274994400183
0.07732632559590406,0.381274994400183
0.07473742046296875,0.38183954205098103
0.07473742046296875,0.38183954205098103
0.07473742046296875,0.38183954205098103
0.07473742046296875,0.38183954205098103
0.07218258369396886,0.3823489093583381
0.07218258369396886,0.3823489093583381
0.07910175855441526,0.3809600039749138
0.07910175855441526,0.3809600039749138
0.07645840888981467,0.38150787428148214
0.07645840888981467,0.38150787428148214
0.07645840888981467,0.38150787428148214
0.07645840888981467,0.38150787428148214
0.07645840888981467,0.38150787428148214
0.07645840888981467,0.38150787428148214
0.0739213293067555,0.3820551356326522
0.0739213293067555,0.3820551356326522
0.0739213293067555,0.3820551356326522
0.0739213293067555,0.3820551356326522
0.0739213293067555,0.3820551356326522
0.0739213293067555,0.3820551356326522
0.0739213293067555,0.3820551356326522
0.07810437149274445,0.38122209041166977
0.07810437149274445,0.38122209041166977
0.07810437149274445,0.38122209041166977
0.07810437149274445,0.38122209041166977
0.07810437149274445,0.38122209041166977
0.07810437149274445,0.38122209041166977
0.07810437149274445,0.38122209041166977
0.07559828499138617,0.3817552620734507
0.07559828499138617,0.3817552620734507
0.07559828499138617,0.3817552620734507
0.07559828499138617,0.3817552620734507
0.07559828499138617,0.3817552620734507
0.07559828499138617,0.3817552620734507
0.07559828499138617,0.3817552620734507
0.07308261650520573,0.3822621034347535
0.07308261650520573,0.3822621034347535
0.07308261650520573,0.3822621034347535
0.07985732576632665,0.38086209354639255
0.07985732576632665,0.38086209354639255
0.07985732576632665,0.38086209354639255
0.07738088713943196,0.3813888384230771
0.07738088713943196,0.3813888384230771
0.07738088713943196,0.3813888384230771
0.07738088713943196,0.3813888384230771
0.07738088713943196,0.3813888384230771
0.07738088713943196,0.3813888384230771
0.07738088713943196,0.3813888384230771
0.07492406025084368,0.381900519994567
0.07492406025084368,0.381900519994567
0.07492406025084368,0.381900519994567
0.07874630672269892,0.38111585273744886
0.07874630672269892,0.38111585273744886
0.07874630672269892,0.38111585273744886
0.07596124230544608,0.38171968271023543
0.07596124230544608,0.38171968271023543
0.07330818162383401,0.3822447050268333
0.07330818162383401,0.3822447050268333
0.07983304840813664,0.3808561020613707
0.07983304840813664,0.3808561020613707
0.0771737730590791,0.3814896363120051
0.0771737730590791,0.3814896363120051
0.0771737730590791,0.3814896363120051
0.0771737730590791,0.3814896363120051
0.07468793620451743,0.3820889999098548
0.07468793620451743,0.3820889999098548
0.07468793620451743,0.3820889999098548
0.07468793620451743,0.3820889999098548
0.07867549659957623,0.38126155526964856
0.07867549659957623,0.38126155526964856
0.07867549659957623,0.38126155526964856
0.07625154934056767,0.38180200362544847
0.07625154934056767,0.38180200362544847
0.07625154934056767,0.38180200362544847
0.07393596991429413,0.3823221695963329
0.07393596991429413,0.3823221695963329
0.08011106425831462,0.3809722389823304
0.08011106425831462,0.3809722389823304
0.07781510558911395,0.38153282021479423
0.07781510558911395,0.38153282021479423
0.07781510558911395,0.38153282021479423
0.0754272910437152,0.38201798245158153
0.0754272910437152,0.38201798245158153
0.0754272910437152,0.38201798245158153
0.0754272910437152,0.38201798245158153
0.07895682187536822,0.3812827282471182
0.07895682187536822,0.3812827282471182
0.07895682187536822,0.3812827282471182
0.07895682187536822,0.3812827282471182
0.07685617742050871,0.3817800149059161
0.07685617742050871,0.3817800149059161
0.07685617742050871,0.3817800149059161
0.07685617742050871,0.3817800149059161
0.07454678790987164,0.3823071980165563
0.07454678790987164,0.3823071980165563
0.08027615262510579,0.3810147222088401
0.07781605796387649,0.38160346783372573
0.07781605796387649,0.38160346783372573
0.07781605796387649,0.38160346783372573
0.0754650123661828,0.38215846421950894
0.0754650123661828,0.38215846421950894
0.0754650123661828,0.38215846421950894
0.07852710760562173,0.381475372396186
0.07852710760562173,0.381475372396186
0.07852710760562173,0.381475372396186
0.07852710760562173,0.381475372396186
0.07644381443603562,0.381966418609943
0.07644381443603562,0.381966418609943
0.07644381443603562,0.381966418609943
0.07421492009755098,0.38254391857182385
0.07421492009755098,0.38254391857182385
0.07941232548249594,0.38133950716902104
0.07941232548249594,0.38133950716902104
0.0773400287412063,0.3818575982097823
0.0773400287412063,0.3818575982097823
0.0773400287412063,0.3818575982097823
0.0773400287412063,0.3818575982097823
0.07576497784375219,0.38223355140468684
0.07576497784375219,0.38223355140468684
0.07576497784375219,0.38223355140468684
0.07576497784375219,0.38223355140468684
0.07905718628425187,0.38146684796775404
0.07905718628425187,0.38146684796775404
0.07905718628425187,0.38146684796775404
0.07905718628425187,0.38146684796775404
0.07759529020078756,0.38182288874660836
0.07759529020078756,0.38182288874660836
0.07759529020078756,0.38182288874660836
0.07759529020078756,0.38182288874660836
0.07759529020078756,0.38182288874660836
0.07604812195969646,0.3821964034613772
0.07604812195969646,0.3821964034613772
0.07604812195969646,0.3821964034613772
0.08063399202904445,0.381103393445437
0.08063399202904445,0.381103393445437
0.08063399202904445,0.381103393445437
0.07889219572614926,0.381543047313743
0.07889219572614926,0.381543047313743
0.07889219572614926,0.381543047313743
0.07889219572614926,0.381543047313743
0.07889219572614926,0.381543047313743
0.07889219572614926,0.381543047313743
0.07889219572614926,0.381543047313743
0.0773567564185241,0.3819183614469198
0.0773567564185241,0.3819183614469198
0.0773567564185241,0.3819183614469198
0.0773567564185241,0.3819183614469198
0.0773567564185241,0.3819183614469198
0.07995110481187964,0.38129871850288766
0.07995110481187964,0.38129871850288766
0.07995110481187964,0.38129871850288766
0.07995110481187964,0.38129871850288766
0.07995110481187964,0.38129871850288766
0.07995110481187964,0.38129871850288766
0.07995110481187964,0.38129871850288766
0.07995110481187964,0.38129871850288766
0.07863537991285308,0.3816860934660412
0.07863537991285308,0.3816860934660412
0.07863537991285308,0.3816860934660412
0.07714976489063174,0.38198913121238465
0.07714976489063174,0.38198913121238465
0.08105644620257153,0.38104135561313734
0.08105644620257153,0.38104135561313734
0.07975494425842022,0.3814281223484319
0.07975494425842022,0.3814281223484319
0.07975494425842022,0.3814281223484319
0.07975494425842022,0.3814281223484319
0.07867951388087661,0.3817591733504894
0.07867951388087661,0.3817591733504894
0.07867951388087661,0.3817591733504894
0.07867951388087661,0.3817591733504894
0.07867951388087661,0.3817591733504894
0.08061996877794163,0.38129060398587367
0.08061996877794163,0.38129060398587367
0.08061996877794163,0.38129060398587367
0.08061996877794163,0.38129060398587367
0.08061996877794163,0.38129060398587367
0.08061996877794163,0.38129060398587367
0.07951580075419788,0.38158856898492755
0.07951580075419788,0.38158856898492755
0.07951580075419788,0.38158856898492755
0.07951580075419788,0.38158856898492755
0.07951580075419788,0.38158856898492755
0.07951580075419788,0.38158856898492755
0.07951580075419788,0.38158856898492755
0.07849253152690888,0.38186948181345637
0.07849253152690888,0.38186948181345637
0.07849253152690888,0.38186948181345637
0.08166018926512217,0.3810895040232214
0.08166018926512217,0.3810895040232214
0.0806999704405058,0.38137633333715
0.0806999704405058,0.38137633333715
0.0806999704405058,0.38137633333715
0.07966593839290673,0.3816720549281994
0.07966593839290673,0.3816720549281994
0.07966593839290673,0.3816720549281994
0.08146225091092381,0.3812549192824452
0.08146225091092381,0.3812549192824452
0.08146225091092381,0.3812549192824452
0.08056027783702072,0.3815022002115251
0.08056027783702072,0.3815022002115251
0.08056027783702072,0.3815022002115251
0.07975719228412613,0.38174911270297657
0.07975719228412613,0.38174911270297657
0.08213705980581876,0.3811576955319673
0.08213705980581876,0.3811576955319673
0.08147171862166093,0.3814060976975706
0.08147171862166093,0.3814060976975706
0.08147171862166093,0.3814060976975706
0.08147171862166093,0.3814060976975706
0.08074405947777019,0.3816163789266441
0.08074405947777019,0.3816163789266441
0.08074405947777019,0.3816163789266441
0.0819641488676454,0.38135190249026263
0.0819641488676454,0.38135190249026263
0.0819641488676454,0.38135190249026263
0.08138423090601016,0.38149350446824754
0.08138423090601016,0.38149350446824754
0.08138423090601016,0.38149350446824754
0.08138423090601016,0.38149350446824754
0.08077755722804411,0.381662385461421
0.08077755722804411,0.381662385461421
0.08233462832166558,0.381285205037177
0.08233462832166558,0.381285205037177
0.08192705689466673,0.3814126255523772
0.08192705689466673,0.3814126255523772
0.08192705689466673,0.3814126255523772
0.08127509619780764,0.38157144063541504
0.08127509619780764,0.38157144063541504
0.08127509619780764,0.38157144063541504
0.08127509619780764,0.38157144063541504
0.08127509619780764,0.38157144063541504
0.08204064669975038,0.38141986744204776
0.08204064669975038,0.38141986744204776
0.08204064669975038,0.38141986744204776
0.08135173301470959,0.38160442131790107
0.08135173301470959,0.38160442131790107
0.08135173301470959,0.38160442131790107
0.08135173301470959,0.38160442131790107
0.08069198752366413,0.381764451142967
0.08069198752366413,0.381764451142967
0.08140161258494516,0.38161414220982215
0.08140161258494516,0.38161414220982215
0.0813759704534996,0.3816714942333827
0.0813759704534996,0.3816714942333827
0.0813759704534996,0.3816714942333827
0.0813759704534996,0.3816714942333827
0.08127390444139454,0.38168609743545934
0.08127390444139454,0.38168609743545934
0.08127390444139454,0.38168609743545934
0.08127390444139454,0.38168609743545934
0.08165049984745922,0.3816667478541922
0.08165049984745922,0.3816667478541922
0.08165049984745922,0.3816667478541922
0.08165049984745922,0.3816667478541922
0.08165049984745922,0.3816667478541922
0.08165049984745922,0.3816667478541922
0.08176354884796999,0.38163459522370763
0.08176354884796999,0.38163459522370763
0.08176354884796999,0.38163459522370763
0.08171564124067453,0.38164988886456497
0.08156969278843379,0.38174849697071994
0.08155063327478523,0.3817213386549874
0.08155063327478523,0.3817213386549874
0.08163272623745482,0.3816697638696104
0.08163272623745482,0.3816697638696104
0.08163272623745482,0.3816697638696104
0.08155546663738523,0.3817786082052257
0.08155546663738523,0.3817786082052257
0.08155546663738523,0.3817786082052257
0.08155546663738523,0.3817786082052257
0.08177912571281006,0.38170054930624847
0.08177912571281006,0.38170054930624847
0.08177912571281006,0.38170054930624847
0.08177912571281006,0.38170054930624847
0.08177912571281006,0.38170054930624847
0.08197611900017271,0.38163756157670803
0.08197611900017271,0.38163756157670803
0.0809813016063463,0.3820038569297517
0.0809813016063463,0.3820038569297517
0.0809813016063463,0.3820038569297517
0.08123643908239955,0.3818932771773659
0.08123643908239955,0.3818932771773659
0.08123643908239955,0.3818932771773659
0.08123643908239955,0.3818932771773659
0.08123643908239955,0.3818932771773659
0.08153458759874427,0.38178551190917864
0.08153458759874427,0.38178551190917864
0.08153458759874427,0.38178551190917864
0.08153458759874427,0.38178551190917864
0.0805031582010012,0.3821242264727901
0.0805031582010012,0.3821242264727901
0.0805031582010012,0.3821242264727901
0.0805031582010012,0.3821242264727901
0.0805031582010012,0.3821242264727901
0.0805031582010012,0.3821242264727901
0.08087865091691224,0.382005621573862
0.08087865091691224,0.382005621573862
0.08087865091691224,0.382005621573862
0.08087865091691224,0.382005621573862
0.08087865091691224,0.382005621573862
0.08126069172657549,0.38189888870478933
0.07944930280549098,0.3825797692761308
0.0799827467500342,0.3823532889979435
0.0799827467500342,0.3823532889979435
0.0799827467500342,0.3823532889979435
0.0799827467500342,0.3823532889979435
0.0799827467500342,0.3823532889979435
0.0808834443313665,0.38203874370302404
0.0808834443313665,0.38203874370302404
0.0808834443313665,0.38203874370302404
0.0808834443313665,0.38203874370302404
0.0808834443313665,0.38203874370302404
0.07944686858826494,0.3825687015339033
0.07944686858826494,0.3825687015339033
0.07944686858826494,0.3825687015339033
0.07944686858826494,0.3825687015339033
0.07944686858826494,0.3825687015339033
0.08036296490367874,0.3822570723183543
0.08036296490367874,0.3822570723183543
0.08036296490367874,0.3822570723183543
0.08036296490367874,0.3822570723183543
0.08036296490367874,0.3822570723183543
0.08036296490367874,0.3822570723183543
0.0814891071100107,0.38187629819749935
0.0814891071100107,0.38187629819749935
0.0814891071100107,0.38187629819749935
0.0788808847837967,0.38284080044321983
0.0788808847837967,0.38284080044321983
0.0788808847837967,0.38284080044321983
0.08010086729542555,0.38241317404471975
0.08010086729542555,0.38241317404471975
0.08010086729542555,0.38241317404471975
0.08010086729542555,0.38241317404471975
0.08010086729542555,0.38241317404471975
0.08010086729542555,0.38241317404471975
0.08137683627841583,0.38197398790349085
0.08137683627841583,0.38197398790349085
0.08137683627841583,0.38197398790349085
0.08137683627841583,0.38197398790349085
0.08137683627841583,0.38197398790349085
0.08137683627841583,0.38197398790349085
0.08137683627841583,0.38197398790349085
0.0798203141564333,0.3825907526839434
0.0798203141564333,0.3825907526839434
0.0798203141564333,0.3825907526839434
0.0798203141564333,0.3825907526839434
0.0798203141564333,0.3825907526839434
0.0798203141564333,0.3825907526839434
0.0798203141564333,0.3825907526839434
0.0798203141564333,0.3825907526839434
0.08132497497665216,0.3821437207052288
0.08132497497665216,0.3821437207052288
0.08132497497665216,0.3821437207052288
0.08132497497665216,0.3821437207052288
0.08132497497665216,0.3821437207052288
0.08132497497665216,0.3821437207052288
0.08132497497665216,0.3821437207052288
0.08287893110994979,0.381675137875625
0.08287893110994979,0.381675137875625
0.08287893110994979,0.381675137875625
0.08287893110994979,0.381675137875625
0.07951279617513149,0.3829023198744441
0.07951279617513149,0.3829023198744441
0.07951279617513149,0.3829023198744441
0.07951279617513149,0.3829023198744441
0.0810789247160701,0.38242755045180543
0.0810789247160701,0.38242755045180543
0.0810789247160701,0.38242755045180543
0.0810789247160701,0.38242755045180543
0.0810789247160701,0.38242755045180543
0.0810789247160701,0.38242755045180543
0.0810789247160701,0.38242755045180543
0.0810789247160701,0.38242755045180543
0.08265574873934148,0.38192335208775263
0.08265574873934148,0.38192335208775263
0.08265574873934148,0.38192335208775263
0.08265574873934148,0.38192335208775263
0.08265574873934148,0.38192335208775263
0.08265574873934148,0.38192335208775263
0.08265574873934148,0.38192335208775263
0.08265574873934148,0.38192335208775263
0.08058402065022276,0.38270663790124804
0.08058402065022276,0.38270663790124804
0.08058402065022276,0.38270663790124804
0.08058402065022276,0.38270663790124804
0.08058402065022276,0.38270663790124804
0.08058402065022276,0.38270663790124804
0.08058402065022276,0.38270663790124804
0.08058402065022276,0.38270663790124804
0.08216828331421336,0.38215646236115214
0.08216828331421336,0.38215646236115214
0.08216828331421336,0.38215646236115214
0.08216828331421336,0.38215646236115214
0.08216828331421336,0.38215646236115214
0.08216828331421336,0.38215646236115214
0.08216828331421336,0.38215646236115214
0.08216828331421336,0.38215646236115214
0.08378679451556137,0.381583427161724
0.08378679451556137,0.381583427161724
0.08378679451556137,0.381583427161724
0.08378679451556137,0.381583427161724
0.07971497416716344,0.38304944947440034
0.07971497416716344,0.38304944947440034
0.07971497416716344,0.38304944947440034
0.07971497416716344,0.38304944947440034
0.08138965561844931,0.3824792902265585
0.08138965561844931,0.3824792902265585
0.08138965561844931,0.3824792902265585
0.08138965561844931,0.3824792902265585
0.08138965561844931,0.3824792902265585
0.08138965561844931,0.3824792902265585
0.08138965561844931,0.3824792902265585
0.08138965561844931,0.3824792902265585
0.08310128046044933,0.38188771293109003
0.08310128046044933,0.38188771293109003
0.08310128046044933,0.38188771293109003
0.08310128046044933,0.38188771293109003
0.08310128046044933,0.38188771293109003
0.08310128046044933,0.38188771293109003
0.08310128046044933,0.38188771293109003
0.08310128046044933,0.38188771293109003
0.08056213614526131,0.3828218543475289
0.08056213614526131,0.3828218543475289
0.08056213614526131,0.3828218543475289
0.08056213614526131,0.3828218543475289
0.08056213614526131,0.3828218543475289
0.08056213614526131,0.3828218543475289
0.08056213614526131,0.3828218543475289
0.08056213614526131,0.3828218543475289
0.0823629322464893,0.38221686996368615
0.0823629322464893,0.38221686996368615
0.0823629322464893,0.38221686996368615
0.0823629322464893,0.38221686996368615
0.0823629322464893,0.38221686996368615
0.0823629322464893,0.38221686996368615
0.0823629322464893,0.38221686996368615
0.0823629322464893,0.38221686996368615
0.0823629322464893,0.38221686996368615
0.08422371903438455,0.3815941982096329
0.08422371903438455,0.3815941982096329
0.08422371903438455,0.3815941982096329
0.08422371903438455,0.3815941982096329
0.08422371903438455,0.3815941982096329
0.07950865607772063,0.3832668877696865
0.07950865607772063,0.3832668877696865
0.07950865607772063,0.3832668877696865
0.07950865607772063,0.3832668877696865
0.0814227806937772,0.3826540142396959
0.0814227806937772,0.3826540142396959
0.0814227806937772,0.3826540142396959
0.0814227806937772,0.3826540142396959
0.0814227806937772,0.3826540142396959
0.0814227806937772,0.3826540142396959
0.0814227806937772,0.3826540142396959
0.0814227806937772,0.3826540142396959
0.0814227806937772,0.3826540142396959
0.08341966990370295,0.38201731344304946
0.08341966990370295,0.38201731344304946
0.08341966990370295,0.38201731344304946
0.08341966990370295,0.38201731344304946
0.08341966990370295,0.38201731344304946
0.08341966990370295,0.38201731344304946
0.08341966990370295,0.38201731344304946
0.08341966990370295,0.38201731344304946
0.08058686383602395,0.3830713202577328
0.08058686383602395,0.3830713202577328
0.08058686383602395,0.3830713202577328
0.08058686383602395,0.3830713202577328
0.08058686383602395,0.3830713202577328
0.08058686383602395,0.3830713202577328
0.08058686383602395,0.3830713202577328
0.08058686383602395,0.3830713202577328
0.08267850056296795,0.3823868271200973
0.08267850056296795,0.3823868271200973
0.08267850056296795,0.3823868271200973
0.08267850056296795,0.3823868271200973
0.08267850056296795,0.3823868271200973
0.08267850056296795,0.3823868271200973
0.08267850056296795,0.3823868271200973
0.08267850056296795,0.3823868271200973
0.08477461363341815,0.38166468456808406
0.08477461363341815,0.38166468456808406
0.08477461363341815,0.38166468456808406
0.08477461363341815,0.38166468456808406
0.08477461363341815,0.38166468456808406
0.07949178456450623,0.38351528627979675
0.07949178456450623,0.38351528627979675
0.07949178456450623,0.38351528627979675
0.07949178456450623,0.38351528627979675
0.08158919694549259,0.38279090470314375
0.08158919694549259,0.38279090470314375
0.08158919694549259,0.38279090470314375
0.08158919694549259,0.38279090470314375
0.08158919694549259,0.38279090470314375
0.08158919694549259,0.38279090470314375
0.08158919694549259,0.38279090470314375
0.08371337122536704,0.38203453455366443
0.08371337122536704,0.38203453455366443
0.08371337122536704,0.38203453455366443
0.08371337122536704,0.38203453455366443
0.08371337122536704,0.38203453455366443
0.08371337122536704,0.38203453455366443
0.08371337122536704,0.38203453455366443
0.08371337122536704,0.38203453455366443
0.08045805711803403,0.3831504208435576
0.08045805711803403,0.3831504208435576
0.08045805711803403,0.3831504208435576
0.08045805711803403,0.3831504208435576
0.08045805711803403,0.3831504208435576
0.08045805711803403,0.3831504208435576
0.08045805711803403,0.3831504208435576
0.08045805711803403,0.3831504208435576
0.0826540807062295,0.3823781909115507
0.0826540807062295,0.3823781909115507
0.0826540807062295,0.3823781909115507
0.0826540807062295,0.3823781909115507
0.0826540807062295,0.3823781909115507
0.0826540807062295,0.3823781909115507
0.0826540807062295,0.3823781909115507
0.0826540807062295,0.3823781909115507
0.0848684025446094,0.3815843525761847
0.0848684025446094,0.3815843525761847
0.0848684025446094,0.3815843525761847
0.0848684025446094,0.3815843525761847
0.07909944116689269,0.38357262011708526
0.07909944116689269,0.38357262011708526
0.07909944116689269,0.38357262011708526
0.07909944116689269,0.38357262011708526
0.08136143112887574,0.38278818982959883
0.08136143112887574,0.38278818982959883
0.08136143112887574,0.38278818982959883
0.08136143112887574,0.38278818982959883
0.08136143112887574,0.38278818982959883
0.08136143112887574,0.38278818982959883
0.08136143112887574,0.38278818982959883
0.08136143112887574,0.38278818982959883
0.08363678553193352,0.381981942219625
0.08363678553193352,0.381981942219625
0.08363678553193352,0.381981942219625
0.08363678553193352,0.381981942219625
0.08363678553193352,0.381981942219625
0.08363678553193352,0.381981942219625
0.08363678553193352,0.381981942219625
0.08363678553193352,0.381981942219625
0.08010331122491438,0.3831601169253847
0.08010331122491438,0.3831601169253847
0.08010331122491438,0.3831601169253847
0.08010331122491438,0.3831601169253847
0.08010331122491438,0.3831601169253847
0.08010331122491438,0.3831601169253847
0.08010331122491438,0.3831601169253847
0.08010331122491438,0.3831601169253847
0.08010331122491438,0.3831601169253847
0.08243567882410295,0.3823438990709056
0.08243567882410295,0.3823438990709056
0.08243567882410295,0.3823438990709056
0.08243567882410295,0.3823438990709056
0.08243567882410295,0.3823438990709056
0.08243567882410295,0.3823438990709056
0.08243567882410295,0.3823438990709056
0.08243567882410295,0.3823438990709056
0.0847957477395461,0.3814954637762818
0.0847957477395461,0.3814954637762818
0.07863133079399501,0.3835828043599183
0.08134857478810764,0.3826889484065663
0.08134857478810764,0.3826889484065663
0.08134857478810764,0.3826889484065663
0.08382771032703837,0.38180354488530716
0.08382771032703837,0.38180354488530716
0.08382771032703837,0.38180354488530716
0.08034102286306488,0.3829962940642757
0.08034102286306488,0.3829962940642757
0.08034102286306488,0.3829962940642757
0.08302724502768558,0.38206770443315297
0.08302724502768558,0.38206770443315297
0.08302724502768558,0.38206770443315297
0.08563959830005292,0.38112368615114983
0.08563959830005292,0.38112368615114983
0.07920566939132732,0.383356097352947
0.08201186723866692,0.38244047673496534
0.08201186723866692,0.38244047673496534
0.08201186723866692,0.38244047673496534
0.08479653064398951,0.38144275209567613
0.08479653064398951,0.38144275209567613
0.08479653064398951,0.38144275209567613
0.08115148349772999,0.3827292566573794
0.08115148349772999,0.3827292566573794
0.08115148349772999,0.3827292566573794
0.08411346678404619,0.381775703345584
0.08411346678404619,0.381775703345584
0.08700012946725413,0.38076175859352557
0.08700012946725413,0.38076175859352557
0.08039538564038971,0.38309175739566814
0.08353040279576454,0.382117439739073
0.08353040279576454,0.382117439739073
0.08353040279576454,0.382117439739073
0.08353040279576454,0.382117439739073
0.0866440240922377,0.38108789914884594
0.0866440240922377,0.38108789914884594
0.0866440240922377,0.38108789914884594
0.0866440240922377,0.38108789914884594
0.08330831739426296,0.3823779896121703
0.08330831739426296,0.3823779896121703
0.08582978731105828,0.38147059056610405
0.08582978731105828,0.38147059056610405
0.08582978731105828,0.38147059056610405
0.08582978731105828,0.38147059056610405
0.08882391403752593,0.3804581971532263
0.08882391403752593,0.3804581971532263
0.08216737763430032,0.3828881650764852
0.08496467192964377,0.38188287701193036
0.08496467192964377,0.38188287701193036
0.08496467192964377,0.38188287701193036
0.08496467192964377,0.38188287701193036
0.0874966865792057,0.38098467185503504
0.0874966865792057,0.38098467185503504
0.0874966865792057,0.38098467185503504
0.0874966865792057,0.38098467185503504
0.08335041382197671,0.38250027199742875
0.08335041382197671,0.38250027199742875
0.08335041382197671,0.38250027199742875
0.08335041382197671,0.38250027199742875
0.08624280711953644,0.38152619989007625
0.08624280711953644,0.38152619989007625
0.08624280711953644,0.38152619989007625
0.08624280711953644,0.38152619989007625
0.08893084871164711,0.38055253068554373
0.08231336534114753,0.3830046605517455
0.08505839448142387,0.38198828913996985
0.08505839448142387,0.38198828913996985
0.08505839448142387,0.38198828913996985
0.08505839448142387,0.38198828913996985
0.08742071927879773,0.3811253481169202
0.08742071927879773,0.3811253481169202
0.08742071927879773,0.3811253481169202
0.08742071927879773,0.3811253481169202
0.08373460290537779,0.38255612187875765
0.08373460290537779,0.38255612187875765
0.08373460290537779,0.38255612187875765
0.08632220899415943,0.3816059493782547
0.08632220899415943,0.3816059493782547
0.08632220899415943,0.3816059493782547
0.08632220899415943,0.3816059493782547
0.08887226228980402,0.3806566182205703
0.08239220513327655,0.3830785114767263
0.08239220513327655,0.3830785114767263
0.08511780797651228,0.38215474338177247
0.08511780797651228,0.38215474338177247
0.08511780797651228,0.38215474338177247
0.08775540404742879,0.3811282623226838
0.08775540404742879,0.3811282623226838
0.08775540404742879,0.3811282623226838
0.08775540404742879,0.3811282623226838
0.084379417805406,0.38245317079565433
0.084379417805406,0.38245317079565433
0.084379417805406,0.38245317079565433
0.08687415826825477,0.38156679819982975
0.08687415826825477,0.38156679819982975
0.08687415826825477,0.38156679819982975
0.08923412171131032,0.3806240740944402
0.08923412171131032,0.3806240740944402
0.08298920102233068,0.382969937637535
0.08298920102233068,0.382969937637535
0.08537766933618607,0.38204483947232337
0.08537766933618607,0.38204483947232337
0.08537766933618607,0.38204483947232337
0.08768673600833074,0.3811201220640211
0.08768673600833074,0.3811201220640211
0.08768673600833074,0.3811201220640211
0.08392319962029396,0.3824956918144966
0.08392319962029396,0.3824956918144966
0.08392319962029396,0.3824956918144966
0.08392319962029396,0.3824956918144966
0.08625723630312798,0.3816331168150182
0.08625723630312798,0.3816331168150182
0.08625723630312798,0.3816331168150182
0.08862076741131575,0.3807409680921859
0.08862076741131575,0.3807409680921859
0.08270169030493543,0.38295876653571814
0.08270169030493543,0.38295876653571814
0.08470901601349401,0.3822142742453578
0.08470901601349401,0.3822142742453578
0.08702973118869503,0.3812952300430503
0.08702973118869503,0.3812952300430503
0.08702973118869503,0.3812952300430503
0.08702973118869503,0.3812952300430503
0.08364532346940112,0.3825339697958465
0.08364532346940112,0.3825339697958465
0.08364532346940112,0.3825339697958465
0.08364532346940112,0.3825339697958465
0.08557685724477193,0.3818263648579838
0.08557685724477193,0.3818263648579838
0.08557685724477193,0.3818263648579838
0.08557685724477193,0.3818263648579838
0.08773970365558519,0.381009536075276
0.08223459614312385,0.38305646164368334
0.08223459614312385,0.38305646164368334
0.08223459614312385,0.38305646164368334
0.0844317975596571,0.382258222993047
0.0844317975596571,0.382258222993047
0.0844317975596571,0.382258222993047
0.0844317975596571,0.382258222993047
0.0844317975596571,0.382258222993047
0.0865259242917537,0.3815457161369221
0.0865259242917537,0.3815457161369221
0.0865259242917537,0.3815457161369221
0.0865259242917537,0.3815457161369221
0.0865259242917537,0.3815457161369221
0.08346322504104679,0.3827294006906759
0.08346322504104679,0.3827294006906759
0.08346322504104679,0.3827294006906759
0.08346322504104679,0.3827294006906759
0.08346322504104679,0.3827294006906759
0.0855125791598714,0.3819679594384035
0.0855125791598714,0.3819679594384035
0.0855125791598714,0.3819679594384035
0.0855125791598714,0.3819679594384035
0.0855125791598714,0.3819679594384035
0.0855125791598714,0.3819679594384035
0.08753478217579648,0.3811999207627063
0.08753478217579648,0.3811999207627063
0.0825468772168967,0.3830931807732404
0.0825468772168967,0.3830931807732404
0.0825468772168967,0.3830931807732404
0.084625852589578,0.3823107286565138
0.084625852589578,0.3823107286565138
0.084625852589578,0.3823107286565138
0.084625852589578,0.3823107286565138
0.084625852589578,0.3823107286565138
0.084625852589578,0.3823107286565138
0.084625852589578,0.3823107286565138
0.0867031484384275,0.381529569470774
0.0867031484384275,0.381529569470774
0.0867031484384275,0.381529569470774
0.0867031484384275,0.381529569470774
0.0867031484384275,0.381529569470774
0.0867031484384275,0.381529569470774
0.0841872409695469,0.3824900510019526
0.0841872409695469,0.3824900510019526
0.0841872409695469,0.3824900510019526
0.0841872409695469,0.3824900510019526
0.0841872409695469,0.3824900510019526
0.0841872409695469,0.3824900510019526
0.0841872409695469,0.3824900510019526
0.08624941191292286,0.3816945112030465
0.08624941191292286,0.3816945112030465
0.08624941191292286,0.3816945112030465
0.08624941191292286,0.3816945112030465
0.08624941191292286,0.3816945112030465
0.08624941191292286,0.3816945112030465
0.0882202384979619,0.38091654049439
0.0882202384979619,0.38091654049439
0.0882202384979619,0.38091654049439
0.08382030089159839,0.3826092968860975
0.08382030089159839,0.3826092968860975
0.08382030089159839,0.3826092968860975
0.08382030089159839,0.3826092968860975
0.0858308754744826,0.38183994777006763
0.0858308754744826,0.38183994777006763
0.0858308754744826,0.38183994777006763
0.0858308754744826,0.38183994777006763
0.0858308754744826,0.38183994777006763
0.0858308754744826,0.38183994777006763
0.0858308754744826,0.38183994777006763
0.0858308754744826,0.38183994777006763
0.08772794158317598,0.3810965921172385
0.08772794158317598,0.3810965921172385
0.08772794158317598,0.3810965921172385
0.08772794158317598,0.3810965921172385
0.08772794158317598,0.3810965921172385
0.08772794158317598,0.3810965921172385
0.08772794158317598,0.3810965921172385
0.08530964059439344,0.3820073052744759
0.08530964059439344,0.3820073052744759
0.08530964059439344,0.3820073052744759
0.08530964059439344,0.3820073052744759
0.08530964059439344,0.3820073052744759
0.08530964059439344,0.3820073052744759
0.08530964059439344,0.3820073052744759
0.08683525037857884,0.3813899791444149
0.08683525037857884,0.3813899791444149
0.08830032241142145,0.38078689003953936
0.08830032241142145,0.38078689003953936
0.08455074726511351,0.38223641606836334
0.08455074726511351,0.38223641606836334
0.08610479404659001,0.38171868796536956
0.08610479404659001,0.38171868796536956
0.08610479404659001,0.38171868796536956
0.08770265777701762,0.3812207263331849
0.08770265777701762,0.3812207263331849
0.08770265777701762,0.3812207263331849
0.08770265777701762,0.3812207263331849
0.08600257904570077,0.3820233880765084
0.08600257904570077,0.3820233880765084
0.08600257904570077,0.3820233880765084
0.08600257904570077,0.3820233880765084
0.0876981769154711,0.38150671936549785
0.0876981769154711,0.38150671936549785
0.0876981769154711,0.38150671936549785
0.0876981769154711,0.38150671936549785
0.08946658430120685,0.3809595076403782
0.08946658430120685,0.3809595076403782
0.0864370892150974,0.38216970612032075
0.0864370892150974,0.38216970612032075
0.08817595301384204,0.3816371804899825
0.08817595301384204,0.3816371804899825
0.08817595301384204,0.3816371804899825
0.08968929890148186,0.38107320424523317
0.08968929890148186,0.38107320424523317
0.08968929890148186,0.38107320424523317
0.08855088761386917,0.381594379417453
0.08855088761386917,0.381594379417453
0.08855088761386917,0.381594379417453
0.08967588881238756,0.38116045989280856
0.08967588881238756,0.38116045989280856
0.08967588881238756,0.38116045989280856
0.08967588881238756,0.38116045989280856
0.0906517360627153,0.3807264396065609
0.08837856131552717,0.38164634200187236
0.08918011960287336,0.381287296084681
0.08918011960287336,0.381287296084681
0.08918011960287336,0.381287296084681
0.08918011960287336,0.381287296084681
0.09002696043889633,0.3809578270126489
0.09002696043889633,0.3809578270126489
0.09002696043889633,0.3809578270126489
0.09002696043889633,0.3809578270126489
0.09002696043889633,0.3809578270126489
0.08935781040799264,0.3813706532338484
0.08935781040799264,0.3813706532338484
0.08935781040799264,0.3813706532338484
0.08935781040799264,0.3813706532338484
0.09005715802871345,0.38111328691925483
0.09005715802871345,0.38111328691925483
0.09005715802871345,0.38111328691925483
0.09005715802871345,0.38111328691925483
0.09063469091090758,0.3808404394778755
0.08915281374801161,0.38144935223430076
0.08915281374801161,0.38144935223430076
0.08958773490052045,0.3812025552912362
0.08958773490052045,0.3812025552912362
0.08958773490052045,0.3812025552912362
0.08983161923737701,0.3810975664258607
0.08983161923737701,0.3810975664258607
0.08983161923737701,0.3810975664258607
0.08919824645100399,0.3812973041875224
0.08919824645100399,0.3812973041875224
0.08919824645100399,0.3812973041875224
0.08919824645100399,0.3812973041875224
0.08919824645100399,0.3812973041875224
0.08979808713484819,0.38105339846325464
0.08979808713484819,0.38105339846325464
0.08979808713484819,0.38105339846325464
0.08979808713484819,0.38105339846325464
0.08979808713484819,0.38105339846325464
0.0903969132807281,0.38083105927274913
0.0903969132807281,0.38083105927274913
0.0903969132807281,0.38083105927274913
0.08973524605693345,0.3811283081840406
0.08973524605693345,0.3811283081840406
0.09000353540340525,0.3810615644568088
0.09000353540340525,0.3810615644568088
0.09000353540340525,0.3810615644568088
0.09000353540340525,0.3810615644568088
0.0902582656414733,0.380966053833943
0.0902582656414733,0.380966053833943
0.0902582656414733,0.380966053833943
0.09005246483853889,0.38103623443793344
0.09005246483853889,0.38103623443793344
0.09005246483853889,0.38103623443793344
0.09039039237271101,0.38086321250663235
0.09039039237271101,0.38086321250663235
0.09039039237271101,0.38086321250663235
0.09039039237271101,0.38086321250663235
0.09084030212429098,0.3807976665815139
0.09084030212429098,0.3807976665815139
0.09101632802546722,0.38079139179287125
0.09110386133617131,0.3807564006184241
0.09110386133617131,0.3807564006184241
0.09110386133617131,0.3807564006184241
0.09113583303728681,0.3807058638815637
0.09113583303728681,0.3807058638815637
0.09113583303728681,0.3807058638815637
0.09139590490812029,0.38061043938749983
0.09139590490812029,0.38061043938749983
0.09139590490812029,0.38061043938749983
0.09139590490812029,0.38061043938749983
0.09152662528566383,0.38066164331417085
0.09152662528566383,0.38066164331417085
0.09152662528566383,0.38066164331417085
0.09117870560744426,0.3807761770140983
0.09219692816644934,0.38048112373857
0.09164470313926504,0.3806004295397786
0.09164470313926504,0.3806004295397786
0.09164470313926504,0.3806004295397786
0.09164470313926504,0.3806004295397786
0.09079796100042789,0.38086923999100786
0.09079796100042789,0.38086923999100786
0.09079796100042789,0.38086923999100786
0.09079796100042789,0.38086923999100786
0.0915272808278456,0.3806102581543092
0.0915272808278456,0.3806102581543092
0.0915272808278456,0.3806102581543092
0.09117451689113902,0.3807632064931058
0.09117451689113902,0.3807632064931058
0.09117451689113902,0.3807632064931058
0.0907116303074901,0.38092957488255763
0.0907116303074901,0.38092957488255763
0.09256339336514421,0.3803677014564155
0.09174617856985959,0.38056151768253466
0.09174617856985959,0.38056151768253466
0.09174617856985959,0.38056151768253466
0.09100872009099922,0.3807432394429373
0.09100872009099922,0.3807432394429373
0.09100872009099922,0.3807432394429373
0.09232924635677789,0.3803153509899126
0.09232924635677789,0.3803153509899126
0.09232924635677789,0.3803153509899126
0.09165498447986359,0.3805457256794958
0.09165498447986359,0.3805457256794958
0.09165498447986359,0.3805457256794958
0.09068411977688556,0.38080924243707154
0.0933440153585109,0.37999804343800436
0.0933440153585109,0.37999804343800436
0.09232518058437414,0.3803091415739567
0.09232518058437414,0.3803091415739567
0.09232518058437414,0.3803091415739567
0.09147186643998056,0.38056603216164964
0.09147186643998056,0.38056603216164964
0.09147186643998056,0.38056603216164964
0.09147186643998056,0.38056603216164964
0.09308624631716886,0.380079666238954
0.09308624631716886,0.380079666238954
0.09308624631716886,0.380079666238954
0.09308624631716886,0.380079666238954
0.09136285626590332,0.3806068823201658
0.09136285626590332,0.3806068823201658
0.09136285626590332,0.3806068823201658
0.09136285626590332,0.3806068823201658
0.09022119551373754,0.3809549868754431
0.09022119551373754,0.3809549868754431
0.09365461675851579,0.37993104419160373
0.09235918551088819,0.3803551470369255
0.09235918551088819,0.3803551470369255
0.09235918551088819,0.3803551470369255
0.09235918551088819,0.3803551470369255
0.09106516342364268,0.38071690553435616
0.09106516342364268,0.38071690553435616
0.09106516342364268,0.38071690553435616
0.09106516342364268,0.38071690553435616
0.09358124539825652,0.38000895911778704
0.09358124539825652,0.38000895911778704
0.09358124539825652,0.38000895911778704
0.09358124539825652,0.38000895911778704
0.09235931832501945,0.3804221500677933
0.09235931832501945,0.3804221500677933
0.09235931832501945,0.3804221500677933
0.09235931832501945,0.3804221500677933
0.09068397274225284,0.3808939128897682
0.09484746588859455,0.3797131219275217
0.09484746588859455,0.3797131219275217
0.09327419068106271,0.38014432915008156
0.09327419068106271,0.38014432915008156
0.09327419068106271,0.38014432915008156
0.09327419068106271,0.38014432915008156
0.0915907453604429,0.38064395843547055
0.0915907453604429,0.38064395843547055
0.0915907453604429,0.38064395843547055
0.09418191207978448,0.37991777919549236
0.09418191207978448,0.37991777919549236
0.09418191207978448,0.37991777919549236
0.09418191207978448,0.37991777919549236
0.09250206030702894,0.3804498352613959
0.09250206030702894,0.3804498352613959
0.09250206030702894,0.3804498352613959
0.09052714997331357,0.3809979112136234
0.09052714997331357,0.3809979112136234
0.09535444609699813,0.3796837874883153
0.09344619526999333,0.3801887332793665
0.09344619526999333,0.3801887332793665
0.09344619526999333,0.3801887332793665
0.09344619526999333,0.3801887332793665
0.09126158170106838,0.380822435310762
0.09126158170106838,0.380822435310762
0.09420657277613212,0.3799781255209769
0.09420657277613212,0.3799781255209769
0.09420657277613212,0.3799781255209769
0.09420657277613212,0.3799781255209769
0.09199139173504675,0.3805868491038739
0.09199139173504675,0.3805868491038739
0.09199139173504675,0.3805868491038739
0.09199139173504675,0.3805868491038739
0.09199139173504675,0.3805868491038739
0.09010541146101744,0.3811492002691385
0.09551921491448752,0.3797266174369238
0.09551921491448752,0.3797266174369238
0.09333627345395076,0.38029487899882003
0.09333627345395076,0.38029487899882003
0.09333627345395076,0.38029487899882003
0.09333627345395076,0.38029487899882003
0.09144325654218226,0.38084275796865336
0.09144325654218226,0.38084275796865336
0.09144325654218226,0.38084275796865336
0.09478805689592192,0.37996492321341135
0.09478805689592192,0.37996492321341135
0.09478805689592192,0.37996492321341135
0.09261376401130728,0.3804685932925365
0.09261376401130728,0.3804685932925365
0.09261376401130728,0.3804685932925365
0.09261376401130728,0.3804685932925365
0.09021061955542417,0.38103074183308444
0.09612274617606917,0.3795204831441603
0.09612274617606917,0.3795204831441603
0.09369597372969887,0.3801142572517528
0.09369597372969887,0.3801142572517528
0.09369597372969887,0.3801142572517528
0.09138910239599396,0.3806793081255164
0.09138910239599396,0.3806793081255164
0.09138910239599396,0.3806793081255164
0.09138910239599396,0.3806793081255164
0.09517349052817613,0.37971024230084655
0.09517349052817613,0.37971024230084655
0.09517349052817613,0.37971024230084655
0.09517349052817613,0.37971024230084655
0.09267434499938218,0.3803605403521556
0.09267434499938218,0.3803605403521556
0.09267434499938218,0.3803605403521556
0.09016946807936341,0.3809680635822716
0.09648452872023447,0.37939420366469395
0.09648452872023447,0.37939420366469395
0.09375661122944817,0.38011490137386517
0.09375661122944817,0.38011490137386517
0.09375661122944817,0.38011490137386517
0.09086592335222042,0.38088501185212736
0.09086592335222042,0.38088501185212736
0.09086592335222042,0.38088501185212736
0.09086592335222042,0.38088501185212736
0.09427502622189876,0.3800927347567806
0.09427502622189876,0.3800927347567806
0.09427502622189876,0.3800927347567806
0.0915317285219348,0.3807737504462935
0.0915317285219348,0.3807737504462935
0.0915317285219348,0.3807737504462935
0.08919797993016493,0.381361274701698
0.08919797993016493,0.381361274701698
0.0958148244477278,0.3797499184951312
0.0958148244477278,0.3797499184951312
0.09330866485127588,0.3804589108659676
0.09330866485127588,0.3804589108659676
0.09330866485127588,0.3804589108659676
0.09060875652200977,0.38113506796078583
0.09060875652200977,0.38113506796078583
0.09060875652200977,0.38113506796078583
0.09060875652200977,0.38113506796078583
0.09459861446220566,0.3802205114147683
0.09459861446220566,0.3802205114147683
0.09459861446220566,0.3802205114147683
0.09459861446220566,0.3802205114147683
0.09218261010016557,0.3808320795839948
0.09218261010016557,0.3808320795839948
0.09218261010016557,0.3808320795839948
0.09218261010016557,0.3808320795839948
0.0895098696603421,0.3814361712998662
0.0895098696603421,0.3814361712998662
0.0963234202925875,0.379815346062323
0.09367132955851652,0.3805097978461713
0.09367132955851652,0.3805097978461713
0.09367132955851652,0.3805097978461713
0.09367132955851652,0.3805097978461713
0.09367132955851652,0.3805097978461713
0.09077718659579168,0.38122249979968953
0.09077718659579168,0.38122249979968953
0.09077718659579168,0.38122249979968953
0.09077718659579168,0.38122249979968953
0.0948318090656064,0.38029560726491995
0.0948318090656064,0.38029560726491995
0.0948318090656064,0.38029560726491995
0.09212013309559848,0.38089424318822357
0.09212013309559848,0.38089424318822357
0.09212013309559848,0.38089424318822357
0.08923617096290934,0.3815717090619093
0.08923617096290934,0.3815717090619093
0.09614222857126442,0.3799840762270885
0.09614222857126442,0.3799840762270885
0.09348117659844106,0.38064704456075077
0.09348117659844106,0.38064704456075077
0.09348117659844106,0.38064704456075077
0.09093494736230825,0.38129797441983715
0.09093494736230825,0.38129797441983715
0.09093494736230825,0.38129797441983715
0.09093494736230825,0.38129797441983715
0.09505696459182257,0.380412718241673
0.09505696459182257,0.380412718241673
0.09505696459182257,0.380412718241673
0.09505696459182257,0.380412718241673
0.09238258779620681,0.3810774824307502
0.09238258779620681,0.3810774824307502
0.09238258779620681,0.3810774824307502
0.09238258779620681,0.3810774824307502
0.09238258779620681,0.3810774824307502
0.08969905605207397,0.3817325511429184
0.08969905605207397,0.3817325511429184
0.09657770940891548,0.3801551585925201
0.09657770940891548,0.3801551585925201
0.09657770940891548,0.3801551585925201
0.09347563521600036,0.38092473878854854
0.09347563521600036,0.38092473878854854
0.09347563521600036,0.38092473878854854
0.09049565285304013,0.3816150563657072
0.09049565285304013,0.3816150563657072
0.09403801535129362,0.38078783423308915
0.09403801535129362,0.38078783423308915
0.09403801535129362,0.38078783423308915
0.09135235114154844,0.38140706588002965
0.09135235114154844,0.38140706588002965
0.09135235114154844,0.38140706588002965
0.08881838732231333,0.38198671906557
0.08881838732231333,0.38198671906557
0.09556342951786982,0.38045012577285625
0.0931385191155256,0.38102095621066895
0.0931385191155256,0.38102095621066895
0.0931385191155256,0.38102095621066895
0.0931385191155256,0.38102095621066895
0.09066985618923519,0.3816132830257533
0.09066985618923519,0.3816132830257533
0.09066985618923519,0.3816132830257533
0.094623490368997,0.38072054589952103
0.094623490368997,0.38072054589952103
0.094623490368997,0.38072054589952103
0.094623490368997,0.38072054589952103
0.094623490368997,0.38072054589952103
0.0920710605240898,0.3813540251458494
0.0920710605240898,0.3813540251458494
0.0920710605240898,0.3813540251458494
0.0920710605240898,0.3813540251458494
0.08956028855668131,0.3819808051972715
0.08956028855668131,0.3819808051972715
0.09605591740958765,0.38046129338168083
0.09605591740958765,0.38046129338168083
0.09605591740958765,0.38046129338168083
0.09359863386489903,0.3810867252354483
0.09359863386489903,0.3810867252354483
0.09359863386489903,0.3810867252354483
0.09359863386489903,0.3810867252354483
0.0911846754503455,0.3816830800322536
0.0911846754503455,0.3816830800322536
0.0911846754503455,0.3816830800322536
0.0911846754503455,0.3816830800322536
0.09514768569543558,0.380793862237834
0.09514768569543558,0.380793862237834
0.09514768569543558,0.380793862237834
0.09514768569543558,0.380793862237834
0.09249744602201361,0.3814196023368236
0.09249744602201361,0.3814196023368236
0.09249744602201361,0.3814196023368236
0.08977214544101034,0.3820548500521578
0.08977214544101034,0.3820548500521578
0.09591667626904235,0.38057199981318923
0.09591667626904235,0.38057199981318923
0.09370142547442276,0.3811423920483214
0.09370142547442276,0.3811423920483214
0.09370142547442276,0.3811423920483214
0.09160511838797178,0.38166315754173985
0.09160511838797178,0.38166315754173985
0.09160511838797178,0.38166315754173985
0.09551649333429936,0.3807553974362286
0.09551649333429936,0.3807553974362286
0.09551649333429936,0.3807553974362286
0.09325284270121188,0.3813564016843569
0.09325284270121188,0.3813564016843569
0.09325284270121188,0.3813564016843569
0.09080207909013398,0.38195160812913576
0.09080207909013398,0.38195160812913576
0.09650401009879611,0.38054302840562154
0.09650401009879611,0.38054302840562154
0.0942392170755538,0.3811226639736086
0.0942392170755538,0.3811226639736086
0.0942392170755538,0.3811226639736086
0.09207324266856615,0.38168425481567503
0.09207324266856615,0.38168425481567503
0.09207324266856615,0.38168425481567503
0.0950912890965063,0.38097852341936966
0.0950912890965063,0.38097852341936966
0.0950912890965063,0.38097852341936966
0.0950912890965063,0.38097852341936966
0.0950912890965063,0.38097852341936966
0.0950912890965063,0.38097852341936966
0.09299657993198515,0.38154808025330555
0.09299657993198515,0.38154808025330555
0.09299657993198515,0.38154808025330555
0.09299657993198515,0.38154808025330555
0.09097862649025201,0.38208464818849325
0.09097862649025201,0.38208464818849325
0.09614996626325402,0.38077282711977906
0.09614996626325402,0.38077282711977906
0.0942376933731224,0.3813067467732144
0.0942376933731224,0.3813067467732144
0.0942376933731224,0.3813067467732144
0.09239975214076715,0.38178308791500604
0.09239975214076715,0.38178308791500604
0.09239975214076715,0.38178308791500604
0.09239975214076715,0.38178308791500604
0.09552546368062736,0.3810619866849445
0.09552546368062736,0.3810619866849445
0.09394238753402617,0.38148936628279784
0.09394238753402617,0.38148936628279784
0.09394238753402617,0.38148936628279784
0.09394238753402617,0.38148936628279784
0.09224404844088172,0.38197796034398857
0.09680807617615932,0.3807970598376777
0.09680807617615932,0.3807970598376777
0.09518067316340227,0.38126734098190956
0.09518067316340227,0.38126734098190956
0.09518067316340227,0.38126734098190956
0.09352812374505999,0.38171617813304
0.09352812374505999,0.38171617813304
0.09352812374505999,0.38171617813304
0.09575610917435827,0.38113679224069325
0.09575610917435827,0.38113679224069325
0.09575610917435827,0.38113679224069325
0.09575610917435827,0.38113679224069325
0.09399422363568954,0.3816136523988132
0.09399422363568954,0.3816136523988132
0.09399422363568954,0.3816136523988132
0.09256060860362014,0.382021777484566
0.09256060860362014,0.382021777484566
0.09644489062132838,0.3809860208058123
0.09479352403551661,0.3814663348504606
0.09479352403551661,0.3814663348504606
0.09479352403551661,0.3814663348504606
0.09479352403551661,0.3814663348504606
0.09479352403551661,0.3814663348504606
0.0931837910003292,0.38191968493938927
0.0931837910003292,0.38191968493938927
0.0931837910003292,0.38191968493938927
0.09509548232181794,0.38137841145031265
0.09509548232181794,0.38137841145031265
0.09509548232181794,0.38137841145031265
0.0940371814542528,0.38170173327800483
0.0940371814542528,0.38170173327800483
0.0940371814542528,0.38170173327800483
0.09290571823991609,0.3820339671239133
0.09290571823991609,0.3820339671239133
0.09605180144940666,0.38117107575071685
0.09605180144940666,0.38117107575071685
0.09533204391515077,0.3814286765052988
0.09533204391515077,0.3814286765052988
0.09533204391515077,0.3814286765052988
0.09450936197324106,0.3816616689104295
0.09450936197324106,0.3816616689104295
0.09450936197324106,0.3816616689104295
0.09640194712074153,0.3811883320598811
0.09640194712074153,0.3811883320598811
0.09640194712074153,0.3811883320598811
0.09553334764807991,0.38151316803111635
0.09553334764807991,0.38151316803111635
0.09553334764807991,0.38151316803111635
0.09424397888475616,0.38188697037622904
0.09424397888475616,0.38188697037622904
0.09660685262850024,0.3812309432470223
0.09660685262850024,0.3812309432470223
0.09559284499563246,0.3815340144504567
0.09559284499563246,0.3815340144504567
0.09559284499563246,0.3815340144504567
0.09559284499563246,0.3815340144504567
0.09493459672570922,0.3817790107726384
0.09493459672570922,0.3817790107726384
0.09493459672570922,0.3817790107726384
0.09643007499227971,0.3814199933936333
0.09643007499227971,0.3814199933936333
0.09643007499227971,0.3814199933936333
0.09593732649153501,0.381652536454148
0.09593732649153501,0.381652536454148
0.09593732649153501,0.381652536454148
0.09593732649153501,0.381652536454148
0.09527477126093041,0.3818775813790473
0.09681938934077801,0.38145226863105475
0.09681938934077801,0.38145226863105475
0.09622090533835595,0.3816229115300767
0.09622090533835595,0.3816229115300767
0.09622090533835595,0.3816229115300767
0.09622090533835595,0.3816229115300767
0.09594403107879595,0.3817646694925923
0.09594403107879595,0.3817646694925923
0.0965761212600592,0.38161114962312603
0.0965761212600592,0.38161114962312603
0.0965761212600592,0.38161114962312603
0.0965761212600592,0.38161114962312603
0.09589700932492037,0.38178925701659644
0.09589700932492037,0.38178925701659644
0.09589700932492037,0.38178925701659644
0.09589700932492037,0.38178925701659644
0.09511411539800739,0.38201296198475637
0.09581903465574809,0.38184193780212083
0.09581903465574809,0.38184193780212083
0.09558761181538716,0.3818947602660857
0.09558761181538716,0.3818947602660857
0.09558761181538716,0.3818947602660857
0.0954686739319277,0.3819162655891897
0.0954686739319277,0.3819162655891897
0.0954686739319277,0.3819162655891897
0.09540191075988684,0.38197080195157135
0.09540191075988684,0.38197080195157135
0.09503241198706198,0.38198367053484433
0.09503241198706198,0.38198367053484433
0.09503241198706198,0.38198367053484433
0.09517886992947418,0.3819546370287073
0.09517886992947418,0.3819546370287073
0.09503620062628157,0.38205793268368615
0.09503620062628157,0.38205793268368615
0.09518585772569295,0.38198885047682196
0.09518585772569295,0.38198885047682196
0.09518585772569295,0.38198885047682196
0.09536803808809972,0.38193974806356573
0.09536803808809972,0.38193974806356573
0.09536803808809972,0.38193974806356573
0.09536803808809972,0.38193974806356573
0.09508332035832279,0.3820620266564173
0.09508332035832279,0.3820620266564173
0.09508332035832279,0.3820620266564173
0.09507217789456346,0.38200840923489965
0.09507217789456346,0.38200840923489965
0.09507217789456346,0.38200840923489965
0.09542799153026602,0.3818927506654076
0.09444311021636413,0.3822849784108172
0.09444311021636413,0.3822849784108172
0.09494196011117267,0.3821226168714729
0.09494196011117267,0.3821226168714729
0.09494196011117267,0.3821226168714729
0.09494196011117267,0.3821226168714729
0.09518866109279431,0.382025878418728
0.09518866109279431,0.382025878418728
0.09435717376930766,0.38230393966019127
0.09435717376930766,0.38230393966019127
0.09435717376930766,0.38230393966019127
0.0951590499745358,0.38199116241956793
0.0951590499745358,0.38199116241956793
0.0951590499745358,0.38199116241956793
0.09590873753510021,0.3817619187738507
0.09590873753510021,0.3817619187738507
0.09410296776885668,0.38245756508855927
0.09410296776885668,0.38245756508855927
0.09489791497000247,0.382189845817577
0.09489791497000247,0.382189845817577
0.09489791497000247,0.382189845817577
0.09489791497000247,0.382189845817577
0.09585101409127136,0.38183209890024994
0.09585101409127136,0.38183209890024994
0.09585101409127136,0.38183209890024994
0.09460552759101182,0.3823534523475911
0.09460552759101182,0.3823534523475911
0.09460552759101182,0.3823534523475911
0.09552483370169869,0.3819425842103958
0.09552483370169869,0.3819425842103958
0.09552483370169869,0.3819425842103958
0.09552483370169869,0.3819425842103958
0.09645525776057007,0.3815866735543812
0.0938629649483218,0.38259320536119557
0.0948269118575125,0.38216959359935165
0.0948269118575125,0.38216959359935165
0.0948269118575125,0.38216959359935165
0.0948269118575125,0.38216959359935165
0.09635625579444632,0.3816529094233372
0.09635625579444632,0.3816529094233372
0.09635625579444632,0.3816529094233372
0.09635625579444632,0.3816529094233372
0.09635625579444632,0.3816529094233372
0.09496752311354628,0.38227906357801694
0.09496752311354628,0.38227906357801694
0.09496752311354628,0.38227906357801694
0.09496752311354628,0.38227906357801694
0.09496752311354628,0.38227906357801694
0.09496752311354628,0.38227906357801694
0.09616151348796143,0.3818313870698743
0.09616151348796143,0.3818313870698743
0.09616151348796143,0.3818313870698743
0.09616151348796143,0.3818313870698743
0.09616151348796143,0.3818313870698743
0.09734583401906247,0.3813565264065919
0.09734583401906247,0.3813565264065919
0.09734583401906247,0.3813565264065919
0.09400516127698214,0.38265141854469603
0.09400516127698214,0.38265141854469603
0.09400516127698214,0.38265141854469603
0.09519881451257436,0.3821924768089441
0.09519881451257436,0.3821924768089441
0.09519881451257436,0.3821924768089441
0.09519881451257436,0.3821924768089441
0.09519881451257436,0.3821924768089441
0.09654155632595779,0.3816655822110301
0.09654155632595779,0.3816655822110301
0.0943020914021307,0.3824807011012102
0.0943020914021307,0.3824807011012102
0.0943020914021307,0.3824807011012102
0.09586533107438303,0.38192509566243976
0.09586533107438303,0.38192509566243976
0.09586533107438303,0.38192509566243976
0.09586533107438303,0.38192509566243976
0.09740543825187642,0.38130805307879306
0.09740543825187642,0.38130805307879306
0.09337190204271822,0.3828763412354442
0.09337190204271822,0.3828763412354442
0.09504051752525416,0.38224254915579325
0.09504051752525416,0.38224254915579325
0.09655805211325622,0.38160434822468037
0.09655805211325622,0.38160434822468037
0.09655805211325622,0.38160434822468037
0.09398292534321423,0.38253106741581616
0.09398292534321423,0.38253106741581616
0.09398292534321423,0.38253106741581616
0.09398292534321423,0.38253106741581616
0.09570236579309523,0.38183869641266577
0.09570236579309523,0.38183869641266577
0.09570236579309523,0.38183869641266577
0.0973813710884063,0.3811441735381137
0.09272892566494759,0.3829838636693208
0.09272892566494759,0.3829838636693208
0.0946810413802836,0.38221266253422476
0.0946810413802836,0.38221266253422476
0.0946810413802836,0.38221266253422476
0.09673466836884555,0.3814864949392394
0.09673466836884555,0.3814864949392394
0.09391766986839967,0.382573293138078
0.09391766986839967,0.382573293138078
0.09391766986839967,0.382573293138078
0.09391766986839967,0.382573293138078
0.09563823935350418,0.38188714402832635
0.09563823935350418,0.38188714402832635
0.09563823935350418,0.38188714402832635
0.09781661605760009,0.38101532661036813
0.09781661605760009,0.38101532661036813
0.09262086900849212,0.38309792649037094
0.09477592707708117,0.3822617758841767
0.09477592707708117,0.3822617758841767
0.09477592707708117,0.3822617758841767
0.09477592707708117,0.3822617758841767
0.09477592707708117,0.3822617758841767
0.09701240716149721,0.3813362518137017
0.09701240716149721,0.3813362518137017
0.09701240716149721,0.3813362518137017
0.09701240716149721,0.3813362518137017
0.09428446031461987,0.3825266932367765
0.09428446031461987,0.3825266932367765
0.09428446031461987,0.3825266932367765
0.09428446031461987,0.3825266932367765
0.09428446031461987,0.3825266932367765
0.0967870113342554,0.38165847101003186
0.0967870113342554,0.38165847101003186
0.0967870113342554,0.38165847101003186
0.0967870113342554,0.38165847101003186
0.0993143421503425,0.38077648449614204
0.0993143421503425,0.38077648449614204
0.0993143421503425,0.38077648449614204
0.09366898715413512,0.3830925350281186
0.09366898715413512,0.3830925350281186
0.09616346228864434,0.38218496902564725
0.09616346228864434,0.38218496902564725
0.09616346228864434,0.38218496902564725
0.09616346228864434,0.38218496902564725
0.09616346228864434,0.38218496902564725
0.09890694584339625,0.3811515223843584
0.09890694584339625,0.3811515223843584
0.09890694584339625,0.3811515223843584
0.09890694584339625,0.3811515223843584
0.09890694584339625,0.3811515223843584
0.09890694584339625,0.3811515223843584
0.09549075993136165,0.38264848584434435
0.09549075993136165,0.38264848584434435
0.09549075993136165,0.38264848584434435
0.09549075993136165,0.38264848584434435
0.09798389897676794,0.3816576449825012
0.09798389897676794,0.3816576449825012
0.09798389897676794,0.3816576449825012
0.09798389897676794,0.3816576449825012
0.10044993814873095,0.38065446197715513
0.10044993814873095,0.38065446197715513
0.09443234745417524,0.3831334999247703
0.09443234745417524,0.3831334999247703
0.09682166960199068,0.3821945002684039
0.09682166960199068,0.3821945002684039
0.09682166960199068,0.3821945002684039
0.09682166960199068,0.3821945002684039
0.09682166960199068,0.3821945002684039
0.09887672404811795,0.3813176546582661
0.09887672404811795,0.3813176546582661
0.09887672404811795,0.3813176546582661
0.09887672404811795,0.3813176546582661
0.09531121329992083,0.382739278756638
0.09531121329992083,0.382739278756638
0.09531121329992083,0.382739278756638
0.09531121329992083,0.382739278756638
0.09531121329992083,0.382739278756638
0.09817107568393496,0.38168076905345355
0.09817107568393496,0.38168076905345355
0.09817107568393496,0.38168076905345355
0.09817107568393496,0.38168076905345355
0.09817107568393496,0.38168076905345355
0.1007987194195691,0.3806281357213579
0.1007987194195691,0.3806281357213579
0.09450550315690188,0.3832309284607111
0.09450550315690188,0.3832309284607111
0.09450550315690188,0.3832309284607111
0.09745435306961792,0.382129686178316
0.09745435306961792,0.382129686178316
0.09745435306961792,0.382129686178316
0.09745435306961792,0.382129686178316
0.10031878786460566,0.3810875185485315
0.10031878786460566,0.3810875185485315
0.10031878786460566,0.3810875185485315
0.10031878786460566,0.3810875185485315
0.10031878786460566,0.3810875185485315
0.10031878786460566,0.3810875185485315
0.096903119725995,0.3826239574943611
0.096903119725995,0.3826239574943611
0.096903119725995,0.3826239574943611
0.096903119725995,0.3826239574943611
0.096903119725995,0.3826239574943611
0.09954967029664157,0.38157140777715515
0.09954967029664157,0.38157140777715515
0.09954967029664157,0.38157140777715515
0.09954967029664157,0.38157140777715515
0.09954967029664157,0.38157140777715515
0.10239164081676524,0.380489112936294
0.10239164081676524,0.380489112936294
0.09593694572494718,0.38320728489597355
0.09593694572494718,0.38320728489597355
0.0987583802349109,0.3821759203328636
0.0987583802349109,0.3821759203328636
0.0987583802349109,0.3821759203328636
0.0987583802349109,0.3821759203328636
0.1013887181933162,0.3810742132514124
0.1013887181933162,0.3810742132514124
0.09770260993764075,0.38264326324424786
0.09770260993764075,0.38264326324424786
0.10015544050768137,0.38162434990144384
0.10015544050768137,0.38162434990144384
0.10015544050768137,0.38162434990144384
0.10260832176920336,0.3805408316501494
0.10260832176920336,0.3805408316501494
0.09608963137001027,0.3833194806383901
0.09847063459054217,0.3823018533754599
0.09847063459054217,0.3823018533754599
0.09847063459054217,0.3823018533754599
0.09847063459054217,0.3823018533754599
0.10108154841324947,0.3812073726373144
0.10108154841324947,0.3812073726373144
0.10108154841324947,0.3812073726373144
0.09733722574808917,0.3828363176537704
0.09733722574808917,0.3828363176537704
0.09733722574808917,0.3828363176537704
0.09733722574808917,0.3828363176537704
0.09982008514528014,0.38178635568725233
0.09982008514528014,0.38178635568725233
0.09982008514528014,0.38178635568725233
0.10236393313844136,0.3806463305165421
0.09587828696329434,0.3834284928156959
0.09828036465445195,0.38244370529760774
0.09828036465445195,0.38244370529760774
0.09828036465445195,0.38244370529760774
0.10105785956943991,0.38127957084915276
0.10105785956943991,0.38127957084915276
0.10105785956943991,0.38127957084915276
0.0973315713954993,0.38282269060925156
0.0973315713954993,0.38282269060925156
0.0973315713954993,0.38282269060925156
0.0973315713954993,0.38282269060925156
0.09998593817083232,0.38168159985920147
0.09998593817083232,0.38168159985920147
0.10263578978484876,0.3805639987856248
0.10263578978484876,0.3805639987856248
0.09628199697304675,0.383300059476443
0.09628199697304675,0.383300059476443
0.09881789400271149,0.382260491677029
0.09881789400271149,0.382260491677029
0.10118358060890627,0.381158478551726
0.10118358060890627,0.381158478551726
0.10118358060890627,0.381158478551726
0.09750751046089692,0.38272149588482957
0.09750751046089692,0.38272149588482957
0.09750751046089692,0.38272149588482957
0.10007967774301071,0.381693260207593
0.10007967774301071,0.381693260207593
0.10007967774301071,0.381693260207593
0.1027050889383895,0.3805461081702182
0.1027050889383895,0.3805461081702182
0.0965772755796303,0.383182775312219
0.09927708143325886,0.38205296397694155
0.09927708143325886,0.38205296397694155
0.09927708143325886,0.38205296397694155
0.10169654177841413,0.3809790942077642
0.10169654177841413,0.3809790942077642
0.10169654177841413,0.3809790942077642
0.09817617050990296,0.38249441301400594
0.09817617050990296,0.38249441301400594
0.09817617050990296,0.38249441301400594
0.09817617050990296,0.38249441301400594
0.10038104151409472,0.3815926332336961
0.10038104151409472,0.3815926332336961
0.10038104151409472,0.3815926332336961
0.10278101164613461,0.3805752863592635
0.10278101164613461,0.3805752863592635
0.09697219974281827,0.3830676361924583
0.09697219974281827,0.3830676361924583
0.09926335182077292,0.38218063565885485
0.09926335182077292,0.38218063565885485
0.09926335182077292,0.38218063565885485
0.1012720301150522,0.3813073322803607
0.1012720301150522,0.3813073322803607
0.1012720301150522,0.3813073322803607
0.1012720301150522,0.3813073322803607
0.1012720301150522,0.3813073322803607
0.09800968548599026,0.3827591969554183
0.09800968548599026,0.3827591969554183
0.09800968548599026,0.3827591969554183
0.1000358350483723,0.38190105728316864
0.1000358350483723,0.38190105728316864
0.1000358350483723,0.38190105728316864
0.10207276855330061,0.38097010684821087
0.10207276855330061,0.38097010684821087
0.09668259896164766,0.3833029559875839
0.0986747485412818,0.3824377412118398
0.0986747485412818,0.3824377412118398
0.0986747485412818,0.3824377412118398
0.0986747485412818,0.3824377412118398
0.10102738259998376,0.3814137364398747
0.10102738259998376,0.3814137364398747
0.10102738259998376,0.3814137364398747
0.09858300044857005,0.38255041339326273
0.09858300044857005,0.38255041339326273
0.09858300044857005,0.38255041339326273
0.09858300044857005,0.38255041339326273
0.10115640652562394,0.38155077834705625
0.10115640652562394,0.38155077834705625
0.10115640652562394,0.38155077834705625
0.10115640652562394,0.38155077834705625
0.10344743514761218,0.3805691814421672
0.09855908698117644,0.3827063947310021
0.1006745298762296,0.38177591343624784
0.1006745298762296,0.38177591343624784
0.1006745298762296,0.38177591343624784
0.10271355169184407,0.3809263481145714
0.10271355169184407,0.3809263481145714
0.10271355169184407,0.3809263481145714
0.10031616988216886,0.3819808284412334
0.10031616988216886,0.3819808284412334
0.10031616988216886,0.3819808284412334
0.10256694818175609,0.38096309431530334
0.10256694818175609,0.38096309431530334
0.10256694818175609,0.38096309431530334
0.10256694818175609,0.38096309431530334
0.10256694818175609,0.38096309431530334
0.10434616677237876,0.38020773636618055
0.10434616677237876,0.38020773636618055
0.10434616677237876,0.38020773636618055
0.10002698590802972,0.3820970621008575
0.10002698590802972,0.3820970621008575
0.10171236951569598,0.38136773399921303
0.10171236951569598,0.38136773399921303
0.10171236951569598,0.38136773399921303
0.10347410492484688,0.3805809933378159
0.10347410492484688,0.3805809933378159
0.10347410492484688,0.3805809933378159
0.10347410492484688,0.3805809933378159
0.10103070813237139,0.3816780782924647
0.10103070813237139,0.3816780782924647
0.10103070813237139,0.3816780782924647
0.10103070813237139,0.3816780782924647
0.10103070813237139,0.3816780782924647
0.10248284293248802,0.38105022078361883
0.10248284293248802,0.38105022078361883
0.10248284293248802,0.38105022078361883
0.10386547818794327,0.380333828856674
0.10386547818794327,0.380333828856674
0.10018075389838497,0.38194107706899627
0.10018075389838497,0.38194107706899627
0.10190418280761471,0.38114796339119345
0.10190418280761471,0.38114796339119345
0.10190418280761471,0.38114796339119345
0.10190418280761471,0.38114796339119345
0.10190418280761471,0.38114796339119345
0.10366704562448872,0.38039351552170503
0.10366704562448872,0.38039351552170503
0.10366704562448872,0.38039351552170503
0.10366704562448872,0.38039351552170503
0.10211783905556625,0.38109649632741616
0.10211783905556625,0.38109649632741616
0.10211783905556625,0.38109649632741616
0.10211783905556625,0.38109649632741616
0.10384986181756256,0.3803937613130595
0.10384986181756256,0.3803937613130595
0.10384986181756256,0.3803937613130595
0.10384986181756256,0.3803937613130595
0.10554035509399104,0.3797178731395022
0.10554035509399104,0.3797178731395022
0.10254715768622497,0.38101525123997626
0.10254715768622497,0.38101525123997626
0.10254715768622497,0.38101525123997626
0.10420340366497363,0.38036645258968604
0.10420340366497363,0.38036645258968604
0.10420340366497363,0.38036645258968604
0.10420340366497363,0.38036645258968604
0.1057748880357128,0.3797726054329938
0.1057748880357128,0.3797726054329938
0.1057748880357128,0.3797726054329938
0.1057748880357128,0.3797726054329938
0.10459336271733383,0.38032415881281867
0.10459336271733383,0.38032415881281867
0.10459336271733383,0.38032415881281867
0.10542944290622008,0.37991408286581474
0.10542944290622008,0.37991408286581474
0.1064771897216718,0.3793793117821311
0.1064771897216718,0.3793793117821311
0.10422598800162694,0.38035174926170523
0.10422598800162694,0.38035174926170523
0.10494108008110872,0.3800202827685181
0.10494108008110872,0.3800202827685181
0.10494108008110872,0.3800202827685181
0.10557186274878047,0.3796820099242443
0.10557186274878047,0.3796820099242443
0.10465188577323348,0.3801130273242376
0.10465188577323348,0.3801130273242376
0.10465188577323348,0.3801130273242376
0.10572595964970793,0.3796394413638325
0.10572595964970793,0.3796394413638325
0.10572595964970793,0.3796394413638325
0.1063980676489801,0.37933716903164616
0.1063980676489801,0.37933716903164616
0.10493075706277705,0.37998039184300464
0.10558174122700667,0.37967950671187667
0.10558174122700667,0.37967950671187667
0.1059930324162638,0.37941688309771854
0.1059930324162638,0.37941688309771854
0.1059930324162638,0.37941688309771854
0.1059930324162638,0.37941688309771854
0.10564071938558708,0.37961482668505997
0.10564071938558708,0.37961482668505997
0.10564071938558708,0.37961482668505997
0.10617516363403132,0.3793493042619833
0.10617516363403132,0.3793493042619833
0.10617516363403132,0.3793493042619833
0.10633454317309263,0.3792306167751524
0.10633454317309263,0.3792306167751524
0.10567935980384197,0.3795418966640571
0.10579063362698074,0.3794450732687553
0.10579063362698074,0.3794450732687553
0.10579063362698074,0.3794450732687553
0.10579658944278922,0.3793782298714504
0.10579658944278922,0.3793782298714504
0.10579658944278922,0.3793782298714504
0.1053477388338106,0.3795442195066643
0.1053477388338106,0.3795442195066643
0.1053477388338106,0.3795442195066643
0.10513848580276132,0.37952116914624556
0.10513848580276132,0.37952116914624556
0.10513848580276132,0.37952116914624556
0.10513848580276132,0.37952116914624556
0.1049693171644267,0.37955180291490204
0.10514514825824378,0.37954141437049693
0.10514514825824378,0.37954141437049693
0.10500979130917834,0.3795294541679011
0.10500979130917834,0.3795294541679011
0.10500979130917834,0.3795294541679011
0.10468401229793461,0.3795972116786824
0.10468401229793461,0.3795972116786824
0.10468401229793461,0.3795972116786824
0.10468401229793461,0.3795972116786824
0.10486586758354116,0.3795072663493308
0.10486586758354116,0.3795072663493308
0.10486586758354116,0.3795072663493308
0.10438897684445322,0.3796047025977205
0.10438897684445322,0.3796047025977205
0.1042331197009397,0.3796489809720669
0.10524492708188622,0.3793326272438493
0.10505618800391191,0.37934372802372834
0.10505618800391191,0.37934372802372834
0.10505618800391191,0.37934372802372834
0.10493328484673303,0.3793551065396678
0.10493328484673303,0.3793551065396678
0.10493328484673303,0.3793551065396678
0.10610237412998619,0.37898945807669787
0.10610237412998619,0.37898945807669787
0.10610237412998619,0.37898945807669787
0.10552572821795461,0.3791619465588716
0.10552572821795461,0.3791619465588716
0.10552572821795461,0.3791619465588716
0.10552572821795461,0.3791619465588716
0.10477216765643022,0.37937112330207445
0.10477216765643022,0.37937112330207445
0.10661125659741155,0.3787690602203154
0.10661125659741155,0.3787690602203154
0.10561031672096337,0.37911026680929444
0.10561031672096337,0.37911026680929444
0.10561031672096337,0.37911026680929444
0.1048363151837576,0.3793617237606444
0.1048363151837576,0.3793617237606444
0.10618212474601804,0.3788603586248615
0.10618212474601804,0.3788603586248615
0.10618212474601804,0.3788603586248615
0.10540785277969363,0.37909495889718037
0.10540785277969363,0.37909495889718037
0.10540785277969363,0.37909495889718037
0.1047817503768976,0.3793426550931848
0.1047817503768976,0.3793426550931848
0.10742526441429495,0.37847956654451775
0.10648069484668747,0.3788205967980013
0.10648069484668747,0.3788205967980013
0.10648069484668747,0.3788205967980013
0.1053672780271611,0.3791304075251935
0.1053672780271611,0.3791304075251935
0.1073739622185506,0.3784347589530277
0.1073739622185506,0.3784347589530277
0.1073739622185506,0.3784347589530277
0.10637239155215342,0.3787421388030498
0.10637239155215342,0.3787421388030498
0.10637239155215342,0.3787421388030498
0.10515040097501906,0.3791272627117443
0.10856225354359438,0.3780335988329416
0.10750338692391892,0.3783729963240611
0.10750338692391892,0.3783729963240611
0.10750338692391892,0.3783729963240611
0.106255942849709,0.37873862074205455
0.106255942849709,0.37873862074205455
0.106255942849709,0.37873862074205455
0.106255942849709,0.37873862074205455
0.10875589666806616,0.3780025117922857
0.10875589666806616,0.3780025117922857
0.10713351958089531,0.37850272190826845
0.10713351958089531,0.37850272190826845
0.1054343563783684,0.3789718613354376
0.1054343563783684,0.3789718613354376
0.10956815494141689,0.3776909821030713
0.10794560075485325,0.3781409141858287
0.10794560075485325,0.3781409141858287
0.10794560075485325,0.3781409141858287
0.10618211949346079,0.3786283139895391
0.10618211949346079,0.3786283139895391
0.10618211949346079,0.3786283139895391
0.10890798736162441,0.37782908548901
0.10890798736162441,0.37782908548901
0.10890798736162441,0.37782908548901
0.10738570605710866,0.37832801743374117
0.10738570605710866,0.37832801743374117
0.10738570605710866,0.37832801743374117
0.10738570605710866,0.37832801743374117
0.10541074167852563,0.3789339063508248
0.10541074167852563,0.3789339063508248
0.1102027010122616,0.37749625729094777
0.10822554481676394,0.37818611879467223
0.10822554481676394,0.37818611879467223
0.10822554481676394,0.37818611879467223
0.10822554481676394,0.37818611879467223
0.10618136893410243,0.37881481870057837
0.10618136893410243,0.37881481870057837
0.10618136893410243,0.37881481870057837
0.10618136893410243,0.37881481870057837
0.10905060170820303,0.37798159160576905
0.10905060170820303,0.37798159160576905
0.10905060170820303,0.37798159160576905
0.10905060170820303,0.37798159160576905
0.10689123320626806,0.3786304272706706
0.10689123320626806,0.3786304272706706
0.10689123320626806,0.3786304272706706
0.10689123320626806,0.3786304272706706
0.1046651857787294,0.3791946107190555
0.1046651857787294,0.3791946107190555
0.1100473582346403,0.37765668047029255
0.1100473582346403,0.37765668047029255
0.10790570465967414,0.37826379932054344
0.10790570465967414,0.37826379932054344
0.10790570465967414,0.37826379932054344
0.10790570465967414,0.37826379932054344
0.10604935567489857,0.37884703695693145
0.10604935567489857,0.37884703695693145
0.10604935567489857,0.37884703695693145
0.10604935567489857,0.37884703695693145
0.10939319060808426,0.3778935895282625
0.10939319060808426,0.3778935895282625
0.10939319060808426,0.3778935895282625
0.10939319060808426,0.3778935895282625
0.10939319060808426,0.3778935895282625
0.10692623766975165,0.3785487545159495
0.10692623766975165,0.3785487545159495
0.10692623766975165,0.3785487545159495
0.10692623766975165,0.3785487545159495
0.10692623766975165,0.3785487545159495
0.10440463350247267,0.37918428851568775
0.10440463350247267,0.37918428851568775
0.10440463350247267,0.37918428851568775
0.11028139779218599,0.3775418012020201
0.11028139779218599,0.3775418012020201
0.10784540686500806,0.37817777714844614
0.10784540686500806,0.37817777714844614
0.10784540686500806,0.37817777714844614
0.10784540686500806,0.37817777714844614
0.10515167961286935,0.3789734529102279
0.10515167961286935,0.3789734529102279
0.10515167961286935,0.3789734529102279
0.10515167961286935,0.3789734529102279
0.10855569979433258,0.3779956428088755
0.10855569979433258,0.3779956428088755
0.10855569979433258,0.3779956428088755
0.1058647773886173,0.3787107044284983
0.1058647773886173,0.3787107044284983
0.1058647773886173,0.3787107044284983
0.1058647773886173,0.3787107044284983
0.1031701901187824,0.37943856925111535
0.1094451904347527,0.37771189649820414
0.1094451904347527,0.37771189649820414
0.10675185900055745,0.37842109730432194
0.10675185900055745,0.37842109730432194
0.10675185900055745,0.37842109730432194
0.10428482514662554,0.3790684035960706
0.10428482514662554,0.3790684035960706
0.10428482514662554,0.3790684035960706
0.10785666131180478,0.37800409834507637
0.10785666131180478,0.37800409834507637
0.10785666131180478,0.37800409834507637
0.10562405817249478,0.3786380720027332
0.10562405817249478,0.3786380720027332
0.10562405817249478,0.3786380720027332
0.10562405817249478,0.3786380720027332
0.1028613551655201,0.37933458290236577
0.10943066894010359,0.3775392507446518
0.10668391378834863,0.3782626584073365
0.10414160061496532,0.37895921597632726
0.10414160061496532,0.37895921597632726
0.10414160061496532,0.37895921597632726
0.10414160061496532,0.37895921597632726
0.1078830367208595,0.3779549527560674
0.1078830367208595,0.3779549527560674
0.1078830367208595,0.3779549527560674
0.1078830367208595,0.3779549527560674
0.1078830367208595,0.3779549527560674
0.10507926513276142,0.378686581586555
0.10507926513276142,0.378686581586555
0.10507926513276142,0.378686581586555
0.10507926513276142,0.378686581586555
0.10507926513276142,0.378686581586555
0.10236838967282931,0.3793670392920214
0.10236838967282931,0.3793670392920214
0.10236838967282931,0.3793670392920214
0.10913151796709768,0.37754724717561106
0.10913151796709768,0.37754724717561106
0.1064889702907371,0.3782373806146801
0.1064889702907371,0.3782373806146801
0.1064889702907371,0.3782373806146801
0.10365055666445344,0.37907298457776273
0.10365055666445344,0.37907298457776273
0.10365055666445344,0.37907298457776273
0.10365055666445344,0.37907298457776273
0.10778569874297286,0.37797363402293355
0.10778569874297286,0.37797363402293355
0.10778569874297286,0.37797363402293355
0.10513574436323438,0.378714284280687
0.10513574436323438,0.378714284280687
0.10513574436323438,0.378714284280687
0.10204466083077782,0.37945021175042487
0.10889437845647819,0.3776348371152558
0.10627654047363783,0.3782939979042899
0.10627654047363783,0.3782939979042899
0.10627654047363783,0.3782939979042899
0.10377761787701463,0.378940885169203
0.10377761787701463,0.378940885169203
0.10377761787701463,0.378940885169203
0.10377761787701463,0.378940885169203
0.10795296598895726,0.3778427380053592
0.10795296598895726,0.3778427380053592
0.10527519138357641,0.37855007380734274
0.10527519138357641,0.37855007380734274
0.10527519138357641,0.37855007380734274
0.10267980380351166,0.3791970556607963
0.10949962587389732,0.3773820994190262
0.10949962587389732,0.3773820994190262
0.10949962587389732,0.3773820994190262
0.10696256013772615,0.37810923893693443
0.10696256013772615,0.37810923893693443
0.10696256013772615,0.37810923893693443
0.10696256013772615,0.37810923893693443
0.10382670521334121,0.3789905570413538
0.10382670521334121,0.3789905570413538
0.10382670521334121,0.3789905570413538
0.10747077098055713,0.37810437182577966
0.10747077098055713,0.37810437182577966
0.10747077098055713,0.37810437182577966
0.10747077098055713,0.37810437182577966
0.10496749110414573,0.3788225148369367
0.10496749110414573,0.3788225148369367
0.10496749110414573,0.3788225148369367
0.10496749110414573,0.3788225148369367
0.10231707642668786,0.3795353534488939
0.10231707642668786,0.3795353534488939
0.10900080433735332,0.37775083847489643
0.10900080433735332,0.37775083847489643
0.10619251993020196,0.37854010044890885
0.10619251993020196,0.37854010044890885
0.10619251993020196,0.37854010044890885
0.10619251993020196,0.37854010044890885
0.10327821299875858,0.3793087513724398
0.10327821299875858,0.3793087513724398
0.10714016716397085,0.3782493100580507
0.10714016716397085,0.3782493100580507
0.10714016716397085,0.3782493100580507
0.10453753209956462,0.3790320470061913
0.10453753209956462,0.3790320470061913
0.10453753209956462,0.3790320470061913
0.10198211227093497,0.3796997167805461
0.10198211227093497,0.3796997167805461
0.10842101188526877,0.3779553882548001
0.1059631953875562,0.3786370009338559
0.1059631953875562,0.3786370009338559
0.10327058254424959,0.37928433490870384
0.10327058254424959,0.37928433490870384
0.10695180654991152,0.37828341003582844
0.10695180654991152,0.37828341003582844
0.10695180654991152,0.37828341003582844
0.10442463970026533,0.3790292536686226
0.10442463970026533,0.3790292536686226
0.10442463970026533,0.3790292536686226
0.10442463970026533,0.3790292536686226
0.10201935253058525,0.37970573621200676
0.10811420212161257,0.3780303520287781
0.10811420212161257,0.3780303520287781
0.1056137048845351,0.3787054591893294
0.1056137048845351,0.3787054591893294
0.1056137048845351,0.3787054591893294
0.10342928235132257,0.37938160412651273
0.10342928235132257,0.37938160412651273
0.10342928235132257,0.37938160412651273
0.10704937842736018,0.37843644140944627
0.10704937842736018,0.37843644140944627
0.10704937842736018,0.37843644140944627
0.10474442837804158,0.37906498188414317
0.10474442837804158,0.37906498188414317
0.10474442837804158,0.37906498188414317
0.10270903927573709,0.37961089400688186
0.10836611346046185,0.37803177132034266
0.10836611346046185,0.37803177132034266
0.1063591123837096,0.37860967306416665
0.1063591123837096,0.37860967306416665
0.1063591123837096,0.37860967306416665
0.1063591123837096,0.37860967306416665
0.10425018225825197,0.3792325085166335
0.10425018225825197,0.3792325085166335
0.10762252663296511,0.37827756558620684
0.10762252663296511,0.37827756558620684
0.10762252663296511,0.37827756558620684
0.10762252663296511,0.37827756558620684
0.10577879398371753,0.37885016859232495
0.10577879398371753,0.37885016859232495
0.10577879398371753,0.37885016859232495
0.10403761096224425,0.37939560938300976
0.1091689413068707,0.37793510338405006
0.1091689413068707,0.37793510338405006
0.1072588484954321,0.3785418842403007
0.1072588484954321,0.3785418842403007
0.1072588484954321,0.3785418842403007
0.10524291220064583,0.3791371384679789
0.10524291220064583,0.3791371384679789
0.10524291220064583,0.3791371384679789
0.10799656950083433,0.3783396409909671
0.10799656950083433,0.3783396409909671
0.10799656950083433,0.3783396409909671
0.10635182475078338,0.3788257379131792
0.10635182475078338,0.3788257379131792
0.10635182475078338,0.3788257379131792
0.10489859452432394,0.3792975638957249
0.10489859452432394,0.3792975638957249
0.10942334532567732,0.37797412000854347
0.10794543994803438,0.3785276878141302
0.10794543994803438,0.3785276878141302
0.10623920051503427,0.379009316436879
0.10623920051503427,0.379009316436879
0.10623920051503427,0.379009316436879
0.10872405027499382,0.3783038773124966
0.10872405027499382,0.3783038773124966
0.10872405027499382,0.3783038773124966
0.1071873606444495,0.37876167802642885
0.1071873606444495,0.37876167802642885
0.1056706411878715,0.379221653703029
0.1056706411878715,0.379221653703029
0.10952278539281818,0.37807212175885696
0.10807144805686238,0.37848822288795764
0.10807144805686238,0.37848822288795764
0.10807144805686238,0.37848822288795764
0.10685466721797497,0.37883177516017696
0.10685466721797497,0.37883177516017696
0.10685466721797497,0.37883177516017696
0.10685466721797497,0.37883177516017696
0.1088506334793275,0.3782646813682172
0.1088506334793275,0.3782646813682172
0.1088506334793275,0.3782646813682172
0.10745776046229318,0.3787306782722219
0.10745776046229318,0.3787306782722219
0.10745776046229318,0.3787306782722219
0.10610849350861723,0.379115771875439
0.10922936553076094,0.37816573057500913
0.10826395636695546,0.37849537494794655
0.10826395636695546,0.37849537494794655
0.10826395636695546,0.37849537494794655
0.10826395636695546,0.37849537494794655
0.10696916500076586,0.37892555393347366
0.10696916500076586,0.37892555393347366
0.10696916500076586,0.37892555393347366
0.10696916500076586,0.37892555393347366
0.10824270853673543,0.37852832772427797
0.10824270853673543,0.37852832772427797
0.10824270853673543,0.37852832772427797
0.1069470040403761,0.3788895390429813
0.1069470040403761,0.3788895390429813
0.1069470040403761,0.3788895390429813
0.1069470040403761,0.3788895390429813
0.105711599863324,0.3792597145211437
0.10805185654819091,0.378527087430814
0.10657974515380005,0.3790287507329084
0.10657974515380005,0.3790287507329084
0.10657974515380005,0.3790287507329084
0.10578362495992946,0.37932761819925254
0.10578362495992946,0.37932761819925254
0.10578362495992946,0.37932761819925254
0.10728987659916651,0.3789356421102297
0.10728987659916651,0.3789356421102297
0.10728987659916651,0.3789356421102297
0.10677361177150148,0.37909340646575496
0.10677361177150148,0.37909340646575496
0.10677361177150148,0.37909340646575496
0.10639725816082585,0.3792676964870021
0.10792705686024924,0.3787918269588846
0.10792705686024924,0.3787918269588846
0.107173880461335,0.3790348123779612
0.107173880461335,0.3790348123779612
0.107173880461335,0.3790348123779612
0.107173880461335,0.3790348123779612
0.10623073649796735,0.37932094049015636
0.10623073649796735,0.37932094049015636
0.10623073649796735,0.37932094049015636
0.10623073649796735,0.37932094049015636
0.10645156978523641,0.37926485180194247
0.10645156978523641,0.37926485180194247
0.10645156978523641,0.37926485180194247
0.10583818440528388,0.37943536778460496
0.10583818440528388,0.37943536778460496
0.10583818440528388,0.37943536778460496
0.10583163050333691,0.3795229959392053
0.10583163050333691,0.3795229959392053
0.10653019053844218,0.37932761346224697
0.10653019053844218,0.37932761346224697
0.1062564837123494,0.3794989287542275
0.1062564837123494,0.3794989287542275
0.1062564837123494,0.3794989287542275
0.1064150198269787,0.3794558882081645
0.1064150198269787,0.3794558882081645
0.1064150198269787,0.3794558882081645
0.1067954473418082,0.37938174981405814
0.1067954473418082,0.37938174981405814
0.1067954473418082,0.37938174981405814
0.1067954473418082,0.37938174981405814
0.10683258321953115,0.37935045424476893
0.10683258321953115,0.37935045424476893
0.10683258321953115,0.37935045424476893
0.10683258321953115,0.37935045424476893
0.10688821081864891,0.3793128360080101
0.10674897494219371,0.37942071490429136
0.10674897494219371,0.37942071490429136
0.1068565938607115,0.3793825298692441
0.1068565938607115,0.3793825298692441
0.1068565938607115,0.3793825298692441
0.106966039198795,0.37934072908144245
0.106966039198795,0.37934072908144245
0.106966039198795,0.37934072908144245
0.106966039198795,0.37934072908144245
0.10640192161365009,0.3795325134960873
0.10640192161365009,0.3795325134960873
0.10666218051068115,0.3793882216793767
0.10666218051068115,0.3793882216793767
0.10666218051068115,0.3793882216793767
0.10693847083936228,0.3792001232780411
0.10596679822079311,0.37962401743902574
0.10596679822079311,0.37962401743902574
0.10636962934089945,0.3793986127311455
0.10636962934089945,0.3793986127311455
0.10636962934089945,0.3793986127311455
0.10683747930123706,0.37915951582225116
0.10683747930123706,0.37915951582225116
0.10683747930123706,0.37915951582225116
0.1063588969573087,0.3794404986751311
0.1063588969573087,0.3794404986751311
0.1063588969573087,0.3794404986751311
0.1069881378201144,0.3791995850127456
0.1069881378201144,0.3791995850127456
0.1069881378201144,0.3791995850127456
0.10737071298315548,0.379046751444855
0.10558605199273664,0.37979489131187866
0.10558605199273664,0.37979489131187866
0.10638548794520918,0.3795004830908475
0.10638548794520918,0.3795004830908475
0.10638548794520918,0.3795004830908475
0.10724798578707964,0.37917702026656197
0.10724798578707964,0.37917702026656197
0.10724798578707964,0.37917702026656197
0.10608167496732546,0.37966400528233496
0.10608167496732546,0.37966400528233496
0.10608167496732546,0.37966400528233496
0.10726614244030018,0.37920371706600886
0.10726614244030018,0.37920371706600886
0.10726614244030018,0.37920371706600886
0.10726614244030018,0.37920371706600886
0.10845047416981485,0.3787594901954635
0.10588598382686211,0.37983488666388776
0.10588598382686211,0.37983488666388776
0.10721504297545738,0.3793103847186331
0.10721504297545738,0.3793103847186331
0.10721504297545738,0.3793103847186331
0.1088382097761314,0.37870428773955545
0.1088382097761314,0.37870428773955545
0.1088382097761314,0.37870428773955545
0.10718957114693181,0.3794426794753277
0.10718957114693181,0.3794426794753277
0.10718957114693181,0.3794426794753277
0.10718957114693181,0.3794426794753277
0.1078311311272688,0.37919427948278417
0.1078311311272688,0.37919427948278417
0.1078311311272688,0.37919427948278417
0.1078311311272688,0.37919427948278417
0.1086173464647854,0.37889490964526923
0.1086173464647854,0.37889490964526923
0.10532234559562607,0.38030196663687155
0.10532234559562607,0.38030196663687155
0.10630413206489295,0.3799404694894182
0.10630413206489295,0.3799404694894182
0.10630413206489295,0.3799404694894182
0.10777821849624049,0.37938412616680095
0.10777821849624049,0.37938412616680095
0.10571984840507459,0.3802346792199546
0.10571984840507459,0.3802346792199546
0.10571984840507459,0.3802346792199546
0.1071723933358337,0.37963220790450547
0.1071723933358337,0.37963220790450547
0.1071723933358337,0.37963220790450547
0.1071723933358337,0.37963220790450547
0.10877346711480176,0.37891364236210656
0.1048098986005967,0.38065118867341546
0.1048098986005967,0.38065118867341546
0.10667340642237977,0.37988176357274983
0.10667340642237977,0.37988176357274983
0.10667340642237977,0.37988176357274983
0.10855856172462128,0.37903689831044346
0.10855856172462128,0.37903689831044346
0.10855856172462128,0.37903689831044346
0.10855856172462128,0.37903689831044346
0.1066309275389501,0.3799697304866981
0.1066309275389501,0.3799697304866981
0.1066309275389501,0.3799697304866981
0.1066309275389501,0.3799697304866981
0.10897516106653594,0.37904014837907374
0.10897516106653594,0.37904014837907374
0.10897516106653594,0.37904014837907374
0.10897516106653594,0.37904014837907374
0.1113711466316266,0.37804137936020266
0.1113711466316266,0.37804137936020266
0.10680357359200084,0.380082698871864
0.10680357359200084,0.380082698871864
0.10921315840410897,0.3791074997875248
0.10921315840410897,0.3791074997875248
0.10921315840410897,0.3791074997875248
0.10921315840410897,0.3791074997875248
0.11166820196230035,0.3780823266815366
0.11166820196230035,0.3780823266815366
0.11166820196230035,0.3780823266815366
0.11166820196230035,0.3780823266815366
0.11166820196230035,0.3780823266815366
0.10940126641055258,0.3792255291866942
0.10940126641055258,0.3792255291866942
0.10940126641055258,0.3792255291866942
0.10940126641055258,0.3792255291866942
0.11186040497461616,0.37824228124140113
0.11186040497461616,0.37824228124140113
0.11186040497461616,0.37824228124140113
0.11186040497461616,0.37824228124140113
0.11427021113885225,0.37726336596457216
0.11427021113885225,0.37726336596457216
0.11427021113885225,0.37726336596457216
0.1091811461276612,0.3795945516829441
0.1091811461276612,0.3795945516829441
0.11158622726777204,0.3786366080171534
0.11158622726777204,0.3786366080171534
0.11158622726777204,0.3786366080171534
0.11158622726777204,0.3786366080171534
0.11372075648062223,0.3777083908560287
0.11372075648062223,0.3777083908560287
0.11372075648062223,0.3777083908560287
0.11372075648062223,0.3777083908560287
0.1106243345678608,0.3792062111221872
0.1106243345678608,0.3792062111221872
0.11267557845287515,0.37821031862012217
0.11267557845287515,0.37821031862012217
0.11267557845287515,0.37821031862012217
0.11494606744083856,0.37717557585685185
0.11494606744083856,0.37717557585685185
0.10941564055764848,0.3797540447321065
0.10941564055764848,0.3797540447321065
0.11171109080527598,0.37872836219992606
0.11171109080527598,0.37872836219992606
0.11171109080527598,0.37872836219992606
0.1142539197156509,0.37756509125189286
0.1142539197156509,0.37756509125189286
0.11089517713185396,0.3791266209244561
0.11089517713185396,0.3791266209244561
0.11089517713185396,0.3791266209244561
0.11089517713185396,0.3791266209244561
0.11343268713011363,0.37806359866108297
0.11343268713011363,0.37806359866108297
0.11343268713011363,0.37806359866108297
0.11343268713011363,0.37806359866108297
0.11343268713011363,0.37806359866108297
0.11620379363157762,0.37684204287497697
0.11031125222804203,0.37960519039960955
0.11299215011257038,0.3784041177385794
0.11299215011257038,0.3784041177385794
0.11299215011257038,0.3784041177385794
0.11534978348218905,0.3772172295464296
0.11534978348218905,0.3772172295464296
0.11534978348218905,0.3772172295464296
0.1118542530307369,0.3788020043670664
0.1118542530307369,0.3788020043670664
0.1118542530307369,0.3788020043670664
0.11424345946829305,0.3776534282052597
0.11424345946829305,0.3776534282052597
0.11424345946829305,0.3776534282052597
0.11677737880073,0.37643409816015966
0.11062835717622904,0.3793613211132308
0.11301571429237217,0.3782021596770142
0.11301571429237217,0.3782021596770142
0.11301571429237217,0.3782021596770142
0.11525223091226064,0.3770542107783921
0.11525223091226064,0.3770542107783921
0.11525223091226064,0.3770542107783921
0.11525223091226064,0.3770542107783921
0.11146729156293099,0.37881827760094083
0.11146729156293099,0.37881827760094083
0.11146729156293099,0.37881827760094083
0.11146729156293099,0.37881827760094083
0.11146729156293099,0.37881827760094083
0.11437576908961898,0.37754236629424726
0.11437576908961898,0.37754236629424726
0.11437576908961898,0.37754236629424726
0.11437576908961898,0.37754236629424726
0.11733866842117634,0.3761765717688387
0.11733866842117634,0.3761765717688387
0.11102994400783585,0.3792182066994718
0.11102994400783585,0.3792182066994718
0.11394965863896886,0.3779675178268721
0.11394965863896886,0.3779675178268721
0.11394965863896886,0.3779675178268721
0.11394965863896886,0.3779675178268721
0.11394965863896886,0.3779675178268721
0.1169296528552442,0.3766327764193621
0.1169296528552442,0.3766327764193621
0.1169296528552442,0.3766327764193621
0.1169296528552442,0.3766327764193621
0.1169296528552442,0.3766327764193621
0.1137358686854672,0.378260713189546
0.1137358686854672,0.378260713189546
0.1137358686854672,0.378260713189546
0.11634110851760611,0.3770521818189598
0.11634110851760611,0.3770521818189598
0.11634110851760611,0.3770521818189598
0.11634110851760611,0.3770521818189598
0.11879414860149097,0.3758762857148162
0.11241667449145266,0.37896530559279323
0.11241667449145266,0.37896530559279323
0.11515698478603326,0.37761402797995536
0.11515698478603326,0.37761402797995536
0.11515698478603326,0.37761402797995536
0.11750822610095168,0.3764942853465587
0.11750822610095168,0.3764942853465587
0.11371644387552618,0.37828433165183184
0.11371644387552618,0.37828433165183184
0.11371644387552618,0.37828433165183184
0.11640467284555901,0.37700043233269687
0.11640467284555901,0.37700043233269687
0.11640467284555901,0.37700043233269687
0.11883179742761955,0.37583413402748944
0.11250199752166089,0.37895465238183884
0.11513702893091117,0.37769314290361555
0.11513702893091117,0.37769314290361555
0.11513702893091117,0.37769314290361555
0.117614267312632,0.3765290914213212
0.117614267312632,0.3765290914213212
0.117614267312632,0.3765290914213212
0.11397822288957646,0.37833119509072527
0.11397822288957646,0.37833119509072527
0.11638656355496121,0.37710865213200406
0.11638656355496121,0.37710865213200406
0.11638656355496121,0.37710865213200406
0.11638656355496121,0.37710865213200406
0.11905265066698964,0.3757407717126964
0.11285841200166621,0.3788210510142985
0.11285841200166621,0.3788210510142985
0.11570090930203639,0.3775320878941938
0.11570090930203639,0.3775320878941938
0.11570090930203639,0.3775320878941938
0.1178882967216085,0.3764686974987327
0.1178882967216085,0.3764686974987327
0.1178882967216085,0.3764686974987327
0.1178882967216085,0.3764686974987327
0.11444385896602516,0.3782488265673858
0.11444385896602516,0.3782488265673858
0.11444385896602516,0.3782488265673858
0.11676552579574345,0.377062290741289
0.11676552579574345,0.377062290741289
0.11676552579574345,0.377062290741289
0.11900788491297558,0.375885615240117
0.11304776981890328,0.3788821359309289
0.11553641094200283,0.3776756193631974
0.11553641094200283,0.3776756193631974
0.11553641094200283,0.3776756193631974
0.11785440479675745,0.3765226444022121
0.11785440479675745,0.3765226444022121
0.11437124392436532,0.3782357322606839
0.11437124392436532,0.3782357322606839
0.11437124392436532,0.3782357322606839
0.11666122496947759,0.377078792769895
0.11666122496947759,0.377078792769895
0.11666122496947759,0.377078792769895
0.11864329370768406,0.3760723474203585
0.11299239499667607,0.37890456342320716
0.11505072010060363,0.3778335000895446
0.11505072010060363,0.3778335000895446
0.11505072010060363,0.3778335000895446
0.11505072010060363,0.3778335000895446
0.11694894666430364,0.37690941008985535
0.11694894666430364,0.37690941008985535
0.1137832996813835,0.3785228478945942
0.1137832996813835,0.3785228478945942
0.1137832996813835,0.3785228478945942
0.11606676902176001,0.3774003610233667
0.11606676902176001,0.3774003610233667
0.1184782395542312,0.37620119776285404
0.11322524053377767,0.37882838540237107
0.11322524053377767,0.37882838540237107
0.11548843952035825,0.37764849963897296
0.11548843952035825,0.37764849963897296
0.11548843952035825,0.37764849963897296
0.11773240850595296,0.37655356760171454
0.11773240850595296,0.37655356760171454
0.11773240850595296,0.37655356760171454
0.11489995663686783,0.37798826961479737
0.11489995663686783,0.37798826961479737
0.11489995663686783,0.37798826961479737
0.1170193502691112,0.37696242617104314
0.1170193502691112,0.37696242617104314
0.1170193502691112,0.37696242617104314
0.1170193502691112,0.37696242617104314
0.11911605684163112,0.37592968397875354
0.11911605684163112,0.37592968397875354
0.1143452548201149,0.3783177957031111
0.1143452548201149,0.3783177957031111
0.11633201319839809,0.37734131682751837
0.11633201319839809,0.37734131682751837
0.11633201319839809,0.37734131682751837
0.11823719597936116,0.376448520166836
0.11823719597936116,0.376448520166836
0.11585326108761913,0.3775767244232983
0.11585326108761913,0.3775767244232983
0.11585326108761913,0.3775767244232983
0.11747908560785561,0.37676168531444076
0.11747908560785561,0.37676168531444076
0.11747908560785561,0.37676168531444076
0.11921283578333422,0.37590610815164394
0.11921283578333422,0.37590610815164394
0.11499516960220213,0.3780123291951445
0.1165693717755471,0.3772226435158125
0.1165693717755471,0.3772226435158125
0.1165693717755471,0.3772226435158125
0.11865720050911699,0.37621383342515646
0.11865720050911699,0.37621383342515646
0.11865720050911699,0.37621383342515646
0.11865720050911699,0.37621383342515646
0.1168253421065969,0.3771775459783357
0.1168253421065969,0.3771775459783357
0.1168253421065969,0.3771775459783357
0.1168253421065969,0.3771775459783357
0.118917047303899,0.3762347296795039
0.118917047303899,0.3762347296795039
0.118917047303899,0.3762347296795039
0.12074700749232792,0.37535637496605256
0.12074700749232792,0.37535637496605256
0.11715984681581426,0.37717095954400265
0.11866025502432193,0.37639728441626147
0.11866025502432193,0.37639728441626147
0.11992730219968326,0.3757266686898075
0.11992730219968326,0.3757266686898075
0.11806508272691643,0.3765998227351972
0.11806508272691643,0.3765998227351972
0.11806508272691643,0.3765998227351972
0.11939976601794988,0.3759205337294216
0.11939976601794988,0.3759205337294216
0.11939976601794988,0.3759205337294216
0.11939976601794988,0.3759205337294216
0.1208345097057241,0.37519440000325416
0.1208345097057241,0.37519440000325416
0.11791681091998082,0.3766536651109012
0.11933164743483268,0.3759455672583548
0.11933164743483268,0.3759455672583548
0.11933164743483268,0.3759455672583548
0.12048227918092488,0.3752970033335722
0.12048227918092488,0.3752970033335722
0.11881575458223673,0.3760273332996249
0.11881575458223673,0.3760273332996249
0.11881575458223673,0.3760273332996249
0.11964932043460264,0.37562102431910693
0.11964932043460264,0.37562102431910693
0.120391989211949,0.37522382945758315
0.120391989211949,0.37522382945758315
0.11819686814597737,0.3763169842315039
0.11911018122611125,0.3758260355783547
0.11911018122611125,0.3758260355783547
0.11911018122611125,0.3758260355783547
0.11977054561012912,0.3754763777854227
0.11977054561012912,0.3754763777854227
0.11977054561012912,0.3754763777854227
0.11977054561012912,0.3754763777854227
0.11860881739606823,0.3760421160282912
0.11860881739606823,0.3760421160282912
0.11860881739606823,0.3760421160282912
0.11903829727553474,0.37581715786754044
0.11903829727553474,0.37581715786754044
0.11903829727553474,0.37581715786754044
0.1193943703230515,0.3756150501328185
0.1193943703230515,0.3756150501328185
0.11796530524359095,0.376339279939195
0.11796530524359095,0.376339279939195
0.1183163501757023,0.3761402664974802
0.1183163501757023,0.3761402664974802
0.1183163501757023,0.3761402664974802
0.1183163501757023,0.3761402664974802
0.11856518801482713,0.37600633539030326
0.11856518801482713,0.37600633539030326
0.11856518801482713,0.37600633539030326
0.11804097708391148,0.37626486000064463
0.11804097708391148,0.37626486000064463
0.11804097708391148,0.37626486000064463
0.11837825102275587,0.37604064479952987
0.11837825102275587,0.37604064479952987
0.11837825102275587,0.37604064479952987
0.1186967088586719,0.37587592625888705
0.1186967088586719,0.37587592625888705
0.11806176168767704,0.37622664330267197
0.11806176168767704,0.37622664330267197
0.11825169473370663,0.37606335401779617
0.11825169473370663,0.37606335401779617
0.11825169473370663,0.37606335401779617
0.11825169473370663,0.37606335401779617
0.11838422377883266,0.3758936874161025
0.11838422377883266,0.3758936874161025
0.11838422377883266,0.3758936874161025
0.11838422377883266,0.3758936874161025
0.11828646216612271,0.3759067871908321
0.11828646216612271,0.3759067871908321
0.11828646216612271,0.3759067871908321
0.11828646216612271,0.3759067871908321
0.11828646216612271,0.3759067871908321
0.1184431021944666,0.37578094251399674
0.1184431021944666,0.37578094251399674
0.1184431021944666,0.37578094251399674
0.1184431021944666,0.37578094251399674
0.11856326449804974,0.3756758937412741
0.11856326449804974,0.3756758937412741
0.11856326449804974,0.3756758937412741
0.11873809189926027,0.3756544491762858
0.11873809189926027,0.3756544491762858
0.11874222715774135,0.3756807485878132
0.11874222715774135,0.3756807485878132
0.11874222715774135,0.3756807485878132
0.11828934139110334,0.3758587708507324
0.11828934139110334,0.3758587708507324
0.11828934139110334,0.3758587708507324
0.11888326961127044,0.37565090328935835
0.11888326961127044,0.37565090328935835
0.11888326961127044,0.37565090328935835
0.11849399940150246,0.37580554174499126
0.11849399940150246,0.37580554174499126
0.11810256566722926,0.3758801404649888
0.11810256566722926,0.3758801404649888
0.11909021410340973,0.3754949336347777
0.11871181116761909,0.37560983065000436
0.11871181116761909,0.37560983065000436
0.11830265114651928,0.37573595890743805
0.11830265114651928,0.37573595890743805
0.11830265114651928,0.37573595890743805
0.11893991516734875,0.3755055847659405
0.11893991516734875,0.3755055847659405
0.11893991516734875,0.3755055847659405
0.11893991516734875,0.3755055847659405
0.11860210717941266,0.3756091393414035
0.11860210717941266,0.3756091393414035
0.11860210717941266,0.3756091393414035
0.11800151932135047,0.37585297404780055
0.11800151932135047,0.37585297404780055
0.11979382911262146,0.37512334829534705
0.1189967834710226,0.3753868661281954
0.1189967834710226,0.3753868661281954
0.1189967834710226,0.3753868661281954
0.1189967834710226,0.3753868661281954
0.11841117591702637,0.37563873808727216
0.11841117591702637,0.37563873808727216
0.11841117591702637,0.37563873808727216
0.11997162286115409,0.3750918446393065
0.11997162286115409,0.3750918446393065
0.11997162286115409,0.3750918446393065
0.11997162286115409,0.3750918446393065
0.1190744821384506,0.3754555391978
0.1190744821384506,0.3754555391978
0.1190744821384506,0.3754555391978
0.1190744821384506,0.3754555391978
0.11796538737486571,0.37583081680000385
0.11796538737486571,0.37583081680000385
0.12054977389933567,0.37480415491987107
0.12054977389933567,0.37480415491987107
0.12054977389933567,0.37480415491987107
0.11953262524622198,0.37513795386360244
0.11953262524622198,0.37513795386360244
0.11953262524622198,0.37513795386360244
0.11953262524622198,0.37513795386360244
0.11862501264987912,0.3754853622225942
0.11862501264987912,0.3754853622225942
0.11862501264987912,0.3754853622225942
0.11862501264987912,0.3754853622225942
0.12054650653203808,0.37476512705176424
0.12054650653203808,0.37476512705176424
0.12054650653203808,0.37476512705176424
0.12054650653203808,0.37476512705176424
0.11940053844020435,0.375281232210321
0.11940053844020435,0.375281232210321
0.11940053844020435,0.375281232210321
0.11940053844020435,0.375281232210321
0.11819067989987937,0.37573000188206607
0.11819067989987937,0.37573000188206607
0.12153645116684815,0.374448340974252
0.12032770799519606,0.3748840048454613
0.12032770799519606,0.3748840048454613
0.12032770799519606,0.3748840048454613
0.12032770799519606,0.3748840048454613
0.11902767915422859,0.37536330488966096
0.11902767915422859,0.37536330488966096
0.11902767915422859,0.37536330488966096
0.11902767915422859,0.37536330488966096
0.1212690407095997,0.37461026566652333
0.1212690407095997,0.37461026566652333
0.1212690407095997,0.37461026566652333
0.1212690407095997,0.37461026566652333
0.11981582562553052,0.3752576624562172
0.11981582562553052,0.3752576624562172
0.11981582562553052,0.3752576624562172
0.11830387138300635,0.37584258952454996
0.12236233834722032,0.3743399958497038
0.12063508504218048,0.37491045301574344
0.12063508504218048,0.37491045301574344
0.12063508504218048,0.37491045301574344
0.11885154550083679,0.3755416718913815
0.11885154550083679,0.3755416718913815
0.11885154550083679,0.3755416718913815
0.1213043525774319,0.3745969847853208
0.1213043525774319,0.3745969847853208
0.1213043525774319,0.3745969847853208
0.1213043525774319,0.3745969847853208
0.11951594544169317,0.3751707204680842
0.11951594544169317,0.3751707204680842
0.11951594544169317,0.3751707204680842
0.11768447745357788,0.375863298315134
0.11768447745357788,0.375863298315134
0.12239041371017667,0.3741651013117486
0.12058860398964596,0.3747955658728215
0.12058860398964596,0.3747955658728215
0.12058860398964596,0.3747955658728215
0.11885077437413959,0.3753803464379127
0.11885077437413959,0.3753803464379127
0.11885077437413959,0.3753803464379127
0.11885077437413959,0.3753803464379127
0.12188444096942652,0.3742618455047011
0.12188444096942652,0.3742618455047011
0.12188444096942652,0.3742618455047011
0.11984037226122014,0.37497339510293914
0.11984037226122014,0.37497339510293914
0.11984037226122014,0.37497339510293914
0.1178666752324394,0.3756794137260116
0.1178666752324394,0.3756794137260116
0.1231528182462817,0.37383829944694447
0.1231528182462817,0.37383829944694447
0.12121508780120949,0.37458950546640746
0.12121508780120949,0.37458950546640746
0.11893050814397217,0.3752764101542686
0.11893050814397217,0.3752764101542686
0.11893050814397217,0.3752764101542686
0.12238432908258809,0.37407927522842416
0.12238432908258809,0.37407927522842416
0.12238432908258809,0.37407927522842416
0.1202297178459719,0.3748012448648711
0.1202297178459719,0.3748012448648711
0.1202297178459719,0.3748012448648711
0.11810685262899648,0.37543959831350393
0.12388334788298974,0.3734733263033885
0.12388334788298974,0.3734733263033885
0.12172493132325624,0.3741970123212939
0.12172493132325624,0.3741970123212939
0.12172493132325624,0.3741970123212939
0.1194590088719318,0.37493251253305376
0.1194590088719318,0.37493251253305376
0.1194590088719318,0.37493251253305376
0.12277617347944707,0.37378272115294786
0.12277617347944707,0.37378272115294786
0.12277617347944707,0.37378272115294786
0.12060468266322905,0.37455766586393924
0.12060468266322905,0.37455766586393924
0.12060468266322905,0.37455766586393924
0.11835300436301362,0.3753358197048971
0.12452970667857008,0.3732851188740883
0.12452970667857008,0.3732851188740883
0.1224164233233991,0.37397743205652145
0.1224164233233991,0.37397743205652145
0.1224164233233991,0.37397743205652145
0.1224164233233991,0.37397743205652145
0.12023934078268118,0.37467958777969634
0.12023934078268118,0.37467958777969634
0.12023934078268118,0.37467958777969634
0.12422314338099852,0.3734381574848748
0.12422314338099852,0.3734381574848748
0.12172829441029666,0.37422043568387203
0.12172829441029666,0.37422043568387203
0.12172829441029666,0.37422043568387203
0.11904710426485245,0.37501691610820564
0.12552395575590275,0.37291227936205273
0.12552395575590275,0.37291227936205273
0.12316760848970823,0.3737145321547981
0.12316760848970823,0.3737145321547981
0.12316760848970823,0.3737145321547981
0.12048504539524944,0.37456723872687714
0.12048504539524944,0.37456723872687714
0.12048504539524944,0.37456723872687714
0.12433297208529899,0.37335567319762397
0.12433297208529899,0.37335567319762397
0.12433297208529899,0.37335567319762397
0.12192711549672605,0.37417722645407514
0.12192711549672605,0.37417722645407514
0.12192711549672605,0.37417722645407514
0.1193058373387712,0.3749702054021752
0.1193058373387712,0.3749702054021752
0.1259771713876946,0.3728383401544698
0.12352593828018381,0.3736313159111897
0.12352593828018381,0.3736313159111897
0.12352593828018381,0.3736313159111897
0.12352593828018381,0.3736313159111897
0.12122953876479724,0.37435710375140463
0.12122953876479724,0.37435710375140463
0.1250727749621075,0.37311363048644974
0.1250727749621075,0.37311363048644974
0.1250727749621075,0.37311363048644974
0.12241757819874817,0.3739207750591804
0.12241757819874817,0.3739207750591804
0.12241757819874817,0.3739207750591804
0.11996546857146652,0.3746822160148158
0.12672077714678215,0.3725421158536221
0.12672077714678215,0.3725421158536221
0.1242067079220108,0.3733585529363006
0.1242067079220108,0.3733585529363006
0.1242067079220108,0.3733585529363006
0.12153562048793623,0.3742649598170902
0.12153562048793623,0.3742649598170902
0.12153562048793623,0.3742649598170902
0.12549429622861838,0.37302270931723586
0.12549429622861838,0.37302270931723586
0.12549429622861838,0.37302270931723586
0.12282414341100742,0.37388563818186776
0.12282414341100742,0.37388563818186776
0.11997423751135837,0.37475709720159106
0.12669598416354064,0.3726071762680022
0.12669598416354064,0.3726071762680022
0.12417249426118103,0.37340431968021326
0.12417249426118103,0.37340431968021326
0.1217422374440822,0.37421836610213743
0.1217422374440822,0.37421836610213743
0.1217422374440822,0.37421836610213743
0.12571814102984002,0.3729338333846466
0.12571814102984002,0.3729338333846466
0.12571814102984002,0.3729338333846466
0.12571814102984002,0.3729338333846466
0.12312738718166452,0.3738272897225394
0.12312738718166452,0.3738272897225394
0.12312738718166452,0.3738272897225394
0.12044557609778966,0.3747063775640715
0.12703204916035338,0.3725909386490766
0.12457580862589823,0.37340188172856664
0.12457580862589823,0.37340188172856664
0.12457580862589823,0.37340188172856664
0.12457580862589823,0.37340188172856664
0.12202140496770134,0.3742800513474537
0.12202140496770134,0.3742800513474537
0.1259132934510495,0.372975027838894
0.1259132934510495,0.372975027838894
0.1259132934510495,0.372975027838894
0.1234295340793229,0.3738205612636664
0.1234295340793229,0.3738205612636664
0.1234295340793229,0.3738205612636664
0.120834447708568,0.3747085401785452
0.120834447708568,0.3747085401785452
0.127179325322561,0.37264828817136925
0.12475077912578003,0.3734689389404758
0.12475077912578003,0.3734689389404758
0.12475077912578003,0.3734689389404758
0.12475077912578003,0.3734689389404758
0.12226524756001797,0.3743576854382788
0.12226524756001797,0.3743576854382788
0.12226524756001797,0.3743576854382788
0.12589547600390044,0.373232912698748
0.12589547600390044,0.373232912698748
0.12589547600390044,0.373232912698748
0.12589547600390044,0.373232912698748
0.12589547600390044,0.373232912698748
0.12589547600390044,0.373232912698748
0.12365360504281703,0.37403314583159386
0.12365360504281703,0.37403314583159386
0.12365360504281703,0.37403314583159386
0.12365360504281703,0.37403314583159386
0.12365360504281703,0.37403314583159386
0.1213812735220212,0.3748245781037971
0.1213812735220212,0.3748245781037971
0.12738149736708254,0.37283676078789285
0.12523719512096793,0.3735655322756131
0.12523719512096793,0.3735655322756131
0.12523719512096793,0.3735655322756131
0.12310020298418838,0.37430117853843753
0.12310020298418838,0.37430117853843753
0.12310020298418838,0.37430117853843753
0.12667102842942685,0.3731069091642992
0.12667102842942685,0.3731069091642992
0.12667102842942685,0.3731069091642992
0.12667102842942685,0.3731069091642992
0.12435609072440856,0.37395504827312037
0.12435609072440856,0.37395504827312037
0.12435609072440856,0.37395504827312037
0.12435609072440856,0.37395504827312037
0.12435609072440856,0.37395504827312037
0.12435609072440856,0.37395504827312037
0.12229353024112409,0.3746616616810112
0.12785735400132367,0.37278017863102897
0.1257374530996652,0.37356580533888606
0.1257374530996652,0.37356580533888606
0.1257374530996652,0.37356580533888606
0.12352080027359238,0.37438834139584504
0.12352080027359238,0.37438834139584504
0.12352080027359238,0.37438834139584504
0.12352080027359238,0.37438834139584504
0.12651077909287745,0.3734110323593809
0.12651077909287745,0.3734110323593809
0.12651077909287745,0.3734110323593809
0.12651077909287745,0.3734110323593809
0.12426163778521629,0.3742290807023724
0.12426163778521629,0.3742290807023724
0.12426163778521629,0.3742290807023724
0.12204335970441837,0.3750289849051799
0.12204335970441837,0.3750289849051799
0.1270852087191702,0.37328445403311306
0.1249812323607705,0.37408224168375553
0.1249812323607705,0.37408224168375553
0.1249812323607705,0.37408224168375553
0.12321505599923765,0.3747037560608766
0.12321505599923765,0.3747037560608766
0.12321505599923765,0.3747037560608766
0.12602919520929542,0.37371694599997146
0.12602919520929542,0.37371694599997146
0.12602919520929542,0.37371694599997146
0.1240690201873927,0.37443603458990554
0.1240690201873927,0.37443603458990554
0.1240690201873927,0.37443603458990554
0.12226609915529774,0.3750540360905599
0.1267097812475333,0.37347969033153416
0.1267097812475333,0.37347969033153416
0.1251238291684345,0.3741030844179173
0.1251238291684345,0.3741030844179173
0.1251238291684345,0.3741030844179173
0.1234489679603911,0.3747309569784989
0.1234489679603911,0.3747309569784989
0.1234489679603911,0.3747309569784989
0.12548822336545354,0.3740174823892379
0.12548822336545354,0.3740174823892379
0.12548822336545354,0.3740174823892379
0.12401260745296393,0.3745779101913878
0.12401260745296393,0.3745779101913878
0.12248352776700525,0.37509788846314435
0.12248352776700525,0.37509788846314435
0.12626372645481906,0.37373021368015047
0.12495129165812432,0.3742328056185815
0.12495129165812432,0.3742328056185815
0.12370560156711465,0.37469696343641645
0.12370560156711465,0.37469696343641645
0.12370560156711465,0.37469696343641645
0.12588609119959654,0.3739264556216086
0.12588609119959654,0.3739264556216086
0.12470569535843753,0.3743931583218443
0.12470569535843753,0.3743931583218443
0.12470569535843753,0.3743931583218443
0.12339576536542775,0.3748963005292544
0.12339576536542775,0.3748963005292544
0.12645803181105203,0.3737716031260635
0.12645803181105203,0.3737716031260635
0.12552463268561964,0.3741556381351536
0.12552463268561964,0.3741556381351536
0.12552463268561964,0.3741556381351536
0.1246153671525655,0.3745610079399467
0.1246153671525655,0.3745610079399467
0.1246153671525655,0.3745610079399467
0.12621704605684256,0.37401944905200657
0.12621704605684256,0.37401944905200657
0.12518545002069595,0.3743642967784422
0.12518545002069595,0.3743642967784422
0.12518545002069595,0.3743642967784422
0.12428489029416712,0.3746775867319283
0.12428489029416712,0.3746775867319283
0.12658416202255401,0.37382500630513266
0.12591400184978677,0.3742226997742804
0.12591400184978677,0.3742226997742804
0.12591400184978677,0.3742226997742804
0.1250729505268331,0.374578467947868
0.1250729505268331,0.374578467947868
0.1250729505268331,0.374578467947868
0.1250729505268331,0.374578467947868
0.12626922761426626,0.3741958563728805
0.12626922761426626,0.3741958563728805
0.12533074570328057,0.3745581750690231
0.12533074570328057,0.3745581750690231
0.12533074570328057,0.3745581750690231
0.12533074570328057,0.3745581750690231
0.12487708725853384,0.37473033479466633
0.12638037443529365,0.37417638185275487
0.12602108236999934,0.3743510985918277
0.12602108236999934,0.3743510985918277
0.12602108236999934,0.3743510985918277
0.12544629420740477,0.37455238890291837
0.12544629420740477,0.37455238890291837
0.1260288376154692,0.3743520428090609
0.1260288376154692,0.3743520428090609
0.1260288376154692,0.3743520428090609
0.12573636979659597,0.3744667100694025
0.12573636979659597,0.3744667100694025
0.12573636979659597,0.3744667100694025
0.12566549444126648,0.374508994580555
0.12566549444126648,0.374508994580555
0.12635352043093287,0.3742792541615492
0.1261906155281638,0.3743384334852585
0.1261906155281638,0.3743384334852585
0.1261906155281638,0.3743384334852585
0.1260811364244589,0.37439581936456007
0.1260811364244589,0.37439581936456007
0.1260811364244589,0.37439581936456007
0.12608163941146386,0.3744017859763193
0.12608163941146386,0.3744017859763193
0.12608163941146386,0.3744017859763193
0.1259360872930339,0.3743969389288313
0.1259360872930339,0.3743969389288313
0.12600518299103744,0.3743391139257737
0.12587146642052094,0.3744537628392982
0.12587146642052094,0.3744537628392982
0.12559918259491712,0.3745129830809539
0.12559918259491712,0.3745129830809539
0.12559918259491712,0.3745129830809539
0.12570290023085262,0.37443473648302206
0.12570290023085262,0.37443473648302206
0.12570290023085262,0.37443473648302206
0.12524757142334053,0.37463819136829357
0.12524757142334053,0.37463819136829357
0.12524757142334053,0.37463819136829357
0.12524757142334053,0.37463819136829357
0.12503799748708275,0.3746975252967104
0.12503799748708275,0.3746975252967104
0.12503966247589832,0.3746596491897457
0.12503966247589832,0.3746596491897457
0.1240931816802666,0.3751371510861749
0.12454486390443674,0.374945643353011
0.12454486390443674,0.374945643353011
0.12454486390443674,0.374945643353011
0.12454486390443674,0.374945643353011
0.12496932040304022,0.37470502013075613
0.12496932040304022,0.37470502013075613
0.12435453276151597,0.37502263931061625
0.12435453276151597,0.37502263931061625
0.12501331498526955,0.37468757809925624
0.12501331498526955,0.37468757809925624
0.12501331498526955,0.37468757809925624
0.12590189662876763,0.37429980438175603
0.12590189662876763,0.37429980438175603
0.12415917168543668,0.37514101652401277
0.12415917168543668,0.37514101652401277
0.12528985299158024,0.374725940922234
0.12528985299158024,0.374725940922234
0.1262903773615933,0.3742806712037847
0.1262903773615933,0.3742806712037847
0.1262903773615933,0.3742806712037847
0.1262903773615933,0.3742806712037847
0.12515846055760962,0.3748413858466579
0.12515846055760962,0.3748413858466579
0.12515846055760962,0.3748413858466579
0.12590755948996285,0.37445699721068376
0.12590755948996285,0.37445699721068376
0.12590755948996285,0.37445699721068376
0.12590755948996285,0.37445699721068376
0.12659141366143412,0.3741313061655266
0.12659141366143412,0.3741313061655266
0.12409090292028498,0.3753480782643512
0.12409090292028498,0.3753480782643512
0.12480612912807873,0.3749303744657812
0.12480612912807873,0.3749303744657812
0.12480612912807873,0.3749303744657812
0.12562015708730245,0.37445231073930063
0.12562015708730245,0.37445231073930063
0.12562015708730245,0.37445231073930063
0.12562015708730245,0.37445231073930063
0.12371371124894767,0.3753852126324091
0.12371371124894767,0.3753852126324091
0.12371371124894767,0.3753852126324091
0.12465510161281108,0.3749375084430147
0.12465510161281108,0.3749375084430147
0.12465510161281108,0.3749375084430147
0.12465510161281108,0.3749375084430147
0.12563872979465804,0.37446675826424874
0.12563872979465804,0.37446675826424874
0.12245177300495899,0.376103873547775
0.12245177300495899,0.376103873547775
0.12349218278350857,0.37562264654494554
0.12349218278350857,0.37562264654494554
0.12349218278350857,0.37562264654494554
0.12349218278350857,0.37562264654494554
0.12457221553195963,0.37510732395662943
0.12457221553195963,0.37510732395662943
0.12457221553195963,0.37510732395662943
0.12228238443339545,0.3763499109434024
0.12228238443339545,0.3763499109434024
0.12228238443339545,0.3763499109434024
0.12228238443339545,0.3763499109434024
0.12346398616697334,0.3756814461743991
0.12346398616697334,0.3756814461743991
0.12346398616697334,0.3756814461743991
0.12346398616697334,0.3756814461743991
0.12470451277106138,0.3749385756172355
0.1209008465069412,0.37700281042519057
0.1209008465069412,0.37700281042519057
0.12237215943526544,0.3762050316934759
0.12237215943526544,0.3762050316934759
0.12237215943526544,0.3762050316934759
0.12237215943526544,0.3762050316934759
0.12347410858022821,0.37559603268406744
0.12347410858022821,0.37559603268406744
0.12092518570145301,0.3769279156764166
0.12092518570145301,0.3769279156764166
0.12092518570145301,0.3769279156764166
0.12240637168712026,0.376069939269243
0.12240637168712026,0.376069939269243
0.1240959373035321,0.37508010643608297
0.11971762885660109,0.3775008757266616
0.12143267294715313,0.3765402546695611
0.12143267294715313,0.3765402546695611
0.12143267294715313,0.3765402546695611
0.12330215819782761,0.37552349674394686
0.12330215819782761,0.37552349674394686
0.1207665779689931,0.37691475743294106
0.1207665779689931,0.37691475743294106
0.1207665779689931,0.37691475743294106
0.12289044996913659,0.3757254213274359
0.12289044996913659,0.3757254213274359
0.12289044996913659,0.3757254213274359
0.12496360489985943,0.37453436808119955
0.1200801067509127,0.37727014052627983
0.1200801067509127,0.37727014052627983
0.12203548406640428,0.3762341659186763
0.12203548406640428,0.3762341659186763
0.12414571821989061,0.3750145297854573
0.12414571821989061,0.3750145297854573
0.12116978484976365,0.3766438150124918
0.12116978484976365,0.3766438150124918
0.12116978484976365,0.3766438150124918
0.12330290651656833,0.3754299942684634
0.12330290651656833,0.3754299942684634
0.12330290651656833,0.3754299942684634
0.12547061959286857,0.37415213640764866
0.12017207589161175,0.37717861255048424
0.12206916111979846,0.37605940665724935
0.12206916111979846,0.37605940665724935
0.12206916111979846,0.37605940665724935
0.12433901281017973,0.37473539867304667
0.12433901281017973,0.37473539867304667
0.12433901281017973,0.37473539867304667
0.12132586095849496,0.3765105384425919
0.12132586095849496,0.3765105384425919
0.1235683331333284,0.3752388944225512
0.1235683331333284,0.3752388944225512
0.1235683331333284,0.3752388944225512
0.12578464762094713,0.37389165647615835
0.120149212529811,0.3771472513361438
0.120149212529811,0.3771472513361438
0.1221668328373087,0.375998767762597
0.1221668328373087,0.375998767762597
0.12457338647970523,0.37459346272526206
0.12457338647970523,0.37459346272526206
0.12457338647970523,0.37459346272526206
0.12158035340669315,0.37641163738144445
0.12158035340669315,0.37641163738144445
0.12158035340669315,0.37641163738144445
0.12409920820728632,0.37498836995066914
0.12409920820728632,0.37498836995066914
0.12409920820728632,0.37498836995066914
0.12664136959111805,0.3735322635437153
0.12664136959111805,0.3735322635437153
0.1207526620650112,0.37695311498904355
0.12290765179689783,0.3756787484431864
0.12290765179689783,0.3756787484431864
0.1253671494326303,0.3742551316785828
0.1253671494326303,0.3742551316785828
0.1218528133832157,0.3762585569312479
0.1218528133832157,0.3762585569312479
0.1218528133832157,0.3762585569312479
0.1218528133832157,0.3762585569312479
0.12429661929759041,0.3748904532879027
0.12429661929759041,0.3748904532879027
0.12429661929759041,0.3748904532879027
0.12429661929759041,0.3748904532879027
0.12692543104810527,0.3733815730853395
0.12692543104810527,0.3733815730853395
0.12088532905415449,0.37692681145161244
0.12088532905415449,0.37692681145161244
0.12357433150576597,0.37544129644244584
0.12357433150576597,0.37544129644244584
0.12357433150576597,0.37544129644244584
0.12357433150576597,0.37544129644244584
0.12615533926472242,0.3739324353972954
0.12615533926472242,0.3739324353972954
0.12615533926472242,0.3739324353972954
0.12615533926472242,0.3739324353972954
0.12615533926472242,0.3739324353972954
0.1230452778251481,0.37585070839579554
0.1230452778251481,0.37585070839579554
0.12558575194232613,0.3743627813315564
0.12558575194232613,0.3743627813315564
0.12558575194232613,0.3743627813315564
0.1278195991878824,0.37304532798373874
0.1278195991878824,0.37304532798373874
0.1278195991878824,0.37304532798373874
0.12173299510924837,0.3766740282800417
0.12173299510924837,0.3766740282800417
0.12417785591743366,0.375195004226526
0.12417785591743366,0.375195004226526
0.12417785591743366,0.375195004226526
0.12417785591743366,0.375195004226526
0.12417785591743366,0.375195004226526
0.12665147931858367,0.37377785368808747
0.12665147931858367,0.37377785368808747
0.12665147931858367,0.37377785368808747
0.12313304499045055,0.3759043257709304
0.12313304499045055,0.3759043257709304
0.12313304499045055,0.3759043257709304
0.12313304499045055,0.3759043257709304
0.12558196234648156,0.37438894561564595
0.12558196234648156,0.37438894561564595
0.1280615188544851,0.3728258457865697
0.12201337417099739,0.3764623248636534
0.12201337417099739,0.3764623248636534
0.124180794128493,0.37518662218904086
0.124180794128493,0.37518662218904086
0.126456094530768,0.37374547591086316
0.126456094530768,0.37374547591086316
0.126456094530768,0.37374547591086316
0.1229012534125864,0.3759197490901148
0.1229012534125864,0.3759197490901148
0.1229012534125864,0.3759197490901148
0.1229012534125864,0.3759197490901148
0.125459200937858,0.3744819180531047
0.125459200937858,0.3744819180531047
0.12783093379930638,0.3730917252389855
0.12783093379930638,0.3730917252389855
0.12190691228601491,0.3766642147895598
0.12403869217567005,0.3753528170422642
0.12403869217567005,0.3753528170422642
0.1263987288789051,0.37395402456958815
0.1263987288789051,0.37395402456958815
0.1263987288789051,0.37395402456958815
0.12330747960893362,0.3759083728411229
0.12330747960893362,0.3759083728411229
0.12538754077344905,0.3746233059456822
0.12538754077344905,0.3746233059456822
0.12538754077344905,0.3746233059456822
0.12776510640377856,0.37322815323360714
0.12776510640377856,0.37322815323360714
0.1220551003940871,0.3766774925341885
0.1242442098976552,0.3753528744821628
0.1242442098976552,0.3753528744821628
0.1242442098976552,0.3753528744821628
0.12638710674008133,0.37397831910386314
0.12638710674008133,0.37397831910386314
0.12638710674008133,0.37397831910386314
0.12291125664282748,0.37605300502663785
0.12291125664282748,0.37605300502663785
0.12513099033027927,0.3746626392644322
0.12513099033027927,0.3746626392644322
0.12513099033027927,0.3746626392644322
0.12513099033027927,0.3746626392644322
0.12757157699813337,0.37315774382494205
0.12215393599104023,0.37641400956030563
0.12215393599104023,0.37641400956030563
0.12457819219207159,0.37503051898636053
0.12457819219207159,0.37503051898636053
0.12457819219207159,0.37503051898636053
0.12667217433269096,0.37375502008212097
0.12667217433269096,0.37375502008212097
0.12667217433269096,0.37375502008212097
0.1234066710203691,0.37577879841233863
0.1234066710203691,0.37577879841233863
0.12544909045002295,0.3745070266367317
0.12544909045002295,0.3745070266367317
0.12544909045002295,0.3745070266367317
0.12768179388644996,0.3731300112021908
0.12264850254295322,0.3761569059098221
0.12264850254295322,0.3761569059098221
0.12482514695320733,0.3748879462498592
0.12482514695320733,0.3748879462498592
0.12675086320412238,0.3737054098307815
0.12675086320412238,0.3737054098307815
0.12675086320412238,0.3737054098307815
0.12397914314023052,0.37537327809086624
0.12397914314023052,0.37537327809086624
0.12397914314023052,0.37537327809086624
0.12595962629793722,0.37413609271528836
0.12595962629793722,0.37413609271528836
0.12595962629793722,0.37413609271528836
0.12792394831587112,0.3729466508629615
0.12334912795627188,0.3756915821721568
0.1251532775825439,0.37455996953068726
0.1251532775825439,0.37455996953068726
0.1251532775825439,0.37455996953068726
0.12707481539034937,0.3733933335954782
0.12707481539034937,0.3733933335954782
0.12707481539034937,0.3733933335954782
0.12707481539034937,0.3733933335954782
0.12468011470014533,0.3748470662581015
0.12468011470014533,0.3748470662581015
0.1263950665671159,0.3738585625604051
0.1263950665671159,0.3738585625604051
0.1263950665671159,0.3738585625604051
0.1263950665671159,0.3738585625604051
0.1282408246198357,0.37275285311154466
0.12419836743917745,0.3751784282744645
0.12419836743917745,0.3751784282744645
0.12619733481830653,0.3740443840948473
0.12619733481830653,0.3740443840948473
0.12619733481830653,0.3740443840948473
0.12823234143081225,0.37289273013135493
0.12823234143081225,0.37289273013135493
0.12823234143081225,0.37289273013135493
0.12823234143081225,0.37289273013135493
0.12652891004808675,0.3739848432274361
0.12652891004808675,0.3739848432274361
0.12652891004808675,0.3739848432274361
0.12652891004808675,0.3739848432274361
0.12849464011193684,0.37287404357503007
0.12849464011193684,0.37287404357503007
0.13044408989630404,0.3718051005180708
0.13044408989630404,0.3718051005180708
0.1270036323043751,0.37388444874943816
0.12838359657112722,0.3730760601647573
0.12838359657112722,0.3730760601647573
0.12838359657112722,0.3730760601647573
0.1295980406954596,0.37232421670208693
0.1295980406954596,0.37232421670208693
0.1295980406954596,0.37232421670208693
0.12786299646677468,0.37335816440856884
0.12786299646677468,0.37335816440856884
0.12786299646677468,0.37335816440856884
0.12786299646677468,0.37335816440856884
0.12914600401399912,0.37261057816698573
0.12914600401399912,0.37261057816698573
0.12914600401399912,0.37261057816698573
0.13014021455770153,0.3720016794340602
0.13014021455770153,0.3720016794340602
0.1273452053523193,0.3736840417909098
0.1273452053523193,0.3736840417909098
0.1283287724802327,0.3731158123183992
0.1283287724802327,0.3731158123183992
0.1283287724802327,0.3731158123183992
0.1283287724802327,0.3731158123183992
0.1291532494738067,0.3725759881673818
0.1291532494738067,0.3725759881673818
0.1291532494738067,0.3725759881673818
0.1291532494738067,0.3725759881673818
0.12776788457889374,0.3732947962166162
0.12776788457889374,0.3732947962166162
0.12776788457889374,0.3732947962166162
0.12776788457889374,0.3732947962166162
0.12883749781330073,0.37256146907802
0.12883749781330073,0.37256146907802
0.12883749781330073,0.37256146907802
0.12883749781330073,0.37256146907802
0.12883749781330073,0.37256146907802
0.12994981872551037,0.3719193203289839
0.12994981872551037,0.3719193203289839
0.12785016255596618,0.373186201489096
0.12785016255596618,0.373186201489096
0.12785016255596618,0.373186201489096
0.1288436242608959,0.3726278772442639
0.1288436242608959,0.3726278772442639
0.1288436242608959,0.3726278772442639
0.1288436242608959,0.3726278772442639
0.1295128889161971,0.37215433288505323
0.1295128889161971,0.37215433288505323
0.1295128889161971,0.37215433288505323
0.1295128889161971,0.37215433288505323
0.12840357512639572,0.37276077442009753
0.12840357512639572,0.37276077442009753
0.12919790071223372,0.372215979606494
0.12919790071223372,0.372215979606494
0.12919790071223372,0.372215979606494
0.1296900687102785,0.37182610681813233
0.12832363711466888,0.3726625281139545
0.12832363711466888,0.3726625281139545
0.1287490577479081,0.37226181651297324
0.1287490577479081,0.37226181651297324
0.1287490577479081,0.37226181651297324
0.1288536347972666,0.3721135721891512
0.1288536347972666,0.3721135721891512
0.1288536347972666,0.3721135721891512
0.12839034086349482,0.37248476700684285
0.12839034086349482,0.37248476700684285
0.12839034086349482,0.37248476700684285
0.12839034086349482,0.37248476700684285
0.1286820301266878,0.37230433279705377
0.1286820301266878,0.37230433279705377
0.1286820301266878,0.37230433279705377
0.12888952748808352,0.372138168977628
0.12828431814465363,0.37253802156284954
0.12835785650886877,0.3724205016584427
0.12873292801191383,0.3721721189572414
0.12873292801191383,0.3721721189572414
0.12873292801191383,0.3721721189572414
0.12883169844742157,0.3720987364842166
0.12883169844742157,0.3720987364842166
0.12883169844742157,0.3720987364842166
0.1287743430952694,0.37211829727522555
0.1287743430952694,0.37211829727522555
0.1287743430952694,0.37211829727522555
0.1287743430952694,0.37211829727522555
0.12896322869823554,0.3720442568845395
0.12913591683934608,0.37200956830880894
0.12936241396373502,0.3719612556616808
0.12936241396373502,0.3719612556616808
0.12936241396373502,0.3719612556616808
0.12923927221814652,0.3720214767610186
0.12923927221814652,0.3720214767610186
0.12923927221814652,0.3720214767610186
0.12937976929869208,0.3719828322138946
0.12937976929869208,0.3719828322138946
0.12890966015713157,0.3721347460397125
0.12890966015713157,0.3721347460397125
0.12833258082467902,0.3723744101269855
0.12833258082467902,0.3723744101269855
0.12929027985410102,0.3719198262567531
0.1286442672590029,0.37220830997456006
0.1286442672590029,0.37220830997456006
0.1286442672590029,0.37220830997456006
0.1286442672590029,0.37220830997456006
0.12801329451252869,0.37252163785634723
0.12801329451252869,0.37252163785634723
0.12801329451252869,0.37252163785634723
0.12829085004111523,0.3724610657116369
0.12829085004111523,0.3724610657116369
0.12829085004111523,0.3724610657116369
0.12829085004111523,0.3724610657116369
0.12829085004111523,0.3724610657116369
0.12761104292634232,0.3727706878452298
0.12761104292634232,0.3727706878452298
0.12685115631083133,0.3731552031466934
0.12685115631083133,0.3731552031466934
0.12861180026628843,0.37229146709524186
0.12812057557243384,0.37257841782919754
0.12812057557243384,0.37257841782919754
0.12812057557243384,0.37257841782919754
0.12751900984026227,0.37285747809337794
0.12751900984026227,0.37285747809337794
0.12876207806101478,0.3721551446943857
0.12876207806101478,0.3721551446943857
0.12787770746014787,0.37252685391802925
0.12787770746014787,0.37252685391802925
0.1269008426407056,0.37292788887447914
0.1269008426407056,0.37292788887447914
0.12940793193789982,0.3717039397056839
0.12854409936714567,0.3721600702620889
0.12854409936714567,0.3721600702620889
0.12854409936714567,0.3721600702620889
0.12771208559552905,0.37261386105954825
0.12771208559552905,0.37261386105954825
0.12771208559552905,0.37261386105954825
0.1295181331390332,0.37175046498804143
0.1295181331390332,0.37175046498804143
0.12848790758594103,0.3723075838846586
0.12848790758594103,0.3723075838846586
0.12848790758594103,0.3723075838846586
0.12757956603156467,0.37277383353415494
0.12757956603156467,0.37277383353415494
0.1308264201481961,0.37125151247177945
0.12948522700311743,0.37191386078858923
0.12948522700311743,0.37191386078858923
0.12808029320116576,0.37253150501375826
0.13023870544148697,0.37146784768899554
0.12883099510643778,0.37214331308520865
0.12742171555646598,0.3727429703075593
0.1255180285547809,0.37347992229576776
0.12946327616494516,0.3716984798183876
0.12946327616494516,0.3716984798183876
0.12781185508402562,0.37247374235106223
0.12781185508402562,0.37247374235106223
0.12781185508402562,0.37247374235106223
0.1303403801798088,0.3712647655350246
0.1303403801798088,0.3712647655350246
0.1303403801798088,0.3712647655350246
0.12887667203074463,0.37198490598117895
0.12887667203074463,0.37198490598117895
0.12887667203074463,0.37198490598117895
