time,motor_with_onshape_mounting_x,motor_with_onshape_mounting_y,motor_with_onshape_mounting_2_x,motor_with_onshape_mounting_2_y,motor_with_onshape_mounting_3_x,motor_with_onshape_mounting_3_y,motor_with_onshape_mounting_4_x,motor_with_onshape_mounting_4_y,motor_with_onshape_mounting_5_x,motor_with_onshape_mounting_5_y,motor_with_onshape_mounting_6_x,motor_with_onshape_mounting_6_y,motor_with_no_arms_x,motor_with_no_arms_y,com_x,com_y
0.000000,-0.003467559050939747,0.0006640863521719791,,,,,,,,,,,,,-0.005858554742586028,0.36061842512915954
0.027000,-0.003484344175082223,0.0004595519961409214,,,,,,,,,,,,,-0.009606835221778232,0.3602103589790674
0.077000,-0.003547726708639504,0.00014983541125854885,0.003997953823641172,0.10545432961192558,-0.008197022601282085,0.22483306536497155,0.00033839839551612783,0.34452912456663204,-0.011856148238625191,0.4639079042236036,-0.0033211581881097546,0.5836039941548856,-0.015515275028430697,0.7029828177145295,-0.008373315351306164,0.3604426658385922
0.127000,-0.003919302522955262,-0.0003485012679693417,0.002506061162399126,0.10515509633649771,-0.007491413122004386,0.22473791495160095,-0.0004605294350994078,0.344531765689363,-0.010457564449337682,0.46411462102792767,-0.003427120816974177,0.5839084975923505,-0.01342371656045548,0.7034913896528008,-0.009335357695057587,0.3603711475436585
0.177000,-0.00420319060200796,-0.0004955474974951477,0.000812218999044551,0.10482204605549283,-0.006896493065556968,0.22457418906881635,-0.0014241260338095736,0.34444934578667996,-0.009132391140674009,0.46420151757083167,-0.003660471531253055,0.5840766947129352,-0.011368289681216037,0.7038288952661858,-0.006155561130135861,0.3606390370438751
0.227000,-0.004514189413680173,-0.0005023313189732359,-0.0008876830874983777,0.10479240202277706,-0.006380382584568385,0.22466662882812127,-0.0025077096194253924,0.34460412256577017,-0.007999956483463438,0.4644783701101393,-0.004127736392821507,0.5844158784698392,-0.009619530625271074,0.7042901467514547,-0.007276155954429391,0.3609006830090345
0.277000,-0.004795568539612246,-0.0004285711592300407,-0.002624815952291821,0.10483926416201202,-0.005830709209439244,0.22479643255314977,-0.003606490571206932,0.34477581766345494,-0.006811927445627976,0.46473299825069675,-0.00458816527655766,0.5847123918223137,-0.007793145770178625,0.7046695846038704,-0.008331280091345893,0.3611233173640243
0.327000,-0.00524655522375822,-0.0005685139584001035,-0.004600959996189466,0.10488284416705881,-0.005503021871414591,0.22487945363738066,-0.004848652643843222,0.34487766946125753,-0.005750256339887544,0.4648742823750183,-0.005096345296200501,0.5848725006965694,-0.0059974908169982254,0.70486911705199,-0.009301438127871736,0.3610619191058049
0.377000,-0.0054111732669692835,-0.000614726036270572,-0.006119775070159774,0.10475594053011514,-0.004925988324014851,0.22475000235487683,-0.005878228061333865,0.3447462241265754,-0.004683983129469087,0.464740281392103,-0.005636681051839508,0.5847364995269623,-0.004441977942623226,0.7047305522315891,-0.006214929590509296,0.36104431236181345
0.427000,-0.005591034336638082,-0.0004560388205589143,-0.007801868843544682,0.10473689197505598,-0.004328193064439783,0.22468660467409357,-0.006975996296045433,0.3446573891928533,-0.003501864540985058,0.46460708868621814,-0.006150123820721712,0.5845778631389461,-0.0026755360979275086,0.7045275494251407,-0.00739682933726283,0.3610142189251836
0.477000,-0.005532375588321149,-0.00026285435980998354,-0.00943272776097023,0.1048714368974376,-0.0037194858061218258,0.224735355014296,-0.008113744642165025,0.3446548717295601,-0.0024000509680232422,0.46451876831463546,-0.0067947617232191285,0.5844382684691926,-0.001080616337000199,0.7043021435211226,-0.008405456522763003,0.36106940028314216
0.527000,-0.005779152501108144,0.00010486132674314881,-0.010979848693462111,0.10504518909231127,-0.003158446272582166,0.22479002473948842,-0.009282127778078447,0.3446336750711512,-0.001460279597233073,0.4643784816016835,-0.0075844072101864946,0.5842221091376475,0.00023788672130771807,0.7039668865504772,-0.009534658791277545,0.36114235159734903
0.577000,-0.006036285138008385,0.0004528901202452856,-0.012670085559523498,0.10530981703203551,-0.002659588485484776,0.22489154618967047,-0.010435422167969284,0.3446393495538296,-0.0004244873960049366,0.464221042069828,-0.00820075935865658,0.5839688169734222,0.0018106131016611517,0.7035504728469723,-0.00854265113260207,0.3611222962382656
0.627000,-0.006410660018400721,0.0010948563496977284,-0.014400567926389139,0.10567502870561743,-0.002316604625577192,0.2250650527065542,-0.011700547605875113,0.3446975801150395,0.00038384376725910004,0.464087560788212,-0.009000528133354155,0.5837200545515304,0.0030842913050259527,0.703109991896105,-0.009693237982002868,0.36130821510820066
0.677000,-0.006651917467897106,0.0015669065891214251,-0.016084441166895266,0.10611519543573414,-0.0019070637632108232,0.22527476059922946,-0.012857510808458171,0.34477408155758865,0.0013202829794922415,0.46393359717974164,-0.009630581618520331,0.5834328798744749,0.004547628548108503,0.7025923459544751,-0.008729979787816108,0.3612576536793761
0.727000,-0.007000051006719579,0.0023628178420285885,-0.017719614763422813,0.10659351592991494,-0.0015837853560932641,0.22550371317698642,-0.01405692542844554,0.34485370595761183,0.0020793073235029482,0.4637638484710862,-0.010394237568482453,0.5831137989437508,0.005742398523399281,0.7020238867228709,-0.007905517229794257,0.3611969552819351
0.777000,-0.007222164088185038,0.002948350816868718,-0.01929585056767091,0.10713726268916308,-0.0012009730212365465,0.22576514898315173,-0.015143654808541088,0.34495240343839056,0.0029516110610001926,0.46358023049895236,-0.010991460865226654,0.5827674393145799,0.007104193323234028,0.701395207141053,-0.00886066934694984,0.3614069105664282
0.827000,-0.007528002505565337,0.003484185818218005,-0.02081191811398446,0.10773277573288012,-0.0009015581138372489,0.2260694883991719,-0.016259199168281568,0.34508269296590377,0.003651533013201056,0.4634193430114295,-0.011706482335876595,0.5824324992780264,0.008204622022918662,0.7007690867022595,-0.008171139790096425,0.36117756333376544
0.877000,-0.0075682941267693395,0.003871671036106088,-0.02237742239096214,0.10789522194054288,-0.0008065794255447314,0.22594054675324088,-0.017650970500126657,0.3447524420837052,0.0039202267176525404,0.4627977021620537,-0.01292452089849492,0.581609546943785,0.00864703056665138,0.699654742287598,-0.009665848023964795,0.3609182371047205
0.927000,-0.007548662327479356,0.00456745798327253,-0.02362334793405079,0.10805241760887344,-0.0006966083000564099,0.22584191039035914,-0.019118689007957837,0.3444194248793449,0.0038083861633672073,0.46220885235079934,-0.0146140323176823,0.5807863143632034,0.00831337838509926,0.6985756765247781,-0.009081241401936942,0.36055384749434205
0.977000,-0.007493421706125038,0.004961032873261422,-0.024921670004197413,0.1085697483203845,-0.000611907710705047,0.22608160072897682,-0.02040261415620853,0.3444383831183283,0.003907463769477723,0.4619501702314171,-0.015883560570356694,0.5803068994644967,0.008426832981419793,0.6978186212824607,-0.010514369274379218,0.36052361806236116
1.027000,-0.00782066761670984,0.005884408882239951,-0.026165187053394726,0.10907895308529666,-0.0005910560633109576,0.22632213546874083,-0.021736181851302785,0.34444446040012705,0.003838243422320222,0.4616875785914271,-0.01730717884981853,0.5798098504486804,0.008267540701636612,0.697052904448307,-0.011870577735870138,0.3606856501533176
1.077000,-0.007849004202868286,0.006077362847730551,-0.02749264552728411,0.10942789091554293,-0.0006777429485957942,0.22639353116647049,-0.023047282745418098,0.344290111646672,0.003767891286917924,0.46125568966529024,-0.018601922119367502,0.5791522182308685,0.008213523360822064,0.6961177340178425,-0.011432881859577762,0.3601352912963808
1.127000,-0.007649153167259168,0.006330864834699669,-0.028411530468699705,0.10944208077330853,-0.0005389510192032468,0.22616019979570895,-0.024072134198564337,0.3438300314544681,0.003800693541200233,0.4605480911842502,-0.019732739948531038,0.578217872782324,0.008140336075323506,0.6949358732204052,-0.01094284825335586,0.3595658552146254
1.177000,-0.007673464805366592,0.006729128238454004,-0.029187065051228797,0.10954126261540106,-0.0003142136467135029,0.22601597420079167,-0.024897064811488033,0.3434710014148572,0.003976010351011817,0.45994565753277655,-0.020607066451906825,0.5774006375214853,0.008266232462773025,0.6938752381729161,-0.011700769222884058,0.35939031321437204
1.227000,-0.00757018090860601,0.007661013496891641,-0.03004231312505109,0.10998708996566482,-0.00025108844641397003,0.22623029592604169,-0.02571964066031772,0.34349645833896264,0.0040717830450420715,0.45973961329187746,-0.021396969944771443,0.57700573209893,0.008394652781013904,0.6932488360456335,-0.01123525361197469,0.35943991713383894
1.277000,-0.007505870309576318,0.008043248687602313,-0.030611743209529436,0.11054605082623342,-3.862685003540051e-05,0.22658606354745736,-0.02630434741725014,0.34367625066403695,0.004268942743283252,0.4597162175936804,-0.021996953194793722,0.5768063653708555,0.00857651075960791,0.6928462865105297,-0.011743478397935086,0.35951258663695645
1.327000,-0.00757319898250351,0.008712684188007231,-0.031175384034842706,0.11091242853402095,8.463491394565623e-05,0.22676928500760335,-0.026875482872083398,0.3437015390106856,0.004384683678869308,0.45955835565875924,-0.022575583077114048,0.5764905753149511,0.008684731069351286,0.6923473521391087,-0.01147501288326145,0.35946453335017614
1.377000,-0.007543696886181014,0.00899074308663683,-0.031725513793576764,0.11131959780015703,0.00012730141646831537,0.22701487930798792,-0.027405601167738356,0.3438135919518934,0.004447334517043227,0.459508840290979,-0.023085689688496957,0.5763075242650811,0.008767366464769766,0.6920027394370074,-0.011754572175538044,0.35951428252754014
1.427000,-0.00762245533633246,0.00937002845874924,-0.03213704789349767,0.11156112837729694,0.00018605522192143616,0.22712590244355124,-0.027795167584061236,0.3438180237297696,0.004528029154702464,0.45938277160982866,-0.023453288186733454,0.5760748702276586,0.008870002169374717,0.6916395919231187,-0.011497817296933421,0.3594249527074412
1.477000,-0.007658695586308022,0.009560180666339643,-0.03247953613088979,0.11179350516803872,0.00021117003602707206,0.22725483085896755,-0.02809275527935194,0.3438691001905561,0.00459801682523674,0.45933040721245105,-0.02370597508555232,0.5759446603803757,0.008984862950818009,0.6914059487348638,-0.011604791051587508,0.3594661527867829
1.527000,-0.0076873895914361745,0.009727666354463956,-0.03270835745164359,0.11195540368304507,0.00021772630778296893,0.2273498273276343,-0.02830164057702085,0.34391159512689917,0.004624481846650954,0.4593060077392137,-0.02389492409315002,0.5758677659828185,0.009031236988933477,0.691262167564509,-0.011533088537684604,0.3594576286446703
1.577000,-0.0077478886355601675,0.009750874642832728,-0.03283436768477805,0.11204358666886012,0.00020478159224464852,0.2274056888288782,-0.02841191902944635,0.3439435987306451,0.004627240950672486,0.4593056978253477,-0.02398947048183074,0.5758436050724435,0.00904970019528317,0.6912057011035766,-0.011319508752048494,0.3594007021068748
1.627000,-0.007753778872141897,0.009602453878201403,-0.0328517342987235,0.11203830306656759,0.0001854451762026395,0.2274009693508819,-0.02841284387439454,0.34394339880633146,0.004624318902961521,0.45930606987243927,-0.023973953277245788,0.5758485034677041,0.009063192796206265,0.6912111793174173,-0.011170038057114105,0.3593399804722029
1.677000,-0.007811260681020062,0.009403610332613157,-0.032764151076415046,0.11189719642472795,0.00014236904840883927,0.2272972004557246,-0.028315668520131072,0.3438739566969924,0.004590806984226302,0.45927397345158655,-0.023867185506173623,0.5758507406970577,0.009039245371390458,0.6912507701770347,-0.01088234567722819,0.35917304892213114
1.727000,-0.007756631382852812,0.008908036578723551,-0.03256167923888647,0.11167201242792574,0.00010336907828900708,0.22714059957708171,-0.028105620651866423,0.34377787019973843,0.004559355835443107,0.459246477668908,-0.023649561335157908,0.5758837658402349,0.009015343315992169,0.6913523936311499,-0.010768664145885941,0.35909365385900655
1.777000,-0.007722208541060666,0.008505557162820924,-0.032211264790543585,0.11128071041733237,7.411113854546673e-05,0.22685603001937252,-0.027766280330394744,0.3435818309498154,0.004518996216398464,0.4591571783137469,-0.023321294877889732,0.5758830031846062,0.008963882280454536,0.6914583783120554,-0.010811233878547358,0.3589664601253798
1.827000,-0.007630640787396494,0.007765075895208002,-0.031742021626458186,0.11082720679017134,5.384073835941125e-05,0.22653815326504545,-0.02732196976652359,0.3433737856552247,0.0044737665274746435,0.45908476677264565,-0.022901916678325543,0.5759204289902583,0.008893693538927112,0.6916314447517066,-0.00947031719616228,0.35839015483542747
1.877000,-0.0076151246415736935,0.007123720787441865,-0.0311500415088638,0.11031559078355024,5.489994403948175e-05,0.22618729409767316,-0.026747929837123516,0.34315570143794794,0.0044568595434916185,0.4590274457059389,-0.02234581672275486,0.5759958882234197,0.008858820579594279,0.6918676734466747,-0.01021054951933111,0.3585574246599613
1.927000,-0.007981038875765088,0.0063067993645632625,-0.030572898303508463,0.10963144504321737,-6.946300902715453e-05,0.22568979431156544,-0.026146752564209938,0.3428220911773522,0.004356504511844146,0.45888048728642583,-0.021720605173758765,0.5760128241966264,0.00878247367779601,0.6920712671477286,-0.009420653519678988,0.35813682760641957
1.977000,-0.008496430116096184,0.005817775662103795,-0.030150161539345733,0.10919147122352074,-0.0003600927055378766,0.22543497340268304,-0.02546892353702641,0.34277868484164675,0.004320941188197716,0.45902223932813324,-0.02078768360232633,0.5763659948548925,0.009001977008592475,0.6926096016497876,-0.008645440339727226,0.35800349891668487
2.027000,-0.009355123966219488,0.0050715047103002606,-0.029862620255285723,0.10878680172141526,-0.0008369046439843202,0.2252235134288997,-0.024862649627497402,0.3427937629735316,0.004162837264709313,0.4592305316966043,-0.01986267677764182,0.5768008284343459,0.009162581391276984,0.6932376541735751,-0.00778127450462396,0.35788808612504064
2.077000,-0.00998635282714529,0.0045431043649048364,-0.029547786298219636,0.10836149213669172,-0.001424694060974608,0.22501950379047994,-0.02424963473314048,0.3428287652401303,0.0038732045194027776,0.4594868378813993,-0.018951480679213095,0.5772961488274534,0.00917110558539929,0.693954282456401,-0.008142806268100272,0.35805300959323727
2.127000,-0.011018693100764863,0.0037153469493949763,-0.029204684777432245,0.10790862684554094,-0.0020196928229369356,0.22478880571447485,-0.023532009407047492,0.34284481036982895,0.003652706680005856,0.4597250534020295,-0.017859331271380723,0.5777811088298563,0.009325108945695706,0.6946614160252269,-0.0071585602801778545,0.35791970608411217
2.177000,-0.011762038690402328,0.0031469770035812924,-0.02883260224915609,0.10743202492709678,-0.0027196686587981113,0.22455638063207178,-0.022802689965833265,0.34286391316986564,0.003309945420916227,0.4599883353590855,-0.016772774681587478,0.5782959190267629,0.009339562499575958,0.6954204076998717,-0.0076278109436622036,0.3580990316296648
2.227000,-0.01295608027948133,0.0022818656577254896,-0.028435045971674754,0.10693725930675438,-0.0034149641132743026,0.22429992587410408,-0.02196533936896925,0.3428574375630431,0.003054423458794482,0.4602201721428167,-0.015495629531114868,0.5787777342553683,0.009523814264515205,0.6961405368469787,-0.008104276520677387,0.35826328259496193
2.277000,-0.013558347044208881,0.0014634397347695173,-0.02793943444163475,0.10636596986534125,-0.004149983975059071,0.22398425945526665,-0.021065859200714215,0.3427859983478141,0.0027232521780746755,0.46040435652105494,-0.014192280561797917,0.579206144178772,0.009596491727599573,0.6968245709346356,-0.00862563128451379,0.3583171838647057
2.327000,-0.015010085522940392,0.0002606186288786864,-0.027365960995713805,0.1055563542102972,-0.004869687083508937,0.22342881774638795,-0.020116456039889534,0.34245627691607167,0.0023794603303292795,0.4603288086894417,-0.012866947593486562,0.5793563141048732,0.009628611231640818,0.697228914114991,-0.007689371227335354,0.35780254834874226
2.377000,-0.01593776023201522,-0.0003402132752179654,-0.027038031922780675,0.10478856875350721,-0.005919799321240189,0.2229157047205965,-0.01935789462052272,0.34216090418257644,0.0017599630158624466,0.4602881071836182,-0.011677753784078575,0.5795333492992036,0.009439728883208223,0.6976606193336747,-0.006807791580303214,0.35747751579208875
2.427000,-0.01736363168781596,-0.0011350098988545665,-0.02660687897651411,0.10424782245861339,-0.006843869446617395,0.22260923278445052,-0.018502799188187417,0.3420415121618498,0.0012598201167241113,0.46040298764356674,-0.010398715882182111,0.5798353054573067,0.009363513194532408,0.6981968460941176,-0.007547967230374965,0.35758699931768395
2.477000,-0.018375870782347464,-0.0016116035230316554,-0.02613704452664914,0.10374031759860042,-0.00793236212351279,0.22235140282507035,-0.017641327491458608,0.34195799123676296,0.0005629500445600219,0.4605691386023946,-0.009145607069976233,0.5801757601530168,0.009058265596365193,0.6987869696567884,-0.0066231416697937525,0.35742908547252117
2.527000,-0.01992287573817729,-0.0022027871457676066,-0.02565259871418045,0.10330029709907591,-0.008974186660609128,0.22213560570460478,-0.016683436752213062,0.34188771409115937,-5.44230081052019e-06,0.46072308130597034,-0.007714271579871488,0.5804752167823212,0.008963305267341917,0.6993106426052016,-0.005545873379996328,0.3573186569545795
2.577000,-0.020976717036548718,-0.002507055937247802,-0.025155730485028897,0.10294345319697469,-0.010120274286902445,0.22199778977029833,-0.01577866410537499,0.34186430980263366,-0.00074363674709714,0.46091870053365974,-0.006401594811397614,0.5807852409464983,0.008633003705511299,0.6998396858338494,-0.006531661537587167,0.35753136655313783
2.627000,-0.022692383393097548,-0.0029918533849375216,-0.02464502759425712,0.10266586168549223,-0.011210532894362364,0.22191146685464933,-0.014777617016135596,0.34185843809973,-0.0013435604779789764,0.46110409263241975,-0.004910203872215527,0.581051076983417,0.008523414503163764,0.700296780878126,-0.005719899403204696,0.3573702010396976
2.677000,-0.02429113043310884,-0.0031733651204306386,-0.02438612909952315,0.1022943240935847,-0.012579901642861244,0.22171213260039446,-0.014061524456533688,0.3417029855518387,-0.0022557426630601812,0.46112083811824917,-0.0037369176823513726,0.5811116965981338,0.00806841844449262,0.7005295932228055,-0.008769403969659027,0.35772083718933423
2.727000,-0.027329963307402814,-0.003204942299621035,-0.02452213328404887,0.10214944692707037,-0.014135751762862584,0.22169911475930196,-0.013289170778455877,0.341696128474644,-0.0029032405647291953,0.46124583551525583,-0.002056206583071419,0.5812428460338395,0.008329272318062506,0.7007925922815613,-0.008011770397913922,0.357702102746851
2.777000,-0.02894477823193076,-0.0031874012503203112,-0.024799556915148478,0.1021091577997841,-0.01595569331555955,0.22178282272498234,-0.012643992070891116,0.3417371166658949,-0.0038005837144463456,0.461410815232614,-0.0004884261565187946,0.5813650965747497,0.008354526950174496,0.7010388287817362,-0.007260450245156921,0.3577272748580807
2.827000,-0.03137591075999578,-0.0031928189346807395,-0.024771393765177327,0.1020196060646732,-0.01748641943944606,0.22179827340186412,-0.011819963690855338,0.3416644124038745,-0.004535446674249221,0.46144310755386686,0.0011314667169236674,0.5813092249207732,0.008415526416924717,0.7010879478822691,-0.00849654463528823,0.35777026878595963
2.877000,-0.0330269940568692,-0.0031116607958235165,-0.024780135510479466,0.10193403562697989,-0.019135107967144106,0.22180118568918408,-0.011126545737252268,0.3415336496703865,-0.005481975628648571,0.46140082127416226,0.0025270435201489513,0.5811332546924896,0.008171156185925399,0.7010004478364689,-0.007857923995079643,0.3576547319656936
2.927000,-0.03559470921331541,-0.002784092451799797,-0.024814987020369047,0.1019188172879085,-0.020706129247061344,0.22184845202344303,-0.010356457499037294,0.3414013034938624,-0.006248055465828763,0.46133095384244605,0.004102070587880702,0.5808837659828232,0.008210016872796197,0.700813431943003,-0.007123826061253738,0.3576325627856336
2.977000,-0.03742545221044462,-0.0024056798056513503,-0.024904062988392456,0.10207547474402713,-0.022405063303645754,0.22204945108803079,-0.009741680660084202,0.3413794085147098,-0.007243133011831333,0.46135339427356215,0.00542069924049457,0.5806833039865726,0.007918794845129778,0.7006572991587182,-0.010574173726449705,0.3578351618172469
3.027000,-0.039942117179165786,-0.0018229140118729834,-0.025373437009567547,0.10230383438543303,-0.02453764326167588,0.22230092371791513,-0.009740731331440457,0.3413851434817741,-0.008905384214380106,0.46138223592426103,0.005891970953534852,0.5804664006124038,0.006726871433843068,0.7004634961632743,-0.010906346808771367,0.35788567464761195
3.077000,-0.041347478251106295,-0.001408018446058282,-0.025500779467503364,0.1025882778980753,-0.026409275644484344,0.22258483881936614,-0.009543466608206454,0.3413936957512049,-0.010452401951949974,0.46139025334675193,0.006413841912102154,0.5801990485507124,0.005504467397917684,0.7001956028188804,-0.0104745480428039,0.3579433418463694
3.127000,-0.04353303081693033,-0.0006906636114437006,-0.025416670435664573,0.10281163903350925,-0.027859960766498326,0.2227867628398446,-0.008869687444124932,0.3412746082887584,-0.011313407909758242,0.4612497233346381,0.0076772902276438515,0.5797375006968545,0.00523313962552209,0.6997126069807017,-0.009959706716538327,0.3579676429402607
3.177000,-0.04498668772423801,-0.00020418525862979814,-0.02538549321202077,0.10313064868688643,-0.02938366769710364,0.22306402436182785,-0.008306829750087764,0.34119855319296644,-0.012305423295735599,0.46113191489710814,0.008771827443386324,0.5792663700796672,0.004772814836873897,0.6991997178115337,-0.011325663748755092,0.3579126490623261
3.227000,-0.04708504589122893,0.0005997745289123739,-0.02539197985215142,0.10342413211647501,-0.030829177429543712,0.22330088917348084,-0.007727267597251786,0.3410561513153514,-0.013164871777950463,0.4609328899295381,0.009937437474336452,0.5786880737101757,0.004499426690731813,0.6985647938801796,-0.012638553852733617,0.35784258045186856
3.277000,-0.048486382119560495,0.0011906896799235905,-0.025450153742994825,0.10376914508097654,-0.03235513702126802,0.22357031872266825,-0.007307793403515575,0.34092717015322693,-0.014213168832991271,0.46072832119184604,0.010834558939317819,0.5780850906320631,0.0039287913598561805,0.6978862190663913,-0.012372175740334522,0.3578285489795277
3.327000,-0.05038268804544518,0.002284087633525701,-0.025529310305856024,0.10415494359462037,-0.03376433259942208,0.22387204516254375,-0.006832534047886078,0.3408108249867727,-0.01506793285592567,0.46052790065466787,0.011864233471998088,0.5774665957768771,0.0036284581513893396,0.6971836455436856,-0.013657420127314343,0.3578500181868062
3.377000,-0.05135532732591854,0.003194814577579323,-0.02550850841436758,0.10482075694741094,-0.03522305510436473,0.2244268921655333,-0.006635713976825268,0.3409720075808771,-0.016350619596388075,0.4605781136457887,0.012237071275571193,0.577123143271798,0.002521806730380112,0.6967292201827341,-0.013721572791417586,0.3582584675774952
3.427000,-0.05269109462096276,0.004438341548187522,-0.02540733452617131,0.10562422456938056,-0.036399925300332134,0.22511967614432044,-0.006250421775292954,0.34127047225112506,-0.017243353543512877,0.4607658924569479,0.012906481433011825,0.5769166025276966,0.0019132086763915049,0.696411991363942,-0.014807635969058562,0.3584207791177689
3.477000,-0.053488900926662655,0.005325039193170265,-0.02514848436954003,0.1062769926997639,-0.03752118031388106,0.22563744006415082,-0.005911194433547595,0.34139930249125816,-0.0182842107568899,0.46075971664528165,0.01332608584808561,0.5765214942253313,0.0009527491523005915,0.6958818751688022,-0.014555622112481681,0.35875690638407626
3.527000,-0.054637397303435566,0.006538704853034604,-0.024856122467043187,0.10700381763300304,-0.03840851814755414,0.2262360807591033,-0.005460802543898774,0.34162432987822733,-0.019013498213853133,0.46085655890599625,0.013934507710997683,0.5762447251270276,0.0003815120585092535,0.695476920056486,-0.01564852766043255,0.358835305692944
3.577000,-0.055154115659089974,0.007364669581871867,-0.02466899397633872,0.10771324359331898,-0.039397141105251096,0.22680598762116597,-0.005142672926889177,0.34181308047656495,-0.01987109686586752,0.46090579027110645,0.014383638628895058,0.575912803506894,-0.0003450621129267792,0.6950054790683697,-0.015404528086923518,0.35921506562233313
3.627000,-0.05618101561906035,0.008651087162564249,-0.02436621765378565,0.10848583349032272,-0.04015344168652179,0.2274428154449783,-0.004730563210112601,0.3420954197749838,-0.02051804054255317,0.4610523681130178,0.014905082069806064,0.5757048970149002,-0.0008826485546583954,0.6946618117367834,-0.016387967366330573,0.35939712239243005
3.677000,-0.056830462823602636,0.009283982426898789,-0.024267436295851354,0.1091589564831875,-0.04095917167064937,0.22799239434180896,-0.004454933967939327,0.34230530095564715,-0.021146898826264304,0.4611387065800309,0.015357559631191765,0.5754515426986739,-0.0013346347021222574,0.6942849160895672,-0.016419191680506436,0.35967168800124005
3.727000,-0.057552308973416434,0.010226516053937906,-0.024266197551331685,0.10975507603454668,-0.04185680647977784,0.2284587848112591,-0.0044232133640470725,0.3424707407915202,-0.022014026236813485,0.46117441934570574,0.015419762761723695,0.5751863110114966,-0.0021712540470633507,0.6938899593440271,-0.016570472219432232,0.3599089025852987
3.777000,-0.05788815525423981,0.010720769800731497,-0.024088470836789798,0.11020087153024169,-0.04248514813108023,0.22878232987270336,-0.0042760336847185165,0.3425367301009894,-0.02267288939120346,0.461118160764521,0.015536396202962058,0.5748725035056038,-0.0028606379077744035,0.6934539064911628,-0.017327670628051593,0.35988147703953005
3.827000,-0.05853948419490807,0.011382433665798915,-0.023998524720013077,0.11060210010700686,-0.04309499866192114,0.22907287513271812,-0.004194346148878918,0.3425926490291547,-0.023290971498420007,0.4610633996491469,0.015609826092334168,0.5745831238306304,-0.0034869506570512215,0.6930538500459603,-0.01768241062881678,0.35999199003725424
3.877000,-0.05877501764243428,0.011745249337953154,-0.023963042495423012,0.11096253305787555,-0.04360521933082222,0.22934405562625226,-0.004151725909871541,0.34267287743807495,-0.02379402906831979,0.46105437904652624,0.015659585281140545,0.5743831587590815,-0.0039828441926839375,0.692764639408742,-0.0181916604223017,0.35996958124390926
3.927000,-0.05897083542205667,0.012164395994296839,-0.023779389001031888,0.11124624676627728,-0.043901168834995674,0.22954719333604665,-0.0039773763042948995,0.3427111927966471,-0.024099253779452434,0.46101212275860715,0.015824632149936443,0.5741760892684915,-0.004297342958820727,0.6924770026238511,-0.018593148467283542,0.35993619732921833
3.977000,-0.05912187995597233,0.012393293237380809,-0.023656732797940665,0.11146501417321772,-0.04414003945755032,0.22970390007322988,-0.003869245801596241,0.3427448801182378,-0.024352621049030077,0.46098375413630543,0.015918238176417313,0.574024710822192,-0.004565205651240294,0.6922635729595908,-0.018759299887868945,0.359997617463287
4.027000,-0.05927408395433397,0.012565444009041154,-0.023647190914536965,0.1116355648586291,-0.044366253563657185,0.22983336705029586,-0.0038689758573857425,0.34279340643759526,-0.024588079767666554,0.46099120139652644,0.015909237367336196,0.5739512266482327,-0.004809907796499466,0.6921490143757465,-0.019094641092601325,0.3599730445402979
4.077000,-0.05928354153510367,0.012579947569748342,-0.023633074837772022,0.11170321465024623,-0.04447152910028894,0.2298800263503967,-0.003866886588016774,0.3428015167994166,-0.024705354466743698,0.4609783260985812,0.015899301052388883,0.5738998118705549,-0.004939180435152617,0.692076618770036,-0.01927114893383993,0.35995108064484654
4.127000,-0.0592544954432604,0.012512672451237146,-0.023632280778204146,0.11169947851727668,-0.04445698971585833,0.22987871313668087,-0.00385913075669065,0.34280264260291193,-0.024683824155773013,0.4609818799604123,0.01591401995081243,0.5739058147663701,-0.0049106579023996955,0.6920850548632506,-0.019495268858915595,0.3599209052659719
4.177000,-0.059181477085051434,0.01240347290467067,-0.023700038306987033,0.11165480036895281,-0.04436412992770262,0.22986222533433473,-0.0038766752483696335,0.34282578588831086,-0.02454072208871247,0.4610332186818364,0.015946689791675635,0.5739967945754433,-0.004717312261227624,0.6922042351983302,-0.0195154709337695,0.359930154046076
4.227000,-0.058986354076140786,0.012116940590921211,-0.023770427070127796,0.11157369778197705,-0.044165184786015534,0.229827889472552,-0.0038980938644693347,0.3428701885592182,-0.02429277856511109,0.4611243928423745,0.015974242553529333,0.5741667167936911,-0.004420369124995695,0.692420933670567,-0.019425653623180043,0.359954528097299
4.277000,-0.0587956942799952,0.0118850592050711,-0.02390644886394095,0.1113985934168807,-0.043898008165398995,0.22972161550570036,-0.003974441609889662,0.34288569476004777,-0.02396589949087828,0.4612087339845693,0.015957570058991455,0.5743728474618423,-0.0040337863945374836,0.6926959038231574,-0.01961049456551662,0.35995178048970494
4.327000,-0.05852275300008908,0.011492762719178146,-0.024027003169008902,0.11122111231365112,-0.043523863990313556,0.22962665448528316,-0.004056886701564073,0.34295078123279843,-0.02355361870921953,0.46135634461503616,0.015913235286126794,0.574680514301417,-0.003583367900834515,0.6930860988952764,-0.019270193324553223,0.3600304602342757
4.377000,-0.058213294913471846,0.01120776096653813,-0.024242523211255418,0.11105124558498661,-0.043116033429195844,0.22955774587949251,-0.0041480172596784215,0.3430544141821772,-0.023021372752955904,0.46156093911824475,0.01594649522328756,0.5750576583015914,-0.002926705537761226,0.6935642078802184,-0.019534993811496495,0.3601219130482669
4.427000,-0.057847029443109974,0.010495651361781736,-0.0243955370999058,0.11081242132024406,-0.04254747658733725,0.22943158962781016,-0.004229889872762911,0.34314949728904853,-0.02238164858891798,0.46176869325936576,0.01593576481366761,0.5754866593184468,-0.0022158131234752826,0.6941058829524168,-0.019889601945979267,0.35999617533847317
4.477000,-0.057831108105069536,0.00983303585839695,-0.024836400837280462,0.11036585128529885,-0.04202181249178687,0.2291288994810742,-0.004453127630974482,0.3430964119882497,-0.021638331570664388,0.4618594902408712,0.015930153953229817,0.575827068458035,-0.0012548422641665558,0.6945901767682139,-0.019489643858886782,0.35990693088077
4.527000,-0.05774632724946496,0.00895373257719137,-0.025508667206634493,0.10982557339457472,-0.0416339280901844,0.22873720428675187,-0.0048706215856220494,0.3429670571924244,-0.02099564937706335,0.4618787196933126,0.01576743320298942,0.5761086446657654,-0.0003573614887052365,0.6950203387759354,-0.018924688904956743,0.3599327746423257
4.577000,-0.057777893757021914,0.008385683226775093,-0.026228201892350547,0.1093404161083083,-0.041114826970027996,0.22841345417233186,-0.005226416080983995,0.34292119174433555,-0.020112783232348427,0.4619942620542696,0.015775379606467438,0.5765020773685718,0.0008892703897824122,0.695575179924895,-0.019345411326524932,0.3597990545430234
4.627000,-0.05796653259646692,0.007378605124274567,-0.02712459622614543,0.10882618114167814,-0.04065659824402404,0.2280607605278114,-0.005669443618157258,0.3428470794477318,-0.019201164391431477,0.46208169075214345,0.01578571947108893,0.5768680922010542,0.002254279950090761,0.6961027354239429,-0.018670058791197465,0.35976413963233295
4.677000,-0.05810305729709437,0.006681015796631145,-0.028132992151294414,0.10822644387906033,-0.04012559587531452,0.22762567945416193,-0.0061031532738972105,0.34270162567852835,-0.01809545311384452,0.4621008917757232,0.015926696596746587,0.5771769245934659,0.00393470064801045,0.6965762212126901,-0.019137732573341032,0.35951022315949677
4.727000,-0.058323308928668986,0.0056142879259049195,-0.029213959896058076,0.10761237733125774,-0.03961485695976341,0.22716078317704977,-0.006625139000630102,0.3425370307715042,-0.017025711163373716,0.4620854648837398,0.015963693224327218,0.5774618021377225,0.0055634459692801355,0.697010264516098,-0.01976015593034336,0.35923677257208503
4.777000,-0.05826843816017678,0.0050040284355397395,-0.030336087208161833,0.10703431787212389,-0.03900934237609348,0.2267204684684362,-0.007153852788612351,0.34241501364072185,-0.015826762953735425,0.46210118923773436,0.01602839312941806,0.5777958262370273,0.007355827973268142,0.697482026834187,-0.018923004921464877,0.35930635335602806
4.827000,-0.0584273520578834,0.0043212382070513585,-0.031513460976616815,0.10666193378779448,-0.038484637212851586,0.22645927391586695,-0.007881910168826882,0.3424914810711311,-0.014852723055041255,0.462288842342501,0.01574965205037932,0.5783211423186733,0.008779202519044037,0.6981185247325172,-0.018097771623593648,0.3594943427260395
4.877000,-0.058567438588290395,0.003828596265103717,-0.03273029604878203,0.10634299866379333,-0.03780535990363197,0.22623563275952763,-0.008485832859171955,0.34259870815205457,-0.013560516166042147,0.46249135835581034,0.015758641526600517,0.5788545268117804,0.010684338770771934,0.6987471931224771,-0.018644969887310466,0.35952936539199026
4.927000,-0.05846934989003108,0.003271556817859213,-0.0337655360357349,0.1060436019292127,-0.0371151564193031,0.2259968429864206,-0.009210283303920028,0.3427072455031464,-0.012559508190342974,0.46266049760371647,0.015344980111609764,0.5793709921267368,0.01199615072585273,0.6993242552694627,-0.019564983651164006,0.35974046243080005
4.977000,-0.05828449931160839,0.0026652278213672637,-0.035133407276788486,0.10585413263689893,-0.03637333467445447,0.22584772654157043,-0.009849965852907892,0.3428798200197127,-0.011089483652150525,0.4628734181561807,0.015433485673569218,0.5799056021726616,0.014194377474637053,0.6998992045395473,-0.018359792095649273,0.35967452801043126
5.027000,-0.05832145125148837,0.002067331245367884,-0.03633322972627555,0.10548271807404545,-0.03556173025746226,0.22548023800079056,-0.010534462583254203,0.3428413724225436,-0.009762541426272593,0.46283888963739006,0.015264313813064145,0.5802001120101423,0.01603665666070747,0.7001976265115921,-0.018969446274857887,0.35971872695080515
5.077000,-0.058499061836436016,0.0017884176276979228,-0.037666174215464976,0.10528183875958813,-0.03468297654900908,0.2252447519106165,-0.011121697812894266,0.34290896118564274,-0.008138068035580336,0.46287186359030386,0.015422786860102844,0.5805361577350556,0.018406848749745797,0.7004990493917553,-0.017737904532230175,0.3598040945103941
5.127000,-0.058718629089634655,0.001563658157464876,-0.03921358158555492,0.1052146097081059,-0.03401176233141753,0.22510181117868525,-0.011907136292160767,0.343048347828409,-0.006704876520465072,0.4629355301844382,0.01539931612733434,0.5808821480562066,0.02060201641532034,0.7007693112961191,-0.01651583494531681,0.35988114735576215
5.177000,-0.05900020074922566,0.0014662118969801616,-0.040734295716286534,0.10532088109695584,-0.033179584048449784,0.22508283803613605,-0.012544027634506655,0.3432952477507025,-0.004988868894939123,0.4630571764872852,0.01564624623092227,0.5812696632337379,0.023201852039850368,0.7010315637661972,-0.015175359299618565,0.3599840341092836
5.227000,-0.059481954303351,0.0012684466963394034,-0.042448406185030776,0.10541700818802141,-0.032659255370723644,0.22501706055504223,-0.01357811555054124,0.3434903069145442,-0.0037885130921516477,0.4630903223140671,0.015292179340435273,0.58156364072834,0.025082233439854988,0.7011636191588976,-0.016246045407262315,0.3601466217048402
5.277000,-0.05976574817811036,0.0011427870169429155,-0.044223162429609185,0.10546430943458088,-0.0321489593672779,0.22485532090698293,-0.014689131548756194,0.34357833642012353,-0.0026144742288398276,0.46296930195185987,0.014844901876811548,0.5816923838946197,0.026920013450740063,0.7010833034843055,-0.017253793104966192,0.36020422461156143
5.327000,-0.06015505878512559,0.0010568469064698252,-0.04598192111377774,0.1055110009763825,-0.03166761461565022,0.22465419477895562,-0.015811136596051746,0.3436019652700986,-0.001496375160821184,0.46274510441395467,0.01435964867137271,0.5816929354502226,0.02867486503887305,0.7008360199341803,-0.016278913121931755,0.36006328462966225
5.377000,-0.06040745412863946,0.00110022823535056,-0.047730441214952485,0.10566326217144231,-0.031119728109310966,0.22450805259206502,-0.016895630749008593,0.3436620498153411,-0.00028446407934273193,0.4625067768412898,0.013939178535349865,0.5816608283492825,0.03055079876465184,0.7005054919794056,-0.01727543292592701,0.36016161120454926
5.427000,-0.06078116830534106,0.0012838573509417262,-0.04947165967060942,0.10591532899962308,-0.030650238075323973,0.22443011326357826,-0.01805007885556472,0.34376676307257975,0.0007717931204608772,0.46228147581035506,0.01337149883207231,0.5816181735021396,0.03219382118441755,0.7001328147126826,-0.01835959475484497,0.36032495142863824
5.477000,-0.06093605267905336,0.0014422660752139247,-0.05119499951970139,0.1062457009392782,-0.03011133711418292,0.22437901198823734,-0.019134522818047645,0.3438759138221113,0.0019495846994861607,0.4620091454295175,0.012925948742501019,0.5815060886221431,0.034010501367546776,0.6996392407870694,-0.017349881340445267,0.36014222884978325
5.527000,-0.06104962422480051,0.0018875637011813336,-0.05280240827890193,0.10660769007990648,-0.029686209121326076,0.2243601479420464,-0.02044071051223699,0.3440034542966825,0.0026759269334582433,0.46175582611683635,0.011920980221143455,0.5813991668830815,0.03503805595138657,0.6991514526602564,-0.016464611735823545,0.36003507345665003
5.577000,-0.06106314844343879,0.002196310433581009,-0.05439268765289838,0.10708187495350904,-0.029147727113815476,0.22439637519697836,-0.021552929676949696,0.344155796749294,0.0036924602297731257,0.46147020459612387,0.011286819367793327,0.5812296539432836,0.036532638635348905,0.698543969393295,-0.017693512669506938,0.36025360829639236
5.627000,-0.06107156772771282,0.0028779810842460853,-0.05584808784548622,0.10762911136703947,-0.02874755308472471,0.22452890181054116,-0.022802139740152327,0.3443815281287225,0.004298814584019296,0.4612812213052745,0.010243797781981222,0.5811338689605421,0.037345171662834166,0.6980334648701176,-0.016889020418704326,0.3601566916330456
5.677000,-0.06085781580232874,0.0032841222062188332,-0.057302320361139206,0.10827853492137304,-0.02827611558085564,0.2247151246846668,-0.02407161146508783,0.3446414443343087,0.004955000433192275,0.46107793260735463,0.009159085248001186,0.5810042669565602,0.03818610425827329,0.6974406537393432,-0.017793626783575593,0.3604040234467101
5.727000,-0.060655460229150075,0.004208455521666179,-0.05854819369517658,0.10892166468524334,-0.02774611465515965,0.22490111064767518,-0.025139598552250307,0.3448727991639167,0.005662874462569294,0.46085214049291917,0.00826898304604582,0.580823837862266,0.03907185003019364,0.6968030745578602,-0.019210283381807677,0.3609460104572965
5.777000,-0.06089333413780345,0.004734212247978934,-0.05987434988708713,0.10967690745536421,-0.027350532832761495,0.2251853543707445,-0.026472555207042996,0.34518214245846296,0.0060516402958919885,0.460690482813057,0.006929224783532029,0.5806872737765942,0.039453798728591644,0.6961955075708899,-0.018304021724041206,0.3606735303096087
5.827000,-0.061150410944634886,0.005610099938458598,-0.06147781043656842,0.11042416491844431,-0.02714233770028312,0.22540709979114967,-0.02767534359250922,0.3454059160548385,0.006660490973837967,0.4603887428795319,0.0061271074794935695,0.5803875574654089,0.04046330387082136,0.6953702762423674,-0.01950275443323564,0.36096938223981767
5.877000,-0.061091694790823686,0.0061634496458536185,-0.06289704605399699,0.11106402894270948,-0.027020857752515302,0.22557559653686118,-0.029054451553974077,0.34555836403283163,0.006822081120046529,0.46006982373535793,0.004788126501251759,0.580052585115275,0.040665003542330734,0.6945639369267553,-0.019096525099398097,0.36076712931578603
5.927000,-0.06097129693560122,0.006681618943807115,-0.06419253323460761,0.11174955175556454,-0.026887566086481393,0.22580365920490067,-0.030445261258401347,0.34575090928936986,0.006860031211830868,0.45980491033141097,0.0033019939154177516,0.5797521502678089,0.040607611703301634,0.6938060449029845,-0.018764800765263517,0.3604025792963305
5.977000,-0.06096825898498914,0.007179188874347216,-0.06539613497619523,0.11203062738131606,-0.0267603386182727,0.2256408172390476,-0.03180907488956407,0.34553456295555374,0.006827026330446143,0.45914464913736147,0.0017779683413387398,0.5790383813058695,0.04041437441783552,0.6926483638127454,-0.019924229783330902,0.360370740694465
6.027000,-0.06069557231617477,0.007899339758139966,-0.06645593140932644,0.1126362569008468,-0.026574062321611372,0.22581503809941628,-0.03295914943672848,0.34564504544363545,0.006923003561799118,0.45882372659748716,0.000537615856286304,0.5786537179245063,0.040420052760573616,0.6918322990346203,-0.019568697333453983,0.36007684185182215
6.077000,-0.06047919819635215,0.00822658002810638,-0.06738158687460737,0.11309116149847212,-0.02635379619399983,0.2258595985297285,-0.034029679617746264,0.3456138502742425,0.0069983726744789546,0.45838219212473974,-0.0006777885641807493,0.5781364260618387,0.040350525334651645,0.6909046727327123,-0.019114064623002427,0.3596617364600554
6.127000,-0.060350959753705455,0.008663923737409537,-0.06823003738771019,0.11345544930514255,-0.02620101547946664,0.22585456548243432,-0.03507493523513444,0.3455260054677466,0.006954325715667564,0.4579250322603719,-0.0019198485461197484,0.5775964533731827,0.04010965144207784,0.689995390782493,-0.02001355018048219,0.35957900512118396
6.177000,-0.060175016570372705,0.008921966699624438,-0.06895117271111523,0.11366952640742745,-0.025972063650349937,0.2257087882058705,-0.03582351230542012,0.3453037252199239,0.007155813382387882,0.4573429039183531,-0.002695866505394856,0.5769378218847432,0.04028367580379326,0.6889769174848501,-0.019703203287683102,0.359076454946377
6.227000,-0.06031030329423352,0.009606453540350378,-0.06968236820412974,0.11413564614997071,-0.025853383235885388,0.2258451805511739,-0.03663158853244368,0.3453601598948551,0.0071975894242980246,0.4570696185772621,-0.0035808223429760477,0.5765845793006394,0.040248548596512355,0.6882939622661222,-0.021438469067275867,0.359551503271673
6.277000,-0.060218965167717305,0.009998919913195198,-0.07045880281449904,0.11457316154671453,-0.025819358648768775,0.22596131179672738,-0.03738633319252485,0.3454025320298462,0.007253278984601125,0.4567906149481749,-0.004313875714938825,0.5762318177344375,0.04032590446755653,0.6876198333232032,-0.02098756695764885,0.3593226256807511
6.327000,-0.0600943487032683,0.010474780297480347,-0.07093704962416272,0.1149520527760955,-0.025605687914840615,0.2260604126902548,-0.03787458290857115,0.34543157425792775,0.0074569210466753355,0.4565398761367306,-0.004812126770323832,0.5759110219972224,0.040519519424956144,0.6870192658428601,-0.020596779564161026,0.359096610812183
6.377000,-0.060121903036168815,0.010816694854671486,-0.07137452796182464,0.11528701456782131,-0.02545484924956281,0.22615352457569307,-0.038303975841598725,0.3454636242295729,0.007615818725290643,0.4563300862516696,-0.005233432544030955,0.5756401724783343,0.04068647787169967,0.6865065865169109,-0.020902741699976246,0.35917376998973527
6.427000,-0.06010489387152446,0.011139833500765695,-0.0717795221636286,0.1156290492772801,-0.025412811802888943,0.22630934621444057,-0.03871691603489072,0.3455695691317504,0.007649885188874189,0.4562498280041003,-0.005654316949380497,0.5755100399994117,0.040712575131698445,0.6861902608092557,-0.020640742020212245,0.3590314698565781
6.477000,-0.06010006008476554,0.01131811153252853,-0.07208120897298771,0.11585205477615172,-0.025357338834166195,0.2263820505119885,-0.03899848962681261,0.345604191925314,0.007725444339569884,0.45613416067957835,-0.005915775299543936,0.5753562942156132,0.04080822248805298,0.6858862359909448,-0.02071298988065684,0.3590293937838822
6.527000,-0.06002223435172544,0.011440746559973338,-0.07227677989472202,0.11602814388724508,-0.025328680770745092,0.22646308395839504,-0.03919664461701107,0.34565905526905855,0.007751492704722945,0.456093979101571,-0.006116512368237452,0.5752899456156702,0.040831663144816344,0.6857248532122664,-0.020624884163553292,0.3589711342939434
6.577000,-0.05998494234152947,0.011465824106084824,-0.07228920616088999,0.11607588808037435,-0.02526150890086061,0.22647695548732139,-0.03926521855576155,0.345657054973737,0.007762489652403573,0.4560581177170908,-0.0062412318198924385,0.5752382158149569,0.04078648732992669,0.6856392738974771,-0.020378314378842383,0.35888648313295474
6.627000,-0.06010021677324135,0.011329198792924057,-0.07229215754668067,0.11607033823231384,-0.025270674155876083,0.22647405238458046,-0.03926337537482269,0.3456554448565648,0.00775809245277994,0.45605916563727406,-0.006234591962996805,0.575240560082063,0.040786860295056106,0.6856442874939159,-0.020121079549758294,0.3587140883828273
6.677000,-0.06012640040311965,0.011100597881253687,-0.07225161671437116,0.11591701572360788,-0.02534418695103218,0.22636923629005978,-0.03918346074576054,0.345568542065738,0.007723926556174002,0.4560207806649128,-0.006115301411650037,0.5752200917611757,0.040792043422810495,0.6856723483956318,-0.019982098463788567,0.358573210509331
6.727000,-0.06004965752874756,0.010636508266813909,-0.07205506834732635,0.11563798815644265,-0.0253846273784549,0.22619055456459314,-0.03897667782598191,0.345418303703014,0.0076936945165534815,0.45597089908216604,-0.005898281916444564,0.5751986566582743,0.04077202179384333,0.6857512810108735,-0.01988168531636255,0.3584676550234126
6.777000,-0.06007956521442648,0.010168125863116849,-0.0716518047807438,0.11521213925284951,-0.025365504006254896,0.22592608760885538,-0.03860363198837127,0.34519365221676795,0.007682573669872322,0.455907640338078,-0.005555451844628141,0.5751752163193602,0.040730658691494254,0.6858892442083349,-0.019854247831146428,0.3583419734781896
6.827000,-0.060099599974689506,0.009375933770214138,-0.07134978746017027,0.11465651604972037,-0.0254955093118744,0.22555009194439954,-0.038219592768384325,0.34487359214229096,0.007634564608463117,0.4557672179756524,-0.005089388893238539,0.5750907320312272,0.04076464770643013,0.6859844078054866,-0.019288856834963716,0.35787323146384464
6.877000,-0.06010015359531716,0.008848613762683005,-0.07076380082165037,0.11406349847611143,-0.025516343976326628,0.2252060540028004,-0.037645491267734865,0.34459149610515016,0.007601818952184612,0.45573411132467323,-0.004527170836159264,0.5751195694286837,0.040719992752506116,0.6862622443431968,-0.018534588721251515,0.35746497300595315
6.927000,-0.060496959101344706,0.008200175089405608,-0.07022549129742821,0.11345151448963986,-0.02560720838401006,0.22484814290147634,-0.037039928651457346,0.34430228850406114,0.007578183598981006,0.4556989852722953,-0.0038543536583962104,0.5751531483902705,0.04076358792352883,0.6865499135168154,-0.01785563065755242,0.3571799088934665
6.977000,-0.06097758232031324,0.007572408149240605,-0.0698886630044498,0.11298402577011604,-0.025967999272477886,0.22465754679163222,-0.03653199437488775,0.344191650743083,0.00738847485691687,0.45586524826039276,-0.003175312057628381,0.5753993706105573,0.040744962668819044,0.6870730446253103,-0.017880349351991863,0.3570623065987243
7.027000,-0.06178866244394477,0.006762632311581257,-0.06952653478614546,0.11232828263942286,-0.02637522025233926,0.22430133320965437,-0.03589940471651855,0.343922777400447,0.007251691589807582,0.455895912069265,-0.0022722597462087116,0.5755173748213472,0.04087861832734482,0.6874905935903028,-0.017009091891017777,0.3566735248670982
7.077000,-0.0624705153442121,0.006223005648533692,-0.06925372255015724,0.1117353511216148,-0.027021974016567626,0.22405845389123943,-0.03531080432261714,0.34377184199865823,0.006920701648233794,0.4560950359678202,-0.001367870143990417,0.5758084419741867,0.04086339325945954,0.6881317271440407,-0.017405727820222802,0.3568218782832996
7.127000,-0.06349024044505001,0.005472469641845066,-0.06890978308664147,0.11113701167462957,-0.02762281806850734,0.22381081750185472,-0.03458171103929222,0.3436088717791302,0.006704988644516671,0.4562827748322279,-0.00025362222579547455,0.576080845495972,0.041032812119824916,0.6887548457756489,-0.01777748270530479,0.35701331386099217
7.177000,-0.06422080337848196,0.004968163867305928,-0.06852200756086241,0.11057889813111739,-0.028307269752524206,0.22363983242323496,-0.03383324923234471,0.34351252969324936,0.006381201076485918,0.45657356624589424,0.000855526405367929,0.5764462775668153,0.04106968921162708,0.6895074163802539,-0.016884185866646237,0.3567638971615743
7.227000,-0.06539097650244122,0.004208558432081186,-0.06810972178014249,0.11000039936007075,-0.02898463591747319,0.22344301770185038,-0.032980750145664345,0.3433764620410972,0.006144027554737849,0.45681918666411575,0.0021482391072777662,0.5767526418577483,0.041272708642953,0.6901954727619176,-0.01580487965580761,0.3564499018288183
7.277000,-0.06615624175097286,0.0037019035889145737,-0.06760756602069493,0.10934268952107216,-0.029702293432324417,0.22319869642429047,-0.03206900441006845,0.3431753552862836,0.00583594006317073,0.4570314714260199,0.0034695748255686443,0.5770081371077336,0.04137419118128076,0.6908643624837354,-0.01639276933781577,0.35668911912342405
7.327000,-0.06791679626647436,0.0025588965571311188,-0.06733976346247532,0.10869230171555364,-0.030556737100273255,0.22291580617772058,-0.031193313687781873,0.34291411770841557,0.005589366720085129,0.45713773357656184,0.004953153565930485,0.5771360470346768,0.04173548801622946,0.6913597743086869,-0.016909620559833756,0.3565597081292613
7.377000,-0.06914205835062744,0.001819749374148393,-0.06713180840616771,0.1077070212082352,-0.03168995067132437,0.22235376002056542,-0.030467544271910424,0.3423475337031791,0.004973949853015719,0.4569943849211361,0.006196736805985828,0.5769881547263526,0.04163786731633669,0.6916351183501128,-0.016155750464463416,0.35579711380375584
7.427000,-0.07081062101185623,0.0010585487011915066,-0.0669639530703189,0.10678912529620807,-0.032840929400875116,0.22183528670828898,-0.029685835512501924,0.34179380196483733,0.004436808644601151,0.45684007594069337,0.007592298231767436,0.5767985807891002,0.041714562871227726,0.6918449673289415,-0.016955558803508207,0.35587597925813147
7.477000,-0.07199114600845344,0.0007060662489139647,-0.06661162485136468,0.106213206579496,-0.033978903078399736,0.22169093373797558,-0.02887568566644791,0.3415823728487243,0.0037566418057791706,0.45706021143148146,0.008860268573714344,0.5769516331171619,0.04149220174117424,0.6924295831238814,-0.016108742142863015,0.35557477395853876
7.527000,-0.0743378873176376,0.0003901723597991948,-0.06644841452051996,0.10573516904387202,-0.03522096123732899,0.2216008074421742,-0.028051367196852875,0.3413864364687597,0.0031756788437938,0.45725218462400746,0.01034569389198911,0.5770377884510478,0.041572332687386,0.6929036463624348,-0.015249425256686322,0.3553185836002066
7.577000,-0.07597056809674697,0.00027180651609111985,-0.06651377300190447,0.10537796544330164,-0.03672542761582335,0.22162190928193579,-0.027349808131949038,0.3412550892918879,0.0024381184926351024,0.4574991404403592,0.011814168936330041,0.5771322866753275,0.041601676797616186,0.6933764451324896,-0.01633148276739673,0.3556323829072049
7.627000,-0.0784464962030824,0.00020248153197590749,-0.06658555976405021,0.10508382368170432,-0.03818675123796827,0.22167502263899674,-0.02655413789661254,0.3411098680855854,0.0018442421948818427,0.4577011713983926,0.013477294409583424,0.5771359740991551,0.04187524606533251,0.6937273817660914,-0.01743458315740743,0.35592118361687103
7.677000,-0.07994117149428974,0.0001946980757533308,-0.06661488124540113,0.10483333368891157,-0.039744879573070775,0.2217863285445038,-0.02585041678067653,0.3409792138276025,0.0010191482922134593,0.45793230899124954,0.014914056041498355,0.577125142404328,0.041783184511268084,0.6940783378751593,-0.018557264264832618,0.35619257284001304
7.727000,-0.08257560903528705,0.00024999114715219096,-0.06672421449551183,0.10460905845934347,-0.041278199799287055,0.22188011342784583,-0.025046990817404483,0.3407773289248361,0.0003985810243011395,0.45804847998508225,0.01663023900064231,0.5769456341868999,0.042075367983175294,0.6942168813381482,-0.017772350357735098,0.35593380478239733
7.777000,-0.08377310000715155,0.0003939491438592813,-0.06666598132505974,0.10439547887731065,-0.04283923872151203,0.22200621961299064,-0.024352667729405322,0.34057369699590845,-0.000526372613108117,0.4581845283870785,0.017960649500201875,0.5767519354320878,0.04178649712315653,0.6943628574782098,-0.017061136229012397,0.35575538942129675
7.827000,-0.0856834754418351,0.0007689039851274989,-0.06620649913893847,0.10426988697498986,-0.04403187535370893,0.22220328368632986,-0.02338582688511607,0.3404138613965387,-0.0012116534186887712,0.4583473427789333,0.019434846421359037,0.5765578416540489,0.04160856956454323,0.6944914077065522,-0.01795534288057643,0.35600048338849216
7.877000,-0.08722826019642849,0.0011098370320632908,-0.0659493407893606,0.10425376450793084,-0.045420548605216944,0.22248476167644088,-0.022524337769910793,0.34028019252749375,-0.0019959968086512153,0.45851126804225967,0.020900663583554677,0.5763066115108532,0.04142855331640061,0.6945377653710609,-0.017231978634175055,0.3559139685544511
7.927000,-0.08951511515038725,0.001753985676708235,-0.06594459500343756,0.10432025430152506,-0.046910821293616296,0.22280111966958063,-0.021708978233039036,0.3401248900929268,-0.002675654776707906,0.45860582779265413,0.022526634136266113,0.5759295024433698,0.04155950733218314,0.6944105124741258,-0.01842529832428498,0.3561602128065177
7.977000,-0.09091436543718914,0.0022544663287850167,-0.06580494865966435,0.10441584252528026,-0.04844046087071663,0.2231528399757314,-0.021056516209511378,0.33998656614812417,-0.003692475808001111,0.45872362902512037,0.02369190906620998,0.5755572520177952,0.04105550207358828,0.6942943803205939,-0.019810543851461013,0.3563703025893387
8.027000,-0.09351452268796298,0.0032323406551479235,-0.0656877125161613,0.10462812651446199,-0.04990274867192373,0.22358540841155147,-0.020371358559338762,0.33989489640787474,-0.004586837482836795,0.45885223705691985,0.02494498554618016,0.575161615133373,0.04072906385058825,0.6941190145332752,-0.01923171431763196,0.3564133579524361
8.077000,-0.09500442920392738,0.0038864864581054427,-0.06598707436266582,0.10497681898200281,-0.05168818180258504,0.2241218636609791,-0.019903942666852664,0.33983600343033743,-0.005605486161040382,0.4589811004404595,0.026179176480365593,0.5746951238808877,0.04047719692890486,0.6938402732208973,-0.018805860094985277,0.35642013508564363
8.127000,-0.09715502538712736,0.005028969786435977,-0.06601373362030664,0.10529873733136036,-0.05320116093273536,0.22461276827963444,-0.019314695746705954,0.33972882917991026,-0.006502550825915096,0.4590429060632716,0.027384327088680424,0.5741588454687306,0.040196044240938575,0.693472968285816,-0.020048089649041506,0.35666463032496265
8.177000,-0.09846745679382571,0.005793847014696149,-0.06595127924101818,0.10573674888797546,-0.054684392831128116,0.22520664999543705,-0.018772425445408206,0.3397070019533545,-0.007505956479774548,0.4591769424281303,0.02840641099833177,0.5736771689000346,0.039672462519231316,0.6931471487406977,-0.01969558596145267,0.3567575695917116
8.227000,-0.10040974444133381,0.006943517900703472,-0.06589850850818466,0.10614285757373444,-0.05609415872858421,0.2257416649482198,-0.018248991192342523,0.33961766458885434,-0.008445047076317713,0.4592165052177244,0.029400506719906197,0.5730923764892855,0.039204045172898924,0.6926912503711106,-0.019320770086184935,0.35678022266306925
8.277000,-0.10165947728127203,0.007723439100314855,-0.06586241298191636,0.10654548481490304,-0.05753403386014211,0.22625612803932144,-0.017819910610819167,0.33949387975904416,-0.00949192334463951,0.4592045502445709,0.030222570576121544,0.5724421719637584,0.038550165988045726,0.6921528697090114,-0.020688318466949226,0.35692021193143564
8.327000,-0.10309517779230414,0.009012855365052957,-0.06582840608562565,0.1069606606015097,-0.05884955061775061,0.22675755361780833,-0.01733772613193167,0.33934870969970743,-0.010359247429107113,0.45914562466413456,0.031152931160858405,0.5717366501888842,0.03813103310067184,0.6915335871001321,-0.021986481836628047,0.3570946558270925
8.377000,-0.103974110447686,0.009966787789628983,-0.06551123057628207,0.10760290759849755,-0.06009333963808273,0.22748053877649124,-0.017063307778917097,0.33950025292190106,-0.01164577658438401,0.45937790035803305,0.031384591439743814,0.5713974853721197,0.0368017628941226,0.6912751490651491,-0.023282252361146394,0.3574460647984829
8.427000,-0.10509966296255374,0.011251398679886539,-0.06538619268469337,0.10819370912864024,-0.061335887673854464,0.22812533560495812,-0.016810897235807518,0.3395592856430637,-0.012760933858038018,0.45949092365645267,0.03176437400980939,0.5709247468605252,0.035813995759766404,0.6908563964098337,-0.023273524759108655,0.35765656140405405
8.477000,-0.10568231660364785,0.012155744829118523,-0.06502315117282276,0.10880500395711556,-0.06233091766007973,0.22877479964679942,-0.016473803877088924,0.33966720296705116,-0.013781892594595613,0.45963700588744777,0.03207551903733141,0.5705292860383558,0.03476710809609154,0.6904990961884533,-0.022868506737910008,0.35795319268077525
8.527000,-0.10667065352607831,0.01372831682842915,-0.06450980888205284,0.10952356052577265,-0.06308833859668539,0.2295151411552951,-0.01594428339801711,0.3398665709565516,-0.014523114291734432,0.4598581551535889,0.03262121788913215,0.5702094666228089,0.0340420858232169,0.6902010543865237,-0.023889627572040273,0.3582965538559664
8.577000,-0.10737445881557302,0.014765090094514065,-0.06437804358512261,0.1104181105155935,-0.06408118822414785,0.2304177433159973,-0.015660500608113984,0.3402149974105966,-0.015363923739300608,0.4602146308996114,0.03305701869256614,0.5700117726198458,0.03335331707706049,0.6900114067968061,-0.023767207754503597,0.3588285034107594
8.627000,-0.10842692554611623,0.015997018100393973,-0.06419609619900563,0.11107713329423044,-0.0648671409910586,0.2310752570249247,-0.01531800239498489,0.3403679048306533,-0.015989303369524366,0.460366027128469,0.033560068556331174,0.5696585691510296,0.032888511406959614,0.6896566900154629,-0.02371805915626679,0.35908324100856204
8.677000,-0.10902647600326895,0.01675417215552397,-0.06412247291860927,0.11173144733091628,-0.06576021387092215,0.23172027099050185,-0.015155258232766936,0.34052807615343494,-0.016793230233090692,0.4605168966591977,0.03381193492632531,0.5693246043765402,0.03217373188569689,0.6893134217281403,-0.0246971461855114,0.35922191659871733
8.727000,-0.10971991389717178,0.017634906557526055,-0.06402785820669654,0.11222306478975547,-0.0664812343204256,0.232197982771098,-0.014923172094267578,0.3405574134604251,-0.017376753942338022,0.46053232723451415,0.03418149410067807,0.5688916695108786,0.03172770652508304,0.6888665790775005,-0.02551008726175763,0.35927548841853524
8.777000,-0.11004402098661067,0.018123464313246,-0.06384215978110122,0.11254053668083072,-0.06711819109146727,0.23249581009040177,-0.014797411049722292,0.3404890319866721,-0.018073621497084455,0.4604443005037991,0.03424731981723328,0.5684374442662504,0.03097093023975281,0.6883927078908534,-0.02560265364420644,0.3593173612562018
8.827000,-0.11044239818859954,0.018901623551405507,-0.06368239973257198,0.11290647975838383,-0.06762864062278914,0.23284157545538878,-0.014639448681373568,0.3405084019828388,-0.01858584205825159,0.46044349266245704,0.03440348677015062,0.5681102518196437,0.030456940914029146,0.6880453374819252,-0.02625108240778115,0.35942712775057056
8.877000,-0.11078780639723233,0.01929530797015067,-0.06354994643617415,0.1132816596592731,-0.06807872352177198,0.23319617158324268,-0.014538843459279333,0.3405902181336528,-0.0190677452299451,0.4605047253486118,0.03447224649647729,0.5678987162303752,0.029943220048295666,0.6878132187364794,-0.026375989967588373,0.3595265909686808
8.927000,-0.11104191673863872,0.019778475240749424,-0.06348015879263555,0.1135595405265039,-0.06845058603574941,0.23345655812847455,-0.01446025206794739,0.3406248548362045,-0.019430776337161157,0.46052186841584036,0.034559644352760197,0.567690121433775,0.02958902306510182,0.6875871309913146,-0.02684793980318441,0.3595843460819075
8.977000,-0.11119091202699476,0.020005140493736317,-0.0633927308170176,0.11377160727607502,-0.06870244023931607,0.2336540788208488,-0.014379731249168623,0.3406542810903837,-0.019689509071839154,0.46053674960561997,0.03463326096503502,0.5675369208824478,0.02932341474991515,0.6874193863684585,-0.02696288729503224,0.35964436930109606
9.027000,-0.11127612460008217,0.020170238636694857,-0.06335175325988637,0.11391442336010726,-0.06887747820815829,0.23378713236333393,-0.01433272111826793,0.3406743134187969,-0.019858486195703476,0.4605470205721987,0.03468630667249219,0.5674341833699081,0.029160501474040465,0.6873068886738471,-0.027162236028360473,0.35965543752147683
9.077000,-0.11129393540381613,0.020189576165138796,-0.06331647767908732,0.11396900761975698,-0.06895186333996925,0.2338366113593589,-0.014311457364105454,0.34067492861834947,-0.019946854125351715,0.4605425318360847,0.03469356174067331,0.5673808440369417,0.02905815388687999,0.6872484467331769,-0.027409898952560047,0.3596464348657879
9.127000,-0.1112123941482813,0.020079986733871145,-0.06332167011087966,0.11396475368285831,-0.06894515079231445,0.23383291653258387,-0.0143131644925545,0.34067553945477225,-0.019936627812661423,0.46054370311898374,0.034695343007918114,0.5673863339561618,0.02907189705701628,0.6872544984352262,-0.02751805480391488,0.35963627520602925
9.177000,-0.11115865453278961,0.019920328165425175,-0.06335080305851122,0.11389676018075001,-0.06884053915246216,0.23377112273426956,-0.014339128165401838,0.3406804123231866,-0.01982881790394672,0.46055477699957764,0.03467255173426939,0.5674640876677598,0.02918290836040699,0.6873384544674292,-0.02770632042760965,0.35960223499412713
9.227000,-0.11109748798647906,0.019639647687560283,-0.06347374797849129,0.11378277948925776,-0.06869104297993478,0.2336693084775774,-0.014398861881152497,0.34068500392236806,-0.019616082303593865,0.46057153615623886,0.03467603221456045,0.5675872653792964,0.029458886380624882,0.6874738008590856,-0.027630878746168555,0.35961621658306814
9.277000,-0.11105138438042036,0.01939338403649093,-0.06369020909693003,0.11366048747106147,-0.0684722730595274,0.2335651657128109,-0.014481677923293731,0.34073333093380065,-0.019263638782666348,0.46063801328749054,0.03472686419206644,0.56780622493877,0.029945006445682487,0.6877109114047009,-0.0278502370928901,0.35963370177869003
9.327000,-0.11096451325612561,0.01893796866438413,-0.06397291962501855,0.11350487661895484,-0.06820901304701285,0.23343008461343828,-0.014610862411548464,0.3407950614376209,-0.01884682517481423,0.4607202740472644,0.03475120847513531,0.56808530927223,0.03051537638049144,0.6880105264972405,-0.027593501791750977,0.35966711155188325
9.377000,-0.11089484605431679,0.018581517899912053,-0.06432556879228886,0.11331688376815435,-0.06785424772527746,0.23326499098535008,-0.014745640745805144,0.34087296403892825,-0.018274161408649695,0.46082107591207055,0.03483430357146683,0.5684291190475881,0.03130594118866914,0.6883772355767594,-0.02784058148046281,0.359701775899821
9.427000,-0.11073269796911663,0.017768866647759174,-0.06470089659145645,0.11305350670720869,-0.067439565333047,0.2330222512080576,-0.014921323052708074,0.34091958306237935,-0.01765980707256061,0.4608883317799494,0.034858269061959365,0.5687857445043838,0.03211996977332733,0.6887544974386067,-0.02741156529710362,0.359644714103582
9.477000,-0.11061597281683493,0.01725398407729792,-0.0651753354812181,0.11263431160190196,-0.06697344291504005,0.23262083920234145,-0.015152728157856357,0.34085490737848306,-0.016950624618111074,0.46084143814036843,0.034869899821059425,0.5690755974374797,0.03307221434246432,0.689062131360561,-0.027758494953504784,0.3595608651128404
9.527000,-0.11050025428894483,0.0163647303043779,-0.06571865470367354,0.1123110947956876,-0.06648725430264452,0.2323086333210734,-0.015441447374292788,0.3409103165028761,-0.016209811092665297,0.4609078565388757,0.03483578234534154,0.5695096400668131,0.03406765451612259,0.6895071816130178,-0.02827569108220182,0.3594736377415979
9.577000,-0.11051097361790915,0.015698708934367676,-0.06643728865001462,0.11189206466250927,-0.06599969531927827,0.2318912667935012,-0.015808881421187665,0.34089072642631824,-0.015371027767615272,0.4608899276077253,0.03481954965808838,0.5698894961283083,0.035257663642805956,0.6898886963595356,-0.027646783709487754,0.3593666823867643
9.627000,-0.110491623823164,0.014719839633675343,-0.06723599809841396,0.1113967825213105,-0.06551362083546293,0.23138442112027338,-0.016243952632594344,0.3408033399376901,-0.014521292121043958,0.4607909744703919,0.034748117766833564,0.5702100096027376,0.03647106153614307,0.690197640068378,-0.028233474909237055,0.35926317996479984
9.677000,-0.11061764891029244,0.014083616029765243,-0.06813389642108479,0.11100812206085095,-0.06493916244996056,0.2309655881680248,-0.016653071540330133,0.34082210105946387,-0.013458032130475084,0.46077955903173623,0.034827779046272794,0.5706361948759283,0.03802312390319659,0.6905936447122988,-0.02742720761195648,0.35917480135386254
9.727000,-0.11082111114875355,0.012978275948295499,-0.06918142642138268,0.11054562236102118,-0.06441806963974361,0.23045104522492174,-0.017141946529712168,0.3407459598116113,-0.012378263797704708,0.4606513697263804,0.034897559476088025,0.5709464128325196,0.03966156816588001,0.6908518097969748,-0.02659933090321026,0.35897300420583395
9.777000,-0.11116432344124472,0.012381510135242517,-0.07033788537590549,0.1100382700491234,-0.06382860371526101,0.2298615951920944,-0.017621913029310765,0.340608792593282,-0.011112285924501045,0.46043209896984705,0.03509408547321513,0.5711794295860798,0.04160405802877634,0.6910027171948824,-0.027205728007081723,0.35883432415392424
9.827000,-0.1111659961803191,0.011532166031183934,-0.07162165566856926,0.10970445901166943,-0.06336252029948437,0.22941989946508407,-0.01831074762093013,0.3406419196702566,-0.010051249122609324,0.4603573350709317,0.035000186180785056,0.5715794919332403,0.043260047812991156,0.6912948822797484,-0.026313885162796827,0.35875940300868886
9.877000,-0.11140867169496463,0.01111411353952844,-0.07278487404964526,0.10950581807517468,-0.06266714920545416,0.2290785225021351,-0.018877699462006847,0.3408035603905426,-0.008759595068950049,0.4603762327011136,0.035029500028955024,0.5721014095884501,0.045147983973365835,0.691674049781208,-0.026870179948230863,0.3589218400818584
9.927000,-0.11178497689265021,0.010537445365560637,-0.07417671600310571,0.1094128592798462,-0.06210661140331668,0.2288042851652512,-0.019553597168999265,0.3410060720475196,-0.007483098537988925,0.4603974580969276,0.03506954539179204,0.5725993854180981,0.04714043805356967,0.6919907316302415,-0.027583417540305716,0.3591176802059686
9.977000,-0.1120426558929673,0.010192802162057146,-0.07562101836285612,0.10936767598986605,-0.06144877499070684,0.2285278518784597,-0.020180600596007292,0.34120854136041423,-0.006007950240314891,0.4603686688439619,0.03525983930245108,0.5730494992733387,0.04943289663930822,0.6922095783507132,-0.02644068013277992,0.35909053936934265
10.027000,-0.11243743715332835,0.009745883122153408,-0.07710807943720219,0.10937069132484405,-0.060842478387681635,0.22826320674317407,-0.020899026252844857,0.341420268527015,-0.004633007256921132,0.46031272676564444,0.035310047097194625,0.573469928961811,0.05157648403567894,0.6923623300197689,-0.02715002245329709,0.35930715518989065
10.077000,-0.11270493024967941,0.009523637711166563,-0.07863430307802102,0.10943628629065603,-0.06013915025924589,0.22800242531107848,-0.021557204810701086,0.34163091419219277,-0.0030616248259158485,0.46019698657812613,0.035519911250465136,0.573825614458546,0.05401591839633682,0.6923916202091819,-0.025911427685314792,0.3592457604949261
10.127000,-0.11309615876334536,0.009071233351120265,-0.08018981109276221,0.10958232195196015,-0.059496844122789404,0.22778469552364278,-0.02230705601370303,0.3418764115261697,-0.001613654666212952,0.46007870905321324,0.03557571417469485,0.5741705617212056,0.05626954989431773,0.6923727832029074,-0.026801446799998976,0.3593614579947195
10.177000,-0.11345600531188875,0.009004588805826224,-0.08185397731634454,0.10964073558361047,-0.05891674561953426,0.22742818568767922,-0.02321487512304593,0.3419942209819666,-0.0002772036958738483,0.4597815854546923,0.03542423909956796,0.5743477540313,0.058362350252032985,0.6921350328719658,-0.025661357303686863,0.35929271630729903
10.227000,-0.11361047506303189,0.00883829253650701,-0.08351751600862947,0.10985250423918398,-0.05835301293486269,0.22718428929783593,-0.024124304643099392,0.3421990515185032,0.0010406415280365816,0.4595307415438461,0.03526891547812598,0.5745456330248924,0.06043430473970714,0.691877228016661,-0.024545546270105273,0.35908601024317177
10.277000,-0.11373568481845264,0.008793878199867676,-0.08496111592144721,0.11018272878252074,-0.05755065753530597,0.2270102374055392,-0.024888661610382903,0.3424796880069859,0.0025222412914278486,0.45930709233536837,0.035183797874241154,0.5747766672093902,0.06259514528469463,0.6916039672430009,-0.02506997859118046,0.3593232507618955
10.327000,-0.11401745659904453,0.008854185011094803,-0.08650220207295288,0.11054739324160893,-0.05702250951477161,0.22686999520131026,-0.02592884738326802,0.3427716094059963,0.0035512893875800783,0.4590940987877668,0.03464450892390222,0.5749958317293673,0.06412508989803115,0.6913182085337802,-0.0263981156563593,0.3597317378875535
10.377000,-0.11424221162611747,0.00894317163601668,-0.08820487382264477,0.11099224630758799,-0.056474811566567286,0.22672125368787022,-0.027006966856859868,0.34304685761135983,0.004723537100305361,0.45877574388710474,0.03419093783655913,0.5751014602779744,0.06592188348633501,0.6908302254496936,-0.02531793804125443,0.3594836642796897
10.427000,-0.11452477798698668,0.009150867513253055,-0.08989827003450408,0.11146793129561162,-0.05602475542389738,0.22658780363711925,-0.028177124937749043,0.3433118777448496,0.005696827169376417,0.4584316213540332,0.03354401406299125,0.5751558012916625,0.06741840365922559,0.6902754161688961,-0.02640555338691905,0.35978773258676194
10.477000,-0.11436224975124486,0.009389162059300415,-0.09152352789875463,0.11201490821696226,-0.05550801206226931,0.22648273172100475,-0.029319232405829454,0.34359015171588947,0.006696714741393536,0.4580578395138407,0.032885053140817244,0.5751653581863372,0.06890143159320944,0.6896329102781632,-0.025613188396284986,0.3596598200948172
10.527000,-0.11456089458942507,0.009858204680803376,-0.0929932665924369,0.1126459844039,-0.05506105537226931,0.22649301928397586,-0.030632030512896466,0.34398013661729954,0.007300604462669766,0.4578270303072327,0.03172919201963713,0.5753142385677286,0.06966225074690928,0.689160991066996,-0.024692677249176676,0.3593691814659314
10.577000,-0.11469871927624528,0.010187756568488556,-0.094616533001831,0.11338840078823288,-0.05463419772683055,0.22653172965004767,-0.03183883606759208,0.3443467180292384,0.008143913304662742,0.4574899005574436,0.030938843773520575,0.5753049723644253,0.07092200724084458,0.6884480085580883,-0.02392150964571052,0.35913279950176985
10.627000,-0.11479239097945512,0.011002203074385307,-0.09618564956665476,0.11409484242500348,-0.05428788781359754,0.2265429529450835,-0.03311186090264703,0.344659742113123,0.008786304012611615,0.4571077024155928,0.02996190744606847,0.5752245675040695,0.07186047551871033,0.687672377589078,-0.024856078240034288,0.35959237258983456
10.677000,-0.11488017413771802,0.011675383128243252,-0.09758370838008072,0.11509701269061443,-0.05370601259579754,0.22678742325549062,-0.034059925229573754,0.345168296884348,0.009818160826733993,0.4568585541296597,0.029463834552233614,0.5752394964041813,0.07334231087601098,0.6869296003301434,-0.025877467105045918,0.36018547907813847
10.727000,-0.11460462978776875,0.012216384389107654,-0.09885346157831977,0.11594612880289115,-0.05320258434490191,0.22692359231548195,-0.03512649684743535,0.34555434322202117,0.010524756814544775,0.4565316518889669,0.02860044193320023,0.5751624641063524,0.07425207201932428,0.6861396179279781,-0.026889014633785346,0.3604510189053315
10.777000,-0.11453175357563578,0.013066095433517654,-0.10010009959728738,0.1167480809848888,-0.052721514848196385,0.2269990206755454,-0.03621049493534012,0.3458577023841618,0.0111684507110473,0.4561084869842546,0.027679081560915197,0.5749672227381407,0.07505838809928769,0.6852178522485527,-0.025760752815524104,0.3603621322961833
10.827000,-0.11400669557601976,0.01391434060459762,-0.10124274375685188,0.11795103270922074,-0.05213398338914095,0.22744226366013628,-0.0369844747158891,0.34648214095744817,0.012124630010896947,0.4559732174565564,0.02727376430481379,0.5750131423983375,0.07638321338373177,0.6845040644474513,-0.025045704845214067,0.3601767217651523
10.877000,-0.11415918676928961,0.014430957700282325,-0.1021628075057266,0.11867905986745446,-0.05176255807237804,0.22758183694340672,-0.03825442000432701,0.34681912223176786,0.012146156977795947,0.4557217477174159,0.0256539364225028,0.5749590736329051,0.07605484094754225,0.6838615475297637,-0.02647291238939943,0.3605765688496059
10.927000,-0.11403517143611164,0.014822556037779922,-0.10357787501026312,0.11946516509941868,-0.051763922913978445,0.22770247090286264,-0.03970569812319087,0.34709509719996395,0.012108562728888647,0.45533225519931725,0.024166446948027095,0.5747249158924365,0.07598101655085791,0.6829619260890308,-0.02604666615907396,0.36006221856162274
10.977000,-0.11377423623601668,0.014960169666657691,-0.10464514634454256,0.11978810775789234,-0.05157900760257955,0.22741703007424827,-0.04094623379804711,0.34694503566785856,0.012120194282740943,0.45457381532603364,0.02275264676522032,0.5741018495028424,0.07581936417921975,0.6817304865046373,-0.025806605430363505,0.3593896894828062
11.027000,-0.11383448047237088,0.01605107301909639,-0.10559927713345597,0.12034854652650896,-0.05137990575411633,0.22740114933079658,-0.04213628396954289,0.3470446007030223,0.012083356262583278,0.4540970673399108,0.02132667757821627,0.5737405419259088,0.07554658665762412,0.6807928723973377,-0.026908644793274802,0.35966831692998896
11.077000,-0.11374038269183472,0.016332831741956242,-0.10675728020782714,0.12123352691570642,-0.051402112426593344,0.2277032662579488,-0.04334646886437524,0.34743257178402126,0.012008946657063035,0.4539021823221573,0.020064311629740622,0.5736315065920033,0.07541997488577432,0.6801009883282173,-0.028060374041952177,0.3599087902591743
11.127000,-0.11362462189077228,0.016788813244336467,-0.10763117575704428,0.12172100545099206,-0.05126514015798886,0.22765905352722998,-0.04436628532707812,0.3474605802142407,0.011999976008823535,0.4533985081832647,0.018898575565001977,0.5732000495701767,0.07526506263243597,0.6791378574341969,-0.027810421170128302,0.3594589154101182
11.177000,-0.11355147244716754,0.01721490867840736,-0.10846653139316342,0.12212734292765692,-0.051154583539884814,0.22755665869783426,-0.04529847307672924,0.3474136816814242,0.012013677538941794,0.45284288722861205,0.017869557496427838,0.5726999214742867,0.0751819108686692,0.6781290168011449,-0.02853768311189399,0.3595080746476744
11.227000,-0.11350750212652831,0.017742171719366852,-0.10923492561781006,0.1226393310511324,-0.05108720084823629,0.22761000362919634,-0.046139795028490166,0.3475079734747013,0.012008109599603134,0.45247854642127205,0.016955309988958778,0.5723765247433706,0.07510339446981004,0.6773469980612369,-0.028948752717161658,0.3595013787628036
11.277000,-0.11340858502091385,0.018190271724965804,-0.10979385177575608,0.1231489106041864,-0.05090613335282654,0.22770624711823817,-0.046700575011692017,0.34763252980475845,0.012187300867269213,0.45218977763787127,0.016392678609771644,0.5721160666574632,0.07528071193948455,0.6766732258122986,-0.028631827630828943,0.35932632071615783
11.327000,-0.11329606565869292,0.01858854753359213,-0.11029468676568374,0.1236204187597815,-0.05076520059181666,0.22781370201566073,-0.04723009066500085,0.34776161986987564,0.012299529632588763,0.45195482649578433,0.015834485155568095,0.5719027489004961,0.0753642395716411,0.6760958788991986,-0.028316973996773506,0.35901142489533167
11.377000,-0.11328120408987864,0.018851092140478636,-0.11070217570379427,0.12396749712158842,-0.050633117707141254,0.22785064431781346,-0.04767732458761559,0.34781423582387966,0.01239184338681562,0.45169731942682906,0.015347509506373758,0.571660914061991,0.07541678745320984,0.6755439340746162,-0.02858108308611851,0.35903774117764703
11.427000,-0.11323150636351723,0.019173719114941413,-0.11108235256761823,0.12430362539832251,-0.05055625231103168,0.22792114894668378,-0.04804685091490972,0.34789490817399144,0.01247933434782382,0.45151238206766836,0.014988637319915302,0.5714861433535974,0.07551490758409089,0.6751035675952447,-0.028325954109121504,0.3588411910652776
11.477000,-0.11318942358701813,0.019313433771828807,-0.11131343673012849,0.1245388470296242,-0.050448007946447396,0.2279574119904815,-0.04827453226958768,0.34793772705527476,0.012590956198982095,0.45135625688947245,0.01476436263083783,0.5713365732086376,0.07562991077998263,0.6747550679186676,-0.028359281713863704,0.35881238145312216
11.527000,-0.11313670771977992,0.019442117221666413,-0.11146281259530694,0.12469475619778037,-0.05037983135842876,0.22798497549802263,-0.048429334285295306,0.34796912262187746,0.01265368192738145,0.4512593212383911,0.014604138368236486,0.5712434690227691,0.07568718955250439,0.6745336469580262,-0.0281592966482921,0.3586803059851565
11.577000,-0.11319115075223862,0.019477336601080364,-0.11152926864711976,0.12478560871048208,-0.050350916471555734,0.2280193688098073,-0.04851279062691269,0.3480052900299026,0.012665571342924745,0.4512390443249484,0.01450368580235041,0.5712249657194594,0.07568205756170522,0.6744587142130433,-0.028084469479310287,0.3586331716826167
11.627000,-0.11329768703927201,0.019356961173568117,-0.1115994767473442,0.12479798133226291,-0.050411783903559076,0.22802620538522542,-0.04854498811686189,0.3480116839643653,0.01264268991338123,0.4512399167979332,0.014509502918369735,0.5712253951091809,0.07569716612949424,0.6744536367266568,-0.02799080680996073,0.358549594734507
11.677000,-0.11333741539042279,0.019174837444373538,-0.11154806764586901,0.12464811249187491,-0.05047800442800858,0.22794597004584788,-0.048469526387428255,0.34792916059545137,0.012600496965014335,0.4512270417179916,0.014609021312555592,0.5712102314924236,0.07567900479415571,0.6745081361867176,-0.02771171331727411,0.35831647511555276
11.727000,-0.1134256612958534,0.01873220526204562,-0.11137157752699815,0.12436735821299964,-0.05052645687080132,0.2277978724803705,-0.048272958669691765,0.34777671117369513,0.01257209768994974,0.4512072632648062,0.014825670477307262,0.5711861005571942,0.0756706625349299,0.6746166904752058,-0.027278358840229652,0.3579397186477336
11.777000,-0.11360134727943028,0.018246659468695157,-0.11115557269818412,0.12393028659575943,-0.05066312087408566,0.2275674578143419,-0.04804564178101768,0.3475389077241262,0.012446720952740548,0.4511761309442036,0.015064303180728211,0.5711475786037961,0.07555657681876132,0.6747848538284089,-0.027299162317903775,0.3577139373681071
11.827000,-0.11373310146297708,0.01729555285725178,-0.11089664128082594,0.12326384128117496,-0.05083382584993376,0.22715059789957154,-0.04772840255957757,0.34711040927612485,0.012334299698975343,0.45099723132577574,0.015439853674259763,0.5709570393191914,0.07550244275514637,0.674843926803012,-0.02667396893684716,0.35694569536887427
11.877000,-0.11367914425602949,0.016751134863391602,-0.11049062829567088,0.12247587903202159,-0.05100776281939233,0.22669578458413647,-0.04731733742473122,0.34663902432228544,0.012165390539862903,0.4508590083582221,0.01585597419554996,0.5708022432268759,0.0753385646433565,0.6750223057493067,-0.026667857215424626,0.3568836039486337
11.927000,-0.1142720205958589,0.016281161514436603,-0.11001729723277931,0.121838867399448,-0.05115806420204526,0.22641224205384775,-0.0467373023948197,0.34633078450678323,0.012121769620008632,0.45090424978899035,0.016542716072324937,0.5708227854348977,0.07540162706630449,0.6753963413473681,-0.02594144914855169,0.3566044996281003
11.977000,-0.11481318817681782,0.01597494588888703,-0.10971669501262611,0.12145610185959932,-0.0515645638643939,0.22642433344732016,-0.04623923275500878,0.3463061120811375,0.011912713824876187,0.45127444591903754,0.017238255724917162,0.5711562151890274,0.0753900177322539,0.6761246512790098,-0.026172510337867563,0.3568300134994486
12.027000,-0.11570474468146849,0.015237736182118048,-0.10945665750618692,0.12086659024362507,-0.05204544382703165,0.22624188404574874,-0.04567952551229494,0.3460729112632784,0.01173148102414523,0.4514483179219022,0.018097634894114145,0.5712793326255345,0.07550843428352677,0.67665485214248,-0.025394214053657882,0.35630753993609227
12.077000,-0.11637894103789978,0.014786596372614744,-0.10924036632401868,0.12025749566011416,-0.05267791012795453,0.2260908011412725,-0.04512927670224026,0.34585314135473066,0.011432949894081168,0.45168656954481745,0.018981843130548626,0.5714488933820924,0.07554384012278559,0.6772824442827878,-0.025748418493318936,0.3564885555819668
12.127000,-0.11750667127489131,0.014104941248145174,-0.10898746468314059,0.11962092477391348,-0.053315800152747464,0.22592551436634475,-0.04448098171260985,0.3455998473836203,0.011190431858563832,0.45190456840290155,0.02002553281089714,0.5715788805637075,0.07569669541919546,0.6778837330109986,-0.024885537540124403,0.35600812173761065
12.177000,-0.11831677717782445,0.01363640083215174,-0.1087161901269715,0.11894806724341193,-0.054055018200936375,0.22577576160995882,-0.04381334542587487,0.34533791339206976,0.010847554480992297,0.4521657469438712,0.021089531689766836,0.5717278726478537,0.07575015957426902,0.6785558453856715,-0.025330011618185128,0.3562177497634151
12.227000,-0.1196057743172183,0.012938288711077963,-0.10842426258673106,0.1182376697392919,-0.05479556639785753,0.22558739235226113,-0.04304671122518891,0.34501085906685475,0.010581693132995063,0.45236072746917294,0.022330872945549973,0.5717841622453183,0.07595898547036822,0.6791341764373311,-0.024372021140754777,0.355673576192147
12.277000,-0.12056235801597837,0.012447690131074222,-0.10810864419684905,0.11750860714280219,-0.05563588399967659,0.22542806524600742,-0.04227564488213037,0.3446820128147204,0.01019680417725008,0.4526016221992533,0.02355738709563715,0.5718555312508236,0.07602952501475602,0.679775291916776,-0.025107984743229853,0.35591095079160356
12.327000,-0.12235048381346168,0.01165343474102638,-0.10797158841828626,0.11675720048673714,-0.056556202624061,0.22518440234877432,-0.04159478785457972,0.34424806627734467,0.009820269962414849,0.4526754236631773,0.024782044867651856,0.5717390423369141,0.07619677470392851,0.6801665552469808,-0.02558472773164873,0.3559239374182049
12.377000,-0.12375951318183227,0.011268838548110113,-0.10790995055369472,0.11584593732800846,-0.057769598654243595,0.22486861896535962,-0.04092065267709322,0.34367986851463017,0.009219353701179572,0.4527027090591087,0.026068676209296954,0.5715139052108917,0.07620833706321384,0.6805369046626323,-0.02492753418058899,0.3552594035370076
12.427000,-0.12594093408602267,0.010868514497162692,-0.10795511251395784,0.11516147801797881,-0.05903818148466425,0.2247385461420865,-0.04021627592017005,0.3432532535455194,0.008700293789667635,0.4528304829676151,0.027522590134164526,0.5713451283086866,0.07643879852202667,0.6809225190284661,-0.025775552739404878,0.3555181915173005
12.477000,-0.12743906421817053,0.010676317676569938,-0.10800338666300069,0.11455710047216851,-0.06041618302915447,0.2247181555248088,-0.03955808556565951,0.34289150180138395,0.008028742011827406,0.453052719301512,0.028887242873965047,0.5712259943758038,0.07647369439305754,0.6813873743227752,-0.025091126661394403,0.35502592827793966
12.527000,-0.1297445940468967,0.010551671850836969,-0.10805494303351543,0.11400636265016786,-0.06176515377924978,0.22471885250924228,-0.03881610248166652,0.34250400031889133,0.007473297695894887,0.45321665285328583,0.030422762916274437,0.5710017200141895,0.0767117740152787,0.6817145352230722,-0.02600990155540349,0.3553302108936078
12.577000,-0.13131586367943318,0.01060514614493735,-0.10810777195763788,0.11357572604570736,-0.06322050998470286,0.22486424168219646,-0.038127064023307886,0.34221124407161646,0.006759797071026363,0.45349992139818884,0.03185366572386633,0.5708468333986073,0.07674012593749927,0.6821356724144313,-0.025301728409596436,0.35498605937244265
12.627000,-0.13384870449202038,0.010802023137218552,-0.10816331802997481,0.11323420838419794,-0.06463438586990579,0.22506100331727333,-0.03735475113793163,0.34191912896067933,0.006173770113171412,0.45374608384049475,0.03345383422978529,0.5706041092465124,0.07698194456979038,0.6824312240721588,-0.026222090406409895,0.3553384452790434
12.677000,-0.13556867539435324,0.01109447560232492,-0.10838985670219614,0.11297892503705038,-0.0662072646157178,0.22532049758256212,-0.03674206810804498,0.34164677231242635,0.00544010471985476,0.45398850228241666,0.03490573535141167,0.5703146670487694,0.0770874889177873,0.6826565544425592,-0.025837827638188204,0.35512815761953703
12.727000,-0.1379525447790452,0.011535822581857124,-0.10854404045468509,0.11285833851593513,-0.06786283602889717,0.2257522692921656,-0.03619272664829966,0.34149769758839443,0.004488051526436138,0.454391781962816,0.03615859792187637,0.5701370906827408,0.07683894984216699,0.6830313286547578,-0.02695364355072788,0.35556329796960906
12.777000,-0.13899057891070865,0.011871275224546042,-0.10849866802158332,0.11266898654881835,-0.06935732086820132,0.22610599524815117,-0.035436604764514476,0.34121196824264255,0.003704310830023122,0.45464912585008355,0.037625464845053275,0.5697549697950548,0.07676594887590088,0.683192276310439,-0.025982741382896593,0.3553248006199546
12.827000,-0.14076565753982978,0.012459249411626344,-0.10778173330195825,0.11253982550784904,-0.07023894159383874,0.22651587031885637,-0.0342061714192379,0.3409782635908134,0.003336185110074691,0.45495445174529575,0.0393693923214298,0.5694167074371321,0.07691131366814613,0.6833930389344958,-0.02683489536077896,0.35571157184649493
12.877000,-0.14223977847752556,0.012992538311001129,-0.10760876731836304,0.1124531616913841,-0.07167137106936362,0.2269455350218476,-0.03346306824435909,0.34070020787194516,0.002473891066669287,0.4551927183496062,0.04068262801272432,0.5689472453847406,0.07661915037974182,0.6834398930096631,-0.026174592563723217,0.3555046225734038
12.927000,-0.1440063764166874,0.013819918909343849,-0.10744867940046757,0.11246967720902869,-0.07303335813807955,0.2274287380194165,-0.032665924897470514,0.34043524373287065,0.0017489595043479467,0.45539443532540624,0.04211682218190996,0.5684007876373248,0.07653126971581312,0.6833601100123978,-0.025325254540214864,0.35532425370457454
12.977000,-0.14573714861418613,0.014666355507483263,-0.10715490763460662,0.11254929854692781,-0.07439989416341691,0.2279923974811267,-0.03196703563353852,0.3402396803745653,0.0007875428674446183,0.45568290272326745,0.04322082432458496,0.5679300257365341,0.0759749678479926,0.6833733715000595,-0.026930959038942437,0.3559146467820749
13.027000,-0.14776751854829706,0.015679249673999633,-0.10734601066209806,0.11277923600261419,-0.07610625674280963,0.22864155840778252,-0.031589399406900184,0.34007875779949,-0.00035007673327364097,0.455941196479797,0.04416719537971536,0.5673782301757365,0.0754060868034363,0.6832407851306046,-0.02648970429182866,0.35575394507322616
13.077000,-0.14911853014525694,0.016525841917402948,-0.1072791016862151,0.11299943883749708,-0.0776438486362542,0.22928250629215505,-0.031118305233701862,0.3398961302771623,-0.0014834777623655149,0.45617930619158203,0.04504247047602172,0.566792759896447,0.07467687236612583,0.6830760442696342,-0.027852583727676725,0.3562035835144732
13.127000,-0.151090105638964,0.017880437249429115,-0.10719483326274443,0.11331929574429946,-0.0790282042167946,0.2299668032538224,-0.030510686970390638,0.3397213043926879,-0.002344476130936135,0.456368912884863,0.04617343461940876,0.5661232400725321,0.07433922725109701,0.6827709495460794,-0.029126994482607374,0.35659833494374943
13.177000,-0.1524034093038782,0.018848999037682,-0.10714395713828742,0.11370838623301137,-0.08050275352926489,0.23071371205308933,-0.03006814888041144,0.33960058295088785,-0.003427354104569763,0.45660600185835326,0.04700763102010355,0.5654926965252131,0.07364801696245385,0.6824982085186341,-0.028780178181589705,0.35663285183828347
13.227000,-0.15432056005864722,0.02036228913421912,-0.10713225577779967,0.1141556475560322,-0.08188362670570723,0.231469358306225,-0.029574919691908716,0.3394684285362255,-0.004326688532308359,0.45678222492570114,0.04798238480701483,0.5647811177273466,0.0732302180546652,0.6820949997545769,-0.028408850519647144,0.35667679241621203
13.277000,-0.15554967817223617,0.021400041899457007,-0.10712489974121392,0.11464495835172822,-0.083285463359884,0.2322531267458518,-0.029170082203103492,0.33935833447291036,-0.005331030794139852,0.45696658090112985,0.04878470096070933,0.5640716114862393,0.0726233673986173,0.681679935946977,-0.029743967489067713,0.3570601062066763
13.327000,-0.15708651717619576,0.02318132094652129,-0.107119002588007,0.11516431663564855,-0.08456469111997013,0.23302568873950108,-0.028713387050158468,0.3392360076058967,-0.006159446258364509,0.45709745064288076,0.049692191849088824,0.5633075938530002,0.07224576196663196,0.6811691078215258,-0.030990118467569022,0.3574989569473567
13.377000,-0.15811975275548495,0.024336686829018607,-0.10693101553765257,0.11598652867571484,-0.08575953510008227,0.23410413284875714,-0.02833989703064846,0.33947483637878834,-0.007168771054996581,0.4575925040852792,0.05025118322658173,0.5629630353012689,0.07142195474509844,0.6810807665392529,-0.03080612792292825,0.35791991825239555
13.427000,-0.15933362191525596,0.026039888372198665,-0.10683705064194635,0.11673001543348538,-0.08697058286376758,0.23507410466540563,-0.028107739676542842,0.3396454472485707,-0.008241609010247314,0.4579895930710985,0.05062153205708739,0.5625607679780319,0.07048732561772397,0.6809049703891349,-0.030648566540913025,0.3583074707013705
13.477000,-0.15983276233828544,0.027060040068951817,-0.10660472725287527,0.1173941542848499,-0.0879949780924339,0.23594236066417879,-0.027750074754024717,0.3397236288266602,-0.009140643441237689,0.45827188510141575,0.05110453815256763,0.5620529917364703,0.0697136516242293,0.6806012979047549,-0.031662751225175784,0.35871209940469084
13.527000,-0.16025815880768957,0.028552648697041983,-0.10603990991852152,0.11801238882337214,-0.08858538952077039,0.23673618473637464,-0.027144458815482886,0.33981388374278837,-0.009690236920963352,0.45853772354071876,0.051750952948245166,0.5616152680683445,0.06920487634613204,0.6803391517494655,-0.032521517286680846,0.3591710047745027
13.577000,-0.16080317923548215,0.029505499456424472,-0.10550744230353912,0.11870906641275332,-0.08921468235154165,0.237597862935715,-0.026679286709502703,0.34001526496971035,-0.010386803953694401,0.4589040994798628,0.05214883047941399,0.5613213557092059,0.06844103604610996,0.680210228204921,-0.03339879535906837,0.359538754360138
13.627000,-0.16162729448721966,0.030931571953275953,-0.10526787240039819,0.11934914857699358,-0.09004680579173115,0.23837989714273855,-0.026509737459562366,0.3401789191897876,-0.011288925543661094,0.4592097003241109,0.052248360609306266,0.5610085864196731,0.06746891783981099,0.6800394001210786,-0.032218977108133484,0.35979199146976254
13.677000,-0.1621216411211471,0.0318071561123656,-0.10508485124084939,0.11995194259367417,-0.09080364206404586,0.2390991081669669,-0.026249085422399593,0.34025596268899555,-0.011968106014212249,0.459403155802573,0.05258664570215624,0.5605598858348771,0.06686739534977726,0.6797071064873255,-0.03414149273800393,0.36013016861506775
13.727000,-0.16266333447210193,0.03283203390123258,-0.1048602363992514,0.1204965539188452,-0.09141020628457346,0.23974040780363046,-0.026020303567148934,0.3403592958017187,-0.012570479102103849,0.4596031728824359,0.05281959714292492,0.5602219481087097,0.06626921596619845,0.6794658483841131,-0.03399151553308524,0.36035612845688764
13.777000,-0.1629385894237898,0.03342888704598735,-0.10468157402972349,0.12088131025712323,-0.09203721783134905,0.2402132852472483,-0.025905259280441684,0.3403460174423158,-0.013261081979063644,0.45967801138814113,0.05287102668431662,0.5598106444423204,0.06551502509651955,0.679142657342746,-0.03404413802574277,0.3604457558231035
13.827000,-0.16335431031603073,0.03425738380854477,-0.10442397482239339,0.12131344500180011,-0.0925631503937708,0.24072584319790225,-0.025672318833522972,0.34035323226562814,-0.013811640867363695,0.4597656450092543,0.05307931288635992,0.5593929520349425,0.06493984439792988,0.6788053793251294,-0.0350603823724413,0.36063506807030254
13.877000,-0.16362627628343487,0.034567649042144,-0.10435016508249606,0.12160598766165114,-0.09299148093690053,0.2410671957796206,-0.025589184629599443,0.340349270663572,-0.014230620507133807,0.459810490193592,0.053171775546627,0.5590924973599022,0.06453021965389288,0.6785537283010971,-0.035074395655545404,0.3606251404886343
13.927000,-0.16394790436157292,0.034871681965104144,-0.10428352386563361,0.12165214375136052,-0.09336194488695577,0.24115410649681512,-0.025560500003342423,0.34016402548221686,-0.014639012426917591,0.4596659965811131,0.053162508181986784,0.5586758637102115,0.06408390436492645,0.6781778431616776,-0.035553269369188706,0.3605704080738721
13.977000,-0.16412506746155683,0.03507733411821811,-0.10427062053876407,0.12169981667827391,-0.09365206702341486,0.24122908638837626,-0.02555145705613407,0.3400334735281305,-0.014932966728123137,0.45956274885155335,0.05316769546676964,0.5583670999935715,0.06378612261681174,0.6778963809294488,-0.03567178197261284,0.3605347977166944
14.027000,-0.16424809706288812,0.03527414752003674,-0.10427175397353122,0.12183259432595317,-0.09384745596269135,0.24137896194069053,-0.025560968694599145,0.34005497551750963,-0.015136704894698316,0.45960134611539427,0.0531498106080385,0.558277340153065,0.06357404020611973,0.6778237137332922,-0.03585595428642735,0.36058380596805295
14.077000,-0.1642588512350783,0.03529726167534369,-0.10424508869632043,0.12187604014242016,-0.09391560311697157,0.24143063740938447,-0.02555261663576852,0.34005366757663735,-0.0152231378558432,0.4596082654310698,0.053139854231425254,0.5582312917123399,0.06346932622008938,0.6777858901535351,-0.03604150135743897,0.3605994931313743
14.127000,-0.16422637122953676,0.03517167603254203,-0.10425475753811629,0.121855976428369,-0.09389164777286839,0.24140766380631004,-0.0255501095422295,0.3400455579010316,-0.015186978257787226,0.45959724341362057,0.05315454221302987,0.5582351498132815,0.06351769502485041,0.6777868334598047,-0.036056120105701056,0.3605834689564515
14.177000,-0.16416615988827582,0.03503132953772891,-0.10431040602873798,0.12177959650137381,-0.09376650274131425,0.2413154743931752,-0.02554335784104908,0.34003529256468035,-0.014999403999715055,0.4595711659972614,0.05322369914453137,0.5582910130254407,0.06376770354745068,0.6778268819981026,-0.03615233072791657,0.3605706897102102
14.227000,-0.16406730120099638,0.03474464540002593,-0.10441868690457448,0.12168893530318543,-0.09356389527625994,0.24119698314392934,-0.025564903124624866,0.340071333034831,-0.014710031844660382,0.45957937364087154,0.05328889440003798,0.5584537688580088,0.06414384533925274,0.6779618022286025,-0.035964039751431004,0.3605666761028348
14.277000,-0.16393915674118167,0.0343613881768729,-0.10455678112366207,0.12157186077140952,-0.0932969244458335,0.2410424246248902,-0.025593315479201684,0.34011927021890226,-0.014333351954762624,0.4595898240022598,0.053370168395803025,0.5586667301515073,0.0646302387744091,0.6781372738639334,-0.03610488258909028,0.36051650007558006
14.327000,-0.16383864461366018,0.03400116362688559,-0.10479465772459565,0.12138712402675178,-0.09301382006485158,0.24080743998683837,-0.025679539863951106,0.34013565707442706,-0.01389856895586472,0.4595559598894634,0.05343560040630854,0.55888425211418,0.06521670457123255,0.6783045417831779,-0.035701669657916685,0.3605185878135097
14.377000,-0.16364871749323917,0.03353768524022648,-0.10512456643843207,0.12131482828001658,-0.09265076223060924,0.24066475164990375,-0.02583369805446123,0.34034162928310707,-0.013359732818368691,0.45969153582308625,0.05345719686248354,0.5593685036132837,0.06593132313546463,0.6787183933222348,-0.03527506194509353,0.36060187524764464
14.427000,-0.16348799005449466,0.03267263901880222,-0.1054330007048555,0.12095979646726199,-0.09218111823721392,0.24022583359000865,-0.026016471200830338,0.34033696924696105,-0.012764400521869529,0.45960298545702993,0.0534000885224388,0.5597142255326555,0.06665234742050555,0.6789802208288807,-0.03545114875226102,0.36050392945324783
14.477000,-0.16346075971084656,0.03209810555228823,-0.10597946693138413,0.12067984028228942,-0.09180832023457408,0.23984014659812206,-0.026319709509059513,0.34039481762450047,-0.012148349019249799,0.45955509851479304,0.053340081285095015,0.5601098870445004,0.06751165557602051,0.6792701425078987,-0.03584552536110985,0.36047100448320035
14.527000,-0.16355059119176843,0.03119043709806265,-0.10664079703168225,0.12036232730571596,-0.09136039651261556,0.23938547362598817,-0.02660502943478177,0.3404138975205289,-0.011324390151234598,0.4594370131875545,0.05343077425074727,0.5604655669893005,0.06871165230678361,0.6794886520015644,-0.036229091221751,0.3603870099070181
14.577000,-0.16364154010847845,0.030494627051862545,-0.10743725613575347,0.11997296341739605,-0.09095315420978793,0.23883538129493376,-0.026982198588019646,0.3403623079540114,-0.010497834540685341,0.4592246894796856,0.05347289718070297,0.560751757215488,0.06995752335685243,0.6796141023876768,-0.03560466601985621,0.36014957821147414
14.627000,-0.16379123759705866,0.029409842979376863,-0.10831175809116166,0.11955520879331005,-0.09045818615299446,0.23821965152595298,-0.027347349479064142,0.3402834663396101,-0.009493492856107733,0.4589478662398621,0.053617098951765585,0.561011832465264,0.07147124026647761,0.6796761895313782,-0.0347979287989878,0.35986623786355965
14.677000,-0.16389974958149855,0.02866884033835452,-0.1092560865991555,0.11913742647765127,-0.08997931939665305,0.23757899961065443,-0.027796130951285386,0.3402106276537089,-0.008519058215253422,0.4586521510596907,0.05366386547318641,0.5612839395151087,0.07294124374934272,0.6797254131921867,-0.03528032231896186,0.3596750243516606
14.727000,-0.16407532895330912,0.0275718774604532,-0.11027264340433156,0.11873634149390376,-0.08940935103967862,0.23690877073062128,-0.028223282677790756,0.3401379576808941,-0.007359664969768892,0.45831032947791567,0.05382611918242794,0.5615396848846058,0.07469006224004707,0.6797119992399083,-0.03574994857458985,0.3595098440018007
14.777000,-0.16445972905648076,0.027253468045373017,-0.11150718554869293,0.11855127694904018,-0.08899159467808292,0.2364200521396207,-0.028837045094179198,0.34025371797628123,-0.0063211109161318835,0.4581224275868907,0.05383313623421504,0.5619562686335194,0.07634941372454765,0.679824912662195,-0.03496737661131455,0.35953355003597126
14.827000,-0.1646211653774364,0.02638100567992034,-0.11276791022389752,0.11865205825900581,-0.08847853259538041,0.2361681257935588,-0.029448142711057668,0.3406449800021149,-0.0051584050878182575,0.45816097312884096,0.05387166473961555,0.5626380081718563,0.07816176236125102,0.6801539268888462,-0.034028817409692824,0.35939175009655916
14.877000,-0.1648089353715088,0.02598510177456557,-0.11394899915772642,0.1185198923354551,-0.0878746890131347,0.23565285247216733,-0.03002601717130693,0.34078862738275145,-0.003951332265670654,0.45792150409538385,0.05389700319240881,0.5630574640931031,0.07997206286247963,0.6801902573796429,-0.03462084793752346,0.3595445275087837
14.927000,-0.16491455267661576,0.02504305316762671,-0.1152504399675693,0.1184828200533512,-0.08723103600476066,0.23516577939714858,-0.030604801306473667,0.3409649738293867,-0.0025850093562374554,0.4576478400040005,0.05404087353724141,0.5634472227297521,0.08206105347739973,0.6801299957332188,-0.03350205839660947,0.3592159414370769
14.977000,-0.16510178571275275,0.024656848690376022,-0.11651101061817222,0.1183585470153544,-0.08656006787315997,0.23456070288465478,-0.031208694313322627,0.3410324148320052,-0.0012573523286626143,0.45723446779711474,0.054093655413704284,0.5637063699209365,0.08404539664058139,0.67990831997973,-0.034057205421813314,0.35927022224271593
15.027000,-0.16534361253250981,0.024167410535273437,-0.11767927161406776,0.11841846031953872,-0.08577211380592127,0.23409876667485702,-0.03183912782266701,0.3412959355863543,6.843884739263228e-05,0.45697612916784003,0.05400104594056984,0.5641734887054839,0.0859090214761124,0.6798535695105973,-0.034584297535742575,0.35950421395577026
15.077000,-0.16532991006923792,0.023780173579914323,-0.1192183661497951,0.118703424326766,-0.08527462618292292,0.2338026098888775,-0.03259765374220863,0.3416225365002429,0.0013465024239182333,0.45672159932079576,0.05402308497633607,0.5645417164168106,0.08796765734379478,0.6796406564935563,-0.03348819093207528,0.35920548266212576
15.127000,-0.1657464448506095,0.02351187066131252,-0.12042108429815593,0.1188066106755957,-0.08438431539820282,0.2332677450687236,-0.033079887085278925,0.3417474926395517,0.0029573036572900224,0.4562084942195402,0.054261332160533415,0.5646884308755189,0.09029894474838984,0.6791492996398181,-0.034260097523456934,0.35952780937149487
15.177000,-0.16612361992581068,0.023465184931312184,-0.12207985073541619,0.11927518319525882,-0.08386620844667819,0.23302806246622934,-0.033978488919392646,0.34216657738465944,0.004235578961394565,0.455919313683222,0.05412289015609523,0.5650580152514415,0.09233738362829044,0.6788106085760396,-0.031179253117456396,0.3585811329934622
15.227000,-0.16641020159233258,0.023532563947652532,-0.12363579207786946,0.11984648957509023,-0.08321288676941312,0.23283316457001782,-0.03479653443352093,0.34263233044227065,0.0056267982464115185,0.4556188525368698,0.05404273526641848,0.5654182015432754,0.09446649531503515,0.6784045707367216,-0.031896710932987266,0.3590094975676724
15.277000,-0.16643431273042203,0.02358869173002852,-0.125282424456775,0.12049831885056544,-0.08273096447797469,0.23270069514651884,-0.03579630255985661,0.3431413466773906,0.0067555847248920164,0.45534356092155664,0.05368982605001216,0.5657843911935493,0.0962421406346996,0.6779864433863457,-0.03278845694535121,0.35957526516754157
15.327000,-0.1666535378000157,0.023901379412533324,-0.12674401887584152,0.12128716565215603,-0.08206825936844746,0.23266075548391196,-0.036696316779022436,0.3437525500746485,0.007979868038080262,0.4551259692991785,0.05335138639578524,0.5662179371530462,0.09802799651827296,0.6775911857701991,-0.03176370239410417,0.35939740574493784
15.377000,-0.16666411575504073,0.023997600044330998,-0.12817697769294734,0.12202833457672546,-0.08155363646192663,0.2326007726092439,-0.03770454560887962,0.34430241642598025,0.008919217548097075,0.4548746765506672,0.05276788216868644,0.5665764876863462,0.09939206724659569,0.6771485699034241,-0.032711200081437186,0.3599067308526168
15.427000,-0.16668011920378348,0.024159384265895107,-0.1295490994177894,0.12263274162391903,-0.08083559075311172,0.2323003944372093,-0.038603629413150625,0.344623417194701,0.01011029546220979,0.4542908851295345,0.052341830521764304,0.5666140681618614,0.1010561715996412,0.6762813512199741,-0.03350088628312026,0.3602422174446803
15.477000,-0.16666941577231953,0.024460176071242783,-0.1310164558685381,0.12340589219406686,-0.08035804592705911,0.23218882054888382,-0.03975794745884234,0.3451119447763452,0.010900871607129103,0.45389468260772003,0.05150054539161114,0.566817959524005,0.10215977357335843,0.6756005068341244,-0.032754752272188575,0.3600193114014763
15.527000,-0.1666825972166082,0.024888916623339967,-0.13242291571378137,0.12427003789056355,-0.07993779186242715,0.2321834836401488,-0.04096478437743628,0.34567843809875964,0.011520740232286858,0.45359168893332014,0.05049332624501729,0.5670867881203232,0.10297925160578952,0.6749998440415786,-0.03406163822285713,0.36064329574939974
15.577000,-0.1666844080756195,0.0252752292413646,-0.13394278162923592,0.1252168170947752,-0.07960947168099815,0.23221163673599143,-0.042293881256452004,0.3462622689624195,0.012039819121483858,0.4532568903376473,0.04935499338331242,0.5673076587251941,0.10368908418552011,0.6743020818353966,-0.03334358806994128,0.3603234206413932
15.627000,-0.16650124424384755,0.025881241583631875,-0.13529579029109176,0.12614868428840625,-0.07913761056599382,0.23219706404952983,-0.043468710327334875,0.346773368562084,0.0126898478350769,0.4528215479199349,0.04835833921993779,0.5673979797125032,0.10451727581445808,0.6734459586681084,-0.03255394493442365,0.3599287906600081
15.677000,-0.16635486296333213,0.026368113694304942,-0.1365340611048264,0.12712914654437354,-0.07868959254628236,0.23226723411105032,-0.04463656295031104,0.34733413280625225,0.013208271135733418,0.4524720192675873,0.04726090070156558,0.56753903634741,0.10510610031000614,0.672676721704556,-0.033653545903221255,0.360580428995196
15.727000,-0.16613272402796647,0.027220768978448048,-0.13772124113938258,0.128188353515316,-0.0781869731940361,0.23237890462342353,-0.04569611136112679,0.34789662576331337,0.013838507560242935,0.4520869763236546,0.0463289802769947,0.5676048069068184,0.1058639501692007,0.6717949569207886,-0.03457927242420886,0.3612322730903085
15.777000,-0.16598445922610267,0.027835926002415298,-0.1388601387195558,0.1292996135009604,-0.07776219506687886,0.23258098297974925,-0.046779762827109175,0.34851238033399323,0.014318516519496033,0.45179355122629095,0.045300571965591396,0.5677250492772288,0.10639918700088816,0.6710060215846605,-0.0339069943714381,0.3609432275738132
15.827000,-0.16536983663494553,0.028490317498231645,-0.13992362750148235,0.1303497527437805,-0.07730113898320508,0.2327139258200274,-0.04779505726169164,0.349029836764481,0.014827750228023046,0.45139381470551143,0.04433346951793521,0.567709817588088,0.1069565959747294,0.6700736003952019,-0.03330657016990743,0.36054134168881363
15.877000,-0.16474607208861064,0.0288535654607703,-0.1405790882647344,0.13113016724679324,-0.0767997124066677,0.23277755389246213,-0.04898107058792128,0.3495085401961861,0.014798607462649882,0.4511557372283922,0.042616902255905226,0.5678868062326441,0.1063968824955234,0.6695338136523049,-0.03450207941046626,0.36115448901914193
15.927000,-0.16426205014733788,0.029584402443032738,-0.14143895142511087,0.13201155928768007,-0.07644375805909881,0.2328858614581385,-0.05014488524736038,0.34996860693123627,0.01485059203095343,0.45084272617114074,0.04114913531754266,0.567925545660977,0.10614489650509557,0.6687994819711696,-0.035561734342571705,0.3616783374312073
15.977000,-0.16375096496255226,0.030043458141638096,-0.1422227257149734,0.13287993419364347,-0.0761302019573081,0.23303869967691945,-0.051266995074145866,0.3504347002180147,0.014825793988251929,0.45059329063214165,0.03968868991122654,0.5679893570308208,0.10578174427585721,0.668147772376439,-0.035194042487745714,0.36139203274993936
16.027000,-0.16300200728399533,0.030710524667358595,-0.14278928391103643,0.1336899453550991,-0.07570865069533961,0.233189637049868,-0.05227939554731574,0.3508802059288131,0.01480148330130962,0.4503797320225035,0.03823044791117983,0.5680703587399714,0.10531157239029451,0.6675697192333456,-0.036113697265946626,0.3618918955415121
16.077000,-0.1629495694893815,0.03121851116524901,-0.14350359130521603,0.1344942179016836,-0.07549287408990771,0.23336050307441886,-0.05333253689065563,0.3512965851492313,0.01467840603825396,0.45016271505183164,0.03683847398852169,0.5680988477185466,0.10484964262804702,0.6669648223523064,-0.03590706488155551,0.36156221551887857
16.127000,-0.1625715820215821,0.03190206044800767,-0.14429414777523425,0.1352818717768628,-0.07535537734234575,0.2335032845706188,-0.054307966896546114,0.3516430598941581,0.014631008224625403,0.4498643290228067,0.035678172474254005,0.568004148207616,0.10461735228069202,0.6662252736726378,-0.03672969964224174,0.361943215842755
16.177000,-0.16248595300626584,0.03238034455154534,-0.14492026944832476,0.13598464381247388,-0.07520243189806979,0.23365461426048664,-0.05520321636707552,0.3519763425192146,0.014514804920859381,0.44964618181310567,0.03451379786470857,0.567967947694195,0.10423200288682713,0.6656376558359384,-0.03649594974148415,0.3616576773177236
16.227000,-0.16228572789330775,0.03329081125675411,-0.1455335435060873,0.1369384333291378,-0.07501861438719498,0.23403449283187322,-0.05586176481878555,0.3524955206590854,0.014653326097748859,0.44959146265788386,0.03380997826873497,0.5680525224069257,0.10432523097897481,0.6651483469042341,-0.036156613027932966,0.3616536882648981
16.277000,-0.1622891894505848,0.03369995680078064,-0.14609742913500506,0.13760431573004905,-0.07490585366840094,0.2342053487575311,-0.05645284885406811,0.3527780547705874,0.014738867304964126,0.44937898411252314,0.033191699428290505,0.5679517170006738,0.10438355627591692,0.6645525426595722,-0.036653787201547355,0.3618644839117671
16.327000,-0.16215089253839604,0.03413342148572581,-0.1465710910071846,0.1381147847456731,-0.07474936163187448,0.2342482294070082,-0.05690112281540809,0.35291347438340936,0.014920724462341606,0.44904683095918796,0.032768817742938966,0.5677120978253015,0.10459078291913215,0.6638453663182842,-0.03688126554491877,0.3619018945364545
16.377000,-0.1621211071071874,0.034432296010779115,-0.14691397037823414,0.13850165860883046,-0.07459932934688228,0.23426487017872938,-0.05726900753869113,0.3530068591412578,0.01504572903801768,0.44876999856095157,0.03237593237311423,0.5675120048144963,0.10469076449149597,0.6632750720866175,-0.03664930358961882,0.361676686634739
16.427000,-0.16201926635978794,0.03482264268378371,-0.1472248825756821,0.13896571939686952,-0.0745140971485083,0.2344284958207218,-0.05759305385852952,0.3532294987372051,0.015117804188951284,0.448692219848569,0.0320387571026145,0.5674932356374807,0.10474968776652405,0.6629559014392226,-0.0367493613697181,0.36178122898880843
16.477000,-0.16200642632261988,0.03498922668798447,-0.1474183981922841,0.1392142954717113,-0.07442530896373244,0.23446138951589943,-0.05780648519495926,0.35330504603089835,0.015186654149554779,0.4485521016684459,0.0318054153834742,0.5673957669281583,0.10479860483989209,0.6626427841621336,-0.03632690839858643,0.36141953702863433
16.527000,-0.16200247237609294,0.035115854995001194,-0.14757681956011365,0.1394282705746468,-0.07440437488139165,0.23453764624060552,-0.05797453095768487,0.3534075761043868,0.015197940798836768,0.4485169309380211,0.031627750876859345,0.5673868654798457,0.10480024970666957,0.6624961994846139,-0.03648549395194278,0.36152669367398527
16.577000,-0.16204732597036728,0.035174991949184664,-0.14768950972713643,0.13952735008169467,-0.07443447884213467,0.2345731308537845,-0.05808551126026479,0.3534542111468436,0.015169524947746954,0.4484999878163074,0.03151848587072184,0.5673810690251221,0.10477352739660165,0.6624268415959227,-0.03646013117740299,0.36149200471698545
16.627000,-0.16215349488035694,0.03504561073151772,-0.14768848069062424,0.1394857825056558,-0.07445888914254861,0.23455116483541333,-0.05806754703658276,0.353426409950332,0.015162027041561832,0.4484918057373084,0.03155339099293028,0.5673670478400296,0.10478294759579643,0.6624324570883394,-0.03641172239186374,0.36142514709232887
16.677000,-0.1621682070754882,0.03483354970607813,-0.14762768788868907,0.1392910059182768,-0.07452628333204897,0.2344549941272286,-0.05797748724293514,0.35330842212995217,0.015123876854680696,0.44847244141799447,0.03167272347572023,0.5673258623847928,0.1047740471092222,0.6624899127558076,-0.03621532027065952,0.36117852869328293
16.727000,-0.16228736861230778,0.034456507218743763,-0.14746777571889289,0.13897647298798158,-0.07460231858993067,0.23432124294096518,-0.057804224471027066,0.35313969282974467,0.015061169706121397,0.4484845108924415,0.03185934227800313,0.5673029496898153,0.10472467349828177,0.6626478158660236,-0.03624530102273954,0.3611554991225655
16.777000,-0.16243109028746242,0.03413693830605499,-0.147261631826898,0.13856107553788127,-0.07472351548671377,0.2341551217845898,-0.05752941400318119,0.352916912248417,0.01500861655334379,0.44851102358892053,0.03220282461410545,0.5672727986226546,0.10474076938194285,0.6628669750606474,-0.03586294714768387,0.3607925515641556
16.827000,-0.16269966728566307,0.033552029983312574,-0.14700410276152664,0.13804745765944615,-0.07489930241035844,0.23396876794197957,-0.057180542029959716,0.35265341535090944,0.014924149571684642,0.44857480738121513,0.03264304451302638,0.5672594347010904,0.10474762736015097,0.663180908482731,-0.035955473613409644,0.36080970866521317
16.877000,-0.16291341675157392,0.03309701361431469,-0.14669154016464359,0.13743509289997627,-0.07508995940974927,0.2337326195213812,-0.0567361429028046,0.3523207193443792,0.014865306904395359,0.44861834333119843,0.03321928467425639,0.5672064181955093,0.10482060352880518,0.6635041395511526,-0.035405653757130284,0.3603052835718624
16.927000,-0.1633373163808051,0.032365411121582886,-0.14644129632301167,0.13673672771413098,-0.0754126412924646,0.2334576156175705,-0.056323690290170675,0.3519296036295684,0.014704812304955517,0.44865060347640834,0.03379395002690977,0.567122561402811,0.1048223001819642,0.663843673196097,-0.03570228581862084,0.36037826109931936
16.977000,-0.16377376038358343,0.03205442581676629,-0.14601407567709687,0.13605910702365748,-0.07571488612265098,0.23331147947744296,-0.05579026613023451,0.3516457919914202,0.01450874905214189,0.4488982904903775,0.034433581216630926,0.567232567279543,0.10473242202215594,0.6644851918266528,-0.035059919109831056,0.3599899376225144
17.027000,-0.16472139464209062,0.031442438375582735,-0.14582336725751038,0.1354762296300312,-0.07628002209087603,0.2332705195606522,-0.055301198383448824,0.35142249354269234,0.014241950668549663,0.44921692293379595,0.0352210113106651,0.5673688548459506,0.10476396424362744,0.6651634237000735,-0.03446671724016631,0.359484716396108
17.077000,-0.16540791691119022,0.031011731857077965,-0.145618639194166,0.13476277215591453,-0.07686272642621789,0.23311227372784069,-0.054717449945673444,0.3510511847351933,0.014038245971431607,0.44940083790669444,0.036183782487253485,0.5673397000871749,0.10493926154948346,0.6656895048603583,-0.03477673385159358,0.35964453132221197
17.127000,-0.16652501110652168,0.03037474183494719,-0.1453928310957352,0.13400809098385522,-0.07754044815399115,0.23298310868593444,-0.0541169300425199,0.35067481952098667,0.0137352154673121,0.4496499999942374,0.03715901589973236,0.5673416546401899,0.10501092397452333,0.6663169978859201,-0.03522794488748027,0.3598958791883736
17.177000,-0.16732568575061396,0.029970353003433807,-0.1451481804135491,0.13323949484912884,-0.07822545327227122,0.2328454614975884,-0.053424099575589246,0.3502545448549337,0.013498370626427891,0.44986068413389635,0.038300027174239415,0.567269703516925,0.10522224043450618,0.6668760154271012,-0.03446831089653418,0.3592974834398512
17.227000,-0.1686058519915605,0.029414248338401616,-0.14488342935437137,0.13247083894584277,-0.07900752078343438,0.23277220817853825,-0.05272487670386243,0.3498585977384975,0.013150755723954494,0.45016014833585927,0.03943372214450652,0.5672464655387507,0.10530907842720344,0.6675481975010039,-0.0350053314667195,0.3596178841345974
17.277000,-0.16967349501194406,0.02891821477163657,-0.14462016374201095,0.13162372900677488,-0.07978501859844027,0.2326009737414774,-0.0519093044431202,0.3493183441724919,0.012925546588003961,0.45029577774936497,0.04080160068647773,0.567013066990928,0.10563615760262082,0.6679906894103894,-0.034115994388506626,0.3587701396067326
17.327000,-0.17124524777189176,0.028290016036073236,-0.14456775982475828,0.13067905827044984,-0.08078710973688695,0.23232564539418266,-0.0512155275359365,0.3486249210834581,0.012564811588817754,0.45027170332798083,0.04213674956610039,0.566570888552923,0.10591677772453642,0.6682178659189185,-0.03479674472743047,0.35891695759788245
17.377000,-0.17221892456882484,0.027877690692858496,-0.14418377582756353,0.12980730953363487,-0.08163325569535516,0.23221547537580545,-0.05034331733076877,0.3480642550720805,0.01220687539812984,0.45047262089023493,0.04349718412685047,0.5663213005531345,0.10604704944912824,0.6687298663478578,-0.033934563320030586,0.35814798590220176
17.427000,-0.17420145642700874,0.027444907544401837,-0.144082741426549,0.1288414632066744,-0.08280874088619941,0.23201848030724775,-0.049665922007280344,0.3473508415800423,0.011607735599080182,0.4505280623389349,0.04475093780409478,0.5658603134554233,0.10602425247315278,0.6690377378730609,-0.03480865800582822,0.3583712175363209
17.477000,-0.1756119089868633,0.027328217974447705,-0.14410057058746537,0.12812208535897265,-0.08405028202655333,0.23201608347122488,-0.04896207000085334,0.3467715512138968,0.011087861689301731,0.45066575559510935,0.04617646788161195,0.5654211028146654,0.10622604269722843,0.6693155134653888,-0.03409275980478843,0.35764374977897484
17.527000,-0.17778671023872444,0.02728506983737174,-0.14412670168999694,0.1274686976553301,-0.08539825721465996,0.2321155791640802,-0.048301816160528116,0.34623768070938693,0.01042625849223694,0.4508847697638771,0.04752310283911415,0.5650067402143716,0.10625080766522296,0.6696540368151751,-0.03341603760612677,0.3569886306540342
17.577000,-0.17927198219988455,0.027379076162439828,-0.14415553241936818,0.1268975224210204,-0.08671111553531732,0.23225471946446427,-0.04755793700222691,0.3456876450670245,0.009886098741417854,0.45104504992061106,0.049039687612627336,0.5644778338876117,0.10648334221170808,0.6698354465518195,-0.034306146706109736,0.3573586629192865
17.627000,-0.1817327960773998,0.027802795501512087,-0.14423230128502393,0.1264922069150847,-0.0881641952713539,0.23258823647310026,-0.04690770012366671,0.3452732026725693,0.00916001462130861,0.4513694390017225,0.05041692531978062,0.5640542530578542,0.10648424879146379,0.6701506961587286,-0.033744911925778026,0.3569054437291774
17.677000,-0.18338907266349377,0.02823567090282997,-0.14452387858971155,0.12624620504150721,-0.08977332323136218,0.23302811677500426,-0.04637435652707267,0.34490541419262777,0.008375799171643938,0.45168753084366775,0.05177518459945024,0.563564665830947,0.10652494063394882,0.6703469873999917,-0.03658846506035582,0.3583739289491786
17.727000,-0.18546393346400195,0.028987156017845274,-0.14476401353927834,0.12613629876650884,-0.09140598242979471,0.23362081166523327,-0.04592346764429314,0.34466738229345645,0.007434156876184789,0.4521520970322919,0.05291709172466069,0.5631984956099666,0.10627430965123144,0.6706834121894288,-0.036078816007956815,0.3581003997678859
17.777000,-0.18675308427660275,0.029505871043364735,-0.14443033789862048,0.12602528697001264,-0.09252242315214115,0.23421756203875335,-0.0449337179956516,0.3443779684448956,0.00697378470290741,0.4525704412028325,0.05456290940346925,0.5627306663672361,0.10647000005031268,0.6709233368142595,-0.03509289008651453,0.35775443475410196
17.827000,-0.1896991196478971,0.03080132821012681,-0.14433897915707739,0.12586961489832774,-0.09392551549135682,0.2347662754586289,-0.04420668239378997,0.3439818312891948,0.006206365417678411,0.4528786843673208,0.05592561559595613,0.562094050326846,0.10633824754583204,0.6709910959242668,-0.03634418489215124,0.35831238719948333
17.877000,-0.19113566681258223,0.03161001578268921,-0.14488405030152354,0.1262023961202302,-0.09572920625963671,0.23567294607416067,-0.04373773405126313,0.3438250926899565,0.00541669240981571,0.45329583014650504,0.05740857718133205,0.5614477784317948,0.106562586051345,0.6709187033936534,-0.03580508621490727,0.35818146528706496
17.927000,-0.19264623304844944,0.032567054209899,-0.14453364816245096,0.12617419805357255,-0.09698850542720978,0.23635341298218276,-0.04302589729322456,0.3435356732838652,0.004518827377656409,0.4537150686169738,0.05848184220938851,0.5608971241592612,0.10602614880587735,0.6710766998993156,-0.03695037811892418,0.35873527290766877
17.977000,-0.19416705445273355,0.03346746023475594,-0.14440917370693107,0.12626838710422447,-0.09831758775282402,0.23706353898792518,-0.042341975310600494,0.34320839666702413,0.0037491940108332067,0.45400372187200816,0.05972520560793637,0.5601483690553642,0.10581595828748547,0.6709438675836253,-0.03630649864421068,0.35844602804052894
18.027000,-0.19618692088950201,0.03486064353867487,-0.1443153887036508,0.12641751900807657,-0.09973639187966975,0.23782987486614368,-0.04178602796242187,0.34290963180297107,0.002792555518688955,0.454322153049437,0.0607433093030067,0.5594016949777928,0.10532147943513276,0.670814381613325,-0.0376077803866052,0.3590246558001273
18.077000,-0.1975613798123266,0.03585863164129408,-0.14438108858120377,0.12667974096103796,-0.10129299678328656,0.23867713531769444,-0.04147941973933203,0.34270759240217963,0.0016082636218170687,0.4547051438934304,0.06142222006385745,0.5587353828374495,0.10450949498442125,0.6707330914630535,-0.03742054032313788,0.35894284254420555
18.127000,-0.19929045256425326,0.03738343295805709,-0.14438006608436493,0.12695820888394538,-0.10287447978668023,0.23955166475984263,-0.04129192248670063,0.3425448132523164,0.00021326216897715744,0.4551384171856228,0.061796186877097314,0.5581313459933426,0.1033009698891027,0.6707250979830448,-0.03892579177269037,0.35951908649219894
18.177000,-0.2004451380083163,0.038576417067964955,-0.14425586245807873,0.1274584385609594,-0.10412310421903712,0.24054849876111745,-0.040730687519596104,0.3424376616045755,-0.0005983223573600149,0.45552786129682854,0.06279444850173582,0.5574168037917943,0.1029264205860409,0.6705071429750038,-0.03839065605750272,0.35957749855320026
18.227000,-0.20199056126572656,0.04029071320886412,-0.14408337315123682,0.1279611219461107,-0.10536371493177417,0.24154275808227343,-0.040238112893858036,0.3423329161295653,-0.001518837221266306,0.4559146826741544,0.06360710429717076,0.5567046213651577,0.10232599742318643,0.6702865183166343,-0.03955682139461153,0.3601371571748332
18.277000,-0.20311189430419715,0.04169964036194889,-0.14401056936713494,0.1285038470094656,-0.10653987887798741,0.24250361609468177,-0.03979866252699732,0.342231295492206,-0.002328343125108684,0.4562311865497699,0.06441319786803418,0.5559586486847582,0.10188314618407518,0.6699586617128676,-0.03905917199848141,0.36030018099789984
18.327000,-0.20435749500695058,0.04369620278008689,-0.14381107017362318,0.12931261673704286,-0.10765665349157114,0.2437366446021495,-0.03929297581019103,0.3423591956375605,-0.0031389160057984367,0.45678333626424156,0.06522506927862332,0.5554056740731131,0.10137877220813513,0.6698299274592664,-0.0402099752700483,0.36102535629402643
18.377000,-0.2051284817877932,0.044968696697349535,-0.1433933935345595,0.1300052998877636,-0.10856069133146977,0.24483858256654167,-0.03877468237386958,0.34245985546814667,-0.003942321757990558,0.4572932417609715,0.06584397759276922,0.5549143070700778,0.10067599662624965,0.66974779697438,-0.04120987848551316,0.3616055274284266
18.427000,-0.20625957433950606,0.04675977808819268,-0.14334710348686458,0.1307806969024998,-0.10978999458298472,0.24599319810777473,-0.0386406549791527,0.3426253431627073,-0.005083870457862627,0.4578379388480479,0.0660657412181147,0.5544698835782258,0.09962220136258942,0.6696825737409592,-0.04115924900438672,0.3619514500511687
18.477000,-0.20681602077676695,0.047864205673711704,-0.1429978844927649,0.13130364253514706,-0.11066285826059544,0.24686508105885002,-0.03829761560854644,0.3425900603009457,-0.00596289554999388,0.4581515844940678,0.06640260072012191,0.553876372007905,0.09873701461123105,0.6694379818678444,-0.04082765138001021,0.36213943286140454
18.527000,-0.20778149751633468,0.049599136593908154,-0.14284438659798213,0.13200741845823885,-0.11162074790581594,0.2478740848551836,-0.038061367159358206,0.34268451415248424,-0.006838014546636462,0.4585512576414654,0.06672160028999433,0.5533615053176916,0.09794466682966194,0.6692283258962296,-0.04191497830948507,0.36263660556583754
18.577000,-0.20832546577663127,0.05071125764656008,-0.1424797125175517,0.1326385033863135,-0.11228363912170929,0.24877720129192854,-0.037656258225155226,0.3427492929953051,-0.007460450000323998,0.45888805984508707,0.06716714545648547,0.552859981156306,0.09736268851655458,0.6689988169479839,-0.04161042729948941,0.3629193545643408
18.627000,-0.20919487735867584,0.052241539547840235,-0.14235047050486055,0.13323187134212894,-0.11309756915019452,0.249611713934132,-0.03746450248465305,0.34277629531220344,-0.008211843672983637,0.4591561988688453,0.06742141715567862,0.5523206226206668,0.09667383343074587,0.6687005871398031,-0.042499147388947306,0.36328278155429883
18.677000,-0.2096590725909519,0.05318734365056447,-0.14222550012827423,0.13386668502518362,-0.11376970108264285,0.25044398770743453,-0.03721017751827185,0.34284874598097653,-0.008754597787550306,0.45942610219642277,0.06780509961683129,0.5518307164391364,0.0962604600401264,0.6684081261855143,-0.04236088272175889,0.3635222094499242
18.727000,-0.20998864287604269,0.054277594716758575,-0.14201110001116862,0.13434167140104497,-0.1142974258158433,0.25109762310385764,-0.03698592874229295,0.3428741583138239,-0.009272450854999975,0.45963015661294593,0.06803920052766108,0.5514065618344711,0.09575248211414208,0.6681626067278403,-0.04298501462862564,0.3638390580908931
18.777000,-0.21035832300762736,0.055063166244070906,-0.14173364450458142,0.13479701880953315,-0.11478130191745817,0.25173106529991224,-0.03682619626862982,0.34296155090027963,-0.009874024241527446,0.4598956367032194,0.06808121447436993,0.5511260085995693,0.0950332159490469,0.6680601337130571,-0.04296726825165029,0.3640313337247307
18.827000,-0.21065937851316469,0.05588577295994069,-0.1415915769153037,0.13516351685978784,-0.11528649151173835,0.25224486670642676,-0.036769796889191325,0.3429924764024932,-0.010464855230982506,0.4600738585448225,0.06805195080359827,0.5508213718447909,0.09435674872400401,0.6679027862809281,-0.043076457921670225,0.36417720501094347
18.877000,-0.2108191382750413,0.05632380668421174,-0.14142242129760718,0.13544056943023286,-0.11565442661676113,0.2526412966042899,-0.03668908588153566,0.34299878086856994,-0.010921208226409351,0.4601995337720829,0.06804422272848701,0.5505569391913809,0.09381198336545862,0.667757717822564,-0.04364438356095482,0.3643601395115723
18.927000,-0.2110015474759473,0.05682231529764931,-0.14128995532860414,0.13564670083800695,-0.11595951532963589,0.2529427741288822,-0.03664414716084935,0.3429931620916753,-0.011313796447272984,0.4602892546639641,0.06800164026433872,0.5503395822549622,0.09333190170013692,0.6676356941069492,-0.04408574221280098,0.3644945046360683
18.977000,-0.21108394951384038,0.05704170967586577,-0.14119155538859474,0.1357942241619458,-0.11617108586181528,0.253156808083137,-0.036597080572079804,0.3429787301408858,-0.011576672832988855,0.46034132723454574,0.06799737974164319,0.55016320740218,0.09301772570072173,0.6675258176666387,-0.04415294069901596,0.3645395695307933
19.027000,-0.21115427357769315,0.05723663173496397,-0.14113915904646374,0.13589359671364923,-0.11631354599337596,0.2532975529354829,-0.03657597645262539,0.3429743057967114,-0.011750396847253736,0.46037826909121543,0.067987198238245,0.5500549992389013,0.09281274440360276,0.6674589696044371,-0.044307554774127816,0.3645988122907565
19.077000,-0.21116488525019506,0.05725631887933435,-0.1411106472128787,0.1359313036531758,-0.11637437417263237,0.2533541157275806,-0.036574392372025144,0.34297533478047326,-0.011838124903091357,0.46039814802853,0.06796186114686828,0.5500193632977398,0.09269812305170608,0.6674421777179276,-0.04449620799215945,0.36463979208322655
19.127000,-0.21113098470871883,0.057169653352526134,-0.14111781797137643,0.13592061928787702,-0.11633639074171463,0.2533339101195814,-0.03656232964057343,0.3429782026033369,-0.011780879501993385,0.4603914885998479,0.06799316410355571,0.5500357966528506,0.09277463715873491,0.6674490778125425,-0.04450143206799945,0.36464258301926783
19.177000,-0.2110846114720573,0.05701714273965591,-0.1411734656839274,0.1358854862355752,-0.11623485392169104,0.253265491531875,-0.03657476994053274,0.34301108206485953,-0.011636107489128411,0.46039107659170325,0.06802393773033502,0.5501367015303728,0.09296265087857078,0.667516685286109,-0.0446086467681065,0.364676064325066
19.227000,-0.2109532536002939,0.056639338203077004,-0.14127920193239185,0.13580576951738882,-0.1160344141198751,0.25312030688667997,-0.036571984905926225,0.34304095156680814,-0.011327118285883897,0.460355471977566,0.06813525051527092,0.5502761700441456,0.09338019595051505,0.6675906734946631,-0.044405653375842985,0.36464944925367065
19.277000,-0.21085729039135798,0.056297131271901286,-0.14142614146798427,0.13567548807559002,-0.11579935495256151,0.25290717241303057,-0.03664058884826002,0.3430952522730234,-0.01101369633629129,0.46032691343962273,0.0681449882159621,0.5505150648784052,0.09377198673192605,0.6677467028724345,-0.044581334318767984,0.36465035786165717
19.327000,-0.21063152233842636,0.05564168118663511,-0.1416058155379109,0.13545774596638935,-0.11546923217563307,0.25257682640675244,-0.036718470933251174,0.34312138778266166,-0.010581754320256431,0.46024043848638624,0.06816890389881641,0.5507850894662938,0.09430575376970607,0.6679041104316188,-0.044213393678649016,0.3645272212060572
19.377000,-0.2105641954053407,0.05527103276691667,-0.1418604257705358,0.1352529134264563,-0.11511096394844195,0.25223353700223394,-0.036841775033832624,0.34319470490701337,-0.010092153864207448,0.4601752920453544,0.06817691113708538,0.5511365665734504,0.09492669166181908,0.6681171172723938,-0.04433288505872493,0.3646134614613047
19.427000,-0.21058496109221497,0.0543129758730769,-0.1422891389990776,0.13507920283612082,-0.11470354455729528,0.25186548190606495,-0.03694747445544766,0.34326566550471016,-0.009361694821468203,0.4600519008310314,0.06839423033678729,0.5514522077360587,0.09598019516990017,0.668238399316809,-0.044759334313313026,0.3644874500609143
19.477000,-0.21058727775814112,0.0537026503468773,-0.1428695698205163,0.13470412470021498,-0.11441318590973779,0.2512812846187519,-0.0372827884261564,0.3432100711003575,-0.00882619482932373,0.45978717983451006,0.0683040372955516,0.5517161050556761,0.09676084058549203,0.6682931626033228,-0.04430422334909817,0.3643003675132035
19.527000,-0.21065615228657994,0.05276171497506362,-0.14350471760325217,0.13445382869668157,-0.11399835430621048,0.2507696682241608,-0.037557508196145756,0.3432726251821781,-0.008050911254541188,0.4595884054397382,0.06838974903655154,0.5520915159510131,0.09789657962995385,0.6684072369363191,-0.04365629110529018,0.3640762960052816
19.577000,-0.210730776003636,0.05204499658381457,-0.14424444901611516,0.1341501143691891,-0.11360543706819003,0.2501727455531736,-0.03791256492309017,0.3432887436760825,-0.007273296932949952,0.4593113072446763,0.06841936971431423,0.5524274724139213,0.09905889375357996,0.668449968364695,-0.044085635130784506,0.36397026065708404
19.627000,-0.21085446677636766,0.050928087433063964,-0.14506337141781006,0.13381501305014853,-0.11313102610892409,0.24948836920044815,-0.03825894046437889,0.34326560946286944,-0.0063263175385323,0.4589388889749316,0.06854554303372332,0.5527163089354358,0.1004784435830812,0.668389511806735,-0.04451971445671438,0.36384915224494413
19.677000,-0.21094417601487028,0.050166486644319865,-0.14594876951876523,0.13348698565532155,-0.11267281093130299,0.24878100362713784,-0.038686865358611905,0.34325893680581604,-0.005410609293426377,0.45855286891971436,0.06857509250462562,0.5530309929985175,0.1018516460537694,0.6683248392518669,-0.043786429267134525,0.36348264990754636
19.727000,-0.21108977870210796,0.0490514349613801,-0.1469029503783856,0.1331902691882464,-0.11212745631885421,0.24804088961719964,-0.039095182870461404,0.3432579418450394,-0.004319372575459585,0.45810846652092424,0.06871263869143435,0.5533257198435878,0.10348876522785483,0.6681761487636527,-0.04287864551998288,0.3630600185326638
19.777000,-0.21134949600226047,0.04848007542683365,-0.1479592860256045,0.13299838679182696,-0.11166303091021101,0.24737750140774695,-0.03965259612971517,0.3433696742588985,-0.0033560078494025425,0.45774868315009876,0.06865414731852015,0.5537410657575424,0.10495106876862748,0.6681199689214073,-0.04352739068812672,0.36314587581002583
19.827000,-0.21168779717734498,0.04781746938362238,-0.14910754610895274,0.1330398834475049,-0.11104690785600271,0.24684404776171723,-0.040038258904408125,0.34357962432719885,-0.001977272016829623,0.4573836720435335,0.06903108058035778,0.5541194661469598,0.10709241610781234,0.667923397262474,-0.042290528560136625,0.3627881391210913
19.877000,-0.21205143405330426,0.04748086808246446,-0.15045357221382577,0.13321236346497056,-0.1105628821360756,0.24638803595648145,-0.040560325719828455,0.3438541433701883,-0.0006692735341837786,0.4570296882299638,0.0693329710313397,0.5544960196217769,0.10922438532805015,0.6676714368473965,-0.042861898252744085,0.36305298726101787
19.927000,-0.21261746741158938,0.04678108183401368,-0.15165569049313252,0.1332909263195885,-0.10987815913909962,0.2457837610841269,-0.04100153032862364,0.34404875995593964,0.000776375083349018,0.4565414558023245,0.06965267713753814,0.5548066837057571,0.11143095661103775,0.6672992406312407,-0.041692868816292805,0.3625330724075052
19.977000,-0.21280592159409345,0.04633218818090282,-0.15330402911042287,0.13352656433301727,-0.10959894222349088,0.2452846306200001,-0.04184773487245014,0.3443289333459836,0.0018577359874243082,0.45608684947238876,0.06960860303728303,0.555131384980373,0.11331445787233649,0.6668891509438046,-0.04238297634230059,0.3627098353282152
20.027000,-0.21309725849110298,0.045711353608286306,-0.15441592605306614,0.13353104266458682,-0.10873039344079066,0.2444942442418701,-0.04220894568989994,0.34436865030670416,0.0034769791149627527,0.45533169041048305,0.06999807385714063,0.5552063315962227,0.11568439085606264,0.6661692102242701,-0.04273589501444153,0.3627693500500734
20.077000,-0.21329499060467635,0.04542915567722039,-0.1557857009305959,0.13390278255782856,-0.10807025016108157,0.2440083489389036,-0.042741508091412556,0.34466695739714065,0.004974341017547013,0.4547723511526098,0.07030271891201637,0.5554311959643389,0.11801896636301737,0.6655364170913655,-0.04160247832700795,0.36232679496763753
20.127000,-0.21366387192531758,0.04536007933766452,-0.1573027536345755,0.13452980490386077,-0.1075139602730348,0.2437134852576417,-0.043467260090101795,0.3451926466439435,0.006321935939719053,0.45437614337627424,0.07036826186455722,0.5558555409677016,0.12015786056128266,0.6650388540774155,-0.042219143940996684,0.3628754355579802
20.177000,-0.2139942959561563,0.04539297467686102,-0.15872165616860714,0.135158835766206,-0.10692622761862847,0.2434050069741152,-0.04420268952217074,0.34570729320653804,0.007593144177558742,0.45395327055072376,0.07031629936960976,0.5562557915483622,0.12211253821710888,0.6645015750279084,-0.041100716642046814,0.3625035711939024
20.227000,-0.21470933471431278,0.04539628030974423,-0.1603607579668311,0.13583413378949588,-0.10648441691840856,0.2430597831238168,-0.04503076950019946,0.3461299010958028,0.008845977166714508,0.4533553466230745,0.07029923468636717,0.5564256970638485,0.12417638696840994,0.6636509387838384,-0.04185666443328337,0.3628121846553382
20.277000,-0.21513431697511132,0.04554045028606841,-0.16222922608533527,0.13665354396120388,-0.10626669750834115,0.24280530038617704,-0.046051266861138085,0.3466036718065505,0.009911665995315982,0.45275521509699385,0.0701267013286441,0.5565538158455444,0.12609003845948744,0.6627051460021633,-0.041126376214757676,0.3625053229199527
20.327000,-0.21529464390836903,0.04558323172679583,-0.1636658547021827,0.13741548292738093,-0.10563325011731019,0.24244984304393358,-0.0468740318105102,0.3470794481467516,0.011158973887804069,0.4521135866428485,0.06991779263107084,0.5567434161366107,0.12795119943614347,0.661777333013945,-0.04005964311730517,0.3619629499527757
20.377000,-0.21541923951086725,0.045736931006063734,-0.16510172285409888,0.1382440984951663,-0.10511558983546879,0.24217515182122615,-0.047823801475439354,0.34761542394958567,0.012162728006869489,0.4515462484467539,0.06945411415529879,0.5569867391189076,0.1294410400920274,0.6609173347905122,-0.04094384826091757,0.3624945526066969
20.427000,-0.21549959562471957,0.0459933742019934,-0.16649249490640966,0.13908696197452705,-0.1045519182227454,0.24186519391061462,-0.04876206708106845,0.3481078054627633,0.013178899596859861,0.45088580236296016,0.06896834761051207,0.5571286256037008,0.13090970427183407,0.6599063874725408,-0.04170832078280243,0.36298431172215556
20.477000,-0.21580154873363705,0.046420452338750445,-0.1679265071220682,0.14005993790581575,-0.10410839278484633,0.2416830074932384,-0.04978324013656843,0.34868196911322785,0.014035256361581622,0.45030479870699597,0.06836000665374475,0.557303964608927,0.13217888529799238,0.6589265542163502,-0.04094321891059294,0.3625787797544473
20.527000,-0.21556333572961656,0.04685025537766549,-0.1692086126818244,0.14118959995613067,-0.10355151514583436,0.24163433870903384,-0.05065763554139241,0.3493480216856545,0.014999834849997784,0.44979251671546266,0.06789331463122719,0.5575063960283435,0.13355115786768354,0.6579506473398367,-0.041544445941593205,0.36312829554072623
20.577000,-0.21575501548939102,0.04729964621235828,-0.17036871756310926,0.1421861695917661,-0.10305103913259994,0.24152563887057546,-0.0516719393170984,0.3499700397815664,0.01564610176519965,0.4493092633073704,0.06702480570428734,0.5577538517769352,0.13434320942993663,0.65709282955352,-0.04117211835281981,0.3628363134448963
20.627000,-0.2158183727148736,0.047981490843555914,-0.1719774088572302,0.14346598184043943,-0.10283393552573965,0.24154340043585118,-0.05289809046004612,0.35065990387713725,0.016245732956229886,0.4487370756657684,0.06618118854985255,0.5578537573433664,0.13532536204283124,0.6559306823290445,-0.04197430809200062,0.36337959953540006
20.677000,-0.216324383283461,0.04864248687861975,-0.17343226894518543,0.1445937151708105,-0.10271076157430778,0.24153941200591947,-0.05421409981163483,0.35130312908528055,0.01650774498413629,0.44824857976926485,0.06500402472551864,0.5580124656353924,0.13572620693928744,0.654957670171483,-0.04172594327187304,0.36302636777859093
20.727000,-0.21618681365700554,0.04940824621245008,-0.17484230982287824,0.14582052676755303,-0.10253513341151937,0.2415893747262664,-0.05542254135824004,0.3519542408227774,0.016884958401800848,0.44772284464665174,0.06399717784250292,0.5580878698034042,0.1363050009451084,0.6538562294953447,-0.04280969650231961,0.3637911914463575
20.777000,-0.21626988572900116,0.050120025335425075,-0.17610469856678662,0.14715785540311438,-0.10223690283621162,0.24172819282176128,-0.056497136743991705,0.35266904981637015,0.017370966798840093,0.4472391468056108,0.06311037180913537,0.55818015266986,0.13697878315855616,0.6527500092325083,-0.04223403910182888,0.36338329727030955
20.827000,-0.21636769959011654,0.05095707600877165,-0.17729342957545277,0.14842807808347447,-0.10196668265699252,0.2418405033610631,-0.057609360885664485,0.3533413015321419,0.017717677362150713,0.44675349188420915,0.06207465140324106,0.5582544283889327,0.13740198097525028,0.6516663838181411,-0.04182221401843991,0.36290893727837314
20.877000,-0.21629733361429987,0.05134543612844165,-0.17852519580329948,0.14948787984708506,-0.10194412228820957,0.24187477923621545,-0.05889613767297705,0.3538875955564623,0.0176852112119521,0.446274266686153,0.060732861967638,0.558287211312402,0.13731448621785702,0.6506736541850396,-0.043122327561764984,0.3634708842943162
20.927000,-0.2161431503990985,0.05177581767170997,-0.17960665273419524,0.1502848298036538,-0.10180825490536602,0.24164898738405077,-0.060135331600728176,0.3541806160949138,0.017663323788388335,0.44554455435697504,0.05933592986644648,0.5580763005432697,0.13713484281085359,0.6494400194899979,-0.04286868563805504,0.36275633334029456
20.977000,-0.21594848976389877,0.05187161987781772,-0.18060218861812877,0.15100612296630037,-0.10170757147505102,0.24142536528426545,-0.06131921637964155,0.35442439520569224,0.01757564051305585,0.444843428331403,0.05796369599268708,0.5578425653416936,0.13685879262968653,0.6482613892786695,-0.043873914579032613,0.36286842257100427
21.027000,-0.21563444263049977,0.05228366059228962,-0.18134258785613902,0.15164181287189768,-0.10144764794660671,0.2411783895967416,-0.06226276976819989,0.3546003685671924,0.017632391774817846,0.44413674752438853,0.05681698919989375,0.5575588234887461,0.13671237237109424,0.6470950046820403,-0.04484976622310152,0.36314284066215663
21.077000,-0.2153936635279672,0.0523784416639341,-0.18212858887553174,0.1522637938448677,-0.10131255399507091,0.24096987310665013,-0.06327827279724152,0.35478284883005196,0.017537964950382207,0.44348874326845356,0.055571985866800844,0.5573018059729624,0.1363884264763756,0.6460075155918823,-0.04458450317557652,0.3623830176385814
21.127000,-0.21512603914796702,0.052639271229637456,-0.1828169153039598,0.15273821598772905,-0.10116606958947344,0.24067648633524968,-0.06422382200283847,0.35484859476299946,0.01742720717578153,0.442786694763378,0.0543692165711932,0.5569588802615079,0.1360204292087691,0.6448968099188392,-0.0444699043852779,0.3618395005889579
21.177000,-0.2149735014198546,0.05297192524860575,-0.18344491346462283,0.1532468994385725,-0.10105368859777976,0.24049187674260486,-0.06508055013131467,0.354973025011097,0.017310838982519783,0.4422178472054974,0.05328376193123674,0.556699063195395,0.13567531528680005,0.6439437302845483,-0.04436480504094778,0.36125408571188977
21.227000,-0.21487628414513002,0.05387737409834286,-0.18398185731711014,0.15408185489930198,-0.10087644200300357,0.24064680128383653,-0.06572239036838631,0.355382116914064,0.017383169264649057,0.44194692474708286,0.052537029616919584,0.5566822989846314,0.13564273356429435,0.6432469682700782,-0.04575057427251081,0.36251391059033916
21.277000,-0.2147961592706798,0.05440173981409051,-0.18456284995903213,0.15506251335928756,-0.10082796081870837,0.2410187134884812,-0.06635931845047341,0.355961798070414,0.017375695343863073,0.4419178767667725,0.051844171019744645,0.5568610113355663,0.13557930946440144,0.6428169686023344,-0.045500553163421886,0.3623104849093247
21.327000,-0.21464176215720165,0.05495355525961398,-0.18498139992622958,0.15573858356025339,-0.10070002008195894,0.24115900858580402,-0.06682478256004565,0.3562783739542506,0.017456701733946783,0.44169869592274613,0.051331798491000113,0.5568181027128275,0.13561338723163924,0.6422383216270501,-0.04530970684023031,0.3620638776930456
21.377000,-0.2145538822179974,0.055293865380563224,-0.185310123520347,0.15632223782342253,-0.10060530255753135,0.2413227866784578,-0.06724513075245828,0.3565924658535813,0.017459774833512465,0.44159293037979247,0.05081983188054212,0.5568626427669536,0.13552482208705402,0.6418630229667776,-0.04562897984434813,0.36236657810464956
21.427000,-0.21445352901553033,0.05569302749954873,-0.18556747859494163,0.15680199743039608,-0.10051810202862954,0.24145779194962236,-0.06756066007722353,0.35684326339217237,0.017488780780324426,0.4414989933212106,0.05044613510286322,0.5568844897930741,0.13549564024927602,0.6415401551342085,-0.045787188988128585,0.3625228276451728
21.477000,-0.2144076614952164,0.05587964134617778,-0.18575829094732466,0.15716207785778996,-0.10046380216605554,0.24157090549768653,-0.06780457449241648,0.35704113909821755,0.017489958638810588,0.44144992192278987,0.05014912564205021,0.5569201726831233,0.13544370312098825,0.641328910694595,-0.045631804630522965,0.3623660968606159
21.527000,-0.2143747099437537,0.05603108698259035,-0.18587645537685774,0.15738699352702845,-0.10042457281842077,0.24163647879084998,-0.06794963929676057,0.3571586787905189,0.017502267210450784,0.4414081397637656,0.04997716789352674,0.5569303489948226,0.13542909834733385,0.6411797856796899,-0.0455369288888518,0.362269417022373
21.577000,-0.21437127029452543,0.056051257644765165,-0.1859339523404234,0.15748444892935481,-0.10041950138062118,0.24167042565376706,-0.06802568691009753,0.3572153986470057,0.017488768012376754,0.44140137134621393,0.04988257704471824,0.5569463458640835,0.13539703592686533,0.641132314541134,-0.04551126291505031,0.3622353996415998
21.627000,-0.2143842635329272,0.05590461980090521,-0.1859054645100385,0.15742428862019053,-0.10042442267800314,0.24164418821223907,-0.06799778570971646,0.35717995416766446,0.017483239670258416,0.4413998704581298,0.04990989920973676,0.5569356300786502,0.13539090813407773,0.6411555630711531,-0.04533464512537025,0.3620197877378402
21.677000,-0.21441146800134514,0.05569998389044143,-0.18580873540355558,0.15720432062899364,-0.10044928578832929,0.2415474552718313,-0.06788736259710132,0.3570451658902173,0.017472050582959003,0.4413883374072399,0.0500340236699994,0.5568860339586377,0.13539340041089418,0.6412292423538618,-0.045251610947220494,0.36189079336610247
21.727000,-0.21440571936582353,0.05519454253547251,-0.18561401999874513,0.15681464509559423,-0.10048458003354027,0.2413899278394896,-0.06768150645735557,0.35681937973091227,0.017447876684630548,0.4413947196703072,0.050251027816397786,0.5568241495217332,0.13538035413089677,0.641399546660847,-0.0448826097470621,0.36143410893643335
21.777000,-0.21442422454844598,0.05476926755723093,-0.18531157364058834,0.1562327982180272,-0.10050046892921968,0.24112730049958514,-0.06736579112718563,0.35646200094552793,0.017445236819726512,0.4413565799160621,0.05058001891389072,0.5566912503997127,0.13539097009199483,0.641585906063432,-0.04524322733233738,0.361766906473608
21.827000,-0.21451902536507264,0.0540396228448387,-0.18495869783792446,0.15552767852236776,-0.10057243126669135,0.2408444882035122,-0.06699111681903064,0.356049936512032,0.017395052679728296,0.4413668422067802,0.05097649820967573,0.5565722523059542,0.1353625706314768,0.6418892540185223,-0.044317836484528916,0.36069230129397506
21.877000,-0.21470758958214436,0.05355137643425187,-0.1846290471486285,0.15479079797842565,-0.10071921749803099,0.24057623082111448,-0.06656529682852608,0.35561322357953534,0.01734441596372946,0.4413987707254325,0.05149849334187856,0.5564357169577068,0.1354080892713384,0.6422213784108572,-0.044350617674790066,0.36064090682549543
21.927000,-0.21545370810001946,0.05308901228812198,-0.18440492471774173,0.15410627446109246,-0.10103929294364077,0.2404206500792387,-0.06614328201720232,0.3552347102857998,0.01722221288167683,0.44154921810291226,0.05211840587881833,0.5563632229716573,0.1354837638981689,0.642677862991476,-0.04383828450396643,0.3600979530673275
21.977000,-0.21598216796859887,0.05278629927251968,-0.1842691559896123,0.15349595795157917,-0.10145518697974028,0.2403397633542519,-0.06565129753611665,0.35487395694153295,0.017162515264037115,0.4417179113050141,0.05296661072302056,0.5562520404907901,0.135780267309295,0.6430961438185113,-0.04399012296619928,0.36025937151931886
22.027000,-0.21693030924467216,0.05224185841890469,-0.18413380160486456,0.1527905059837958,-0.10198139011158626,0.24026039386435988,-0.0651591166510864,0.3544712522675774,0.016993119134821377,0.44194130517356334,0.053815622014020126,0.5561520896105463,0.13596768208879012,0.6436223075448282,-0.04343674235555739,0.3596257143514501
22.077000,-0.21759140283899697,0.05186557719578042,-0.1839714248885344,0.15200066163969608,-0.10254160881507204,0.24014364238258953,-0.0646269241155682,0.3539965153552871,0.016802697434631975,0.44213967580572233,0.05471763338863164,0.5559924651066617,0.13614706041244104,0.6441358052667338,-0.04370928796836515,0.3598151127255428
22.127000,-0.21866907856858386,0.05132456073378887,-0.1837832109729032,0.1511819367054509,-0.10318554653530648,0.2400864725132743,-0.06407216979210678,0.35353312852280383,0.016525281266610264,0.44243785777180233,0.05563893028203015,0.5558844199087773,0.13623616795917742,0.6447893426004563,-0.04308206619998731,0.35914915448238705
22.177000,-0.21944216886674148,0.050991842308907215,-0.18357850281241606,0.15034697041017536,-0.10383974281692958,0.2400226647447172,-0.0634323057270764,0.35301487256379444,0.016306222882414123,0.44269077264399126,0.05671395150941114,0.5556828762052888,0.1364522487305588,0.6453589820321582,-0.043429617436223616,0.3594205255036199
22.227000,-0.2206786591819946,0.05055057280733436,-0.18335602327015638,0.14951065589919746,-0.10458423817976006,0.24003692763106757,-0.06278404109219407,0.3525213422112245,0.01598749473020039,0.44304783084400634,0.05778800153604685,0.5555321303296428,0.1365592880883778,0.6460588358639245,-0.04391238054056937,0.35980807251727087
22.277000,-0.22146119150768392,0.0502366173399388,-0.18313433383853034,0.14868803257750102,-0.10534701051823521,0.24006161918262525,-0.06207329111197002,0.3519874214232814,0.015713766046776517,0.44336123461394433,0.05898781146957913,0.5552869108067279,0.1367746024647359,0.6466609505833303,-0.04305784426496617,0.3590262186018937
22.327000,-0.2230459129070979,0.04942679041734192,-0.18288785807778846,0.14754442838192455,-0.10620749700142293,0.23984893653393513,-0.06139259747569975,0.3511666115927331,0.015287480822384958,0.443471354657139,0.0601027213665018,0.554788892426215,0.13678251688374382,0.6470938704036802,-0.04257693636031895,0.35787544445431674
22.377000,-0.2242891662941148,0.04946068697295494,-0.18287701426717834,0.14657977957641172,-0.10721310860782915,0.2397193167119881,-0.06079158980694113,0.35037663723770335,0.014872018221597755,0.4435164161592796,0.061293890622762665,0.5541735883465455,0.13695720101770206,0.6473136090548084,-0.0431655782498582,0.3583069372514971
22.427000,-0.22613551671409246,0.04951482020496143,-0.1828446738762275,0.14592206123233611,-0.1083332756778273,0.23998614331687168,-0.06010954496363227,0.3498700447578714,0.01440154067294555,0.4439343744325435,0.06262563650505737,0.5538181156368995,0.13713640957622164,0.6478826929028619,-0.042385833030683384,0.3576101011155643
22.477000,-0.22742571257230246,0.04954293671413293,-0.18283389399001368,0.1452498358475867,-0.10943362713095886,0.24018350124054091,-0.059338709316974714,0.34922706688816724,0.014061231499719357,0.44416098436778934,0.06415652380362616,0.5532043779729233,0.13755613857429846,0.6481385475402547,-0.04458219553843845,0.35924378266144213
22.527000,-0.2292625093598785,0.04963314840860019,-0.18263443810920785,0.14444380596669643,-0.11049291748311046,0.24033750231409942,-0.058540199732094816,0.34850827062940193,0.01360098203525012,0.4444022219017556,0.06555408201421542,0.5525728066381582,0.13769492491880042,0.6484670128366028,-0.04384910267443551,0.35839481895882414
22.577000,-0.2304811772986938,0.04957002104457954,-0.18255641112395432,0.14378886868215285,-0.11157453420464102,0.24054409153332007,-0.05774961644087426,0.34779556344722184,0.013231910648655587,0.444551042940664,0.06705721617773397,0.5518023202508954,0.13803839343324947,0.6485580563877709,-0.04300298096787919,0.35737337499863187
22.627000,-0.2326840521284514,0.05046670331095525,-0.18263429343147594,0.14326550926789366,-0.1129359259293944,0.24094937470861746,-0.05721315137308608,0.3472271823428084,0.012484856138175043,0.4449113046394072,0.06820802234546022,0.5511889069252065,0.13790566986175798,0.6488732860786339,-0.04409521020111898,0.3581940707083384
22.677000,-0.2340446408828016,0.05097729267487371,-0.18270630256127468,0.1430531960634801,-0.11428328222927411,0.24163458522056397,-0.056537566255908,0.3468269437187232,0.011885085259614098,0.4454085888616161,0.06963119477501978,0.5506007313225278,0.13805347746806235,0.6491826324533504,-0.0432744379317033,0.3576551248123458
22.727000,-0.23575845350516939,0.051770653618437225,-0.1823892585887389,0.14270727366540736,-0.11535163588828178,0.24223594860054865,-0.05562201173269582,0.3463146303645934,0.011415234509622313,0.44584355886239924,0.07114525232565022,0.5499220147080048,0.13818212210339953,0.649451196770736,-0.04250831383263404,0.3571991751038138
22.777000,-0.23704211766172895,0.052459233234252826,-0.18223666649247314,0.1424543919845781,-0.11656938607193303,0.24289247381696955,-0.05490772254777404,0.3458382811693499,0.01075917537852375,0.44627661307872196,0.07242123094318503,0.5492221856087761,0.13808774636722804,0.6496607675982878,-0.04347726754617445,0.3578786057928748
22.827000,-0.23896919385197804,0.053660789785272764,-0.18214384046949766,0.1423714186260981,-0.11789000128117355,0.2437195520551898,-0.05427265999666897,0.34546842864796046,0.009980792172656017,0.44681680744271113,0.07359852200360298,0.5485654411001546,0.13785158714551207,0.6499140652638283,-0.044553206756243385,0.35862722897654
22.877000,-0.2402279451640492,0.05451374503581214,-0.18209976951759327,0.14233183721591552,-0.11918148488472627,0.2445144651859259,-0.05361517915931943,0.3450184927346889,0.009302715694468583,0.4472013607075915,0.07486940479323756,0.5477051381521503,0.13778690985957504,0.6498882461310493,-0.04391107887676335,0.3582176833331068
22.927000,-0.24172003235545936,0.055704718096757165,-0.1818247907101102,0.14225857931887959,-0.12039747437868628,0.2453443921561424,-0.052991849798709384,0.3446242077028243,0.008435075384244345,0.4477102536186893,0.07584107666755752,0.5469898134031381,0.13726761069345933,0.6500760924007077,-0.043284171617988976,0.357878484214151
22.977000,-0.2428319296852389,0.0566491093434197,-0.18152546003026018,0.14221143528212088,-0.12153680182690968,0.24614103109791702,-0.05234395097383543,0.3441836207504171,0.007644316412016489,0.4481134421469576,0.07683753594425771,0.5461557716057536,0.13682541250549454,0.6500858185851865,-0.044527529701550134,0.3586524903740562
23.027000,-0.24449110152889092,0.05819172962397675,-0.18134568723094577,0.14236993761351147,-0.12284353222158101,0.24714349275965522,-0.05189159656491665,0.34392067406434407,0.006610169729330984,0.4486944462554547,0.07756246444239506,0.5454713643178627,0.13606384201611077,0.650245353555072,-0.044137556095312724,0.3584677413793103
23.077000,-0.2457564845966035,0.05951716130038587,-0.1813750030631182,0.1427091835398621,-0.12423928932487205,0.24823411052690691,-0.05154106330557365,0.34370645172396225,0.0055942656010253555,0.44923158707443067,0.07829283980572352,0.5447036631417493,0.13542778387625312,0.6502290068562212,-0.046961711784982874,0.3601151355434944
23.127000,-0.24725247647518006,0.06134925232737791,-0.1812190170927382,0.14307571329776003,-0.12544922475307663,0.2493288556625436,-0.051108648683545393,0.3435279997650789,0.004660764273982848,0.44978134125781805,0.07900167669959138,0.5439802199121202,0.13477071027276297,0.6502337605322539,-0.04650102026981559,0.3600373312248378
23.177000,-0.2482392167542601,0.06267553519333122,-0.1810314595833059,0.1435315223547266,-0.12657149842429602,0.25046193257819455,-0.050553365608366485,0.3433125840739147,0.003906223671230058,0.4502431836958079,0.0799246794154333,0.5430935708046758,0.1343838968143249,0.6500243598240234,-0.04610028992241835,0.3600827310105973
23.227000,-0.2495556729612695,0.06463114895653252,-0.1808477736203113,0.14405698235981917,-0.12768704834269373,0.25163921736150363,-0.05010599082248271,0.34318799951640555,0.003054371632779218,0.4507704138025015,0.08063573791566597,0.5423189343021828,0.13379573754817065,0.6499015278713663,-0.04708763746027106,0.36073971588686476
23.277000,-0.25032909400447295,0.06589033893934367,-0.18052280844304247,0.14448705391258243,-0.12865175624581993,0.2526970069850841,-0.04956889927335445,0.3429516563560309,0.002301800965427342,0.45116177814109526,0.08138495150759359,0.5414161702797887,0.1332552997882017,0.64962646077588,-0.0465735876096843,0.3606747501050187
23.327000,-0.25139465049470966,0.06793406777215866,-0.18019342500459806,0.14498744301545036,-0.12962854848213817,0.25381387942086053,-0.04913674255281886,0.3428142680555044,0.0014277947186601136,0.4516408620891028,0.08191987810351498,0.5406409997926281,0.13248407612545432,0.6494677514524588,-0.04767837170798456,0.36139431243900944
23.377000,-0.25215453037665486,0.06948019647502787,-0.17994949437811247,0.14581335677783774,-0.13060863163325556,0.2552001899140602,-0.048814480558203754,0.3430051832225179,0.0005260569007955462,0.4523921630840885,0.08232046908957852,0.5401969131530807,0.13166068126667912,0.6495840397370495,-0.047425047355071165,0.3618443769452945
23.427000,-0.2531676882072678,0.07144245353073868,-0.17974634882732385,0.14649602573904186,-0.13159282783133622,0.256410712726837,-0.048555516570439106,0.34304098998784516,-0.0004023049801830658,0.4529558125254812,0.08263525014734496,0.5395858560334988,0.13078815233665325,0.649500814117842,-0.048510066127360224,0.36251787123366846
23.477000,-0.25366062502415654,0.07261177845587417,-0.17945399960260217,0.1470411900546128,-0.1323787840348281,0.2574220039637667,-0.048186649076649435,0.34293039192181163,-0.0011117259200136287,0.4533113305380261,0.08308063556281214,0.5388194954577862,0.130155266314528,0.6492005587774937,-0.048221283445316926,0.362637192742648
23.527000,-0.2543609542695045,0.07442570211153807,-0.17925784346915574,0.14769678771219952,-0.13322047690612276,0.25851447980085895,-0.04800833389177758,0.3430064361062168,-0.001971241806534907,0.4538242422217094,0.0832411104825429,0.5383159874680099,0.12927792809696015,0.6491339076066451,-0.049260732024132836,0.36329512169600003
23.577000,-0.25483219778456406,0.07564539509938865,-0.17898887423957321,0.14837290084745883,-0.13395522770985496,0.2596022615149418,-0.047783286985443235,0.34311511457516297,-0.00274989493132205,0.4543445782723341,0.08342223685741906,0.5378572341841976,0.12845537444298283,0.6490868009075293,-0.049008697065458046,0.3635960427446812
23.627000,-0.2554437483112353,0.07743598140498557,-0.17867285184343373,0.14904548496495204,-0.13455684288065434,0.2606419802035591,-0.04748819037360533,0.3432195179909967,-0.0033724142907907706,0.4548161052907676,0.08369641053869942,0.5373934613833458,0.12781195374899518,0.6489901407407748,-0.04891013711449235,0.3639924812654062
23.677000,-0.25583227219300586,0.07838984002463223,-0.17848259769871383,0.14969896294775537,-0.13519321193272793,0.2616187068692755,-0.04734122135737337,0.34336237788687557,-0.004052046324917458,0.45528220331769176,0.08380009816474965,0.5370257089193756,0.12708906247213947,0.6489456158557579,-0.049791962456781386,0.3644815399771196
23.727000,-0.2562469253289502,0.07958717816565979,-0.1783216038358599,0.15011395412035167,-0.13579604326473332,0.2623261490438902,-0.047248374877186666,0.34331571882998835,-0.004723001404676519,0.4555279846589527,0.08382480202083309,0.5365174068048439,0.12634998840265538,0.6487297435358726,-0.050529568525419066,0.364846939970234
23.777000,-0.25653872867830035,0.08035787984531519,-0.1781514788797573,0.15050542918090548,-0.1363029454203153,0.2629718696280439,-0.04717126835912239,0.34331827039828117,-0.005322898013810473,0.45578477153971936,0.08380889557490567,0.5361310430408325,0.12565710281354653,0.6485976048735255,-0.050524427492536716,0.3650102311928145
23.827000,-0.2569473274808574,0.08140181045410093,-0.17804816475676227,0.15092133949182135,-0.13675380457457514,0.2635924352200709,-0.0470927010368368,0.3433476012442926,-0.005798478635467952,0.45601874746960985,0.0838627224294844,0.5357738038531793,0.12515680705737137,0.6484450005726845,-0.05059530098884979,0.3651958865942554
23.877000,-0.25713369758074,0.08195329529404413,-0.17796283851893616,0.15127698645037818,-0.1371092055500818,0.2641086339274751,-0.047008274650006426,0.343366581479574,-0.006154754019152553,0.4561982696315028,0.08394625578958198,0.5354561274796541,0.12479966408979382,0.6482878563036241,-0.051098068246845624,0.3654646010210407
23.927000,-0.25726871234282334,0.08250633265771087,-0.17782724688220958,0.15150609332804513,-0.1373642876440216,0.264478430337576,-0.04693965696960567,0.34336687161450574,-0.006476783533397645,0.45633923935543463,0.08394790705350119,0.5352276119585737,0.12441069469508159,0.6482000104281941,-0.051197436957646336,0.3655744555753644
23.977000,-0.25733057724507896,0.08276306032312754,-0.1777182558788264,0.15166554161763857,-0.1375412422057246,0.26473988694937595,-0.046884027011140306,0.3433609358679266,-0.006707072754453591,0.45643530231119134,0.08395018374952029,0.535056303596236,0.12412707859706285,0.6481306911484094,-0.05154769054637873,0.36573428651172346
24.027000,-0.25737436865014895,0.0829545897363043,-0.17765089423434036,0.15176557381563266,-0.13765839113056394,0.26490530907894083,-0.04685738547176432,0.3433602475551643,-0.006864914533646571,0.4564999941883472,0.08393611342675339,0.53495490685347,0.12392855220643301,0.648094664853965,-0.05176643364933231,0.36583373128061536
24.077000,-0.2573738033058668,0.08297197395978827,-0.17761447794569907,0.1517885560645348,-0.13770569741908822,0.2649578506449627,-0.04684938893049037,0.3433487379149667,-0.006940613733837864,0.4565180343749866,0.0839156984440304,0.534908917369066,0.12382446831755045,0.6480782157062709,-0.05186418592631273,0.3658648126170466
24.127000,-0.25735950395542506,0.08288053531628632,-0.17763346816562817,0.1517879535778358,-0.13767955505297258,0.26494132218427946,-0.04684535644699772,0.34335782786777647,-0.00689142123319314,0.45651118867040785,0.0839427620523624,0.5349277121003948,0.123896719375018,0.648081065096489,-0.051879739045217865,0.36588040242101644
24.177000,-0.25732774282365795,0.08269305920314676,-0.17768715327573228,0.1517479871957148,-0.13757568991844848,0.2648456021309174,-0.046837315053716716,0.3433729688440782,-0.006725802842794615,0.4564705664527239,0.08401253809598291,0.5349979723673087,0.12412409916824901,0.6480955526466411,-0.05198619252444833,0.3658939845699781
24.227000,-0.2572953930169585,0.08237080115938868,-0.17781264461553223,0.15168434320729526,-0.13742117949917218,0.26468226153203256,-0.04686641414625739,0.3434212891602746,-0.006474873113105795,0.45641918034828477,0.08407983933439861,0.5351582688209888,0.12447145629164502,0.6481561328696037,-0.051812097825182035,0.3658707170947214
24.277000,-0.2572465892906991,0.08207333775657921,-0.17798298232031093,0.15161710896457692,-0.13720432374540303,0.2644758746780826,-0.04690215526879171,0.3435044667298341,-0.006123394645826452,0.456363195570805,0.08417870236662728,0.5353918692811355,0.12495756504453676,0.6482505612469793,-0.051508720495263394,0.3657846650459854
24.327000,-0.25710566658644235,0.08144758285641497,-0.17822113412287366,0.15149680605690585,-0.1369258142102371,0.2641675500480374,-0.04696309657473122,0.34358234359313033,-0.005667648469347808,0.45625304059983973,0.08429497880460535,0.5356679365082477,0.1255905551094022,0.648338586527926,-0.05158960181182479,0.36580745383495045
24.377000,-0.25707313272267585,0.08104998585217317,-0.17847540974925152,0.1513626735793563,-0.13658438722149355,0.26381329488248195,-0.047039889455708556,0.34369935699420007,-0.005148713748736822,0.45614992123363696,0.08439567519012392,0.5360361053295744,0.12628700408303378,0.6484866125025798,-0.05166869053099338,0.3658912928695751
24.427000,-0.2569754758160104,0.08000472608569638,-0.17888977785386803,0.15117497517401557,-0.1362946984708648,0.26336079963137715,-0.04719831708624056,0.34374633824070094,-0.004603061202677894,0.45593209568359594,0.08449319370556752,0.5363177744744756,0.12708862609654126,0.648503464899985,-0.05210776706707948,0.3658516522488342
24.477000,-0.2570847349915814,0.07913688459442089,-0.17932446141378672,0.1506895262527565,-0.13594902086156457,0.2625759470414324,-0.04747429640339243,0.34364519603295585,-0.004098655423466879,0.4555315391208439,0.08437592380628972,0.5366009466067545,0.12775176522025072,0.648487211990987,-0.05168807409999221,0.36534944410825276
24.527000,-0.25726322604931523,0.07783624355567997,-0.1800423479621418,0.15023881158451716,-0.1357517466730091,0.26176612948146444,-0.04787922869288677,0.3434877336241632,-0.003588405143218898,0.45501496325501106,0.08428394997142397,0.5367367425211833,0.12857499578689263,0.6482638838833275,-0.0523812764774963,0.3651831380333847
24.577000,-0.25736137584863666,0.07688083098374372,-0.18083799379923196,0.14974800851726267,-0.13550166377420547,0.2608543412794498,-0.04836882846897397,0.34336415288790456,-0.0030322542890676707,0.45447038602371825,0.08410039969779948,0.5369803891093815,0.12943721803729635,0.648086522616274,-0.0517816490432258,0.3645997336794547
24.627000,-0.25744107406279904,0.075668657910095,-0.18156110869297531,0.14934377523025466,-0.1351376770882124,0.2600002933300868,-0.0487495918468302,0.3432895407050328,-0.0023258965530290054,0.45394594817974193,0.08406199020948496,0.5372354014176177,0.13048594919720125,0.6478916982644192,-0.05110039494462676,0.3641077321635088
24.677000,-0.2575692803175516,0.07496994637107823,-0.18231237064022138,0.1491265965095362,-0.1346224782573207,0.25924323540573674,-0.04903139886673022,0.3433513035369961,-0.0013412241162245597,0.4534678201435216,0.08424963959441423,0.537576107757085,0.13194009671724988,0.6476925020710289,-0.051559269925715245,0.3641387625589129
24.727000,-0.25773062284975806,0.07372087322594284,-0.18327314171618403,0.14891353872295857,-0.134116777690789,0.2583834061559728,-0.049420005000212736,0.34339197452293035,-0.0002633405834718272,0.45286170706767875,0.08443319883301498,0.537870507852482,0.13359016364580834,0.6473401055058607,-0.05200628373440924,0.3640659017175582
24.777000,-0.25775835233109795,0.07294831907389808,-0.18424931369493563,0.14874298568478245,-0.1336101679182634,0.2575348829049233,-0.049842370002211644,0.34345901238495036,0.0007970920602548559,0.4522507623836205,0.08456464016660731,0.538175135403475,0.1352044185198099,0.6469667381772556,-0.051122125293488,0.3635770458926948
24.827000,-0.25820780492859946,0.07210398831547962,-0.18534080876641673,0.14873823250936619,-0.1331203214755488,0.25677998696751503,-0.05035223690255,0.3436675244846498,0.00186858101664511,0.4517091191375469,0.08463639969041375,0.538596909946502,0.13685754824220742,0.6466383447908346,-0.050250203503171165,0.36299296556433547
24.877000,-0.2585989696880644,0.0718332316516838,-0.1865694654045275,0.14901929142895864,-0.13274000624917065,0.2562684840927814,-0.050921792307705854,0.34405105563992106,0.00290800941823377,0.4513000763634038,0.08472594296344149,0.5390829092545335,0.13855608726220886,0.6463317580351793,-0.05085229374915898,0.3634364404684603
24.927000,-0.2591450485721474,0.07146057493696326,-0.18794363065937386,0.14952553126752638,-0.13227170972072758,0.2558299865786803,-0.051461085725260675,0.3445409951935262,0.004211188359901863,0.4508452655601797,0.08502151765073862,0.5395565426330892,0.1406941448826562,0.6458606280536221,-0.049815379098262114,0.3630290351163103
24.977000,-0.2594419966671007,0.07119982428009605,-0.1892992368187999,0.15005360158224684,-0.1318431901681297,0.2554044568387468,-0.052103176295365566,0.34507903622204456,0.005353232121624529,0.4504296941783195,0.08509293805612539,0.5401045473841057,0.14254970823783986,0.6454550080394138,-0.05045342744013129,0.36353019538716536
25.027000,-0.25985596376779446,0.07086234468085018,-0.1906405324147776,0.150614482828772,-0.1313234000368921,0.2549288049828483,-0.052715137173059784,0.3455971071039901,0.006602363786274101,0.44991121966762865,0.08521030628252285,0.5405797995423923,0.1445281758203973,0.6448937025155232,-0.051038499775484664,0.36401963525389325
25.077000,-0.26013562705122617,0.07069275696113954,-0.19200646477933692,0.15123838226878522,-0.13086031887143956,0.25449122165158444,-0.0534124389441302,0.34615269608203997,0.007734080450393754,0.44940531428581787,0.0851816288169967,0.5410670688621007,0.14632852169456823,0.6443194658871517,-0.050077741938206466,0.36356921042870116
25.127000,-0.26051245691434716,0.07052215973971869,-0.19337704386423693,0.15189927858130786,-0.1303055116943754,0.25398738675097643,-0.05404605636481363,0.34663993918615366,0.009025852267155243,0.4487278147710455,0.08528496592750584,0.541380648422545,0.1483572510174837,0.6434682914232747,-0.05064979767543826,0.3640630672050312
25.177000,-0.26080687765134075,0.07048504475915833,-0.1947749625673724,0.15270172025148848,-0.12982461193310058,0.25360490133350966,-0.054772714447171245,0.3472382964644417,0.010178013833888333,0.44814123445807,0.0852295608850478,0.5417749104791005,0.1501806668068889,0.6426776053862027,-0.04966675111699756,0.3635223259425026
25.227000,-0.2611839397720309,0.07051816835653747,-0.19621949347677986,0.15353353060121355,-0.12933200234326123,0.25316316238744885,-0.055526443665474795,0.3477820796728258,0.011361424394693176,0.44741145840401597,0.08516662510950512,0.5420306549100289,0.1520548700885329,0.6416597805893347,-0.04868970787757626,0.3629365748622862
25.277000,-0.2614224565248007,0.07066196857882902,-0.19761900978811167,0.15448868488686654,-0.12885111234748364,0.25282980691420043,-0.05629576262212796,0.34841077377597174,0.012472509381326768,0.44675163387826383,0.08502749506472934,0.5423328770825709,0.15379614162307081,0.6406734752632496,-0.049368116608074,0.3635478491487633
25.327000,-0.26164646408013387,0.07083921099290935,-0.1989737191787781,0.15550749153388624,-0.12828727567097864,0.25247875894964533,-0.057013115316731616,0.3490188753044388,0.013673698530622669,0.44598987276300633,0.08494749020012898,0.5425302613112806,0.15563467437891193,0.6395009888164143,-0.04835037549464566,0.3629015111122699
25.377000,-0.2616866531352249,0.0709837270114176,-0.20025738113971037,0.15649225278385226,-0.1277717559903436,0.2521261073893494,-0.05782043223036032,0.34962899095808303,0.014665557742652546,0.4452625690446115,0.08461650956089833,0.5427657194537826,0.15710286434672488,0.638399021027362,-0.04904789900263784,0.3634917946649073
25.427000,-0.26172735786594054,0.07127884470193745,-0.2014499864253818,0.15752553563593552,-0.12714173452337738,0.2517501804973908,-0.058532056874472715,0.3502017530236939,0.015776552575802905,0.44442611591124814,0.0843858566564264,0.5428779487715921,0.15869482363886817,0.6371020296957458,-0.04967159243854413,0.3640549890573557
25.477000,-0.2618546676341388,0.07157562590162701,-0.20280454248183016,0.15871662018718302,-0.12682943217975146,0.25160247817744313,-0.05962156412344413,0.3510162723472673,0.016353895485154535,0.44390184462446225,0.08356138970516813,0.5433158915221766,0.15953719860700216,0.6362011780949799,-0.04925279846715591,0.3636900998152625
25.527000,-0.2618451794179286,0.07196714164936596,-0.20412936551569905,0.1598723012311566,-0.1265182228822611,0.25139557990454375,-0.06076324895069332,0.3517762722869658,0.016848233256110734,0.4432992630032731,0.08260283476950125,0.5436801993394659,0.16021465653909833,0.635202902105494,-0.05022321006592087,0.3644107682590591
25.577000,-0.2617672393246392,0.07231614110974881,-0.2053357582178103,0.16106107055978075,-0.12616356744888996,0.251237365720144,-0.061817234464391274,0.35252679967756184,0.017355285180918945,0.4427028060928616,0.08170124877998969,0.5439924747095236,0.1608740972921372,0.6341681923860235,-0.04957927240841806,0.3638715941327797
25.627000,-0.26153273461068666,0.07288086140142942,-0.20640091406495953,0.1622815421339036,-0.1256801515677742,0.2510743261981109,-0.06274460463248308,0.353246323007124,0.01797647462046914,0.4420388191103338,0.0809116570928976,0.5442110404190015,0.16163305309295117,0.6330032485670282,-0.050373366526022534,0.36459824133520696
25.677000,-0.26137861466011786,0.07330958373440394,-0.20741797654327326,0.16351825546718607,-0.1252541614231871,0.25097743157188257,-0.06369878931050779,0.35398682999777015,0.018465329814157716,0.44144572050335446,0.08002034389116414,0.5444553328799343,0.16218476701242812,0.6319139377919144,-0.04974424212153011,0.36402275675478424
25.727000,-0.26115097328495884,0.07402752653157807,-0.20839854344983727,0.16478039462526994,-0.1247891151318182,0.2508586351761434,-0.0645683997134833,0.3546539406311646,0.01904131853365909,0.4407318995674303,0.07926168436838144,0.544527407845628,0.16287169253710182,0.6306050851727173,-0.0504683098282343,0.3646818877364613
25.777000,-0.2610000963743875,0.07451988349168144,-0.20934434389223172,0.16604217234852203,-0.12440006785056096,0.25080342509856357,-0.06547168208971921,0.35533784694907267,0.019472869431389317,0.4400988236239417,0.07840091546835593,0.5446334369836511,0.16334574246167494,0.6293941375887967,-0.0499171489731394,0.3640834296450188
25.827000,-0.26059598751463225,0.0752278231423745,-0.21025775204925345,0.16725534212793958,-0.12402306177319769,0.2507033989832542,-0.06636943195967879,0.3559462560764166,0.019865518333781695,0.4393940442305644,0.07751882023511758,0.544637080958319,0.16375403053989296,0.6280846004159171,-0.050794213318851644,0.3648546239065589
25.877000,-0.2602561155030236,0.07584690764302143,-0.21098506986088456,0.16854174934894042,-0.12370651086062093,0.25089739966407054,-0.0674476030317577,0.35689237732609447,0.019831200801926185,0.4392477681718175,0.0760897935332498,0.5452429130774241,0.1633688421962351,0.6275980444565599,-0.050466860364699856,0.364593960964938
25.927000,-0.2602536270829241,0.0771433127505906,-0.2119278652750622,0.17009805811278017,-0.12351237793975822,0.25123190801065465,-0.06843162689027574,0.3578438719906607,0.019984088795088006,0.4389774730437081,0.07506453979806493,0.5455895920413057,0.1634804838300642,0.6267229442518512,-0.05132072157456513,0.36558148860211803
25.977000,-0.2600089724279011,0.07771633570761956,-0.2127751986180782,0.1715321789256575,-0.12334980667769746,0.2515515470580073,-0.06940434349046945,0.3587424375360504,0.02002126040815816,0.4387615687945,0.07396643967330097,0.5459526021602252,0.1633922555267045,0.625971496547391,-0.051086568552710265,0.36523991206616635
26.027000,-0.25966132140957443,0.07847938106950246,-0.21346807955137964,0.17271988221203816,-0.12312148746158294,0.25169768477551613,-0.07030493941761737,0.3594493077457086,0.020041847643957278,0.43842688727082646,0.0728581296901663,0.5461786406245716,0.16320511171936342,0.6251559971149715,-0.05189039342314741,0.3659037312010866
26.077000,-0.2594432261107938,0.07880875720675534,-0.214130018648475,0.17369354009838683,-0.12298469410552451,0.2517481992415725,-0.07124524791039208,0.36002114003204966,0.019900254833338793,0.4380755910876507,0.07163945384329345,0.546348649998007,0.16278513478407358,0.6244028929694188,-0.051751319612518,0.3653932842343513
26.127000,-0.2591471830516205,0.07929432406588872,-0.21474362368375535,0.17451492888779063,-0.12284689436757912,0.25168351797032285,-0.07210167682132204,0.36042597930066733,0.019795213310743576,0.43759437687411945,0.07054020424582758,0.5463369439534222,0.16243725519010238,0.623505150021366,-0.0516217152014698,0.3648916879180815
26.177000,-0.25901647914749787,0.07969222211757075,-0.21530194642307532,0.17527855592806107,-0.12275013912483479,0.25166024853714714,-0.07290771150261888,0.3608194552433303,0.019644239486058646,0.43720097374217265,0.06948646175870166,0.5463602742113653,0.16203855643414938,0.6227416186037399,-0.05231864578483389,0.36530057861957355
26.227000,-0.25858138455931956,0.08024738988014556,-0.215738237426811,0.17614487845147242,-0.12255905258575114,0.251759953024397,-0.07348681495213513,0.36126755770633967,0.019692495891642403,0.4368824770079687,0.06876455104795781,0.5463901634609394,0.16194398789089776,0.6220049274951254,-0.05207767422924964,0.36498094464833813
26.277000,-0.2584020759499041,0.08064441425624737,-0.21601634057848235,0.17684501214448956,-0.12229772209839113,0.2517904624723486,-0.07389016214391053,0.361593504826733,0.019828564987483865,0.43653881928690047,0.06823596575817986,0.5463419318186052,0.16195480153813607,0.6212871104141057,-0.05239235513075868,0.36529685500746284
26.327000,-0.25817986502617013,0.08134996213360962,-0.2162313623702557,0.17767668813577858,-0.12205128559143275,0.2520414186016825,-0.07422991461330894,0.3621010228036508,0.0199502530763635,0.4364656381343085,0.06777148950848205,0.5465253007969965,0.16195174810607949,0.6208898009958224,-0.05214373633359079,0.3651921753573104
26.377000,-0.25803522362126374,0.08165451883906709,-0.21648742489222755,0.1782691714801653,-0.12193589481689865,0.25216103946794877,-0.0745805628339628,0.36242196877741817,0.01997104130387617,0.4363137419952209,0.06732626277101772,0.5465747187694171,0.1618779409687569,0.6204663972203832,-0.05241514071201764,0.36547666017070074
26.427000,-0.257902159335647,0.08199319261998574,-0.21666963413337437,0.17877234811223064,-0.12179481108645526,0.252248656858445,-0.07479635275022536,0.3626621746465907,0.020078526390653106,0.4361384109625379,0.0670769004334113,0.546551964630883,0.1619518356654957,0.6200281285200039,-0.05222043281583619,0.365234571154991
26.477000,-0.2578275576609184,0.08212450381114242,-0.21683286618821546,0.179092853863976,-0.12172647468277348,0.25226917718520825,-0.07498931248170146,0.3627935530910014,0.02011711764449059,0.4359698262172795,0.06685422151330178,0.5464942267898698,0.1619606902573632,0.619670449724883,-0.05214466146739158,0.3650893862401928
26.527000,-0.25781102113756155,0.08228832391420308,-0.21692296725336221,0.17929607520723706,-0.12166714150871111,0.2522777692243222,-0.0750900355290886,0.362869691164473,0.020165811634859143,0.4358513572250487,0.0667428851573671,0.5464432928348945,0.16199875373747769,0.6194249309430343,-0.05222113717502139,0.36516084186065423
26.577000,-0.25774773968743403,0.08228014559609106,-0.21693316004001673,0.1793960921589265,-0.12162501601119752,0.25230944951802015,-0.07512966444425176,0.3629357677353738,0.020178483413945902,0.43584912008892435,0.06667382917104947,0.5464754407481076,0.16198198085460297,0.6193887881013723,-0.052166888294242264,0.3651218987593421
26.627000,-0.2577953461777829,0.08213286997478622,-0.21691095838878127,0.17933151767272845,-0.12163221558578821,0.2522832905769782,-0.07510687910344122,0.36289700159508886,0.020171849683294385,0.4358487928052832,0.06669720741901763,0.546462494883989,0.16197592218546686,0.6194143044053831,-0.05202770813465166,0.36487701543625284
26.677000,-0.2579052161563086,0.08192546822841468,-0.21692092142784256,0.17911490556609683,-0.12173658553316449,0.25218981371033566,-0.07506562319084395,0.36274216001760096,0.020118681275098027,0.435817109099586,0.06678969116665318,0.5463694353333751,0.16197396420001114,0.6194444253580819,-0.05199605418965869,0.36471419150791906
26.727000,-0.25797952594693996,0.08145413760545936,-0.21675927140302156,0.17866756362358988,-0.1217808964467737,0.2520099680746999,-0.07488934261325902,0.3624689295901805,0.020088983149030126,0.43581139774739686,0.06698061107472031,0.5462703278095628,0.1619588876391846,0.6196128596778037,-0.051709710032861345,0.3642502336791492
26.777000,-0.2581162103277446,0.08108230784564821,-0.21658937670925704,0.17812087274968724,-0.12187917121497546,0.2518092502269459,-0.07465847839777065,0.36212790762388475,0.020051660513971392,0.43581637067827683,0.06727245301476614,0.5461349854066938,0.16198252534013113,0.6198235340429923,-0.05170041436836317,0.3641404300013298
26.827000,-0.2583853302903364,0.08039972616021662,-0.2164045256886975,0.17744142860387285,-0.12205260563282885,0.25158800763332556,-0.07438896072723597,0.36171601022264643,0.019962874994655877,0.43586269656741206,0.06762664516274253,0.5459906449427616,0.16197839654695056,0.6201374386073061,-0.0513587480421383,0.36349748564843687
26.877000,-0.25847757437404134,0.07984069055374882,-0.21612041119726283,0.1766367614665479,-0.1222083012964657,0.25133961023397183,-0.07403494405107597,0.3612456048461755,0.019877064105465803,0.43594858152042615,0.0680505710445628,0.545854510519632,0.16196247745301412,0.620557615105173,-0.05134032573513331,0.3634242926109867
26.927000,-0.25914029905200087,0.0792779998206479,-0.21586575284686702,0.17578050078842236,-0.1224215488079734,0.25106782186020676,-0.07358715653670769,0.3606816992398935,0.01985692863870675,0.43596916784097234,0.06869149397012198,0.5455829681199736,0.1621354602780134,0.6208705842548898,-0.05140413770650676,0.3634775040201833
26.977000,-0.25974381387355183,0.07897705436537034,-0.21582856538493367,0.17501545701560922,-0.12286157671647258,0.25089127012051365,-0.07313138202881439,0.3601016530185125,0.019835470471465055,0.43597763296344316,0.06956586114939739,0.5451879266148212,0.16253257747751482,0.6210640734040433,-0.05095252831331934,0.3627345883531582
27.027000,-0.26070422226703505,0.07841186761564592,-0.21575521413771243,0.17422148694155482,-0.12337993859536212,0.2508165812241798,-0.07268428921200712,0.3595821600320983,0.019690832655450186,0.43617743964945965,0.07038670025649735,0.5449429167458192,0.16276166844513557,0.6215383817018948,-0.05125093336285236,0.36291197391179414
27.077000,-0.2613086904144002,0.07807447903541878,-0.215606327772134,0.17331825729075218,-0.12387760636580006,0.2506864786023225,-0.07215266411780713,0.358966349073255,0.019575886657318353,0.43633477268684695,0.07130106770820582,0.5446145290820894,0.163029447848286,0.6219831550013464,-0.05073676782653347,0.36219510361873686
27.127000,-0.2622442502303122,0.07758931288485701,-0.21554882151973623,0.17249498965499846,-0.12451199210525907,0.250676161877969,-0.07165125441427583,0.35840611319497595,0.019385387795006592,0.43658750340554625,0.07224638344329065,0.5443173281481483,0.16328283844390562,0.6224989363493062,-0.051012929312784505,0.3624342582546624
27.177000,-0.2626560276588943,0.07729377949646447,-0.21512215744939073,0.17153696226560455,-0.12486510838564999,0.2506170803034931,-0.07094890601482964,0.3578226916151832,0.019307940110094457,0.4369030412740166,0.07322441759428466,0.5441085142243369,0.16348106077702368,0.62318909550676,-0.050265463064098515,0.3618134960531948
27.227000,-0.26386053445731106,0.07682546169893704,-0.21476469466915804,0.17060147495696015,-0.1254209668788626,0.2507120129777278,-0.07024817939883285,0.35727637624606645,0.019095328798557243,0.4373871591683812,0.07426840838112786,0.5439513712026209,0.1636116969831038,0.6240623990279303,-0.05053924225342224,0.3621122362826714
27.277000,-0.2649469139299762,0.07649989326262467,-0.21464025090605893,0.16952243838096054,-0.12616903392912052,0.2505955150871805,-0.0695235029697247,0.3563843794459681,0.018947478444617416,0.43745771320976656,0.07559331677389264,0.5432464129842105,0.16406406262316925,0.6243200038067824,-0.04985227964528388,0.36091194769715546
27.327000,-0.2664515232617055,0.07608970044380471,-0.21464808713602634,0.1684132358811048,-0.12703974526054088,0.25041798229023626,-0.0688576455136983,0.35536960575400134,0.01875044589504904,0.4373746197440891,0.07693286618813455,0.5423260655057853,0.16454070712698327,0.6243313470785674,-0.051451302138860344,0.362469060628668
27.377000,-0.26768147454135943,0.07593542898226437,-0.2146380104336991,0.16738201026134944,-0.12804283616342152,0.2504559279060356,-0.0683000097319981,0.35452703191517876,0.01829489919013294,0.437601226154447,0.07803805802966673,0.5416721393414241,0.16463270160039334,0.624746610176902,-0.04978875121839582,0.36003902925640496
27.427000,-0.26946481776148234,0.07601954158097189,-0.21469412577291336,0.166436764423441,-0.12902525930363204,0.2504656006504471,-0.06758804243976452,0.35354551325686456,0.018080545206269394,0.4375746337480989,0.07951810409909038,0.540654342499219,0.16518641291839448,0.6246837472563449,-0.05037010088096883,0.3603831491162064
27.477000,-0.27087388268940304,0.07633252435453017,-0.21477720491933255,0.1658377379704791,-0.130155979066913,0.25092150918735295,-0.0669799758808447,0.3529449996957257,0.017640957992848483,0.43802906130303343,0.0808173112784406,0.5400523350184587,0.16543795316943927,0.6251366870181537,-0.04977465643159232,0.35959599891170047
27.527000,-0.2729351689976568,0.07668683543232202,-0.21493215690936224,0.16510454558587284,-0.13144235802271875,0.25129882308491513,-0.06650310172471907,0.3522091446139517,0.01698639272000435,0.4384037170015386,0.08192600542915485,0.5393138091668738,0.16541519542827504,0.6255086764444885,-0.05071142619276739,0.36016606561855813
27.577000,-0.2743302559855634,0.07728940970241753,-0.21501551009590594,0.16449052087149407,-0.1326055574699547,0.2517178085066232,-0.06585392822083305,0.35143851845422835,0.016555708953384596,0.4386661041184372,0.08330769882620181,0.5383865726687098,0.16571702054516968,0.6256144563631614,-0.05002994455949611,0.35940233212572953
27.627000,-0.27693495495309817,0.0787174081386025,-0.21526106508536386,0.1643103806866227,-0.13398481155912825,0.2525949807748279,-0.06536750134140482,0.35104123381689345,0.01590842666515402,0.4393261335827531,0.084526099863386,0.5377721336254074,0.16580170234692992,0.6260573330697776,-0.04970995655397431,0.3590318732023662
27.677000,-0.2792003912789731,0.08014339391215708,-0.21627351866201006,0.16474499664090395,-0.13583558316676225,0.2537940759919132,-0.0650615536121755,0.3507014376349096,0.015376048631278283,0.43975081801076576,0.08615044084399998,0.536657914793818,0.16658770982870874,0.625707596198535,-0.05072961149501254,0.3598781275693924
27.727000,-0.28113694360128216,0.08134100757789425,-0.2164385736299227,0.1646038144321179,-0.13720197727551692,0.25472352258837516,-0.06458191583277467,0.35025533234854006,0.014654339595119525,0.44037534025891206,0.0872747624384626,0.5359068752934443,0.1665106769326426,0.626027182961977,-0.05025532461953355,0.35942050959592564
27.777000,-0.28235739062587645,0.08218241462508144,-0.2164384740815194,0.16440725055502156,-0.1384170375027069,0.2555810156093306,-0.064017914408316,0.3497339257225377,0.014003174923092887,0.44090798793071373,0.08840265661239949,0.5350606146830383,0.16642339868925826,0.6262349740489054,-0.051175764768740056,0.36021866513428913
27.827000,-0.2841282836168208,0.08356551968831355,-0.21639419713266705,0.1642678469048972,-0.13967097497024986,0.2565367321318054,-0.0635112424128636,0.34927127335991187,0.013211627380944224,0.44154045158645955,0.08937171408485417,0.5342747019649086,0.16609423150262592,0.6265441731949951,-0.05220697899303653,0.36108056267121463
27.877000,-0.28526001665160783,0.08455954465167063,-0.21632314427279176,0.16419152941616139,-0.14084311848912467,0.25748014451841783,-0.06294221289117802,0.3487569154243816,0.012537457027585464,0.4420458184565992,0.09043871081484578,0.5333222921964016,0.16591802486104135,0.6266114831625353,-0.051640775285992174,0.3605998822533209
27.927000,-0.2867769670736827,0.08609338769447698,-0.21617331382102747,0.16415719663905115,-0.142017625341627,0.25850195731046366,-0.06241631554888313,0.34829968266739925,0.011739014942368786,0.44264472471907895,0.09134066546863917,0.5324421480311846,0.1654956379637761,0.6267874714671953,-0.052671032305136284,0.36144609225297036
27.977000,-0.28784036555009357,0.08721819803635819,-0.21601791534547649,0.16420148944541502,-0.1431460883421796,0.25954139100266577,-0.06190153324566089,0.34785516263255273,0.010969935237423123,0.4431953382190476,0.09221482243446744,0.5315088043307686,0.16508593239060654,0.6268492539495173,-0.05221357787971967,0.3610988878933048
28.027000,-0.28956158796047227,0.08931381597574135,-0.2160282952516066,0.1644624928927271,-0.14447325459170518,0.26079460672026533,-0.06160469291909129,0.34758631994369127,0.009949990340520465,0.44391869924545324,0.09281887402395561,0.5307101050124214,0.16437319987827637,0.6270427497900648,-0.051960069390781544,0.36107220768071985
28.077000,-0.29053008944683584,0.09055829263295116,-0.21592551859876002,0.16479340878010684,-0.145600638272158,0.2620272053381011,-0.06114561513211117,0.3472759534709208,0.00917891059582282,0.44451000649336914,0.09363424463583642,0.5297584466197881,0.16395841576140374,0.6269927561073958,-0.053086040899798265,0.3619407459965664
28.127000,-0.2918886086634173,0.09260839605204822,-0.21578348905556716,0.16505631639745924,-0.14684927698212472,0.263280928377886,-0.06096202442731563,0.34708653584843857,0.007971837261487313,0.4453113937285101,0.09385938877793076,0.5291166948104329,0.16279290007925534,0.6273417985902756,-0.05434022544921102,0.3628820478388137
28.177000,-0.2926873198156937,0.09414796040536835,-0.21552691745754476,0.16562055004809623,-0.14777479457675757,0.26466422649152405,-0.06049043472879534,0.34701372875454173,0.007261343468277448,0.44605764098249356,0.09454598991452284,0.5284068394715442,0.1622974234258523,0.6274509874836472,-0.05394586813893815,0.3630717441598218
28.227000,-0.293967994916692,0.09620823438257571,-0.21551625819930909,0.16619992325739036,-0.14905671653609417,0.266115534249899,-0.06038551189328381,0.34696983201501397,0.0060736929965622966,0.4468856670137787,0.09474517017946404,0.5277396658889071,0.16120403829330737,0.6276557248940418,-0.055229555604092706,0.363986469501713
28.277000,-0.2945460838244468,0.09741469109309385,-0.21524656435248296,0.1665033489021946,-0.14997263076524106,0.26719750758781335,-0.05998251407158184,0.3465812521288043,0.005291092117023832,0.4472756230464035,0.09528146693105344,0.5266590749788949,0.16055474572039952,0.6273536581273667,-0.05617324489102063,0.3646409350664527
28.327000,-0.2954805003471555,0.09946359888482185,-0.21495710391408385,0.16673235097722694,-0.1508915944553165,0.26819963872692865,-0.059667252263629456,0.3461619333935354,0.004397940953083379,0.44762942081486157,0.09562252613765349,0.5255914311525371,0.15968740311424373,0.6270591182428895,-0.05341421953256981,0.36276746661449777
28.377000,-0.29611840728594707,0.10085877306385116,-0.21472634642404387,0.16744933780693694,-0.15174002431709607,0.2695900408929605,-0.059334916855315945,0.34614914299070865,0.0036511015558117754,0.44829003335387535,0.09605643665945801,0.5248488606921999,0.1590421513770875,0.6269899383298316,-0.05328244014728331,0.3630476481033303
28.427000,-0.2966187445949848,0.10290312554439386,-0.21441111425680442,0.16804069967564145,-0.1524629093443105,0.2708143339798018,-0.058992077448779406,0.3460685935584169,0.002955837438575193,0.4488424026786142,0.0964268817050275,0.524096398477556,0.15837450657077573,0.6268703824105444,-0.05641645169686227,0.3653820942938303
28.477000,-0.2969244184748959,0.10418878873373272,-0.2138961754815763,0.1685475526754214,-0.1530751765352361,0.2719922532992824,-0.05866301737131563,0.34606211357999195,0.002157707109546103,0.44950697557716435,0.09657006280214797,0.5235765853545279,0.15739051282188632,0.6270216087214713,-0.05612324026111015,0.3656202067166036
28.527000,-0.2974084481539209,0.10605532209080606,-0.213495565299741,0.16913220576633128,-0.1537078197752826,0.2731775107305708,-0.05838735227171429,0.3460747567341121,0.0014001361263907275,0.45012020945091974,0.09672078378131499,0.5230172198878739,0.15650801505854667,0.6270628203532554,-0.05698612735786912,0.3663359804743793
28.577000,-0.2977048273315516,0.10724089720817093,-0.21314168436615297,0.16967332402844865,-0.1542472942556443,0.2742269027023095,-0.05807945056983399,0.34600256599302065,0.0008147006813187252,0.45055627921453345,0.09698270834357503,0.5223317228026589,0.15587662074161568,0.626885570567588,-0.05671025604402477,0.3664577554641456
28.627000,-0.2981087524236023,0.10892904054691169,-0.21281959022753116,0.17020066379389998,-0.15478254994551452,0.2752325730182089,-0.057849222797005107,0.3459710355963566,0.00018759850768296227,0.4510030658197491,0.09712107313619106,0.5217413263047534,0.15515767547040055,0.6267734775228482,-0.05656540895904627,0.36665615411139063
28.677000,-0.29831731982975995,0.10983377879886794,-0.21252344842694978,0.17069070574813877,-0.15523616918516386,0.27613342781596834,-0.05761838235751149,0.3459243132872888,-0.0003313015331759539,0.4513671431555447,0.09728661662311078,0.5211578449347389,0.1545734990373409,0.6266007825989468,-0.0580943450909126,0.367568097591898
28.727000,-0.2987344584653946,0.11119279524739308,-0.2123521499265531,0.17108525394062818,-0.15574979593280985,0.27689722641671416,-0.05751867966744245,0.3458221696281082,-0.0009165020295520132,0.4516342364426341,0.0973147291110168,0.5205590159347885,0.1539167303996044,0.6263711770838727,-0.05725920978686602,0.3672172881631906
28.777000,-0.29881311439832325,0.11193346452629116,-0.21210554641304333,0.1714720309454834,-0.15611064201925315,0.2776067127311335,-0.057364575841771015,0.3457918606399655,-0.0013698253368781832,0.45192662361471203,0.0973763397030763,0.5201116283502026,0.15337093632569548,0.626246472510266,-0.058509759614362056,0.36799871155675107
28.827000,-0.29885636107174707,0.11277520055189535,-0.21174755279653917,0.17167937686506493,-0.15634248789207855,0.2781231591215462,-0.05719086196176537,0.34571720526089966,-0.0017859271982823,0.45216105525697436,0.09736578137203705,0.5197549801740872,0.15277058600129317,0.6261988979060394,-0.05834594680875846,0.3680204778005032
28.877000,-0.2989860896053426,0.11335550664537004,-0.21157325880247005,0.1719559788784605,-0.156607896375298,0.2786274789748702,-0.057098984040458184,0.345694433322761,-0.0021337278030281737,0.45236598813622747,0.09737525129393487,0.519432843427385,0.15234040134816001,0.6261044529544059,-0.05834257670880688,0.3681489433659575
28.927000,-0.29909969732213215,0.11398581906038822,-0.21144829298009216,0.17222156661603763,-0.1568396391362454,0.2790761169419278,-0.05704938041714003,0.3457237295380229,-0.002440807719473581,0.4525783213341126,0.09734950161049533,0.519225858151419,0.15195799316835112,0.6260804914143753,-0.0587168594032248,0.36841947657636887
28.977000,-0.29914623151638153,0.11425325644211362,-0.21134532755542873,0.1723729112601408,-0.1569976318825242,0.27936042443359616,-0.05700523780823066,0.3457043851782342,-0.0026575983478435705,0.45269192690659965,0.09733483058201475,0.5190358351175433,0.15168241383629394,0.6260234053975254,-0.05876499744761976,0.3684894683340383
29.027000,-0.2991714926395347,0.11445936712148282,-0.21128134034067664,0.17246538637424813,-0.1571040883672671,0.2795393111580506,-0.05698793659417342,0.34569636788025204,-0.002810715058663704,0.45277030806501406,0.09730545551833414,0.5189273363310658,0.15148264662232142,0.6260012919135497,-0.05889413280218797,0.368575288952463
29.077000,-0.2991762945045765,0.11448402611862889,-0.21124971422643396,0.17249841790747864,-0.15714580236646233,0.27960941976449993,-0.0569794473957122,0.34569044045061353,-0.0028755405783876253,0.45280144485477664,0.09729081750132645,0.5188824608282874,0.1513947192821894,0.6259934677764679,-0.05905978445002569,0.3686613461331784
29.127000,-0.29915175489725704,0.11436761337829618,-0.2112579091252033,0.1724833385131349,-0.15712035992735857,0.2795773428537586,-0.05697828542698713,0.3456951536254921,-0.0028407153104106353,0.45278914739139564,0.0973013462716803,0.5189069777291598,0.15143893731415192,0.626000960916717,-0.05908289047506987,0.3686752389481182
29.177000,-0.29912704963138154,0.11421107477312102,-0.21130672291292948,0.17246021288760358,-0.15703074811235998,0.2794841287151278,-0.056976114028868374,0.3457341867817197,-0.002700092996437642,0.4527580791632631,0.09735451246523785,0.5190081804561416,0.15163057973614402,0.6260320493883248,-0.05897688000331053,0.3686419621224
29.227000,-0.2990949802932698,0.11375235155232433,-0.21142088449746002,0.17237902587151316,-0.1568870975422526,0.2792718043002438,-0.056991861793419835,0.3457619680337119,-0.00245800302289656,0.4526547098241921,0.09743718805030088,0.5191449406785638,0.15197111864371843,0.6260376458268664,-0.059018727985957364,0.3686414833975762
29.277000,-0.29909418480509237,0.11339392079218716,-0.21159978198382015,0.1722355171921855,-0.15672642468834957,0.2789543752216008,-0.05706128035484878,0.3457889396673663,-0.0021878265643800465,0.4525077480803361,0.09747725733129586,0.5193424026522019,0.15235080762547443,0.6260611614441366,-0.059163525175990606,0.36866364266547336
29.327000,-0.2990943750627701,0.11283271397422948,-0.2118373875278814,0.17214817189056464,-0.15644289983967985,0.27859745903592387,-0.05704436197922427,0.34582788868721637,-0.001649753177688118,0.4522771128070673,0.09774870818496678,0.519507655558339,0.153143438108024,0.6259568166482461,-0.058753702879720454,0.3684564735282182
29.377000,-0.299107480248318,0.11239962971633437,-0.2121244518277383,0.17205740698496064,-0.15611585075815115,0.27818486152065514,-0.05703880669819225,0.34588818005311045,-0.0010300610630182283,0.45201555829441264,0.09804689076655548,0.519719011796627,0.15405578097511352,0.6258463137391702,-0.05880127240245969,0.36848255291696186
29.427000,-0.2992672988038322,0.11135750747082748,-0.21250053340627922,0.17183987711099535,-0.1557674518859503,0.27758181515112895,-0.057094476674583144,0.3458726927476898,-0.0003612274742367805,0.45161454082330815,0.09831163944047261,0.5199055748966298,0.15504505632762877,0.6256473330037461,-0.05914624728807005,0.36835595654235964
29.477000,-0.29935195865382896,0.11055190387998165,-0.2130803712024072,0.1714872373967559,-0.15557722511255956,0.2768123919770731,-0.057384142431500335,0.34579150846436507,0.00011919310666697047,0.45111655961357183,0.09831215171053592,0.520095852726764,0.1558156767035888,0.6254208004408334,-0.05790305425912312,0.367560512202476
29.527000,-0.29956793137746135,0.10969562616090094,-0.21368909705176342,0.1713315095081191,-0.15520053566479744,0.2761126537404638,-0.0575006749109738,0.3457885979998485,0.000988096951525963,0.450569624745022,0.09868781774122387,0.520245765262192,0.15717680008549972,0.6250266745161555,-0.0579807597604545,0.36743032709102164
29.577000,-0.29974110295046075,0.10898839402294618,-0.21437111655972724,0.17118924547452785,-0.1548462411391793,0.27538516289028236,-0.05769924955125871,0.3458299073738838,0.0018258558116564516,0.4500256934281977,0.09897269193448088,0.5204706523058101,0.15849802724617013,0.6246663069943503,-0.05831381419034293,0.36740826920074127
29.627000,-0.2999948802153296,0.10787764847505843,-0.2151527799316012,0.17104792649730868,-0.15449591170208954,0.2745889538080779,-0.057990356161725265,0.3459099026928775,0.002666760565219972,0.44945078442736697,0.09917214492856807,0.5207719649340364,0.15982951015971647,0.6243127010874792,-0.05761531123988084,0.36686145616290433
29.677000,-0.3001681013508496,0.10712907533977147,-0.2159721160154611,0.17093162264453288,-0.15414307425189547,0.2737769900394369,-0.05833312616970493,0.34602969828267105,0.0034961809485296036,0.4488749061499924,0.09930594259965747,0.5211278616075238,0.16113551507982898,0.623972909941961,-0.05802614837108755,0.3668905106490926
29.727000,-0.30044652385149156,0.10601978946501384,-0.21685317828227754,0.17086095796698575,-0.15371219707647368,0.27290612685001514,-0.05865003511282671,0.34613989885989627,0.004491227064902958,0.4481848938895441,0.09955318737508578,0.5214189276578894,0.16269473053217876,0.6234637488284835,-0.05719951514019611,0.3662473695128923
29.777000,-0.3007756247772587,0.10540324133464024,-0.2179076451653414,0.17097749618271574,-0.1534077964574485,0.2721692424533402,-0.05912607101046155,0.34640505752302486,0.005374072445431144,0.44759661592000266,0.09965558164996352,0.5218327056233086,0.1641560198604461,0.6230240761412313,-0.05773783604366331,0.3663849698287385
29.827000,-0.30141569164888604,0.10496102994969794,-0.21906640282348638,0.1711928170196632,-0.1530782095142709,0.27142034986770514,-0.059624921650220986,0.3466963951051565,0.006363578700472994,0.44692372580136036,0.09981663595116202,0.5222000573385128,0.1658054433479053,0.6224271858785214,-0.05821696512659333,0.36680822117745426
29.877000,-0.3019067406016386,0.10465091811223595,-0.22035399069504163,0.17180299431833523,-0.15284685247401827,0.2710138117173602,-0.06018272997351354,0.347259207642825,0.0073247253310266824,0.4464698092843862,0.09998860413751287,0.5227155013801126,0.16749637652919092,0.6219258872602631,-0.05759068768675435,0.36638620894380325
29.927000,-0.30247458702702695,0.10434648307138977,-0.221639360135941,0.17238147508628054,-0.15243966792644248,0.27041923616899116,-0.06065139527825236,0.347716797606992,0.008548622724224464,0.4457543287287865,0.10033663849375646,0.5230521952005862,0.16953698229163144,0.6210894963581347,-0.056575631845061536,0.3658147341188693
29.977000,-0.30279833375612725,0.104138044980923,-0.2228804571224472,0.17305688555580645,-0.15204303185914472,0.26991791581083746,-0.06118853902685642,0.34831090741204934,0.00964921891234477,0.44517169437017357,0.1005034424923626,0.5235649980234329,0.17134153310732408,0.6204255416829978,-0.05710129701970998,0.36637364749510554
30.027000,-0.30325009866616515,0.1038886748160508,-0.224127585257047,0.17380363253248682,-0.15156723496276162,0.26938080326467895,-0.06168873110414638,0.34889089409683005,0.010871956936471638,0.4444678084175596,0.10075017982110523,0.5239782168626188,0.17331120560610896,0.6195548747714831,-0.05757301713643234,0.3669273735801567
30.077000,-0.30352693010842374,0.10377005666240237,-0.22537894026307806,0.17461636228299587,-0.15114016797648808,0.2688957592336543,-0.06227458501468494,0.34953637037257673,0.011964528321058931,0.44381549876864634,0.100829819567194,0.5244564313757262,0.17506927394890115,0.6187352912177202,-0.05665897518058491,0.36636760589280204
30.127000,-0.3038116489701599,0.10371919264412653,-0.22659774910663782,0.17551936987940986,-0.15062308428287297,0.26840559224261595,-0.06282040323119581,0.3502022254259284,0.013154604133580883,0.4430881676126366,0.10095698353650312,0.5248851245925465,0.17693233343896403,0.6177707866033701,-0.05565358233024914,0.365784667969267
30.177000,-0.3040912294476683,0.10377588554007425,-0.22783779961663583,0.17658717454255585,-0.15019422072249278,0.26808293759474483,-0.06349260125787143,0.35104575566526747,0.014151320082200047,0.4425412281157125,0.10085262904096737,0.5255043706841266,0.1784968928206232,0.6169995525360065,-0.05630433092388415,0.3665547372609623
30.227000,-0.30450213939406684,0.10394184230366398,-0.2291466651450455,0.17765670359725116,-0.14973714685482034,0.2676240777109408,-0.0641291770377583,0.35171495417086984,0.015280681628461246,0.44168202785124044,0.10088833330790159,0.5257732281871239,0.18029853234270588,0.6157400014384247,-0.05535890790906117,0.3658330878433963
30.277000,-0.3047177509837052,0.10415604530909203,-0.23044153379986385,0.17885048610107684,-0.14933914850994073,0.2672948364027471,-0.06484547021206849,0.35250527195905335,0.016257251948738616,0.44094931335307036,0.10075060570067945,0.5261600707241272,0.18185366472438147,0.6146038032154555,-0.056060363950082986,0.36667995482524174
30.327000,-0.3046562778791589,0.10387172670046438,-0.23160561896270088,0.17989787409042818,-0.1489072692667872,0.2668517869267922,-0.06568246122567764,0.3533019536502892,0.017016220554481376,0.4402555506535508,0.10024069844294453,0.5267060352108547,0.18293971230009903,0.6136593163854935,-0.05702031791732745,0.3674502817798253
30.377000,-0.30476935870275756,0.10401838596157571,-0.23281634576771226,0.18091418325762954,-0.1486514552361388,0.26644938771640037,-0.06676002167313355,0.3541636574161971,0.017405195153928632,0.43969854080566045,0.09929629411229002,0.5274131228964657,0.18346183722996645,0.6129476852189681,-0.05645368058788566,0.36691665610018426
30.427000,-0.3049438070478119,0.10433761298724188,-0.2341345274371043,0.18225979297000167,-0.14845784795586106,0.26628066295510666,-0.06789663777079555,0.3552182332698566,0.01778036053236992,0.4392387781487429,0.09834123324507366,0.5281766541507082,0.18401855036397358,0.6121968739272182,-0.05760093975347769,0.367979418675617
30.477000,-0.30502400369113186,0.10461929964621101,-0.2354312632400675,0.1836041210325241,-0.14826485477488882,0.2660784639079557,-0.06896477139403487,0.3561423122277023,0.018201947218955572,0.43861632730939937,0.09750169191940206,0.5286804738318444,0.18466872067395845,0.6111541611239393,-0.056954049513672805,0.3672824163541715
30.527000,-0.3047944703592464,0.10478988148580154,-0.2365009198790182,0.18478522816206105,-0.14787317765943128,0.26568716404990544,-0.06987798167067463,0.3568833774879094,0.018750060711104355,0.4377849845480122,0.09674491835478288,0.5289814873531603,0.18537326089329564,0.6098827655890509,-0.05643337705924656,0.3665902734936714
30.577000,-0.3047457877867723,0.10521600489924654,-0.23755519422904103,0.18611107458563114,-0.14764681507055594,0.26558737894804973,-0.0709441822299858,0.35787338035667726,0.018964487043844402,0.4373493565217824,0.09566678302019282,0.5296356379108111,0.18557574240390579,0.6091112858823683,-0.05719553164785707,0.36743348997223046
30.627000,-0.30429837967193457,0.10592252702641355,-0.2382352301600753,0.1874142460575356,-0.14686863245239137,0.26520977820938607,-0.07137933613397499,0.35849089173503523,0.019987539247536934,0.4362860977729818,0.09547650262813911,0.5295674807331243,0.1868436556783653,0.6073623606608152,-0.056245071269408586,0.3666589177023409
30.677000,-0.3041652449350702,0.1063477967508309,-0.23904749901410438,0.18889890082863323,-0.14633989216155616,0.2650914177258809,-0.0720389769466187,0.3593218480441718,0.02066889483266765,0.4355140425894099,0.09496948241004416,0.5297447312497621,0.18767761911116576,0.605936603446671,-0.05703860338701622,0.3675697503420076
30.727000,-0.3035632091869744,0.10696828904985367,-0.23967715335757606,0.19018692811048638,-0.1457462592551172,0.2648661561856781,-0.07272489875059082,0.3600915776149366,0.021206246934329265,0.43477048925075734,0.0942272866477265,0.5299961566702351,0.1881586839098114,0.6046747518711587,-0.05614015442212805,0.3667829501489498
30.777000,-0.3034951450537506,0.10774809103949422,-0.24044264636293083,0.19174975523046395,-0.14531776185547765,0.26490203712916305,-0.0734416569339677,0.36099483363767515,0.021683465349309816,0.4341468063392674,0.09355925793816466,0.5302398364675663,0.18868461799282116,0.6033914999757527,-0.05574346117233048,0.3662407580061636
30.827000,-0.30308316689195164,0.10830294278832983,-0.24132586479551593,0.19323863348513415,-0.14509444813953556,0.26492904043223087,-0.07440293162539305,0.36189660971281057,0.02182870842768775,0.433586716788693,0.09251992278871585,0.5305545063448978,0.18875178623458705,0.6022443135534016,-0.05667471587488154,0.36722898080683214
30.877000,-0.30288976367513,0.10868094293035331,-0.24203758606905534,0.1944928666948541,-0.14490469137205167,0.26495704743783843,-0.07549395426565284,0.362845502191507,0.021639149921860334,0.4333093941568026,0.09104959601289864,0.5311980552629683,0.18818290968681012,0.6016616584544362,-0.05660486159088135,0.36680584645260916
30.927000,-0.3024285129826396,0.1090355631023122,-0.24283774519491574,0.19559300160763676,-0.14480340961131707,0.26479754655441523,-0.07658234932706587,0.3635188052982651,0.021452181036692552,0.4327230743209597,0.08967296346995751,0.5314445250724076,0.18770768860985876,0.6006485181750605,-0.0566199322799866,0.36620449600671245
30.977000,-0.3021835537981972,0.10926799764779038,-0.24349152602611607,0.19647601929074335,-0.14473755436743135,0.264649717150078,-0.07777450159100394,0.3642285781529849,0.02097965065134222,0.4324020144245687,0.0879424396600546,0.5319810528008732,0.18669677248219035,0.6001542274888326,-0.05893473886590811,0.36839897291671103
31.027000,-0.3017492296200149,0.10941512908421672,-0.24421060788265808,0.19744436854639152,-0.14475216691033768,0.26458614773417855,-0.07895735876440604,0.3649407351266814,0.020501247961304425,0.4320822687800496,0.0862958083644223,0.5324370185980812,0.18575458083959878,0.5995783067215359,-0.0590485277100265,0.367859771474492
31.077000,-0.30149363922182804,0.10969007750782567,-0.24483614880525903,0.1982587247813687,-0.14479491679661866,0.2645290190178769,-0.08008738314537303,0.36558808634373796,0.019954000653599147,0.43185815143791706,0.08466130283446666,0.5329173669725423,0.18470283841979607,0.5991872029292523,-0.06008246856749133,0.36854042465059034
31.127000,-0.3011074376533267,0.10982370567598203,-0.2453257995471582,0.19900963022106635,-0.14464135685979015,0.26429854965410704,-0.08087853382480584,0.36595632062416794,0.0198060452089715,0.4312450297919178,0.08356865594867019,0.5329029339196822,0.1842533713249993,0.5981914328271282,-0.060890911944282144,0.3695061170146574
31.177000,-0.30076616340112206,0.1100882696563802,-0.24568253461519207,0.19968466423267558,-0.14448607760503251,0.264177121730481,-0.08160645055908347,0.3663835426914456,0.019590128352951763,0.4308758089100806,0.08246956221332585,0.5330823487227861,0.18366626302361955,0.597574423667129,-0.06068567686537066,0.3683048598130403
31.227000,-0.3001725267668374,0.11052714645582953,-0.24596286158089165,0.2004489783201579,-0.14425874621739776,0.26413785422780367,-0.08216147414953903,0.3668214887460578,0.019542747679910155,0.4305101946389909,0.0816398480980815,0.5331939329611011,0.18334417639014383,0.596882468844026,-0.06048765336415016,0.3679137301414597
31.277000,-0.29980943666840276,0.11083217994792625,-0.24609637929012124,0.20119892843572545,-0.14398235503843174,0.2642284933317545,-0.08259610699914574,0.3673387670755108,0.019518008826027278,0.43036818361335066,0.08090410706200324,0.5334785465417015,0.18301831445753247,0.5965078147259363,-0.060826111127325166,0.3684378291371664
31.327000,-0.299433493483566,0.11126795299211223,-0.2462403922898572,0.20188293754046988,-0.14375787424978007,0.26431156475687384,-0.08296336569869311,0.3677718360207264,0.019519228775668918,0.4302003377628228,0.08031361065748693,0.5336606834589678,0.18279628156308048,0.5960890597314232,-0.06105982293146128,0.3687580373183555
31.377000,-0.29922556634106046,0.11150633529067973,-0.24638045504324685,0.20246499468667015,-0.1435985946093103,0.2643995501926706,-0.08328752488124083,0.36814238063527316,0.019494397270131414,0.4300768337196133,0.0798053636204431,0.533819724260981,0.18258734748623495,0.5957540749284351,-0.06091684685750237,0.3684888346395278
31.427000,-0.2989785520352817,0.11178002846784332,-0.24648230578777902,0.20292042075334574,-0.1434591222067761,0.26445271832812284,-0.08352900522623541,0.36841608244594326,0.01949422511924831,0.4299483017231429,0.07942426308874379,0.5339117113871715,0.1824475401957119,0.5954438523716752,-0.0610273456206295,0.3686324138201036
31.477000,-0.2988619718825436,0.11190590541996605,-0.2465537933087366,0.20325783059424213,-0.14336056800405877,0.26450453051527434,-0.08371419656922174,0.36863094587015155,0.01947906093598034,0.42987759153719207,0.079125377627003,0.5340040382507585,0.18231866732974233,0.5952506296687747,-0.060911402055223385,0.36841983867747113
31.527000,-0.2987793568122549,0.11202646682978132,-0.24659620527664636,0.2034665744055688,-0.14329419056842957,0.26452960542453463,-0.08382401888092808,0.3687567548600772,0.01947801319734216,0.4298197564936347,0.07894815523692017,0.5340469228457533,0.18225020468225916,0.595109895098933,-0.06090721873375354,0.36839709183288005
31.577000,-0.2987538792699505,0.11202563414831045,-0.2466135874060947,0.20356098731218825,-0.1432673963512228,0.26454922219743726,-0.08387290827731386,0.36881951895666676,0.019473285655486228,0.4298077489651896,0.07886776880986601,0.534078048526683,0.18221396561754927,0.5950662736636385,-0.06081308975185329,0.36824206740086474
31.627000,-0.29881999509732593,0.11191520462965591,-0.24660656200299813,0.20350558430981824,-0.14328281291878597,0.2645318317381394,-0.08385598939365096,0.3687837029238001,0.01946774777364546,0.42980997052868747,0.07889459165871537,0.5340618301085466,0.1822183169060284,0.5950881178951855,-0.06078119203323959,0.3681673087716193
31.677000,-0.2989094298434094,0.11173067948779042,-0.24658018059277167,0.20329729118931666,-0.14333839837933549,0.2644621046476017,-0.08377916778984598,0.3686383881846005,0.01946258800384265,0.429803246237487,0.07902186359444896,0.533979504046622,0.1822635929652512,0.5951444066993643,-0.060788788381900744,0.3681402910246234
31.727000,-0.29905609805114103,0.11128907795959686,-0.24650575589236115,0.202865639846717,-0.14343140685334307,0.26431219036163534,-0.08365564477725174,0.36836438047901127,0.019418662979575507,0.4298110002432473,0.07919449496482711,0.5338631501992714,0.18226876143626752,0.5953098392180806,-0.060664562955907414,0.36779323371849804
31.777000,-0.29921280287471497,0.1109389478801106,-0.24638692297433917,0.20230714021203344,-0.14353547044483883,0.264126058939001,-0.08344639955519942,0.36799763137159613,0.01940499707664417,0.4298166430983997,0.07949416189170888,0.5336881611956529,0.18234550262270538,0.5955072659274098,-0.06040770752803587,0.3672619327690314
31.827000,-0.29947451221121185,0.11029826728709227,-0.2462375397274426,0.2016094380082849,-0.14369955647725693,0.26394692264621455,-0.08321448276089516,0.3675884001420802,0.019323429563110228,0.4299260014452589,0.07980862120371318,0.533567410120553,0.18234646259834486,0.5959051280939344,-0.06047705541909659,0.3672874011403222
31.877000,-0.29973142650563883,0.10984273370804967,-0.24606455212974215,0.2008057528722296,-0.1438938008231769,0.2637433217595924,-0.08292435426061423,0.36710059816456736,0.019246311311737874,0.4300383062297813,0.08021589867210571,0.5333954995793787,0.18238647850702716,0.5963333468272426,-0.06017138376257811,0.36662371448260256
31.927000,-0.30054596629616115,0.10944296874276152,-0.24599586353429842,0.19998194087737453,-0.14424387697249352,0.26359430784061,-0.08263859744825189,0.36657386666029557,0.019113288239164028,0.43018639497818345,0.0807187310676466,0.5331658561044859,0.1824705158775045,0.596778545781526,-0.06033398518885419,0.36675773794146843
31.977000,-0.3011359360620629,0.1092607487951307,-0.24600972475369035,0.19938639546827958,-0.14465816972060763,0.26363483736404525,-0.08222845718904326,0.36611669423913773,0.019122982278492018,0.4303653184385415,0.08155287914821968,0.5328470630186177,0.18290420304714183,0.5970958695257697,-0.060468985833010525,0.3670155092129481
32.027000,-0.3021676002211761,0.1087484633642774,-0.24602016289684775,0.19845391685553815,-0.1451539273640934,0.2634616281503886,-0.081805948091277,0.36537842520007247,0.019060156856936683,0.4303863391099933,0.08240834085493465,0.5323030089092536,0.1832743152154102,0.5973111254383122,-0.060081894399703684,0.3661048277553543
32.077000,-0.3028355851759671,0.10840507395290308,-0.24599433616195843,0.19748763162318467,-0.14563632792438022,0.26327722184968233,-0.08126852012992763,0.3645530102664598,0.019089342917998076,0.4303428219703864,0.08345737421369909,0.5316184683362288,0.18381509206886715,0.5974085015212544,-0.059499114683462195,0.365027891369325
32.127000,-0.30391727543601627,0.1080685003844576,-0.24590087332740046,0.1964833680593091,-0.14615735266478067,0.2632009076250801,-0.0807123486668122,0.3637839651030734,0.01903101186962919,0.4305017440587771,0.08447625726999625,0.5310846444663568,0.18421945767762965,0.5978026628146813,-0.05893024988889409,0.3641312613652167
32.177000,-0.304695399800349,0.10790384729810751,-0.24583587217903155,0.19561116973910347,-0.1467242475246001,0.2632638552609876,-0.08011256872197567,0.36307810397863827,0.0189988813730107,0.43073104523053735,0.08561081771438411,0.530545122077573,0.18472209324783984,0.5981983190611246,-0.059092071375135585,0.3643949322899672
32.227000,-0.30588466816742393,0.10763957972723288,-0.24571506065041762,0.1946583719569708,-0.14732187388134602,0.2633517544433056,-0.079463059310356,0.3623223626308404,0.018929938309133643,0.431016016045391,0.08678902538995942,0.5299864373870598,0.18518183385774667,0.5986803617312741,-0.05936249890403281,0.36478126904042396
32.277000,-0.3070897731304135,0.10757971102403119,-0.24574965261219014,0.19371435456306318,-0.1480716783482544,0.2634209779430752,-0.07887112454833872,0.36145813086879186,0.018806646667850035,0.43116503877315115,0.08800748602966918,0.5292019901313769,0.18568505419573705,0.5989091825616568,-0.05883570276413613,0.363604398072072
32.327000,-0.3086484002860547,0.10719078140974042,-0.24589129985991698,0.19255100390330054,-0.14903136566074615,0.2633899278570946,-0.07844383546851186,0.36043322016174517,0.01841588171245595,0.4312724408493137,0.08900370919269496,0.5283155169113669,0.18586320935258116,0.5991550343347385,-0.05941881813294034,0.3639479762788983
32.377000,-0.30982621812114264,0.1075365937163516,-0.24596315705135577,0.191593248844954,-0.14990460648807544,0.2635151152248924,-0.07784454008426786,0.3594700360463494,0.01821378035889465,0.43139220977275117,0.09027415376969672,0.5273469000378392,0.1863322440893918,0.5992693811131287,-0.058777224512956416,0.3628501667166588
32.427000,-0.31158495321947804,0.10805039927143316,-0.24607853296994428,0.1909583856708395,-0.15087253903510414,0.2640050742916321,-0.07724243767217107,0.358760592189144,0.01796331336439927,0.43180759739227625,0.09159372980399971,0.5265628704575391,0.18679923793870712,0.5996101922455145,-0.05931751486177583,0.363507959700588
32.477000,-0.31271077015029985,0.10850114056165984,-0.2460697794266304,0.1903811172535288,-0.15169864265078972,0.2645032363775972,-0.07644478684355896,0.35797439334982795,0.01792609526159522,0.4320968367155328,0.09318027221130687,0.5255677351342617,0.18755089964246802,0.5996905027435195,-0.05868694893638604,0.3626874880170637
32.527000,-0.31436429712447833,0.10883959796730322,-0.2461093493787601,0.18954992180002408,-0.15263814468130846,0.26480371832284444,-0.07589667545869516,0.35705742773365523,0.017574263612841257,0.43231155418381195,0.09431605845933977,0.5245649927226421,0.18778673190179318,0.5998194491016853,-0.05797571495941889,0.36140087235887686
32.577000,-0.31559212170819295,0.10932185885011854,-0.24619346615777055,0.18879898481907492,-0.15372621467904476,0.26528301847230595,-0.07534775244619132,0.35615004581407483,0.01711922253735554,0.4326344137417151,0.09549801325246593,0.5235011577460732,0.18796471173769952,0.599985859949451,-0.058620984802644494,0.3620172585959185
32.627000,-0.3173204579807261,0.11052690993153855,-0.24614575666412064,0.18840593497488045,-0.15471657484207937,0.2661279055489389,-0.07465865257437862,0.3555187836139514,0.016770242735402674,0.4332410912289205,0.0968284945222394,0.5226316741775215,0.18825710331687295,0.6003543188342805,-0.05799659236518029,0.36143355194121696
32.677000,-0.31886534693324914,0.11165609629912955,-0.24632959785909703,0.1882085172995798,-0.15589316320556174,0.2670834264069897,-0.07414598563443098,0.3549321540895847,0.01629015387907623,0.4338074015975242,0.09803766016660787,0.5216558233936319,0.18847350453543643,0.6005314093048771,-0.0588779562874428,0.3623651800357321
32.727000,-0.3206324379234844,0.11320087995764302,-0.24644973535546,0.18807596494180162,-0.15709221943621565,0.2681711230253704,-0.0736784276445297,0.3544389579288014,0.015678785293528674,0.43453445402959606,0.09909290341625487,0.52080197339697,0.18844981336821953,0.6008978075178931,-0.05848499016695036,0.36202327960443015
32.777000,-0.3219308690576107,0.11440691733974549,-0.24667515658448758,0.18811434633716578,-0.15827873056076683,0.269268963372997,-0.07321094998404115,0.35390626429728694,0.01518516696851857,0.43506121798286906,0.10025326988056726,0.5196981949311499,0.1886490777553852,0.6008534852710767,-0.06050932104027812,0.3642273199500607
32.827000,-0.32360315653804733,0.1161636814431696,-0.2465410705553817,0.18798341255234774,-0.15924930008678387,0.27032505941092055,-0.07260100392282925,0.3533435680165573,0.01469045205502828,0.4356855482708007,0.10133906529615927,0.518703725934547,0.18863020677686626,0.6010460395887053,-0.05987294806429938,0.36362745892908505
32.877000,-0.32479740158028303,0.11752871149452959,-0.24662836232808835,0.18810175805828544,-0.1602527062119736,0.2714038950623303,-0.0718027847067737,0.35250020437808877,0.01457255362293447,0.4358026708923428,0.10302278450557756,0.5168986427757862,0.18939780503991527,0.6002014388070288,-0.059096275522634245,0.3628465050353405
32.927000,-0.3259282774674597,0.11886591568442244,-0.24639419919616395,0.18787332362283227,-0.16120816453848144,0.27239160269490925,-0.07122326570651744,0.3517812618497366,0.013962448239738134,0.43629986416586614,0.10394764832643305,0.5156891818595961,0.18913304155394683,0.6002081074246975,-0.05991351605170364,0.3635418207117621
32.977000,-0.32669336519675823,0.12011038606802948,-0.24601188636509516,0.18770456498565158,-0.16200830120549903,0.27339819178375774,-0.07058293973335034,0.35112465625779243,0.013420323173846505,0.43681859895167474,0.10484597694096581,0.5145447196139153,0.18884891759034667,0.6002389782065074,-0.059278633390638824,0.363054513692428
33.027000,-0.3278008672598426,0.12211973901921128,-0.245768684020205,0.18789589820486946,-0.16294793222318313,0.27473323505818453,-0.07008368200796244,0.35073475499012313,0.012736747611419685,0.4375723991178918,0.10560127980881245,0.5135735745019568,0.18842138724634255,0.600411525905914,-0.06017486769860425,0.3641253488264807
33.077000,-0.3286086017657379,0.12354764341880205,-0.245534797687404,0.1880957005399745,-0.16381235838520739,0.2759674418138265,-0.06961230231875581,0.350306862292314,0.012109816299937293,0.4381789018070098,0.10631014367253655,0.5125179784954856,0.18803194160454612,0.6003903162518001,-0.059674174074882846,0.3637822662576198
33.127000,-0.3295769604236212,0.12554730021522825,-0.24524898314251445,0.18832806828673654,-0.16475407425239488,0.27732565051625013,-0.06925240853384601,0.34998534942069304,0.01124218274870814,0.43898321891307035,0.1067441077771718,0.5116425769873023,0.18723838144986837,0.6006407337425563,-0.05830385577374392,0.3625489584874645
33.177000,-0.32999410582429345,0.1269285055217001,-0.24489354215026188,0.18865244696454503,-0.16548411223975812,0.2786198990765867,-0.06875403158125698,0.3496360345343844,0.01065508523662212,0.43960376299547244,0.10738541304298516,0.5106195618154107,0.1867942167673084,0.6005875666244285,-0.06020425134461227,0.3646956784829335
33.227000,-0.3309470634483236,0.1293475711387597,-0.24452408983722407,0.18906640352012674,-0.16623117121401623,0.2800071473782002,-0.06830943308464876,0.349370921797731,0.00998317871611587,0.4403119298052011,0.10790515087663288,0.5096753738387474,0.1861974558544895,0.6006166459942117,-0.06100317258524973,0.36563097500469033
33.277000,-0.3314599048906693,0.1308868692534482,-0.2442090959195476,0.1895395540889997,-0.16699036753771065,0.28139415651638,-0.06791231829169475,0.3490960040362523,0.009306111254210214,0.4409508576829927,0.10838438076487095,0.5086523828561591,0.185602511475027,0.6005074877204464,-0.06059224215485359,0.36551136776005017
33.327000,-0.3324180846756675,0.13339715165658256,-0.2439884783705687,0.19011233957589285,-0.16780262462186307,0.2828254221917117,-0.06761092017700876,0.3488680020916678,0.008574644507876261,0.4415813222414284,0.10876655486828724,0.5076235897504902,0.1849518304906741,0.6003371474315962,-0.06158539758223858,0.36648310700039255
33.377000,-0.33252837124103574,0.1348172666022903,-0.24362828024993974,0.19070324048050047,-0.16848334866288528,0.28426198810249964,-0.06732350820188382,0.3488118655429734,0.007821145141210684,0.4423708366455149,0.10898117757690312,0.5069204132303778,0.18412555267811842,0.6004796078104291,-0.06243799888926216,0.36747889907123477
33.427000,-0.3330363076558957,0.13700778533650593,-0.2431637937364869,0.19126689503308159,-0.16907828433898847,0.285666774780041,-0.06703479562340497,0.34881047128161136,0.007050448026595713,0.4432105595879642,0.1090941145033354,0.5063539688173817,0.18317909240893326,0.6007542656794902,-0.061082654515644375,0.36699623470165743
33.477000,-0.3331953767059228,0.13837346881434628,-0.24284513121462808,0.191966946854045,-0.1696856698497273,0.2870863098291861,-0.06680199470468445,0.3488515863901036,0.006357214669373112,0.44397114317924075,0.10924105344555707,0.5057361471756261,0.18240001083251184,0.6008558977748196,-0.061937935387238185,0.36802605948222344
33.527000,-0.3334368487221414,0.14058915912562148,-0.2424176132428884,0.19259656539205489,-0.1701689779005863,0.28840958481014134,-0.06654713075239221,0.34892828268590903,0.0057012675522509215,0.4447414808438307,0.1093232644222466,0.5052599223609149,0.18157142569391926,0.6010732992542164,-0.06149822181375697,0.36828525347316965
33.577000,-0.3336069820855857,0.14185719859248339,-0.24190541674280025,0.19327242136199657,-0.17047961680835513,0.2897004002008281,-0.06614954313968469,0.3489898236026283,0.005276036347080015,0.445417965730315,0.10960624556009063,0.5047071506175911,0.18103160460426015,0.6011354560295858,-0.06227526455416171,0.36913408774941137
33.627000,-0.333785651937099,0.1434746420293135,-0.24157771689781,0.19376143490723385,-0.17095115670282587,0.29077632549023713,-0.0659914126424408,0.3489437745193825,0.004634945199879392,0.445958812414218,0.10959481058589088,0.5041260425178604,0.18022096608099225,0.6011412277199181,-0.06299645612631372,0.3698201271299111
33.677000,-0.33385620600375354,0.14434932920632743,-0.24119037699467546,0.19414648224114145,-0.17128571840162904,0.291682827810014,-0.06577924592164863,0.34885261235364784,0.00412522907855184,0.4463890895039285,0.10963180916901266,0.5035586754526615,0.17953610058229025,0.6010952841795825,-0.06284194078958238,0.369851198398539
33.727000,-0.33369745794015376,0.1452381674920694,-0.24086129984181676,0.19431118951706047,-0.17169914878573037,0.29237543813991806,-0.06575241724369546,0.34872515040981344,0.003409570337772949,0.44678951432684155,0.1093563958145416,0.5031390499836246,0.17851821992734318,0.6012035291902178,-0.06287066024670201,0.369987840643198
33.777000,-0.33337582661725157,0.14559864708155937,-0.24026106166636346,0.1943625856704286,-0.17183313758069066,0.29294057106793203,-0.06556200228074321,0.34867606964625775,0.002865778854030887,0.4472541542729966,0.1091369949762872,0.5029894987467769,0.17756463316612975,0.6015676825983021,-0.06338654915609349,0.3704861587644328
33.827000,-0.33304819179992756,0.14609197861452203,-0.2396476364905662,0.19432465269180269,-0.17189832376537917,0.2933702514058556,-0.06536845579529138,0.34860961445108013,0.002380735822773039,0.4476552960048923,0.10891067133423488,0.5028945287954567,0.17665974185145322,0.6019402931845177,-0.06343589043040981,0.3706565317542476
33.877000,-0.33284979355680305,0.1464484707936644,-0.23920458753421156,0.19433688305742286,-0.17199556214754996,0.29374989481163133,-0.06524600450305085,0.34856350573231554,0.0019629219128273756,0.44797658439650523,0.10871253412539628,0.5027900890456933,0.17592136157664728,0.6022032346155588,-0.06377114025652247,0.37100554784249284
33.927000,-0.33265632170668663,0.14682105834847553,-0.23887361802279405,0.19442658775113864,-0.17205288642067632,0.2941010068704665,-0.06510390873767435,0.3485244960198731,0.0017167471665445744,0.448198965886272,0.10866576617958962,0.5026223738168871,0.17548634639225602,0.6022968944260192,-0.06376095278829796,0.3710712075264202
33.977000,-0.3325907263626354,0.14700709637467543,-0.2385987004652128,0.19444337179971397,-0.17205568701169618,0.2943034106567317,-0.06496383130383121,0.34844521004542794,0.0015791289773090522,0.4483052843345181,0.10867101351179176,0.5024470267044588,0.17521392062703356,0.6023071364212638,-0.06403456504311344,0.3712813844909372
34.027000,-0.3325252812429831,0.14716346626670146,-0.2384467699548125,0.19447143532654235,-0.17210378262050935,0.2944644751126371,-0.06492931593984219,0.3484425601577691,0.001413641586463843,0.4484356197207494,0.10858812435567539,0.5024136728217721,0.17493105208047677,0.6024067521573176,-0.0638585631277595,0.37117616237506257
34.077000,-0.33253469240916794,0.1471899643562616,-0.23841394939415128,0.19451117988216732,-0.1721539418523098,0.29455922534240475,-0.06494342298074951,0.3484656687725751,0.0013165783300248535,0.4485137183595351,0.10852710055715903,0.5024201551160535,0.17478709564301637,0.6024682088256625,-0.06433210360506786,0.37152915040618856
34.127000,-0.3325579140394222,0.1471098964627278,-0.23844209953644907,0.19451383721965665,-0.17214140011670626,0.2945349212792334,-0.06494689921009872,0.34847320986334895,0.0013538188499156445,0.4484942815668981,0.108548309702509,0.5024325901318992,0.17484904640888044,0.6024536494753813,-0.06434869950546318,0.37154225470181845
34.177000,-0.3325877442056648,0.1469906611956618,-0.23852360529642797,0.19451307841049909,-0.17207546127265866,0.29443626969158443,-0.06494319798274928,0.348498069165719,0.001504988675759933,0.448421232095021,0.10863722889631222,0.5024830772848212,0.17508545819607152,0.6024062118579846,-0.06442165440206171,0.37161093314148264
34.227000,-0.33265670156965743,0.1467186057729525,-0.2386697226232271,0.1945175733602993,-0.17194686355365232,0.29425753565015367,-0.06492663407460025,0.34854077875749767,0.001796291693228813,0.4482806964283113,0.10881648486904011,0.5025640111079805,0.17553947734176145,0.6023038841552483,-0.06423541354297146,0.37150753405092385
34.277000,-0.3327183978893389,0.14648250796924994,-0.23887504490461373,0.19453246036225305,-0.17178002253203575,0.2940224496718473,-0.06491763791923172,0.34861577119440285,0.0021774742301479133,0.4481056999593893,0.10903980957655707,0.5026991179171578,0.17613501150935656,0.6021889861329557,-0.0642943953450843,0.3715996715760721
34.327000,-0.3328343662648433,0.14604028988339585,-0.23914538618027678,0.19455538776669085,-0.1715473091489756,0.2937042656305888,-0.06489339005459388,0.34870373418992184,0.0027047996774690053,0.4478525352161972,0.10935865625182145,0.5028521250130076,0.17695695869117095,0.602000849197024,-0.06391536839495537,0.37138658001455666
34.377000,-0.3329235256641044,0.14568686751912593,-0.23947560219571656,0.1945854045764369,-0.17129279752940862,0.29333308884212483,-0.0648949561958162,0.34882632590351503,0.003287982920964494,0.4475739173343811,0.10968574869394682,0.5030672992687847,0.17786882226774942,0.6018147978600366,-0.0639750912169339,0.37150143668336577
34.427000,-0.33318076716256384,0.1449452405178941,-0.2399213100113653,0.1945125119283304,-0.17104221898383898,0.29277578492058276,-0.0649631905120005,0.3488760497898794,0.003916056298894965,0.44713921358329656,0.10999499582746625,0.5032396466335688,0.17887439842806457,0.6015027012233425,-0.06354534132129047,0.37107330390777415
34.477000,-0.3337119092015177,0.14445592917152977,-0.24055071221573596,0.1945702444565895,-0.1709230212902643,0.2923044997429439,-0.0651823401435343,0.34903992386680865,0.0044455258459253355,0.44677405443410406,0.11018610536353007,0.5035096679689055,0.17981414642245203,0.6012436738127692,-0.06407145600346309,0.371163477778922
34.527000,-0.3341724092900133,0.14357391147141066,-0.24146617930203998,0.19446758811596307,-0.1709493482823112,0.2915622663580506,-0.0656085781171617,0.3490368010756704,0.004908446897922414,0.44613133842469693,0.11024910222566875,0.5036060836186924,0.1807663212411017,0.6007004800704387,-0.0644116019656264,0.37113888298881403
34.577000,-0.33437031050929533,0.1428370058263227,-0.24218522056331176,0.19436690781999355,-0.1707488154532385,0.2907870303294937,-0.06587794136231923,0.3491145518529065,0.0055586753946163525,0.4455345175556603,0.11042942145018675,0.5038622692816245,0.18186624985879885,0.6002820781733457,-0.06392860847423576,0.3706464808813168
34.627000,-0.33468253672697695,0.14159397335048907,-0.24296196959825567,0.19444674052668795,-0.17040520851358978,0.2900266359004614,-0.06605000492269714,0.3492718167403215,0.006506984889489031,0.4448515384816702,0.11086204669977451,0.5040969690549773,0.18341926524397167,0.5996765171596293,-0.06322075901757795,0.37003522592414406
34.677000,-0.33489395091713087,0.14090777087185288,-0.24370320109011628,0.19422359990171376,-0.17009805522390625,0.2889985041299482,-0.06636016424954022,0.3493180692428937,0.007245225761785989,0.4440927838599185,0.11098296134522545,0.504412616214176,0.18458859550613038,0.599187141215517,-0.06525660097612701,0.37133776600090207
34.727000,-0.3352345346524975,0.13988160688123147,-0.2445452226303412,0.19427812305876158,-0.16969013303589064,0.2880689304925841,-0.06656068083065148,0.34942295305761323,0.008294666784288918,0.44321355456292477,0.11142395019865847,0.5045678608461964,0.18627955583819877,0.5983582564185543,-0.06462058888915395,0.37073638282710175
34.777000,-0.3357758813287361,0.13932558289908256,-0.2455287071752813,0.19442011762551575,-0.1694210418667959,0.2871973954493654,-0.06694964943271053,0.3496442827384836,0.009158285985151782,0.44242133898377917,0.11162949660833371,0.5048685246121134,0.18773770213880686,0.5976453592748867,-0.06326021512864849,0.3693490791304248
34.827000,-0.336673343642903,0.1390429920271121,-0.24684211031702072,0.19479683440955795,-0.1692765835718818,0.2863587755244578,-0.067441336600714,0.34983776789719057,0.010124470563536714,0.44139947145789077,0.11195952311677937,0.5048787757216785,0.18952561070306528,0.5964402417242274,-0.061277219577859365,0.3675240963916968
34.877000,-0.33713978639538267,0.1387938805183815,-0.24813632350622183,0.19557854335339667,-0.1691121683881494,0.28588459468925564,-0.06794785528687425,0.35042746226381527,0.011076588721386504,0.4407332607995972,0.11224069534371922,0.5052764520075413,0.1912654282439567,0.5955819977400497,-0.06299227352582276,0.369126418647687
34.927000,-0.3376436838872834,0.13842988243640963,-0.24925810886784344,0.19629748813469383,-0.16874929891948492,0.2852824954151289,-0.0683461584011874,0.3510031875452564,0.012162947411903158,0.4399879271424288,0.11256586941078606,0.5057089531089047,0.19307527108942746,0.5946934250202847,-0.0633772200284084,0.3696752842712899
34.977000,-0.3379695913742416,0.13825506228004972,-0.2503646376122123,0.1970833434743152,-0.16839182500968833,0.28472156569516743,-0.0687867697133,0.3516456492481263,0.013186343977958093,0.43928358984328214,0.1127911693449073,0.5062080156056266,0.19476458412495806,0.5938456745730918,-0.06253699346366359,0.3690697541929546
35.027000,-0.33842101205023,0.1380666941714365,-0.25149104460090455,0.19797284748128552,-0.16796026946376122,0.2841274155841319,-0.06918090053342846,0.3522643092154472,0.014350179104396066,0.4384185820899798,0.11312930721010972,0.5065558248480706,0.1966606913472636,0.592709802493512,-0.061593062900429874,0.3683256822378734
35.077000,-0.3386767986525175,0.1379597295782391,-0.2525932906436914,0.19890852630278155,-0.16755167029820317,0.28357211238920854,-0.06963687862976714,0.35294569217666627,0.01540504801088316,0.43760897059916926,0.11331958869754888,0.5069829046242716,0.19836182163030414,0.5916458753836953,-0.062018960501121045,0.36896346638696675
35.127000,-0.339043397039184,0.1378521328122349,-0.2537231394809446,0.19994024455877596,-0.16710914543497568,0.28299454026098353,-0.07009362649646667,0.3536202373136596,0.016520673851521617,0.436674213584597,0.11353593232306464,0.5073002684282903,0.20015053896881518,0.5903539252700389,-0.06111966372986055,0.36818381562465025
35.177000,-0.33935479267632984,0.1376980342052141,-0.25487607352915537,0.20087765044616723,-0.16677546390436188,0.28235330683340065,-0.0707131473100886,0.3542701430438813,0.017387767266099585,0.4357454696822569,0.11344981468656773,0.5076626654380093,0.20155103420952586,0.5891376623300518,-0.060365782546440705,0.36730784167770414
35.227000,-0.3395065269041106,0.1376196836917343,-0.25598849418444297,0.20195822876595457,-0.16638654263664782,0.2817798441268225,-0.07133509370547059,0.35502752024064793,0.018267159838522062,0.4348487966012139,0.11331833164903465,0.5080968323253239,0.20292088718305346,0.5879177696899329,-0.06092237733506234,0.36798808219639295
35.277000,-0.3396194765794858,0.1376399688350591,-0.25707673885228,0.2031033917706042,-0.16602607559184498,0.281268452506424,-0.07199390534498779,0.3558201188772382,0.019057055636741205,0.4339848328107207,0.11308894193033509,0.5085368573309696,0.2041402006255632,0.5867012244685224,-0.06152233308158772,0.36874859918017655
35.327000,-0.3397459782733424,0.13781646017244917,-0.25807479506261477,0.20430501467586631,-0.16556121536983584,0.2807330041327913,-0.0725857923050306,0.3565984818279885,0.01992807927453527,0.43302611796413754,0.11290321260691949,0.5088919507337404,0.2054173760651875,0.5853192335561521,-0.06207566873644349,0.36954141909896343
35.377000,-0.3398057644134051,0.13807459799794097,-0.2590854763969542,0.20565471085103817,-0.16517626044141204,0.28036119757485184,-0.07326001989897979,0.3575065456170101,0.020649481046583762,0.4322126740949014,0.11256542730102059,0.5093583727705338,0.20647521322842405,0.5840641430099818,-0.06136359656243695,0.3688258644140058
35.427000,-0.3398901463716966,0.13850359180301422,-0.2600782502264831,0.20709538959430573,-0.1647364126867131,0.27996468363878035,-0.0738680585943694,0.35834160769521706,0.02147405545331671,0.43121053995662734,0.11234211214436624,0.5095878088117757,0.20768450269166938,0.5824563792981352,-0.06184544456883517,0.3695374443244358
35.477000,-0.34014678459880915,0.1390389501633549,-0.2612652507409402,0.2087361642353181,-0.1645660419403843,0.27979433053924174,-0.0747340086425815,0.3593569209141772,0.021965467374915226,0.430414723575593,0.11179720148043193,0.5099776517593999,0.2084969447075723,0.5810350907853725,-0.06016675147891676,0.3672620490328828
35.527000,-0.33995035232087606,0.13944291440142187,-0.26225735845122305,0.21024158342272706,-0.16437303681908444,0.27965814900372965,-0.07577795211485794,0.3605958470570531,0.022106627064776452,0.4300120494688202,0.1107014114804214,0.5109500762193249,0.20858624820218663,0.580365915466565,-0.062379698581647935,0.3702277915506144
35.577000,-0.3398141528904625,0.13974339213549103,-0.2631162566688728,0.21172785965119806,-0.1640468034773479,0.27944228531343623,-0.07658257682483083,0.3616007240404152,0.02248712331941327,0.4293147883975643,0.1099510503489643,0.5114735460959797,0.20902099744087155,0.5791872491526083,-0.061985413802154,0.36961244621127
35.627000,-0.3396077714322648,0.1403652183026619,-0.2639406998569086,0.2132359670768852,-0.16373422187517828,0.2792561287988582,-0.07744280441355583,0.36264552408476336,0.022763909080662448,0.4286653283406431,0.10905502907407066,0.5120550314458007,0.2092619780770565,0.5780744782384588,-0.06319504903088707,0.3713261407090639
35.677000,-0.33949350229239267,0.14082426980975374,-0.2647596799966624,0.21474055650498708,-0.16346620342665108,0.27908052545400475,-0.07827886334227202,0.3635974887770461,0.023014836867337185,0.42793710563824466,0.10820188318707596,0.5124543650549973,0.209495807031986,0.5767936298324376,-0.0623145511000861,0.36989866441877495
35.727000,-0.3391076007815506,0.14155685456066952,-0.26548587090567694,0.216384084316724,-0.16310719199996127,0.2789828548799987,-0.07898034363050166,0.36455547521181064,0.023398546117593177,0.42715390094648015,0.10752510627374662,0.5127268046211937,0.20990420685977595,0.5753248855319173,-0.06335423163739451,0.37157365121946984
35.777000,-0.3387914769848437,0.1419712451067355,-0.2659880599726063,0.21791502609711033,-0.16267502696316233,0.2789594132867661,-0.07966072877610297,0.36561174329380053,0.023652502628684402,0.42665579471301585,0.10666651920263132,0.5133083945089737,0.20997994899840983,0.5743521101626228,-0.06145444373274783,0.3686655738045327
35.827000,-0.3380778635651242,0.1423679744502025,-0.26638722117087155,0.21924178331071292,-0.16214850657247065,0.2786916812823049,-0.08019151030658883,0.36634469464404296,0.024047389530844843,0.42579426781863045,0.10600411268722099,0.513447536541408,0.21024319775957945,0.5728967849238422,-0.06319742242074061,0.3716797204861275
35.877000,-0.33762492975514474,0.14260525461442125,-0.2668756745114041,0.220362723445988,-0.16193971932679865,0.2785730774175495,-0.08113770742308057,0.36729193038751584,0.023798421166317474,0.4255019717607128,0.10460016878782497,0.5142210654289041,0.20953647077817034,0.5724307942084733,-0.06299193728871116,0.3705978141697822
35.927000,-0.33722573992822596,0.1429610607563446,-0.2675078460164248,0.2216253853126133,-0.16188743405094802,0.2785843931626369,-0.08228615635955411,0.36838214697029714,0.023334416119249413,0.42534085717572456,0.10293544075906946,0.5151388353004814,0.20855617374767188,0.5720972478658473,-0.06311974303370788,0.3701477112130933
35.977000,-0.3368435934038431,0.14301302988415354,-0.26809858531175657,0.22264069732204905,-0.1618839205360234,0.27848373602492765,-0.08337358899300107,0.3692368507211196,0.022841224199216026,0.4250796071317282,0.1013513145458872,0.5158329304858216,0.20756627615110457,0.5716754046089645,-0.06419021230723532,0.37105453564328433
36.027000,-0.33624487225066146,0.14334505323562763,-0.268568966323352,0.22362148873482923,-0.16175626137597468,0.2783119454949818,-0.08431253982759424,0.36997693331271575,0.02250030042075768,0.42466712582371,0.09994379519702523,0.5163323052307596,0.20675677074310767,0.5710222334973201,-0.0633800355210491,0.36917005050245766
36.078000,-0.3358666465961232,0.14357640853094455,-0.26891015163517296,0.22464804415929598,-0.16156088641503244,0.2782776559099649,-0.0850827588517657,0.3707497922768264,0.022266628972736957,0.42437915861222253,0.09874454513427994,0.5168514698162945,0.20609405555994348,0.570480590741422,-0.06415915773071712,0.37008101792385584
36.127000,-0.335304824749772,0.14388588676362954,-0.2692144484257656,0.22553194430103696,-0.1613590932064709,0.2781363390838849,-0.0857595315180156,0.3713281105686311,0.02209593342288213,0.4239322803875031,0.09769530073415877,0.5171242095556795,0.20555087539373212,0.5697281544153869,-0.06480087563115383,0.3707050796675694
36.177000,-0.3348903461517234,0.14404395987088506,-0.2694722053193448,0.22638114156196587,-0.16118814772547074,0.2780973176675605,-0.08640096239276901,0.3719422797592472,0.021883192546547026,0.42365825204109164,0.09667020123617392,0.5175033549033917,0.2049544535179017,0.5692191233668448,-0.06535235289423519,0.3713092780795504
36.227000,-0.3339512272906029,0.1441693541011212,-0.2694633968149119,0.22700302494053942,-0.16082710975858122,0.27797514609001533,-0.08683942814048284,0.3724517197402078,0.02179694388662501,0.4234236597920653,0.09578446801243812,0.5179003567793834,0.20442092500740627,0.5688721157390544,-0.06559093018841,0.37185838240497104
36.277000,-0.3334927630385949,0.1443712116750897,-0.2693930978403416,0.2276943866645202,-0.160469608596386,0.27804985785587316,-0.08720100924567836,0.37308517938396035,0.021722553019890345,0.4234404926225841,0.09499101455926356,0.5184759203977809,0.20391464984353608,0.5688310756893679,-0.0654554993720885,0.3715812735281334
36.327000,-0.3329480975638818,0.1446263426854483,-0.2694020808538705,0.2283268903788624,-0.16020977986306495,0.27809677485318907,-0.08752816882677172,0.37358176536703935,0.021664193019389766,0.42335151632795337,0.09434568730484866,0.5188365957105137,0.2035381100028969,0.5686062131651937,-0.06567047773104406,0.37196446196648625
36.377000,-0.33264694939591344,0.14476347395427716,-0.26941743962326914,0.22884689129888716,-0.16001274475494218,0.27814813610572686,-0.08782384755183256,0.37400617238508993,0.021580896398471883,0.42330730827366747,0.09376969817221409,0.5191654164190305,0.20317449120075703,0.5684664433973534,-0.06557583860403932,0.3717043186394309
36.427000,-0.3322951121250496,0.14491619022669952,-0.26942629840357957,0.22925430325212748,-0.15984956120508387,0.2781719755651526,-0.08804937622584033,0.37432151241551825,0.021527398123327324,0.4232391015100789,0.09332751008418388,0.5193886928872753,0.20290432158021632,0.5683061987717302,-0.06551011545196972,0.3715084562879595
36.477000,-0.33213139990970464,0.14498561741794028,-0.2694300435618923,0.22954970733099703,-0.15973337076396685,0.27819783141546706,-0.08822423366963306,0.3745640252382839,0.021472464689851423,0.4232120916839444,0.09298155115256124,0.5195783230782538,0.20267827506994623,0.5682263318932725,-0.06560981651018638,0.3716691648441077
36.527000,-0.33200180966133497,0.1450483333749084,-0.26942931981396395,0.22972737348679784,-0.1596560653072393,0.2782024453790648,-0.08832865748506022,0.3747032272066079,0.021444610802275887,0.42317826789225443,0.09277199119332608,0.5196790699951852,0.20254527325766725,0.5681540794823546,-0.06556144807898195,0.3715316630508944
36.577000,-0.33198837383880836,0.14505651869487163,-0.2694371976915583,0.22981925103194376,-0.15963095644445585,0.2782195545761246,-0.08837726702042348,0.37477478096724004,0.02142897650549197,0.4231750793414554,0.0926826613851352,0.5197303090861385,0.20248890718681767,0.5681306022972982,-0.06554542324435614,0.37148660525922744
36.627000,-0.33211001617043573,0.145023393735889,-0.26944572542638123,0.2297792952551576,-0.159654877253751,0.278214506182039,-0.08836613036212496,0.37474385180613945,0.0214247083492487,0.4231790841793835,0.0927134740990368,0.5197084158763718,0.2025043033463706,0.5681436697022768,-0.06552545648496422,0.37141800866199887
36.677000,-0.33230220888931117,0.14496277420397083,-0.2694914611772379,0.2296488036716976,-0.15975400520551541,0.27820486155144775,-0.0883192927272975,0.3746262380877446,0.021418142269047757,0.4231823433721501,0.09285289640191957,0.5196036890481786,0.2025903104201568,0.5681598417433553,-0.06554827899227939,0.3714190085980261
36.727000,-0.33274321738829377,0.14483454432781384,-0.2695676202334375,0.22938219419588807,-0.15993583327677757,0.2781763668877712,-0.08824671859196959,0.3744087462395572,0.021385035581750478,0.42320299258878163,0.09307421492390383,0.5194353237735043,0.2027059363119721,0.5682296437860299,-0.0653214920579206,0.3706804941709789
36.777000,-0.3330913961968605,0.1446992936620222,-0.26968235779220495,0.22900750097929382,-0.1601914016818101,0.2781168741168723,-0.08814154509069733,0.37407946143711257,0.021349366613426457,0.42318893357980714,0.09339930997911594,0.5191514557485978,0.20289017727421071,0.568261026902318,-0.06558044876936797,0.371154754920031
36.827000,-0.33377371716391024,0.1444212216619111,-0.2697690275544078,0.2284925770307954,-0.1604771818634437,0.27804348484748503,-0.08796463759435336,0.3736569301552286,0.021327151718192883,0.4232079623226578,0.09383980477732318,0.5188213251247257,0.20313153770864556,0.568372481648707,-0.0651131874167254,0.36998737519588076
36.877000,-0.33433343076597116,0.14420716084359,-0.2699113589719444,0.22788196066652883,-0.16085183546335766,0.27794212778617833,-0.08777849448401509,0.37312766680401777,0.021280960831628115,0.4231879824864269,0.09435443147651079,0.5183734219607045,0.20341381859641083,0.5684338862114381,-0.0648748835593021,0.3691410745508715
36.927000,-0.3352998317283525,0.14416229762520047,-0.27007581609806863,0.22728323845215226,-0.16129454628672715,0.27794520977089054,-0.08753245380662458,0.37259801592430414,0.021248735666191287,0.42326015974538495,0.09501097824553145,0.5179128489276024,0.20379208737717003,0.5685751652560043,-0.06491348084480908,0.36904075230971856
36.977000,-0.3358980798381791,0.1440058846370323,-0.2701766114205324,0.22667370470712267,-0.16169081635556357,0.27796534407453827,-0.08718899831422819,0.3720370141378159,0.021296704863171756,0.4233288478541154,0.09579869143237918,0.5174003844483481,0.20428430271945786,0.5686924125184523,-0.0645490662398942,0.3682541211989945
37.027000,-0.3372366893508945,0.1437176717225114,-0.2703659925337906,0.225821195419325,-0.16228578622685766,0.27796205252189493,-0.0869478755470299,0.3713654742540907,0.021132226245310526,0.4235065479992448,0.09647032414955276,0.5169098187185047,0.20455032142450924,0.5690511091109192,-0.06458989106063334,0.3681283340483169
37.077000,-0.3379524337772498,0.14375044436056061,-0.270589239960305,0.2250428957287774,-0.16291548266591954,0.278018002992267,-0.0866256579632344,0.37064555098273855,0.02104798255592394,0.4236208955952986,0.09733801144159765,0.5162482754163676,0.20501153518304993,0.5692238573817164,-0.06555337003668066,0.3697224731856318
37.127000,-0.33912378981700614,0.14369294913921624,-0.2706279276399508,0.22422169605020636,-0.16342073063420937,0.2781347455560573,-0.08608811048788323,0.36989348279440887,0.02111895720378787,0.42380678944315464,0.09845179743759641,0.5155653411952672,0.2056587358130676,0.5694789049896055,-0.06504433501489054,0.3688201072973864
37.177000,-0.3399364500417315,0.14370829859609072,-0.27069377575198716,0.22342150750358836,-0.16397390092841008,0.2782928872711953,-0.08553265075925431,0.3691057182583327,0.02118708253206858,0.4239773732925102,0.09962856693482824,0.5147900019555438,0.2063481586917003,0.5696619322588183,-0.06522631755575731,0.3692009887214227
37.227000,-0.3412638447265556,0.14341174788550906,-0.2706443506394639,0.22229027797612227,-0.164517703091984,0.2783004081326117,-0.08495479721843541,0.36813216203360766,0.021171696134019646,0.4241425843541474,0.10073484931036097,0.5139741192214218,0.20686118846560042,0.5699848337082143,-0.06304468068813479,0.36477501467344264
37.277000,-0.34227938750683967,0.14392389575844586,-0.27087451532429274,0.22158325784203065,-0.16529816272633066,0.27862389047221936,-0.08455030492580184,0.36739203487178085,0.02102588182165399,0.42443297447315587,0.10177399771798235,0.5132008840954344,0.2073500186126963,0.5702421306699996,-0.0633853864027088,0.36537016771560193
37.327000,-0.3439629405226385,0.144047509529737,-0.2710774199468352,0.22086365362077706,-0.16611640966682178,0.27902881776895627,-0.08405784386107712,0.3665867516061846,0.020902988612989892,0.42475223661006434,0.10296182207016802,0.5123099196058318,0.20792247673578163,0.5704757254676227,-0.06351587572495604,0.36571463398215853
37.377000,-0.3450939835152106,0.14452922417911152,-0.27134377052768127,0.21993431112942158,-0.16704960617538367,0.27928687872230606,-0.08362881056520233,0.365547940954457,0.020665164116199675,0.4249008418352658,0.10408623538228512,0.5111616374870187,0.2083800203900748,0.5705148716580488,-0.06421702994556422,0.36657639465376585
37.427000,-0.34680552669729087,0.14534092486607772,-0.27147667429385214,0.21944625115958427,-0.16789489298072036,0.2800334988277078,-0.0830482542078822,0.3648924870903044,0.020533325777152056,0.42548007895368806,0.10538024652303352,0.5103387852833401,0.20896162517691852,0.5709267213445763,-0.06466613130726778,0.3673376008395443
37.477000,-0.3479692507980341,0.1459711909524033,-0.27166663905937716,0.2188891301084529,-0.16882252427844965,0.28072025540087675,-0.08256781579066119,0.36414762059771516,0.02027608663268593,0.4259790991045166,0.1065310816398502,0.5094061680708544,0.20937477170234225,0.571237999794733,-0.06423990011068081,0.3664989469322155
37.527000,-0.34961523258614907,0.14695715421970956,-0.27183414208493495,0.21837608371657424,-0.16979781558757095,0.2815313532902475,-0.08211013103665099,0.36345125305885295,0.0199259722870177,0.4266068831999704,0.10761394630837834,0.5085264731161142,0.20964982645487895,0.5716824638274391,-0.06479736758883348,0.36736600617934567
37.577000,-0.3506021049212475,0.1476314772100727,-0.27189152375512693,0.21784532445625004,-0.17066943836274978,0.2822975503977822,-0.08155659055130204,0.36266483450601694,0.019665261688764923,0.42711742661130037,0.10877840021087792,0.507484388372578,0.21000001929516154,0.5719373466441439,-0.06423759276330016,0.3664845864538714
37.627000,-0.3520929918719812,0.1488774853046841,-0.2718174173930917,0.2173136391170748,-0.17150239907654918,0.283168761165844,-0.08098025341321846,0.3619452877741002,0.01933452204426339,0.4278007797608856,0.10985695820560598,0.5065769725564896,0.21017149080025177,0.5724328344840683,-0.06477350364373219,0.3674204587033866
37.677000,-0.35332077764354247,0.1499498183750527,-0.27201329890593956,0.21708298995289882,-0.17248936613968663,0.2841276527284526,-0.08051694305492557,0.36120601150616527,0.0190067388445746,0.42825104667743297,0.11097945033343748,0.505329061320614,0.21050288136069595,0.5723744688927359,-0.06434901673168258,0.366606292213849
37.727000,-0.35485156434792947,0.1515617486236004,-0.27212054385831996,0.21690515678442174,-0.1735408996441379,0.2853306911016973,-0.08012040785961477,0.3606474336941464,0.018458977520504183,0.42907334090828103,0.11187975420373097,0.5043897301200727,0.21045888074342112,0.572816010237226,-0.0650929971950121,0.3677263448245814
37.777000,-0.355770445589532,0.15265092461043855,-0.2720733784304068,0.2166507372816695,-0.1744395405624429,0.2864191664109838,-0.07962842827545497,0.35997766685045807,0.01800514388324692,0.42974646781142906,0.11281653631160715,0.5033046071693238,0.21044984275424888,0.5730737799684706,-0.06460942830144156,0.3670654975716868
37.827000,-0.3571357298031972,0.15453818039168024,-0.2720160093261382,0.21655352044582332,-0.17537732637587444,0.2876939798036205,-0.07918639395477234,0.3594386975182993,0.017452017322971358,0.43057952592023513,0.11364322372236774,0.5023238763000994,0.21028136332037217,0.5734650737530276,-0.06536150642750305,0.3681921651555752
37.877000,-0.35798852827382216,0.1558582047486044,-0.27193901876821003,0.21655313197283083,-0.1762513706915809,0.2889677299870654,-0.07870454187328935,0.35885775922940377,0.016982829970905666,0.4312727222519087,0.1145299253902115,0.501162379392696,0.21021702099491113,0.5735777074299087,-0.06487065242467827,0.3676559955316263
37.927000,-0.3591648660897184,0.15791053655119133,-0.27179458548163793,0.21658030583402516,-0.17712524788365158,0.2903211799728532,-0.07826787038577393,0.358344844342263,0.016401187408333517,0.43208607769495355,0.11525882301665075,0.5001093669563024,0.20992760100020746,0.5738509595286089,-0.06564134925004406,0.3687699594616885
37.977000,-0.3598640213253011,0.15941201230630453,-0.27161626290962526,0.21670611134490814,-0.17790505655738892,0.2916608297002202,-0.07776481549442915,0.3577814174133016,0.015946108997900887,0.4327364881591048,0.11608659870447902,0.4988566992975882,0.20979724133121697,0.5738121224382742,-0.06510302766707848,0.3683295345359728
38.027000,-0.3609027641155651,0.16159705507712516,-0.271428394066023,0.21691249900333553,-0.17875330824339516,0.2931445688149872,-0.07740083112803187,0.3573915561574281,0.015273971867509284,0.43362396979977313,0.11662668734783121,0.4978705811093581,0.20930120751243247,0.5741033385844807,-0.06596317912682242,0.3694782941634829
38.077000,-0.3615424598774913,0.16311045742981267,-0.2711951462722125,0.21705747518695653,-0.1795053932484998,0.2944718743026931,-0.07699200825084368,0.35684980226060414,0.014697462452660404,0.4342645357556648,0.11721107493979921,0.49664208985036074,0.20890026332011052,0.5740571577258062,-0.06558477115529987,0.36911462110990334
38.127000,-0.36287782609326474,0.16610824662394458,-0.27125987182393757,0.21774947846064208,-0.18051771583311177,0.2962724758941068,-0.0768943612857027,0.3567885926909003,0.013847514332513466,0.43531191412528353,0.11747108496230135,0.495827660916962,0.20821268020525774,0.5743513063529884,-0.06664404964942683,0.3705474456951844
38.177000,-0.36323573102441686,0.16745538476313412,-0.27119479456281825,0.2181970815146311,-0.18143320905239785,0.2978391417677516,-0.07674764534475076,0.3564986060526077,0.013013663185944102,0.4361409784781159,0.11769943090436408,0.49480007867730963,0.20746046245321959,0.5744427632754012,-0.06759919766228878,0.3716248887594829
38.227000,-0.36401856891304135,0.16994812382749647,-0.27091911093891424,0.21870005586843638,-0.18213439106594548,0.2994296880803967,-0.07643157883969293,0.3562356339616301,0.012352869037061287,0.4369655653081873,0.11805587266190687,0.49377115503917995,0.20684004854064986,0.574501385520285,-0.06522325074521385,0.36911914433327686
38.277000,-0.36438751700610567,0.17130852926382883,-0.27060070684353354,0.2188772291586764,-0.18280096024425369,0.3006770121476998,-0.07620000616012212,0.35577906826453776,0.011599474539113197,0.4375791366562798,0.11820060774423546,0.49268084624259023,0.20599982254306543,0.5744812000355785,-0.06507202956779501,0.3690132435421971
38.327000,-0.3646417307192794,0.17389388383796422,-0.27023909272735647,0.21931707031316885,-0.18338104856309448,0.30211610506101805,-0.07590491478545047,0.3554910117407455,0.01095287135882872,0.43829031715649625,0.11842917146852627,0.49166488890737436,0.20528669959335655,0.5744644649887778,-0.06470735717903559,0.3689746693077156
38.377000,-0.36450751743994325,0.17507123687646017,-0.26955483772715244,0.21997081074221517,-0.18353194942109977,0.3036371879601273,-0.07526922923401014,0.35539801685897376,0.010753409818769932,0.43906465034975256,0.1190162842097579,0.4908251567151711,0.20503867401135334,0.5744920464751423,-0.06701020411516884,0.3723038935853459
38.427000,-0.36472107221364436,0.17729770934955463,-0.26900244338674506,0.22035349067504348,-0.1839503250205077,0.3050065305578836,-0.07498203330385794,0.3552649766177108,0.010069846496516766,0.4399182561904052,0.11903827985134158,0.49017639515504036,0.2040899210891443,0.5748299144129323,-0.06681095693160011,0.3725185565399941
38.477000,-0.3647462176076178,0.1786004823005489,-0.2684783512249516,0.22081445831704666,-0.18430826164528705,0.3063445467079162,-0.07469537361906464,0.35518115980249926,0.009474489220852256,0.44071147132717625,0.11908750671415702,0.4895477938342164,0.2032571428181183,0.575078328487786,-0.06750614048393438,0.37347049261744014
38.527000,-0.3649511758214416,0.18064578262698863,-0.2680903140149086,0.22127198408705612,-0.18473708820756055,0.3075983401291635,-0.07451204974421538,0.3550371522533475,0.008840962841568767,0.44136371417303466,0.11906611847772819,0.48880225404289146,0.20241891784616156,0.5751290218350724,-0.06735921334266298,0.3735844016747412
38.577000,-0.3650707346657074,0.1819934807111048,-0.267749657317438,0.22178897737952066,-0.18510515723082052,0.3087940726638363,-0.07431675526259857,0.35490188099743003,0.008327546124890839,0.4419071650218709,0.119116053393655,0.4880147203372278,0.20176015608659809,0.5750201930965784,-0.0680223263085904,0.37443006850075633
38.627000,-0.36522582378772456,0.18394615472025722,-0.26744976448144936,0.22237357971229849,-0.18547668929530928,0.3100115563236243,-0.07417880261882986,0.3548755777812396,0.00779408989589242,0.442513725255782,0.11909207008730305,0.48737751472248,0.20106477993554378,0.575015833054908,-0.06865628572393162,0.3752491529006672
38.677000,-0.365290393084143,0.184972263389184,-0.267162029002407,0.22293494732518732,-0.18577128084884148,0.31111400444762877,-0.07402064755418752,0.35483809344035266,0.007369934693403135,0.4430173036965013,0.11912065025415342,0.4867411824318117,0.20051106660101148,0.574920545816251,-0.06917581056899413,0.3759386224553981
38.727000,-0.36496261902296967,0.1858695988335814,-0.26676446036529816,0.2229855729204104,-0.18600668265154838,0.31174469266906124,-0.07390295366309368,0.354555368285472,0.006854676131120452,0.4433146226189747,0.1189584764640308,0.4861251114128371,0.1997159583443685,0.5748845003255919,-0.0672087016008649,0.37410354982385197
38.777000,-0.3646541285807836,0.18630358556594634,-0.2661419284348495,0.2230810059019387,-0.1860017321135167,0.3123981315469808,-0.0736305041388049,0.3545016601811723,0.006509562687099346,0.4438189020164058,0.11888085170419987,0.48592226773258185,0.19902078903969922,0.5752396257531605,-0.06776333694408043,0.3748895052519488
38.827000,-0.36428718067001664,0.1868562325368351,-0.2656289837984121,0.223030267828506,-0.18608042062674132,0.3128747227575769,-0.07350362895707613,0.35442548640716043,0.006044824373927449,0.44427003858938313,0.11862166684097375,0.4858206646093177,0.19817001033649273,0.5756653140398639,-0.06783031887261887,0.37510969034589847
38.877000,-0.36406948602436423,0.18715293999309526,-0.2651869844108772,0.22306110153294376,-0.1861107820113021,0.313321581326069,-0.07336108452159357,0.3544008426266634,0.005715028028157598,0.44466140113614117,0.11846476640896092,0.48574055020332196,0.19754078911426365,0.5760011874242844,-0.06837411808863703,0.37574790256362656
38.927000,-0.3638116977420447,0.18747481834058646,-0.2648295632127354,0.2230553715724249,-0.18613660286755038,0.31365017270381723,-0.07325662318097009,0.35437007183940383,0.005436267798886285,0.44496493322324737,0.11831627866205968,0.4856847459338315,0.19700910028205376,0.5762796675652846,-0.06915118801330528,0.3766092927128729
38.977000,-0.3637057568268426,0.1876803366186156,-0.26457387702978497,0.22308805874718057,-0.18615774474302543,0.31392257970091464,-0.07317717091460907,0.3543625344129836,0.005238913311445104,0.4451970968568093,0.11821950853568636,0.48563699179347486,0.19663554470648453,0.5764715957226442,-0.06939835260680316,0.37690149323440003
39.027000,-0.36364330102665704,0.18784632900645146,-0.26442051696488317,0.22311481796648305,-0.18617397193312504,0.31409546530726085,-0.07312618524480635,0.3543471475680926,0.0051203328463855224,0.4453278180786947,0.11816813145224919,0.4855794668688087,0.19641462260841047,0.5765601605444601,-0.06956103732473468,0.3770706661308392
39.077000,-0.3636361638059013,0.18785632580442435,-0.26437317046421793,0.2231299007334697,-0.18620023870714825,0.31417380629618985,-0.07312688215435409,0.3543536026852607,0.005046044679725803,0.44539751247500214,0.1181194034038553,0.4855773027535347,0.19629232532040203,0.5766212167656118,-0.069650037473935,0.37715665519423874
39.127000,-0.3636679732605314,0.18778862828693424,-0.2643929810474615,0.22313201089404322,-0.18618228506527917,0.3141434773912849,-0.07311962949843304,0.3543533756242381,0.00509108388568813,0.44536482716712217,0.11815373176244215,0.4855747470231586,0.1963644625541081,0.5765861836068618,-0.06968137071043079,0.3771854057876619
39.177000,-0.363723957043645,0.18772658633791856,-0.26447586007632146,0.22315861611287316,-0.18611715661004763,0.3140426828527165,-0.07309422662690368,0.3543641076180777,0.00526451587770882,0.445248140699712,0.11828742853943908,0.4855696140178119,0.19664621008767186,0.5764536134366542,-0.0697438519322508,0.37724291136843235
39.227000,-0.36389070149530006,0.18749168511452516,-0.264617289926366,0.22317304974587537,-0.18600628604154962,0.3138389752759256,-0.07305748056496109,0.3543675740849275,0.0055535835444417425,0.4450334473978044,0.11850236209834902,0.4855621212373193,0.19711348643732202,0.5762279423286316,-0.06952125628294797,0.37708028481823447
39.277000,-0.363985490924161,0.18719509487231406,-0.2648639950468872,0.2232363790193878,-0.18590207114311136,0.31359684917585073,-0.07306863038702871,0.35444552903839444,0.005893374817403485,0.4448059281498301,0.11872677881901694,0.4856547095365206,0.19768886532871316,0.5760150375987743,-0.0696249342595624,0.37713598221652933
39.327000,-0.36424995409397626,0.18671741956129734,-0.26518841438687435,0.2232132471323497,-0.18577924490998415,0.31318092912419004,-0.07310821635184084,0.3544754726335571,0.006301055250583387,0.4444430644851056,0.11897203693260938,0.48573773589444774,0.1983814106650051,0.575705237601581,-0.06932314029591419,0.37687008809061506
39.377000,-0.3644742511491939,0.18645891040054952,-0.26560284931053324,0.22329733094303725,-0.18565300077889085,0.3127848815009009,-0.07317084447904615,0.35459115501418026,0.006779125813996867,0.4440785967879869,0.11926122522874599,0.4858850233535329,0.19921131728730562,0.5753723563393072,-0.06896517978708322,0.3765279261755643
39.427000,-0.3650245098725459,0.18592274779310053,-0.2661552498818534,0.22342754433434414,-0.18557229717760687,0.31234541505223945,-0.0733082643487859,0.3547339386470537,0.007274828668121791,0.4436516822046114,0.11953879460621375,0.48604038295598645,0.2001220279397966,0.5749579993491656,-0.06918354922613179,0.3766036877462985
39.477000,-0.36542598299922935,0.18559969852131272,-0.26690019111536145,0.223603060440786,-0.18557291655458458,0.31184066245104247,-0.07356990067328584,0.35491413955247403,0.00775753219712183,0.4431515956508555,0.1197604707969846,0.4862252737049696,0.2010880619810539,0.5744625838872355,-0.06879710172854253,0.37616622016345413
39.527000,-0.3658281761533132,0.18470056757079759,-0.2675970126575689,0.22373417949992475,-0.1854442640385241,0.3112037507389094,-0.07372788220067905,0.3550152792194904,0.008425041331960037,0.4424846861766441,0.12014133555646661,0.48629643806455,0.2022944340069473,0.5737656807352249,-0.07087534555824682,0.3779050439238021
39.577000,-0.36616951334221925,0.18402492210928045,-0.26826988640718324,0.2237845715193242,-0.18527182633760014,0.31045245497709884,-0.07392905801389937,0.35520497379193283,0.009069192856518138,0.4418726745276499,0.12041186265395037,0.48662543847176154,0.20341030432946905,0.573292956480529,-0.06973955640370777,0.3767776921936008
39.627000,-0.36665227042251536,0.18309405379601354,-0.26897774667604724,0.2237119065676477,-0.18503872028737361,0.30946877130114786,-0.07411382921454374,0.35524724375797656,0.009825402721681198,0.44100390730055455,0.12075018406617116,0.4867826456370021,0.20468962155418546,0.5725391079835451,-0.07014348558464245,0.37694895852756216
39.677000,-0.3673137621739848,0.18260635397349256,-0.2699829197586227,0.2238473676428513,-0.1850415502601603,0.30861153310855693,-0.07455233524100824,0.3554317569638997,0.01038925280594638,0.4401957034236613,0.12087834710465628,0.4870162121614321,0.2058201537035652,0.5717799396106509,-0.07066848861323383,0.37711746567734994
39.727000,-0.3679294753473451,0.18197253991989779,-0.271092823616267,0.2243324958192966,-0.18498775839534964,0.3079142985235269,-0.0749401888747519,0.35576335747501775,0.011165106392038049,0.43934492318783624,0.12121254421099181,0.487194285037474,0.20731806952736748,0.5707756137537509,-0.07268258553985568,0.3790031040104922
39.777000,-0.36836069757559264,0.18176941355030102,-0.2720221908181962,0.22494270035778435,-0.1847695440880968,0.30732580320954644,-0.07521419560999487,0.3562913586321942,0.012038691031453441,0.43867420739105967,0.12159389690964334,0.48764008186496344,0.20884702346618889,0.5700226765254802,-0.0722169540337203,0.3785907627143523
39.827000,-0.3691462046348365,0.18106033218607753,-0.27302578397048716,0.22525719910446826,-0.18456329807527014,0.30633980259502813,-0.07555730940277855,0.35651643494040663,0.012905424854209646,0.4375987674632585,0.12191125982665113,0.4877757337122409,0.21037424244846542,0.5688577952623857,-0.07271638472197167,0.3791156708676596
39.877000,-0.3695535429396677,0.18086315871003175,-0.27402518671088427,0.22600627250597552,-0.18436600375410755,0.3057635976332849,-0.07589654598410783,0.35708977741534687,0.013762891816305023,0.43684681605930614,0.12223218558279508,0.4881733424344387,0.2118918782287318,0.5679300945910823,-0.07320640752784285,0.3797894607917434
39.927000,-0.3702686510008599,0.1806061054303108,-0.2752426416212148,0.22686585082038818,-0.18421121431110643,0.30505331299869465,-0.07632805090569966,0.35760065406978886,0.014703636193940994,0.4357878137815522,0.1225866249983234,0.4883355133185735,0.21361857188888583,0.5665223705601431,-0.07383090991411584,0.3805877829593609
39.977000,-0.37063692845658025,0.18044316435671579,-0.27631852227324255,0.22779228618500882,-0.18398585771201306,0.30443874112601355,-0.07674364865554872,0.3582821120892954,0.015589279130572176,0.4349282499335664,0.12283130327003428,0.48877198920259407,0.21516449428117834,0.5654178099477565,-0.06837696284786049,0.3747940930319257
40.027000,-0.3710445429438278,0.18020586806382466,-0.27731011777767667,0.22876185354789183,-0.1836294340003984,0.30375471645511515,-0.07706982566725612,0.3589366869879557,0.016611123102355962,0.4339292188669725,0.12317053644179327,0.4891115659424175,0.21685175020308334,0.5641037667916491,-0.06752914994664094,0.3739258496493152
40.077000,-0.3712811332201313,0.18004470177721832,-0.2782487394531479,0.2297694902079615,-0.18327418136557658,0.3031168372361297,-0.07743555905946914,0.35966934406248663,0.017539264347466,0.43301634753789436,0.1233776820806915,0.48956923722292506,0.2183527708055647,0.5629158971448496,-0.06789163094854545,0.37461029045086053
40.127000,-0.37167326451697463,0.17990887739524725,-0.2792370123881512,0.23084097587642607,-0.1829317917652263,0.30243220774282953,-0.07785383097456988,0.36038582846994877,0.018451653653069555,0.4319767051932783,0.12352940072516289,0.48993071342013667,0.21983514935485943,0.5615212350012311,-0.06714855204027748,0.3737194427215509
40.177000,-0.3721828316640133,0.18030699025652328,-0.2802849613977434,0.23207998121946416,-0.18267491283191004,0.3018816890599836,-0.07836029477160489,0.361198301055813,0.019250015038194512,0.43099964357379483,0.12356441109326521,0.49031664598791697,0.2211749821442361,0.560117623184379,-0.06768791772850608,0.3745585244151427
40.227000,-0.37263698617560403,0.18048770815905527,-0.28156408746995176,0.23364300802724125,-0.18257640731388616,0.3014769167847365,-0.0790139278074457,0.36209715134777665,0.019974008981823277,0.4299306856077825,0.12353625914537492,0.4905513119742419,0.22252445256363707,0.558384471739864,-0.06589094354619413,0.37194086938096693
40.277000,-0.3728221020819351,0.18067330078112748,-0.2825646321180622,0.23504814189528428,-0.18234132821645985,0.30104275800180513,-0.07961760288862735,0.3630736878253378,0.020605952373169367,0.42906792219990686,0.12332944143937324,0.49109924327293814,0.22355324805597926,0.5570930959205682,-0.06764771210529913,0.37462632127443085
40.327000,-0.37289661652361633,0.180940081601186,-0.2834646870997127,0.23649303689748996,-0.18199808279009005,0.30055962889265125,-0.0801442095301741,0.36400873055652805,0.02132263945325974,0.4280749350435511,0.12317627040030626,0.49152442568691895,0.2246433640513642,0.5555902426723243,-0.06697285393938024,0.373741597996431
40.377000,-0.3729000800018479,0.18122769008018932,-0.28427031622334087,0.23801168021953895,-0.18163474326989631,0.3001883572336585,-0.08066597365073908,0.36503670001582644,0.02196983649200762,0.4272129854978496,0.12293835873339187,0.49206171344521277,0.22557440605878776,0.5542376074027514,-0.06741154140400357,0.3747553355286931
40.427000,-0.37287681914107274,0.1816658926406622,-0.2850306893549452,0.23956387285689223,-0.18120581986373077,0.299733603412482,-0.08111847240843789,0.36593422938658804,0.022706625400024105,0.4261035659714573,0.12279372165728125,0.492304571725075,0.22661904777604536,0.5524735143477624,-0.06773369239329652,0.37550392114339176
40.477000,-0.37299265139087107,0.18212929077876894,-0.28590847428388994,0.24121624560334903,-0.18099298368357736,0.299463475844192,-0.0818128915262632,0.3670157468587059,0.023102818114651813,0.4252625825596872,0.12228265624451523,0.49281522653522436,0.22719858491980216,0.55106166770407,-0.06746250159611505,0.37495526258658385
40.527000,-0.3727068326516571,0.18237426315343583,-0.2866747975422963,0.24281086635609075,-0.1807243794352729,0.299153646740233,-0.08251515204647736,0.3681097752147417,0.02343547510341859,0.4244521625000908,0.12164444665893503,0.49340865533800016,0.2275952828461109,0.5497506495315555,-0.06799448696689414,0.3759139463095045
40.577000,-0.3725191735300788,0.18295576253433019,-0.2872559319363184,0.2443436969215686,-0.18033373789260937,0.2988197872776095,-0.08307236450034594,0.3691065231945,0.02385002821681037,0.4235822236052177,0.12111114528186201,0.4938693142211931,0.22803373666709392,0.548344624693615,-0.06655338760187673,0.37327256754952665
40.627000,-0.37221062263547877,0.1834111498195924,-0.287798943955362,0.2459926703876052,-0.17990043077973833,0.29850848566649996,-0.08355545647706175,0.3700462094581043,0.02434324403907484,0.4225616398271519,0.12068796315302938,0.49409970729839686,0.22858685100453324,0.5466147527646802,-0.06785805560848102,0.3759104433166126
40.677000,-0.37217317273020367,0.1840188981362701,-0.2884691912184899,0.24757570314433477,-0.17969460272495788,0.29825201810569213,-0.08427670338472149,0.3710216854506547,0.02449806125542575,0.42169762231896024,0.11991570766303455,0.4944676213160233,0.22869064844529957,0.5451431800974978,-0.06762163016866163,0.3752036453908686
40.727000,-0.371907216851573,0.18475886353426543,-0.28906018929448396,0.24930797945334543,-0.17942787521310763,0.2981009677730049,-0.08491384785211203,0.372040798933246,0.02471863057216578,0.42083341799136,0.11923240890043713,0.4947735674780523,0.2288650516632496,0.5435658172810846,-0.06815714688509378,0.37607805540215833
40.777000,-0.37151379420999525,0.18514843402515244,-0.28953609922588136,0.2508352230811691,-0.17914486295341264,0.29788599304528807,-0.0855396650791575,0.37297305538547965,0.024851724109541617,0.4200234665735832,0.11845667795745657,0.4951108331214121,0.22884822005828315,0.5421608855398943,-0.06708948728648495,0.37362497203461403
40.827000,-0.3708751151236408,0.18555197203923443,-0.28983858786740674,0.2523110247407562,-0.1788260986769644,0.29787666138989766,-0.08614973388341957,0.37410717633328705,0.02486289780519485,0.4196724658096823,0.11753902420976386,0.49590327057078176,0.22855179839302164,0.5414682128799377,-0.06764881342527224,0.37485193926512
40.877000,-0.3706432124577677,0.18557637498279847,-0.290235745962975,0.25359638778328375,-0.1786442948449032,0.29772515433461894,-0.08701520269186608,0.37521134324070604,0.024576379912552404,0.41933977729201233,0.11620524119281328,0.49682623920931923,0.22779695528053068,0.5409543407654074,-0.0684870669374067,0.3765918875064477
40.927000,-0.3699334093971752,0.18575247690454463,-0.2907485911562504,0.25466431400471623,-0.17865266987684603,0.29749542923674716,-0.08804649181610358,0.37617529003627737,0.02404955042647705,0.4190060886868686,0.11465550628392057,0.49768620537061115,0.22675166948691006,0.5405166874443246,-0.06947709596179291,0.3775549422744753
40.977000,-0.36970843438593193,0.18592441545133465,-0.29109548950108605,0.2558945284884997,-0.17851040198997842,0.2974228088102524,-0.08886369577186432,0.37719415742570084,0.023721501978747006,0.4187221388818406,0.1133679964415984,0.4984937254663264,0.2259533044289116,0.5400214080620047,-0.06962984509421899,0.37642398613152717
41.027000,-0.3694155702112635,0.1858850449594646,-0.29162682213168134,0.2567583604117325,-0.178604307275217,0.2970809488135553,-0.08984935391490478,0.37784330547751216,0.02317326087824484,0.41816561375992384,0.11192801407715464,0.498928190393585,0.22495072880425526,0.5392502185620558,-0.06989778091070753,0.37571335823003127
41.077000,-0.36896716527429335,0.18593586574776474,-0.292145939541688,0.2575743561148114,-0.17876728613164133,0.29688441768776913,-0.09086628781530665,0.3785753870708814,0.022512456091998034,0.41788518762935223,0.11041326634651272,0.499576359370002,0.2237921007484721,0.5388858989195536,-0.07070865747395644,0.37660560442670854
41.127000,-0.3685324853764268,0.1859174757426187,-0.29227378156269823,0.25843738761881346,-0.17855830532788913,0.29676218983207825,-0.09150326999250163,0.37935408303445806,0.022212286872399067,0.4176786460052319,0.10926714844847246,0.500270722356233,0.22298278594086518,0.5385950460905669,-0.07027603385643161,0.37496248567468277
41.177000,-0.368255374070027,0.18596535643348944,-0.2927304526092743,0.2591294463748084,-0.17870821537465031,0.29653171118108895,-0.09243270620724592,0.37993756537724854,0.0215896018287276,0.4173396143422121,0.10786495311336952,0.5007456318529258,0.22188733194831717,0.5381474649824343,-0.07150795221290146,0.3771882432686707
41.227000,-0.36744693327740124,0.18594523306288332,-0.292723249281758,0.25977656465486776,-0.17843087592274634,0.29634504002892137,-0.09285853216018641,0.380472169910436,0.021433902388891146,0.4170404540383969,0.10700610538188321,0.5011677271075101,0.2212986011187693,0.5377358199953313,-0.07205273237313736,0.3776246123821546
41.277000,-0.36697304583554685,0.18593813580746352,-0.2926282876390739,0.26034007393325104,-0.17812723795377347,0.2962498166341403,-0.09317994861478923,0.3810080494722389,0.021321153517912028,0.41691762494002227,0.10626831906660655,0.501675981844348,0.2207694736443898,0.5375853900855639,-0.07188262971258502,0.3770367803024868
41.327000,-0.36647555496907575,0.1861043813040429,-0.2926594193744285,0.26089920357043495,-0.177967421022467,0.29619432382700517,-0.09356541838519805,0.38149556620192737,0.021126623340227135,0.41679054551549866,0.10552852115483552,0.502091891607921,0.2202206062515023,0.5373867299850975,-0.07267483895666133,0.3788929750793784
41.377000,-0.36617250315517597,0.1862020824808409,-0.29261040776328956,0.261419133523916,-0.17776302362485624,0.29620531406381556,-0.09380125624700475,0.38193991395664806,0.021046162648856948,0.41672597974388265,0.10500784436454247,0.5024606635274625,0.21985529801569414,0.5372466145686786,-0.0720425275523549,0.37678849286824995
41.427000,-0.3658182074467811,0.18631394359791764,-0.2925774620180938,0.2618218047816267,-0.17760490825248476,0.29619202271245826,-0.09398826656249742,0.382263256190824,0.020984313378941244,0.41663338656020493,0.10460088951970897,0.5027046837183997,0.21957349563487005,0.537074726533135,-0.07200312020433386,0.3765654194722894
41.477000,-0.36565268342901686,0.1863652425970869,-0.2925495262477378,0.262119482635434,-0.17748960586879367,0.296196083439957,-0.09412980606530741,0.38251609141448506,0.02093013226148127,0.4165926316179055,0.10428988660212823,0.5029126834961735,0.2193498428746803,0.5369891631054025,-0.0720798121434092,0.37672404304161944
41.527000,-0.36551790945125795,0.1864230114363262,-0.29253056983632897,0.2623034571507942,-0.17741474005230798,0.29619070745435655,-0.0942144287366104,0.382664450272457,0.020901410705942425,0.4165516677657298,0.10410169737596264,0.503025434296548,0.21921754647498304,0.5369126189865094,-0.07208507061167901,0.3767042551923703
41.577000,-0.36546977746833315,0.18638826830259408,-0.29250837051996775,0.26238554858965785,-0.17737020052361088,0.29619681604611886,-0.0942392935147941,0.3827372823025965,0.020898878088259576,0.41654854428774035,0.10402978098597493,0.5030890144933483,0.21916795419381319,0.5369002710136868,-0.0720164129469229,0.37651498247235743
41.627000,-0.3655331301567261,0.1862334611764094,-0.29249165401881405,0.26227919191058247,-0.17736897869616475,0.29614317901836995,-0.09421966095990175,0.3826659561350004,0.020903007756383485,0.41652996570151485,0.10405234237230859,0.5030527265966054,0.21917500447993027,0.5369167586296477,-0.07199695120427407,0.3764113955121775
41.677000,-0.3656632045917138,0.18607373869213917,-0.2925074271642336,0.26202979527254283,-0.17743325717513442,0.296058245096953,-0.09418199236921104,0.3824829343250756,0.020892162925181257,0.41651143384260614,0.10414346505177408,0.5029360871204198,0.21921760564871118,0.5369646363402871,-0.07201259586842496,0.37637116209117416
41.727000,-0.36597592850871347,0.18575807616230594,-0.29255399440721097,0.2616330919020964,-0.17756797148829281,0.29595822162014507,-0.09412425879005615,0.38219711546211904,0.02086174106995492,0.41652232242528836,0.10430551170045582,0.5027611602126649,0.21929148849857988,0.5370864444307482,-0.07175430016264711,0.37527062235875985
41.777000,-0.36625488910778237,0.185499486461135,-0.2926162262770847,0.2611067006797937,-0.17774877372916498,0.29582655583804307,-0.09403002945149369,0.38179848065373084,0.020837391703234176,0.41651843967330393,0.10455621371392582,0.5024902887931554,0.21942360347235812,0.5372103516839807,-0.07187607088155518,0.3754214239389542
41.827000,-0.36676862968995416,0.18503879727637415,-0.2926896220266322,0.2604412182803899,-0.17798475413537215,0.29569449158443933,-0.09390410170865837,0.3813125030506783,0.020800726072681686,0.4165659068615807,0.1048814759108066,0.5021838226654213,0.21958626357906602,0.5374373569929313,-0.07173657385995597,0.37467072045979366
41.877000,-0.36716803260987824,0.18468451517750825,-0.29276783750385116,0.25964864889687533,-0.17825512652187017,0.2955211874207099,-0.09373560080915044,0.3807059852030773,0.020777061306963218,0.4165786797166978,0.10529670305731015,0.501763362367506,0.21980931630436207,0.5376362128803642,-0.07201755187676029,0.37547707423669163
41.927000,-0.36794808998378853,0.184812585058573,-0.29285019602764145,0.2589718550255567,-0.1785578970932351,0.2955405629459359,-0.09346990392964322,0.3801575435910983,0.020822337015349413,0.41672643275182536,0.10591046436089357,0.5013432784679107,0.2202026473135954,0.5379123488769867,-0.07177805581153074,0.3748503125149758
41.977000,-0.36857075678349854,0.1848216725976175,-0.29295795289133975,0.25850003421266354,-0.1788739718547178,0.29571354346414036,-0.09310063198406998,0.3796357346142377,0.020983282337883047,0.41684944838961024,0.10675677265989686,0.5007714857694222,0.22084062026470008,0.537985404075052,-0.07178637759309692,0.3751233313088467
42.027000,-0.36986723237173313,0.18510634943625562,-0.29314124607540515,0.25789917804538864,-0.17932427570361043,0.29592150376233994,-0.09274885261995719,0.37901600486428955,0.02106804150847419,0.4170385588092497,0.10764363121454262,0.500132886308436,0.22146044909724194,0.5381556684869736,-0.07152348896818445,0.3743749646391676
42.077000,-0.3705584125402915,0.18519868300171013,-0.2934493765086925,0.25730598929603143,-0.17991991164547444,0.29617835233030665,-0.09248054240330578,0.3783632457507472,0.021048836754024414,0.41723585909418365,0.10848838719498399,0.4994205597304968,0.2220176806443045,0.5382934233874906,-0.07169674358742512,0.37477243050324816
42.127000,-0.37162700730645054,0.18533020435348727,-0.2935278898056172,0.25655021290492075,-0.18034780189055755,0.2964283735889158,-0.09199776354156852,0.37763348872171654,0.021182228711850493,0.4175119209064848,0.10953246185475352,0.4987168241057003,0.22271235844476178,0.5385955277941874,-0.0712614820049619,0.37391613408138547
42.177000,-0.3723632545010191,0.18542709604847452,-0.2935892659534659,0.255735448393015,-0.18077946415769328,0.29664936557040444,-0.09146733798231449,0.37679513350629124,0.02134235827520725,0.41770934167760376,0.11065469118193161,0.49785487923745925,0.22346428189962547,0.5387693784047008,-0.07131266916209206,0.3743181898789829
42.227000,-0.37348930566194777,0.18558640179771832,-0.2936324867494475,0.2548603650821669,-0.18125429556628195,0.29694530474470954,-0.09093069493436773,0.3759494006441401,0.02144738038433286,0.4180346496948991,0.111771198515978,0.4970384969311029,0.2241491579687337,0.5391240553714369,-0.070826978362382,0.3733436078426964
42.277000,-0.37458850139102456,0.18603367133799828,-0.29375783215500056,0.2541237954000781,-0.18180967783810925,0.2973396575781463,-0.09039757322186637,0.37508171266811213,0.021550455222722975,0.41829790090957675,0.11296278626623268,0.49603968975684987,0.22491068883678456,0.5392562040633805,-0.07020731574999378,0.3717845277517391
42.327000,-0.37639559771450043,0.18684061394869722,-0.2942841145558167,0.25345691279442556,-0.18279757234930571,0.29785005309478846,-0.0902043928608322,0.37418158727760203,0.02128201335158053,0.4185750691046992,0.11387542666649086,0.4949063196458826,0.22536169688225716,0.5393001430030696,-0.07042880155904835,0.3722196506656881
42.377000,-0.37750885320719335,0.18713759792366036,-0.29461386062337025,0.2526558201215087,-0.18360478053874787,0.2982297615508795,-0.08987412408416673,0.37316015618055737,0.021134810343183874,0.41873445240053286,0.11486570627336984,0.493664547468474,0.2258744950409155,0.5392391984819968,-0.07037501402600227,0.3713963441143199
42.427000,-0.3791360702362435,0.18802510456475366,-0.29498038541547833,0.25195059919614393,-0.18447115506264722,0.29872356151752555,-0.08951405395499351,0.3720935073298562,0.02099502114282864,0.4188668364664109,0.11595236578254664,0.49223646709276353,0.2264612856225996,0.5390101630476201,-0.07099437104696649,0.37216550405822824
42.477000,-0.38028650111048473,0.1889168157955951,-0.29526037000427297,0.2513436152931167,-0.1853321730032233,0.29946628664359043,-0.08913786356608455,0.37120647639826243,0.020790168261861364,0.419329525057317,0.11698472392876147,0.49106938464856786,0.22691259058094676,0.5391928106187479,-0.07065601188157583,0.37127093972361985
42.527000,-0.381829187753911,0.19027210362316954,-0.29553328778579946,0.2510425007057553,-0.18622684983437082,0.3005612105256729,-0.088769105547166,0.3705754096448277,0.02053715748178686,0.42009450558269934,0.11799514908367609,0.49010836044566886,0.2273012371873958,0.5396278425039517,-0.06991387662892828,0.36952070601406206
42.577000,-0.38278536917196376,0.19097606248590462,-0.2956829117205047,0.25049744000436913,-0.1870010862559756,0.30137239271882,-0.0882948551352008,0.36961519408227617,0.02038678633041152,0.42049053986331286,0.11909326425454553,0.4887329842495778,0.22777472171817764,0.5396087231000423,-0.06945998304112022,0.3684972077357215
42.627000,-0.3845581020411142,0.1927261789079042,-0.29587813807090335,0.2500845687227652,-0.18786900019821978,0.3023724844898947,-0.08790418762285052,0.3687579968155496,0.020104757447047983,0.42104631084610966,0.12006981479884343,0.487431454580387,0.22807856706273982,0.5397201668772789,-0.06981640166762937,0.36924395424339196
42.677000,-0.3856228962936793,0.19409866866065317,-0.29631818610863553,0.2500809130809831,-0.18894644065679014,0.30366550301709483,-0.08770700179257374,0.36809046726585415,0.019664543122026645,0.42167545903266423,0.12090422308925008,0.48610004440292076,0.22827556746206812,0.5396854380057572,-0.06965723537419533,0.3685806796480796
42.727000,-0.3867972998974705,0.1957765079102334,-0.2963353341365751,0.24986448604732234,-0.18972508865486365,0.3049485632232911,-0.08730638249244582,0.36748182339749624,0.019303654600436593,0.42256630388931055,0.12172259733074531,0.4850991766044217,0.22833242602926362,0.5401840604190524,-0.06917759929842521,0.3678624083906198
42.777000,-0.3875065889375433,0.1968589489851249,-0.2962546727817177,0.2495482410971554,-0.19042084206100693,0.30610971451307256,-0.0868778749534524,0.36676327139610604,0.018955740342395555,0.4233251478979517,0.12249893845747462,0.4839783104214428,0.2283323383223388,0.5405405900169763,-0.06965255209855897,0.3690130309058728
42.827000,-0.38857373447109866,0.19875344484606197,-0.2961683000456987,0.24930902250459314,-0.19115884698486163,0.30738668402659064,-0.0865050283985685,0.36610276577007117,0.018504202865516794,0.42418082831803944,0.1231582456835218,0.482896510395718,0.2281672551443829,0.5409749739777434,-0.06919538867271663,0.368295249197909
42.877000,-0.38926641795928246,0.2001932250645722,-0.29608880835086027,0.24924779425622137,-0.19185929115235464,0.3087138160213131,-0.08610585340784538,0.3654254586109804,0.018123436945998106,0.4248918779779993,0.123877091024722,0.4816031171550583,0.22810615452725747,0.5410699341321283,-0.0712529892444494,0.372366616481159
42.927000,-0.390250776906495,0.20251204510119297,-0.2959822151547231,0.2493109488698803,-0.19256998348936555,0.31018713749885396,-0.08574101970164921,0.36484582844588276,0.017670980970308614,0.42572240946866147,0.12450015215788313,0.4803806950562638,0.22791192183028586,0.5412576684798984,-0.07187358163365476,0.3735464325496337
42.977000,-0.39101323362518975,0.20441287249620374,-0.2959582938522848,0.24955755686718167,-0.1933182816140763,0.3117269053253686,-0.085447210526295,0.3642990654393976,0.017192567927686198,0.42646879986775676,0.1250638367112143,0.47904055433450243,0.2277033813754326,0.5412106747388976,-0.07086333767825026,0.3718554928478416
43.027000,-0.39219601196649834,0.20719496465845844,-0.2960351358797375,0.2501722771693253,-0.19428297457343177,0.3137843646172433,-0.08547448204964003,0.3643878423108293,0.016277443249481327,0.42800030726784905,0.12508612351915904,0.4786033812649524,0.22683781280689808,0.5422162237346724,-0.07079005033190844,0.37194664235796093
43.077000,-0.3928030780635688,0.2089122056773686,-0.29621363141867185,0.25078914849695677,-0.1952701198706106,0.31567680121436414,-0.08554089189639902,0.3642514502226959,0.015402383013013499,0.42913947106931327,0.12513178813570897,0.47771371990054334,0.22607482640339532,0.5426021088782074,-0.07097337663576869,0.3721626939102955
43.127000,-0.3933625618149362,0.2110007779418259,-0.2960496368864588,0.25087478489238163,-0.19601071167134415,0.31714856129143826,-0.08545387762824691,0.3638088917882524,0.01458481117347965,0.4300830250471528,0.12514181166643945,0.4767429611562413,0.22518026405289548,0.5430174512750623,-0.0717859096993041,0.37340201851482746
43.177000,-0.39369757442385883,0.21251177227013882,-0.2957878357859336,0.25105029343763147,-0.1965894948165411,0.31857576380748515,-0.08524367157366458,0.3633206813526446,0.013954434690113371,0.4308464965156623,0.1253004134618374,0.4755910270319592,0.2244982850180861,0.5431171869883772,-0.06897299197396833,0.36889443366983665
43.227000,-0.3941187120514301,0.21469509624207186,-0.29552691406746634,0.2512434941748105,-0.1972044211233365,0.3200380243443781,-0.08512615387945849,0.36291531450606945,0.013196107360521514,0.4317101758305689,0.12527451902164655,0.4745870884936728,0.22359654855626454,0.5433822809724622,-0.06887366027923714,0.36886780314157086
43.277000,-0.3943391059104733,0.21619276675687885,-0.2952361419875076,0.25145339969074276,-0.19771219783697727,0.3213753584542403,-0.08494092933199626,0.3623953657650331,0.012582787577748111,0.43231764147247886,0.1253541893987059,0.47333728227217486,0.22287767906707623,0.5432598749222136,-0.06962450806723747,0.3701421773680327
43.327000,-0.3942064539296875,0.21816424733732123,-0.2948366195689529,0.2516969555561364,-0.19814221703883225,0.32276166206182827,-0.0847397422060675,0.3620029502848904,0.011954438900706077,0.4330679580699274,0.1253570360053372,0.4723088929406199,0.22205099568896447,0.5433742020027619,-0.07040845802419593,0.371456275925661
43.377000,-0.3940823128555097,0.21942440249848122,-0.29424972135749816,0.251920477820131,-0.19837996276284342,0.32409380658981,-0.08442861568024645,0.3617114952008922,0.011440928357860258,0.4338851089708775,0.1253923872728877,0.4715024588179305,0.22126171675589956,0.5436763575845288,-0.07012693266301112,0.3716233985139206
43.427000,-0.39356450479801736,0.22094042948932993,-0.2934309898946437,0.25197292483383327,-0.1984827137863207,0.32535429075228145,-0.08407623534878322,0.361564202261718,0.010871834233335487,0.43494583540400145,0.12527841458267497,0.47115542491797024,0.22022627764081282,0.5445373252796577,-0.06828685829489806,0.3694834306429146
43.477000,-0.39319939417336347,0.2218532833024424,-0.29257711427854716,0.2520422582501164,-0.19844472347941924,0.32646734140342615,-0.08362950093407151,0.36135952780388336,0.01050269232630796,0.43578486080231454,0.12531800748325733,0.4706767424562518,0.21945000320824243,0.5451023252941996,-0.06809716506864388,0.3700662654557287
43.527000,-0.39263686748230847,0.22297770045552237,-0.29194997012590923,0.2520460997833294,-0.19864619657840488,0.3275073867901888,-0.08344444888174962,0.3611013939833998,0.009859138137818635,0.43656291162131433,0.12506096887439627,0.47015663404979874,0.21836436936945952,0.54561838231336,-0.06891181402429403,0.37145104375455446
43.577000,-0.3922296900713271,0.22386555513677123,-0.2910445148497245,0.25186044882541186,-0.19855428279113504,0.32831669102913374,-0.08303588274798007,0.3608051389590621,0.009454174616899791,0.43726159249182217,0.1249726488928753,0.4697497764727227,0.21746253156779527,0.5462064413290015,-0.06876465434422274,0.37191528125763557
43.627000,-0.39148111305149286,0.22491759617256524,-0.29018841974049525,0.25198324802835503,-0.1983955666439873,0.3292753699489472,-0.08256243371524208,0.3606231818143141,0.009230258223264232,0.437915495127263,0.12506345651408762,0.4692630654725619,0.2168559872987768,0.5465555701720881,-0.06711497949272316,0.3702447685695729
43.677000,-0.39129052692727745,0.22549072082749488,-0.2894415659028,0.25190240697807315,-0.19832953426722866,0.32999592581246806,-0.08224605709124772,0.3604035945694087,0.008865827583178887,0.43849728486365214,0.12494936198228312,0.46890473516633585,0.2160610996999105,0.5469985969147049,-0.067143757179491,0.3708967499521474
43.727000,-0.3908567570422524,0.22617323882433552,-0.28902727305361764,0.25187176825896973,-0.19856950229197531,0.3307222071214596,-0.0822762331605622,0.3603174019123162,0.008181406176572814,0.43916799154565944,0.12447472463544362,0.46876299250534287,0.21493223255256633,0.5476137329038754,-0.06830000542939774,0.37249615660897867
43.777000,-0.3904721073522899,0.22649024911024937,-0.288410680847608,0.25170078487340297,-0.19851135972854983,0.33118733758715635,-0.08204581652274379,0.3600971498618217,0.007853388810797723,0.43958383352884584,0.12431897412777426,0.4684934761546889,0.21421806368052831,0.5479802907692506,-0.0672517785889179,0.37132999211925444
43.827000,-0.3901323444300483,0.2272203526238659,-0.2879066232159014,0.2517163075959981,-0.19850268183867376,0.33175964127189833,-0.08188818441065743,0.3600626267918376,0.007515658296658678,0.44010607067639135,0.1241301906132587,0.468408912447341,0.21353393465533477,0.5484524665350575,-0.06776335083657692,0.3724193564749359
43.877000,-0.38997468498883003,0.22762999578318174,-0.28756034556915555,0.2517892624176986,-0.1985408018868869,0.33225988340820456,-0.08179148000496489,0.36000147384761405,0.0072279830907427955,0.44047218398583127,0.1239773327532735,0.4682136575114513,0.21299671526716835,0.5486844567919478,-0.06849743636075234,0.3736214665893846
43.927000,-0.3897876159042706,0.22809674223232965,-0.2872927307049936,0.2518497727248722,-0.1985857540170657,0.33266482260351005,-0.08173260633404844,0.3599657727073087,0.006974308697735132,0.4407808902630188,0.12382747720840731,0.46808175122042495,0.21253433058883037,0.5488969364478525,-0.06933725298566484,0.3748436542787543
43.977000,-0.38969940096002675,0.22831039098592537,-0.28709165641332335,0.2518934893102672,-0.19860765329357827,0.3329526108938676,-0.08167894808306037,0.35992811640890354,0.0068050122787486345,0.4409872846669718,0.12373373171751395,0.4679627285078132,0.2122176493262123,0.5490219434350319,-0.07048595802424068,0.3763206837061982
44.027000,-0.3896014623664593,0.22841028025973392,-0.28696832749656964,0.25192129982394,-0.19862830272379078,0.33313730824065996,-0.08165335657122896,0.35991158643084054,0.0066866450146050305,0.441127620068385,0.12366159881005956,0.4679018648672808,0.2120015772137953,0.5491179237203637,-0.07019731933580697,0.3760247367753211
44.077000,-0.3895865359946071,0.22841499821014447,-0.28688792256611245,0.251875087417125,-0.19863165234253538,0.3331821028961864,-0.081645100646069,0.35990562665515685,0.006611165691019494,0.4412126463528822,0.12359771866417446,0.4679361645229409,0.21185398111944298,0.5492431884342626,-0.07138709385886943,0.37746287755175195
44.127000,-0.38962508050743355,0.2283412675251052,-0.2869013735823289,0.2518699802709816,-0.19861023877549078,0.3331391349996016,-0.08163011588341634,0.3598907861992734,0.006661034763982165,0.4411599237186419,0.12364115244097007,0.4679115977229321,0.21193231893368825,0.5491807180278715,-0.07257460102393831,0.37884429908774764
44.177000,-0.389691205134625,0.22822566115598347,-0.2869845825321004,0.25188864748403317,-0.1985640056322647,0.33301695065832326,-0.08161103938331093,0.35988707685358723,0.006809572541995157,0.44101534185410196,0.12376252718935865,0.46788551854555904,0.21218317414485344,0.5490137453671224,-0.07270296654583103,0.37898194161674376
44.227000,-0.3898719431437931,0.22810669778436413,-0.28714107026653135,0.25195746155025905,-0.1984925123840474,0.33283658850828696,-0.08159334139181806,0.3599397952045317,0.007055270818586867,0.44081886261573616,0.12395442360442632,0.46792214783806396,0.2126030901470206,0.5488011556976864,-0.07413270204105832,0.38059682666460715
44.277000,-0.3900211838221721,0.22790616813619746,-0.2874243833853054,0.2520864251516734,-0.1984806240486281,0.33264080228300413,-0.08165452218989055,0.3600572558181477,0.007289309437957192,0.4406115531294304,0.12411538669134159,0.4680281115118943,0.21305929061495976,0.5485823289979057,-0.07539641623494725,0.3820626996551574
44.327000,-0.3904018729238703,0.22750425271351168,-0.28777529524222356,0.2521647871272684,-0.198418635065561,0.33226089989967444,-0.0816987813706822,0.3601262144076953,0.007657969616195415,0.44022222587048093,0.12437779171720809,0.46808767271586327,0.21373463351856026,0.5481835828640451,-0.0769552567470218,0.3837268024613748
44.377000,-0.39055885427354486,0.2272253850231475,-0.2881488726401288,0.25229696472011565,-0.19830391643022746,0.33184496180749606,-0.08171049983485384,0.3602346642168106,0.008134564547450485,0.43978253912942283,0.12472794253609637,0.4681724000918964,0.21457311509493265,0.5477201528247426,-0.0781248915072627,0.38498873048424465
44.427000,-0.39099921706913854,0.22676301714195213,-0.2885291839561011,0.2525053440737032,-0.19814072981377984,0.3314352329153351,-0.08170359430981783,0.36045924830773124,0.008684984345484092,0.4393889945601123,0.1251220740618253,0.468413193640446,0.21551077723432577,0.5473427972982918,-0.07936987450382677,0.38647665864957076
44.477000,-0.3915169304439373,0.22650736170935426,-0.2891366239303915,0.25270426434123394,-0.19814192945359388,0.330934473193464,-0.08187059227628152,0.36061571560313915,0.009124241498023045,0.4388457624289975,0.12539552582274366,0.4685272118791533,0.21639049889842504,0.5467570966735547,-0.08057631122427761,0.38770094354557194
44.527000,-0.3922014531573323,0.22586955106234796,-0.2900321364123974,0.2528907141968866,-0.19829434170385973,0.3302481767711164,-0.08223137145982423,0.360734024907094,0.00950657732392085,0.4380913047640035,0.1255694868462638,0.46857738407319416,0.21730758970885877,0.5459344812077251,-0.08189889148870833,0.38898837452641044
44.577000,-0.39251852116019326,0.2254687677173453,-0.2906619838099977,0.2533087014139883,-0.1981335243474894,0.32971867582163983,-0.08229856664953872,0.36105974432114785,0.010230060165750787,0.4374695160729327,0.1260649492177363,0.468810838283252,0.21859374338964382,0.5452204073736207,-0.08328301629419377,0.3901960067650515
44.627000,-0.39304646291763623,0.2248361646546394,-0.29124566759688064,0.2535514747087103,-0.1979217977510616,0.3289879069998384,-0.08235708532425251,0.3613112304908663,0.010966963884459946,0.4367474408881491,0.12653159945399295,0.46907103916367787,0.21985582802932047,0.5445070276614326,-0.08456164540390465,0.39178158346131897
44.677000,-0.3937757194464114,0.22428031399884904,-0.2921634580263376,0.2539035286350335,-0.19792493206797954,0.32819417558328484,-0.08265708426943308,0.36156067468980047,0.011581631957473193,0.4358510802796107,0.12684939429670644,0.469217874612301,0.22108830079528335,0.5435080388384381,-0.08566052245833139,0.39307719898160026
44.727000,-0.3945822630102284,0.22360773069420029,-0.2932948061037148,0.25429040349929205,-0.1980803774925942,0.3273260974028903,-0.08315240146617592,0.3618450824136074,0.012062227062889341,0.43488051568947983,0.12699010859882676,0.4693998152965206,0.2222049370483059,0.5424349879399706,-0.08766917433157767,0.395135773632476
44.777000,-0.39522983016620716,0.22367365955087556,-0.29436899462513144,0.2549729731686711,-0.19809745468232445,0.3266094903721228,-0.08353010394626831,0.3623071393887579,0.012741643974911676,0.43394337709147823,0.1273088910686636,0.4696413587340378,0.2235808469701992,0.5412773169316686,-0.08970188435682858,0.3970649387775881
44.827000,-0.3960559858010647,0.22352796079240111,-0.29543639463473703,0.25595891790397945,-0.1980293769875694,0.3260436731156829,-0.08383891386528325,0.36292914629846595,0.013568318088198472,0.4330136036564324,0.12775866841754707,0.469899426023036,0.22516611467898012,0.5399835855230692,-0.09303076862350429,0.40086321346217557
44.877000,-0.396541221800382,0.22351890200489982,-0.29634035438243317,0.2569171829344154,-0.19786412985682114,0.32549147259975336,-0.08406115379962609,0.36355566364280745,0.01441528962449079,0.4321296389575079,0.12821814417255484,0.47019419328235,0.22669480649585927,0.5387678542432923,-0.09410451884562859,0.4023264587369958
44.927000,-0.39738678117198073,0.2235995188755582,-0.2974715743447791,0.25808149603313774,-0.19775578604412383,0.3248404771785902,-0.08435988834469388,0.3641007673576043,0.015356121651959265,0.4308594173615352,0.12875188897209938,0.4701200841143637,0.22846812066397665,0.5368784029755501,-0.09581807432536854,0.4048697157736062
44.977000,-0.3978430436399543,0.22348105117442246,-0.29846663864198125,0.2591840235675883,-0.19762326626757848,0.3242271957546635,-0.08470074979106723,0.3648289847868234,0.01614284588883025,0.42987181075825054,0.12906522296823736,0.47047398748236385,0.22990904195329426,0.5355164672360528,-0.09764040085754927,0.40755999580756497
45.027000,-0.3985825013518654,0.22340127854737374,-0.2995024741504832,0.260279069781303,-0.197505249056618,0.3234974695803359,-0.08509371188772646,0.3654932587897999,0.016903736551846238,0.428711298239119,0.12931512534888961,0.4707074845983442,0.23131279713331193,0.5339251636964907,-0.09949175630031493,0.4103432638702172
45.077000,-0.39880638519318595,0.22320868105123742,-0.30049917147017974,0.26143113409995317,-0.197407202991846,0.32284811900854105,-0.08554329081277795,0.36628157560588437,0.017548899806390905,0.4276981876366731,0.1294126548859395,0.47113204884543886,0.23250506764406825,0.5325482879985086,-0.10015274889511216,0.41249547079896787
45.127000,-0.39932785013628735,0.22324191510207217,-0.3013244518924513,0.2625585314860553,-0.19712892948212746,0.32208409834271456,-0.08585797210985202,0.3670148678159528,0.018337769797154735,0.4265400504567086,0.1296085614856538,0.47147123024329596,0.2338045228872081,0.5309960286685972,-0.09909508114544513,0.4118828574556713
45.177000,-0.3997866553258973,0.22364779761582015,-0.30226125191503844,0.264045459119722,-0.19698121470191124,0.32163116710705464,-0.08630221923271048,0.36800098446042573,0.018978033496482638,0.4255862984326271,0.1296568554226703,0.4719565300094444,0.23493732366533698,0.5295414499677515,-0.09905698096300675,0.412679434458561
45.227000,-0.4002529367524585,0.2241466809248318,-0.3033872015008189,0.26576106627608714,-0.1969456728304951,0.32117046054307896,-0.0868315551524157,0.3688661740503891,0.019610183141171467,0.42427516562892303,0.12972412037695613,0.4719712957175078,0.23616606829070808,0.527379884609817,-0.10253474514440458,0.4176589535874617
45.277000,-0.40031778816360813,0.22417292986054627,-0.3041287478512785,0.2672659180789455,-0.19671511210154083,0.32076648681422776,-0.0872358021027938,0.36990181709861036,0.020178037424803397,0.4234019767050602,0.12965716027184615,0.47253772398338323,0.23707120357399825,0.5260374744637311,-0.0947828225337613,0.4108969688723654
45.327000,-0.400470414248096,0.22442135944649955,-0.30489705009782325,0.2687621013721798,-0.19648037284793635,0.32019967608171496,-0.08771758812172192,0.3709013196120584,0.02069928557446904,0.4223384802631813,0.12946187666702746,0.47304053916527833,0.23787894680452448,0.5244772857644402,-0.09707776953996738,0.414457445700301
45.377000,-0.40076953255891784,0.22512993056787978,-0.3056593331070352,0.2703336687520266,-0.1962852139361576,0.31970270817559626,-0.0881728357416372,0.37177682524623024,0.021201471803723837,0.4211454473354176,0.12931365130459982,0.47321997691686657,0.23868814721890053,0.5225881816797074,-0.09721541195012973,0.41609297734782413
45.427000,-0.40080723548049424,0.2254680791981467,-0.3064967151558014,0.27234500569350384,-0.1961284832768456,0.31944971237708714,-0.08869385840390054,0.37290812030705883,0.02167455224136461,0.42001240813175145,0.12910897423942486,0.4734712237746409,0.2394775636451501,0.5205750927497441,-0.09636080450061918,0.41629831277108553
45.477000,-0.40060804098812497,0.22551724239898915,-0.30713075909336573,0.27386436053044827,-0.19591706042562115,0.3189366716349332,-0.08923983166349636,0.3738909149982136,0.021974036513522144,0.41896280784468803,0.12865105860549653,0.473917452394405,0.239865096286902,0.5189889269904091,-0.09959670757121697,0.4216329387649145
45.527000,-0.40029808943262774,0.22565064126496026,-0.30749392312765594,0.27514066363128165,-0.19549876154009124,0.3182345583078672,-0.08964398389744904,0.3747568194746822,0.022351337583808806,0.41785029860700407,0.12820590551290567,0.4743729525231343,0.24020138688386805,0.5174660161169584,-0.09846505156769714,0.421258190036434
45.577000,-0.39999191535460776,0.22561797029590694,-0.30793841710355696,0.2765211214832141,-0.19521833909538502,0.3176815881186388,-0.09016868924011345,0.3756865108843588,0.022551538884175215,0.4168465664166656,0.12760097719697183,0.4748518722941301,0.24032135543329491,0.5160115167298452,-0.09843772120211564,0.4227436486188873
45.627000,-0.3996163067644472,0.22612854060739232,-0.30831633929773783,0.2781691452955046,-0.19494203296426812,0.3174917426579309,-0.09077326304038097,0.3770641135395266,0.022601183570969907,0.4163863064525994,0.12676974098458638,0.47595904892997865,0.24014432787041629,0.5152808373988461,-0.09838519696489179,0.4245198883140728
45.677000,-0.3992827515922852,0.2264412444100421,-0.3087351517712065,0.2798451448277434,-0.19474750762824675,0.31735270373213786,-0.0914169519973399,0.3783674254353821,0.022570822519808686,0.4158745881227388,0.1259011660736578,0.4768896689844345,0.2398890709617088,0.5143964354601016,-0.09940066478168846,0.426325835991647
45.727000,-0.39874330645737854,0.22663861684207928,-0.309032609353904,0.2811772023020539,-0.1944894057803924,0.3169522566690219,-0.09193602908811543,0.37926441381700005,0.022607295294543583,0.4150390813795558,0.1251604615706804,0.47735158482919604,0.2397039067589527,0.5131258655940644,-0.09896840205593932,0.4273130995268687
45.777000,-0.3982924042221077,0.22691720787500996,-0.3092072556559037,0.2826410846380569,-0.19411292860690268,0.31660129490150457,-0.09237754894125161,0.3802402179304641,0.022716888654623513,0.41420005353797557,0.12445206117045748,0.477839307722586,0.23954660930994465,0.5117987686807224,-0.09832048053668374,0.4280618563361881
45.827000,-0.3976746090738468,0.2273544796663701,-0.30937728010845733,0.2841402645675762,-0.19377507829557308,0.3163292523712757,-0.09284899363558147,0.3812440075136875,0.02275330857290009,0.41343263475860764,0.12367919077374878,0.47834770467288446,0.23928159337477206,0.510535971365648,-0.09699118712354432,0.4273220162117407
45.877000,-0.39727947398525615,0.22742433455268743,-0.30960534061467854,0.2855915053205491,-0.19358903220283785,0.316254450066371,-0.0935077339416357,0.38246422075779396,0.022508665682226647,0.41312682039175935,0.12258976699617169,0.4793368887835552,0.23860625782918227,0.5099991433123807,-0.09644016411478668,0.42792340055890876
45.927000,-0.3966862929196728,0.22743205474514858,-0.3099457136701954,0.286627640593088,-0.1935723771420107,0.31590641332082786,-0.09437612899863645,0.3834349579633659,0.021997289964861777,0.41271340303632864,0.12119334798252179,0.4802422269637283,0.2375668493787484,0.5095203443882895,-0.09826511859674492,0.4309965152419671
45.977000,-0.3962364731370892,0.22751302917065044,-0.31012365569332556,0.2878130603274208,-0.19343814011842403,0.31582181706668744,-0.09508322112947204,0.38456998002187226,0.021602368653283632,0.4125784276066714,0.11995710549998845,0.48132685114387935,0.2366427694882543,0.509334989580368,-0.09778882122003835,0.4313496912472635
46.027000,-0.395746005847692,0.22762435227706151,-0.3102992525412601,0.28887556119796004,-0.19333140029739543,0.315680813179367,-0.09576129948935636,0.38553834977333545,0.02120661907351501,0.4123433123623517,0.11877654704874507,0.48220109035146885,0.23574453192847944,0.5090057635541605,-0.09628522430746739,0.42960894012066175
46.077000,-0.39534275423193355,0.22767771049780336,-0.31055820083024466,0.28998125226438626,-0.19334551887197532,0.315694812658651,-0.0965544707974309,0.3866278304465174,0.020658269947796737,0.41234112286487457,0.1174491558550585,0.4832743619362011,0.23466195538523454,0.5089873863848866,-0.09784157187114656,0.4324225711924422
46.127000,-0.39469059707201876,0.22769383381062835,-0.3106412712849932,0.2908264097325839,-0.1932055325532895,0.31550124029559695,-0.09713840023280018,0.3874116434468138,0.020297389966770718,0.41208622905582926,0.11636437229485302,0.4839968325856896,0.23380021396049727,0.5086711732467059,-0.09693603870892797,0.43177005688731984
46.177000,-0.3943079838690156,0.22784963095125843,-0.31076267946282077,0.29165543393980947,-0.19314579114966685,0.3154518114665009,-0.09772578125880921,0.3882187113071564,0.019891152036082216,0.41201486650430535,0.11531102437928009,0.4847819467123169,0.23292800265417668,0.5085778795863236,-0.09543296138191482,0.42956977986947587
46.227000,-0.39340127741425573,0.2277971427199982,-0.3105600453414553,0.2924268225920336,-0.1927746034982381,0.3153743646721381,-0.09796452047266452,0.38893419171527166,0.01982095973260095,0.4118815368892799,0.11463091978893336,0.48544152242522537,0.23241643835452186,0.508388670700238,-0.09640129864889913,0.4317152883141967
46.277000,-0.3929346559199377,0.22774405509566537,-0.3104141004680164,0.292953185439075,-0.19249257363948621,0.3151908451571241,-0.09822575614788087,0.3894455899175845,0.01969580299014223,0.4116830783046578,0.11396251259919554,0.485937960022422,0.23188410404509707,0.5081752770857138,-0.09253572199121152,0.42570778052592884
46.327000,-0.39231776395859197,0.22776480659010062,-0.31027388516815785,0.29348309061563105,-0.19223622035076726,0.3150958110451375,-0.09843931556131746,0.389943260245629,0.019598375718578254,0.4115558361499185,0.11339518886993816,0.4864034001887713,0.23143290661075644,0.5080158315754887,-0.09125052432208713,0.4237765172594461
46.377000,-0.39202371656337764,0.2277732501642271,-0.3101627727817506,0.2938908849455717,-0.1920344716424922,0.3150025989792965,-0.09863071714714167,0.3903400972299612,0.01949760503065462,0.41145169354449496,0.11290128445400527,0.4867892848696532,0.23102962766887247,0.5079007634725284,-0.09195018001775768,0.42569177650396095
46.427000,-0.39161348475048563,0.22784198886818416,-0.3101087927295587,0.2942749610651302,-0.19190847538861844,0.3149796701654765,-0.09881679290501721,0.390702445151376,0.019383540172149327,0.4114070644155844,0.11247516510779632,0.487129910149442,0.23067551391978225,0.507834439585142,-0.09054393497749191,0.42318266860352005
46.477000,-0.3914498098345891,0.2278445608344566,-0.31001565789746244,0.2945726325085636,-0.19176530088798008,0.3149896121002993,-0.09890596362765924,0.390997134575198,0.019344404116820924,0.4114140519922457,0.11220370141794755,0.4874216232857631,0.23045407989603517,0.5078384785359814,-0.08886201374956199,0.41971189618873117
46.527000,-0.39127385972563855,0.22778727193959747,-0.3099644101646424,0.29471462127839043,-0.19168052125032153,0.31493643178058783,-0.09895964320974776,0.39111279801323406,0.019324251457713715,0.41133457486342756,0.11204510783145083,0.48751096746865685,0.2303290082506927,0.5077327106747457,-0.08901486638196926,0.4201802143378056
46.577000,-0.3912644103575392,0.2278257430178841,-0.3099226407819308,0.2947648789538828,-0.19162594345248857,0.3149116256095218,-0.09896718598911808,0.3911635414228204,0.019329512291580198,0.41131028249291957,0.11198826615851265,0.48756220267648853,0.23028496538912357,0.5077089381689333,-0.08732579526367507,0.41627605438294035
46.627000,-0.3913785015959127,0.2277980491955522,-0.3099393897520322,0.2947250154295453,-0.19164938120772318,0.3149109976594096,-0.09896421133881017,0.391130806674984,0.01932579326398287,0.41131681200214837,0.1120109780187486,0.4875366029161546,0.2303009786787581,0.5077226313480218,-0.08578807276740708,0.41239264480127935
46.677000,-0.3915786135444514,0.22775350327334867,-0.3100019604934977,0.29458193065278665,-0.191736514811965,0.3149113270468328,-0.09894475016868548,0.39100132911270336,0.019320686731884917,0.4113307765895775,0.11211248424423592,0.48742073857159474,0.23037791236267668,0.5077502371379573,-0.08429479125837352,0.4080727456442582
46.727000,-0.39205625232542546,0.2276674576502085,-0.31018692834311073,0.29431796393558973,-0.1919628402279747,0.3148865075962948,-0.0989871111033872,0.3907516102044653,0.019236963384028027,0.41132023219457114,0.11221274277582943,0.4871852731982112,0.23043680363433866,0.5077539735242225,-0.08303638759011012,0.4038897421314466
46.777000,-0.3924323684423981,0.22757576947660801,-0.3103803414555956,0.2939328584161208,-0.19222331982020377,0.3148832340259144,-0.09897886028036773,0.39041780071636634,0.019178142526187658,0.4113682825177364,0.11242266995377631,0.48690276540334365,0.23057965393027285,0.5078533534026307,-0.0828301084430283,0.4025213285927512
46.827000,-0.3932905557178402,0.22747214954826775,-0.31066750056272513,0.29345385204764685,-0.19259688316140916,0.31488582130865633,-0.09898510246959796,0.389964676624997,0.019085490616203016,0.4113967798418997,0.1126973564902074,0.48647552894902846,0.23076792525925005,0.507907766127811,-0.08165479337138709,0.39796318590220603
46.877000,-0.3938352944170144,0.22732217946515335,-0.3110155446597066,0.29286825822450796,-0.19305286555886642,0.3148865764925364,-0.09902011314648201,0.3894375085708895,0.018942536002669652,0.4114559873038564,0.11297538982838073,0.48600679146714115,0.23093800902446082,0.5080254306712473,-0.08061688290311192,0.3933358893948542
46.927000,-0.3947105777193566,0.22734872580264912,-0.3113081370429407,0.2922126252056757,-0.19347681512092746,0.3149234062144703,-0.09896743512462347,0.38886917748625927,0.01886385096415677,0.41158014440936813,0.11337334763362689,0.4855257665620619,0.23120459788776654,0.5082369194052101,-0.0803631900572942,0.3916724940411987
46.977000,-0.39554426506208684,0.22742656456669622,-0.3116356283754058,0.2917222418962301,-0.19394666599295252,0.31515956540515994,-0.0988231421544638,0.3883136166429312,0.018865778180750248,0.41175115128828976,0.11398943326011884,0.4849050318708761,0.23167831154665058,0.5083427776579322,-0.07933509103289649,0.38697825187161194
47.027000,-0.3964969578650248,0.22747760784713525,-0.31192402668391056,0.29096958922619887,-0.1944015352960551,0.31522786650611906,-0.09863478769198825,0.38753782468726683,0.018887655219470945,0.41179633681643274,0.11465454732330127,0.48410610362281736,0.23217694175695924,0.5083648506056649,-0.07831154012666708,0.38129983023700753
47.077000,-0.3971311009363232,0.22761065472725356,-0.3121401961443686,0.29003842569521554,-0.19483170217157872,0.31531128106475154,-0.0983766942519757,0.3867005759572332,0.018931744102179127,0.41197368948927504,0.11538690912957567,0.4833627721108814,0.23269529186346877,0.5086361438102197,-0.0778041349658084,0.3790567801183192
47.127000,-0.39846666873289244,0.22771412622267176,-0.31237576096226827,0.28940422361645424,-0.19529154743350283,0.31569655950466885,-0.09806329357558541,0.3860291027697425,0.019020857069032393,0.41232171869013035,0.11624927914122196,0.48265402941390445,0.23333336690012618,0.5089469253703054,-0.07656930939046153,0.3728967181288523
47.177000,-0.39913483210285056,0.22775217535300407,-0.312741877241508,0.28843855736024854,-0.1959170832597142,0.3158605833504325,-0.09792858698155071,0.38513001811267744,0.018896136540424602,0.4125523442778465,0.1168848108023553,0.4818215272636869,0.2337094638629315,0.5092441536071064,-0.07562345757707833,0.36644288014338394
47.227000,-0.4004200626193534,0.22783735418431159,-0.31298600473064025,0.2875550517075996,-0.19646646484987348,0.3162464585365922,-0.09760002807022616,0.3842569553562213,0.018919432990627094,0.41294868228125364,0.11778605660342861,0.48095890750188813,0.23430543884275284,0.5096509545257346,-0.0745736601437294,0.3601287586082417
47.277000,-0.4013334948464523,0.22810448718400778,-0.31333924206601077,0.2863791344665342,-0.19714365672099715,0.31635555764089407,-0.0974358189630074,0.38312641273220616,0.01875967930214767,0.4131031734463151,0.11846771102206416,0.47987373889650975,0.23466312220547308,0.5098508371536321,-0.07414244482077947,0.35693406314536813
47.327000,-0.40290194210966557,0.2292470767479915,-0.31371129043559337,0.2859709466452549,-0.19782148203091685,0.3171085815055912,-0.09710761901891646,0.382352108343159,0.018782094293023688,0.41349009712285884,0.11949615654900148,0.4787333163943169,0.23538577476589517,0.5098716590976653,-0.07325455803650177,0.3503215207323005
47.377000,-0.4039281079306732,0.23009824471413046,-0.31414541000909635,0.28546987083236375,-0.19861541180579453,0.31791705119136027,-0.09687442432668136,0.3815470084800596,0.018655470242849692,0.413994557830624,0.12039666094466905,0.47762419017564767,0.2359264518779961,0.5100721085219159,-0.072739439815459,0.34580787919472084
47.427000,-0.4054116123897456,0.2311187770146554,-0.3145419486491648,0.28500393963398507,-0.19941421401663809,0.31885072258026376,-0.09663436714914564,0.3807886195137835,0.01849325504730126,0.41463578490207403,0.12127330765981736,0.4765733404206849,0.23640081741753127,0.510420888255317,-0.07210968468881374,0.33951486548456133
47.477000,-0.4063408693081948,0.23178430112510506,-0.31474106369418997,0.28444692815518113,-0.20001708153816758,0.3196379485747467,-0.09624249680698305,0.3798943637006743,0.018481364600541228,0.415085777762243,0.12225615607815415,0.47534183682467956,0.23697989673449732,0.5105336445321813,-0.07132951562142381,0.3335841800702843
47.527000,-0.4077034657521747,0.23322299534419907,-0.3149598535361753,0.28375331311356533,-0.20070395543999164,0.3204355942615501,-0.0958823036749048,0.37885152805321576,0.01837346486616076,0.41553421272971847,0.12319532293625973,0.4739497763257793,0.23745096191923903,0.5106328645351493,-0.07059852090328084,0.3286095799199982
47.577000,-0.4084575223657327,0.23399797656583055,-0.3152234389758134,0.28340147494450546,-0.20143778419088504,0.3215174133100666,-0.09558198388797279,0.3780377594778962,0.018203533057983723,0.41615410932496716,0.12405953774689482,0.4726740727007822,0.23784491685093756,0.510790834033205,-0.07016689481066923,0.3259275577834755
47.627000,-0.40979137379209224,0.23543070455144402,-0.3153571765792181,0.28273935147259466,-0.20210469020158023,0.3224114364850092,-0.09529117487587496,0.37710031052322346,0.01796116527814151,0.4167728129599016,0.12477488216755617,0.4714612933197569,0.23802707609465223,0.5111342131851847,-0.069704127724934,0.3220190707189525
47.677000,-0.4107373665255661,0.2367824633431654,-0.31556499053596015,0.2821490524439103,-0.20284621502207945,0.32331308584496943,-0.09502915995699063,0.37599593539857146,0.017689461538573592,0.4171603905429301,0.12550671371324124,0.4698428367038669,0.23822518118709074,0.5110077135959336,-0.06927725468380569,0.31940026114548614
47.727000,-0.4118894670228466,0.238362964268254,-0.3158535478298993,0.282104302095032,-0.2036777829974619,0.3247258668722674,-0.09489024405570884,0.37537437495254145,0.01728535957565064,0.41799636399273643,0.1260730900739353,0.4686444606281837,0.23824853250034628,0.5112668739366922,-0.06891442259438679,0.3172671367892883
47.777000,-0.4125019799936284,0.2393966329024116,-0.3159056818589975,0.281546126400943,-0.2043530677692976,0.3257729767268979,-0.0946532763662678,0.3744140680605764,0.016899169302520556,0.41864134318930174,0.1265991459340638,0.46728201677672576,0.23815142317776278,0.5115097167140374,-0.06835211063453628,0.3112004506231037
47.827000,-0.41357835487831324,0.24187552784161317,-0.3159278013158572,0.28146917061385857,-0.2050128846032357,0.32727180427864283,-0.09440130431243232,0.37380220622801674,0.016513437497051642,0.41960526343311755,0.12712519546871276,0.46613524299917597,0.23803976237146135,0.5119387237487207,-0.06781030785285957,0.30924279242813796
47.877000,-0.41414691575206475,0.24344894556574764,-0.3159789902187711,0.2815891078324547,-0.2056608727061715,0.3288110619266703,-0.0941546666983693,0.37315478777086697,0.016163270686823494,0.4203771626696018,0.12766964584223212,0.4647204631748752,0.237987403096316,0.5119432588823404,-0.06713553282069068,0.30581943633858044
47.927000,-0.41489959651200675,0.24589621124272434,-0.3159063419805266,0.28166558604637976,-0.20623987148974252,0.33038175636069944,-0.09389325467028026,0.3725509120223983,0.01577303097410554,0.4212674984480068,0.12811980779824328,0.4634362278244898,0.23778590859195392,0.5121532303667596,-0.06614854250672086,0.3007294215071533
47.977000,-0.4153502606836787,0.24755561065315082,-0.3159032236594492,0.28203187539666785,-0.2068424044163715,0.332089219551697,-0.09368319284538829,0.372026580926323,0.015377438163224622,0.4220843351890653,0.12853679991454214,0.4620212710375753,0.23759724268471993,0.5120794354126138,-0.06571395150624215,0.30176696079962384
48.027000,-0.41582005397612926,0.24976825495435537,-0.3156602743245063,0.28198418511918166,-0.2073334159956774,0.33361064891662634,-0.09347777160073845,0.37151701037990387,0.01484889519101662,0.42314387607414367,0.12870468022272374,0.46104981511784915,0.23703115547456244,0.5126770827110086,-0.06519307102652105,0.29638653649472346
48.077000,-0.4160431491994151,0.2511705441877044,-0.31543816356261034,0.28200838089987007,-0.2077908926508089,0.3350372887260808,-0.09330384042098422,0.3709916329938437,0.01434323692383288,0.42402093375406924,0.12883042039735587,0.459974860108493,0.23647730417300433,0.5130045538035499,-0.0643254759312904,0.29436176914751044
48.127000,-0.41641810334130586,0.2534345884110829,-0.31516140734897957,0.28202097549448113,-0.2082421294805188,0.33650278915818366,-0.09312335514841502,0.37038003515371654,0.013795728265618812,0.4248622304279748,0.1289146235149301,0.45873906553023536,0.23583351247302387,0.5132216424146518,-0.0636040302061961,0.29400952471869035
48.177000,-0.41626054530363243,0.25506630965313976,-0.3149112486666032,0.2821667314205746,-0.20866065537992065,0.33794137999247603,-0.09295169747661086,0.3697444782419826,0.013298701882961061,0.4255194962430776,0.12900777036759714,0.45732219216268943,0.2352579757990918,0.5130975795916978,-0.06328664674681578,0.29046208760706443
48.227000,-0.41619588892813636,0.2572841801830032,-0.3140929270783841,0.2823249190183964,-0.20855170315768168,0.33943052341341257,-0.09231406250804902,0.369243455107675,0.0132269690377399,0.426349415044014,0.12946471012194194,0.4561619551511888,0.23500554929204132,0.5132682706274225,-0.06074706282101683,0.29973886107765685
48.277000,-0.4162327494088527,0.2587583340060282,-0.31375722706772874,0.2825087324722021,-0.2088851957486923,0.34083417329367416,-0.09217054893510396,0.36872128894193273,0.012701292807019593,0.4270470706307794,0.12941603026544624,0.4549338069046879,0.23428768243009557,0.5132599294593101,-0.06005554304104288,0.3056626287232681
48.327000,-0.41596405673476017,0.2607916166847927,-0.31335344403500937,0.2826260951396708,-0.2091851572765592,0.3421993108777291,-0.0920493225797735,0.36826070434760105,0.012118778545959441,0.4278342446773733,0.1292546944533648,0.4538952731343897,0.2334226099464305,0.5134691380534415,-0.05954503124480809,0.30751359233927716
48.377000,-0.4154110766534539,0.2622749242389998,-0.31252781788961126,0.2829419644293653,-0.20900330780400433,0.34362701867031187,-0.09148675139963086,0.3679140309435706,0.012037578272460825,0.4285993929564617,0.12955420688192354,0.45288605585133773,0.2330783561416775,0.5135717256320675,-0.05885184912530744,0.30945217406094105
48.427000,-0.4149335832035961,0.264228065978102,-0.3116970831479578,0.2831927462239474,-0.20887387650220793,0.3450586348465863,-0.0910551531105262,0.3678346840573425,0.011767879058095676,0.42970086266596447,0.12958666668484287,0.4524765795912301,0.23240952437809959,0.5143430481810536,-0.0573552143526328,0.30572802101514185
48.477000,-0.41454961599292717,0.26553230047769033,-0.3110874566122358,0.2835219472199532,-0.2088944190014039,0.34642332284300986,-0.09078192936088919,0.3676233177614592,0.0114109414217895,0.43052496442191085,0.12952348729039243,0.45172464607187857,0.23171619124705933,0.5146265637646349,-0.05641004561276941,0.30702955283108585
48.527000,-0.4139608976525918,0.2671519680761863,-0.31032950711407115,0.28375829071325015,-0.20878876136799832,0.3477073091041155,-0.09043058966157946,0.36748970505933426,0.011109998087236894,0.43143897432371875,0.12946821867011782,0.4512210778486041,0.2310086484246403,0.5151705979804292,-0.05544916879411299,0.30876260163491176
48.577000,-0.4135484261363882,0.2679197365233689,-0.3096183007147967,0.28378817311360444,-0.20868884068685117,0.34869768010874336,-0.09012458130983292,0.3672048786027043,0.01080473045302699,0.432114616138455,0.12936903210477058,0.450621543802172,0.2302981956056731,0.5155315118725138,-0.05498623787712842,0.3117171622169663
48.627000,-0.41286223170897196,0.26923128139984864,-0.3090213247423117,0.2838231871636199,-0.20868339840461797,0.349643400295287,-0.08994245911914839,0.36698091007408173,0.010395330007826054,0.43280133237260365,0.12913630543630844,0.4501385946136911,0.22947395735604154,0.5159592260728151,-0.0548082710612382,0.3149232161529798
48.677000,-0.41235170452500525,0.26981227912642175,-0.3082326805133838,0.2838803292031526,-0.20843289308098994,0.35051367242122117,-0.08954511720316088,0.3668138793760019,0.010254544851106773,0.43344741037820733,0.12914235139995367,0.4497473936281845,0.22894188807998284,0.5163811124079394,-0.05354660475111267,0.31232051928451876
48.727000,-0.41188440787689684,0.2706395147153621,-0.30762973305942165,0.28377065906133536,-0.20837381586190432,0.35121146939266634,-0.08937162686767453,0.36665423506134076,0.009884177932931115,0.4340952108123707,0.1288863926642202,0.44953777814957646,0.22814208507167644,0.516978919314175,-0.05343641352057399,0.3160566595165593
48.777000,-0.4115983437464226,0.2710874645769504,-0.3072226194610907,0.283782743044474,-0.2084432151742465,0.3519195853432839,-0.08934740902474242,0.36662295056215416,0.00943189647163506,0.4347599360793454,0.1285277239392087,0.449463128622923,0.22730693064890634,0.5176002573525615,-0.05362353664575159,0.31989237777266427
48.827000,-0.4110701104277046,0.2715752254413393,-0.30666890240207145,0.28369141896542377,-0.2083095931069671,0.35243330047673105,-0.08913636437293548,0.3664953612114161,0.009222860878919159,0.4352373629758362,0.1283961068048463,0.44929927801178515,0.2267552480175899,0.5180414000230829,-0.05311847094609873,0.3187181176441343
48.877000,-0.41082876935869667,0.27185075222188443,-0.3063088879167611,0.28364208002862445,-0.2082835937509735,0.3528594312032625,-0.08904978725139806,0.3663982415428455,0.008975437417426624,0.4356156911386577,0.1282092575102014,0.4491543817649038,0.22623441268618227,0.5183719297758471,-0.0537051146599129,0.3265686199816483
48.927000,-0.41053386132558606,0.2721276425442907,-0.30597795845199627,0.2835490420152689,-0.20823948033984846,0.3531708050784421,-0.08895903351871165,0.36629235238694585,0.008779391370254519,0.43591419016739585,0.1280598482219688,0.4490356462933633,0.22579821989200544,0.5186575587850001,-0.05354226942578494,0.32621959237444753
48.977000,-0.4103841404753333,0.2722936318852193,-0.3057115367265771,0.28347973336382504,-0.20817744252919637,0.35338753313678645,-0.08886329806546633,0.36619904869459946,0.008670759193280753,0.4361069000036437,0.1279849104262168,0.4489183525194187,0.22551893075063284,0.5188262553584855,-0.054324137887252155,0.3306207753869261
49.027000,-0.41023734740201906,0.2723436858671628,-0.30554159087871086,0.2834263987365312,-0.20813915617775072,0.35351752309697115,-0.08880456572255874,0.36613717129628925,0.008597848930597618,0.4362283235162379,0.1279324429950598,0.44884793758533703,0.22533483760475037,0.5189391176587498,-0.05524701142571958,0.3348810102942674
49.077000,-0.4102188945115799,0.27232759172457,-0.3054548886528077,0.2833572725312496,-0.20812105965384664,0.3535436368222986,-0.08877971062510681,0.36609920976696997,0.00855411450299115,0.43628557942609725,0.12789546422393006,0.44884114579138046,0.22522928548558885,0.5190275208124506,-0.05507497880468193,0.3345659140155874
49.127000,-0.41025650512548106,0.27225169433148644,-0.3054650225236394,0.2833501986587225,-0.20811011911482344,0.3535073278896896,-0.08877195259252751,0.3660931139426196,0.00858296364177713,0.43625022537604485,0.12792112786286525,0.4488360332489614,0.2252760569268728,0.5189931268789895,-0.05637472897827284,0.3393319246561669
49.177000,-0.4103307177965698,0.2721452132028599,-0.3055316349923858,0.28337187729661084,-0.2080653790125803,0.35337422686631353,-0.08874100102697569,0.3660900759668848,0.00872528467473066,0.43609238415392376,0.1280496572609499,0.4488082839217374,0.2255159726885298,0.5188105507205438,-0.057923276456533945,0.34415449892386774
49.227000,-0.4104646204593275,0.2719196651323106,-0.3056606274858168,0.28342326306420157,-0.20800708838672155,0.3531641140872539,-0.08870706403425388,0.36610645504619754,0.008946521088333048,0.4358472416255281,0.12824653689940269,0.4487896613172036,0.22590016804920443,0.5185303834475099,-0.05975027682421469,0.3492007607291621
49.277000,-0.41065224854043125,0.2716894856002483,-0.3058589720557128,0.2834871380246064,-0.20794245160252195,0.35285827771652145,-0.08868157605622667,0.36615653187879454,0.00923500663530169,0.4355275837219694,0.12849587025016984,0.4488259448867558,0.22641251518365257,0.5181969088759174,-0.060025674690030395,0.34978563156271414
49.327000,-0.41094503483311823,0.2712875437074067,-0.306113750979067,0.2835519994737584,-0.20784938997745533,0.3524295383158569,-0.08864147088724356,0.36619442212145153,0.009622968195364623,0.4350718495689123,0.12883087168081903,0.4488368685155969,0.22709538884794594,0.5177141845631262,-0.06207328190404526,0.3547460921864455
49.377000,-0.4115323521057919,0.2711185472290961,-0.30663937017583887,0.28377802148774334,-0.2079658649162123,0.3520681331964456,-0.08882286944700851,0.36638409034639413,0.009850728669393016,0.4346740678846208,0.1289937046715519,0.4489901870460026,0.22766739564838034,0.5172800304080869,-0.06248422290749861,0.3555962187098059
49.427000,-0.4121253981798175,0.2705780374864648,-0.30732327334363563,0.2839944414662713,-0.20816009592855048,0.35157153994620177,-0.08909914967375732,0.36655456615482723,0.010064134803116798,0.4341315075311613,0.12912505731914614,0.44911472237602135,0.2282884488613327,0.5166915066430535,-0.06499858381304591,0.3607935625148818
49.477000,-0.4125378675257574,0.2703977980650881,-0.30791644721150213,0.28424552273109444,-0.20822727982629735,0.351044249560183,-0.08925786408631936,0.3667375002879466,0.010431422993012585,0.4335360484874181,0.12940081061141612,0.4492295124013617,0.22909021738838525,0.5160278819652854,-0.06766432765588831,0.36579671459536994
49.527000,-0.4132165317656743,0.2700945665956391,-0.30860499880958087,0.284681575800407,-0.20825864581172993,0.3504889419015748,-0.089398705236867,0.36699089704548,0.010947779683301628,0.43279806198448123,0.1298076871754757,0.44930025541393975,0.23015430402143727,0.5151072191845956,-0.06897079909606141,0.3678044712944493
49.577000,-0.4136733898862095,0.2699700615837338,-0.3091614360661333,0.2852492382063976,-0.2081290424804762,0.3499984115318744,-0.08938443791312667,0.36731080264701566,0.011648098054616307,0.4320597538038221,0.13039266455044873,0.4493724060471007,0.23142534290381367,0.514121135028643,-0.07229482542700555,0.37378722258746083
49.627000,-0.414439385142416,0.26974669063314494,-0.30997882200931925,0.28592804033242236,-0.20816455075815096,0.3494406703330251,-0.08956370811670689,0.3677119626994514,0.012250715269245482,0.4312243488189,0.1308515141419277,0.44949592529061166,0.23266608966651986,0.5130080675214247,-0.0756423276965173,0.3798059200655696
49.677000,-0.41490021565862356,0.26954490372097417,-0.3107036435639515,0.28662549229630024,-0.20812083975169196,0.34888919249164224,-0.08968962430019084,0.368229492558604,0.012893339989911712,0.43049292835727737,0.13132450559072767,0.44983353368472445,0.23390763036248624,0.5120967050789103,-0.07940248989023435,0.3861013360947565
49.727000,-0.41557179124416815,0.2692203549803496,-0.31144279318412527,0.28737444534062506,-0.20803066356149624,0.3482508073123507,-0.0897932222220949,0.36874245110955717,0.01361907491923453,0.42961852851237103,0.1318564598662822,0.45011049769260497,0.23526892453000275,0.5109862905184459,-0.08321715266676732,0.3923473076201136
49.777000,-0.4160816095532824,0.2691329943788414,-0.3121953929191001,0.28815104600975483,-0.207956067312629,0.34759987270116866,-0.08993539400866346,0.36930518700912474,0.014304104701572729,0.42875371017426656,0.13232471480009894,0.45045936815324283,0.2365643866170441,0.509907587784897,-0.08716480554190809,0.3985707912173748
49.827000,-0.41685136720581145,0.2688899731839772,-0.3131156288414474,0.2891907704186275,-0.20796683567217927,0.3470157761936837,-0.09017803988077822,0.36994609637231285,0.014970930399647753,0.42777078008787645,0.13275965595497508,0.45070146105322695,0.23790880334834064,0.5085258227037224,-0.0888472729834156,0.4013357501839285
49.877000,-0.41747425035066626,0.2685317998024308,-0.31409021679633564,0.2898549810281775,-0.20810490529693348,0.3461320966825413,-0.09057568987806591,0.37035777568265055,0.015409801467716866,0.42663455263543026,0.13293893946483276,0.45086060723880783,0.23892461065769172,0.5071370454860806,-0.0931084340611894,0.4072258616924741
49.927000,-0.4180390854151452,0.26820641986097793,-0.31485342739587685,0.29089018998352445,-0.20795820914575494,0.34541919433220847,-0.09073226873285911,0.37107224277312817,0.016163130713762075,0.42560089191417405,0.13338898587989406,0.45125432990148917,0.24028456652301616,0.5057826238319784,-0.09987382269868872,0.41666256277268515
49.977000,-0.4183859951976827,0.2679839743882093,-0.3156013539466217,0.29192107511701243,-0.2078418547422301,0.34472155173625074,-0.09095126290011046,0.37186173483804646,0.016808417643841056,0.4246618413631805,0.1336989162713439,0.4518024259297253,0.2414587781543609,0.5046021623585475,-0.10274921266893466,0.420791608281116
50.027000,-0.4188084761885943,0.2676432838313372,-0.3163254102276834,0.2929881834294723,-0.20767820783159094,0.3439370343635466,-0.0911548996482755,0.37261313329656204,0.017492482783258267,0.42356160030761225,0.13401568963140292,0.45223811100582095,0.2426632520974376,0.5031861940923229,-0.10651501063621716,0.4263276734885753
50.077000,-0.4190139049505219,0.26744121629276363,-0.3169698853088839,0.29408659572250617,-0.2074818693476835,0.34320252349425784,-0.09135713438634174,0.3734522496113344,0.018131059244053616,0.42256778132537626,0.13425568477752237,0.45281792751860395,0.24374405607577299,0.5019330631740857,-0.11008278641222474,0.43170610717976154
50.127000,-0.4194524687612306,0.2675741009014809,-0.317592337130595,0.295311898821276,-0.20722456322911803,0.34241767855146027,-0.09151404868952073,0.3742151127975319,0.01885389892347128,0.4213204855234962,0.13456429620025168,0.4531183464845938,0.24493241752249062,0.5002233122074948,-0.11106715968977726,0.43329610766804527
50.177000,-0.4198420476711225,0.26796764201491186,-0.3184739480151363,0.297048093862566,-0.20724400399243295,0.34208029956247726,-0.09194845237043414,0.3753509439124883,0.019281660193273764,0.4203827333123994,0.1345770872914125,0.45365380918234754,0.24580736839319173,0.49868518228502456,-0.11462187980269067,0.43884950954393154
50.227000,-0.4200400472199191,0.26772415195578186,-0.3191665157568411,0.29855550999336167,-0.20712615057851663,0.34153174261543445,-0.09231256079093642,0.3764293012690751,0.019727966976699707,0.41940511001339564,0.13454142473578312,0.45430310304019084,0.24658211508996197,0.49727848790918194,-0.1169699876694339,0.44256743646643737
50.277000,-0.41999368510715235,0.26750444341051444,-0.3197053964542795,0.299731701348714,-0.20693640083879528,0.3407579566962172,-0.09265158253508982,0.3773500365125508,0.02011756933908626,0.4183758623487562,0.13440224826993025,0.45496837745321184,0.2471715563996954,0.49599377378155574,-0.12015626430757237,0.4474793492545304
50.327000,-0.41989148285280514,0.2677078615056027,-0.3200945108643665,0.3011232247293594,-0.20658463541638808,0.34005275305661176,-0.0928404617562481,0.37829230010376536,0.020669562363437255,0.4172213949345779,0.13441358998421638,0.4554613763755119,0.24792376277196526,0.4943900377151129,-0.12220097296485555,0.4508718004773304
50.377000,-0.41979546770824766,0.26800069733388804,-0.32046647130388684,0.3027940128736455,-0.2062527631808342,0.33960744624764405,-0.09304437456233056,0.3794051942542745,0.021169473993004395,0.41621819193415216,0.13437771079253974,0.45601637180129845,0.24859169977623702,0.4928289337935261,-0.12483443802888089,0.45582407138597103
50.427000,-0.4196915036491168,0.26843660305619094,-0.32081559865922427,0.30447563131529104,-0.2059025718724791,0.33904434946778855,-0.09323344893822405,0.38034409204837427,0.021679709019444826,0.4149123741606502,0.13434867524024924,0.45621254426601593,0.2492619643646889,0.49078039034587706,-0.12618435946326145,0.45877149167168463
50.477000,-0.419613922595838,0.2687105987167985,-0.3212076078174785,0.3061182489455641,-0.20567359052454684,0.3385511154672838,-0.09357008541001804,0.3813623773044696,0.021964053846122933,0.4137948093594458,0.1340673979689827,0.4566064927592749,0.24960165918441568,0.48903849035518354,-0.1281631356540877,0.4621419544147544
50.527000,-0.41928234408657233,0.268986375070777,-0.3215935201892719,0.3077498769568506,-0.2054790610339228,0.33803902311148304,-0.09397605997412356,0.3823908072283756,0.02213851155879548,0.41267952257654583,0.13364134806798628,0.45703172038113804,0.2497560319746101,0.48732000493112104,-0.12941443016028176,0.46496938120243003
50.577000,-0.4190704769682508,0.26923773313033816,-0.3218542427413953,0.30944090592244466,-0.2052347082871262,0.33772312965772444,-0.09435920945897747,0.3836211008103486,0.022260428139281696,0.4119028992360706,0.13313575958198665,0.4578012747387823,0.24975550032086502,0.4860826478620743,-0.1312634720119905,0.46910111755085926
50.627000,-0.41886402609389906,0.2702855671200015,-0.3221171600719573,0.3111256831819235,-0.20503223845987772,0.3374148644909124,-0.09481570178678889,0.38487342488305953,0.022269313606472496,0.41116218851236186,0.13248568098545443,0.4586211420667762,0.24957079015680073,0.4849094880232146,-0.13330655607502578,0.47255953284465635
50.677000,-0.41866154674282047,0.27118562297782545,-0.32247839553370855,0.31370887296933647,-0.20490777049027104,0.33773278021783215,-0.09519663210501245,0.3863482726173626,0.022374076442854163,0.4103717711998123,0.13208504585032516,0.4589876449316541,0.24965583790000884,0.4830107348535987,-0.1340130307631508,0.4750251130182598
50.727000,-0.41811790137829435,0.2715841345455821,-0.3226007131398735,0.3151945835500038,-0.20465762456356712,0.3373175988521767,-0.09557211510243546,0.38732111458220986,0.022371048060220944,0.40944373224294284,0.13145638894200895,0.45944761573672854,0.24939962668847115,0.4815698357621883,-0.13559551068518078,0.47869103536923646
50.777000,-0.417585108495789,0.2717299306130792,-0.3227052298641504,0.31684274561871334,-0.20443987686710907,0.33717267806020534,-0.09602148556677531,0.38860663848832566,0.022243933541985617,0.4089361863340927,0.1306621575859127,0.46037049932287527,0.2489276428041609,0.4806996625784119,-0.13579712214588774,0.4805125750186744
50.827000,-0.41701717311074804,0.27174344809254514,-0.32270689921902446,0.31806697573985576,-0.20416913946839052,0.3367431507572925,-0.0964302074008282,0.38958558178102015,0.022107610637432107,0.4082613868428967,0.12984637778880215,0.4611041541082391,0.2483842541126765,0.4797795892198181,-0.13674970558914457,0.4839770278893538
50.877000,-0.4166659114883889,0.2717029414621809,-0.3228186443206341,0.31940978013317284,-0.20404814314622038,0.33654360780215126,-0.09701500756600528,0.3908013987657248,0.021755544596048115,0.40793487298821174,0.1287885187152088,0.46219298246123475,0.24755912186307372,0.47932610324246094,-0.13848455748703675,0.48684787120128015
50.927000,-0.41599640177472097,0.2715672596008043,-0.3229885699016489,0.32047556259425325,-0.2040266819689711,0.3362257759079771,-0.09774001595580695,0.3919316519686326,0.021221916332912816,0.40768153025606313,0.12750842546677432,0.4633877056409931,0.24647040210991478,0.4791372489071233,-0.13825006965436915,0.4882263973236505
50.977000,-0.4156012285342169,0.27146526577135377,-0.32314148848885804,0.3215365971930706,-0.20401057097186986,0.3359527157632579,-0.0984045665840364,0.39293843177222987,0.020726389133509826,0.4073542346597827,0.1263322425182729,0.46434023050695505,0.2454632364348398,0.47875571771756537,-0.13806507272708712,0.48948526734127484
51.027000,-0.4149379418260503,0.2715366014222143,-0.32322020929947204,0.32260594175687024,-0.20395362226108107,0.33585287408395537,-0.09901702942257468,0.39406207853599856,0.020249590431973552,0.4073087154048478,0.12518603907072529,0.46551817981211413,0.24445269174008638,0.4787645212281612,-0.13732449315149636,0.49028046946978143
51.077000,-0.41478980676824084,0.27151042114265506,-0.3232882392111778,0.3236357270887188,-0.20389409686013163,0.3356789314902684,-0.09956894388301413,0.3949770128723922,0.01982522602391784,0.40701994408676223,0.12415024332200747,0.4663182641730279,0.24354444078361542,0.47836092220595217,-0.13646711742654116,0.4907105243498604
51.127000,-0.41423060065276657,0.2713961656400955,-0.32341916899723,0.32442926772505654,-0.20392028305376536,0.33538446091670177,-0.10018980397827099,0.3957167715808977,0.019309104828020784,0.40667171538271557,0.12303945799397598,0.46700424252503603,0.24253838966203234,0.4779589369428927,-0.1352659076699853,0.4909595990146579
51.177000,-0.413958192249846,0.2713947759663824,-0.32357770211195014,0.3251353035271797,-0.2040009533903859,0.33520511808242437,-0.10082070551859867,0.3964736781202918,0.018756062244130067,0.40654326656349965,0.12193619426268115,0.4678120217053465,0.24151298106562774,0.47788138404264335,-0.13454332143854836,0.4920178687920833
51.227000,-0.4133479525236373,0.2715056414416492,-0.3234945081385935,0.3259547129656139,-0.20384547762916333,0.3351258348347482,-0.10116216994494315,0.39722364738093496,0.01848687589936593,0.40639456918473155,0.12117007975014238,0.4684925534268422,0.24081914092853218,0.4776632751713247,-0.13351696191659496,0.49247079378868586
51.277000,-0.41297553418003785,0.2716644924343721,-0.3233919451806183,0.32669887849363904,-0.20368619864512288,0.3350973450174238,-0.10143572336787393,0.3979053087287886,0.018270035371481974,0.4063036013056447,0.12052041938054003,0.4691117136000894,0.24022619032309245,0.4775098322358653,-0.1323877267784314,0.49255654610356725
51.327000,-0.41256857506466177,0.2719255773013314,-0.3232842051400533,0.32743010523659977,-0.2035293618346639,0.3350967539573046,-0.10162558775148711,0.39846568031400154,0.01812926494152256,0.40613218239647664,0.12003296142830544,0.4695012335360136,0.23978782350834693,0.47716758898663203,-0.12999996769863414,0.4912240508793574
51.377000,-0.4123754678309545,0.2720657538735829,-0.3232662646692586,0.3280386217757903,-0.20347539502512246,0.335120115200799,-0.10186401855984745,0.39895684579399876,0.01792685814142525,0.40603821983914884,0.11953817098624353,0.4698750516993615,0.23932905474413346,0.47695630637142183,-0.1278383279414248,0.49036767194867836
51.427000,-0.41211241276014965,0.2722011592265361,-0.3232510179239449,0.3285136710607923,-0.20343296716651732,0.3351193286691493,-0.10205250893530426,0.3993221532863434,0.01776554684262166,0.4059277198287508,0.11914595627426727,0.47013062150358775,0.23896401707223458,0.4767360969870765,-0.12536561342595376,0.4888608943196848
51.477000,-0.4119554237611614,0.2722268356816442,-0.3231883704531262,0.32882479215391214,-0.2033528736288928,0.33510601025315856,-0.1021519556526106,0.39959146753428576,0.017683544474117463,0.40587262262695106,0.11888442854351666,0.47035813312016467,0.23871993197229324,0.4766392252141267,-0.1227983436213213,0.4868230992124296
51.527000,-0.41181419024852933,0.2722737530254261,-0.3231286226778497,0.3290073017832383,-0.20328252522336984,0.33508290256881007,-0.10219493634358034,0.3997458701350278,0.017651162839291856,0.4058214368265762,0.11873873332281115,0.4704844331516662,0.23858483423363797,0.4765599657576386,-0.11992183604368462,0.4840687981187942
51.577000,-0.41181340633819463,0.2722732906930279,-0.3231049321514642,0.32910210064960904,-0.20325439697296593,0.33508952206840287,-0.10221303099615164,0.3998246930387104,0.01763750446496859,0.405812108800241,0.1186788673860587,0.47054728454005046,0.23852940312941195,0.4765346946521001,-0.11688874409648825,0.4806192357342667
51.627000,-0.41196166929255956,0.27230346786918436,-0.32314395505503746,0.32908030430430446,-0.20329533830718616,0.33510600435515087,-0.10223077568532768,0.3998049547415149,0.017617839885911424,0.40583067819463525,0.11868241514261557,0.4705296088444283,0.2385310295368932,0.47655535570667257,-0.11374759870928108,0.4766283239019534
51.677000,-0.41216917630251143,0.2723485949591847,-0.32325189711808466,0.32899386830524346,-0.20341050987108117,0.33516167991546375,-0.10225377326948004,0.39971642133045227,0.017587611313409357,0.4058842847045382,0.11874437580070774,0.47043898242285287,0.23858575771913704,0.47660689756709484,-0.11077660871457329,0.4725991330962487
51.727000,-0.41257054110438673,0.272307265621679,-0.3234225321730303,0.32881299779233886,-0.20359543002822555,0.3352523759860495,-0.10227475374532374,0.39954950311734094,0.017552344073266557,0.40598896181486244,0.1188730635555798,0.4702860208716224,0.2387001570475844,0.4767255600788531,-0.10779327801876165,0.46804839371651485
51.777000,-0.4129327445444583,0.2721975863820468,-0.3236056128146458,0.3283910918796016,-0.20380002962452218,0.33521913965730393,-0.10226220533028174,0.3991727966096944,0.01754337168577791,0.40600095271725256,0.11908125380984103,0.46995451785440473,0.23888682465137956,0.47678278229811494,-0.10490488851286611,0.4630447791203023
51.827000,-0.4136827627996084,0.27196788523267584,-0.3238714827725321,0.32783285871122436,-0.20409611219638085,0.3351718370694935,-0.10226511230499119,0.39865764226340805,0.017510249920949295,0.40599675689953707,0.1193413220467835,0.46948244622951957,0.2391166759219805,0.47682169714966216,-0.10210272307175922,0.45777716112471944
51.877000,-0.4142241850855278,0.2718253883437754,-0.3242807415539294,0.3271003892083914,-0.20454481899742544,0.3350570747241445,-0.10237344627751838,0.3979936348178279,0.017362465440169117,0.4059504834394786,0.11953392389456391,0.46888690435136304,0.23926982477281605,0.47684391608486343,-0.09948561319892324,0.45225023529553443
51.927000,-0.41511828128849426,0.27224124654614834,-0.32460066587558895,0.32657160138919383,-0.20491127166190296,0.33519997930730755,-0.10229125376993536,0.39740232594988123,0.017398126760960753,0.4060308936680651,0.12001824329235466,0.46823307757726346,0.23970761013975184,0.47686183510116253,-0.09697993766019852,0.4463408954221524
51.977000,-0.41564657023413637,0.27247793688726585,-0.32481433258307335,0.32619618807236456,-0.2051755800440905,0.3355004285222976,-0.10202192877944088,0.3968137568471906,0.017616807023446535,0.40611821249602115,0.12077056857414442,0.4674313552750929,0.24040928764019937,0.47673602612729155,-0.09477433913324607,0.4402694292427051
52.027000,-0.4165413163502,0.2726098293089623,-0.32504813427101237,0.3255531698202417,-0.2054813060189166,0.3357401017296243,-0.10177312349067547,0.3961107309849448,0.017793684298043677,0.4062979030757694,0.12150198809545243,0.4666683240073706,0.2410687754199876,0.4768557362834046,-0.09265079375665375,0.4339288454683244
52.077000,-0.41720522401431387,0.2729364865440191,-0.32532640226024323,0.3248136944421124,-0.20584151007173684,0.3359204733946416,-0.10152809030465781,0.3952391926702331,0.01795677737216167,0.40634623531227987,0.12227032804685573,0.46566472438303474,0.24175517121102547,0.47677203071864627,-0.09037005674599619,0.42664927717810586
52.127000,-0.418273273443019,0.2732573803024658,-0.3255947275630434,0.3240698048529483,-0.20620626084571772,0.3361691440780625,-0.10126373108235542,0.39436764442090017,0.018124706678187552,0.4064672693694458,0.1230673757217095,0.4646655185639996,0.2424557845244118,0.47676542923959647,-0.08844742245351123,0.42019179469904866
52.177000,-0.4189798239976171,0.2731328815980935,-0.3259052416170267,0.3231849774861255,-0.2066404191580067,0.3364477872867778,-0.10102533075118131,0.393416665639874,0.01823945753997075,0.406679782688913,0.12385469270659988,0.46364838896192145,0.243119446828704,0.4769118132627521,-0.08648809284529707,0.41216451039592233
52.227000,-0.420072308587987,0.2736643303474582,-0.32622120943160005,0.32222762418308826,-0.20710140122640158,0.3367352529225779,-0.1007620519470383,0.3923404936099416,0.018357716345350217,0.4068484500633441,0.12469721859860111,0.462453398202777,0.2438169469768547,0.47696168237345926,-0.08497824435469109,0.4053878322090544
52.277000,-0.42100992429036416,0.2743814973281272,-0.3264522380095296,0.3214395664720296,-0.20748682247639552,0.337163112732671,-0.10038620380562646,0.39128757559603183,0.018579165948642895,0.4070114682187824,0.12567994219808865,0.4611356192668592,0.2446452661721662,0.4768598582539949,-0.08377228147852472,0.3986232766077788
52.327000,-0.4226844254908523,0.27560070596257924,-0.3271349724315537,0.32108103325192716,-0.2083453776528458,0.33808197943735585,-0.10043483142369902,0.3905730645004999,0.01835471128580074,0.4075743745017153,0.12626541827640847,0.4600651290720804,0.2450549089151679,0.4770668028918449,-0.08331194297757738,0.39550741558936153
52.377000,-0.42365340683965047,0.27620543765309136,-0.3277743182895105,0.3205259438569642,-0.20918280598769365,0.33885769777917907,-0.10048078378007064,0.3896894827665862,0.01811066987651555,0.40802161607164456,0.12681285469585213,0.4588530533180505,0.24540424970549157,0.4771855660090162,-0.08198570230788416,0.3860836271993238
52.427000,-0.4249995247523536,0.27761907601634156,-0.3281308399966054,0.3200960459780917,-0.2097674572911283,0.3398472391924844,-0.10025265913352355,0.38890342109778564,0.01811065789973959,0.40865500786338016,0.12762561916301063,0.45771082564405957,0.2459888705222283,0.4774628059637719,-0.08080964210791597,0.3760631461387056
52.477000,-0.42581754972763897,0.2784090206827711,-0.3286060026124212,0.319552412227257,-0.21050181116813924,0.3407985874839816,-0.10021757297811668,0.3880996107976117,0.01788654547086932,0.4093461918198601,0.12817094616537605,0.4566468362459532,0.24627499161673017,0.4778938230387111,-0.08053825542210513,0.3695481484553149
52.527000,-0.4269675420659989,0.2796780541945191,-0.32891128886254895,0.3189595143605258,-0.21110966197887066,0.3418238250541381,-0.10006277152969523,0.38730555898636304,0.01773877454094569,0.4101702860414165,0.12878582573409736,0.4556516275038057,0.2465872909888034,0.47851677092735945,-0.08044468900468493,0.36302771902343933
52.577000,-0.427694264896583,0.28059340385172477,-0.32918566826654594,0.318392143127296,-0.21169705597134075,0.3428139772297762,-0.09989192853126833,0.3863985327292365,0.017596595408532423,0.4108207918882286,0.12940188052273283,0.4544049429125261,0.2468903161040883,0.4788276271349409,-0.08040444973603217,0.3567974164734545
52.627000,-0.4287430559045889,0.2822691071740363,-0.3294268629528004,0.31792262494324824,-0.21228566964516762,0.34395992185276325,-0.09972136713213708,0.38554450793448747,0.017419730148581503,0.41158223686309503,0.12998418601862938,0.4531664078240926,0.24712518726933075,0.4792045687782321,-0.08032530081909373,0.3471519310028479
52.677000,-0.4292922661879531,0.28341544098404403,-0.3295597445636079,0.3175167537173054,-0.21278449024641335,0.3451489809001598,-0.09949751371773136,0.38472246885339817,0.017277637174432814,0.4123551331122536,0.13056476181600407,0.4519281970603529,0.24733980928027277,0.47956129840001627,-0.08037994325510855,0.3393841881894523
52.727000,-0.430181472639508,0.2858229342781114,-0.3296502784855841,0.31747210926686104,-0.2132637582192258,0.3466984313118626,-0.09925027922265767,0.3841273854390893,0.01713613046889606,0.41335414781707747,0.13114975106950505,0.45078267059716237,0.24753605018333297,0.48000987331271733,-0.08054710583874586,0.33170260847320837
52.777000,-0.4307376090537312,0.287437652185959,-0.3297756462015431,0.3175608545653296,-0.21377733524867967,0.34829181380975094,-0.09906689597499585,0.38352695424699523,0.016931297928545086,0.41425835530708344,0.13164187140544265,0.44949305883350876,0.24763994825625074,0.4802249017153403,-0.08080535576598746,0.32434939839956367
52.827000,-0.43143538077864413,0.2898686258728172,-0.3298187546687258,0.3176466449437333,-0.2142555314368052,0.3499752922437541,-0.09889051539839955,0.38300426550145505,0.016672584368524535,0.41533335414094175,0.13203772654489415,0.4483618868153671,0.24760070284303942,0.48069141680134386,-0.08104474068827344,0.31742209278428246
52.877000,-0.43186013397721934,0.29150284895930156,-0.3298392837021186,0.31773194107956687,-0.21471203439412428,0.35158037482138704,-0.09873610974320585,0.3823957103114396,0.016391010441795806,0.41624458323075064,0.13236705264400833,0.44705947630391574,0.2474940437019259,0.4809087884084418,-0.081436256571698,0.31094185811764313
52.927000,-0.4323638123369685,0.2939992525486199,-0.32982180032699815,0.31781629798752553,-0.21516103052820107,0.35321273663814023,-0.09860865819556669,0.3817704764582812,0.016051977291032082,0.41716735018759243,0.13260445798551312,0.44572464774815446,0.24726495915569213,0.48112195656397944,-0.08183692130784159,0.30479004897764184
52.977000,-0.43264652391776887,0.2957578008024032,-0.3297486094857198,0.31805424837334717,-0.21553620040977414,0.35487171176107823,-0.09844739204828784,0.38114357797626774,0.015764878576555064,0.41796147085398827,0.1328537857324638,0.44423289675697764,0.24706591790234927,0.48105121913111343,-0.08227877279010243,0.29895705327838284
53.027000,-0.4328218466545209,0.29804188466773934,-0.3295491689890453,0.3180622730712409,-0.2158625575722126,0.35647261522675466,-0.09831242926141132,0.3805966143575925,0.01537403965025963,0.41900737829611884,0.13292425746584674,0.443130941288731,0.24661058386908025,0.48154212701480564,-0.08253698294572454,0.29527807251408805
53.077000,-0.4328743449813641,0.299571390399761,-0.32930098229010274,0.3181444631275881,-0.21613709773400339,0.35806858155417653,-0.0981760840194264,0.3800958202235264,0.014987654937759165,0.4200203513440842,0.13294874898464737,0.44204715981077564,0.24611234234029988,0.4819721036279304,-0.0827401724895292,0.29203381599849726
53.127000,-0.4328602372219956,0.3018847711227216,-0.3290016298516809,0.3182464569976594,-0.2163973083789762,0.35972255596620295,-0.09807041381388348,0.3796911819218596,0.014533759704282168,0.4211676825730415,0.13286072550273248,0.44113588642085444,0.24546475106420923,0.4826127887560936,-0.08288183778656716,0.2873768529875891
53.177000,-0.4328086956160805,0.30344829486908276,-0.3286745784032353,0.3184073240045806,-0.2166025073166185,0.36130080698678757,-0.09794948484258609,0.37923011979471477,0.01412243715343292,0.4221239923187338,0.13277552194731207,0.4400528927000804,0.2448472948510348,0.48294715476629363,-0.08305335489203608,0.28159687278863593
53.227000,-0.4327050379542375,0.30576107634889066,-0.3283478000778335,0.3185793658171987,-0.21682311104556082,0.36287658622943,-0.09788226719172921,0.37878493822871306,0.013642272643851538,0.4230825342634517,0.13258317007878107,0.43899048565161514,0.24410756071636242,0.4832884573084656,-0.08298168522567462,0.2780455996668282
53.277000,-0.43259443234057304,0.3072516746744047,-0.3280248239099449,0.3187473555630013,-0.21701601145737415,0.36432194890038483,-0.09782814580122146,0.3782594049210756,0.013180518536510033,0.4238343590291248,0.132368429489028,0.4377714276869328,0.2433769457109794,0.4833467425646018,-0.08286488783344731,0.2748393263031091
53.327000,-0.43234296746433387,0.3091001623266508,-0.32764913624291214,0.3188823332378072,-0.2171895050546605,0.3657723095374795,-0.09779851750490698,0.3778467491032499,0.01266096758263785,0.42473706957371427,0.13205199275447932,0.4368111371298257,0.24251133174093187,0.48370180176900807,-0.08337365256472257,0.2702334047227746
53.377000,-0.432206551085328,0.3101539911618981,-0.32733384666638865,0.3187492206642457,-0.21741593091410097,0.36689537104103054,-0.09786349300592562,0.3772498188082447,0.012054279616659502,0.4253962959495754,0.13160674830669972,0.43575038830327967,0.24152437780006197,0.483897192205417,-0.08221991428316139,0.26993168048662747
53.427000,-0.4317995892664451,0.31185264155801756,-0.3269597010984016,0.31866938714849374,-0.2175945319039626,0.368058249930665,-0.09791183937032188,0.3767790932050512,0.011453190821800685,0.42616826378849515,0.13113590789955887,0.43488877021895145,0.2405007990909167,0.48427824859792323,-0.0817080829120524,0.26815807754860455
53.477000,-0.4314708518870228,0.3129452805990167,-0.3264825464693407,0.3186836146368729,-0.2176231129529128,0.3691774136071041,-0.09783697486652476,0.37633849747951453,0.011022324901490077,0.426832584796558,0.13080848195594647,0.4339933513759142,0.23966764797764756,0.4844877270332429,-0.08085112674539635,0.26823002514419425
53.527000,-0.43082722028188064,0.3144260371351236,-0.32596603839946076,0.31873443095425474,-0.21762509178372014,0.37033132317069023,-0.09776202264569889,0.3760623489756121,0.010578796594827133,0.4276595086482228,0.13044187988056177,0.43339023854936143,0.23878257174810347,0.4849876656717638,-0.07993304306869692,0.2675277824014824
53.577000,-0.4303183797629238,0.31534311115619995,-0.32530311399688566,0.31876646953180043,-0.21743838048160002,0.3713516315423239,-0.09751951056011454,0.3757635060578626,0.010345102902729664,0.4283489143239186,0.13026398289631252,0.4327605150619369,0.23812847630939377,0.48534616957660376,-0.07864948240966924,0.2675301647463746
53.627000,-0.4295695673267677,0.316597158716372,-0.32463306238885375,0.31880062077868526,-0.21723437124886116,0.37233118346408156,-0.09727718475210223,0.37553639917856874,0.010121394833111474,0.42906718567640734,0.13007858800913358,0.43227215140557035,0.2374770560427381,0.4858031617083237,-0.07727139018508422,0.26908343001418566
53.677000,-0.4292008766526026,0.3173400898681129,-0.3240031564597994,0.31883662419452025,-0.21701755792287314,0.3731880888085962,-0.09703604383644732,0.375294336070076,0.009949452453972218,0.42964600194603764,0.1299309705024882,0.43175202349656944,0.23691636454993287,0.4861038906265268,-0.0758174183276939,0.27005206085835054
53.727000,-0.42867461972215076,0.3180498772818029,-0.3236307609052232,0.3187387262349973,-0.2170784691636081,0.3739348232245561,-0.09708466786821518,0.3751545156150762,0.009467531896220072,0.43035079015993016,0.1294613352238897,0.43157028259789276,0.23601344301456006,0.4867667346907254,-0.07457115728793773,0.2724543717698686
53.777000,-0.4282462256656167,0.3183690530893065,-0.3231240575061728,0.3186379577834841,-0.2169542706408228,0.3745662721309761,-0.09695514683967532,0.3750248355735073,0.009214558943760665,0.430953303840073,0.12921368340957534,0.43141169331610774,0.23538330811447433,0.4873403154947957,-0.07318581895480614,0.2751649265207711
53.827000,-0.4276290712472855,0.31902435911532623,-0.3225812337731626,0.31852826429376274,-0.21675600322882466,0.37510582680015603,-0.09675615056784076,0.3749177860940497,0.009069010809853839,0.4314954779726695,0.1290688632408702,0.4313072905680697,0.2348939554553574,0.48788511181210803,-0.07283687113184556,0.2732746556018427
53.877000,-0.42731355581770664,0.3192470848993511,-0.32211677663293875,0.3184816739145715,-0.21656440443353034,0.3755666694911912,-0.0965667056137911,0.37482351813908416,0.008985609762288405,0.43190861878411885,0.12898330784224027,0.4311653479870955,0.23453556639852008,0.48825055369376974,-0.07039358825124181,0.2816559787669587
53.927000,-0.4269803570474945,0.3195569848856499,-0.3217943565663923,0.31836030407263244,-0.2164689774618762,0.37586303890032247,-0.09647471277768566,0.3746898213938275,0.008850622660989627,0.4321926362023586,0.12884488645427017,0.4310193275789749,0.23417017823074127,0.48852222236154075,-0.06902037855912263,0.28497779119260036
53.977000,-0.42681518509180816,0.31964966495241204,-0.3215701398144007,0.31831363510872884,-0.21640582775378922,0.37611041232313375,-0.09641514512361737,0.37461506288807667,0.008749136571466809,0.43241189535413976,0.12873981841602333,0.43091648288062034,0.23390406974922162,0.48871337059164693,-0.06887482054641086,0.2842085655510244
54.027000,-0.42669320641541736,0.3197361252082363,-0.32139695419389946,0.3182000715698908,-0.21633828341658434,0.3761886540006687,-0.09635021660471849,0.37449637133502445,0.008708437235242839,0.4324849844514165,0.12869650355285966,0.43079266674236194,0.23375514045915624,0.48878131053766316,-0.0670102465619335,0.29345317959996503
54.077000,-0.42668533098759504,0.31975272181678044,-0.3213524053022886,0.3181848020421474,-0.2163330448700243,0.3762445465600962,-0.09634630454312654,0.3744606898386496,0.008673052888032329,0.4325204397850436,0.12865979312275921,0.4307365768639686,0.23367914755636465,0.4887963322323826,-0.0662238378561939,0.29802085798255556
54.127000,-0.4267437918209098,0.31970863587175363,-0.3213668268925257,0.3181911296404431,-0.21632140745289974,0.3762037132294533,-0.09633449965800533,0.3744311566921453,0.00871093050570032,0.43244372086268407,0.12869783862830453,0.4306711865086715,0.23374327951934937,0.4886837312548286,-0.06564599239831237,0.3029988032322954
54.177000,-0.4268150399314578,0.31959247144898206,-0.3214491713597666,0.31822470196235797,-0.21631502411986597,0.37607633184158373,-0.0963261716056314,0.37444070640443483,0.008808000267064853,0.43229229151829685,0.12879685347777448,0.4306567171750815,0.23393104998635195,0.48850825751792726,-0.06528334668844765,0.3080754622045293
54.227000,-0.4270667086795133,0.3194417835709945,-0.3216300289749092,0.31832273338438916,-0.2163351612498169,0.3758813194576701,-0.09634319188986229,0.3744930510695023,0.008951714295084845,0.43205156678614653,0.12894368458273164,0.43066337858334935,0.23423862923118866,0.48822182393655844,-0.0651728747239868,0.31375580896839533
54.277000,-0.4272072903194712,0.3192349327294117,-0.3217935505652726,0.3184469531985501,-0.2162926795677466,0.3756270740340565,-0.09629702334463114,0.37460605122146384,0.009203899231692958,0.43178607689078485,0.12919955637585645,0.43076516233005363,0.23470053053484263,0.48794509282585485,-0.06543738255984494,0.3200905653583942
54.327000,-0.4274630966234872,0.3188438268381099,-0.32198663142951783,0.3185855105847739,-0.21621357527156207,0.37526055439601197,-0.09621474276844266,0.37473121718001734,0.009558377799233242,0.43140614078275125,0.12955721090390815,0.4308769399547338,0.23533039588519256,0.4875517433413781,-0.06586198653922787,0.3267018141151703
54.377000,-0.4276595313742575,0.3185308614831344,-0.32221513159176085,0.3187534416328811,-0.21612817862540804,0.37483871965050974,-0.09612819821999946,0.37490729589655164,0.009958831102077126,0.43099242948484506,0.12995881141400556,0.43106116911482206,0.23604591709563105,0.48714615826606944,-0.06657438853528597,0.33354041965024067
54.427000,-0.4283076523123645,0.3182512042122073,-0.3226341874071198,0.3190277873866083,-0.21614590081248744,0.37434726694023335,-0.0961481716939176,0.3750855116541499,0.01034020259787266,0.43040482239313205,0.13033793054588855,0.43114325734985964,0.23682639253820442,0.48646239926706203,-0.06783017775686667,0.3407619134562064
54.477000,-0.42874235930473853,0.31812741596972605,-0.3231858725725638,0.3194703162855175,-0.2162417482589036,0.37390334187462476,-0.09625058615232529,0.3753597128139191,0.01069363605390522,0.42979254607385886,0.13068479554095652,0.43124913282136035,0.23762911564343542,0.4856817737440503,-0.06910659128672247,0.3473258471591123
54.527000,-0.42944179709598307,0.31791715511284907,-0.32376076129708475,0.3200070976165024,-0.21628737594251063,0.3733875382331479,-0.09630861470185598,0.37564515891829,0.01116487786873388,0.42902538367127674,0.1311436345743504,0.4312832453531522,0.2386172343644778,0.484663254234301,-0.07098359353000788,0.35495412337538057
54.577000,-0.42993441518199527,0.3177629916473737,-0.32437801620612644,0.3206011871301388,-0.2163540074029112,0.37285837345013567,-0.09639519142184555,0.37600201280935613,0.011628932697504424,0.42825896075168496,0.13158774174076104,0.4314028648411076,0.23961198117955906,0.48365957439757734,-0.07277343379355306,0.36162270982504446
54.627000,-0.4307004763142877,0.3175117653221292,-0.3250326354456703,0.3212556065892821,-0.2163985391491951,0.3722323966201203,-0.09646923909827015,0.3763510115930453,0.012164979538069498,0.4273275409106826,0.13209426970374138,0.43144644372066715,0.24072861068302454,0.48242271231691536,-0.07480022786238666,0.3683531267962699
54.677000,-0.43122178044482273,0.31733160828283175,-0.32571443930582705,0.3219638603505455,-0.2164636240881112,0.37160516748749045,-0.09657516224324703,0.3767778569690404,0.01267578105347067,0.4264188822281686,0.13256422955117825,0.4315918810501798,0.24181530092971754,0.4812326244233536,-0.07746739576511502,0.3761230469296047
54.727000,-0.432006425801455,0.3170435630848191,-0.32641621095099216,0.3227282094927515,-0.216500055047557,0.370878377419891,-0.09666600940050668,0.3771872207259702,0.013250279078819094,0.425337086010617,0.1330843073537924,0.43164625928394507,0.24300072841156106,0.4797958219180059,-0.07990718956538162,0.38276966715840505
54.777000,-0.4325949825281606,0.31690071197809694,-0.32716505584461786,0.32355961806135053,-0.2165925718088142,0.3701828501490878,-0.09682840293556322,0.37770241489976597,0.013744216902251416,0.42432532491573627,0.133508363871298,0.431845238526734,0.24408111951303074,0.47846782646379354,-0.08246982819259802,0.38922773741456246
54.827000,-0.43332161570434663,0.31675701995955785,-0.3278327505895169,0.3244340495653028,-0.21658989237437182,0.36943434396195707,-0.0969097334440352,0.3781898883767889,0.014333262439856942,0.4231898424482851,0.13401339458296035,0.43194575301201554,0.24525652813649113,0.4769453667531547,-0.0841696260777004,0.3933165362355927
54.877000,-0.43384053334956685,0.31667580470267004,-0.3286198930469929,0.32550717497138765,-0.21669800978537387,0.36879102931885205,-0.09711563253964461,0.3787937815531165,0.014806388926318359,0.42207727853490545,0.13438873423163522,0.4320804126077825,0.24631089390258842,0.47536355221883253,-0.08858717964969687,0.4032243185483005
54.927000,-0.4345865043960149,0.3167590281569361,-0.32934401828214255,0.32662299055767213,-0.21675854738208614,0.3681502315232425,-0.09729620115482573,0.37949694179001825,0.015289407393303533,0.4210238095727852,0.1347517160078987,0.4323709158325855,0.24733746220455266,0.4738974104275145,-0.09216675159970561,0.4108086065793204
54.977000,-0.435075709076784,0.316944314070966,-0.33008719152550625,0.32803729184439645,-0.216768809958383,0.3675207617907911,-0.09744737655601693,0.3802642122970203,0.01587114042090304,0.4197472936123322,0.13519253011679205,0.4324911533511139,0.24851118250316645,0.4719738460320349,-0.09583756990644748,0.4185709081265226
55.027000,-0.43573040338205593,0.31719475951084297,-0.33080645212372317,0.32951084574370776,-0.21676274637311616,0.3668475994680067,-0.09760239501129037,0.3810183673839033,0.016441442566210274,0.41835471844552524,0.13560174389196122,0.4325259071026625,0.2496457132955079,0.4698618554993886,-0.098857647508656,0.4245782382660727
55.077000,-0.43611319684394795,0.31737139259154423,-0.33148176367753956,0.3309994466158266,-0.21676906893690148,0.36622724338685936,-0.09779105382129566,0.3818551645266228,0.01692176829000991,0.41708254653635995,0.13589972689805557,0.4327108978717428,0.2506126763788194,0.467937865118779,-0.10256574833566973,0.432022232197509
55.127000,-0.43659068672797013,0.3178143714733872,-0.3320945299921253,0.33250536417284826,-0.21672394833859188,0.36551489141108134,-0.09795156332704097,0.38263565533726807,0.017419140021693535,0.41564475723938854,0.1361914619119718,0.4327659590529419,0.2515622869542254,0.4657746356188988,-0.10546112955251197,0.4375408906886847
55.177000,-0.43675163171587933,0.31796234999916817,-0.33260889194960996,0.3342708883097535,-0.21664261647850905,0.36512251635985493,-0.0981015804696253,0.3837778850756376,0.017864810451042934,0.4146290791662368,0.1364057766485044,0.4332848914764418,0.25237228301613557,0.4641356516107918,-0.10901978138287838,0.4448236737086422
55.227000,-0.4368961208512494,0.3180658009619748,-0.33299572782124776,0.3358033146295479,-0.21646978789560745,0.36446871754745624,-0.09819789714164934,0.38476058432909466,0.018328151223472755,0.41342554643284046,0.13659996521456197,0.43371786062460194,0.2531261220155958,0.4623823819215091,-0.11248701565933217,0.45181761752873445
55.277000,-0.4369707365034241,0.3183034188882721,-0.33336929712024843,0.33743856108576475,-0.21633876634465787,0.36396882430314625,-0.09836031745811935,0.38590248788966147,0.018670314359823803,0.4124323053841903,0.13664867970966754,0.43436641829943745,0.2536794125667895,0.4608957900772415,-0.11503651025535266,0.45677586640438855
55.327000,-0.43700329289434386,0.31865840151909675,-0.33370237954694215,0.3391567647443225,-0.21618235282078113,0.36342697937630275,-0.09851628117535938,0.3869789555892337,0.01900383823566243,0.41124872142286206,0.13666981993729044,0.43480114699205047,0.25419003203029766,0.45907046403259816,-0.1174135934908977,0.46146806316680966
55.377000,-0.4369736557811401,0.31889295864838213,-0.3339938783983012,0.3408764880200345,-0.21604464274914728,0.362966707796677,-0.09871514508190249,0.3881418736779976,0.019234174832793716,0.4102316435197282,0.13656357646413897,0.4354072569746266,0.2545129806416865,0.45749657688632783,-0.11902334374015922,0.4652234990770597
55.427000,-0.43685503863675534,0.3192448262498306,-0.3342397243446915,0.3425914548039289,-0.21589082613915384,0.3624292544181823,-0.09892089714649055,0.38922544279360816,0.01942807633183652,0.4090627933381299,0.13639790364567916,0.4358594255550671,0.2547469523942407,0.4556963270346498,-0.12240816527064097,0.4719007864764266
55.477000,-0.4367496799719938,0.3196154618605031,-0.334496330664443,0.3444443271915017,-0.2158015747702196,0.3620952456335437,-0.09920516222584591,0.3904726412282065,0.019489660043181256,0.40812311332276385,0.13608596587446603,0.436500947374204,0.2547808545158056,0.45415097312649416,-0.12418442800337742,0.4757676269908541
55.527000,-0.43639713467792435,0.3199874064504176,-0.3346094004731912,0.34609665310922855,-0.2156218694443423,0.3616519563702096,-0.09945386957307417,0.391735104574826,0.019533719167997343,0.40728996637003323,0.13570160742806658,0.4373735455651341,0.25468925387889874,0.45292796590065615,-0.1257897227365425,0.47956358164019963
55.577000,-0.43616251766028113,0.3202817810898437,-0.33468209199646387,0.3479442077048899,-0.21544193859874008,0.3614270048065812,-0.09969869541400728,0.3931050990844692,0.01954150715468994,0.40658746131718404,0.13528463481396963,0.43826597769100806,0.25452488655137845,0.45174790506054585,-0.12790144165595568,0.4848983060902382
55.627000,-0.4356605066562578,0.32071210291774693,-0.3347057677406194,0.34967597964190295,-0.21524586746971708,0.3610484124188039,-0.0999405454437644,0.39428517989837164,0.019519395395513894,0.4056571865232025,0.1348245988597706,0.43889436531542037,0.25428458026537104,0.45026594579363893,-0.1296889121300605,0.4897939038410478
55.677000,-0.4352439892162141,0.32099109416561794,-0.3346308782387727,0.3513616437939956,-0.21499824516612934,0.3607442396025061,-0.1001411105477919,0.39549821242957894,0.019491555137343575,0.4048803924037778,0.13434856895802444,0.4396347644481075,0.2539812672537772,0.4490165285933524,-0.13109069571162413,0.49431046563191283
55.727000,-0.4345363566216459,0.32139957869287994,-0.3344663860551065,0.352996444342323,-0.21469343547988945,0.3603748120823092,-0.10029144500868781,0.3965989004245579,0.019481530417471804,0.4039768647484361,0.13388339888422995,0.4402013383997465,0.2536563991596369,0.4475788993128972,-0.13141707620498466,0.49672069918655115
55.777000,-0.4340390099836993,0.32166391408406436,-0.33426380325645655,0.3545801881783809,-0.21439042327778415,0.36009133801201576,-0.1004482934342687,0.39773693598473325,0.019425104455196462,0.40324769622574413,0.13336711195382162,0.440893664498366,0.2532405277525566,0.4464040351522812,-0.1321272709823983,0.5004822441870809
55.827000,-0.43336322224000395,0.32181943150368336,-0.3340338792283858,0.35608736109723416,-0.21409031588538835,0.35976725405095555,-0.10061687600973612,0.3988028588530152,0.019326698798855013,0.4024823780746516,0.13280001704760308,0.44151833643478716,0.25274360332047646,0.44519748192908914,-0.13187335472096146,0.5022258415184673
55.877000,-0.4330663551856523,0.3221005511684871,-0.334108254413372,0.3575321518207842,-0.2141276443284792,0.35968928037372006,-0.10117541503248123,0.40020833634686614,0.01880520146474135,0.40236510821319527,0.1317573103058582,0.44288449996868884,0.25173793321426136,0.4450409151533245,-0.13255603759526063,0.50552315771838
55.927000,-0.4324915822652255,0.322135725626007,-0.334133169667488,0.358936585642728,-0.2141349540576681,0.35959099196939065,-0.101696653369656,0.401515072570715,0.01830156408150163,0.4021691411648215,0.1307397467773922,0.44409353821379005,0.25073796606890497,0.44474726908120504,-0.13292244186571966,0.5083174140657959
55.977000,-0.43230501525910214,0.3220262031836115,-0.3341287259637884,0.36007847417643213,-0.21413065913102156,0.35939734105646554,-0.10220455318758892,0.40267027486494167,0.017793511840545284,0.4019888238897355,0.12971950316313968,0.4452620541655946,0.24971756638583592,0.4445802853415559,-0.13226068407184394,0.5091530805184888
56.027000,-0.4317398376404459,0.32179013018147884,-0.33423296811315106,0.361061330288394,-0.21424849704274318,0.359130865586583,-0.10283544217062285,0.4037081153365577,0.01714902413370989,0.40177735443092844,0.12856196896036753,0.4463548792193424,0.2485464304979913,0.4444238221159586,-0.1330934287070923,0.5105459280470644
56.077000,-0.43135120058050536,0.321715712140994,-0.334244610149632,0.36195396383276873,-0.21428421026350405,0.35887135797039366,-0.10334724321683147,0.4046205584268754,0.016613149631319768,0.40153767869200696,0.1275500122326667,0.44728713241652446,0.2475103980423604,0.44420397881478285,-0.129808561633241,0.5084467127462338
56.127000,-0.43078038633145677,0.3217332003568719,-0.33407895111597175,0.3628442703119731,-0.2141470549076803,0.3588019604803908,-0.10366085209992776,0.4056292920933219,0.01627103562146065,0.40158673047040155,0.12675714011834266,0.44841429404109434,0.24668901935247273,0.4443714806319943,-0.1289878112140554,0.509404091057148
56.177000,-0.43049167918114933,0.32174827824731145,-0.3340331198973604,0.36369238501827905,-0.21413829725146838,0.3586692881007724,-0.10405927281146926,0.40644593907434323,0.015835540298779205,0.40142261455853223,0.12591447404501666,0.4491994744930632,0.24580927761944338,0.4441759223850218,-0.12732495970279417,0.5088033911423686
56.227000,-0.42972660272562085,0.32176347583443626,-0.33377438321781067,0.36447190113179023,-0.21392071690035072,0.3585474886267409,-0.10422061017840756,0.4071878686856615,0.015633046163572084,0.4012632543753845,0.12533307098771296,0.4499038191404514,0.24518671735416542,0.4439790030308889,-0.1283201422755968,0.5108666127143153
56.277000,-0.4292892585727487,0.3218287724589592,-0.3335223376410503,0.3651458488147942,-0.21371025399627547,0.3584328308900319,-0.10435722969414934,0.40784857810040176,0.015454844149359603,0.4011353852476467,0.12480779630480016,0.4505512921124447,0.24461986034714694,0.4438379243381294,-0.12339463231110842,0.5057970867028494
56.327000,-0.42879247849681096,0.32189959413766395,-0.3332719122273929,0.3658173209937822,-0.21349987585874944,0.3584241281064949,-0.10443834137124663,0.4084799139200063,0.015333685868904101,0.4010865731497653,0.1243951585554135,0.4511424936150471,0.2441671766672826,0.443749004968246,-0.12426208404993366,0.5085101059348245
56.377000,-0.4284619892005445,0.32187020548710243,-0.33309349874327354,0.36632000661705644,-0.2133570513680791,0.3583712226921287,-0.10454883057797076,0.4089752846276642,0.015187608827549659,0.40102638065252205,0.12399577888372965,0.45163055167537236,0.24373221031991604,0.44368152765696395,-0.119008278599536,0.503045030847484
56.427000,-0.42811742141350295,0.3218706926592424,-0.3329460703200878,0.3666489049862593,-0.21323863218687386,0.35827458383781063,-0.10462786078123226,0.40930105083412427,0.015079570811389442,0.40092663619115415,0.12369030236659306,0.45195318800977013,0.24339772741904675,0.4435786798793907,-0.11650596186169965,0.5005588513470178
56.477000,-0.4279623163194075,0.32186315816741784,-0.3328148335646318,0.3669398012366907,-0.2131305026560137,0.35824147197479955,-0.1046712343469296,0.409589179975847,0.01501309188041522,0.40089078630239283,0.12347233255787421,0.4522385526683381,0.2431566541044417,0.44354009459062677,-0.11688365059215566,0.5017890921937199
56.527000,-0.42779863417912817,0.32179861732248555,-0.33274672888200635,0.3671055576583838,-0.21307809990953439,0.35819381088234026,-0.1047107724507465,0.40973527313426755,0.014957853921192643,0.4008234914378451,0.12332516634217833,0.4523649853071487,0.24299379011412142,0.4434531686976938,-0.11146079321363367,0.4944549751134678
56.577000,-0.4277831644962653,0.32185099429187025,-0.33268469830667224,0.36715209369092605,-0.2130224013917969,0.3581557229179558,-0.10469643908911763,0.4097840667039536,0.014965857362152946,0.400787689764495,0.12329181700642167,0.45241603912833717,0.24295411299464098,0.44341965602976524,-0.10899107842274025,0.4910082518327532
56.627000,-0.42790371192141496,0.32183339922733295,-0.3327141677243078,0.36713321065567517,-0.21304936694232435,0.358170205924923,-0.10470460749540261,0.40975909135951216,0.014960195013856814,0.40079610968959717,0.12330496440451877,0.4523849742407655,0.2429697686415706,0.44342201563864403,-0.10649980124323366,0.4870809611492073
56.677000,-0.4280812549103589,0.32183466537041155,-0.33281494747649554,0.3669965754717562,-0.21313934956094793,0.35817890777814243,-0.10472365304339104,0.4096185495790971,0.014951948667543014,0.4008009333975716,0.12336766732820087,0.4522405285290517,0.24304327283496935,0.4434229638659957,-0.10658903008491061,0.48745128063100557
56.727000,-0.42848750637397814,0.32170423228839157,-0.3330010453996783,0.36670044486642656,-0.2133067307421934,0.3581405944778451,-0.10477416621843683,0.40933319587586564,0.014920154102746719,0.4007734246844249,0.12345275250057947,0.4519659542665305,0.24314707848585443,0.44340626227845803,-0.10172878966816057,0.47831262273116293
56.777000,-0.4289272014589947,0.3216427162281412,-0.33324148439448836,0.36628004921054397,-0.21351922989413605,0.3581202834447416,-0.10481165227570233,0.4089401867143482,0.014910609553764165,0.4007805284839713,0.1236182328207256,0.4516003341078452,0.2433405019796262,0.44344078341900894,-0.09953028838863393,0.4735514114574745
56.827000,-0.42970297335546076,0.3215578934669949,-0.3336827427399467,0.3658422712966721,-0.2139261135557756,0.35820356943647075,-0.1049859597966934,0.4085229782062578,0.014770678051458597,0.40088441217782905,0.1237108888858498,0.45120369738093774,0.24346753539819654,0.443565267190062,-0.09743690900427832,0.4683843791989012
56.877000,-0.4302611686192904,0.3214322020403089,-0.33409435505077134,0.3651471523857484,-0.2143001188021476,0.3581228402148741,-0.10508668930700882,0.40784634389180596,0.014707556495400842,0.40082219465529134,0.12392105362160338,0.4505455497860996,0.24371530897793298,0.4435215634900201,-0.09555329835423493,0.46270279154675154
56.927000,-0.431091151803397,0.321689461752792,-0.3345284361925268,0.36456626124903707,-0.2146943074559702,0.35825899641358655,-0.10514401138267016,0.4072358545226744,0.014690127347852688,0.4009287795692662,0.1242405010270895,0.4499054640908329,0.24407464975156068,0.4435985790248588,-0.09379028700376763,0.45692599613568746
56.977000,-0.43168856126584326,0.3218860136761065,-0.3348869783068847,0.3640923422218768,-0.21501557392826467,0.35853838800415827,-0.1050759723190604,0.40663499898069266,0.014795442045428375,0.40108126029289803,0.12473513013194315,0.44917767359845095,0.24460655448216484,0.4436241504460313,-0.09233212846958222,0.45099453567292286
57.027000,-0.4326674551043594,0.32246619735626575,-0.33525308074276206,0.36358791727455914,-0.21534322164086755,0.35893757432252216,-0.10497672892590915,0.40604635572662534,0.014933139515176552,0.40139625359341413,0.12529972683883023,0.4485048133475701,0.24520960461883728,0.44385495203872755,-0.09233083454285895,0.4488698140335864
57.077000,-0.43319385400856797,0.3226225380585045,-0.33566801377387806,0.363063991332916,-0.21572553184568946,0.35934901798782487,-0.10489275481957028,0.40535005639056465,0.015049735305914191,0.40163534771468307,0.1258826138374386,0.44763614155422693,0.24582511215977942,0.44392169755222877,-0.08994626191850397,0.43757441044787965
57.127000,-0.43403831427948764,0.3233969831568018,-0.3358887010341415,0.36230115066469737,-0.21591768572347306,0.35966382529197244,-0.10458707310629062,0.4044465752531192,0.015383948533389313,0.401809537800651,0.12671466862336245,0.4465920205818429,0.24668569659144468,0.44395527105337046,-0.08881468230422485,0.4291202617547545
57.177000,-0.4347899934958592,0.32389076635072334,-0.3361858738880201,0.3618278228315013,-0.2161962452055592,0.3602501636018057,-0.10432676156470783,0.4036692680367117,0.01566287118793408,0.40209191839696046,0.12753246685364994,0.44551073419828346,0.24752210367571714,0.44393369415176515,-0.08797348240011904,0.4224867520968253
57.227000,-0.43568222454112804,0.324323816679092,-0.3366569833052215,0.3609320754403755,-0.21665732139618807,0.3606472296982886,-0.10428925219299917,0.40275918785001774,0.015710410498711913,0.4024746720247836,0.12807859547934392,0.44458632124425995,0.24807825895283392,0.44430213533935975,-0.08742287538130855,0.4157742308448469
57.277000,-0.43651139056465904,0.3248617845070588,-0.3369293315356405,0.36023805193857567,-0.21693367312523323,0.36125881733581,-0.10401364267645735,0.40186751986080094,0.015982012762617293,0.4028886344920982,0.12890216139642569,0.443497008380181,0.24889781386312299,0.44451847224886154,-0.08707146348303407,0.41176911919638653
57.327000,-0.4379341788221916,0.3265930469320077,-0.33762309476804353,0.3598274942012164,-0.2176443119747097,0.36208396908858065,-0.10413501026178179,0.4010151702544787,0.015843765630889073,0.40327201202641305,0.12935318638943172,0.4422028660966264,0.2493319553802441,0.44446007475703425,-0.08638675446176886,0.4007787920444169
57.377000,-0.43890396154979755,0.32755349558470204,-0.33814634677166594,0.35965681532985794,-0.21819780704591646,0.3631707600215538,-0.10406281100394787,0.40022750932299933,0.015885717489752427,0.4037418373999429,0.13002083197206488,0.4407982219024844,0.24996934923238529,0.4443129333682459,-0.0864436351271039,0.39638152908762236
57.427000,-0.44035914599845627,0.3287623635591183,-0.3388813044767734,0.3591096188909838,-0.2189823148836161,0.3640322497407709,-0.10427656002548352,0.39928263700403843,0.015622413223989384,0.40420566591574436,0.13032828511044459,0.43945567236329675,0.25022724201475866,0.444379099340593,-0.08640330280229497,0.3858524057860594
57.477000,-0.441154377457206,0.32968757381539554,-0.33956874497301515,0.35848958016407007,-0.21973844236501372,0.36486912376304287,-0.10444998382182813,0.39816433848209365,0.015380296886280065,0.4045442934249154,0.13066886971928898,0.4378391123999405,0.25049912852586426,0.44421947869080985,-0.08674312468801726,0.38097769178436025
57.527000,-0.4422742599119032,0.33168394648436045,-0.34003523659386686,0.3580417971044576,-0.2202939392463017,0.36591718341377066,-0.10445696234302454,0.3972507880884455,0.015284307201182845,0.40512659712246624,0.13112139471735285,0.4364597928702732,0.25086263645639395,0.44433602463371313,-0.087533993885613,0.37146240484740534
57.577000,-0.44296687436313187,0.3329590724350509,-0.34043939180166793,0.35780861588189833,-0.22080241120296157,0.36713561285077356,-0.10439856626482014,0.3962928569521571,0.01523838061210575,0.4056202864587416,0.1316423309611205,0.43477710972731176,0.25127924411431996,0.4441049717763846,-0.08831836439836022,0.3652164479787162
57.627000,-0.4439911174434834,0.3355098303778715,-0.3407825367143994,0.35784849465878965,-0.2212717609938279,0.3686732110836876,-0.10432342721987975,0.3955634923520641,0.015187308593911486,0.4063886493605515,0.1321357414973246,0.4332784995020274,0.2516464374023372,0.44410409709808757,-0.08953331637619699,0.3572185884726971
57.677000,-0.44447128386789625,0.33651240523628323,-0.34120564947372806,0.35769056766735996,-0.22184396902112902,0.3700513621212431,-0.10441091482284687,0.39473896592685676,0.014950719374862642,0.40710020703168454,0.13238386595215967,0.4317873714082333,0.2517454538927988,0.4441490591687534,-0.09040491864639055,0.35114945258554303
57.727000,-0.44529705290903593,0.33922944223571083,-0.3414202765825629,0.3574971367992225,-0.22224812819012138,0.371568350209038,-0.10438238815517403,0.39409982419479916,0.014789707007483388,0.4081714884118525,0.1326555322746486,0.43070251652971203,0.2518275742051714,0.4447746315592658,-0.0915742369548937,0.34380715557898944
57.777000,-0.44572631984668365,0.3407823583034872,-0.3416711121932067,0.3577222840539791,-0.22267858012917152,0.3732392848221638,-0.10438451353474093,0.39340147241534706,0.01460795943197446,0.408918926366167,0.13290210281394987,0.429080663432078,0.25189451668077123,0.44459857057181246,-0.09277023898992975,0.3363600497664904
57.827000,-0.44613687900561383,0.34289766699813806,-0.34176736711548233,0.3575315004395787,-0.22300428379183948,0.3747166696113064,-0.10434873872594491,0.3926292803957551,0.014414278969532568,0.4098149031037963,0.13306989244088308,0.4277270607554351,0.2518328445055743,0.44491313700568047,-0.0938622197220344,0.3314200247253866
57.877000,-0.446404882965183,0.34431129282540507,-0.3418318700191021,0.3573211154931061,-0.22331044552123094,0.3761006771140657,-0.10433756662112192,0.3917676514909124,0.014183786239679197,0.41054766522161606,0.13315672490333397,0.426214185755515,0.2516780061245363,0.4449946516007644,-0.0950594844962816,0.32484460023443873
57.927000,-0.44650620898344906,0.3464579601840099,-0.34180129403856807,0.3571575284543502,-0.22355870418001983,0.3776194429186195,-0.10431374520658732,0.3910596720618922,0.013928767010209342,0.4115220351869229,0.1331737769815926,0.42496181185634796,0.2514162115541726,0.44542462364625096,-0.0960595056976618,0.3206055397089503
57.977000,-0.44651224600945066,0.34846218405020835,-0.3416246361809962,0.3571376723646391,-0.2236533368352016,0.3791097576212924,-0.10417224379393569,0.390257331599999,0.013798972927073605,0.4122298604764246,0.13328010788780076,0.4233769851479659,0.25125124198154447,0.445349957648215,-0.09724811673398359,0.31454863913144326
58.027000,-0.4466473164931669,0.3520581324919388,-0.3415377203114915,0.35790860725015416,-0.22382838674398736,0.3812434051085302,-0.1041419163126624,0.389912245612621,0.013567330679989498,0.4132474801822602,0.13325383327315898,0.42191587663195407,0.2509629936888017,0.44525154791524313,-0.09830602979326081,0.3088695584987671
58.077000,-0.4464644855383696,0.3537312439601155,-0.3413674300114383,0.35845889609965764,-0.2239298712566405,0.38312506308426936,-0.10409503455716324,0.38941886266867576,0.01334243424220416,0.4140854579342768,0.1331772938940346,0.4203788204874094,0.25061467273607546,0.4450458440352617,-0.09922700331130457,0.3035969888888237
58.127000,-0.44612379567950083,0.3560682982187902,-0.341020218084356,0.3585664865888327,-0.22392447395564677,0.3848074222989709,-0.10399682422922985,0.38897381535501563,0.013098826291638554,0.4152151687708443,0.13302649087995289,0.4193811340122295,0.25012204779127356,0.44562290513438046,-0.10003736539756725,0.2988151614517619
58.177000,-0.4458623137306861,0.35758049356450566,-0.34066751642185533,0.3586686647405531,-0.2239107407902203,0.3863788676287307,-0.10392903991319596,0.38847444741869186,0.012827639401787494,0.41618505613337037,0.13280934756206708,0.4182802188815578,0.24956593055891663,0.44599123342270425,-0.10104661970983625,0.2947603039964614
58.227000,-0.44541622213805676,0.35977267027205595,-0.3403024085379255,0.35876629681498845,-0.2239113424384523,0.3879745102527875,-0.10391137585166088,0.38806406006506977,0.012479591871436546,0.41727266551758824,0.13247955875916245,0.41736181115464105,0.24887042810464705,0.44657080862121373,-0.10110604816890467,0.2926729095858908
58.277000,-0.4450830615605893,0.36117775852963346,-0.3399222080064915,0.35885887904359925,-0.22388634933534163,0.38944775778161334,-0.10390059125198298,0.3875990130286292,0.012135168006233321,0.41818826887719907,0.13212092008055448,0.4163391341715839,0.248156579924857,0.4469287671294553,-0.10135624574579755,0.2892951805472531
58.327000,-0.44438757865875206,0.36344030525929905,-0.3394766214518211,0.35897203809090156,-0.22381948629761583,0.3909630850592659,-0.1038763980453779,0.3872677401386785,0.011780637429698815,0.41925914747450765,0.13172371416714135,0.41556342882693,0.2473806499626322,0.44755519652750575,-0.10110355593325432,0.28796394774856165
58.377000,-0.4437201636471943,0.3647995924963552,-0.33883094474704517,0.35938390789901886,-0.22353161277156566,0.3926414490890734,-0.1036565100262567,0.3871678998016711,0.011642723080340311,0.4204257837546621,0.1315178095530667,0.4149518780963266,0.24681694379069163,0.4482101048087381,-0.10176623030654935,0.2848752190669645
58.427000,-0.44288904477328955,0.36633807268752533,-0.3381116225441209,0.3593334397908492,-0.2232087796820145,0.39393599309614663,-0.10341711482470684,0.3868679646982183,0.011485630650777678,0.4214708413883967,0.1312772756147872,0.41440247583928,0.246179923704256,0.4490056759090299,-0.10017159749221538,0.2863004960167193
58.477000,-0.4421883393560433,0.3673269434479711,-0.33747087859796393,0.35930608670867487,-0.22292832409714583,0.3950832187791743,-0.10323792950892902,0.3864687299911509,0.011304530226149023,0.4222461654582176,0.13099490199539315,0.4136313596274738,0.24553726696583272,0.44940909848475624,-0.09968184466713548,0.28463886154680607
58.527000,-0.44123503504288575,0.3687088160461126,-0.3367391961576573,0.359240207966775,-0.22257749840254476,0.39621461486763143,-0.10299530036152399,0.38620972048147695,0.011166306116883795,0.42318440920591244,0.1307484794584578,0.4131792196072222,0.24490999466184693,0.4501541901476589,-0.09863615255895597,0.28503450530227686
58.577000,-0.44061092354192755,0.3696263045854017,-0.33604739764164887,0.35922168355487955,-0.2222238403876426,0.39722428628211226,-0.1027603436364663,0.38588969568599196,0.011063126857498218,0.42389255827171657,0.13052659773110292,0.4125576949363511,0.24434998146721604,0.4505608173720335,-0.09752485831155289,0.28418908650312247
58.627000,-0.4397156665624314,0.3708704387867828,-0.33539161985226856,0.359237336721681,-0.22189760087163657,0.3982130683456526,-0.10255696441342599,0.3856507242272488,0.010936973343989742,0.4246266923655232,0.13027758362250796,0.4120640995459342,0.24377144015928098,0.45104030418941254,-0.0962723257240789,0.28379417354156855
58.677000,-0.4391880106394631,0.37156292927877654,-0.33477438928528536,0.35924970920682175,-0.2215742011216729,0.3990707764918988,-0.1023563828871909,0.385391894395399,0.010843730364620219,0.4252131746331944,0.13006152286593686,0.41153406826205535,0.2432615612088176,0.45135556144312805,-0.09477200837336663,0.2850769454928155
58.727000,-0.43854425342678827,0.3724453991639594,-0.3343427501186944,0.35922222884476934,-0.2214477113287102,0.3999003582931838,-0.10233901784111171,0.38530175784536735,0.010555953163962684,0.42598007541845995,0.1296646223248894,0.4113812764928442,0.24255952554785176,0.4520597821818674,-0.09325039976756944,0.2866316005850973
58.777000,-0.4380870558435409,0.3728019067099322,-0.3338408990981318,0.3591258220487901,-0.22121281795766534,0.4005373583045382,-0.10220496373924659,0.3851383118865094,0.010423057364908117,0.42655001142428073,0.12943088925871638,0.4111507924768133,0.24205885032924446,0.45256265528857514,-0.09164142312918033,0.28861884993656167
58.827000,-0.43753468095231485,0.3733220626557415,-0.33340741149012754,0.359008921446045,-0.22102824832260384,0.401091265547609,-0.1021077066077129,0.3850318521674694,0.010271405113720378,0.4271143336534392,0.12919192719604544,0.4110547748941044,0.2415709874740577,0.4531373937568401,-0.0900394976472082,0.2908626926765032
58.877000,-0.4372047142939788,0.3735397893258865,-0.33303236147512444,0.35885867819982054,-0.22085454373893654,0.40147483939876405,-0.10201034183826796,0.3848599166975163,0.010167433477167254,0.4274761895597384,0.12901161883934714,0.4108611485614449,0.24118935173670392,0.45347753307957145,-0.08840795583628153,0.293581406822126
58.927000,-0.4368485082823854,0.3739573595275694,-0.33274739690095534,0.35878716522257564,-0.22073515579562844,0.40183664644896044,-0.10195290583020017,0.3847844592722668,0.010059302584722318,0.42783402555708155,0.12884153960160505,0.41078174818356,0.24085371532883448,0.45383139951955764,-0.08688484259396756,0.29586509590609517
58.977000,-0.4366751852613545,0.3740660395070994,-0.3325211424744576,0.3587641726779162,-0.22062927117014183,0.4021255510689418,-0.10189336477094352,0.38475360438737705,0.009998483752065856,0.4281150415643804,0.12873438102464774,0.4107430325032156,0.24062620676909374,0.4541045284590263,-0.08523695528684705,0.2986661993712128
59.027000,-0.4365593760904879,0.3742450068594523,-0.332391667985208,0.3587135336067392,-0.22057726854893434,0.40227429665913106,-0.10187065775171711,0.3847032821202041,0.009943729302394955,0.42826407695586344,0.12865033510543766,0.4106930286772251,0.2404647097801762,0.45425385528896806,-0.0837118141683244,0.30250808179569816
59.077000,-0.43654501486014397,0.3742614401417347,-0.3323538273701092,0.358745454183825,-0.22056704800963345,0.4023770477846249,-0.10187470659571801,0.3847099006006511,0.009912070711283416,0.42834149946257605,0.12860441129399602,0.41067434669437447,0.24039118655017677,0.45430595081062497,-0.08359243025183677,0.301171134625812
59.127000,-0.43661393394669246,0.3741960908412542,-0.3323734134924188,0.358741637201075,-0.2205668484579576,0.40232250473195363,-0.10187210496750043,0.3846715028490739,0.009934468305500155,0.42825234924400263,0.12862921513321773,0.41060136980265516,0.24043579664740983,0.4541821950548178,-0.08100201355231224,0.3106536319857009
59.177000,-0.43671238811415575,0.37413732183686604,-0.3324393329741596,0.35880453664747136,-0.2205649585529072,0.4022110378638961,-0.1018509928083906,0.3846897839929653,0.010023400202054722,0.42809623729823404,0.12873737345089098,0.4105750342723442,0.24061178505314018,0.45398143965966675,-0.07990517449335155,0.3152103703844311
59.227000,-0.4369774451555034,0.37396625403334455,-0.33257075473408837,0.35891937740943286,-0.22058449640660616,0.4020364035698834,-0.10183612866062564,0.3847498437636433,0.010150158214040028,0.4278667957794763,0.12889853740599144,0.41058031460042044,0.24088485283034944,0.4536971924649733,-0.0789798810066889,0.32007768316346014
59.277000,-0.4372044304650025,0.37363041274975994,-0.3327876157571055,0.3590135332996958,-0.22066981777204217,0.40178734976383274,-0.10185843070613582,0.3849393735762839,0.01025940570956585,0.42771308930673135,0.1290708079132724,0.41086521987080715,0.24118868276176564,0.45363883486164913,-0.07826627646576578,0.3251398636634102
59.327000,-0.4376776108384755,0.3730479273544939,-0.3330593957919254,0.35904676717774214,-0.22074872008601962,0.401311553021266,-0.10186428877282117,0.3849869706006082,0.010446434877193322,0.4272516290415104,0.1293308847092388,0.4109271814856702,0.24164165630552414,0.4531917125177665,-0.0777428009014044,0.3306400730027793
59.377000,-0.4379327240842456,0.3727721267784877,-0.33339879034408415,0.359122668566909,-0.22086339018125453,0.40078540623540554,-0.10189518895860405,0.38508295109678503,0.010640267873521791,0.4267455356952819,0.1296084904553137,0.41104324238307155,0.24214400395902497,0.4527056739047463,-0.0777991172635148,0.3312659442200765
59.427000,-0.438570407947148,0.3725611614257498,-0.3337289718603193,0.3593946165066123,-0.22090535185967672,0.40027041337809366,-0.10185376872255764,0.3852131708540049,0.010969915818450249,0.42608878958350116,0.1300215227310616,0.4110317350438949,0.24284527181481197,0.45190717562396654,-0.07744085510543197,0.3428076687308994
59.477000,-0.43905266297207124,0.3725157006153515,-0.33421031703243964,0.35996105161189484,-0.22104665263094614,0.3998857940557814,-0.10190613079945637,0.3855492652672332,0.011257605253198966,0.42547380462073703,0.13039815281531858,0.4111374896624606,0.24356196052167817,0.45106182591721383,-0.07771161279299899,0.34921063837786664
59.527000,-0.43985443310676153,0.37244003653385327,-0.3347805962399959,0.36059368143302484,-0.22122953058116449,0.39940290054064737,-0.10199481954793121,0.38587205855572027,0.011556323973874294,0.42468104984498234,0.13079106215584885,0.4111504470987737,0.24434228354328041,0.4499592105604214,-0.07814151576948025,0.3554026921873448
59.577000,-0.4404150173830838,0.37228834475909695,-0.33537387753781406,0.36127018699469693,-0.22142548522899172,0.39889682503524854,-0.10209295633168036,0.386257697416131,0.01185551895863779,0.42388408415485096,0.13118807573167118,0.41124521972758726,0.24513663400580804,0.4488713551555791,-0.07889315842981481,0.36224047691813327
59.627000,-0.44129093387211593,0.37203945986364834,-0.33600155012995914,0.3619509512534164,-0.22162469774142446,0.3982543345350243,-0.1021902865693749,0.38661726325459544,0.012186652916181151,0.42292037212859446,0.1316210920084332,0.4112835874043182,0.24599811859293563,0.4475864218623601,-0.0798398333077821,0.36868158530688483
59.677000,-0.4418907359605098,0.37185960645150495,-0.3366539295747722,0.36268571465653543,-0.2218494036134674,0.3976130795557097,-0.1023144364870579,0.38705885603674717,0.012490179574258742,0.4219859247802539,0.13202517392771346,0.4114320096337518,0.2468298800906244,0.44635878221364617,-0.08127369108038796,0.37598594849660516
59.727000,-0.44280086707656613,0.37156950987222154,-0.33732404226315615,0.3634762502087499,-0.22206374014117594,0.3968688055879033,-0.10243149186868655,0.3874813046814066,0.012828902187080105,0.42087354273322597,0.13246117630527154,0.4114863712044914,0.2477216622961036,0.4448782919212929,-0.08295943070626322,0.3835101012637867
59.777000,-0.4433447004301132,0.371322376571314,-0.3379546836557733,0.3642687413715422,-0.22225909692529613,0.39612044793627915,-0.10253389419763848,0.3880040551622907,0.013161785304240614,0.41985542474970317,0.13288701167217098,0.41173938070175603,0.24858278394624156,0.4435904133051403,-0.08452354092482839,0.38985627205567985
59.827000,-0.4441563635915386,0.3713088026798612,-0.3385592162431264,0.36525461167847806,-0.22239198708419847,0.3953407358564242,-0.10258723644362222,0.3884980958348798,0.013580084879764254,0.4185838641491974,0.13338485648181098,0.4117415911426197,0.24955226996960755,0.4418270035890047,-0.08665181672781769,0.3974503851372887
59.877000,-0.4446785491431733,0.37143332763420084,-0.3391897830300223,0.36651646666267806,-0.22256063716957156,0.39475902915003663,-0.10268980413600226,0.3891927568048619,0.013939432084964454,0.41743494614111176,0.13381028292733343,0.411869057325385,0.25043960950812105,0.44011087350817657,-0.08896524786488397,0.40501769873485177
59.927000,-0.4454420221997933,0.37171229669037387,-0.3397839709934602,0.367866031541511,-0.2226954546328435,0.39413919915538537,-0.10276905841480016,0.3899368795402781,0.014319545307282522,0.41620965781761776,0.1342459554983117,0.4120077369845161,0.251334646580959,0.43828012592327803,-0.09183562522168565,0.4141534669414026
59.977000,-0.4459299558221602,0.37192909366956084,-0.3403742983798519,0.3693161418999805,-0.22284788689570986,0.3935554200175166,-0.10288177191802811,0.39070388408752227,0.014644722845454372,0.4149427584138651,0.13461084761977815,0.41209163466527127,0.252137425661379,0.4363301051993334,-0.09437874963841014,0.4219974914792851
60.027000,-0.44661545876319547,0.37226802897333133,-0.34094461434947626,0.37081870758173957,-0.22298954881071364,0.39287777632332443,-0.10299838143869916,0.3914218392708481,0.014956762065785945,0.4134804911071701,0.13494793458307153,0.41202497816439637,0.25290315605182434,0.4340832130950788,-0.09754319976989012,0.43146960318378214
60.077000,-0.4469977786124346,0.3725019153222558,-0.341472400410905,0.37236329383990047,-0.22313285274900888,0.3922567967787429,-0.10313285520596316,0.3922325136789745,0.015206764426390407,0.4121255884857957,0.13520676205650423,0.412101739532652,0.25354645365764233,0.4319943862079292,-0.1002577196627687,0.43912304790551443
60.127000,-0.4473968823649634,0.3728668551320846,-0.34188194487227075,0.3739127159952643,-0.22317974095526583,0.3915134769214943,-0.10318844949093386,0.39295915071652315,0.015513819336706758,0.41055947387000713,0.13550510546853994,0.4120055901960528,0.25420743920481687,0.42960547557914697,-0.10242804063523142,0.4448707707990893
60.177000,-0.44761716432480786,0.37341235462245365,-0.34220160114195086,0.37573564924745695,-0.22317985652071354,0.3910269640140957,-0.10321459306975822,0.39391410189421017,0.015807208783808868,0.4092049711796921,0.1357724614277216,0.4120925580750223,0.25479432051157,0.42738298188209795,-0.10499585218158025,0.4521045027788197
60.227000,-0.4477115006774726,0.3738592807806354,-0.3424238581378317,0.3775304666890837,-0.22312386599094766,0.3904731045093951,-0.10320552569667507,0.3948993513468722,0.016094515416181454,0.4078415378107238,0.1360128389634685,0.41226823834356224,0.25531292904005387,0.42520997345570954,-0.10691006662030283,0.45750678504264986
60.277000,-0.4476386595469916,0.3739524738372885,-0.34246661852762333,0.3792221906494127,-0.22294715569164025,0.38995056411913287,-0.10310002955199254,0.3960058391378204,0.016419474145885515,0.4067337573758333,0.13626657722110502,0.4127894888726935,0.2557861217786913,0.42351695188388805,-0.1087244294321763,0.4626511996497526
60.327000,-0.44748595508696415,0.3739586054487188,-0.34244810109254287,0.38070302529688166,-0.22274523794402537,0.3891424893820111,-0.10299339331438767,0.3968558354651958,0.016709502064185866,0.40529484239629643,0.13646131723531352,0.4130086458174357,0.2561642448418713,0.4214471955990058,-0.11084873661553107,0.4695176069642625
60.377000,-0.44736963349448255,0.3742181096812612,-0.34240475495500544,0.3822829286586803,-0.22256443735447604,0.38847148886314037,-0.1029278155611365,0.39780308711196344,0.0169125256464,0.4039911901541894,0.13654911184127128,0.4133232447852537,0.25638947665380185,0.41951089067036584,-0.11282812992456465,0.4758254415054524
60.427000,-0.4471936122248642,0.37459476986111423,-0.34237704087343995,0.384028430701613,-0.22243972150654379,0.38790650020629375,-0.10294127592870261,0.39886649584861733,0.016996058152742743,0.4027441102486967,0.13649446214164934,0.413704559331836,0.25643181093575446,0.4175817186323021,-0.11414539453979489,0.48006384022945164
60.477000,-0.44702120865157646,0.374669064110474,-0.34238501556154577,0.3857662764620797,-0.2223972458804719,0.3874794949376872,-0.10306316943010285,0.4001040014815632,0.016924606692658384,0.40181676874406863,0.13625863566791574,0.4144417240416994,0.256246418230623,0.4161540400942059,-0.11587653268034276,0.4860634961903649
60.527000,-0.4465779045659683,0.37487676550689825,-0.3422199935282113,0.3874326590834381,-0.22222057450292726,0.3870592510034571,-0.10308779726618073,0.40145999361832474,0.016911620372865088,0.40108614031854367,0.13604434418062394,0.41548732492760165,0.25604376043179633,0.41511302641331543,-0.11698793930997026,0.489933770227766
60.577000,-0.44624376642745933,0.375024432482945,-0.34200138077358994,0.38900177176785883,-0.22202650018313644,0.38654656764061884,-0.103103816954775,0.4025901150590292,0.016871054680721143,0.40013447338195035,0.13579367939984388,0.4161784544937172,0.25576854207894706,0.4137223752746594,-0.11840452067304513,0.49552300407521876
60.627000,-0.4456966846117547,0.37528500310255325,-0.34176059226293665,0.39059523197746815,-0.22184641240337163,0.3860576700100797,-0.10314275724760713,0.40364864078094276,0.016771406412360357,0.39911065072691,0.13547499877195823,0.41670204524032,0.2553891462311221,0.4121636271082115,-0.11898210084030403,0.4986471699835997
60.677000,-0.4452280118227337,0.375519546974854,-0.341469126301899,0.39219403872567327,-0.22164500503133658,0.38569942851892874,-0.10317968051591714,0.40482968955887166,0.016644418147259255,0.39833466226428943,0.13510967607609053,0.4174653356412382,0.2549337521308382,0.4109698912664444,-0.11978409703971482,0.5032111134449264
60.727000,-0.44448260726482136,0.3758619910908128,-0.3410900503470057,0.39383441628997556,-0.22139476484716453,0.3852881522458732,-0.10318756363067083,0.40595352377806104,0.016507693058438133,0.39740685623285316,0.13471482461312467,0.4180726262309212,0.25441005249059,0.4095255551909884,-0.1202696775232534,0.5074407527405491
60.777000,-0.44395611093046855,0.3760785699918723,-0.3406886414058446,0.39540791320540014,-0.22114390880027665,0.3849648817363655,-0.1032041018604053,0.4071053862244265,0.01634059678648231,0.39666196602677006,0.13428033173371928,0.4188028540075063,0.25382499642115136,0.4083590450869339,-0.12093182517920359,0.5131057327823876
60.827000,-0.44316859570093203,0.37648880703275706,-0.34026306937519313,0.3969301572566567,-0.22089663566228854,0.3846153489985774,-0.10323132673511293,0.40817113543904127,0.016135068593039426,0.3958559551263652,0.13380030410129728,0.41941210830430625,0.2531666610441117,0.40709655594271466,-0.12047368046903262,0.5148626940622953
60.877000,-0.4427796175145392,0.37626858637253235,-0.33996788644318215,0.39838333746344506,-0.22076643066205237,0.38456259443221913,-0.10340311022363935,0.40957960890788636,0.015798304377480255,0.39575851071100865,0.13316155027842952,0.4207758748647037,0.2523629236990717,0.4069544215073922,-0.12134607091716998,0.5183470042846974
60.927000,-0.44218160207252416,0.37611649636143596,-0.33979995040266625,0.3995129283726314,-0.22077641193690872,0.384235582721955,-0.10375285686047936,0.41079659844345123,0.015270638546874271,0.39551891733486855,0.1322941187646312,0.42208026286945843,0.2513175711133177,0.40680224630840633,-0.11878792753743739,0.5159512489569782
60.977000,-0.441858825418322,0.3760971939625304,-0.33950684558883737,0.4007310677300547,-0.22066161275003066,0.3841235203153477,-0.10397115105075633,0.4121116632911884,0.014874037758448144,0.39550380079939107,0.13156442525782375,0.42349225313372757,0.25040957003732245,0.40688407557019257,-0.11813029729204555,0.5169251648256777
61.027000,-0.44155181163340934,0.3759773755323927,-0.33951882695443114,0.4017935316696928,-0.2208696951682783,0.383838490042362,-0.10449088091072756,0.41309548209077607,0.01415820652521127,0.39514014739420655,0.13053694851713366,0.42439742690020144,0.24918599160296412,0.40644179913998474,-0.1172178880342834,0.5174812342984974
61.077000,-0.44115977650688665,0.37596768557944893,-0.3394590756260745,0.4027340112446341,-0.2209928893963451,0.38360908730256915,-0.10492348011859914,0.4140704107433255,0.013542662432662389,0.3949452162441637,0.1296120021424555,0.4254068047644601,0.24807810101554606,0.4062813397139679,-0.11624885645480798,0.5178273243568401
61.127000,-0.44075137336367154,0.37591480620446177,-0.33927695129084645,0.4036387737121778,-0.2210022347064576,0.38336338430914657,-0.1052171966289509,0.4148883736574551,0.013057477692461406,0.3946127377185785,0.12884245005874373,0.42613796841019835,0.24711708211765415,0.40586208594133116,-0.11505076973161255,0.5174246266158521
61.177000,-0.44051675872137475,0.3759155907689358,-0.33929249934035977,0.4044350367416757,-0.22118874292727747,0.38318644343769914,-0.10567955024163073,0.4157076119533631,0.012424166191927488,0.3944587964367259,0.12793329768962064,0.4269801822799319,0.2460369741443627,0.4057311445569691,-0.11373898821753625,0.5168736873394623
61.227000,-0.4395795208161702,0.3758563439818332,-0.33883200215265674,0.405239280131788,-0.22089546941805907,0.38308134157530765,-0.10563717207011525,0.416480815950705,0.012299323737166579,0.39432268084798183,0.12755756542432617,0.4277223473026656,0.24549402430521206,0.405564015660402,-0.11246578434759363,0.5169685117323797
61.277000,-0.43918093956143345,0.3757557116892983,-0.3383804229095996,0.4058065791836063,-0.22059108939617614,0.38287902133312446,-0.10555941724360596,0.4170508576816174,0.0122298830282897,0.3941231290548892,0.12726150563760052,0.4282951321789913,0.24505077266895692,0.4053672327824159,-0.11099030210377198,0.5155519494439604
61.327000,-0.43866844057042637,0.37586015928690597,-0.33811755882478445,0.4062983034691259,-0.22046369669524937,0.3826854102544204,-0.10562859963912435,0.41751213108408247,0.012025233622044718,0.39389909402999335,0.12686028810083255,0.4287259552507628,0.2445140924947244,0.4051127743636286,-0.11126639439698605,0.5166449301693231
61.377000,-0.43833231509531745,0.3759149149077948,-0.3378457110108114,0.4069541793944903,-0.22030362536909237,0.3827910235477927,-0.10563530582376696,0.4181629967572955,0.011906755764664101,0.3939997239032617,0.12657504009986426,0.42937181125620605,0.24411707763623242,0.4052084214013873,-0.10674726334753248,0.5106877999617168
61.427000,-0.4379561906392836,0.3758636192237243,-0.3375765120888674,0.4073005108794815,-0.220123829933738,0.38270645764369665,-0.1055892087979522,0.4185089793604836,0.011863454443952093,0.3939148358018576,0.12639804804817895,0.42971744559379305,0.24385069237814688,0.40512321171882804,-0.10462877519868363,0.5081014072952872
61.477000,-0.43781588495936763,0.3758447814490845,-0.3374203214991257,0.40754895048943146,-0.2200351605206386,0.3826346176345884,-0.10559945549437227,0.41875205683921024,0.011785692035994444,0.39383766062294057,0.1262213775681097,0.4299551615934259,0.2436065116517413,0.405040702022424,-0.10277688943777014,0.5059455137291486
61.527000,-0.4376625928624411,0.3758613906952801,-0.3373192382774723,0.4077310982817074,-0.21997823326568616,0.3826096227704283,-0.10560518581193923,0.4189249914539813,0.01173581168630572,0.3938034808473983,0.1261088482795525,0.4301188837354188,0.2434498382656889,0.40499733804027466,-0.10071081462679404,0.5027924513492174
61.577000,-0.43763966589806763,0.3758575762123828,-0.33726859357729905,0.40782055342011486,-0.21994484408462384,0.38261861296601896,-0.10560070384919984,0.4190248980261222,0.01172304423647852,0.3938229510219703,0.12606718244032683,0.4302292424628063,0.24339092912045085,0.4050272889153154,-0.10077355323270915,0.503831947044803
61.627000,-0.4377399568421647,0.37586625847668576,-0.33728642644773155,0.4077891602433094,-0.21995534681255374,0.3826213683029629,-0.10560113946312766,0.4189960196553169,0.011729944799588554,0.3938282492883498,0.12608415883811958,0.43020287961156634,0.24341524772989293,0.405035130825079,-0.09678393413763847,0.49517973987498964
61.677000,-0.43788608614289104,0.37589813459178084,-0.3373974352265089,0.407627205796474,-0.22002636370298198,0.38264658191692974,-0.1056028434072212,0.41880260497084565,0.011768240007252018,0.3938220369607921,0.12619177751469857,0.42997800554457694,0.24356287282169087,0.4049974934115351,-0.09502697368885399,0.49093164388916594
61.727000,-0.43832493189926797,0.3758377315546529,-0.3376310687027146,0.40733532987111665,-0.2201999484085784,0.3826385287364716,-0.10568177128995127,0.4184936135836953,0.011749366613691137,0.3937968961808541,0.12626756929907146,0.4296518993698799,0.24369872481362642,0.4049552657058259,-0.09332761628884717,0.4864525328187477
61.777000,-0.4387051624930428,0.37575264733537744,-0.33796200616733985,0.4068867770333628,-0.220441521501267,0.38261877992099874,-0.1057944509990873,0.41805956469306466,0.01172605674672711,0.39379167934719306,0.1263731609554095,0.4292323550822178,0.2438936917822231,0.4049645815094667,-0.09332984122815263,0.4864753510863385
61.827000,-0.4394276784605132,0.375621188627576,-0.3383773163081541,0.4063377304523592,-0.22074980244052528,0.38259393165911926,-0.10594298215054765,0.4175137543233849,0.011684559733438848,0.3937700943244696,0.1264914212279058,0.4286897815193635,0.24411899112932478,0.4049462603209418,-0.09040748546667077,0.4760938108162543
61.877000,-0.4399797365320596,0.375518447588045,-0.33888883328778285,0.40564024093371776,-0.2211290578399387,0.3825613482723933,-0.10612884670320216,0.4168389129248876,0.011630961249944949,0.39376018612210406,0.12663122066566407,0.4280375887996292,0.244391061125035,0.4049590278613234,-0.09041626715239631,0.4751954157136971
61.927000,-0.44070118387358725,0.3760280030139721,-0.339377636240187,0.40522720324030276,-0.22149284498711994,0.38279561856159283,-0.10626491828200813,0.4162997214033699,0.011619909292875152,0.393868327607679,0.12684789024877047,0.4273722438685999,0.24473275414628753,0.4049410409619067,-0.08831876244879105,0.46417106664224134
61.977000,-0.44107784654494947,0.3764123668675399,-0.33958670292907267,0.4048948254692375,-0.22156533525802047,0.3831932869741557,-0.10607144550285907,0.4157687597907095,0.011949961804189224,0.3940674368526264,0.12744391105517328,0.42664269873047717,0.24546535799880076,0.4049415913547761,-0.08762681011362111,0.4580463826878686
62.027000,-0.44177675880407996,0.37709898741183945,-0.3398785559954994,0.4044728618705261,-0.22170168500628948,0.3836347438365389,-0.105897394515922,0.4150889375795267,0.012279518934074751,0.39425106035005125,0.12808387351641448,0.4257050181259266,0.2462608294275339,0.40486738170573444,-0.08727404351301371,0.4510167937452059
62.077000,-0.442436008516574,0.37754843720937215,-0.3403605978350314,0.4040149449534214,-0.22201359825487627,0.3841658218113714,-0.1058996061950292,0.41445675853565356,0.01244743778836549,0.3946079001421354,0.12856149760957702,0.4248985771161621,0.24690858599647003,0.4050499834763495,-0.08718682483440326,0.44367520012062783
62.127000,-0.443364150467808,0.37815588937379774,-0.3409315804154597,0.4034310026365764,-0.22240579140220615,0.3846790070509032,-0.10596706208920842,0.4136966277976376,0.012558772474987934,0.3949449201281974,0.12899757227423864,0.4239622580339551,0.24752345238931456,0.4052108382848803,-0.08693829524496666,0.4362684602667313
62.177000,-0.4440473120339225,0.37877972062054366,-0.34135902982800026,0.40281978128065515,-0.22265106765814097,0.3852578987989621,-0.10587006962907008,0.41286584142238536,0.012837938435320606,0.39530426916344097,0.1296190086106751,0.4229119066078714,0.24832706256939163,0.40535064457588676,-0.08691858152191584,0.43399282906815134
62.227000,-0.4451153822865883,0.37954879775187944,-0.34198391364505526,0.40226662159311766,-0.22309929078749954,0.3859434341592806,-0.10598083374164952,0.41208281095336663,0.012903834540332615,0.3957599543569703,0.13002236432613068,0.42189900523486074,0.24890707803212553,0.4055764794797252,-0.08706175380224457,0.42273672556680253
62.277000,-0.44601394181624815,0.3804259821635583,-0.3426677134639574,0.40173059515491116,-0.22361951737859218,0.38664659704833726,-0.10615216685115897,0.4111704943687202,0.012896073580767886,0.39608684626485385,0.13036349620642362,0.4206103982384511,0.24941178098438133,0.40552710014135557,-0.08747968577187404,0.4188395956091119
62.327000,-0.447074726666439,0.38215680134189384,-0.34317420047238995,0.40158070215937935,-0.22397754091475028,0.38771865504143366,-0.10616040022991724,0.41050288996056666,0.013036302077599315,0.39664121044424283,0.13085351302631082,0.4194250820262813,0.2500502580830655,0.4055637701159693,-0.08843105674723789,0.40790824250294383
62.377000,-0.4478349227007664,0.38313029540857546,-0.34393904396253594,0.40131469556860383,-0.22460210528398766,0.38871727254512756,-0.10645360417197869,0.40971564593416937,0.012883375003646724,0.3971186065503952,0.13103194361725007,0.4181166001344653,0.25036896328926156,0.40551994439566114,-0.08907724570753578,0.40350609793026015
62.427000,-0.44886124583934356,0.3846265821359277,-0.34455472586553904,0.4008752081731961,-0.22506739625710145,0.38979468187501976,-0.10659259151075245,0.4088661432850559,0.01289477511295889,0.39778601614991865,0.1313696435669679,0.4168570817941143,0.2508570472050611,0.4057773538269025,-0.0910887584825592,0.39160301478607323
62.477000,-0.44941563573936977,0.38562671655444586,-0.3450102685613035,0.4003738589805871,-0.2253853797923943,0.3908930369156976,-0.1066077018347078,0.4079770416856602,0.013017219672573799,0.39849663270836694,0.1317949566218677,0.4155802273302351,0.25141991086639826,0.40610023144447815,-0.09267335779337421,0.38368993628956766
62.527000,-0.4501196566632804,0.38715753385572726,-0.3453910265839315,0.3998599824409745,-0.2256529925821766,0.3919351345941967,-0.1066011195246947,0.4069900846607102,0.01313694260420245,0.39906566180372055,0.13218886909417493,0.41412018932955685,0.2519269593489115,0.4061961914655652,-0.09429624240188189,0.37750074287141056
62.577000,-0.4504983956002201,0.38819555561788543,-0.3456828085881639,0.39933270636198337,-0.225846008031164,0.39307641095161283,-0.10655036020574826,0.40605903048367914,0.013286463073647392,0.39980317032676405,0.13258215805033025,0.4127853565844892,0.25241900405067175,0.40652993168362234,-0.09554042346060065,0.3721902982310785
62.627000,-0.4510993048350935,0.38997343827705844,-0.3459347725621416,0.3988306912181863,-0.22602435585063907,0.3941947486195412,-0.10651810184712146,0.40506927178329843,0.013392332012061248,0.40043377273716496,0.13289862623882903,0.4113078538559346,0.25280907724417095,0.4066727983654718,-0.0978749766545422,0.36352731281581174
62.677000,-0.45153652623511126,0.3916387345607742,-0.34635899905633083,0.3986879193302513,-0.22639984609625818,0.39555716525146034,-0.10671115765949662,0.4041953282671553,0.013248007043118792,0.40106502415240974,0.13293672788017408,0.4097027382242767,0.25289590432379816,0.40657288407951636,-0.09872170382959627,0.3597685957541917
62.727000,-0.4518416458314544,0.3939379938746739,-0.3465974394199073,0.3989125603511503,-0.2266088133392524,0.39726040684652836,-0.10677083408337296,0.4034940837450911,0.013217798256122848,0.4018423848550415,0.13305580112926224,0.4080756077121008,0.25304443972595986,0.40642436344272087,-0.10097841824601511,0.3522311531299389
62.777000,-0.4519152346180732,0.395581772817555,-0.3465974606765527,0.3986969346330476,-0.2265974627484078,0.398719220608737,-0.10666534726931315,0.4027550199282097,0.013334650573017914,0.402777763279774,0.13326678143356857,0.40681310548158145,0.253266779188341,0.40683630621613787,-0.10292020015385134,0.3450610585166916
62.827000,-0.4518318867916738,0.39842492013056025,-0.3465380661340559,0.39880199551379286,-0.2265457043059527,0.40015591629259517,-0.1065542175950841,0.4015852921975137,0.013438139061141496,0.4029396712607225,0.13342963123035567,0.4043685888816957,0.2534219827128591,0.4057234262376508,-0.10452642261266798,0.34013975362997806
62.877000,-0.45183690958502987,0.39997269148605435,-0.3464968295627879,0.3987633714427064,-0.22653281700001418,0.40170202586909076,-0.10653682713755291,0.4007209973643532,0.013427174224099558,0.4036601090159362,0.1334231603466277,0.40267862316221303,0.25338715050524097,0.4056181920461146,-0.10677406854791266,0.33378036798305594
62.927000,-0.45168126296082656,0.402369556840987,-0.3464560933506804,0.3986617684887034,-0.2265403807521085,0.4031586420667228,-0.10658589291561898,0.39985397144993506,0.01332980264229805,0.40435129941895465,0.13328427795569425,0.40104617426431494,0.25319995647097754,0.4055439566311274,-0.1085709026004752,0.327846525875431
62.977000,-0.451427831140643,0.4039166283967849,-0.3462661069811081,0.39860743133801696,-0.226423296154491,0.4047475203533162,-0.10655318817985099,0.3991656556342221,0.013289599614973557,0.4053061941696249,0.13315968665143085,0.3997238798228485,0.2530024514125072,0.4058648678835305,-0.10988554500167341,0.32381026176169764
63.027000,-0.45101545254626824,0.4062211909118248,-0.3460351353152748,0.39864580977150693,-0.22628639085209237,0.4064071369448337,-0.10653674777116418,0.3986596869133523,0.013211967979769978,0.40642145707240573,0.1329615823991392,0.39867356404188564,0.2527102694359559,0.4064357771901159,-0.1117401569397341,0.317936774766125
63.077000,-0.4507221180806982,0.407764466528317,-0.34581193733235227,0.39867470435717456,-0.22618122963422216,0.408081817391711,-0.10659008765535094,0.3981844055992553,0.013040585882283129,0.40759195304436685,0.1326316919199262,0.3976941069810482,0.25226233129532794,0.4071020888386291,-0.11334540984223512,0.3128502016292847
63.127000,-0.450232810771408,0.4100477533126309,-0.3455911497742047,0.39874811265204274,-0.22608925302196636,0.40967041426925577,-0.10669279636078544,0.3976501756379007,0.012809061605419725,0.4085729016083232,0.1322054755817071,0.39655223899750885,0.25170729476028625,0.40747538932194194,-0.11412357807435902,0.3098921286586022
63.177000,-0.44984572975780257,0.41155787211864,-0.34532918720828193,0.39882406738870646,-0.2259788874074829,0.41129426937020597,-0.10680850428414845,0.39720811353414903,0.012541752439726439,0.4096787277910803,0.13171208690428837,0.39559216030270833,0.2510623005498116,0.4080631868349525,-0.11518832069145829,0.30591829609333193
63.227000,-0.44917680655875475,0.4137655714910994,-0.3450187811552976,0.3989066606085102,-0.225825916371603,0.41280129931039417,-0.10691012222578244,0.39670676910075997,0.01228269605606902,0.41060180670522645,0.13119843633804162,0.3945068785230183,0.25039120811680093,0.4084023150291738,-0.11617772468612886,0.30221514813978695
63.277000,-0.448681454562088,0.4151825791515634,-0.3446601266718332,0.39899860618511196,-0.22564346560302526,0.4143294374747874,-0.10700624763137911,0.3962958434916645,0.012010364027117804,0.41162705835972196,0.13064752387820855,0.39359308202429405,0.2496640861253382,0.40892468046917574,-0.1169733552470914,0.2989634705017425
63.327000,-0.4477329745189813,0.41702360215993556,-0.344215683521755,0.3990126767148922,-0.22538397976559255,0.4157167534556732,-0.10703451895824373,0.3958823106537474,0.011797133188732434,0.4125867545347691,0.1301465327157577,0.39275194608483854,0.2489781332528086,0.4094567571031291,-0.11704200720175167,0.29751580639182584
63.377000,-0.44697476131931,0.41802874437214027,-0.3434851723129942,0.39895089622722163,-0.22486543795877753,0.4170991364071116,-0.10680267942743671,0.3956239170151348,0.011817001559385976,0.4137725060092222,0.1298796969396807,0.3922969394392126,0.2484993245587449,0.4104458772430198,-0.11688231611327171,0.29641532017681305
63.427000,-0.44562218174144586,0.4196184403881923,-0.34269133252236644,0.39895981937467895,-0.2242658324773201,0.41833508553880555,-0.10651309359565142,0.39522031784018685,0.011912352513489266,0.414595913668472,0.1296650270492425,0.3914808181771593,0.24809041922241465,0.4108567436642267,-0.11642776524499582,0.2957697597893471
63.477000,-0.44483283254341266,0.42055859345091695,-0.3419138223368372,0.39875753750948295,-0.22370850811553314,0.41943369986720014,-0.10624901560376648,0.3948721930144404,0.011956244611870392,0.4155486641193822,0.12941567296890671,0.39098685046407294,0.247620879179357,0.4116636303087397,-0.1161827417748838,0.2940695555991484
63.527000,-0.4436839943272834,0.4220098604313013,-0.3412172867629783,0.3987316966625377,-0.2232089464543984,0.42050396383006916,-0.10605546671656862,0.3945220049870979,0.011952820598356506,0.4162945593847345,0.12910623709579205,0.3903123153904544,0.24711447141799014,0.412085157009251,-0.11528371345402283,0.292924938134066
63.577000,-0.4429440732774808,0.4229490223926614,-0.34054562102428687,0.3987522226925785,-0.22273616416145858,0.4215761547308009,-0.10588273876017723,0.39427639334013875,0.011926666928123775,0.41710058952246504,0.12878003111941294,0.38980056613093933,0.24658938563446597,0.41262502644759397,-0.11426131371902654,0.2909362119090241
63.627000,-0.4418905592143478,0.4242588587298266,-0.3399065434881146,0.39880602116908365,-0.22227780484278728,0.4225437515725845,-0.10571522393819316,0.3940277081433168,0.011913466142809359,0.41776567919872587,0.12847598870741833,0.38924939729917035,0.2461046302256566,0.4129876089962176,-0.11297648699156848,0.2906630717216248
63.677000,-0.44130843715587204,0.4250191942600091,-0.33934480916769344,0.39884822646222184,-0.22189503129925658,0.4234561454403601,-0.10560405609018614,0.3938519383123059,0.011845676574865072,0.4184600730382003,0.12813659740306127,0.3888556522925157,0.24558628486645606,0.41346400275593587,-0.11132373633932952,0.29187842048593404
63.727000,-0.4405118715995084,0.4257125358303826,-0.33887391451059345,0.39871682525501867,-0.22159708585902058,0.4241362162834769,-0.10552928817237,0.39366875299709747,0.011747498993629701,0.41908833542577967,0.1278152469565726,0.3886206827143117,0.24509199263860443,0.4140404565343029,-0.1096016215571659,0.29338765976958103
63.777000,-0.440012466507123,0.4260707202671344,-0.33842649257805624,0.39858483380611653,-0.22131914573966938,0.4247739406252288,-0.10545581785944252,0.3935379157175693,0.011651492139995834,0.4197271872653713,0.12751477608265482,0.3884909993811937,0.2446220492447806,0.41468043564928514,-0.10782889324455841,0.29516134015286993
63.827000,-0.43936986807506623,0.4266275261511165,-0.3380048760929447,0.39847607944855934,-0.22103695525071243,0.4252810322342715,-0.10534901965929871,0.39340154731691196,0.01161886932330275,0.42020663912710354,0.1273067670244682,0.3883270167095786,0.2442746241490994,0.41513224753624445,-0.1058738198733557,0.29757691995648733
63.877000,-0.4390243834517452,0.4270325294528771,-0.33768650394125266,0.39845236223434244,-0.22083729562048732,0.4257701680541716,-0.10530724722914847,0.3933231663638071,0.011541935088559274,0.4206410834089005,0.1270719525955305,0.3881939717525672,0.24392110891192686,0.4155120000149787,-0.10386023546367595,0.29969259915085117
63.927000,-0.4386265503655818,0.42749566821672286,-0.33743746114013573,0.3984766474992628,-0.2206765511985764,0.42616942470955227,-0.105275477311504,0.3932666566541111,0.011485412746628343,0.42095951769865414,0.1268864630106752,0.3880566667894299,0.24364733318719967,0.41574961166028923,-0.10180790630146974,0.302657801904107
63.977000,-0.4384430770753498,0.4277074172947603,-0.33725947195506084,0.3984931527077987,-0.22056451873500144,0.426462562658097,-0.10525551930285093,0.39323855552536147,0.011439420571741743,0.42120802115602496,0.12674840415248922,0.387983959008619,0.24344333068349056,0.41595348031170626,-0.09978081009784051,0.30560378271630656
64.027000,-0.43830494504826323,0.42780563293483825,-0.33714929122854864,0.398501738750373,-0.22049326461649,0.426633063907329,-0.1052411086187584,0.3932124035626515,0.011414911241059422,0.42134375672003666,0.12666705921830007,0.38792306871646687,0.24332307232778522,0.4160544498663377,-0.097849630788163,0.30931170377474154
64.077000,-0.43829376455371405,0.4278225172244213,-0.33712856776865807,0.3984521559126444,-0.2204901390842934,0.42665635673459185,-0.1052503526655259,0.3931930691377637,0.011388076097627542,0.42139726963388047,0.1266278626110935,0.38793398236317145,0.24326629145494028,0.41613818252558127,-0.09601170526096359,0.3132468536332133
64.127000,-0.43836715181346575,0.4277525232288617,-0.33714604389173175,0.39845163929084415,-0.22049103820241756,0.42658719762217534,-0.1052380839521821,0.3931692903369255,0.011416928499929313,0.4213048206284874,0.1266698907841659,0.38788694105121924,0.2433249100008713,0.4160224432955316,-0.0942163392719555,0.3175723466581735
64.177000,-0.4384990271360053,0.42772968527810507,-0.33724927079254463,0.3985153667758491,-0.22054503100087908,0.42644600203599226,-0.1052453018679686,0.3931898381225255,0.01145895138266384,0.4211204171462065,0.12675869654246985,0.38786430879832917,0.24346296325376793,0.41579483157833047,-0.09423062011254812,0.31735944400977933
64.227000,-0.43881722137772716,0.4275255431592956,-0.3374020365690159,0.3986602978411496,-0.2206212876298217,0.4262692940727548,-0.10524621099253845,0.3932754811864057,0.011534557728221428,0.42088439374565506,0.1269096580067119,0.38789066352964796,0.24369044651054345,0.4154994924099059,-0.09099663389829549,0.3269312579358424
64.277000,-0.43903165747734674,0.42738339538499404,-0.33759893527735707,0.3988048908906573,-0.220711432736903,0.4259583759131166,-0.10522623941280335,0.39335208629657714,0.011661289006850595,0.42050545991670213,0.12714651340895383,0.3878992803726615,0.24403406770928188,0.4150525425836266,-0.08959213648405345,0.3320824930959774
64.327000,-0.439440342234138,0.42714901660863586,-0.3378106068775671,0.39897894426694624,-0.22079468468768196,0.4255735669179538,-0.10517308450724744,0.3934543270196045,0.01184286909440685,0.4200488114589429,0.12746450721426683,0.3879297081337852,0.24448049222918689,0.4145240543541128,-0.08838746627002969,0.3373285940621055
64.377000,-0.4397350949441492,0.4270389067727557,-0.33802703815775464,0.39934956853363335,-0.22084011963635888,0.4251802891480398,-0.10506845355659927,0.3936062280675233,0.01211850136339443,0.4194367835508872,0.12789021193792138,0.3878628856184582,0.24507720325814786,0.4136932759622556,-0.08738817492881945,0.3431866115356793
64.427000,-0.44047699329920353,0.4269390196345024,-0.3384045757292302,0.39983670542575694,-0.22103457808224405,0.42482237423091423,-0.10508765534779879,0.3938980941317629,0.012282382953187787,0.4188835719642877,0.12822935600708918,0.38795948053258744,0.24559943496341408,0.41294476738466973,-0.08658118063673642,0.3488569878365583
64.477000,-0.44110877751617095,0.42663660800906195,-0.3389662312747779,0.40028162283796814,-0.22139412168265488,0.4242982638608561,-0.10523995985952189,0.39416172970158064,0.012332193993759233,0.41817815404545067,0.1284864113594827,0.38804183396279984,0.2460586094750875,0.41205804161990983,-0.08591562661318952,0.3552506725114885
64.527000,-0.4420166907360541,0.42641945964103684,-0.3395631010570434,0.40078199889075744,-0.22177766244604552,0.42372955747445995,-0.10540522856004447,0.39444719723236343,0.012380257033581976,0.41739451466188765,0.12875275087406485,0.388112392688804,0.24653828345116197,0.41105946895719786,-0.08549534913393869,0.3612657041338272
64.577000,-0.44277222983443554,0.42637845406498787,-0.34026226661596715,0.40151035125864243,-0.22224252138925263,0.4232207113561776,-0.10563650431468469,0.39488280774675055,0.012383289710116652,0.4165929025712036,0.12898937048135206,0.3882552610648297,0.24700921330477876,0.40996509060992126,-0.08551277364995602,0.3618899820517314
64.627000,-0.4437008056105893,0.42635569351096464,-0.3407716433959979,0.40238119318699167,-0.22250967855483236,0.42273082849208804,-0.10567323562969971,0.39535847766123483,0.012588778770586728,0.4157078249512657,0.12942528835985834,0.3883357586719089,0.24768735231959182,0.40868481794078215,-0.08547048374183663,0.37448505808127847
64.677000,-0.44441960350817444,0.4262151127367258,-0.34147374723722873,0.40317309220102193,-0.22297732441323173,0.42210977031291896,-0.10589111019143904,0.39582634515903825,0.012605362106332285,0.41476271368578066,0.12969164499817265,0.38847959444199304,0.24818816676983435,0.4074156533776635,-0.08580759549072359,0.3762195632000893
64.727000,-0.445513478728725,0.42583026334161544,-0.3422122847780723,0.4039343168148664,-0.22348900732631952,0.42139236341311426,-0.1061301161823478,0.39635457858376044,0.012593209844304787,0.4138122948456785,0.12995217065470493,0.3887748365640036,0.24867554525603724,0.4062322224847029,-0.08658272990726601,0.38808328091892713
64.777000,-0.4460972670316504,0.42584099424695787,-0.3426712046972276,0.40493655283132474,-0.22370077521007461,0.42062211650041925,-0.1060965541143778,0.3967632150246845,0.01287392154208683,0.4124484285090272,0.1304782128675046,0.38858987320907906,0.24944873469309903,0.4042747365020954,-0.08709366777531524,0.3903814088356477
64.827000,-0.4467962559303162,0.42619678215985884,-0.3431360692667793,0.40616642784921586,-0.22394315581473662,0.42006064905128265,-0.10611177487500445,0.3973501742471053,0.013081181454131452,0.41124402761896817,0.13091263247987878,0.3885339164531834,0.250105631685488,0.4024274019902915,-0.08882694444413053,0.40327850685940925
64.877000,-0.4472244965956208,0.4263912945969431,-0.3434677720859788,0.40753045818298694,-0.22405764440558454,0.419414119544341,-0.10598647710765097,0.3979851799321731,0.013423688883218543,0.4098684563335857,0.13149492526542528,0.38843989737187223,0.25090512956575006,0.40032278881099975,-0.08930119574211087,0.40597443493334023
64.927000,-0.4478319561393928,0.42669623278037255,-0.3437797141155875,0.4089429892722628,-0.22418645698123243,0.4188148101780445,-0.10588272178905561,0.39870943180361706,0.013710568375528698,0.4085808525528983,0.13201437083998624,0.38847587002492356,0.2516076940335056,0.3983468906170525,-0.09131509564546963,0.4173380131153305
64.977000,-0.4482094323929933,0.42690779705020593,-0.34406469607873,0.41040561443928336,-0.22431300382783106,0.41812132588061635,-0.10578488917407436,0.3993840358784366,0.013966829744178622,0.407099333417978,0.13249500916011553,0.3883624530921767,0.25224675474425257,0.3960773367304456,-0.09279815695699517,0.4248663625897663
65.027000,-0.4487270300230304,0.427235767626125,-0.34432194949021966,0.4119105678930722,-0.22445145996155227,0.417484232769761,-0.10570959774684241,0.40015304245337374,0.014160911574110202,0.40572628164933267,0.13290283533445613,0.3883955130082073,0.2527733644461062,0.3939683265250001,-0.09419174049783213,0.4326116424329238
65.077000,-0.4490355231036915,0.4274608732901577,-0.3445438985199947,0.4134556235291613,-0.22458919276682748,0.41675237460728054,-0.10564578897089377,0.4008631740786991,0.014308928758986428,0.40415948934650703,0.1332523902818633,0.38827072095635407,0.25320711998680767,0.3915666004161771,-0.09541452209615808,0.43857857732855154
65.127000,-0.4494413416773013,0.4274534892186428,-0.3447377053550197,0.41481852374621636,-0.2247432735985079,0.4159745286899396,-0.10560031349757365,0.4016582771425134,0.014394122534945653,0.40281383814727256,0.1335371356003741,0.38849802738877437,0.25353157590723036,0.38965314445747123,-0.09661954194155614,0.444233321482961
65.177000,-0.4496267079188163,0.42765913411831646,-0.3448292919563667,0.4164684656087176,-0.224834038969114,0.41540110413048525,-0.10550598988655235,0.40271975159419177,0.014489259094895124,0.40165193986901115,0.13381735575962295,0.3889710350758438,0.25381260073360457,0.38790277310696364,-0.097164377313323,0.44775575773058074
65.227000,-0.4497768352499131,0.42803742464365313,-0.34484360693163973,0.4181980072736655,-0.22488821183669636,0.4149264346218622,-0.10539924245016546,0.40386360519423997,0.014556140246144322,0.4005915779660745,0.13404515155509716,0.38952920134940794,0.254000521851147,0.38625671954845625,-0.09931112105363621,0.45679865765220834
65.277000,-0.44981615723768337,0.4282925533757749,-0.34479168603867816,0.4199440266914982,-0.22492158517821628,0.41436200916172494,-0.10529318942724147,0.4049255410698932,0.014576890153998934,0.3993430666017842,0.13420532187570344,0.3899070545307063,0.2540753801761697,0.38432412312840253,-0.10081317054154865,0.4636986780037795
65.327000,-0.4497719648162618,0.4286777992394619,-0.3446806744591826,0.42169691549051735,-0.22493577720769026,0.41387645628216263,-0.10518994592611364,0.4060703118635538,0.014554921453633851,0.398249395280013,0.13430078255082611,0.3904437082447844,0.2540456200573735,0.38262233429064185,-0.10220686650743793,0.47075180390556204
65.377000,-0.4496653734991238,0.4289363737907502,-0.34449127470511876,0.4234487422625601,-0.22492058993759012,0.4133071770863025,-0.10507972373962693,0.40712924952749496,0.014490922372178472,0.396987228604356,0.13433181211691136,0.3908097578281634,0.25390241957164317,0.38066728116284837,-0.10344678097534937,0.4775300422466016
65.427000,-0.4494693630422033,0.42932507532730785,-0.3442683931147663,0.4251927759586828,-0.22490787727866715,0.41282074058287244,-0.10499449663097277,0.40826210683566977,0.014365972322236742,0.39588961916059506,0.13427937024355763,0.391331439813209,0.2536397923126986,0.37895849984420854,-0.10425843451808509,0.4820051693983601
65.477000,-0.4492987668414847,0.4296060028218143,-0.34401951082442134,0.426969140933692,-0.2249015800486122,0.4124461051854751,-0.1049381998335111,0.40948174908131507,0.014179676424654064,0.3949582661864006,0.13414306776660245,0.39199436040455876,0.2532608895059685,0.3774704303674448,-0.10491999483608239,0.48616934464011335
65.527000,-0.448880546494401,0.42988293411444256,-0.3437006326798532,0.4287023929794346,-0.22487127495580528,0.41198163544323285,-0.10487869015980089,0.41064762145765615,0.01395060567883577,0.3939264241264979,0.1339431954112259,0.39259285423540174,0.2527724293636139,0.37587121711513405,-0.10513937955704877,0.4880341301491249
65.577000,-0.44851537808069747,0.430462093494681,-0.34326271167163275,0.43064272020169825,-0.2247587510565233,0.4117532705233686,-0.10475915372878236,0.4120641419705682,0.01374473827305922,0.3931742618483184,0.13374433447084533,0.39348556916417143,0.25224815785857446,0.37459525860276155,-0.10569749840793924,0.49203069864105614
65.627000,-0.4477229310267419,0.43043184173787447,-0.342682287770606,0.4320579431716643,-0.22452821178594168,0.4110909613148704,-0.10454286641448823,0.4129663001556443,0.01361113510200157,0.39199889865678667,0.1335964738122773,0.3938746636354228,0.2517504008601114,0.3729068425004545,-0.1062111478930563,0.49882399911602227
65.677000,-0.4472715051208083,0.4306870547003294,-0.3421012097877076,0.43364725104954027,-0.22430113356659226,0.41077495248287377,-0.1043513391964096,0.41424580682676304,0.013448657916854512,0.3913731008316637,0.1333984402823205,0.39484437002360373,0.2511983582876205,0.37197125660702074,-0.10651678194010272,0.500708452805037
65.727000,-0.4464747390003362,0.43074751740378897,-0.3414918029737617,0.43528179319277654,-0.22406140738627917,0.41058154638900296,-0.1041704456980464,0.4156959677121377,0.01325986716120614,0.39099532760346756,0.13315081171985882,0.39611015045806564,0.2505810418509416,0.3714091170513262,-0.10631262916110296,0.5066409308001055
65.777000,-0.4457557054799948,0.43084245368882246,-0.3407339027814743,0.43659758035752505,-0.22372138747304304,0.40998797192007985,-0.1039027358661404,0.4165827218852943,0.013109693640861675,0.3899727361493178,0.13292832398365717,0.39656787244635755,0.24994066768955248,0.36995750941889377,-0.10598545829864442,0.5105269561481849
65.827000,-0.444908658967345,0.43086883930946696,-0.3400092525108275,0.4379971528117615,-0.22339681295614833,0.4096856897428006,-0.10366855610347714,0.4177569047080494,0.012943795954057202,0.3894450812484327,0.13267202786296955,0.39751666622043147,0.24928429242355782,0.3692044823758354,-0.1051466343415306,0.5105665072126166
65.877000,-0.4444600908493601,0.4309290288742191,-0.33956921472887214,0.4393601179257342,-0.22334226658524903,0.4095055282454746,-0.10372788273302835,0.41911797722952965,0.012498977602650119,0.3892630457061144,0.13211333318328455,0.3988758464866876,0.24834010571138954,0.36902057312573433,-0.10468734440133115,0.5143455757051949
65.927000,-0.4438636831190963,0.4306923894349466,-0.33922807260380755,0.44054394695292176,-0.22335443962305288,0.40934617171427573,-0.10387218163782741,0.4204812526148361,0.012001364485996202,0.3892831547771497,0.13148359147058925,0.4004185683173911,0.24735705073802533,0.369220147886261,-0.10501079289127024,0.519578130778716
65.977000,-0.4434727115436704,0.4306489025004991,-0.33881994056486175,0.4416405843546321,-0.22332580202047625,0.40906599369699026,-0.1039785722845073,0.42156554364059917,0.011515481169036834,0.38899065129246735,0.13086267825420878,0.4014905129859393,0.24635664661776685,0.3689153189533659,-0.10512017031029763,0.5213020836499531
66.027000,-0.44271924473542096,0.430594757553669,-0.3382919576497714,0.44270365215111596,-0.2231544621252313,0.4088900879712487,-0.10394730570177413,0.42266157501072127,0.011190107516065528,0.38884773057218014,0.13039723041848528,0.40261950776948924,0.24553456133085882,0.3688053830789997,-0.10266343894545599,0.5198059297235255
66.077000,-0.4425715455030648,0.4304385763437552,-0.3380781218937608,0.4435946328224931,-0.22328002093298896,0.4086461563894246,-0.10421435769026399,0.42359165143583316,0.010583664721946884,0.3886429169889665,0.12964929437431694,0.403588679635837,0.24444723823922587,0.36863968718138923,-0.10342387398363384,0.5251098984981437
66.127000,-0.4421948391743103,0.4304146528352272,-0.3378584965767438,0.4445986519963908,-0.2233849582934803,0.4086013046471378,-0.10446234667288046,0.4246453822661539,0.010011117849475837,0.388647800354016,0.12893369659516685,0.4046921216479708,0.24340708735794991,0.36869430517886886,-0.1045598058831459,0.5314558256362579
66.177000,-0.4418587591221943,0.43039090480510156,-0.3377246924777161,0.4453937801732437,-0.22354159827993,0.40848550199097744,-0.10476646547020502,0.4255871927041532,0.009416560859379752,0.3886787045587772,0.12819166222255762,0.40578061367395246,0.24237462068550497,0.3688719155716238,-0.10477450027420421,0.5329154498908493
66.227000,-0.44125514926311127,0.43027778709151643,-0.33728864569152184,0.44613761124435974,-0.2233834487047529,0.4083804121268997,-0.10473663116282295,0.4263507396578725,0.009168504408605671,0.3885933552642944,0.12781529272065262,0.4065638757808124,0.24172036687840937,0.36880630611715826,-0.09879411616673356,0.5257226101210863
66.277000,-0.4409024784278029,0.4302112763060268,-0.3369332930901157,0.4466633120453076,-0.22327416824692306,0.4081717111450175,-0.10474269640040973,0.4268877519092539,0.008916374064193267,0.3883959904386476,0.1274478194701027,0.40711219865439574,0.24110683555778228,0.36862027661913954,-0.099114517306925,0.5269894367700018
66.327000,-0.44034286619250135,0.43017946621843933,-0.33660319022041274,0.44711248466490383,-0.22316025300217096,0.4079883233959486,-0.1047302763293479,0.42733620764698776,0.008712614246640826,0.3882119111361825,0.12714256785385136,0.4075599365731871,0.2405854117894367,0.3684355048264176,-0.0944497688582211,0.5190239325904381
66.377000,-0.4400702313140001,0.4302226712589193,-0.3362382159438227,0.44766817890327015,-0.22298876813938495,0.40798742069568206,-0.10464575621068073,0.4278603049249815,0.008603653739069128,0.38817943867974153,0.12694664670951467,0.4080524358051297,0.24019601880650704,0.3683714615280775,-0.09469707595320825,0.52125983781882
66.427000,-0.43971375932559653,0.4302581844906703,-0.335992042691872,0.44807147431006894,-0.22288890831994013,0.4079755768268282,-0.10461655328918018,0.42826473735688475,0.008486552244174994,0.38816875852542904,0.12675889268237273,0.40845800412026506,0.23986196937920945,0.36836194394658595,-0.09142070165280208,0.5160542743639804
66.477000,-0.4395453605418914,0.4302415763038032,-0.33580155857859306,0.44831930488588345,-0.2228058097234444,0.40792177104241817,-0.10458462446225159,0.4285069928143848,0.00841110508798465,0.38810940497328167,0.12663228051246622,0.4086946832375242,0.2396279907598009,0.3682970414044903,-0.09147447514977253,0.5174603660031851
66.527000,-0.4393929866636409,0.43021800344590233,-0.3356744032028821,0.44844801971150217,-0.22274205939719624,0.4078735730418719,-0.10455266774943606,0.42864055890703867,0.00837966630041681,0.38806608508365104,0.12656905295504667,0.4088330993657777,0.23950137725100712,0.3682585983940548,-0.08974791593605413,0.5141669355410248
66.577000,-0.4393679349062586,0.4303132492552384,-0.33562179936575653,0.44855545709514527,-0.22271559149618875,0.40790833881993044,-0.10453362291182972,0.4287175267216819,0.008372585061371562,0.38807040873433196,0.12655455369906304,0.4088795963331917,0.2394607617780911,0.36823247863979913,-0.0867620211623612,0.5061508820873173
66.627000,-0.43950330750940125,0.43029518932969985,-0.33566925702363026,0.44852595702828657,-0.22274898669397536,0.4079179215190837,-0.10455772262417329,0.42867424819495625,0.008362557111670388,0.3880662388419007,0.12655382598971604,0.4088225381385173,0.23947411513396527,0.3682145549477925,-0.08544513689102484,0.502059839855709
66.677000,-0.439686585074502,0.4303102905843816,-0.3358522029659964,0.44837126670391003,-0.2228703834061083,0.40793479246793185,-0.10464822454021505,0.42851442198191686,0.008333613986758581,0.38807800074109866,0.1265557825062108,0.40865757479897463,0.23953764000235922,0.3682212065592324,-0.08422365389299546,0.4977296143419279
66.727000,-0.44019316804777814,0.4303374310673112,-0.3361720078455723,0.44818781894396675,-0.22309455143153514,0.40801956218653757,-0.10482173969221154,0.42830606024003404,0.008255744881106641,0.3881378827537429,0.12652857084243502,0.40842429789100454,0.23960608357704888,0.3682561996816979,-0.08320574641369666,0.49290279902717155
66.777000,-0.44065306880047367,0.43040134809927977,-0.3366501716596352,0.4477998696508832,-0.22341715066872717,0.4080722601456771,-0.10507270868256219,0.42793662649858843,0.008160349809312184,0.38820912388010875,0.12650481054707075,0.4080733785177371,0.23973790654181115,0.36834598279172065,-0.08318037987675497,0.4929936012257557
66.827000,-0.4414235596145049,0.43025722435891295,-0.3371605412115444,0.44734218305585094,-0.2237453520529857,0.40813765695472876,-0.10531272931107605,0.4274693374403073,0.008102505942774174,0.38826494468899647,0.12653515141457228,0.40759648592282927,0.23995043276559902,0.3683922265272903,-0.08179000421755572,0.48227552836393894
66.877000,-0.44207432011033626,0.4300983299713512,-0.3378503916810382,0.44656286365554315,-0.2241904466952213,0.40807368460947113,-0.1056625164551187,0.42681214108883014,0.007997482645715925,0.38832312184674245,0.12652543923176301,0.4070614116771304,0.2401854924496752,0.3685725522458491,-0.08155266504700809,0.4764435670825536
66.927000,-0.4427645035464567,0.43051314607880276,-0.33834711704663845,0.4460615503896045,-0.22445064819667876,0.40827803039066635,-0.10580065254430399,0.4262273627373426,0.008095877713823973,0.38844402785065796,0.1267459025383742,0.40639316736021663,0.24064249420613776,0.3686100175912149,-0.08196604915223082,0.4750591134478424
66.977000,-0.4431910031871104,0.430892948575231,-0.338816044936917,0.44573686725403916,-0.22469834468121613,0.4086268889814717,-0.10591173580925212,0.4256486853436394,0.008206032262262297,0.38853891561360043,0.12699267223988064,0.40556049490354196,0.2411105081285656,0.3684509337215021,-0.08192358953209233,0.46356660553288787
67.027000,-0.4440494531615257,0.43159865591421964,-0.33925157427912533,0.44527627557421656,-0.22485231410597428,0.40904356560331245,-0.10591225949158828,0.4249578173396295,0.008487074533116423,0.38872534054457747,0.12742716158407413,0.4046393498543202,0.24182656946134656,0.36840710623997236,-0.08265704498150989,0.45635195634590175
67.077000,-0.4447980643139407,0.4320522630644452,-0.3400560374209842,0.4448428940401901,-0.22534714289756042,0.4096027252666939,-0.1062499289490858,0.424294682691174,0.00845904459411606,0.38905477113288667,0.12755629148567438,0.40374646150884635,0.24226534404971423,0.3685068071712727,-0.08294264533578255,0.4554875902686426
67.127000,-0.44573412378730237,0.43294188284024404,-0.3406712002324064,0.44434618860701913,-0.22565877896038902,0.4101096152816648,-0.10640383163731904,0.4234609275371327,0.008608672906723791,0.38922463395238693,0.12786365270228994,0.4025756561578336,0.24287624051911982,0.3683396423187442,-0.08411992861603401,0.44335221771984373
67.177000,-0.4465556919985338,0.4334372351193245,-0.3415642210858206,0.44380047684920715,-0.22620010605177931,0.4107683567821507,-0.10679913297727861,0.4227436488532279,0.008565068440472723,0.3897118304812909,0.1279660728311352,0.4016868103070143,0.243330360633027,0.36865529363468197,-0.08521141025674112,0.4357925278789666
67.227000,-0.44719414699474014,0.4349403149032467,-0.34205459281249706,0.4435979735274849,-0.22640820397720485,0.411568100762267,-0.10684894036396914,0.4218434345406906,0.008797537639672337,0.3898138837265925,0.12835682985771046,0.4000888846666888,0.24400339702976093,0.36805965580740935,-0.08621603270527706,0.43220553176460275
67.277000,-0.44789780356016046,0.4361393307883617,-0.34261852422877215,0.443305287050514,-0.22666302206839034,0.4124131922959002,-0.10696890490714805,0.4209758038496073,0.008986688095404871,0.390084050079051,0.12868083043520961,0.39864630966209813,0.24463651427984745,0.3677548968793078,-0.08659944089273619,0.4309023694715086
67.327000,-0.44871188272365214,0.4379067627850974,-0.3432805889797716,0.4432362867430328,-0.22701456715393406,0.4135342301017543,-0.1072015647021437,0.42023082935328493,0.00906454884589547,0.3905291317526034,0.12887757197650895,0.3972253610162615,0.24514377724652459,0.3675240224599199,-0.09074561019633337,0.4132720016894624
67.377000,-0.4492464033297725,0.43899003284914334,-0.34383929433668303,0.4429418939231599,-0.22723560449794883,0.41459441585382445,-0.10733137089926814,0.41938761539963715,0.009272410362107408,0.39104051338816825,0.12917665941836914,0.39583332623941586,0.24578053210197176,0.36748660028939406,-0.091189905765313,0.4118878488316504
67.427000,-0.4500894118315676,0.4406495226963124,-0.34444895094216166,0.4425896795257179,-0.22751466356172456,0.41563838206627157,-0.10754921384655142,0.41851776994554357,0.00938516373174414,0.391566863832858,0.1293506230825549,0.3944458502294888,0.2462850908581909,0.3674953354672997,-0.09436116902731873,0.40043428299072664
67.477000,-0.45067019110822126,0.4417436234809381,-0.3451951862065066,0.44223247591307335,-0.22792441644061712,0.4167851468093001,-0.10792765052755615,0.4176661521475452,0.009343207203673709,0.3922192284242023,0.12933997616138948,0.39309981896954593,0.24661092185724187,0.36765330063008667,-0.09709749976048809,0.39275367319371374
67.527000,-0.4511510199442968,0.44350417170805045,-0.34567235690313874,0.44188705926213195,-0.2280906487466363,0.4179174554481543,-0.10809636701472469,0.4167459813158756,0.009485426267898167,0.3927767950876673,0.12947970383872237,0.391604894812063,0.24706158224641322,0.3676361261720397,-0.09933031897824979,0.38680775503555065
67.577000,-0.4513538808712983,0.4448838839223283,-0.3460024754981902,0.4416322372676968,-0.22811338985689575,0.41922323267892597,-0.10815910497537384,0.41591120330667253,0.009730062083788515,0.393502627044515,0.12968433493120857,0.390190161852752,0.24757358340693647,0.3677820139188392,-0.1005447700844922,0.383439299248468
67.627000,-0.4515008847500285,0.4475218317862945,-0.34625417985057194,0.44166481552898257,-0.22810575004862435,0.4206660410677274,-0.10823655734892429,0.4150645560813699,0.009911950142609316,0.39406621874091824,0.12978112211773118,0.388464290275748,0.24792970729777208,0.36746639005941767,-0.10469185048633012,0.3737020832841298
67.677000,-0.45159269869587854,0.44930816500757387,-0.34646252887478185,0.4419387738335635,-0.2280850077233434,0.42227249594509236,-0.10834903710604704,0.4143165333919564,0.010028557821718131,0.3946506995915853,0.12976449859196582,0.3866942878578506,0.24814216729526328,0.36702889815110395,-0.10620014810467887,0.3701767840070693
67.727000,-0.4514233749501005,0.45193402996516335,-0.34653973466780924,0.4420822078130575,-0.2279179119651645,0.4239476226592058,-0.10836017072003218,0.4136545906296304,0.010261720695162124,0.39552045494353216,0.12981942293806192,0.38522696989725214,0.24844138306513364,0.3670932836859118,-0.11076643107895773,0.3597081966494408
67.777000,-0.4513708037525695,0.4534264517083259,-0.3465933775497257,0.44200918667695194,-0.22774064023929522,0.4254554307996662,-0.1083975857397188,0.4129160790338733,0.01045521466977295,0.39636277620185556,0.1297982213705241,0.383822969519946,0.24865108487816723,0.36727011973930124,-0.11148403335780888,0.35792716547325515
67.827000,-0.45112295327616375,0.4556174048711363,-0.34666648757426377,0.4419785376596807,-0.227606609038248,0.42698702929703947,-0.10853511485423967,0.41208806044729585,0.010524820941047397,0.3970970068345545,0.12959625821734183,0.3821975831894796,0.2486562512708777,0.367206984332531,-0.11603082077454757,0.34862869756303233
67.877000,-0.4509250813632326,0.45680713264505085,-0.3467069184952356,0.4415083232078687,-0.2274325808034402,0.42833135966600744,-0.10865075134538493,0.41127624340731683,0.010623636569435602,0.3980997344787377,0.12940540102135856,0.3810441654853602,0.24867983915823422,0.36786811117716306,-0.11882771660728414,0.3428268292133043
67.927000,-0.45041017201343403,0.45933299948006107,-0.34663098839648343,0.44149070314983585,-0.22719579240025095,0.4298616895484367,-0.10876765297634844,0.41050256269331487,0.010667587085256836,0.39887400167198916,0.12909565315043292,0.37951442605519725,0.24853093727641984,0.36788631762154556,-0.12061434112036662,0.33899348687473424
67.977000,-0.4499695849793345,0.46087268973211687,-0.34645288390250706,0.44154254089846395,-0.22686908378035825,0.4315568136820557,-0.10882943234850084,0.40995494594390636,0.010754405229022157,0.39996966728344047,0.1287939756318925,0.3783673567811651,0.24837785066357337,0.3683825266823669,-0.12253559819945503,0.335258796718104
68.027000,-0.4493722691494812,0.4629384819142863,-0.34629829098048553,0.4415334798968818,-0.2265868607569553,0.4332164208134484,-0.10894741749184439,0.40953179740014317,0.010764043498462883,0.4012151811695861,0.1284033991442432,0.37753012256293106,0.24811489089989008,0.3692139491882542,-0.12408879422722618,0.33177233310417426
68.077000,-0.44892001258137176,0.46424281346816154,-0.34615022975795556,0.44137592849438484,-0.22633585741518833,0.4347038838294199,-0.10912072626980496,0.40900149035110045,0.010693670315532533,0.40232988104044304,0.12790870806742405,0.3766270616471078,0.24772312889378678,0.36995588769151433,-0.1263014995869321,0.3268646168380211
68.127000,-0.4480242400013941,0.4663868761234474,-0.3458548721471363,0.4412975201586066,-0.22596436881538695,0.4361723654429625,-0.10922707330491738,0.4083802112101351,0.010663448232382244,0.40325548238669656,0.1274006450121824,0.37546291345192223,0.2472911847535526,0.37033861052153644,-0.12753945561548813,0.32407845407090824
68.177000,-0.44736614811290837,0.46773826650820377,-0.34548922758250555,0.4412444223642036,-0.22554131752755965,0.4377090477800327,-0.10929989302993132,0.4079108728231309,0.010648029239378798,0.40437591267125883,0.1268893507785594,0.3745773360806768,0.24683728526080034,0.3710427903610917,-0.12915361632398575,0.32022708615808404
68.227000,-0.4462985532478082,0.4696952980677907,-0.3450699559612911,0.4411934393946897,-0.22508779438374774,0.4391244050353388,-0.10936039969086747,0.4073884614130312,0.010621768811383603,0.4053198286526515,0.1263490572777664,0.37358349767034377,0.24633123270336604,0.3715152665080815,-0.13058093901852758,0.3168318804897637
68.277000,-0.4455472143383147,0.47094918237886646,-0.34460586606441534,0.4411441093543282,-0.22460731821536373,0.4405537585104835,-0.1094068090505656,0.40695550426757315,0.010591740700662433,0.40636554019916493,0.12579214157210755,0.37276691464605144,0.24579069322425767,0.3721773373514875,-0.13099195140911785,0.3149924264318547
68.327000,-0.4442995959366935,0.47264301874215225,-0.3440292204494104,0.4410557436042374,-0.2240319795331417,0.4418694732677131,-0.10935137210577223,0.40653735956195325,0.010645866295707962,0.40735145998566735,0.12532636455561175,0.3720189919472388,0.24532360044117307,0.372833463128915,-0.1332566765611669,0.31046863855418916
68.377000,-0.44335137273242764,0.4735609425748373,-0.34337140343080164,0.44090000526294476,-0.22339261009160516,0.4431559192405538,-0.10921967893594015,0.40621621443588235,0.010759107768766984,0.40847248123534813,0.12493193029436828,0.37153244067946856,0.24491071036361206,0.37378906029737735,-0.1339906561731578,0.30901077783324526
68.427000,-0.4418868730836955,0.4748643184774886,-0.3425468329143454,0.44075154124983995,-0.22259929871529305,0.44429964429299806,-0.10893545821684852,0.4058219708076214,0.011012066104617468,0.40937040775773037,0.12467579948821339,0.3708924178543358,0.2446233139313193,0.37444118870608667,-0.13142909843966666,0.309978920235523
68.477000,-0.4410616078651224,0.47545894374373254,-0.3418849966458724,0.44040664051352174,-0.22198255747280984,0.4452445201414091,-0.10877893063135052,0.40543322940703497,0.01112349586752781,0.41027142314281806,0.12432701841329014,0.3704598358442903,0.24422943223742005,0.37529834368152315,-0.1313689316664683,0.3081702691693983
68.527000,-0.43966641312048105,0.47650326813781085,-0.34103899561801343,0.44011737127241835,-0.22119139474660732,0.44616324299982646,-0.10843594652299376,0.4050997690182787,0.011411639570260257,0.4111459336865791,0.12416698742203397,0.370082184096865,0.24401455873677108,0.3761286416990528,-0.13074653010046638,0.3068261043341471
68.577000,-0.43869941120983014,0.4772357263331257,-0.34032235419462076,0.43997396267697275,-0.22053714733438287,0.447150606477959,-0.10822757004122724,0.4048829019375475,0.011557620645895494,0.41205981567855254,0.12386710268583284,0.36979185804154624,0.24365227719971078,0.37696904171454726,-0.13117880444031021,0.30555370160118006
68.627000,-0.4372479091145323,0.4782638231385737,-0.339435382689251,0.4398872173686763,-0.21970816140878918,0.4479737793352585,-0.10785164408129605,0.4045212819231895,0.011875560550373976,0.4126080903830379,0.12373198841756183,0.36915536268069205,0.2434591764004871,0.3772424176255619,-0.13004982601635018,0.30464305706477807
68.677000,-0.4366399494196512,0.4787641660236904,-0.3389069588859363,0.4396089475980611,-0.21925097732536572,0.44868892979164954,-0.10778550617432142,0.40424290926055717,0.011870458637400494,0.41332311216773043,0.12333584780434015,0.36887688603055147,0.2429917958675012,0.37795730964212343,-0.12833971110916376,0.305298856976593
68.727000,-0.43573742113637337,0.4793987965708209,-0.338499631471847,0.43939716368058984,-0.21891111647469014,0.44932626621277455,-0.10779834532361543,0.4040057180668527,0.011790153489202204,0.4139350155252085,0.12290285076890822,0.36861428626864995,0.2424913333977597,0.37854377864483085,-0.12413860509217617,0.30845266490101403
68.777000,-0.43517895327809775,0.47973801977341507,-0.33804506456642186,0.4392128007053534,-0.21852279373897704,0.4499098459028032,-0.10772012137787995,0.4038363416151477,0.01180213441549638,0.4145335547927982,0.12260474202407379,0.36845989478141183,0.24212698278389222,0.37915727593089665,-0.12215512906274933,0.3090320488148714
68.827000,-0.43446035415609086,0.48016385806369577,-0.3376510991157306,0.4390118484174458,-0.21818658444456507,0.45033570528173206,-0.1076537038138271,0.4036186602192401,0.0118107974835987,0.41494265817302317,0.1223436229418452,0.3682254825722153,0.24180811086615805,0.37954962160711253,-0.11986960365079519,0.3107745048605758
68.877000,-0.4340586504857442,0.48046291748171127,-0.33732228176239804,0.4389045975103324,-0.21790813094682984,0.4507477636816183,-0.10760347373571727,0.4034943765278617,0.011810665859461,0.4153376558333268,0.1221152783036471,0.3680841641792517,0.24152940667915657,0.37992755661053174,-0.1179140758499907,0.3121895224514602
68.927000,-0.4335825516538658,0.4809008050754542,-0.3370562150442288,0.4388991887887885,-0.21767950789921808,0.45111400729755674,-0.10756432735837596,0.4034207476642979,0.01181237104854127,0.41563565157107285,0.12192751747289315,0.36794231316903586,0.24130420714251127,0.3801573024654526,-0.11576127148137522,0.3139979753678291
68.977000,-0.43336108376623894,0.4811097288858022,-0.3368653151857902,0.4389173386206074,-0.21751648803126356,0.45140162701983,-0.10753842716371226,0.4033930222930817,0.011810394053405115,0.41587736745334625,0.12178843209034385,0.36786871042628877,0.24113724737090014,0.38035311233922536,-0.11333035309362549,0.3169465371296208
69.027000,-0.43318519562039953,0.4812743531236565,-0.3367475335385902,0.438927054169988,-0.21741527268828673,0.4515687123030825,-0.10752169960730457,0.40336702565734694,0.011810558220283485,0.41600871232364844,0.12170411977775503,0.36780699940581674,0.2410363745835074,0.380448714596954,-0.11096640410868586,0.3201272859682488
69.077000,-0.43316912994004125,0.4812853345917038,-0.33672136364030303,0.4389168842474391,-0.2173948092234541,0.4516122932948729,-0.10752695260797374,0.40335201892162603,0.011799601851213093,0.4160474275711178,0.1216674586294989,0.3677871535685089,0.2409940131318603,0.38048256181219314,-0.10876820016969141,0.3231762546857019
69.127000,-0.43324294837022576,0.48122225954836956,-0.3367397714618222,0.43892688796177576,-0.2174052908651217,0.4515475749222849,-0.10751994462091519,0.4033271365174587,0.011814539013406178,0.41594779475581367,0.12169989686575572,0.3677273828037792,0.24103438353846024,0.38034801231270343,-0.1088411614384065,0.3228476441634756
69.177000,-0.43331893124436394,0.48118301797337926,-0.33677807832473206,0.43898759395445863,-0.21742370118389598,0.4514187104498239,-0.10747712696567419,0.4033380405535818,0.011877256050795315,0.41576910063533523,0.12182385299690968,0.36768848271123783,0.2411782418897167,0.3801194863723623,-0.10425739569901082,0.33116613466819794
69.227000,-0.43357734342646215,0.4810372787472708,-0.3368763873014342,0.43911093870287937,-0.217486066824786,0.45119197241742304,-0.10743285771939748,0.4033558859892593,0.011957471347337767,0.41543683481231963,0.12201071446895306,0.3676008266430364,0.24140105212641283,0.37968169056771134,-0.10209242988759137,0.3357303339968249
69.277000,-0.43382556138733214,0.480933840130179,-0.3370041549787832,0.43926764193742646,-0.21757367916912515,0.4509450323897548,-0.10736665656401978,0.4034643819259401,0.012063830161098354,0.41514166073989583,0.12227089715214795,0.3676611133001342,0.24170139479333336,0.37933828046842877,-0.10001440360665065,0.3406904202239837
69.327000,-0.434212231437102,0.48068398445861854,-0.3371417418189438,0.439491452743967,-0.217655757244939,0.45058647367500104,-0.10726025044910747,0.4035457245468938,0.01222574702090784,0.4146406065956084,0.12262130849758662,0.3675999857930421,0.24210731886417175,0.3786947289516611,-0.09993036625163237,0.3410443451979302
69.377000,-0.43461155515713457,0.4804833241936826,-0.3373787644347663,0.43974999454570574,-0.21783465035525587,0.45020010406373806,-0.10719840066808434,0.4037283894929118,0.012345727858194488,0.41417833374570123,0.12298204179400907,0.3677067721333519,0.24252618476745258,0.3781565511137309,-0.09630773310245266,0.35131737127876483
69.427000,-0.4355824743133477,0.4804055574569251,-0.3378736986840205,0.4402220073214954,-0.21825610431844508,0.44979442176052464,-0.10733613096343236,0.40400403509567673,0.012281478826621228,0.41357625678734,0.12320152596914186,0.3677860488614748,0.2428191511838766,0.3773580777993309,-0.09611276968896881,0.3523537721179591
69.477000,-0.4362634075348365,0.48027361165015287,-0.33845352620221636,0.44074725866985287,-0.2187663340584634,0.4494061290042186,-0.10754701163982872,0.40434769671951354,0.012140196265945924,0.4130063491806579,0.12335960070979046,0.3679481193622099,0.2430468243776508,0.3766065539437379,-0.09325031353239444,0.3629669807177406
69.527000,-0.4375040358257944,0.48021415561317937,-0.33915616807656634,0.44137611363246065,-0.21939123589316836,0.4488835112458922,-0.1078350765477607,0.4046656041042255,0.011929870905803996,0.41217275810990395,0.12348612019593214,0.3679550778880085,0.24325108291955871,0.3754619882796688,-0.09198383120452835,0.36886633837626104
69.577000,-0.4380319879251194,0.4803118907588784,-0.3396607058532848,0.44224024830476655,-0.21981959522725303,0.4484134325656831,-0.10791775222936895,0.405077794417885,0.01192337222306089,0.41125071025865456,0.1238253122881885,0.3679153227599766,0.2436664505667535,0.3740879701739978,-0.09103608440621791,0.37572049248623557
69.627000,-0.4390233754224872,0.4804961349080938,-0.34012478458053674,0.4431945906640572,-0.22021886059048226,0.4479453160919563,-0.1079663255139458,0.4055263537179078,0.011939610023499247,0.4102767876865159,0.12419224821256808,0.36785809817830545,0.2440981952969548,0.3726082406810389,-0.09047590706115471,0.3819920853566937
69.677000,-0.4397506785379792,0.4806287766166745,-0.34070212245215403,0.4442234083278686,-0.22074379813611775,0.44738575354758436,-0.10812322562016241,0.4059538015518309,0.011835106962561626,0.4091158331728918,0.12445578779408234,0.36768417560232525,0.2444141286428429,0.3708458936183098,-0.0901486035381509,0.38930336027845347
69.727000,-0.4408611291450308,0.4808422151539288,-0.34128902492156404,0.44531954356759734,-0.22129876607332544,0.4468485241210062,-0.10829730567893248,0.40646696956035994,0.011692957424535855,0.40799561613836716,0.1246945302176779,0.36761437610941067,0.24468479757552603,0.3691426887057621,-0.09011125324062275,0.3958196215482231
69.777000,-0.44136754175962656,0.4811333941393691,-0.3417049264249417,0.4466045834551313,-0.22170524778112563,0.446326868893208,-0.10831374067304517,0.4070538996171559,0.011685937152650205,0.40677583177231197,0.12507755988471214,0.36750319633503403,0.24507723689123306,0.3672247752012379,-0.0899610792262836,0.40347982554413714
69.827000,-0.44209293294901175,0.48126373327491634,-0.34198190901954867,0.4477432966718199,-0.22199953048521912,0.44568688201401824,-0.10819316345646718,0.4076328306696876,0.011789208722797206,0.40557604525637053,0.12559569334405218,0.3675223455919221,0.24557805916703257,0.36546518941883177,-0.0900812540155837,0.40987513040402634
69.877000,-0.4424842060269609,0.4814975795715575,-0.34212688470849195,0.4491107560073202,-0.22219506519441412,0.44506617098007045,-0.10798523828074602,0.40824069832390536,0.011946568183800577,0.40419572636472595,0.1261565139068217,0.36737062218368477,0.24608830732055098,0.36332526329150233,-0.09050381921031875,0.41749113904311863
69.927000,-0.44302011155871646,0.48186136540344776,-0.3422334405584141,0.4505317987702967,-0.22238560545432592,0.4444905720022224,-0.10777182000023117,0.4089422923830519,0.01207599488066663,0.4029006644340579,0.12668989932914854,0.36735276847558734,0.2465376939855678,0.3613107393468243,-0.09100729229757565,0.4267744029650566
69.977000,-0.4433373878693198,0.48211146553593776,-0.34229144509535847,0.4520044008744205,-0.22257100208503658,0.4438180997919872,-0.10755483851468756,0.409594100645793,0.012165576193268024,0.4014073856663195,0.1271818580815242,0.36718378415214303,0.24690224448585657,0.3589966552782718,-0.09135057813354314,0.434694126137962
70.027000,-0.44374375437262686,0.48249651410991773,-0.34230091467531853,0.4535195609437842,-0.22274537083938759,0.44320103691683144,-0.10733230398561261,0.4103403613393867,0.012223203201319033,0.4000214126877297,0.12763638676445943,0.3671611470189797,0.24719185730120963,0.356841773746523,-0.09170540998505822,0.44257122982083136
70.077000,-0.44396311736761146,0.48275843284159103,-0.34225200656775523,0.4550738264536691,-0.22291373150132174,0.4424890696356666,-0.10711137749968225,0.41102774722736724,0.012226851839935826,0.39844255680033347,0.12802932015270985,0.366981655149729,0.24736750376442462,0.3543960311184522,-0.0921541232570875,0.4522566373540414
70.127000,-0.4444056992204399,0.48307028301475335,-0.3423207625358378,0.45660826105311964,-0.22323645535043082,0.4418120526816719,-0.10705051038811658,0.4117982859534858,0.012033742052571739,0.397001636986842,0.12821979805951528,0.3669883001255181,0.24730399575448808,0.3521912105689748,-0.09216727329981622,0.4558478772682996
70.177000,-0.44456834946615936,0.48324820928134793,-0.34219177814337276,0.4582240852670463,-0.2234049442731106,0.44120385909114757,-0.1068236953170309,0.41276423195152834,0.01196307468659924,0.39574356004632216,0.12854443035521756,0.3673043703520446,0.24733113649149485,0.3502832527244101,-0.09307527372065139,0.46394536811888154
70.227000,-0.44471728931603866,0.48360171256733825,-0.34200050043006264,0.4599273119395952,-0.22354244900875955,0.44075206608803136,-0.10658118152466733,0.4139180967857713,0.011876797228472846,0.3947424020207674,0.1288381664016211,0.3679088759546218,0.2472960724859507,0.34873273228296203,-0.0932931754911816,0.46951077507478745
70.277000,-0.44476210570126956,0.48383565666381717,-0.3417619972910569,0.4616419482557613,-0.22369059058915228,0.4402143277757963,-0.10636966113923524,0.41499926257644393,0.011701663879724322,0.39357119200844415,0.12902268944857487,0.36835657403645994,0.24709393278384417,0.346928053386083,-0.0941641454736794,0.4766310954568987
70.327000,-0.44472118512052256,0.484188769771911,-0.34146212474185983,0.4633606033152553,-0.2238068645381217,0.43975467722898015,-0.10614867414345269,0.41616336032949763,0.011506495894086421,0.392556984846638,0.12916477639809965,0.368966117358583,0.24681985626865433,0.3453592924841231,-0.09455202660405282,0.4818119198424866
70.377000,-0.4446339955944546,0.48442396296186757,-0.34109326365050086,0.46507713215361046,-0.22391385059866703,0.43921238477754443,-0.1059424101523922,0.4172410571200945,0.011236904314081642,0.3913758631102434,0.12920842850514036,0.36940498511143594,0.24638764438549832,0.3435393444724645,-0.09493578857451479,0.48875116552220343
70.427000,-0.44446434637071386,0.4847009192717396,-0.34071704822489074,0.46676826155133533,-0.2240338625631361,0.43874980006922504,-0.10577130737656332,0.418403595490906,0.010911772112527751,0.3903846918552806,0.12917440439842132,0.3700389354227587,0.24585737771411598,0.3420195896379463,-0.09503019513259353,0.4928551008132897
70.477000,-0.4443564977456589,0.4846002721550157,-0.34031952423623146,0.4683167075167298,-0.2241609367252232,0.43819723656281745,-0.10561499851080924,0.41957304462522715,0.010543476021098841,0.38945313796013165,0.12908948409432014,0.3708293906904171,0.24524784564652974,0.34070904831855825,-0.09507158535372634,0.49490447085962946
70.527000,-0.4439353245666126,0.48481231417485104,-0.3398430602492294,0.46990568520418924,-0.2242250265660022,0.4377736095330934,-0.1054269574088203,0.42083198145648615,0.01019095740416237,0.3886994780680676,0.1289890892336294,0.3717582894678241,0.24460688517622875,0.339625358367717,-0.09530091498248167,0.4994565893941288
70.577000,-0.4434231354745817,0.48500097112640717,-0.3390774817384049,0.4714915213018366,-0.2240647205343241,0.4372560899472488,-0.10504971623561743,0.42191240228567684,0.00996292064748594,0.38767655328178874,0.1289779806626311,0.37233329779709945,0.2439904932248308,0.338097031149705,-0.0953972129687457,0.5035140450961226
70.627000,-0.4426744002879443,0.4850354775796619,-0.3382783075752258,0.47294138203851294,-0.22386614363205584,0.4367494389885252,-0.1046567835502174,0.42299704033272245,0.00975525187218107,0.3868046909975905,0.12896466078799917,0.3730527156539959,0.2433765676896288,0.3368599600387467,-0.09506378498967982,0.5063519979986082
70.677000,-0.4423097970652437,0.48509509854403937,-0.3376317384490603,0.47445728308699386,-0.2238345215923418,0.4363758780136613,-0.10444784713735011,0.4242588675870026,0.009349238170766883,0.3861770694142535,0.1287359544805461,0.37406047138226173,0.24253290824049323,0.3359782801158982,-0.09491382593553915,0.5114192735021006
70.727000,-0.4414281745533416,0.4850896930929552,-0.33679651017684564,0.4758743425730889,-0.223609002356756,0.43601724692529864,-0.1040732109023279,0.42547236374134556,0.009114163525111851,0.3856148892826885,0.12864999026862806,0.3750704061401259,0.24183723130408036,0.33521255287652907,-0.0944112546544737,0.5142209854296417
70.777000,-0.4407722150087373,0.4850927664068634,-0.33588211333124174,0.4771528843158358,-0.22334133565281072,0.43550467475751875,-0.10368299226662642,0.42645587053041234,0.008857651180963544,0.38480729825858084,0.1285160237291934,0.37575887966882027,0.24105653294720736,0.3341099446904848,-0.09421793974889886,0.5179748083172497
70.827000,-0.4400085287022811,0.4850583704442917,-0.3351247995422983,0.4784420169818519,-0.2231731062858014,0.4352353234104064,-0.10340831025826996,0.42772575776171506,0.008543249505369555,0.38451871830214057,0.1283080687332822,0.3770095226693128,0.24025949500499383,0.33380213732719827,-0.09353643134132511,0.5241405967439401
70.877000,-0.4397297750098633,0.4849992264137567,-0.3345748174726559,0.4796951580406096,-0.2231911734343677,0.4350444711395967,-0.10334371879308996,0.4289957013533501,0.008039793633763614,0.3843446861416293,0.12788726610326456,0.3782962696056766,0.2392706469195141,0.33364492608812146,-0.09347705262798495,0.525962577301891
70.927000,-0.43914155837696467,0.48501100850393575,-0.33408072403699696,0.48095495474878003,-0.22325521208243884,0.4349364160944782,-0.1033423257016915,0.4303647993437226,0.007483057960028738,0.38434595172560115,0.127395957085016,0.37977466926676584,0.23822121245502387,0.3337555126899671,-0.09061317093732862,0.5247608664198882
70.977000,-0.4388725922022621,0.4849724129607746,-0.333616587704196,0.48219646413332,-0.22335307917509192,0.4348471379926515,-0.10339561427092425,0.4316523590448367,0.006867770467888279,0.38430274463179415,0.12682524372395076,0.38110827929608304,0.2370885046736454,0.33375837661547897,-0.0892632050087756,0.5270795835018194
71.027000,-0.438465314764125,0.4847683356447987,-0.33325388778139375,0.483102539110751,-0.2234495241902487,0.4346979760890124,-0.103463683199848,0.4328546250492923,0.0063405621570618576,0.3844497938174717,0.12632640764965392,0.3826067358539966,0.2361305347737594,0.3342016364171152,-0.08924465422898142,0.5323616334706107
71.077000,-0.4382647812772783,0.4846092514918841,-0.33296183839595006,0.48407072774582643,-0.22365268405262526,0.43455801461685184,-0.10365449829316198,0.43389816723131214,0.005654544451983878,0.38438520772792073,0.12565273169836422,0.3837256308050824,0.2349616628472201,0.3342124249329212,-0.08714880463215019,0.5293476092954572
71.127000,-0.4375771470099143,0.48454846367781607,-0.33239194064172783,0.4850257385596738,-0.22353820422668969,0.4345196592307865,-0.10353917015451847,0.4350011133791365,0.005314462580211177,0.38449481059282425,0.12531349566380107,0.384976511074592,0.23416702472022727,0.3344699848363776,-0.08588262679365483,0.5292680176621352
71.177000,-0.43724936264700964,0.48445585904945354,-0.33203211445241765,0.48578163554697334,-0.22361482451364023,0.4343453523158692,-0.10362413226425649,0.4358399335652441,0.00479306297792903,0.38440345073333676,0.12478375247555118,0.3858982528883257,0.23320085302329419,0.3344615704610953,-0.08603963434258688,0.5324851016895975
71.227000,-0.4365772484790041,0.48421342772379566,-0.33145686085406745,0.486360492911955,-0.22342109050413342,0.4341276265938222,-0.10344494126455311,0.43652003346662993,0.004590744056188423,0.38428699127886057,0.12456688940106986,0.38667959345785635,0.23260248969453823,0.3344463754051507,-0.0837280061045842,0.5291260395901957
71.277000,-0.43618859756131007,0.48420514294669276,-0.3309754854171518,0.48694861013492374,-0.22330672249545247,0.43396335283856113,-0.1033476062888326,0.43709551473647723,0.004321082231540707,0.38411010625306863,0.12428019403991897,0.3872424365953291,0.23194880816099683,0.33425687692953604,-0.08250130048920001,0.5289471141516101
71.327000,-0.4356952050157126,0.48409323288594414,-0.3305613156948545,0.4874518939028244,-0.22319691133181233,0.4338525965639719,-0.10325611809114243,0.4376216967555153,0.004108223010205192,0.3840222726977607,0.12404901180223676,0.3877915144517842,0.23141328964396451,0.33419196367965726,-0.08130197249254811,0.5282700764045964
71.377000,-0.435392191407078,0.4840072186605005,-0.33019143575738386,0.48782050508930597,-0.22307444309102056,0.4337284550088911,-0.10315220080524029,0.4380476916243738,0.003964740638230435,0.38395554010879923,0.12388697883381439,0.38827489028579665,0.23100386905642722,0.3341826373393302,-0.07996642316737013,0.525689448584695
71.427000,-0.4349940045365441,0.48390925104085325,-0.3298504250901274,0.4881140889475669,-0.22292035908062965,0.4336534519413474,-0.10301466298944639,0.4384099259303536,0.003915364075958883,0.38394921245990393,0.12382105676581123,0.3887057721921019,0.23075104488916065,0.3342449822615552,-0.07852778581797282,0.5237321989961705
71.477000,-0.4348075005406066,0.4838644729033653,-0.32959982270944577,0.48832175009906226,-0.22280845022988946,0.4335896501585324,-0.10291539781656173,0.43865482369777997,0.0038759486426286904,0.38392267298724575,0.12376899864788637,0.38898790352537915,0.23056031908876207,0.3342557020489022,-0.07826569854997095,0.5259877960277111
71.527000,-0.4346475530047587,0.48385361415777856,-0.32944491708147244,0.4884493388305916,-0.2227352557873645,0.43355809921548094,-0.10285035290493993,0.4388126268686944,0.003859295270617069,0.38392136175086744,0.12374419689724625,0.38917591805565455,0.23045383195631353,0.33428462743913284,-0.07698117764213214,0.5229012101651546
71.577000,-0.4346307345580482,0.4838520146287197,-0.3293896518391166,0.488511687628313,-0.22270970364340303,0.4335627235529208,-0.10282712317021375,0.4388699732255308,0.0038528252126418527,0.3839210095134631,0.12373540570397401,0.38922825877625566,0.23041535427625892,0.33427929543195284,-0.07510787186509049,0.5138090268482769
71.627000,-0.4347611770197522,0.4839075229155425,-0.32944043814393736,0.4885037724575077,-0.22273563167629348,0.4336030960002858,-0.10285021422709212,0.4388458700873218,0.003854605456915794,0.3839452193173971,0.1237400241683212,0.38918796454179183,0.23044485707114926,0.33428733946395306,-0.07495398575209306,0.5145332261233063
71.677000,-0.43494888981012253,0.48400716549925177,-0.3296434169123924,0.48843593347808445,-0.2228587416287361,0.43369076817042207,-0.10296565609357367,0.4387551576554457,0.0038190451629327438,0.3840100430098639,0.12371213310091339,0.38907437561085145,0.230496860332767,0.33432931163228047,-0.07489458652730857,0.5148120372215923
71.727000,-0.435387714584103,0.4840408363853221,-0.32999084500731507,0.4882089576712249,-0.22306950599443465,0.4337311891771073,-0.10316472789129799,0.4385107481824765,0.0037566495437938996,0.3840330550981632,0.12366143101797922,0.3888125295333037,0.2305828468777099,0.3343349118636906,-0.0733376315300091,0.4997696602787474
71.777000,-0.4358467947488773,0.48394020387279457,-0.33045736957616756,0.48781142072079964,-0.22332072370073985,0.4337583069353816,-0.1034013461615656,0.43815636225457244,0.003735350546550442,0.3841033492228335,0.12365473222180401,0.3885012917643584,0.2307914797650491,0.3344483794913723,-0.07332321123563801,0.49982857728479907
71.827000,-0.43662388350596565,0.4838108687208182,-0.33104985168935724,0.4872548469549532,-0.22365354916438074,0.43371949224556666,-0.10371611573660139,0.4375940325740352,0.003680249621622944,0.384058803913471,0.12361768759688446,0.3879332034708517,0.23101411579073633,0.3343981008642545,-0.07332718573213509,0.48903955179126557
71.877000,-0.43724254803140533,0.48374866785947473,-0.3317811856889854,0.4866029178333813,-0.22406218387960025,0.4337198709356518,-0.10410593862552409,0.4369601216271216,0.00361313747098152,0.38407722604723654,0.12356938727675076,0.3873173082276058,0.23128853766273133,0.3344345639708986,-0.07384799159108163,0.4830699080073089
71.927000,-0.4379851853735055,0.48420726326404967,-0.332409897394234,0.48614857942275064,-0.2243566555797154,0.43395186560499066,-0.10438183017143537,0.43640976475928805,0.0036714964386010407,0.3842132264784329,0.12364632583965607,0.3866709307299038,0.2316997372474019,0.3344745679912185,-0.07453885742651845,0.47725016261195774
71.977000,-0.43828157659030703,0.48478158934711096,-0.33287017430046745,0.48593231441019974,-0.22449720073944032,0.4344027248374032,-0.10450631385736903,0.4358815978048838,0.00386675418508331,0.3843522069384476,0.12385764377848285,0.38583085990132887,0.23223080630426052,0.33430166774618925,-0.07501892189915166,0.47611045919254696
72.027000,-0.43907152242040537,0.48534514697355263,-0.3335165843695414,0.48564882856149205,-0.22475678496953722,0.4349407818469733,-0.10475737187968387,0.43531604957009906,0.004002531059557446,0.3846082249295335,0.1240019449153894,0.3849832476363637,0.23276195139577094,0.3342756450750161,-0.07749207482280812,0.46325092048754407
72.077000,-0.4396170394549221,0.48608438529349624,-0.33411902082849476,0.48518763821818517,-0.22492396412426283,0.435423800045552,-0.10492646781274007,0.4346486368136221,0.004268700339710996,0.38488504318865957,0.12426619491496821,0.38410961122439663,0.23346147451746674,0.3343462621525679,-0.07908602968017903,0.45678006432334345
72.127000,-0.4408413946515609,0.4869045646892236,-0.3351500364563059,0.48478809152980473,-0.22549752731753755,0.43604050452351195,-0.10551548857676407,0.43396435918402354,0.004137139047780125,0.3852170386997467,0.12411917274200968,0.38314060173707654,0.2337719188536589,0.334393547779551,-0.0799515077092795,0.45409369131166283
72.177000,-0.44133289140658305,0.48754303598962684,-0.33588427459606884,0.4843866347596908,-0.22573673953799864,0.43676814550264625,-0.10578754556898418,0.43327660357621867,0.004360113972132984,0.3856584022650994,0.12430929881339786,0.382166546776056,0.2344570828385541,0.33454863341522423,-0.08020442041822834,0.4532095690318272
72.227000,-0.44204230025004565,0.48862893204235386,-0.33646919071038256,0.4838655424068309,-0.22582927306489933,0.4374025612274617,-0.10592841456795044,0.4325256636985294,0.004711632151996492,0.38606298987876553,0.12461247710059536,0.38118575926855347,0.23525265289565672,0.33472339281233593,-0.0848722398969865,0.4369127161865582
72.277000,-0.44262097619237895,0.48964834732286094,-0.3372771127574341,0.4835753148832688,-0.22613841340249147,0.4383183873200155,-0.1063200396373527,0.4317185921139829,0.004818792813957362,0.38646199140056237,0.12463714716955698,0.3798618438264224,0.23577611271787602,0.33460556996716245,-0.0858496472148309,0.4345901201495287
72.327000,-0.44348166986698595,0.49105772806388837,-0.33800922107938025,0.48327675862225855,-0.22639197119830454,0.43921328735123966,-0.10667990065496241,0.430905449806537,0.0049374851403074516,0.3868423228215313,0.12464953005793594,0.37853411603047915,0.23626705176793344,0.33447133333594753,-0.09054128571635578,0.42327025579436456
72.377000,-0.44415428479876345,0.49195672419518754,-0.3390240502785094,0.48282510384399246,-0.22688608853305633,0.4401041776513807,-0.1073108758574366,0.43001613977237163,0.0048272234199485675,0.38729557458843855,0.12440240361865412,0.377207151762481,0.23654064042805828,0.33448694759094855,-0.09367395207314011,0.4156731924659243
72.427000,-0.44447732905740595,0.4939028531549487,-0.339634659750938,0.48252507323520993,-0.226994811373175,0.44114555468838357,-0.10760288559529496,0.429080395885871,0.0050371011264353505,0.387701253929313,0.12442898656659629,0.3756356959677356,0.23706911163224564,0.33425693060520384,-0.09706920008724673,0.40836401128934136
72.477000,-0.44440719977380777,0.4957231267521111,-0.3398499764349035,0.48261251977883257,-0.22682543799503058,0.44229560386699035,-0.10769313723234902,0.42789092014078867,0.005331540396448509,0.38757439443363917,0.1244637914283857,0.37316929942092114,0.2374886082457458,0.33285316392170594,-0.09786264594012806,0.4069174231503656
72.527000,-0.44457043471491076,0.4978905886693819,-0.3401974793606451,0.482576720836275,-0.22674694814078503,0.4434745857926725,-0.10791795157869566,0.4267512615637996,0.005532718408080672,0.38764952913941436,0.12436165562178664,0.3709257832109961,0.2378124643748994,0.3318244534087828,-0.10404712399170662,0.395323300272437
72.577000,-0.4446157720754039,0.4992315198613359,-0.3405848218126495,0.48225983841236025,-0.2266317941632114,0.4446472409281682,-0.1081288421268134,0.4257514647172935,0.0058243221226841335,0.3881392810860754,0.12432720553509113,0.3692430745117974,0.23828050638381781,0.3316313047360869,-0.10724220401505974,0.3897122461166345
72.627000,-0.44450715806924385,0.5017651616474768,-0.3409121631967287,0.4821553516358437,-0.22648975853946257,0.445995798092572,-0.10835663506604598,0.42491108471053196,0.0060659033399240725,0.3887519544011039,0.12419894882480514,0.36766680407070973,0.2386216209785052,0.331508096997492,-0.11014439003934512,0.3843301905775193
72.677000,-0.44439240026598686,0.5034701977943613,-0.34108561289601025,0.48254908247905104,-0.2262273513253687,0.44779883429418726,-0.10854060325514808,0.42435039450274303,0.006317788687834225,0.389600577233989,0.12400444878635164,0.3661516959205323,0.23886297110176635,0.3314023095740242,-0.11193397429671931,0.3806310412475441
72.727000,-0.44396486290576614,0.5060581781581192,-0.34122215377240517,0.48258388090616433,-0.22593345762230688,0.4492894888857753,-0.10872201571324158,0.42357027650334383,0.006566806596661812,0.3902763213403929,0.12377815104855283,0.36455666481556737,0.23906709951838157,0.3312631465166828,-0.118037393620393,0.3703668305614412
72.777000,-0.4436731323214118,0.507618030266948,-0.34131205264393455,0.4826585014335607,-0.22558414801971532,0.45092441737103245,-0.10889359228416584,0.42293666644087347,0.006834433302055909,0.3912030235060512,0.1235248823538756,0.3632148277784827,0.23925302890236033,0.33148162597890996,-0.12189518127567406,0.3641825759306159
72.827000,-0.4430713458050557,0.5100984661997907,-0.3413514993520624,0.48270567151173494,-0.22522596553439314,0.45245901226544205,-0.10910315256988068,0.4222019088150314,0.007022496773220144,0.39195569310722456,0.1231451941707517,0.36169814612929996,0.23927095903964685,0.331452373968318,-0.12468437308986158,0.3602020536786597
72.877000,-0.4425850942327237,0.5117156613150108,-0.34131056823741657,0.48276047537662453,-0.22478953657082842,0.454075127560118,-0.1092813485781976,0.42155039071784606,0.007239792420823843,0.3928654870177085,0.12274785644586406,0.36034030992077015,0.23926910677767232,0.33165585034573125,-0.12677557398164724,0.3568227482108035
72.927000,-0.44174540006113727,0.5140307677201881,-0.3412195399257407,0.48273959233233776,-0.22433726932721298,0.4555635952074383,-0.10947659755881817,0.4208213143250169,0.007405776017467114,0.39364576010484115,0.12226631613603878,0.3589030439808825,0.23914879269039435,0.3317279326743859,-0.13074963600082173,0.35103077699287344
72.977000,-0.4410491145319302,0.515528892592941,-0.34097917024703395,0.48273764254843315,-0.22374096734201462,0.4571406939099426,-0.10956498058819625,0.4202104346529067,0.007673318329048495,0.3946139257700381,0.12184916655719358,0.35768323824078174,0.23908756148642207,0.3320871691203437,-0.13180034305713306,0.34941125402672113
73.027000,-0.4400878775254889,0.5176070335566304,-0.3408146920534486,0.4826373939505514,-0.22325080766814503,0.4585805219959732,-0.10977477132622099,0.41955246572710003,0.007789202052024824,0.39549602867754674,0.12126509401232638,0.3564675526143701,0.23882915638272834,0.3324115504741922,-0.1360721405459226,0.34301277327352003
73.077000,-0.4393262062306726,0.5189897620846995,-0.3405416025907104,0.4825697333692576,-0.22266623392769272,0.4600886866285554,-0.10992310808195666,0.41899139262356655,0.007952342214345598,0.3965107739166899,0.12069531882032086,0.35541307050123755,0.23857085074875567,0.3329328798305927,-0.13786275865553366,0.34018209802038296
73.127000,-0.4381230533525306,0.5210531932148393,-0.3402200803635392,0.4825344121823411,-0.22207060877379198,0.46154149997218047,-0.11007709292208323,0.41844332823400754,0.00807245321259914,0.3974508355719014,0.12006581601886052,0.35435226613688287,0.2382154366971428,0.33336019302396735,-0.13939847790681587,0.337594955668223
73.177000,-0.43726879933519786,0.5223988277127312,-0.3398424403911169,0.4825252002008128,-0.2214327423414189,0.4630535950338174,-0.1102063059776836,0.41801272632745307,0.008203459332186691,0.39854153018388205,0.11942974010777518,0.3535002772613671,0.23783957267638045,0.3340294901413028,-0.14159013885071026,0.33380374752889375
73.227000,-0.43592621962967165,0.5243504728519985,-0.3394243385786808,0.4825173210351696,-0.22079277900027136,0.46444654152806786,-0.11034745102392252,0.41752288514669933,0.008284169030869593,0.3994525026611122,0.11872933996658941,0.35252847665119214,0.23736102049628316,0.3344584911863207,-0.14352146249330328,0.33034743146724665
73.277000,-0.4349996061995679,0.5256020843616462,-0.33896706129313203,0.4825096688098063,-0.22012850904287246,0.4658543843912705,-0.11047034247054843,0.41711952516302975,0.008368263457002811,0.40046462374644426,0.11802627296102591,0.35172941110080613,0.23686493256439062,0.33507489268460405,-0.14411333802215753,0.3286908143224141
73.327000,-0.43357343246506247,0.5270791955644428,-0.33847778490600594,0.48235691280086135,-0.2194569607576466,0.4670584351300901,-0.11055894608486488,0.41664789654638634,0.008461925328607234,0.4013497865985695,0.11735978425328059,0.3509389115655528,0.2363807029303176,0.3356411693376325,-0.1444587822490045,0.32730068842703847
73.377000,-0.4324130266359606,0.5279781643583336,-0.3377341146032027,0.4821827190111271,-0.21854290728747713,0.4682738694765708,-0.11038080105287168,0.41630312028101746,0.008810447162943602,0.4023946212422652,0.11697240057091524,0.3504235539834064,0.23616368968513818,0.33651540543499514,-0.14548241071378937,0.3247919659406632
73.427000,-0.4309477057979807,0.5290986661564232,-0.3370727551874083,0.48184030978597403,-0.217730645871845,0.46929196551073293,-0.1102452581082462,0.41593569681019293,0.009096886138024507,0.40338768475090114,0.11658212537130813,0.3500311168393585,0.23592430454675045,0.3374834369903019,-0.1452226601816699,0.3239690528384603
73.477000,-0.42997318434701454,0.5297457175866317,-0.33644606403834026,0.4815389583436237,-0.21697984636776793,0.4702330821954154,-0.11016082056206711,0.41555497208084824,0.009305426693694496,0.40424940855591074,0.11612430941579693,0.34957101891446785,0.2355905862553223,0.3382657680064582,-0.14693424190249982,0.3214462157102171
73.527000,-0.42833481742824214,0.5307784760153884,-0.33560885573857363,0.4813841907960389,-0.21603698788161063,0.47125658416391314,-0.10986822047679173,0.4153263345080391,0.009703672059344415,0.4051990192554768,0.11587230316971453,0.34926851088145017,0.23544422038371504,0.33914148700143953,-0.14452409571507585,0.3218396720527766
73.577000,-0.4274188518829346,0.5312935592110333,-0.33497914649733357,0.4810603349635475,-0.21531612917186027,0.47207355110407495,-0.1097563767857393,0.4150022038645311,0.009906660704175563,0.4060156885075864,0.11546628503161005,0.3489441044100102,0.23512934268471686,0.33995785754702196,-0.14359884728870892,0.32067183351127365
73.627000,-0.42612427912283546,0.5319673959855616,-0.33437593088292245,0.4807373906015265,-0.2146417345413199,0.4727547703373903,-0.10965064109042127,0.4146439254301569,0.010083571590196905,0.4066615502445794,0.11507454609581402,0.34855049043486075,0.234808775114293,0.3405683603180793,-0.14266055570258812,0.31981578429145713
73.677000,-0.42538851926691557,0.5324370623040131,-0.33384564641387166,0.480469941003278,-0.21405252756816268,0.47342659824541466,-0.10958593622745211,0.41437804793605526,0.010207195560330062,0.4073349253003258,0.11467367839764064,0.3482861830310287,0.23446682312650458,0.3412432805074706,-0.14066578574202748,0.3206201814852462
73.727000,-0.42436042915905314,0.5329858199648376,-0.33339818435851154,0.4802667206792603,-0.2135619585911466,0.4739994252433168,-0.10956159691045841,0.41413353538528147,0.010274639097505756,0.40786643576171105,0.11427490295758391,0.3480003759678473,0.23411114920536513,0.34173347214783023,-0.14101598474266958,0.31964935897882724
73.777000,-0.42374924210755993,0.5332928299338292,-0.33297568783439313,0.4800259543405055,-0.21310284870608576,0.4745030530193964,-0.1095254793204164,0.41390826322013186,0.010347367582953959,0.4083855306569083,0.11392465166383114,0.347790595042604,0.23379750634163676,0.34226803122880667,-0.13942768065865702,0.3195276504098334
73.827000,-0.4230479306358496,0.5336757497004074,-0.33264913956060294,0.479820932923473,-0.21274982877282425,0.4749061315426776,-0.10953805793144183,0.41369068937501324,0.010361258667615003,0.4087760297656271,0.11357295712825799,0.3475604655612027,0.2334722795380797,0.34264594771479573,-0.13460213620538536,0.3223671327428318
73.877000,-0.42266116985697716,0.5338650223798301,-0.332412158514354,0.47963914024083604,-0.21249206233690188,0.47526072584270124,-0.10957164095899913,0.4135566996923905,0.010348459370176033,0.4091783990070148,0.11326882223976631,0.34747427526674113,0.23318892672025582,0.3430960882858863,-0.13210389215186252,0.32430037536495665
73.927000,-0.42219547865387325,0.5341240909263034,-0.33217600555340066,0.4795163354359665,-0.21224229015646218,0.47552836900846873,-0.10956039730610784,0.4134282173045535,0.010373320945596343,0.4094403367319539,0.11305516934326831,0.3473401115260957,0.2329888904494023,0.3433523168001484,-0.13238807474982767,0.3236210838637418
73.977000,-0.4219642597458027,0.5341868506796462,-0.33201751435925586,0.4794141655295635,-0.2120744623179313,0.4757176447029045,-0.10956037345328151,0.41334087351808196,0.0103826803471051,0.40964440976912675,0.11289673953003354,0.3472675898034371,0.23283979508920793,0.3435711831241572,-0.12688440734099438,0.32852189717252267
74.027000,-0.42179803866728294,0.5342203144679757,-0.3319284720914047,0.4793029649334135,-0.21198026701243802,0.475777614212106,-0.10956921838898215,0.4132318140395197,0.010378987533499362,0.4097064920184762,0.11279002119322062,0.3471606673446235,0.2327382279589743,0.34363537401581623,-0.12710826655484075,0.32797999066097694
74.077000,-0.42177554850437426,0.534255862094856,-0.331900717915834,0.47930201142011586,-0.21195073593489253,0.4758376467206272,-0.109572540662767,0.41323808495840686,0.010377441328893011,0.409773720630038,0.11275563640915442,0.34717415855403433,0.23270561841130588,0.34370979458891876,-0.1276735474289039,0.3266193793200247
74.127000,-0.4218720406438896,0.5342174078485314,-0.3319191539789648,0.479327544551435,-0.21197118356171338,0.4757942185596824,-0.1095658809123386,0.4132390110300088,0.010382088667924616,0.40970565662461816,0.11278740613877092,0.34715047335827526,0.23273537488180773,0.34361709053139566,-0.11867927152740282,0.337809806163873
74.177000,-0.42191169522471994,0.5342183883637207,-0.3319366534082815,0.47942334756866023,-0.21199457867235325,0.4756952518636854,-0.10950608132640455,0.4132764413883616,0.010435991649274612,0.4095482890522377,0.1129245184699248,0.3471295269728929,0.23286658968510243,0.3434013179983685,-0.11590757255618839,0.34148896685018315
74.227000,-0.4221713220264622,0.5340703715177095,-0.3319716312644102,0.47954732485767476,-0.21204034374206066,0.47548699565531577,-0.10940491270850339,0.41331008437342676,0.010526371927966016,0.4092496699307646,0.11316184715730199,0.34707283160290847,0.233093128907574,0.3430123319123741,-0.1131975546935387,0.3456300852759811
74.277000,-0.4224155876649655,0.5339423770860929,-0.3320486076590694,0.47971577251757774,-0.21213422218413203,0.4751836476171572,-0.10928920613177595,0.4133540214417356,0.010625175039056134,0.40882178266147284,0.11347024981405929,0.3469922541631426,0.23338462668037874,0.3424599014951386,-0.11050851683045049,0.3502225672679074
74.327000,-0.4229731015337902,0.5337264375303749,-0.33222903145768706,0.47989466481029525,-0.21233693878119742,0.4748068250278432,-0.10922128109924178,0.4134296212725591,0.010670805577946696,0.4083416401219063,0.11378653563660912,0.3469645579619587,0.23367861631398512,0.34187643543498925,-0.11039907799498117,0.35056412731759223
74.377000,-0.4233428605080995,0.5335052497193788,-0.3324486313242382,0.48015890732978994,-0.21258846452206637,0.47436749878531886,-0.1091436792615853,0.41354664379943856,0.010716479386498279,0.4077550664987656,0.11416135028532037,0.3469343571677612,0.2340215007786518,0.34114261110207245,-0.11026398137264415,0.3508106701938183
74.427000,-0.42422257450921413,0.5333873466737891,-0.3328262462158969,0.4805261887621888,-0.21300430811888882,0.4739914253858196,-0.10919524850103268,0.4137944227602042,0.010626679016607021,0.40725946540256885,0.11443583609346691,0.34706263084423017,0.23425775303099688,0.3405274794975086,-0.10302317693525948,0.3655395376131348
74.477000,-0.4249094168308475,0.5331294575570314,-0.3332198195899991,0.4810167370977081,-0.2134515537427707,0.4735627116900323,-0.1092141882807579,0.41411044816104237,0.010554063904951783,0.4066562032488512,0.11479153833212186,0.34720413076835,0.23455977685545282,0.33974966634431036,-0.10277638023096441,0.3663443956169486
74.527000,-0.425807143445961,0.5328937363475627,-0.33355731912415515,0.4815381228754469,-0.21386055046315164,0.47301265678183496,-0.10916142907108461,0.41437739452669947,0.010535322186064733,0.4058516840880777,0.115234563278719,0.3472166355708164,0.23493129713098299,0.3386906807797444,-0.09875150847375525,0.37720918541749493
74.577000,-0.4265421125462199,0.5328705989770867,-0.33400243407932606,0.48219151916254044,-0.21439746722876485,0.4724625981984726,-0.1091897474761992,0.4147448738588339,0.010415197541111587,0.40501568448586917,0.11562304682451252,0.3472981962553321,0.2352279700073826,0.3375687384662933,-0.0967590673374355,0.3838183975529032
74.627000,-0.4276874907276709,0.5326978581810106,-0.33453200538521055,0.4829681883879123,-0.21503643333105563,0.4719769078476618,-0.10929374483107357,0.41524522520176355,0.010201800477749823,0.4042536538941014,0.11594462702658903,0.3475222285594465,0.23544014558875548,0.33653036647771717,-0.0967485781268414,0.3845380749697399
74.677000,-0.4285156211072215,0.5326150634871478,-0.33499461576116746,0.4837710067448593,-0.21563697441392554,0.471371270843949,-0.10935889212638716,0.4156490201451454,0.009998716840202482,0.4032489725578229,0.11627694464337379,0.34752699939934295,0.23563452122782635,0.33512664011923554,-0.09640416814780745,0.3871827613677289
74.727000,-0.42988549598345044,0.531919357190242,-0.3356019780739517,0.48412210398748184,-0.2163983878612343,0.4703197824343225,-0.10949336309772056,0.41581000642821986,0.009710188721184398,0.40200735329137993,0.11661536511661091,0.3474978746680647,0.235818878539998,0.3336948899408888,-0.09264306719015264,0.40326148469642376
74.777000,-0.4303076808757722,0.5319946800301522,-0.33583060788592545,0.4851602246446008,-0.2168380243759325,0.4696436184078835,-0.10936234082293367,0.4162678051232368,0.00963019702054585,0.40075084868661437,0.11710603766448935,0.34737535171600564,0.23609852983968693,0.3318580450739525,-0.09167612038205603,0.41088557981183976
74.827000,-0.43118798264692865,0.5321908834641901,-0.3360321954315597,0.4863196459384695,-0.21728209068074028,0.46904502262795367,-0.10923430098478087,0.41683702393134536,0.009515750395613587,0.39956203374307153,0.11756370139118061,0.3473543688676207,0.23631369939935404,0.33007901179719956,-0.09097033937144278,0.41707290715358697
74.877000,-0.4318102539152749,0.5323702332479711,-0.336302665082335,0.4875669082606977,-0.21782992323506598,0.4684826362238224,-0.1091949118227199,0.4175077963983129,0.009277768519132201,0.3984231425475237,0.11791294421671561,0.3474486528399054,0.23638556305131309,0.32836361717163176,-0.09086922698967592,0.4197332462016732
74.927000,-0.43247944931707666,0.5326108399843638,-0.3363940564114118,0.4888825747251923,-0.21824465278110766,0.46788928003847163,-0.10900501497556525,0.4182233809515337,0.009144318424005815,0.39722969101295846,0.11838412238198959,0.347564157378241,0.23653338554919334,0.3265700721862915,-0.08985581261720527,0.43226245104983396
74.977000,-0.4328253823555396,0.5328743167736503,-0.336337534367918,0.49033736696411484,-0.2185826619867849,0.46723347052859876,-0.10876723169881142,0.4188540196153522,0.008987560835076791,0.3957497162218082,0.11880315832180588,0.3473706448310436,0.23655787100716852,0.3242659344803872,-0.08928979691897726,0.4400693851593221
75.027000,-0.43324684286284054,0.5332776949998433,-0.3362226983255614,0.4918289647216938,-0.21889759217380927,0.46663334076672713,-0.10851067453490748,0.4195724396471956,0.008814342147244747,0.39437639907466304,0.11920142689747426,0.34731588993647333,0.23652635410899525,0.32211943274877963,-0.08895438416149887,0.44796761300332566
75.077000,-0.4334585224115999,0.5335491144439078,-0.3360032619350018,0.49335553875168797,-0.21917594376356128,0.4659442686448691,-0.10822215897441151,0.42023587071885327,0.008605059610889532,0.39282417617761267,0.11955901045845208,0.3471161813482984,0.23638612945682658,0.31970406237621474,-0.08864479829808003,0.4513615086906372
75.127000,-0.43373600405244206,0.5342138491559897,-0.3358348830568991,0.49497590782589757,-0.2195407680090788,0.46538403723245403,-0.10803038996058179,0.4210508037902422,0.008263615608303299,0.39145850295507756,0.1197741576706241,0.3471256820553452,0.2360680537601701,0.3175329509835314,-0.08844977382770314,0.4598488674403984
75.177000,-0.4338609761776914,0.5342923353924027,-0.3354261030455124,0.49665289333622153,-0.21971388303146708,0.46486166594266753,-0.10762421821160717,0.42201418013091874,0.008087882514827949,0.390222518563099,0.1201777081036619,0.3473754533277613,0.23588968954245404,0.3155833575919318,-0.08810067918381348,0.46339637908542375
75.227000,-0.4338989043974007,0.5345883289462701,-0.3349914714318505,0.4982334851080576,-0.21987251630412857,0.46435685348326505,-0.10719965530680525,0.4230673100778593,0.007919171442626605,0.389190242203342,0.12059218890609436,0.3479011257726634,0.23571088727733136,0.31402362165484954,-0.08766776097834861,0.4709574958128921
75.277000,-0.4338661322162643,0.534804852252162,-0.33446733600208295,0.4998911391849802,-0.2200083997387165,0.46384738924913627,-0.10676877266092621,0.42413861365401806,0.0076900262040418,0.3880944274048067,0.12092980464802944,0.34838608347135824,0.23538846611462377,0.3123414609146633,-0.08763568673335409,0.4779018191829086
75.327000,-0.4337782749974882,0.5351317242260742,-0.33393232898459935,0.5015559446189095,-0.22015338941138876,0.4634199654183114,-0.10636998688849447,0.4252973040434056,0.007408807019403718,0.38716089025216405,0.12119235515374954,0.34903866348152834,0.23497100339649452,0.310901815105628,-0.08720229483125957,0.48492656549710794
75.377000,-0.43365141223174264,0.5353342686277069,-0.3333443167801472,0.5032099431542042,-0.2203131030485159,0.46291174564672555,-0.1060099201948057,0.42637707184896756,0.007021139937252507,0.38607844351721765,0.12132446204344738,0.34954420539070374,0.23435536857613237,0.309245146240434,-0.08691279085453968,0.4897454001762724
75.427000,-0.43337771041991724,0.5356269258209011,-0.3327033351345122,0.5048513808356173,-0.2204315120080967,0.462483495216082,-0.10563483255137734,0.4275303496393208,0.006636830026671148,0.38516203858070075,0.12143364193325556,0.3502093280122289,0.23370514396325515,0.30784059152024795,-0.08628870496454044,0.4963566238198275
75.477000,-0.4331311877800195,0.5358521831637815,-0.3319963574127269,0.5065311286837673,-0.22055205208349768,0.4620320634580757,-0.10529269429293103,0.42863624873359707,0.006151444118954963,0.3841367654792176,0.12141092717655605,0.35074138309332514,0.23285489867140557,0.30624148181557875,-0.0858693209375011,0.5006303397616383
75.527000,-0.4327776699371233,0.5358490589926584,-0.3313104677607593,0.5078719868576252,-0.22064189166608694,0.4614773076000039,-0.10491117552444906,0.4297534783975491,0.005757228936676961,0.38335838973217135,0.12148806243490345,0.351634988657753,0.23215629526314457,0.3052394905904442,-0.08541124838084213,0.5045703776410476
75.577000,-0.432499509710122,0.5361044435534076,-0.33058350578984214,0.5096808292685778,-0.22072047418933563,0.4614095719081297,-0.10453713838318118,0.4313857067259289,0.005325717926145557,0.38311405041325736,0.12150916275622559,0.3530906071240489,0.23137184377611353,0.3048185518670495,-0.08464089216507686,0.5102188331284797
75.627000,-0.43190140805689076,0.53624779252873,-0.32977912181534813,0.5114737788329705,-0.2206754037783226,0.4615100048516084,-0.10405603712705802,0.4332270891282963,0.005047503483393112,0.3832629277100652,0.12166697056645226,0.35498042610187497,0.23077033375188583,0.30501587725380863,-0.08400859407296646,0.5134460653319846
75.677000,-0.43137382515122435,0.5361250580130023,-0.3288036788938213,0.5127387277808955,-0.22053310971551277,0.46099431890607107,-0.10353230928330226,0.43433324806820084,0.004738081149024409,0.38258846518498213,0.12173897367537778,0.35592779850095824,0.23000918536285775,0.3041826416150417,-0.08305232723215977,0.5182773139983085
75.727000,-0.4304945615470787,0.5359489667606255,-0.327777309837345,0.5139684033314321,-0.22032390667982943,0.4605477504912813,-0.1029797441958677,0.4354410276677574,0.0044734801756516895,0.3820200152085822,0.12181772668196822,0.35691368509316146,0.22927077226849613,0.30349231302000096,-0.08208745592669336,0.5231887708297056
75.777000,-0.42987142461501743,0.5358029999750794,-0.32673349405319313,0.515123983972969,-0.22012368533552917,0.4600390614879269,-0.10246708193657866,0.43643983106356604,0.004142549245046756,0.3813545649816289,0.12179922869950205,0.35775571374366544,0.2284086823461176,0.3026701040695393,-0.08096713308296422,0.5280643885700744
75.827000,-0.4291555941525419,0.5357222003881851,-0.32578096372289983,0.5163676023355617,-0.2199757971980156,0.45975252720270954,-0.10203705350187209,0.4376063597435681,0.0037679381030345516,0.3809909577124736,0.1217067502194894,0.35884515462673244,0.22751156690586305,0.30222942570252315,-0.08019574604776608,0.5280834701743111
75.877000,-0.4287544546121875,0.5354099467406079,-0.32504508140571015,0.5174050523554932,-0.21997839868190713,0.4594309876785968,-0.101758566496301,0.43883799694058606,0.003307945745257612,0.3808636232989554,0.12152783848554527,0.3602709801950894,0.22659418024667166,0.30229629759415644,-0.07871724136452202,0.5313114037698929
75.927000,-0.42811626091943344,0.5352522204053075,-0.324327035539533,0.5185552034500831,-0.21997791140964784,0.45929931522781187,-0.10151919279170962,0.44012819171284334,0.002829766383431076,0.380872013007588,0.12128853836753117,0.361701219246012,0.22563733258991603,0.30244475006315685,-0.07744009334511393,0.5322482470449756
75.977000,-0.42780201293231557,0.5350912068661067,-0.32368860277597405,0.5195667585204337,-0.2200259822176789,0.45911792810823226,-0.10134883310306148,0.4413490149068067,0.002313629563327202,0.38089991372940524,0.12099082508901005,0.36313131050653613,0.22465312986547736,0.3026819385689641,-0.07576863650376392,0.5344355491502095
76.027000,-0.42746111406628506,0.5347903672283177,-0.32329274401069125,0.5204868504021799,-0.22025540575839514,0.4589782581438058,-0.10138776176544517,0.4425318844523799,0.0016494267745778002,0.3810230414012167,0.12051711079710631,0.3645769570297638,0.22355414962697112,0.3030678631907409,-0.07537360935777632,0.538042652113448
76.077000,-0.42723500579849333,0.5348143561317422,-0.3227688238355921,0.5213886309163096,-0.22037767768092215,0.45881025456120117,-0.10135507696326002,0.44352560497472615,0.0010359288813943657,0.38094699904403706,0.12005856386863212,0.36566261631943864,0.22244942940592616,0.30308378081867016,-0.07325860735879053,0.5365445608086786
76.127000,-0.42671210573396545,0.5346708962588232,-0.32229050458954134,0.5222764290707997,-0.22047595171136342,0.4587642506286962,-0.10132006808266653,0.4445559644726545,0.0004943548577053258,0.38104357773145364,0.11965026755402447,0.36683553534924407,0.22146456055935665,0.30332294031433016,-0.07274273132274978,0.5415073932267589
76.177000,-0.426447627756664,0.5345469061732856,-0.32183823515442656,0.522970713236219,-0.22057425681046464,0.4585843273455887,-0.10130666583054937,0.4453464370284669,-4.280576057746899e-05,0.3809598651222639,0.11922480953601522,0.3677221938895862,0.220488551334991,0.3033354359732739,-0.07263629637457464,0.5429813003807697
76.227000,-0.42582643048006424,0.5343469655197944,-0.32126452090006097,0.523572715406439,-0.22049667724333386,0.4584125920023792,-0.10113894122326417,0.44601376740761,-0.0003712034820909649,0.38085348020915616,0.11898655269147312,0.36845484962426944,0.21975418451979906,0.3032943986361909,-0.06996524258078973,0.5357395179544997
76.277000,-0.4254303901162739,0.5342480789767594,-0.32066746813625774,0.5240173008767977,-0.22035587593277697,0.45815696024869995,-0.10092486199631917,0.446485074873117,-0.00061336217867064,0.38062459353278394,0.11881766813046479,0.36895287568966045,0.21912907556505923,0.30309225364175385,-0.06892131709102106,0.5354562478866833
76.327000,-0.42493724944729516,0.5341593499693944,-0.32021472121198835,0.5244573403345926,-0.22028650100625527,0.45801675933079705,-0.10079670696995535,0.44696284058017827,-0.0008685651258816263,0.3805221417187268,0.1186212419476198,0.36946836389754434,0.218549305432864,0.3030275471829944,-0.06870931821313198,0.5366668971893611
76.377000,-0.4245383561884066,0.5342241062245778,-0.319700606875372,0.5249341238559939,-0.22010489552723597,0.45799613553053986,-0.1005701001196142,0.4474399673404499,-0.000974452125695302,0.3805018847516033,0.11856035327287978,0.36994582969659995,0.21815593791565885,0.3030076528491318,-0.06829830969617945,0.5399381274195374
76.427000,-0.42414902067703514,0.5343405405472054,-0.3193266390852478,0.5253756735127852,-0.21997839126742164,0.45807095112625973,-0.10041084173155179,0.44789248866932724,-0.0010626430769136719,0.38058769371326173,0.11850491389382761,0.3704093185949837,0.2178530633885774,0.3031044510743629,-0.06584485125919887,0.5286797197797612
76.477000,-0.4239838417459344,0.5342852911208936,-0.31902625297685594,0.5256108535157098,-0.21987013211321363,0.45802340131357644,-0.10027925892855016,0.44812274220278275,-0.0011231714633387901,0.38053524100254416,0.11846770661382222,0.37063464098880966,0.21762376068401057,0.30304709079551706,-0.06486116346397575,0.5259549915517567
76.527000,-0.42382443992647284,0.5342997505260132,-0.3188704033602541,0.5257543505079262,-0.21982972756270666,0.45799784131832777,-0.10022489129928369,0.44826731500178446,-0.0011842324442646879,0.38051078104705227,0.11842060625247702,0.3707802846402114,0.21746124816837548,0.3030237259253402,-0.0642758076557321,0.5278631716434262
76.577000,-0.4238134641044001,0.5342701957334376,-0.31880678147485575,0.5257991810408064,-0.2198033112733443,0.45798831992688943,-0.10019347820050506,0.44831940957016825,-0.0011900086401200882,0.38050854752020996,0.1184198245241933,0.37083963829507777,0.21742329344717282,0.30302877531451144,-0.06407104897703297,0.5284450671072956
76.627000,-0.423914543235322,0.5344353880182023,-0.3188641076204582,0.5258056131290892,-0.21982980231699525,0.45803979305726805,-0.100225160992362,0.44830687105968237,-0.0011908398901799844,0.38054107407642657,0.11841379916523925,0.37080812419326525,0.21744813606982444,0.3030423503039701,-0.06322238317683287,0.5144978851612442
76.677000,-0.4241088526955381,0.5344046459748193,-0.3190677483650377,0.5257163459044004,-0.21991756916883534,0.4581201776311498,-0.10032718545706742,0.44821360791101605,-0.00117697397617339,0.38061748699303255,0.1184134050039336,0.37071086015327803,0.21756364877296253,0.3031147865956609,-0.06302485737399816,0.5150385404274812
76.727000,-0.42455640035469866,0.5343625718063393,-0.31942582125468905,0.5254389242655749,-0.22009072481473846,0.45811479326290966,-0.10052335449076011,0.4479342258029617,-0.001188209983048416,0.3806101657231481,0.11837915307202052,0.37042951289264237,0.2177143456510391,0.30310552374102107,-0.06334604201023364,0.5050826802593813
76.777000,-0.42495806221618665,0.5343884084506906,-0.3199031955605256,0.5251124514319586,-0.22031399667794957,0.4581647743556059,-0.10077901670519951,0.4476106963328841,-0.001189754610917526,0.38066311328831615,0.11834521539640092,0.37010892239820425,0.21793454070584156,0.3031614333907495,-0.06332885209538552,0.5051193836764696
76.827000,-0.42569361838892705,0.5344482464029351,-0.3205356608179001,0.5247107176623047,-0.22062641799037128,0.45824160304800177,-0.1011383626005759,0.4471689060341752,-0.0012290416116107483,0.38069990890390887,0.11825900075736451,0.36962707138027473,0.21816839991116344,0.3031581917394508,-0.06465963167218858,0.4944718164969659
76.877000,-0.4264405071733868,0.5344841520368361,-0.32143191302531565,0.5242245642929233,-0.22111596032880332,0.45837086561298496,-0.10168678402346987,0.4466801921261091,-0.001370738732726029,0.3808266344966045,0.11805842113436993,0.369135793081769,0.2183745590224896,0.3032823765079205,-0.06593865261448145,0.4884803110211292
76.927000,-0.42702540662057087,0.5349008441952116,-0.32211600815596236,0.5237985224353534,-0.221394241285481,0.45856719827718795,-0.10203822015160696,0.44615187645803356,-0.001316347748764879,0.38092071524956594,0.11803965329902927,0.3685052003322543,0.21876163123688802,0.30327420207816336,-0.0673631513565322,0.48267983168762274
76.977000,-0.4273591840811912,0.5355505133939042,-0.3225823483942366,0.5236214235275212,-0.2213973949539672,0.4591109190478712,-0.10214683383857881,0.4457204872272671,-0.0009617618603939837,0.38121016867513086,0.11828877465011645,0.36781951773379173,0.2194739651685358,0.30330938511355987,-0.06940970266098734,0.47619142923817265
77.027000,-0.42808023380344207,0.5364247523408925,-0.3233302258633391,0.5234490233820017,-0.22165784935083727,0.4597094920546613,-0.10253253880126673,0.4452471137580205,-0.0008600319926698741,0.3815077902694175,0.11826524899303714,0.3670451684599705,0.21993788610013287,0.303306052814883,-0.07200974724093939,0.4694471758366404
77.077000,-0.42855356773627323,0.5371042583998283,-0.3239845166208347,0.5232673538668469,-0.22183021663537042,0.46030308626896166,-0.10285019277021495,0.4446904657096704,-0.0006957521385580479,0.38172642629913356,0.11828423685223577,0.3661135399730259,0.220438818132219,0.30314972875444074,-0.07431924940300338,0.4632672132497188
77.127000,-0.42891540443585036,0.5383109815953229,-0.32442998401506484,0.5229476622272291,-0.22173083152701226,0.4608760577833775,-0.10294190116338003,0.4438704697881771,-0.0002425980161194219,0.38179911461475347,0.11854629107219072,0.36479323830203536,0.22124574488029902,0.3027221324031187,-0.07707763431376041,0.4563877768613501
77.177000,-0.4294183915332411,0.5390096999209139,-0.3252027055902845,0.5227216344220652,-0.22189732685472743,0.4616642947949905,-0.10331388742111025,0.4432803917262931,-8.349514845962247e-06,0.38222332140736726,0.11857504199411933,0.363839109208389,0.2218807390727517,0.3027823082020247,-0.07754716363892977,0.45547818213084984
77.227000,-0.4299698339936298,0.5402563567958462,-0.32591154501485536,0.5224225867835652,-0.22198955901203923,0.4624207470302074,-0.10365905162030509,0.44247354295347385,0.00026310113172672844,0.3824719920073337,0.11859355308988562,0.3625244590911074,0.22251587259201244,0.30252319695556146,-0.08262048205144412,0.4444438674739923
77.277000,-0.43048098701685045,0.5410657676792799,-0.32675270342111645,0.5218876880394728,-0.22212212020917313,0.46313021143777966,-0.10406494010392103,0.4416243465442032,0.0005658159448294064,0.38286717771743956,0.11862293279078207,0.36136096556267316,0.22325386167694583,0.3026041045140394,-0.08620736932169432,0.43725513266174904
77.327000,-0.43121931486054477,0.5428634006883538,-0.32764377747110446,0.5218212907833815,-0.2223766111087235,0.46421205813760863,-0.10464999134804942,0.440964628178027,0.0006173529472524586,0.38335572066352586,0.11834390090632013,0.36010792709851513,0.223611423135134,0.30249934471875084,-0.09009626978311835,0.43024962200066347
77.377000,-0.43159636898535386,0.5441223439145347,-0.3284944764229746,0.521771752732747,-0.2225517606584333,0.4654144907656003,-0.1052018376536713,0.44033470666014174,0.0007410598859691753,0.38397778640268593,0.11809090199991512,0.3588976238068821,0.22403398131533214,0.30254104526304915,-0.09351493671334071,0.424355673605199
77.427000,-0.4319625492393917,0.5461758819151955,-0.32921798324280294,0.5217637686344623,-0.22263492605196492,0.46662710279534436,-0.1057116934870655,0.4396278863886698,0.0008715482409119568,0.3844915772742982,0.11779469044354896,0.35749196954637086,0.22437811670883123,0.3023560171599914,-0.09696115058699684,0.4186573491680583
77.477000,-0.4320886319459956,0.547623688462301,-0.3298430979010268,0.5218007128994734,-0.2225888713717873,0.4679812843293502,-0.10614597331858477,0.438980396533086,0.001108439258336258,0.3851613387302999,0.11755123706033654,0.3561600484134453,0.2248058356848448,0.30234136138100653,-0.10166648804300982,0.411761639158342
77.527000,-0.4320566049913729,0.5498600267429248,-0.3303433480897962,0.5218419683240956,-0.22245326318234873,0.469308839931968,-0.10654240971257445,0.4382496376255899,0.0013478617666407011,0.38571689240757123,0.11725860493147128,0.3546572784534885,0.22514906298225773,0.30212491641263295,-0.10546917778698561,0.4066371348867695
77.577000,-0.4319237328202178,0.5513839931700275,-0.3307192816002522,0.521883352463002,-0.22216434508250982,0.47073820843515785,-0.10684001409957466,0.4375674580164766,0.0017151082458382594,0.38642270840742676,0.11703931871126194,0.3532515389898937,0.22559462688423404,0.30210718380311763,-0.11032560547560544,0.40023384620724745
77.627000,-0.4315233459606506,0.5537294018505058,-0.33105053875476215,0.521879254235495,-0.2218622878694787,0.4721004849828935,-0.10717082671425882,0.4368036191694263,0.0020176083411105328,0.38702525389041376,0.11670893890759404,0.3517279637527424,0.2258975581332212,0.30195000245165593,-0.11141564152473565,0.39877723499257417
77.677000,-0.4311840650441442,0.5552856226780548,-0.33118657328709106,0.5219887560111737,-0.22133584707867546,0.4736895018615198,-0.1073251664796061,0.4362520245260915,0.0025257409597894687,0.38795318256615935,0.11653628108457004,0.3505152774383409,0.2263873697556158,0.30221684767385226,-0.118808573421682,0.38950712372036145
77.727000,-0.4306562509278884,0.5576524873160436,-0.33142759446448333,0.5220292619868059,-0.22094831603004694,0.47518559608766464,-0.10765786801123017,0.4356220473818319,0.0028215879402813115,0.38877880015320265,0.11611188603033928,0.3492148221281203,0.2265915194998831,0.3023719935766752,-0.1222188638663681,0.3849982474502194
77.777000,-0.43018376103694084,0.5590767775675943,-0.33151778875417875,0.5221679502922074,-0.22039695236186072,0.47686718076819096,-0.1078761578064994,0.4351650130530415,0.0032448512690460007,0.38986466711585355,0.11576548685580657,0.3481620704741114,0.22688666861523243,0.30286214812997236,-0.12685474491590953,0.3796562282513548
77.827000,-0.4293183976161448,0.5611152224929845,-0.33151557541553295,0.5220115037853098,-0.2197876838897331,0.4782293355522016,-0.10806517751701344,0.4344334274123891,0.003662881235795168,0.3906516859289573,0.11538522032299142,0.3468553510494395,0.22711344630391578,0.3030740363233091,-0.1299249531820164,0.37597176955963313
77.877000,-0.4288268495498285,0.5621739722496719,-0.33159509825611655,0.5217018505697161,-0.21924826110268783,0.4795332819260539,-0.10835896891615848,0.433668645460117,0.003988028962548795,0.3915005050283177,0.11487714633257212,0.34563544590179895,0.22722430493741058,0.3034677336890949,-0.13414708768991268,0.37098131580435073
77.927000,-0.42782085991302965,0.5642229602268946,-0.33158543887170977,0.5215063686501182,-0.21871657000717168,0.4807556822603599,-0.10870162182421128,0.43283166765079617,0.004167401512506164,0.3920814091115888,0.11418216802613634,0.34415697746186963,0.22705134583592135,0.3034071467807511,-0.1353555365798631,0.3695178814897511
77.977000,-0.4269959888886272,0.5658240476141108,-0.33146568976453644,0.5214914486843872,-0.21806220040677976,0.4822530924310155,-0.10900802860258679,0.4321812679220255,0.004395607967201898,0.39294333713141627,0.11344959190863213,0.3428711034678418,0.22685337569070496,0.3036335981458906,-0.14066487576290787,0.36329583606227545
78.027000,-0.4257509824029698,0.5676477754219835,-0.3312513958875699,0.5213148834931706,-0.2173633228685079,0.48350606409868546,-0.10923217240694982,0.4314709384635927,0.004656040607495693,0.3936625407670983,0.1127869983897572,0.34162701473832885,0.2266753513991126,0.3038190387436206,-0.14417810887300003,0.35893723233571817
78.077000,-0.4248399006904127,0.5688937950525276,-0.3309873397735231,0.5211799374649154,-0.21658584295702873,0.48495429011300095,-0.10943033837020122,0.4309385716924409,0.004971290062669387,0.39471333999094554,0.11212659838797123,0.3406972322317192,0.2265283584363038,0.30447241618300236,-0.14617788539792237,0.35627984569418064
78.127000,-0.4232268162669546,0.5709006204530802,-0.3306074475344491,0.521136634297689,-0.21576351741474376,0.48633905227658236,-0.1096146632666577,0.4303710188745626,0.005229390459145444,0.39557384479849333,0.11137804579104732,0.33960543432374096,0.22622222312162704,0.3048086681935711,-0.14809540136407962,0.3537265536154989
78.177000,-0.422115469098181,0.5720742770958781,-0.33009257070438364,0.5210186569704669,-0.21481206571979966,0.4876959144287897,-0.10966783462333629,0.42986261375233725,0.005612785489946648,0.3965402695026222,0.11075681676497351,0.3387066055409153,0.22603755200538012,0.30538465958287,-0.15091011423731854,0.35014072801898544
78.227000,-0.420469064913099,0.5736668663555803,-0.32958549724178376,0.5208265829252029,-0.21391328140769197,0.48889010716462317,-0.10976274459518948,0.4292858650199254,0.005909578131209736,0.39734977642012154,0.1100599154362975,0.3377451856639335,0.22573234505325973,0.3058094842236365,-0.1519491464598116,0.3483614361436629
78.277000,-0.4193334267557229,0.5746574539951119,-0.32904456670084525,0.5206074970786225,-0.2129947518996693,0.4900716086092772,-0.10983335324578564,0.4287713163769091,0.0062165599742206035,0.3982358019448818,0.10937776104355579,0.33693517720147953,0.22542777268054814,0.3064000368046609,-0.15397440564881448,0.34534203243240535
78.327000,-0.41756796561345827,0.5759838858559102,-0.3284477404749323,0.5204385960018292,-0.21205955704837187,0.49121889787634937,-0.10985811729280331,0.4283311748157732,0.0065301564125883615,0.39911183629215774,0.10873140185844055,0.33622379745191805,0.2251197658406393,0.3070048185268079,-0.15718280889606345,0.34147629816339276
78.377000,-0.41640987736514595,0.5768216919773685,-0.32776222823242507,0.5201958392467523,-0.21104202087090018,0.4923320061898846,-0.10971824704504546,0.4280397605240891,0.007002042374532114,0.4001762712065532,0.10832562685558467,0.3358837271366927,0.22504599833096006,0.3080205815535254,-0.15821293187490493,0.34022633827565146
78.427000,-0.41460687081436753,0.577965472717046,-0.327025810635912,0.5199637608577347,-0.20999584967171303,0.4934309845915247,-0.10952574348130278,0.4278127116747737,0.007504291410960373,0.4012802614903349,0.10797421476517105,0.3356617086284509,0.22500432358322792,0.30912958451998196,-0.15534240548528644,0.3404805478702974
78.477000,-0.4134085775943346,0.578717905763621,-0.3262301861712741,0.5198491884396234,-0.20892370830542462,0.4945669764585708,-0.10930069213284749,0.4276696323577215,0.008005851807404873,0.40238772695604175,0.10762869314210216,0.335490122488686,0.22493530315448568,0.31020852365972934,-0.15724665304115354,0.3380596786112702
78.527000,-0.41173975542029806,0.5795329575049728,-0.3255011016221236,0.5195344560101895,-0.20795770423670257,0.495377682004669,-0.10913782051525184,0.42729956084511067,0.008405635688865154,0.4031430730446958,0.10722535364673735,0.3350647112689956,0.2247688686673246,0.3109085096663899,-0.1546769734629539,0.3381810935641937
78.577000,-0.4107283199085135,0.5799918053664822,-0.3248847764477991,0.5191740836941542,-0.2071204769177758,0.49611828711444783,-0.1090471580066304,0.42696899848827985,0.008717193229461684,0.4039134660141824,0.10679035706151924,0.3347639574423735,0.2245547600014221,0.31170868906549143,-0.15405280387391046,0.33708464401145294
78.627000,-0.4092917902889773,0.5806300941273623,-0.32427135251749284,0.5188587655755139,-0.20632328922911836,0.4967622869777609,-0.10895179003330735,0.4266281929558717,0.008996318468057929,0.4045319557004131,0.10636767415719967,0.33439766243977187,0.22431582786928334,0.3123016665172055,-0.15225244720154774,0.3373332660048574
78.677000,-0.4084329512565719,0.581089969528176,-0.32372660086375726,0.5186080375760828,-0.20561412175618493,0.4974079838462999,-0.10889014894005755,0.4263835297338937,0.009222369114374462,0.4051836929910342,0.10594621145050087,0.3341590611860302,0.22405876844966233,0.3129594414205198,-0.15347211296394497,0.3354757607547453
78.727000,-0.4074328865111366,0.5814576543551051,-0.3233413433900009,0.518341649170583,-0.20508482224758473,0.4979604030189513,-0.10891601228689896,0.42618603454513915,0.009340541986750606,0.4058049806292264,0.10550923527387635,0.3340304558274867,0.22376582267688894,0.3136495941383085,-0.14861240027749079,0.33752938619176737
78.777000,-0.40676266671462485,0.581742805059402,-0.32295053246616645,0.5180769905268041,-0.20457326042819513,0.49840921327827375,-0.10891138341939655,0.42596057433494866,0.00946591620911813,0.4062929631502995,0.10512769158626034,0.333844190011757,0.22350501880371976,0.3141767448828099,-0.149677089495943,0.3357502916787654
78.827000,-0.40585999606589995,0.5820791354451611,-0.322538576261072,0.517867048983303,-0.20406548405168304,0.4987849520979042,-0.10884198228575465,0.4257610881164595,0.00963113243059216,0.4066791309682667,0.1048545480685073,0.333655154675578,0.2233276852902571,0.31457333725598835,-0.14412164923140203,0.3388296707913483
78.877000,-0.4053843873593477,0.5822616130017988,-0.32222296973146025,0.5176990205481468,-0.20367085155244496,0.4991142075274429,-0.10881050700282702,0.42561920748173826,0.009741628766759158,0.40703450667125035,0.10460190375565809,0.3335394168432842,0.22315405711434771,0.3149548282343449,-0.14174056410787822,0.3397598577617721
78.927000,-0.40488328011974695,0.5824393088317847,-0.3219928398914821,0.5175617440179441,-0.20337814297401863,0.4993806088746725,-0.10878809670163209,0.4255380524040287,0.009826613212263635,0.4073570020503779,0.1044166067026488,0.3335143779676619,0.22303132961159683,0.3153334123950339,-0.13895868576095627,0.3415779483576452
78.977000,-0.4046509361399671,0.5825232512151829,-0.3218319343810687,0.5174686406013218,-0.20317118058271988,0.4995905672157568,-0.1087697744845551,0.42550700273168385,0.009890987810764584,0.4076289857424963,0.10429235870197207,0.33354537639577875,0.22295312949298007,0.3156674157946401,-0.13957869002423773,0.34042812170983133
79.027000,-0.4044622967084342,0.58260595452166,-0.32173230369373607,0.5174114749577956,-0.2030449141629937,0.49971109173119316,-0.10875971006582608,0.4254796948135299,0.009927683693896017,0.40777933994376925,0.1042128700586788,0.3335479205032765,0.22290026804615798,0.3158475939822074,-0.13305307595138033,0.34578149274782455
79.077000,-0.40443685330187606,0.5826223196824334,-0.3216997774017825,0.5174188070607725,-0.2030035021106325,0.49977810889297636,-0.1087599882946011,0.4254937895656984,0.009936287073445904,0.4078530919153071,0.10417980056865489,0.33356877218100595,0.22287607601243514,0.3159280750401885,-0.1334569892040356,0.34495247893719394
79.127000,-0.40463997337911334,0.5824704987624937,-0.3217667200934259,0.5173798679269628,-0.20307690546053167,0.4996957535185917,-0.10878421394860938,0.42547386778338286,0.00990559650861006,0.4077897253493128,0.10419830555220067,0.33356786188662657,0.22288811183241652,0.3158836914179841,-0.12677415993882896,0.3515341633875813
79.177000,-0.4047916496819408,0.5823666313273175,-0.3218701162746086,0.517378655089988,-0.20320582601609044,0.4995240697817256,-0.1087833889704441,0.4254673119465574,0.009880892729221935,0.4076126697549545,0.10430336528116546,0.33355595719037134,0.22296763842064282,0.3157012581067312,-0.12356119892665507,0.3549547863334532
79.227000,-0.4050893259252367,0.5822443015463408,-0.32193013437150175,0.5174637250093188,-0.20330942079472908,0.49932188633582103,-0.10869294135330376,0.42551320244311985,0.009927759252055968,0.4073712789560259,0.10454429147294042,0.3335626627221696,0.22316497910551703,0.31542065441292655,-0.1203603519518549,0.35881031704263694
79.277000,-0.40533455885546127,0.5822101773377917,-0.3219917483745166,0.5177014051019396,-0.20344344035908232,0.4990923033865283,-0.10858206344573496,0.4255986358357481,0.009966226850441906,0.40698942124108584,0.10482767375050267,0.3334958440251973,0.22337594632584318,0.3148865165419279,-0.11715942050283634,0.36301428293874655
79.327000,-0.4058353375917485,0.5821445631545071,-0.32211046086068507,0.5180009204972217,-0.20365271116440836,0.49882381078570315,-0.1084830686240148,0.4257297676719036,0.009974658431651462,0.40655251810898085,0.1051443872749388,0.3334585873631013,0.22360209168826217,0.3142811979391174,-0.11419054694165026,0.36728752691320826
79.377000,-0.40622544469402916,0.5820924901639524,-0.3222510710251911,0.5183683019050159,-0.20391273373855245,0.49846760020302205,-0.10836956710814083,0.42586248116703823,0.00996874214202148,0.40596161274852605,0.10551201106769503,0.33335662832601953,0.22385029227947617,0.3134555931810992,-0.11400274829396512,0.3676419534012439
79.427000,-0.4070211239878812,0.5821321469975758,-0.3224846423326462,0.518878506562157,-0.2042860549139862,0.49816392396357834,-0.10831372248687943,0.4261270486253188,0.009884831230856816,0.40541227372827116,0.10585728086303431,0.3333755545386925,0.22405580087791815,0.3126605873340124,-0.1080888693996146,0.3771568417784172
79.477000,-0.40762295425695083,0.5821538436275627,-0.32279980829858373,0.5194816688931758,-0.2047772546155714,0.49778658138147514,-0.10832182186403005,0.4263978603345706,0.009700691838423925,0.4047025553274044,0.10615625615481855,0.33331401204204436,0.2241787298746481,0.3116184895304286,-0.10501765404997482,0.3829731165993465
79.527000,-0.4085840387531664,0.58218675559061,-0.3230924501132159,0.5201223614589428,-0.20526643147525594,0.49738408245794774,-0.10827222450784202,0.42672911932893276,0.009553747577417282,0.40399059910083346,0.10654809920542846,0.3333358345604168,0.22437402473576679,0.31059707309636286,-0.10439967684726287,0.38465333918024136
79.577000,-0.4092886295112114,0.5822693983507821,-0.32346573193272465,0.5209108505124938,-0.2058859930104034,0.49693158874406634,-0.10832559807764408,0.42706049786547756,0.009254086947423412,0.40308097181916236,0.10681463893173915,0.333210100230813,0.2243942700573297,0.3092303098987419,-0.09959985642466052,0.3948656427031673
79.627000,-0.4103874496299841,0.5824058177917296,-0.3238402906734018,0.5217701198523184,-0.20653327818425757,0.4964903884282754,-0.10836752282843654,0.4274723873313073,0.008939428094861257,0.40219237022136484,0.10710535153989742,0.3331746082018434,0.22441224089507328,0.30789430539882146,-0.09719683908606414,0.40158630495785114
79.677000,-0.4111369183533402,0.5825049941810299,-0.3242079127711223,0.5227026784211793,-0.20722567687455137,0.49596026857017644,-0.108416475946159,0.4278666432305561,0.008565689965915058,0.4011239272405897,0.10737506909756722,0.3330305604886263,0.2243571650227878,0.3062875383530774,-0.0950763164059592,0.407686655062918
79.727000,-0.4122375625322278,0.5826658248488185,-0.32454431964812114,0.5237003407878501,-0.20791612957480346,0.49545383161906814,-0.10843366636815993,0.42834765072387204,0.00819444503892136,0.40010081674876186,0.10767709513850748,0.33299491291636196,0.22430512787688933,0.3047477541287076,-0.09324966245658789,0.4137575590336875
79.777000,-0.41280294622867597,0.5828600031049378,-0.3247049781656786,0.524812146705993,-0.20848959174974455,0.4949125821740402,-0.10830150949042111,0.42886450746406785,0.007913788870669014,0.398964600677456,0.10810206564494429,0.33291682102744574,0.22431727594887996,0.3030165719813701,-0.09284880570190585,0.4159263760139196
79.827000,-0.4135320636789123,0.5832078401839897,-0.32473644184755324,0.526050804583843,-0.2089710335957834,0.4944538070635317,-0.10806975587422157,0.4295004995715119,0.007695554721325104,0.39790314425949047,0.10859703319414565,0.33295014862421923,0.2243622461315295,0.30135243551773466,-0.09078670137799433,0.42463841825020726
79.877000,-0.4139874351592556,0.5832660984105609,-0.32462552823464375,0.5272687399998538,-0.20937815941933996,0.49383157533042477,-0.10774295452948057,0.4300327890803214,0.007504306397085214,0.3965952525546561,0.10913971714185722,0.3327967942446655,0.2243868701779631,0.2993588858613128,-0.08845377469637528,0.4347492149955822
79.927000,-0.41435701470117525,0.584013402157528,-0.32444520841153157,0.528612878707282,-0.20976178744247673,0.49328989816704705,-0.10740571973926433,0.43065416233707643,0.007277582982221642,0.3953307978837389,0.10963386036648731,0.33269540470494796,0.22431704483869525,0.29737165633752716,-0.08729558489854145,0.4409007493777286
79.977000,-0.41466768756204536,0.5842709065381161,-0.3241152498881704,0.530249389436658,-0.21008585463129786,0.492868953145037,-0.10701971640257413,0.43140863138686847,0.007009549618245181,0.39402780086167466,0.11007590033386122,0.3325678354356706,0.22410503711770197,0.2951866106786869,-0.08578277255823125,0.448632078347931
80.027000,-0.41503301433502354,0.5846810463846636,-0.32378905300832017,0.5316919420545114,-0.21043149520246637,0.49232108877073655,-0.10662657737399173,0.43211694410756907,0.0067308405958691475,0.39274568820676947,0.11053597225382356,0.33254191223320784,0.2238932503870829,0.2931702537182451,-0.08467498232709508,0.4546579102820754
80.077000,-0.41525094423142306,0.5849586049009536,-0.3234240440247622,0.5331709912420302,-0.2108217887652619,0.49168928309886956,-0.10627885801190884,0.43277599402501443,0.006323246524500559,0.3912938767457394,0.11086639133700704,0.3323809675261861,0.22346834515004177,0.2908984411146086,-0.08393444104775516,0.45781823493433704
80.127000,-0.4155111963758539,0.5853310919124981,-0.32307285938332087,0.534685103819194,-0.21125469861181118,0.491133996895695,-0.10597854955439118,0.433541181217402,0.005839450082998188,0.389989660581732,0.11111581222492062,0.3323972344105882,0.2229336507282309,0.288845300067379,-0.08221855744632744,0.46798272135810765
80.177000,-0.415480597057949,0.5857787050084682,-0.3224096039855601,0.5363591096617202,-0.2114586459884412,0.4906438505076749,-0.10545427317033418,0.43440264725383454,0.005496513286232019,0.3886869717729953,0.11150109713761192,0.3324461662800463,0.2224517120545535,0.28673007447910026,-0.08142789737400108,0.47144220902398987
80.227000,-0.41557174411186243,0.5860273932588539,-0.3218326002534129,0.5378436537883289,-0.21174437690403355,0.4900882030022965,-0.10499279520043237,0.4352785341127717,0.005095247170070316,0.3875226661274611,0.11184703657865369,0.33271340178222925,0.22193489797256905,0.28495711660724926,-0.07962734253849468,0.48242062415745646
80.277000,-0.4155755279541274,0.5862395092280211,-0.3211964389110382,0.5393883620375317,-0.21202862448973717,0.4895647903623057,-0.10452019856716044,0.4362549567886596,0.0046474259229374315,0.3864309689596131,0.11215605505998794,0.3331215452047819,0.22132348962148163,0.2832971412318088,-0.07880790385464687,0.48753580266472996
80.327000,-0.41557317487919365,0.5865440062754717,-0.3205545438260128,0.5409765012692256,-0.2123167053567243,0.4891636619000477,-0.10407242230170477,0.437364287522505,0.004165218258468717,0.3855510347200925,0.11240969916502513,0.33375207379161276,0.22064714181901185,0.2819384075661381,-0.07749247004957621,0.49438395385463463
80.377000,-0.41548520948318096,0.5867316834943608,-0.3198654730056317,0.5425403946273383,-0.21263424022450342,0.4886751672887345,-0.10367856013949384,0.4383893862247693,0.0035524673271228324,0.3845237501619351,0.11250833907728197,0.33423838438656395,0.2197391612326436,0.2803723396098663,-0.07660760978729825,0.4982113487305241
80.427000,-0.41515635943845497,0.5870094023937721,-0.319044112090066,0.5440949376023356,-0.21282342071813026,0.4882633629830579,-0.1031865017618897,0.43948072260983995,0.00303397803894917,0.38364874547415545,0.11267108184902602,0.3348665205542273,0.218891350082359,0.27903414091267154,-0.07531115894146889,0.5054168999046109
80.477000,-0.41490921466518593,0.5871103337063902,-0.31812426783682757,0.5456460340150247,-0.2129451128578504,0.48787627247083987,-0.1026240440337528,0.44066121379173756,0.002554894246254935,0.3828910577139437,0.11287614017217906,0.33567641284698535,0.21805486175626376,0.277905862244636,-0.07486634930278796,0.5074290761996141
80.527000,-0.41453267222121765,0.587284234133316,-0.3171788186949308,0.5473255674847723,-0.21301537210338206,0.4877438916738318,-0.10203344733936426,0.442103864629261,0.002129778833198759,0.38252180347358006,0.11311187243316873,0.33688218698649813,0.21727487818896313,0.27729974049325967,-0.07400809162198446,0.5114598345200301
80.577000,-0.41407116112461717,0.5873114788433886,-0.3162183042476542,0.5485925076609642,-0.21306696878850986,0.4872752833858377,-0.10146868662886988,0.44316379487120156,0.0016824259221836502,0.3818461956089101,0.11328086843516821,0.3377351127766376,0.21643175807992615,0.27641713853330474,-0.07270956741222667,0.5174591179616759
80.627000,-0.41328832242761665,0.5871545444099873,-0.3150342754538756,0.5497743563844866,-0.2130021112280798,0.4866123625638978,-0.10084300780311867,0.4439469723875035,0.0011889319808485732,0.3807846160040316,0.11334818700912502,0.338119624365721,0.21537990235390075,0.2749569054265044,-0.07061087934741256,0.5242581611022429
80.677000,-0.4128663463951643,0.5869749060167032,-0.3140032843856321,0.5509379951811957,-0.21304097240666603,0.4860795989640653,-0.10030198026339449,0.44497096665262814,0.0006601075788228994,0.38011222153266255,0.11339924177849492,0.3390039788080462,0.21436110548658072,0.27414488479197013,-0.06961883478778758,0.5269217930488876
80.727000,-0.412121309783109,0.5866745012237387,-0.3129384434224436,0.5520242688374531,-0.21299244358397662,0.4856104365712187,-0.09970904074491471,0.4460267197017584,0.00023673676766694518,0.37961255285910456,0.11352027211010834,0.3400292151989647,0.21346582729939628,0.27361471378622104,-0.06794804649115532,0.5316511074605541
80.777000,-0.41154609458647723,0.5864817510362548,-0.3118061441212162,0.5530647995493263,-0.21290786534031156,0.48510061446502123,-0.0991237900910984,0.44697996101205945,-0.0002257303889633966,0.3790154571357553,0.11355846773376832,0.34089517044262685,0.212456308359818,0.27293034778043107,-0.0661033117908843,0.5350691175617798
80.827000,-0.41090347584617887,0.5859331269752684,-0.31073453472268153,0.5540722248125882,-0.21281142921372131,0.48471038082800233,-0.09855608808942057,0.44802636511257404,-0.0006331969027206785,0.3786642185548238,0.113622257567081,0.3419805558650229,0.21154493443340594,0.27261810673875264,-0.06536772152343123,0.53487699862605
80.877000,-0.41054981922577155,0.5853217781224759,-0.3099017308497801,0.5546909413434689,-0.21279812227615522,0.4841864081562513,-0.09802780736674949,0.4491467904316303,-0.0009244061343639531,0.3786419716809264,0.11384601181684728,0.34360269146577405,0.2109492057094614,0.273097587155372,-0.06360818678032848,0.5379277662969697
80.927000,-0.4099873942064849,0.5843823709233616,-0.30903515223317696,0.5552888744879556,-0.2126912369885242,0.48374972440345354,-0.09745564437378568,0.45027199758252273,-0.0011119282834717303,0.37873257929168996,0.11412375752602966,0.34525517326343325,0.21046727446304325,0.2737154867692283,-0.06208877042234917,0.5431143950273485
80.977000,-0.40954457212916306,0.5837998500894536,-0.30812459579350127,0.5558485346941978,-0.2125391576493075,0.4832990756013549,-0.09688512963242146,0.45129679751205104,-0.0012998809903074227,0.37874708874690993,0.11435423061610339,0.3467451127459247,0.20993928975705267,0.2741951543110446,-0.06157956920705093,0.544781568858693
81.027000,-0.4089021876258369,0.5829187634829193,-0.307249767190514,0.5563451758294758,-0.21234314808563973,0.48290994143845967,-0.09631047704425916,0.4523089733028711,-0.00140403668287431,0.3788735079069735,0.11462870884082232,0.34827282219463074,0.2095349704598074,0.27483712579642156,-0.05995268070111304,0.542513620402466
81.077000,-0.4084684715241168,0.5824867991347132,-0.30642584157364466,0.5568570047189579,-0.21219949637781305,0.482550908932442,-0.09583790885602428,0.4532254771480343,-0.0016117302659671706,0.3789191700919466,0.11474992300690456,0.3495939992052014,0.2089759349926621,0.27528748088238664,-0.05876984412751701,0.5475547767664138
81.127000,-0.40785213603761095,0.5818276128851751,-0.30565388377575076,0.5572975236958121,-0.21202406593827752,0.4822411634608471,-0.09536945112925727,0.45410398443154953,-0.0017397868476063394,0.37904743264221785,0.11491488552555879,0.3509104922705794,0.20854439625333204,0.27585374893010994,-0.056501494605025904,0.5419618759303646
81.177000,-0.4073561963438582,0.581702190448971,-0.30488213141011333,0.5578890112708393,-0.21187892831412794,0.48205759160065254,-0.09499084701783339,0.45490659815985296,-0.001987783220315953,0.3790750076478247,0.11490034794981552,0.35192422892040004,0.20790327245171858,0.27609246757067085,-0.05524554742116938,0.5463682408406938
81.227000,-0.40652648678101244,0.5816977260788855,-0.3040048108750584,0.5585215445365811,-0.21161436463672564,0.4819447501380389,-0.09454826441985847,0.4555718819740564,-0.0021579426552312264,0.37899493739735335,0.1149082004291217,0.35262225951788606,0.2072983977232033,0.27604516476733165,-0.054130496134927986,0.5504068346990234
81.277000,-0.40606014000426055,0.5816442014180517,-0.3032475981121545,0.5591009576008089,-0.21141742597487836,0.48185317779550807,-0.09420112799282876,0.45615610622512237,-0.0023710642156875017,0.37890819760426614,0.11484526981281218,0.3532112904590602,0.20667522523287796,0.27596325302665214,-0.052500591312252376,0.5404272973220077
81.327000,-0.405531056572032,0.5816790719288821,-0.3027598540664964,0.5595924526242552,-0.21140026714802895,0.48178868743880476,-0.09405949418975856,0.45666612784685273,-0.002699999035486178,0.3788622549091758,0.1146408035528359,0.3537398337116894,0.20600020694642163,0.27593585302616275,-0.051283291452569935,0.5393550941149057
81.377000,-0.4052029322511086,0.5816291758313386,-0.3021719010748563,0.5600013017294523,-0.2112057241627081,0.48173793444973056,-0.09376682213157145,0.4570781637756584,-0.002800719779465999,0.37881470983424875,0.11463820574458716,0.35415505104235523,0.20560423353969304,0.2758915104429613,-0.050323851782092754,0.53655053311723
81.427000,-0.4048521774761415,0.58152807980799,-0.30180021067659063,0.5602562174183352,-0.2111308211966589,0.48164920875289796,-0.09360980948631287,0.4573837640512587,-0.0029404764827007934,0.37877669024316074,0.1145805526615658,0.35451132997664003,0.20524982919156293,0.2759041910290951,-0.04933071914258497,0.5343577281034396
81.477000,-0.4046634217121801,0.5814815762975118,-0.30148755793314586,0.5604392161152185,-0.21103356853638633,0.48158443945452967,-0.09345444937348357,0.4576021389628744,-0.0030004976224212165,0.3787473191189822,0.11457863298982413,0.3547650747606088,0.20503254709766922,0.27591021173639974,-0.048764596534198124,0.5314624657005167
81.527000,-0.40450410776415374,0.5814582091552372,-0.30129237491767336,0.5605515147290427,-0.21096552990309458,0.4815511282128342,-0.09335112278686641,0.4577424903119342,-0.0030242967454875425,0.3787420821023016,0.11459011608882308,0.3549334724486818,0.2049169231593576,0.2759330425483292,-0.048482262885355065,0.5276497450035734
81.577000,-0.40447381593629245,0.5814737946344514,-0.30121893262853083,0.5606118957007572,-0.21093598207086808,0.4815613496128054,-0.09331121320700453,0.4578039561107508,-0.003028262434962903,0.37875341026763937,0.11459650636417484,0.3549960164451222,0.2048794573536824,0.2759454708503766,-0.0482740376656689,0.5281319572589674
81.627000,-0.40461888361651244,0.5815276618381942,-0.3012933751784079,0.5605944586765271,-0.2109725920213142,0.4815871418753971,-0.09335984981245643,0.4577702813240241,-0.0030390476680434153,0.3787629862291107,0.11457368881667845,0.35494609741074906,0.20489450995204644,0.27593882402621916,-0.047575893166751426,0.5296644368279491
81.677000,-0.40487169982041793,0.5814797769410375,-0.30158531695727875,0.5604536044502949,-0.21112119835524895,0.4816104484892404,-0.09354058421005623,0.45763547876770333,-0.0030764276170244798,0.37879236639729574,0.11450417497522658,0.35481734001665394,0.20496836956284226,0.27597427124104595,-0.04744966559012165,0.5299209024707356
81.727000,-0.4053921422078457,0.5814766227980009,-0.3020178803957326,0.5602177964875528,-0.21133325534439099,0.48162836476032567,-0.09380637831903399,0.45739134397265885,-0.0031216969598263367,0.3788019772193259,0.11440516269960677,0.35456487222332667,0.2050899003705715,0.2759755704484717,-0.047187333903231876,0.5304526558371029
81.777000,-0.4058341438468444,0.5815837709240771,-0.30260673783243386,0.5599198877778105,-0.21160345174877285,0.48169967353016707,-0.09415454082736596,0.45708761717427426,-0.0031511801940249384,0.37886748965961214,0.11429770726947885,0.35425532136270077,0.20530114245621456,0.27603528058550914,-0.047183088513997606,0.530452550251975
81.827000,-0.4066547702599012,0.5817614663929705,-0.30336653005789077,0.5596862536791579,-0.21199857802644262,0.4818923121311238,-0.09465706088939363,0.45677322862922354,-0.0032890169715146245,0.37897939500071254,0.11405247049537703,0.353860172897767,0.20542060630330294,0.2760664471932841,-0.05261257992102525,0.4993549994622611
81.877000,-0.407290012501278,0.5817400796340199,-0.30422507665996545,0.5591763559748524,-0.21237188331413792,0.4819559514681905,-0.09515678785294795,0.45625339525246306,-0.0033034856913574107,0.3790331201816629,0.11391157355013004,0.35333039878852845,0.2057649845310836,0.276110253158243,-0.05465705001995308,0.4935644658798636
81.927000,-0.40776243555285924,0.5825931300147986,-0.30488861043789156,0.5589638302687252,-0.21260847907818445,0.4822541349538152,-0.09558325123146377,0.4557004902492127,-0.003302995054429325,0.3789909450871404,0.11372218958552338,0.35243710996563404,0.20600257058315363,0.27572771496082804,-0.056801296677558344,0.4879751448319551
81.977000,-0.4080631040408789,0.5832424985980962,-0.30546814463436517,0.5588481390432916,-0.21272204802452924,0.48270247886927353,-0.09593888918408339,0.4551036779685889,-0.0031926522373609267,0.3789581887264775,0.11359045573892268,0.3513591725971281,0.2063368330249713,0.2752138542905379,-0.05964352768047765,0.48200787910537296
82.027000,-0.40845355037333975,0.5844522831177003,-0.3060647635624971,0.5587506411535343,-0.21283895749079595,0.4831930533005612,-0.09634070788167243,0.4544153216668505,-0.003114747108529048,0.3788579246907601,0.113383443580645,0.3500799545378741,0.20660955905706802,0.2745227484417324,-0.06245265339939754,0.4761638197140769
82.077000,-0.4087116920509943,0.585134343552535,-0.3066613495309501,0.5585768957972885,-0.21286527053911108,0.4837284117397325,-0.09669115494851044,0.4536688896754645,-0.0028949077147926716,0.3788206164500334,0.113279140310658,0.34876083326101537,0.20707555578732306,0.2739127708700201,-0.06603950517423329,0.46947760601127553
82.127000,-0.4091767319102586,0.5862270984952872,-0.3073149434079413,0.5582844248034609,-0.21290459272801895,0.4842122594207635,-0.09708510253201647,0.4528140796847591,-0.002674571451282526,0.37874214423656544,0.11314484227740418,0.3473436824344386,0.20755555375962143,0.27327197692275784,-0.06767400641969162,0.46689490422828434
82.177000,-0.4095428401499428,0.5870157852573707,-0.3081111208656898,0.5580545638915821,-0.21296007403931835,0.48493631522655356,-0.09751936860720378,0.45217286715809657,-0.0023681304253522772,0.37905486751056894,0.11307248926524427,0.34629111733679063,0.20822391880298874,0.2731733667086499,-0.073212250854086,0.45678977399404036
82.227000,-0.4100378306834322,0.5882773809518267,-0.3089098044642031,0.5578072057245561,-0.2130178627568692,0.4856633527944872,-0.09800034248758904,0.4514439134199837,-0.0021081998545338654,0.37930032755651344,0.112909225114327,0.34508056786226515,0.20880156867321076,0.27293724906708444,-0.07678575835070583,0.4510317311973289
82.277000,-0.4103136507157448,0.5893384982308365,-0.309744645959798,0.5576348325922356,-0.2130579357823322,0.48655966059142114,-0.09851994551868659,0.45076791871954097,-0.0018330260188417768,0.3796930314701252,0.11270485883835851,0.3439009522863595,0.20939198766110406,0.2728263497908095,-0.07823106580778061,0.4487996959935725
82.327000,-0.4105244437222665,0.591154888843408,-0.3103731159843961,0.5576223971319418,-0.2129330710160844,0.4875835676406436,-0.0989390234365044,0.45009547464620486,-0.0014987619973388933,0.38005694631640036,0.11249516972006723,0.34256850100931113,0.20993564763066241,0.2725302738437658,-0.08609252544918305,0.43747052642317047
82.377000,-0.41071427902512664,0.5924201875932908,-0.311119796548574,0.5576352491671899,-0.21286574885288972,0.4887429991575468,-0.0994708925486002,0.44947970123561115,-0.0012166225621708104,0.3805877682578612,0.11217810705645692,0.34132410446173245,0.21043259933408198,0.272432488518694,-0.09021440010143206,0.4321009216599325
82.427000,-0.41084896386678116,0.5943866004762729,-0.3118572436043846,0.5576482846159004,-0.21280861911656848,0.4899033956052643,-0.10006367056877302,0.4488111022043522,-0.0010148192952400548,0.3810665447743612,0.11172999169382303,0.33997387395544154,0.21077906975377114,0.2722296481094986,-0.09547992272944467,0.4257194251330387
82.477000,-0.41079044332355946,0.5957451618042258,-0.3124609082354364,0.5576639470489784,-0.21257029431755778,0.49116683996072635,-0.10053547242964794,0.4481761585920704,-0.0006446286092257059,0.38167939686007973,0.11139004464981206,0.3386883281627605,0.2112811183735197,0.27219191179073365,-0.09753249897266109,0.42319020471591323
82.527000,-0.4104851438699056,0.5978422099348099,-0.31292970587674923,0.557681888625223,-0.2122382387613355,0.492403803097654,-0.10097269601239828,0.4474596266474907,-0.0002809970438955589,0.38218189875477454,0.11098438607823602,0.3372373271283335,0.2116763169005087,0.27195995687430335,-0.10390461362544068,0.4160687210038644
82.577000,-0.41021766597036907,0.5992734175374584,-0.3133396254177333,0.5576999076226156,-0.21180890769037294,0.4937349691190356,-0.10137443037578164,0.44678578147694054,0.00015651976807812273,0.38282121188654344,0.11059082649848329,0.33587162299617734,0.21212200905943213,0.2719074223228713,-0.10947438653783848,0.4102723779415559
82.627000,-0.40961496591497815,0.6014607131692592,-0.3136577390452616,0.5578275818282753,-0.2113461532531251,0.4951192138759867,-0.10180886062915834,0.4461132803137401,0.0005029571760418183,0.383405290903004,0.11004006848835707,0.33439895207781334,0.2123521183077161,0.27169134121356037,-0.11497895649469098,0.40467351876692076
82.677000,-0.40896166368870956,0.6030495395002408,-0.3137670468874626,0.5579020394069912,-0.2105900000952548,0.4966280888696496,-0.10196589201883927,0.4456300188719723,0.001211384691704842,0.38435645548767106,0.10983530140856679,0.33335797790281385,0.21301280803919964,0.27208480167781307,-0.11910826946631092,0.4005860935888483
82.727000,-0.408075999739985,0.6054451582794359,-0.3138248708494322,0.5582113639577814,-0.2098634687670823,0.4982778434901693,-0.10222650035931219,0.445228026977913,0.001735128846082401,0.38529490048237724,0.10937189621561522,0.3322446760696905,0.2133337525459847,0.2723119435530297,-0.12305865244364977,0.3967341218988496
82.777000,-0.4074406179760048,0.6068217710614598,-0.31399885612747164,0.5581464955697061,-0.20920171889494513,0.4996865945445854,-0.1025781062725113,0.4446283959603499,0.0022192538066030387,0.38616889441912616,0.10884265654746783,0.33111028938812986,0.21364023947541044,0.27265118733839866,-0.12575553804775713,0.3939937374677412
82.827000,-0.40640865650825786,0.6089084185191556,-0.31409348992984143,0.55812380820312,-0.20852862799444957,0.5010619126460878,-0.1029708652864168,0.4439868854268682,0.00259421460165965,0.3869253930855,0.10815175930581733,0.3298499626795034,0.2137170571492536,0.2727888735624301,-0.131008552036098,0.388706682054329
82.877000,-0.4057168061266428,0.6101466567997748,-0.31417759231689885,0.5580165273347933,-0.20780657169328434,0.5024718968878225,-0.10333267738923396,0.4434362685863797,0.0030385549444924553,0.38789204357779405,0.10751222423217971,0.32885601707221873,0.21388366827884991,0.27331219751120817,-0.13371594614950488,0.38599171497635154
82.927000,-0.40466868405765904,0.6116652918268478,-0.314263930134122,0.5577006950413401,-0.20712594370124437,0.5036502384002669,-0.10374254057337706,0.4427251043610143,0.003395650675785067,0.38867505370555266,0.10677882293704177,0.3277495279121769,0.21391721900524374,0.27369988325161365,-0.13958718781947427,0.38137245577779755
82.977000,-0.40372878600616385,0.6129866346402628,-0.31418827485572615,0.5575349867694029,-0.20628312069999763,0.5050328181924153,-0.10402497966885871,0.4422373359397291,0.003880371420981743,0.3897355721137754,0.10613827690537347,0.3269397062909607,0.21404382493094265,0.2744383472232226,-0.14393406892218413,0.37730700631339503
83.027000,-0.40228407425985585,0.6146527969645038,-0.31398613131722414,0.5573946261437144,-0.20539806465619573,0.5063198595870769,-0.10430988533762181,0.44165781506287255,0.004278370264256204,0.3905834502079262,0.10536631036931704,0.3259210317153428,0.21395475491250832,0.2748470685669321,-0.14661938409726394,0.3748055482874706
83.077000,-0.40126125741620233,0.6158855098299365,-0.3137980068139247,0.5572825966191746,-0.20449117880122705,0.507764747818946,-0.10454254336074653,0.4413548820374211,0.004764464461304241,0.3918374301543738,0.10471285874016417,0.3254272014195488,0.21402004637138689,0.2759101464571176,-0.15037465471939454,0.37116092089968467
83.127000,-0.399512779400323,0.6174796397672593,-0.3132938088596675,0.5570737449989169,-0.20328491795349724,0.5091358276493635,-0.10476731329726258,0.4406210002556327,0.005241747133612362,0.3926834719366391,0.10375910948355627,0.3241682961315323,0.21376833943833595,0.276231156845019,-0.15314840706907096,0.3684922013877763
83.177000,-0.39825151008055626,0.6186858016574243,-0.31279770868520634,0.5570815056416476,-0.20221095996020788,0.5104921183769198,-0.10486676187451016,0.44032013608747356,0.005720147169272161,0.3937311293647404,0.10306410377261133,0.32355881208659243,0.2136511731341575,0.27697018590709177,-0.15580077226725303,0.36614882146495564
83.227000,-0.3965279604064736,0.6200288791974189,-0.31240773325705373,0.5568597361945418,-0.20119333374771128,0.5117891544719557,-0.10499253360292432,0.440057668733803,0.006222015784259682,0.39498745684566905,0.10242257738322691,0.3232556511891602,0.2136372766465725,0.2781858091348664,-0.15671709399127082,0.36413929934253486
83.277000,-0.39551069441380854,0.6207076528495828,-0.31204752333397373,0.5564332507241453,-0.20031408578987164,0.5126652380401158,-0.10523928579654179,0.43944787393897744,0.006494292019137704,0.39568021934978775,0.1015688573517492,0.3224625505361377,0.21330257543694525,0.27869525403990636,-0.1588463684341228,0.3616316094169803
83.327000,-0.3935541849468361,0.6220090609021738,-0.3113705701232209,0.5563052854745014,-0.19916924255854926,0.5137510601745557,-0.10525957075221853,0.4390451464782483,0.006941887440183037,0.39649126560174075,0.10085132991639734,0.32178506362506776,0.2130529187339853,0.27923152716848054,-0.16126395781299563,0.3593327220073457
83.377000,-0.3922754940309017,0.6226512242057706,-0.3107299014820299,0.5559606220918416,-0.19803455346725776,0.5147324941257088,-0.10514402285490132,0.4387630968500751,0.007551445654258082,0.39753529825175676,0.10044175423037704,0.3215656294851921,0.213137343231124,0.280338160250019,-0.16236884952274638,0.3584032081697774
83.427000,-0.39051771795596574,0.6237391892616498,-0.31016600593436383,0.5557569979714556,-0.19702735059392318,0.5157614398808171,-0.10517238428590908,0.43854314436161956,0.00796638148395823,0.39854789865296436,0.09982113458436731,0.32132934951352893,0.21296001078046517,0.2813344161805602,-0.1628937088743933,0.3561568147013179
83.477000,-0.38935340828359916,0.6241371560413956,-0.3096199882780783,0.5552899064557941,-0.19608475623305285,0.5164343909595233,-0.1052587701199117,0.43800837329590436,0.008276562409791965,0.39915315141559177,0.09910234570095683,0.32072689886234834,0.21263777871209316,0.28187197059098834,-0.1662289021736165,0.35294791339529014
83.527000,-0.3870496415471906,0.625277734208169,-0.3086119813121202,0.5552051891170326,-0.19473167340102185,0.5173729876466376,-0.10492358811237923,0.4377833663652467,0.008956810556334793,0.3999514380892806,0.0987647049105218,0.32036160135999364,0.2126451943337131,0.28252994627120104,-0.16811006223353822,0.3511031637361754
83.577000,-0.3859122992311249,0.6257594116091333,-0.30788309045911233,0.5549856790225317,-0.19369589807521334,0.5180900818019354,-0.1048117962127596,0.4374698831244235,0.009375477632109941,0.4005745380161477,0.09825940149360457,0.31995414309227876,0.21244675679620406,0.2830590500881959,-0.15962567653895815,0.3539709434587677
83.627000,-0.38443538394945637,0.6265299857256869,-0.30735413544476575,0.5548360108975519,-0.1928756840707302,0.5188542909581447,-0.1048273771738174,0.4373221154056578,0.00965114632028602,0.40134062492228095,0.09769928979641579,0.31980827288861724,0.2121778854072982,0.2838270118524142,-0.16147291450997608,0.3521510944756285
83.677000,-0.38350964979308055,0.6269792744260204,-0.3068880997353733,0.5546818564512304,-0.1921657510899967,0.5194855111766585,-0.10488376273304151,0.4371334954602671,0.009838649194220617,0.40193735645341305,0.09712048948487095,0.3195851838070659,0.21184296469071784,0.2843892510584921,-0.1623234705677971,0.3511979314828854
83.727000,-0.3823740058957217,0.6273558511654205,-0.3064982373935259,0.5544144726112287,-0.19154618630794892,0.5199757451820411,-0.1048968835858411,0.43695828717785223,0.010055222166713562,0.402519742220546,0.09670439311000928,0.31950214667270904,0.21165655352674706,0.28506378417900996,-0.154753195909215,0.35353292371191514
83.777000,-0.38168529872575413,0.6276147174958404,-0.3061274854509153,0.5542094086345293,-0.19098094349020978,0.5204266634172744,-0.10491135396825596,0.43680832954600646,0.010235234110759106,0.40302574152075143,0.09630470948298103,0.31940729015363417,0.2114513436776952,0.28562485931227544,-0.15283597601126936,0.353519971952256
83.827000,-0.3807602661631106,0.6279571711219242,-0.3058065216519525,0.5540094125461487,-0.1904998677012794,0.520777266187483,-0.10493849847926517,0.4366389747111705,0.010368193154802863,0.4034069591040792,0.09592946697042243,0.31926857060782093,0.2112361962855877,0.2860366857448883,-0.15351160534848088,0.35280806115702545
83.877000,-0.38027393014773897,0.6280696432939077,-0.30550871020278714,0.5538584123183086,-0.1900700696456627,0.5210876896933956,-0.10490592720742442,0.43654735116404564,0.010532742976316067,0.40377673290247623,0.09569680898775851,0.3192363173824641,0.21113550879596682,0.2864658034770301,-0.1479505848692023,0.3552227375362979
83.927000,-0.37966980917007875,0.6283312921124544,-0.3052817080832049,0.5537942597452932,-0.18974562593419045,0.5213687493926841,-0.1049019470480414,0.4365068017777681,0.010634156697226949,0.40408136837536646,0.09547777906558896,0.31921936425486824,0.21101390440495071,0.286794007795173,-0.14492528311242653,0.3567295870698791
83.977000,-0.379454146273184,0.6283631432536645,-0.305165849480845,0.5536741617612827,-0.18956233923587562,0.5214898734006742,-0.10494049967156571,0.43640671251469504,0.01066302443567585,0.40422247394635297,0.09528482735629018,0.31913927661537644,0.21088836532364202,0.28695508783161777,-0.14201637622251445,0.3581123978843737
84.027000,-0.37926976602097845,0.628393279451983,-0.30510877205743175,0.5535870729280912,-0.18946595788955337,0.5215442964294243,-0.1049680643977347,0.43633804082285754,0.010674756070073232,0.4042952870607301,0.09517263281192234,0.31908901484344804,0.21081545957765474,0.28704628381064135,-0.13868608092911733,0.36026365607772065
84.077000,-0.37924965506201536,0.6284005090199494,-0.30509922845585946,0.5535744961637058,-0.1894487563370627,0.5215593700959138,-0.10498378880148518,0.4363204748811157,0.010666681905317832,0.4043053437126805,0.0951316532032142,0.31906645222604174,0.21078212249614747,0.28705131595018707,-0.13534173333519914,0.3624225851101903
84.127000,-0.3793619175714258,0.6283777191130294,-0.30513188624762944,0.5536072761728916,-0.1895089003695889,0.5214930248843563,-0.10498792490299291,0.436309665571493,0.010635051717103938,0.4041953809510118,0.09515605174525943,0.3190120460087248,0.2107790191054662,0.28689772804932645,-0.1358548010283201,0.3616970222210688
84.177000,-0.37949433043004166,0.6283333087330115,-0.3051821198906767,0.5536664242093172,-0.18961353257103356,0.5213569577401227,-0.10496156420612901,0.43630377290134836,0.010607006357000348,0.4039942464953954,0.09525901883876248,0.31894110556539146,0.210827572643285,0.28663151921531344,-0.1359945159110457,0.361488487426186
84.227000,-0.37982734188873735,0.6282441899668558,-0.30526522286355345,0.5537890366928538,-0.1897903987389437,0.5211460436739999,-0.10489838681632474,0.4363324462306576,0.01057641246521518,0.4036893653293921,0.09546848894127186,0.31887583249921964,0.21094326337758795,0.2862326637081782,-0.12837977508440263,0.36797160445697386
84.277000,-0.38012530531654465,0.6281718611588137,-0.30534820148389685,0.5539692000181924,-0.1900058577612984,0.5208611385016781,-0.10482237607589939,0.43634028639827915,0.010519934730942426,0.4032321102095897,0.09570350045284004,0.3187113428016058,0.21104577834148208,0.2856030519326598,-0.1284213422665892,0.3679203880620877
84.327000,-0.3807275972223509,0.627967511637236,-0.30549670419125874,0.5541762091335403,-0.19032267259212393,0.5204873022770734,-0.1047469263781674,0.436363633442278,0.010427063875783238,0.40267458523718463,0.09600291333782818,0.3185510214327948,0.21117686224411902,0.28486183187125613,-0.11728410676084072,0.37946562269591155
84.377000,-0.3813092277188746,0.6278346333591184,-0.30575449458628445,0.5544261553572011,-0.19076664691306183,0.5201071389464539,-0.10470033033901155,0.4364854363133534,0.010287467558047325,0.40216625312513454,0.09635390542354455,0.318544675329521,0.21134165354193596,0.28422532535632417,-0.1171691581670734,0.37964384708511595
84.427000,-0.38231011461561387,0.6279044426702682,-0.3061008316921732,0.5549575187317043,-0.19136609061414936,0.5198015919232876,-0.10477751264421481,0.43672079892925936,0.009957169654986664,0.40156468029108705,0.09654588653736257,0.31848403207481624,0.2112805100550999,0.28332772159941116,-0.1164574107912153,0.3807494933954267
84.477000,-0.3830664325586541,0.6279157541073209,-0.30652265438113924,0.5555398490156136,-0.1920622433562379,0.5195007826347925,-0.10486848180370406,0.43705535859781774,0.009591861379491695,0.4010160767518145,0.09678577813657785,0.3185708168585069,0.21124605347542597,0.28253131954034616,-0.11624731919586417,0.3811300011352944
84.527000,-0.3839931507515792,0.6280019767754296,-0.3067208760035993,0.5561854939413684,-0.19262225873325056,0.5190168843765884,-0.10482675115680934,0.43721255167108386,0.009271788449597473,0.40004370369768294,0.09706746696184176,0.3182395544473396,0.2111659289014719,0.28107046805830666,-0.1059472454162626,0.39460664887652597
84.577000,-0.38471200945256556,0.627997622471789,-0.30702340200805833,0.5568497258435869,-0.19327204825831806,0.5186315427740209,-0.10477261362988333,0.43758926943855936,0.008978653019898364,0.399370827128495,0.0974782723497517,0.3183287554903429,0.21122945189684306,0.2801100539336058,-0.10542834946216967,0.39577520234202096
84.627000,-0.38600746758539684,0.6278865864071609,-0.30741408987483065,0.5575184037215197,-0.1940730517734234,0.5181000186443304,-0.10479215123365537,0.43791946739400234,0.00854878965813799,0.39850080280777855,0.0978298879350088,0.3183204717379071,0.21117073161448757,0.2789015276371052,-0.10466816879586732,0.39795400927975877
84.677000,-0.38697428405319234,0.6279899852847161,-0.30789876172750474,0.5583868779630806,-0.19500421306829913,0.5177073882658745,-0.10492540676026563,0.4384242964275623,0.007969034511356221,0.39774450870737876,0.09804805011855977,0.3184616546684397,0.21094238399989207,0.27778156892023587,-0.09371023896621772,0.41724224328250764
84.727000,-0.3881729067701965,0.6282062720541872,-0.3081996369257597,0.5593937652276657,-0.19584495620544404,0.5172460995718324,-0.10494321321050715,0.4389079024998903,0.007411349138719214,0.39675992129896176,0.0983133121501954,0.3184219795295981,0.21066775612535948,0.2762736827783448,-0.09275326043714721,0.42008370653420957
84.777000,-0.38843689420530925,0.6289321357811631,-0.3079875153007754,0.560922883560931,-0.19630792240724868,0.5170176614356525,-0.10466725867373144,0.43954515824594137,0.007012203921981541,0.3956396046898516,0.09865309757797536,0.31816737347162566,0.21033242987257106,0.2742614884792105,-0.08856916125431108,0.42977678541820125
84.827000,-0.3884610437344189,0.6303404366046037,-0.3074296051105994,0.5627882979517677,-0.19654852318222746,0.5169038161526793,-0.1042155968811666,0.4402576765194196,0.006665342066552171,0.3943728492052686,0.0989985072145309,0.3177269973034574,0.20987930317809944,0.2718418244688404,-0.08784546464693688,0.4321558988118495
84.877000,-0.3885488763545728,0.6311301066337505,-0.3068596470321624,0.564615206030085,-0.19680902964804287,0.516773157440558,-0.1037551812898676,0.441003893845533,0.006295280668694614,0.3931614877336364,0.09934937519044457,0.3173925264583499,0.20939968171985135,0.269549762818985,-0.0842138049918772,0.4432129627506351
84.927000,-0.38889167650864803,0.6317738194908875,-0.3064082335209196,0.5660720585799777,-0.1972162745754006,0.5163014236473109,-0.10332004287504837,0.44157861807583487,0.005871748341126748,0.39180761516285467,0.09976823186892042,0.31708512603733363,0.20895985535293016,0.26731375514113526,-0.08341653704351643,0.44585328588361106
84.977000,-0.3891122237504055,0.6321571428008932,-0.30592131618399027,0.5675302594795555,-0.1976087688173951,0.5158737779603186,-0.10284400017222062,0.44225558303796375,0.005468367643959082,0.3905987250417519,0.1002333921814677,0.3169808595171072,0.20854558044505828,0.26532362504273055,-0.07980538401410503,0.45677613712897824
85.027000,-0.3894627613935189,0.6325699674119887,-0.30541839817732863,0.5689165761854909,-0.1980557386500709,0.5153137839146579,-0.10237985320832893,0.4428836455402334,0.004982614995973467,0.3892804700645577,0.10065875896407822,0.3168506731892793,0.20802103584425524,0.2632471145098393,-0.07795258505664832,0.46153408438654875
85.077000,-0.3896454565998338,0.6328498018657637,-0.3048577634746751,0.570332548237783,-0.198473006324704,0.514814231925594,-0.10188919817900616,0.44359928964467354,0.004495356482691004,0.38808058532413864,0.10107942436766959,0.31686599531064724,0.20746377654066145,0.26134690298439034,-0.07480884939205101,0.4717442453031163
85.127000,-0.3897778110619756,0.6331016164246807,-0.30418529917792136,0.5716722739878215,-0.1988722759794192,0.5141469131043795,-0.10137926054252971,0.44418183652311694,0.003933549142071391,0.3866560847565082,0.10142682426398641,0.31669137003542835,0.20673942043474136,0.2591652273892019,-0.07419286303468947,0.4733887578285195
85.177000,-0.389812220687142,0.6333795113743008,-0.30344091139319945,0.5730693186387191,-0.19921954990348215,0.513589004190956,-0.10082720931947725,0.4448944096853859,0.0033939284782202317,0.38541370328634733,0.10178652740305622,0.3167194788078671,0.20600744151032052,0.25723838046375747,-0.07249049664959767,0.4789957969470191
85.227000,-0.3899191510900437,0.6337271680374414,-0.3026999924285323,0.574591905840683,-0.19962031144313225,0.5131543003539116,-0.10028988228573466,0.44582328340475785,0.0027895655254720486,0.38438528670127853,0.10212025021933607,0.31705464673515216,0.20519946485840979,0.25561625882179817,-0.06993179858142762,0.4859241747643988
85.277000,-0.38988511659743624,0.6339024679169409,-0.3018741994782361,0.5760108721408794,-0.19993788763587264,0.512694299839653,-0.09968235599287434,0.44674865271279735,0.002253714304778276,0.3834316915390958,0.10250949751526767,0.317486426865646,0.2044453262713986,0.25416907682791323,-0.06927699858900971,0.48768866505144415
85.327000,-0.3898420550865418,0.6342204336612004,-0.3010467413858882,0.5775126949871688,-0.20034217604559185,0.512254817917638,-0.09918339544231863,0.4477032795404712,0.001520920676862214,0.3824450178798348,0.1026799477967813,0.31789386582077794,0.20338401469885847,0.2526352195784448,-0.06573245137872463,0.5009240776967526
85.377000,-0.3897227621498922,0.6343750437825262,-0.3001417903774073,0.5789439337117358,-0.20065656373910973,0.5118418496850339,-0.09861255141423059,0.4486989993483576,0.0008724196488748004,0.38159653640866315,0.10291667246238462,0.3184540747229444,0.2024013879547778,0.2513512328800117,-0.0643704914047013,0.5054712322337088
85.427000,-0.38935924781162606,0.6346067436208527,-0.2990967507265291,0.5803616277183677,-0.20091828694711855,0.5113617056175785,-0.09802442416775542,0.4496134019781943,0.00015377862165988354,0.38061310852200353,0.10304787495535672,0.3188651940659516,0.20122581675972717,0.24986452926438862,-0.06228641909953042,0.5111854342719577
85.477000,-0.3889526581001485,0.6347340300007238,-0.2978633154208252,0.5818179077866237,-0.20092224536370665,0.5110900565983918,-0.09716515523024494,0.4508035220572841,-0.0002243498756728246,0.38007530806364065,0.10353296587537708,0.31978916182691075,0.20047350653148616,0.24906058503630468,-0.06159806935926093,0.513090136642181
85.527000,-0.38860391512790143,0.6346157126850779,-0.2968299807838575,0.5830146557931758,-0.2011305789067531,0.5106155922818906,-0.09649537656568741,0.4518663423082474,-0.0007962415700121239,0.37946692602594634,0.10383917732744824,0.32071806175124395,0.19953804544473963,0.2483182927046551,-0.05956592367119462,0.5194166161705523
85.577000,-0.38824770715670626,0.6347810528650456,-0.295904846720311,0.5841330777583886,-0.20139552756648427,0.5101872446282696,-0.09602302451601441,0.45277092873304436,-0.0015139733096835029,0.37882475314497355,0.10385873778156479,0.3214088190571169,0.1983675210429851,0.24746230101695443,-0.05819561393641126,0.5232355385700271
85.627000,-0.3872672220730703,0.6352920177954399,-0.2943380528039327,0.5859659137332072,-0.20122998977747625,0.5102632810278147,-0.09516534119655318,0.45413583389722906,-0.002057546032696589,0.37843287174387963,0.1040073011381068,0.32230579989236097,0.19711482844233608,0.24660250829709218,-0.05530255730725819,0.5292407980185974
85.677000,-0.38665711398606006,0.6353799844732597,-0.2929488413115187,0.5872537709460968,-0.20114233009406052,0.5099778723874074,-0.09439687446232231,0.45515627352387766,-0.0025906293331781627,0.3778800588439281,0.10415501506117436,0.3230588275296316,0.19596099410463652,0.24578229673375862,-0.05375820097912115,0.5319600044191262
85.727000,-0.3857840654802296,0.6354145054311202,-0.29159302702447304,0.5885415141299141,-0.20112083106033865,0.5097076270193407,-0.09367287681581682,0.456276015327868,-0.0032009431125016308,0.37744182723971487,0.10424718887953216,0.3240105729899439,0.19471886032319763,0.24517608392757478,-0.05242424631393533,0.5356401299427391
85.777000,-0.3850650269176494,0.6354380725423097,-0.2901640506410448,0.5897080046564576,-0.2009420857807237,0.5094618771092376,-0.09283862206139198,0.45736925640954507,-0.003616914107041569,0.3771228432213552,0.10448671637845797,0.32503056859897517,0.19370816742913094,0.2447838697742049,-0.050290925603706016,0.5377627548410017
85.827000,-0.3842524357660398,0.6350680686952277,-0.2888647076318598,0.5906507089582841,-0.2008130093031665,0.5091221960609349,-0.09204814448144821,0.4584250150993764,-0.0039966957209227605,0.3768962326664672,0.1047683242854262,0.3261993846366978,0.19281952348035392,0.24467033267265959,-0.048684080531168406,0.5413269400178566
85.877000,-0.3837114372474662,0.6350253542911045,-0.2876874011482852,0.5917052166730007,-0.20070924170391347,0.5090323687813266,-0.09132384790549525,0.45968831521349957,-0.004345929259413017,0.3770152139843458,0.1050396082582234,0.3276714790130515,0.19201728610859908,0.24499812445061314,-0.04643020804549308,0.5419425695203554
85.927000,-0.3832694235974572,0.6344403470467629,-0.28684078359087556,0.5924058363605551,-0.20081477242723936,0.5087426700400769,-0.09083289156136193,0.4607428171224704,-0.004807111032826161,0.3770794136538679,0.10517490215180092,0.329079863918851,0.19120045204806513,0.24541622330634116,-0.045640096567978794,0.5437252976598439
85.977000,-0.3829427156436302,0.6339706608041077,-0.28589874514093516,0.5929873794654074,-0.20075221013021693,0.5084293072582309,-0.09020528739817718,0.4617454998836224,-0.00505897131428229,0.3771872072266215,0.10548807228357826,0.3305036860624485,0.19063416944329353,0.24594517295942697,-0.043321603105855366,0.5460581516728849
86.027000,-0.38221788940384244,0.6339198326161658,-0.28479607482156466,0.5939720933789939,-0.20064507767377668,0.5084232203529975,-0.08962544783462911,0.4628749845848091,-0.005474656064133165,0.37732590953788875,0.10554508312173,0.33177794029316215,0.18969566951763284,0.24622866322894266,-0.04181137231081877,0.5493433663264851
86.077000,-0.38191442744833687,0.6336357862417121,-0.2840641646247613,0.5946143510505094,-0.20076587860944334,0.5082349811355589,-0.08930204833820765,0.4637848456886088,-0.006003953127710626,0.3774052917751012,0.10545997532892071,0.3329554025401209,0.1887578797380886,0.246575664632237,-0.039443241883712676,0.5463453329373991
86.127000,-0.38176851031002806,0.6333051374216654,-0.28360237516645276,0.5952552950314917,-0.20104158600750768,0.50817076085091,-0.08916430622650107,0.4647717485487899,-0.00660369215561829,0.37768704837570866,0.10527367488004397,0.3342882610059566,0.1878341138669209,0.24720339484489018,-0.03827489445970422,0.5491962661446346
86.177000,-0.3815050142038961,0.6331298677197902,-0.2829737670651972,0.595859916266252,-0.201106676042484,0.5081229263737796,-0.08886657866816294,0.4656710649240728,-0.006999645714910296,0.3779339275377836,0.10524052814042023,0.3354822682996881,0.18710730302851014,0.24774498342412532,-0.03727602934763946,0.5482847222368734
86.227000,-0.3805984850237037,0.6330613465391932,-0.28201066482892445,0.5964231617432626,-0.20084060869413464,0.5080409124761193,-0.08832937569058852,0.46631295487067104,-0.0071594600411662435,0.37793057658229257,0.10535183928949554,0.3362027978153065,0.186521614457551,0.24782029050977805,-0.03552754456505841,0.5524816820752151
86.277000,-0.3798649934029159,0.6330869484839192,-0.2808942989081356,0.5970035745747339,-0.20036115354701692,0.5080405907184671,-0.08762044447948297,0.4669366673422127,-0.007087420677008849,0.3779735734459482,0.1056533445553644,0.33686980412012835,0.18618624680293616,0.2479066001875555,-0.03506553202680973,0.5433336609582611
86.327000,-0.37916606863358715,0.6330426125306021,-0.2801101677593276,0.5974242615312876,-0.20013866050437787,0.5079560659176263,-0.08721088466248939,0.4673689073410197,-0.00723947892413096,0.3779006209864477,0.10568834297164348,0.337313590548207,0.18565964719660166,0.2478452134557843,-0.034292132356867844,0.5457779867990551
86.377000,-0.3788387217085343,0.6330023669985707,-0.27957220198232624,0.5977391768386103,-0.20005197611751946,0.5078696398507654,-0.08697484907817699,0.4677004558849771,-0.007454704497765419,0.37783084697345487,0.10562245887417326,0.33766176528486214,0.1851425221731804,0.24779208445244016,-0.03405594341607593,0.5396109288038127
86.427000,-0.3784984854343095,0.632957606488148,-0.2791812828485203,0.5979958101845604,-0.2000123018447402,0.5078166970439837,-0.08681979228550823,0.46797380834748786,-0.007650871364418277,0.3777946424598615,0.10554166474100213,0.3379518291804101,0.18471052558217338,0.2477726105482378,-0.033096501771284315,0.5372021936543716
86.477000,-0.3783102247446743,0.6329115291895775,-0.27886652769056175,0.598150734674488,-0.1999265033068982,0.5077711321620548,-0.0866478157063359,0.46817392347895215,-0.0077078302616843675,0.3777942869561324,0.10557087439921403,0.3381971270788391,0.18451082090736332,0.24781745654785448,-0.03287594866240451,0.533794398016207
86.527000,-0.3781310473509993,0.6328970800316335,-0.27867471120394915,0.5982457526324654,-0.19986806572671734,0.5077498265991611,-0.08654289413816169,0.4682858495514286,-0.007736265750931115,0.3777899086356268,0.10558891329053394,0.3383259529897541,0.18439552459030273,0.2478299971936715,-0.032171133125374174,0.5349365890710224
86.577000,-0.37808581241930006,0.6329234118038286,-0.2785926632166684,0.5983044553659093,-0.19982148047675927,0.5077776594999568,-0.08648644386751936,0.4683420223581248,-0.007715256719646513,0.37781523032772757,0.10561977796928579,0.3383795876670778,0.1843909695289141,0.2478527994755355,-0.033523481149832224,0.52634685606019
86.627000,-0.37823453817894725,0.6329452089429517,-0.27872606136692246,0.598255923004439,-0.1998766732679994,0.5077972363213762,-0.08656692166755225,0.46828900689706177,-0.007717507244988986,0.3778303431593192,0.10559223285797942,0.33832208076020776,0.18444167360839164,0.24786343997146754,-0.03307592645383728,0.5270564983922117
86.677000,-0.37845271588400625,0.6329595853874592,-0.2790331059768872,0.5981299775051648,-0.20000825715858161,0.5078245332105731,-0.08675702921441458,0.46814885591152866,-0.00773213279240309,0.3778434532742001,0.10551907423631585,0.3381677162736372,0.18454401826633787,0.24786235529738282,-0.03407420240660797,0.522500592514327
86.727000,-0.3789227776122956,0.6330492385740121,-0.2795033248802765,0.5979562411741478,-0.20019358820959235,0.5079008933638893,-0.08704070629376881,0.4679456019227853,-0.007730900632816062,0.3778903148707648,0.10542195067282273,0.3379349367421088,0.18473182532848242,0.2478797104523291,-0.03375129362031076,0.522935369399031
86.777000,-0.379328761007651,0.633081968336217,-0.28010404485505963,0.597700930393257,-0.20044147626434752,0.5079575453137491,-0.08741229924802207,0.46765363554049183,-0.0077496418984554505,0.3779103292496923,0.10527949525524488,0.3376063076849815,0.18494224136827886,0.2478630801871417,-0.03874879222490801,0.5080981011336865
86.827000,-0.38014622974007223,0.6331556835694877,-0.2809240474345082,0.5973486938235422,-0.20076099704541217,0.5080520793730758,-0.08790378064825194,0.4672691330954397,-0.007740620940183851,0.3779726167825467,0.10511654552866523,0.3371895323403119,0.18527981456026366,0.2478931141693259,-0.03883259975962283,0.5080085708695452
86.877000,-0.3807381608047717,0.6332193052695965,-0.28184655669667624,0.5969176798721034,-0.20111758578395766,0.5081323587014654,-0.08846782965778832,0.4667798201492256,-0.0077387301296528155,0.37799461592365496,0.10491096609169309,0.33664191418315914,0.1856401942397437,0.24785682690708621,-0.043724906547315756,0.49764402623866794
86.927000,-0.38120746370252157,0.6338364768240337,-0.28251457658069323,0.596722409389971,-0.20122902626844477,0.5084463689802086,-0.08886187436842352,0.4663319632042493,-0.0075761771498896735,0.37805605806763837,0.1047909046642087,0.33594146529306335,0.18607674879269542,0.24766569543343275,-0.044355942042953955,0.49698056659006656
86.977000,-0.3814386118464829,0.6344903965738312,-0.2831238534679546,0.5966543499142263,-0.20126802575284514,0.5089068515506017,-0.08927540538171652,0.4658063529176594,-0.007419412887322674,0.37805900826975725,0.10457312654695988,0.33495829933056875,0.1864292838236689,0.24721110840179517,-0.050111440817176944,0.48695107802568643
87.027000,-0.38174226826725843,0.6355515277503364,-0.2837489704663717,0.5965743469513414,-0.20122953487452344,0.5094506260160943,-0.08966333566904594,0.4652580565632582,-0.007143718264022936,0.3781345078331438,0.10442238872066328,0.3339417055653358,0.18694218794115014,0.2468183290432418,-0.05118551111552977,0.4858274504772858
87.077000,-0.3819577962590795,0.636329610249118,-0.28443270914658614,0.5965022820059699,-0.20121849267665054,0.5100419201209148,-0.09012544241146592,0.46467305212999865,-0.006911028568299171,0.378212880208251,0.10418191813090044,0.33284375862000726,0.18739652934903178,0.2463837766641036,-0.05799292634363373,0.47559758536347
87.127000,-0.3822937131460188,0.6375891009975453,-0.2851732170948502,0.5964350910763252,-0.201163209198048,0.5107477607807721,-0.09059501212655291,0.4641143629165909,-0.006584792327947286,0.3784272403753948,0.10398328942427465,0.33179356908914515,0.18799372112594137,0.2461066543045669,-0.05989415793620906,0.4733583316874247
87.177000,-0.38251982535777473,0.63848361725973,-0.2859608110250199,0.5963681153786249,-0.20113883333712473,0.5114844767836979,-0.09114629372404376,0.4635090536019811,-0.006324091128181997,0.37862563975223923,0.10366832137312454,0.3306499251443003,0.1884907488777977,0.24576673604177912,-0.06680897127686164,0.46404499005564404
87.227000,-0.3828454193934776,0.6399085847478172,-0.2867885605990773,0.5962999768343037,-0.20106318101766318,0.5123287954943796,-0.0917030786775791,0.46292871435915955,-0.005977462396282607,0.3789577746645731,0.10338250069827676,0.32955738527383427,0.18910835367990192,0.24558668722640348,-0.0683912417681275,0.46225480679282016
87.277000,-0.38299891133373515,0.6409140848304264,-0.28760905220555444,0.5962130402542404,-0.20108505761943365,0.5130649894006601,-0.09242519304598112,0.4621431489915451,-0.005900951589687176,0.3789953550322248,0.10275876179879062,0.32807319201742074,0.18928325012618158,0.2449256549548482,-0.07648491569889992,0.4528943652360464
87.327000,-0.38355835186426734,0.6424473179384398,-0.28879812486747397,0.5960741109763584,-0.20127808939743125,0.5139751257733058,-0.09337970935843648,0.4614590371242076,-0.0058594179916709455,0.37936032471575487,0.10203879836249208,0.3268438997647901,0.18955934562764037,0.24474546015441084,-0.07843372439372831,0.4509091919718222
87.377000,-0.38364662045680403,0.643611294143081,-0.28964831215513215,0.5960553137849681,-0.20123442430774457,0.5149197208858802,-0.09415673745224973,0.4607499047824294,-0.005742586241012315,0.37961459887326665,0.10133492478539297,0.3254444352091681,0.18974933936219246,0.24430941629366626,-0.08677923798379183,0.4424655117027295
87.427000,-0.38331976860756345,0.6450142452203879,-0.290086687690827,0.5957466039561461,-0.20063241582619928,0.5157595222168538,-0.09440389997244603,0.4599428363651644,-0.004949358889473621,0.3799560557096476,0.10127896910149137,0.3241390123250212,0.1907337794029399,0.2441525327554661,-0.0890867248594262,0.4403112957600388
87.477000,-0.38322074762844616,0.6463427374487609,-0.2908275205402191,0.5957379585714713,-0.20039780568985027,0.516855345328267,-0.09515068718190778,0.45920949512401094,-0.004720698344840513,0.3803271959756984,0.10052621994336364,0.3226809802210411,0.19095648276774324,0.24379899517052683,-0.09797133942536457,0.4324546846130556
87.527000,-0.38265209405019607,0.6483594472784916,-0.29125790346367486,0.5958111697672476,-0.19980309864381068,0.5181193511804284,-0.09559529362573932,0.4586152893588292,-0.004140211617609024,0.3809237970649309,0.10006738110660518,0.32141936346055666,0.19152274030362837,0.2437281974626767,-0.10081991366620358,0.4299996395211504
87.577000,-0.38227337711412396,0.6496395997015232,-0.2917407216230855,0.5957767391084733,-0.19929384731581268,0.5192680766524651,-0.09616662589108366,0.4579103045188244,-0.0037194726048156435,0.38140197915970175,0.09940752509292655,0.32004383099795597,0.19185495735915642,0.24353584273938955,-0.10473694687286106,0.4265484764811866
87.627000,-0.3814112774161158,0.6519462402730685,-0.2920763701387311,0.5959648176891584,-0.19869785613846366,0.5205960368664223,-0.09671554803773635,0.4573535761742753,-0.003336754430575517,0.3819851417731612,0.09864531905499768,0.3187423027513989,0.19202439227092133,0.24337421477685228,-0.10731001627160086,0.42389498947287935
87.677000,-0.3807248850339827,0.6535155656726693,-0.29228479648406025,0.5962812287433852,-0.19794030954168132,0.5221251920130137,-0.0971980819069092,0.45692547137820594,-0.0028533161632840476,0.38276978935209677,0.09788866634430832,0.3175696899648016,0.19223371089218322,0.24341436264952143,-0.1199031951918606,0.4144947037714297
87.727000,-0.3795186738492158,0.6555753883967059,-0.2924378226299047,0.596294072403834,-0.19693937059156927,0.5236301497697706,-0.09775781078813417,0.4560800335970427,-0.002259082641318688,0.3834164738395629,0.09692222048718097,0.3158659808012142,0.19242122474579004,0.24320278392753425,-0.12131554271515604,0.4133295005818399
87.777000,-0.3786629199828619,0.6568446723942805,-0.29251977641713206,0.5962075941714022,-0.19620321700792684,0.5246316179272356,-0.09805662688572414,0.45558636576831807,-0.001739794555758012,0.38401075678274965,0.09640653229332119,0.3149651303873198,0.19272363754665117,0.24338988866677735,-0.12892948128499815,0.40758184182110047
87.827000,-0.3774475181023167,0.6584083375220025,-0.29267056821569126,0.5958762304276419,-0.1951798265119881,0.5259079856166022,-0.09860885306418532,0.4546756398232873,-0.0011178442130642119,0.38470776724546507,0.09545285725602143,0.313475052727181,0.19294413325618576,0.24350755238784133,-0.13572214482091943,0.40317553746103313
87.877000,-0.3765456188590155,0.6595880263024707,-0.2927298751468897,0.5957734939187672,-0.19446174915437903,0.5269013267254841,-0.09898566181422264,0.4542080206636858,-0.0007172736334559726,0.38533622756713815,0.0947585369678724,0.3126425580353369,0.1930271873389955,0.243771139041552,-0.13723910696989888,0.4020550195464919
87.927000,-0.3750971821797934,0.6611939481515046,-0.29274216366261907,0.5955054080801427,-0.193370156299652,0.5282357704129067,-0.09955493359829232,0.45341128251330187,-0.00018267222477402756,0.38614202007688225,0.09363226793494428,0.311317177926883,0.1930047833218972,0.2440482907285912,-0.14268523017427276,0.398133444783389
87.977000,-0.37389681915124456,0.6624177549025916,-0.2925056122475533,0.5955388399869382,-0.19237312843289708,0.529406505347152,-0.09965845393544992,0.4532225888510527,0.0004742772488292579,0.38709062876080635,0.09318866677194904,0.31090636545658196,0.19332164532737423,0.24477477992122781,-0.14775386083475062,0.3944251394890925
88.027000,-0.3722874157013556,0.663869437465038,-0.29233176589866083,0.5952833955336585,-0.19112662655901252,0.5308045636975082,-0.10006658558281345,0.4526504280269081,0.0011387906669325099,0.38817196804329895,0.092198544478237,0.3100174977883697,0.19340415763787566,0.24553940965999488,-0.15086020370459377,0.39205938277060676
88.077000,-0.3711783381999693,0.6647835065927401,-0.29217659567638377,0.5950989913474007,-0.19023522461504386,0.5317905648650492,-0.10024900149833194,0.4524024067611852,0.0016925984300307229,0.38909434880974764,0.09167853453892166,0.30970586538462386,0.19362036333368032,0.24639817596606395,-0.15496356119464386,0.3889569507645251
88.127000,-0.36958188465708114,0.6661051924739494,-0.2920534899287005,0.594786273470451,-0.1891444082386874,0.5330633369201364,-0.10084057039125066,0.45180798502079533,0.0020687282225111403,0.3900854101433737,0.09037228048731494,0.3088297478896663,0.1932817960233431,0.24710753468554747,-0.15808009150016053,0.3867414564010628
88.177000,-0.3686637100714657,0.6666736510314378,-0.2920475501368181,0.5943742227911848,-0.18848219586980874,0.5337588996912023,-0.1012104663529278,0.4513960122603948,0.002355096140916557,0.39078104493135934,0.08962654271366571,0.3084178576939337,0.19319231343246646,0.24780324613543986,-0.1604523402453227,0.38452176047135106
88.227000,-0.3670425628102147,0.6673745559766175,-0.2918105736152193,0.5936324011079448,-0.18735891106665165,0.53455744721538,-0.1016509638987515,0.4505684730704265,0.0028008939675333577,0.3914938645245442,0.08850856343850516,0.30750460700007737,0.1929606166202526,0.24843034379955575,-0.1633756198493156,0.38249647389039954
88.277000,-0.36585711445622193,0.66808793220696,-0.2915606478039176,0.5934075677251897,-0.18652271860007055,0.5353814234655635,-0.10189723199087303,0.45030189002118237,0.003140882942847145,0.3922760819678557,0.08776609722326612,0.3071962776489109,0.1928043978843249,0.2491708057998382,-0.16329590878267466,0.38205864197977246
88.327000,-0.3636769680202508,0.6691789224959176,-0.2907860020488895,0.5931237791183271,-0.18495630257187523,0.5365545763863695,-0.10191951365488844,0.4499237984545488,0.003910357483109361,0.3933549168672396,0.08694688350788171,0.3067238869503915,0.19277692630437498,0.25015532650542094,-0.16729925263784023,0.3787975152659101
88.377000,-0.3623071769270688,0.669761274747421,-0.29027760698383337,0.5928929439381532,-0.18393391279418836,0.5372960133560539,-0.10189146470277982,0.4497229769832787,0.004452391317096183,0.3941263559449921,0.08649458449685693,0.3065530807599604,0.19283860234394679,0.2509567692619098,-0.17002508200764824,0.376832635634949
88.427000,-0.36052597571938333,0.6704890391356272,-0.28978347081998634,0.5924328155348805,-0.18275623378794603,0.53816339013455,-0.10217279521019007,0.44924595974896614,0.004854589323413261,0.3949768252442519,0.08543778622416398,0.3060591758339971,0.1924653182557085,0.25179033221971636,-0.16957976011601428,0.37531352480358027
88.477000,-0.3592275980014036,0.6709813290497141,-0.2893009503079214,0.5921934875344129,-0.18185334047723217,0.5387611832485659,-0.10219993835287983,0.44900966220771765,0.005247809165906392,0.3955776348012778,0.08490098000890711,0.30582590850152724,0.1923488652119395,0.2523941579685407,-0.16785169651871634,0.37462413373168846
88.527000,-0.3575073060291872,0.6716294126416709,-0.2887347699752486,0.5918321403231069,-0.18074378636058777,0.5395067405878655,-0.1024050202477303,0.448605487993891,0.005586087135024453,0.3962803436963253,0.08392463823121443,0.3053789058012725,0.19191586937767474,0.25305401693386553,-0.169981074232038,0.37295306967065456
88.577000,-0.35656179238588104,0.6719863405463042,-0.288516643431711,0.5915675629501317,-0.18017540665225962,0.5399712800120708,-0.10266440444712993,0.4483631770023585,0.005676946201589705,0.39676713316625895,0.08318774623059455,0.3051588590926509,0.19152921074407792,0.25356305435041265,-0.16999083915463128,0.37162507587942134
88.627000,-0.3551877314028311,0.6724756771783144,-0.2881341297468024,0.591228083645417,-0.1793155422099539,0.5406463180921552,-0.10293354342318295,0.44809476347886124,0.005885143571272955,0.39751321189330274,0.08226696037269349,0.3049615070893714,0.19108574682022328,0.25438016946286357,-0.17203671521810168,0.3700454609792223
88.677000,-0.35421797690281376,0.6727525595558155,-0.2877601093091383,0.5910163864752801,-0.17866253806499371,0.5410391923186592,-0.1029622380263227,0.44792923273701074,0.006135422977801508,0.3979522345221432,0.08183555578753099,0.30484213898019685,0.1909333065475355,0.2548653366990631,-0.1678994672515982,0.370343019121814
88.727000,-0.3528375806011809,0.6731333111473665,-0.28717041072364,0.5907615152111505,-0.17769535654818694,0.541616703570377,-0.10289435640926495,0.44778275247699095,0.006580773391911265,0.3986381093005358,0.08138162913732,0.3048040431020942,0.19085683456077124,0.25565956838297016,-0.16968773260552064,0.3689945646340328
88.777000,-0.35210044582757105,0.673097277114898,-0.2868398215237137,0.5904027219868504,-0.17712328044616618,0.5417994236029948,-0.1027841489578108,0.4475991394764505,0.006932458150306631,0.39899599014953696,0.08127146166418364,0.3047956050307462,0.19098813479944665,0.2561926047535916,-0.17231467152470553,0.36704861363599095
88.827000,-0.3512334589856853,0.673186056565111,-0.28650680809268386,0.5900727904947248,-0.1764888463643969,0.5421556944105034,-0.10275755026196046,0.4474788969622721,0.007260463601746259,0.3995619205814886,0.08099165669604425,0.3048850429138663,0.1910097226920619,0.25696818622973877,-0.1624072630818156,0.37044664573266867
88.877000,-0.35075971621499175,0.6732840810358025,-0.2863323388872359,0.5899386050496698,-0.17616665540792142,0.542362117332193,-0.10277622117873886,0.44742085041600316,0.007389505133034824,0.3998444618793026,0.08077985389150227,0.30490312889355975,0.19094562303271995,0.2573268395308993,-0.1600585122332759,0.3706891496582271
88.927000,-0.35020853591147116,0.6733968504407486,-0.2861268524789688,0.5897852844675328,-0.17578046585720267,0.5426294262999838,-0.10278376815651086,0.4473850977297567,0.007562647720275983,0.4002293080200563,0.08055928633616316,0.30498493416636807,0.19090573146504153,0.2578292129077796,-0.16102894304207788,0.3697095859806935
88.977000,-0.3499524133339903,0.6734488446343371,-0.2860304759028304,0.5897150858740472,-0.17561251664397856,0.542727063218167,-0.10279776123005999,0.44734356677349435,0.007620218140867552,0.4003555913793533,0.08043493273211738,0.30497206377109976,0.1908529322122242,0.25798413563194833,-0.162143375396041,0.368297323206967
89.027000,-0.34976149111296184,0.6734703154079391,-0.2859605542457944,0.5896454089305074,-0.17546516707845064,0.5428397531460092,-0.10279001301039906,0.4473498480348348,0.0077053808534436885,0.40054420805894736,0.08038052126347739,0.30505429255297356,0.19087592182100632,0.2582486683790633,-0.14578891659888835,0.37625830003387245
89.077000,-0.3497433668164342,0.6734749657227267,-0.28596321112219286,0.5896331485292264,-0.17546868733755377,0.542825454571867,-0.10281535387612376,0.44731894622326174,0.007679167816968757,0.4005112473285849,0.08033250554983745,0.30500474222933166,0.19082702514851085,0.2581970383905581,-0.14607205513910249,0.3759534964837812
89.127000,-0.34982830040306667,0.6734757687623396,-0.2859725721969425,0.5896914994642755,-0.17552001031582237,0.5427848733449596,-0.10278057460078285,0.44734392567647935,0.007671971713915371,0.4004372629024191,0.08041143910691434,0.30499633937701104,0.19086396985199838,0.25808963994072315,-0.1467538323114364,0.3752212296826463
89.177000,-0.3499623576800006,0.6734823157702028,-0.28599914424375605,0.5897800749408947,-0.17563731973348107,0.5426603583589459,-0.10277542780168203,0.4473128638762969,0.007586371927593705,0.400193089253373,0.08044831401005498,0.3048456330944802,0.19081008895484886,0.25772580042250887,-0.13746000830259192,0.3808996608616425
89.227000,-0.35027151657174727,0.6734965454123543,-0.2860606097974808,0.5899841675664217,-0.1758734356403137,0.5424574734750163,-0.10272936350882425,0.44732627611041115,0.007457772196514056,0.399799492871344,0.08060192130146576,0.30466835468981823,0.19078901855114494,0.25714148229440753,-0.13323236217934117,0.38381348444519053
89.277000,-0.3505474962404334,0.6735094751738145,-0.28611436705252175,0.5901684308041493,-0.17610838043480725,0.5422238491680235,-0.10271115114958398,0.4472878352783918,0.0072947876349686025,0.3993431438920747,0.08069211164284396,0.30440720323479287,0.19069800259023256,0.25646240208940063,-0.13325042711765872,0.38380286456417984
89.327000,-0.3510617499863221,0.6735342447249937,-0.286211987834298,0.590516980352303,-0.17651428464300348,0.5418711797673137,-0.10264243190415259,0.44730401118894547,0.007055209432880516,0.39865807112102647,0.08092718242359004,0.30409099647842236,0.1906247619021587,0.25544491691857474,-0.12471520900798228,0.39058788329146277
89.377000,-0.3514678580294783,0.6735544852332369,-0.2862864507337195,0.5907973586568184,-0.17686344316222077,0.541536771835226,-0.10261378761174392,0.4472659457508241,0.006809148414840538,0.398005200006145,0.08105894088975568,0.30373448176642837,0.19048180536715859,0.2544735770898002,-0.12053492968877397,0.39433855183134126
89.427000,-0.35254163351610823,0.6735111888309878,-0.28668179531244364,0.5912925807629387,-0.17764397208506183,0.5411851651210469,-0.102623025410709,0.4475269697521124,0.0064147119695014965,0.39741936730019606,0.08143581911049763,0.303761300466523,0.19047347063992026,0.2536535111975551,-0.11254775991164795,0.4022593488985735
89.477000,-0.3533045588345218,0.6736292301145497,-0.2869656823495699,0.5917972137818093,-0.17826903038463873,0.5409539462675879,-0.10270068470981675,0.44773686021640785,0.005995871480198756,0.3968933879477001,0.08156439275557226,0.30367644425098833,0.19026085316722002,0.2528327672214196,-0.1123135692293451,0.4025987144865198
89.527000,-0.3543811734211527,0.6738083893151828,-0.287256888442067,0.5926191420692698,-0.17910770442713575,0.5406215075374748,-0.10264481449734031,0.44813677115583406,0.005504258880326074,0.39613890651169964,0.0819673455973825,0.30365433282669274,0.19011630833428173,0.2516562380641886,-0.10452144228844001,0.4116562779908303
89.577000,-0.3550745552431026,0.6739500607644047,-0.28739493486195866,0.5932231932268438,-0.17969505489185197,0.5403012142915791,-0.10259953446264725,0.448343176416959,0.005100224570870671,0.39542095136809946,0.0821959551471102,0.3034630896763666,0.18989559324013217,0.2505406185073812,-0.10385167493000766,0.41279985274646047
89.627000,-0.35613409998621076,0.674213316360825,-0.2875707134669076,0.5942356932731039,-0.1805833000834476,0.5398878011565127,-0.10248103964138533,0.44878326277427694,0.004506237408307023,0.3944351022764976,0.08260872639807376,0.3033307598245413,0.18959586710964366,0.24898233093866906,-0.10018341838174477,0.4178326060931775
89.677000,-0.35684878504093753,0.6743988481313378,-0.28766187489432143,0.5949600060009664,-0.18123248228928882,0.539527304553862,-0.10241993784529468,0.44903651586096,0.004009307833505282,0.39360353232009654,0.08282209213596747,0.30311295253140497,0.1892511908840041,0.24767968688990882,-0.09677430910474605,0.42300979191696064
89.727000,-0.3579211260873755,0.6746921672017829,-0.28775537594427314,0.5961165621834771,-0.1821986032934231,0.5390397039348247,-0.10227102002303745,0.4495322660731834,0.003285589972442271,0.39245510701404507,0.08321342832828682,0.30294789693708,0.18876987566361725,0.2458704370606663,-0.09283755723892045,0.42944624730743486
89.777000,-0.35814516843528477,0.6752650350808477,-0.28737370485310504,0.5972352303434922,-0.1825420017375577,0.5388373363663606,-0.10192657617400241,0.44994890539719984,0.0029049532609820017,0.3915506996422914,0.08352064319562996,0.302662508439449,0.18835199894597654,0.24426399090162998,-0.08904735980422213,0.4360252796880851
89.827000,-0.3583805141904809,0.6762656803090833,-0.28666951537233776,0.5990977502396924,-0.1829630995220421,0.5387240861841998,-0.10127527959649413,0.4508201609259326,0.0024309463137931475,0.3904461706035728,0.08411904279854471,0.3025425023485011,0.1878250787654323,0.24216818575580928,-0.08588927148660591,0.44175410120624076
89.877000,-0.3586169403617952,0.676674201529896,-0.2862262838454586,0.6001434836513597,-0.18333730424373695,0.538387043691495,-0.10087525612425474,0.4512090039111686,0.00201352272241595,0.38945222948567915,0.08447585424187526,0.3022744577753699,0.18736443233092864,0.24051734888244458,-0.08239507644942023,0.44863008624979495
89.927000,-0.3589952552107353,0.6771750809998303,-0.28553402558200536,0.6016713989962108,-0.18388058692304005,0.5379016694310955,-0.10019900115496233,0.4518935756065034,0.0014542211481362588,0.3881235011562036,0.08513609872485539,0.3021156912478296,0.18678910467093202,0.23834527191310295,-0.07892301431606646,0.4557352850059921
89.977000,-0.3592591915939808,0.6774534386697518,-0.2850542229179429,0.6026805759725269,-0.1842997336732884,0.5374998050577181,-0.09977092580874619,0.45232421793911165,0.0009833368580602908,0.38714309678836656,0.08551244080815074,0.30196780350800967,0.18626647689646658,0.2367863321230042,-0.0751358281515514,0.4630738566985895
90.027000,-0.35957983984991115,0.6778643683938259,-0.28424907173106523,0.604225833286118,-0.18486891032838051,0.536968242490905,-0.09905766429826152,0.45308481114264426,0.0003222559234177247,0.38582686397851595,0.08613380275608978,0.30194374034697696,0.18551348179671212,0.23468543681661047,-0.07234983926414401,0.46890574621852577
90.077000,-0.35972453971356233,0.6781402581753233,-0.2836432586578402,0.605277392601967,-0.18527136858041235,0.5365535158007094,-0.09860518892587516,0.4535536766196153,-0.00023354946292836187,0.38482944108823963,0.08643293286950521,0.30182991795634484,0.18480432171769035,0.23310532369723574,-0.06887005741156976,0.47604934415877187
90.127000,-0.35984688066330445,0.6784941859009381,-0.28263934065934604,0.6068258062587892,-0.18579796358141362,0.5359615156347414,-0.09784870835790027,0.45432250225493176,-0.001007595075204426,0.3834578511362824,0.086941964053046,0.3018191651525789,0.18378281354094955,0.23095415354275095,-0.06715948172974395,0.48003964914751845
90.177000,-0.3599557519872703,0.6786665109049967,-0.2819556296359536,0.6078615704741418,-0.18617283164159687,0.5355728742044468,-0.097320816930894,0.45491731344234543,-0.00153829072589734,0.3826282570521207,0.08731402722643822,0.3019730303492154,0.18309628164478114,0.22968361384486286,-0.06477624606662591,0.48535660543286674
90.227000,-0.3599539692874921,0.6789648612875415,-0.28080842164454634,0.609442631767821,-0.18665302110920365,0.5350466604385267,-0.09649626441353393,0.45585222110016277,-0.002341146620099155,0.3814558919346426,0.08781591104523773,0.3022617952283278,0.18197074610151642,0.22786510823539108,-0.0616459350329599,0.4921551199473033
90.277000,-0.3598179806455467,0.6792457734064882,-0.27990015709831273,0.610612698296879,-0.18688378909370035,0.5347974275182916,-0.09584737803908844,0.45661576814542026,-0.002831299159582301,0.38080014264591355,0.08820541003515425,0.30261883043517535,0.18122119979465967,0.22680285022377483,-0.059021876215336166,0.4971779283547139
90.327000,-0.35961608972862263,0.6795277930502461,-0.2786093964807195,0.6121833883943955,-0.1873537910926587,0.5342576899037899,-0.09507829694861197,0.4575424164540419,-0.003822989116687825,0.37961636950893496,0.08845279795267186,0.30290144840014555,0.1797078082338977,0.22497505300960002,-0.057215742583056894,0.5005421657453655
90.377000,-0.35956882336241286,0.6795189897095327,-0.2778399969032775,0.6130527991637742,-0.1877527457932422,0.5337793030415718,-0.09465326721803541,0.45806611337805336,-0.00456631797109075,0.3787922742167145,0.08853344890192755,0.303079439055238,0.17862009629108183,0.2238052568634195,-0.054429241338360135,0.5058508004338926
90.427000,-0.3592112474201985,0.6797398924173252,-0.276415473222467,0.6146075795204404,-0.18814629369228125,0.5333145789295665,-0.09383145998084441,0.45912083160552286,-0.005562587473080305,0.3778274976462857,0.08875252644052112,0.30363410651564404,0.17702109193216797,0.2223404391974153,-0.051538117415489026,0.51396529606044
90.477000,-0.35890196835506066,0.6798593332468035,-0.27536566423621256,0.6156744216068611,-0.18835734600785664,0.5330333150902009,-0.0932510323853914,0.45985689080840697,-0.006243023323495245,0.3772154587885006,0.08886356404635126,0.3040393902935409,0.17587126394745584,0.22139763277879476,-0.04861694758652246,0.5198637884702169
90.527000,-0.3585067223527339,0.6797955678157613,-0.2739273211413473,0.6169938035202878,-0.18869000826763396,0.532527239341189,-0.09236669986241336,0.46096034584252776,-0.007129697368086441,0.3764934684530285,0.08919387400428047,0.304926928888461,0.1744305661238051,0.22045973829548937,-0.046766517764706805,0.52332838674012
90.577000,-0.3578644512934048,0.6801432293612746,-0.27273525907800733,0.6181034993677539,-0.18878196336634448,0.5323606056383055,-0.09173946271693412,0.46177198845512185,-0.007786476999245506,0.3760287912030318,0.0892562788451472,0.30544052485350676,0.1732089545725432,0.2196970240845748,-0.04416297957760712,0.528252648889171
90.627000,-0.3569844117617009,0.6801611585236522,-0.2708525977563063,0.6195094568715618,-0.18865353657945982,0.5320834061683748,-0.09053826332386922,0.4629936590720333,-0.008339509701491887,0.375567319203325,0.08977600659450707,0.30647791725320533,0.1719744526648349,0.219051288223289,-0.042293189463036174,0.531798171320292
90.677000,-0.356371791165375,0.6800913280266834,-0.269601931294065,0.6203570247429813,-0.18859799687647097,0.53182249696994,-0.08975198461254319,0.46378231871375886,-0.008748354312083761,0.3752475126922188,0.09009789166061494,0.30720767395991344,0.17110121784660215,0.21867258969422976,-0.03952359443165343,0.5370921589948019
90.727000,-0.3553702390658388,0.680032569841709,-0.26773305279731324,0.6215768475620506,-0.18843773261651742,0.5315088055192804,-0.08860790303485117,0.46492047977305334,-0.009312880587711347,0.3748521756083766,0.09051716910132185,0.30826417985031723,0.16981189381820055,0.21819561356846973,-0.03762192264223696,0.540655098136025
90.777000,-0.35491764267173165,0.6799253356628966,-0.2666980318371915,0.6223522597688592,-0.18855645983957495,0.5312814371869735,-0.0880632495866488,0.46569855303980323,-0.009921969053115542,0.37462748037356275,0.09057145108229064,0.3090449178322232,0.16871244015562836,0.21797359508658343,-0.03618609282759233,0.53978021861741
90.827000,-0.35396856395879894,0.6797399761526052,-0.2649365330212307,0.6234378941443446,-0.18842561335996347,0.5309928881266952,-0.08699134880269238,0.46687510646273656,-0.010480709654580977,0.3744298682827083,0.090953749452647,0.31031239439762853,0.16746410809143497,0.217866924059827,-0.03340573064297725,0.5428769508469664
90.877000,-0.353791900093248,0.679354523443676,-0.2641565913323202,0.62401390468108,-0.1884987299843627,0.5308694576665964,-0.08638689938846228,0.46783633903042143,-0.010729309682361965,0.37469167137175263,0.09138270473459559,0.3116588505213518,0.1670400228024015,0.21851396222270647,-0.030280263008769848,0.5480104706649636
90.927000,-0.35326383513344956,0.6787642380340947,-0.26282789890790437,0.6247399092099848,-0.18853585314619045,0.5305024859872063,-0.08551638199541489,0.46896397314076255,-0.011224592756442386,0.37472634768892005,0.09179504590438359,0.31318811526605805,0.16608657862381532,0.21895028758880725,-0.028425600180395805,0.5509690857596066
90.977000,-0.35272003378322747,0.6783655206967549,-0.26179652934880887,0.6251654307988862,-0.18838486552984912,0.5302405783353737,-0.08481107380678721,0.46963967349022334,-0.011399654861371067,0.37471463165031593,0.09217429318843401,0.31411399398601836,0.16558546726282686,0.21918876277267463,-0.026659381812382754,0.5481794353040665
91.027000,-0.35217017212547613,0.6780727452178607,-0.2605964885512635,0.6259996230594548,-0.1884431650711858,0.5301148072085279,-0.08412911989586463,0.47079718774218265,-0.011976022797910324,0.3749122015391274,0.09233816242288112,0.31559482835288866,0.1644910331420078,0.2197096718010224,-0.025209970794464853,0.5482311504473085
91.077000,-0.35182632484458765,0.6778642695840541,-0.2598600905403085,0.6264875738838258,-0.18848634315854176,0.5300210606023849,-0.08372521450285808,0.47149665609635977,-0.01235167973278839,0.37502998550791067,0.09240957790858012,0.31650581189224697,0.1637829000705755,0.22003898400019517,-0.02413963607031938,0.5481124891753875
91.127000,-0.35133056645939015,0.6775764310444157,-0.2588405253847368,0.6271487664345414,-0.18855154083843273,0.5298890180724983,-0.08319381089989702,0.4724455785672038,-0.012905017445884015,0.3751856921042966,0.09245282535401134,0.3177424595999153,0.16274142771975392,0.22048243503962106,-0.022088264073812147,0.5463752664416099
91.177000,-0.35091012661927773,0.6774406794925331,-0.2581226715738092,0.627562305306953,-0.18847140798098205,0.5298448479110399,-0.08277500211076488,0.47302698288501643,-0.01312391462504725,0.3753093999633309,0.09257259364180082,0.3184917254228038,0.16222350502457122,0.2207740169787915,-0.021232237983036917,0.5476695554824843
91.227000,-0.3503601782518692,0.6769927685760834,-0.2571820159203797,0.6278489533355341,-0.18841414104359588,0.5295078155322845,-0.08227149147061219,0.47352801612985734,-0.013503769207092398,0.3751867716075608,0.09263896723875864,0.3192071369240813,0.1614065368932321,0.22086578568603987,-0.019837940600320514,0.547471101948515
91.277000,-0.34989349256639746,0.676829022657414,-0.2564994282283948,0.6281013813358125,-0.1882503851327578,0.5293994659955946,-0.08185511992621547,0.47390129019773214,-0.01360621252878913,0.375199281026921,0.09278912897732217,0.31970125150281486,0.16103790068084356,0.22099914850466312,-0.020018388355267036,0.5445534288151725
91.327000,-0.3493420821942349,0.6766152145452191,-0.2556545558947108,0.6284425971056979,-0.1880940252954938,0.5292681312727789,-0.08138094616149011,0.4743835368055057,-0.013820525313113508,0.3752089962072126,0.0928926145577954,0.3203245198319318,0.16045292565970815,0.22114990447142346,-0.01751262003030224,0.5488274565712903
91.377000,-0.3490907083311821,0.6763814587662358,-0.25523885118613954,0.6285323632885892,-0.18801732801984936,0.52912780199174,-0.08111382156301816,0.4746150484721431,-0.013892389132518335,0.37521042581601727,0.09301116708241519,0.3206977698758177,0.1602325087813668,0.22129308586340463,-0.01581303533667522,0.5513834169856666
91.427000,-0.34878958608989424,0.6761113690171119,-0.2547536852990413,0.628627487433657,-0.18795309838359323,0.5289395664670713,-0.08083611910976041,0.47484748987415826,-0.014035594685488484,0.375159527032445,0.09308141849599139,0.32106751758591967,0.15988188043334944,0.2213795128719917,-0.014792784378322044,0.55287570031521
91.477000,-0.3486571385215609,0.6760820165270327,-0.25452828574547937,0.6287838024562428,-0.18787843874886243,0.5289950360778289,-0.08065402540717487,0.4751162352046679,-0.014004221557078533,0.3753274400083043,0.09322021507953021,0.32144868549448297,0.1598699757879275,0.22165986148341688,-0.013347284996881592,0.554873863020209
91.527000,-0.3485689614719389,0.6759560695136699,-0.25437154470211254,0.6287982533103125,-0.18789426578729893,0.5288944427871329,-0.08059148437154912,0.4751718861679477,-0.014114219974889153,0.37526806598420365,0.09318856924692509,0.32154552495646893,0.1596658191302543,0.2216416951153728,-0.019716949992241717,0.5288288770097245
91.577000,-0.34855186550940914,0.6759473438093411,-0.2543462939071481,0.6288041693685179,-0.1878667358840661,0.5289018753339723,-0.08055498098437064,0.4751972455791147,-0.014075418025745134,0.37529495482890574,0.09323633421976829,0.3215903197705029,0.15971590211875125,0.2216880323078344,-0.019373996359296042,0.5292477758697586
91.627000,-0.34865003814086676,0.675985196999726,-0.25448610288685614,0.6287578383373724,-0.18792000977228435,0.5289131827720964,-0.08065567984838001,0.4751138935084376,-0.014089553218003925,0.3752692602880426,0.09317475864507846,0.32146993501496474,0.15974091879752178,0.22162532414364283,-0.01849873698507981,0.5302729127075343
91.677000,-0.3487461169783347,0.6761108501074835,-0.25465762171240874,0.6287330263559725,-0.187933086440098,0.52899418541804,-0.08075471659138445,0.4750238506377383,-0.014030128607875114,0.37528504496322185,0.09314821271647583,0.32131465353712235,0.1598728534179491,0.22157588313058785,-0.021773474796990933,0.5214399649573201
91.727000,-0.3490078191450282,0.6763528491780487,-0.25508422579118134,0.628648624404932,-0.18804549881606292,0.5291206932234835,-0.08105502806542725,0.47477882015578365,-0.014016220432044035,0.3752509433031257,0.09297420627838393,0.32090898352737635,0.16001309457709878,0.22138116100836397,-0.026094587598800623,0.512199635848989
91.777000,-0.3492234658001519,0.676539242264925,-0.25544644841269365,0.6285474176565888,-0.1881102583019778,0.5292204953180328,-0.08128675704430283,0.4745511293162806,-0.013950468458739373,0.3752242737363435,0.09287297859742838,0.32055480182541135,0.16020936566491545,0.22122801300903266,-0.026093365785964717,0.5122006154227786
91.827000,-0.3496119986129175,0.6768745142427702,-0.2561073108657501,0.6283541214650596,-0.18819212407258723,0.5294221882846784,-0.08167888359926079,0.47415077068145034,-0.01376357148719004,0.37521892353060804,0.09274959897152646,0.31994737100282467,0.16066503640934426,0.22101560988644986,-0.026336099599125695,0.5119535353306791
91.877000,-0.3499316178421469,0.6771363748432077,-0.25665318482230165,0.6281824108012862,-0.18823806195321516,0.5295955406674236,-0.08198253950742884,0.4738302831160348,-0.013567273770450305,0.37524351212660706,0.09268816786146378,0.31947810059215664,0.16110357647280604,0.22089142875196127,-0.03178032216705562,0.5025137263738255
91.927000,-0.3504754212461969,0.6778922202944746,-0.2576197000260292,0.6281411387764474,-0.18846829492443348,0.5300693121773982,-0.08269420341209399,0.473396200698159,-0.013542630450930848,0.3753244924587492,0.09223136405884319,0.31865119993532726,0.1613831048849631,0.2205796100597875,-0.035112255911168344,0.49752297065877815
91.977000,-0.35061419105846353,0.6785447919021061,-0.2581113885148953,0.6281405344586306,-0.1884117553506801,0.5304575720917275,-0.08303973698957934,0.4730403469192424,-0.013339919925212884,0.37535751577070414,0.09203199034086984,0.3179400922228247,0.16173199130962695,0.22025739229619884,-0.03907721497041089,0.49226031928306363
92.027000,-0.3508008870881245,0.6795891697367956,-0.2588977070993119,0.6280997165096238,-0.18836616290356048,0.5310157256905255,-0.08367721949578388,0.4723622933258005,-0.01314546878452516,0.37527845254060666,0.09154334985748502,0.316624797485356,0.16207530708699458,0.2195411067367306,-0.04051071379905341,0.490848077798589
92.077000,-0.35092085263014045,0.6803544823255049,-0.2594673121107504,0.6280705607611973,-0.18828015843467957,0.531466269182099,-0.08410342843272661,0.4719078195204415,-0.012916054030758739,0.37530369059339175,0.09126053989132177,0.3157450029081015,0.16244813502136674,0.21914103663548523,-0.048306721477321124,0.481280180209187
92.127000,-0.35111326883838884,0.6815723625578546,-0.26040161334923195,0.6280116094493169,-0.18822564999804378,0.5321438342882759,-0.0848940443117735,0.47113089085577836,-0.012717840483863374,0.37526329674289816,0.09061361216061825,0.3142500941193574,0.16279005646691252,0.21838268105683445,-0.053066446634061626,0.4763959533736666
92.177000,-0.3512553414792065,0.6824247489017822,-0.26108036819657987,0.6279652872790695,-0.1881344642833284,0.5326820510710216,-0.08541422221303602,0.4706453533105789,-0.012468065751818247,0.3753623104459879,0.09025201189582704,0.31332534043566507,0.163198420906367,0.2180424909166302,-0.05849730228468719,0.4709200926967347
92.227000,-0.351489386985639,0.6837382840101406,-0.26218012562947346,0.6278704522653551,-0.1880761557315502,0.5334850633252886,-0.08634209022939038,0.46984403947744147,-0.012237851351347362,0.37545886171998893,0.08949603279306656,0.3118175479616217,0.1636005406521514,0.21743258138874655,-0.06029715127642904,0.46929559122759995
92.277000,-0.35135858346547955,0.6849760582612422,-0.262712263789752,0.6280633281085377,-0.1878049162751474,0.5343142519086898,-0.08682435567972169,0.4694842713416436,-0.011916729343379062,0.375735417926503,0.08906363844454229,0.31090513703935724,0.16397154360401311,0.21715650641139356,-0.06971144339851804,0.46054310391090775
92.327000,-0.35136066864397403,0.6868630676594742,-0.26373646980582277,0.6283877503540812,-0.1875879968089678,0.5356439631918153,-0.08777542066726424,0.4690297781862573,-0.011626655889235393,0.3762862305954252,0.08818571068039849,0.3096717315748132,0.1643347672410445,0.21692842355813657,-0.07382514925998235,0.4570219678994897
92.377000,-0.351476284261579,0.6879116662592282,-0.2645788541681465,0.6283607711374157,-0.1875135889827031,0.5363773764308531,-0.08852822855078746,0.46854008271278963,-0.0114626643479534,0.3765569385289509,0.0875224755630642,0.308719323037077,0.16458833878475426,0.2167364293788444,-0.0804048433928371,0.4517981935134438
92.427000,-0.3509797296151533,0.6897918414330818,-0.26526626723649627,0.6285494129082825,-0.18690672836275707,0.5376660664295443,-0.0892708688293748,0.4679004665060864,-0.010911021608441152,0.3770173858849314,0.08672460122936015,0.30725145471091914,0.16508475679904416,0.21636863995051286,-0.09137002104049913,0.4438219397013015
92.477000,-0.35061479016786307,0.690984045258779,-0.26573645237371063,0.6285899234423025,-0.1864394801224772,0.5385233358984908,-0.08975287828122896,0.4674480165225503,-0.010455592943293457,0.37738170462940135,0.08623076183428202,0.3063060491640819,0.1655283602607635,0.21624001292515044,-0.09271292015046928,0.4429411253103619
92.527000,-0.3501914595486431,0.6925752403709556,-0.2666016366992452,0.6284645675127053,-0.18591693166813408,0.5396390172825696,-0.09070104359038678,0.4666052260828043,-0.010016020034357698,0.3777799651858791,0.08519960615434102,0.304745832556409,0.1658849482361759,0.2159208609955855,-0.09705510962016345,0.4402721549411018
92.577000,-0.3495431066176756,0.6939111206921139,-0.26688219592718787,0.6286076241244347,-0.18524722091768836,0.5406546204509746,-0.09108722051311208,0.46626447107761126,-0.009451924763274056,0.37831176510547104,0.08470780436788827,0.30392127236663224,0.166343420858708,0.21596886409858596,-0.10683341957225717,0.4342179754329378
92.627000,-0.34847177218058273,0.6957318681294754,-0.2672860591018457,0.6286033505604879,-0.1843197038507168,0.541905115882131,-0.09183947081896288,0.46543677930814464,-0.008872792830897591,0.3787388534758349,0.08360715554827719,0.302270172646458,0.16657415627611266,0.21557255566520894,-0.11554743003193402,0.4290110528396708
92.677000,-0.3476134759802699,0.6970359828493726,-0.26744275372591697,0.6286984846029053,-0.18353387739313592,0.5429121192959986,-0.09220989502542054,0.46506656550837894,-0.00830069616054041,0.3792805156759383,0.08302299353082365,0.3014346185383535,0.1669325149311901,0.21564888418606465,-0.11902158504015545,0.4268768474063748
92.727000,-0.34628191716970186,0.698865015778315,-0.26766878512941195,0.6287413127515264,-0.18239688116103536,0.5443096694321644,-0.09284720342431729,0.4644294139415244,-0.007574978582729985,0.3799980946899233,0.08197439557501818,0.30011749887369504,0.1672469412935717,0.2156865036961111,-0.12396630398096631,0.42406999732045353
92.777000,-0.3453501293698837,0.7000061166524315,-0.26779717070972225,0.6287116791765838,-0.1815723822221781,0.5452533910903892,-0.09323038304747233,0.46403953031640394,-0.0070052762967816595,0.38058157104449275,0.08133641317197254,0.2993673733829618,0.16756183818960774,0.2159097429317675,-0.12884314485648748,0.4212003275427998
92.827000,-0.3437880365448275,0.701707057285782,-0.26787941726280795,0.6286643320259,-0.18032059655564858,0.5466067125358641,-0.0938517183489116,0.46340134551144396,-0.006292584316212491,0.38134406035379437,0.08017597618166272,0.29813836316048137,0.16773542354375948,0.21608141234189338,-0.1350416417603692,0.41799290090632346
92.877000,-0.34268805988413065,0.7027901057516964,-0.2678973371532195,0.6286031393222016,-0.1794271112996325,0.5475289810631403,-0.0942316645716259,0.46302018946832824,-0.005761130065268849,0.3819463680204681,0.07943399493300995,0.29743725208302807,0.16790483809594725,0.2163637674531016,-0.14101864269498227,0.41483999802544114
92.927000,-0.34099363913094655,0.7042724280824142,-0.2678943093013188,0.6284183170006951,-0.17812748899393516,0.5487821570486864,-0.09485876003096963,0.46237429411427416,-0.005091639009976057,0.38273847313148823,0.0781767636664698,0.2963302957654931,0.16794418540474038,0.2166948137586422,-0.1470985912472335,0.41171815837517634
92.977000,-0.33974829924968286,0.705266120184014,-0.2677768998474101,0.6283414498629167,-0.17712474231083675,0.5497145693848007,-0.09514131584312216,0.462086276099141,-0.004488864196443676,0.38345973471391753,0.07749423448388082,0.2958311347575283,0.16814698024293406,0.21720493247037648,-0.15048082106766852,0.4098919482335637
93.027000,-0.33793330623481277,0.7065792567046048,-0.26762448014524987,0.6281313682238003,-0.17576079777938095,0.5509234420631453,-0.09567090774613182,0.46156120443287707,-0.0038069415142665264,0.3843536160234651,0.07628261995595248,0.29499108392340384,0.16814687005431528,0.21778383326835304,-0.15220012231549443,0.408981119430549
93.077000,-0.33665295535175976,0.7073149084712566,-0.2674816677952121,0.6278622595496808,-0.17477010963026618,0.5516745506820838,-0.09597430981876257,0.46116918105147775,-0.0032624761033543392,0.38498180749790023,0.07553299636168725,0.2944761528739044,0.1682451056275992,0.2182891146368695,-0.15531137491001046,0.4072840522390643
93.127000,-0.33464018928075506,0.7084832570864555,-0.26716554264380543,0.6275864153627337,-0.17328849677612845,0.5528395073642509,-0.09643509869568487,0.4606790212616789,-0.0025577900688816824,0.38593244327202597,0.07429528402422048,0.2937716869946746,0.16817285540928045,0.21902543901514043,-0.161413033407747,0.40393204683679695
93.177000,-0.3330355696451917,0.7093478733243517,-0.26668420271768767,0.6275265489541296,-0.17208955437839177,0.5536898880035244,-0.09651396919477073,0.46047867128183695,-0.001919067168887234,0.38664233533886827,0.07365619775006199,0.2934308589477357,0.16825135346104275,0.21959484801279627,-0.1652950223425477,0.40176150177374714
93.227000,-0.3311692341684327,0.7100442530335577,-0.2664424399969996,0.6269311091195758,-0.17074789223417067,0.5545256291580076,-0.0970165206200454,0.45984889051594857,-0.0013217338119953514,0.3874437264890695,0.07240932521845561,0.2927667444171576,0.16810435106976723,0.2203618963245459,-0.16722815948351916,0.40041955625907494
93.277000,-0.3297880909778442,0.7106067959914022,-0.2661606292557869,0.6266480975469612,-0.1697878427397424,0.5551478456863832,-0.09730412623628942,0.45951254446563744,-0.0009311110926842892,0.38801260076549526,0.07155229960074588,0.2923770677665981,0.16792554336957993,0.22087743222580836,-0.17034926688852292,0.39830719453708513
93.327000,-0.3274606549793257,0.7109106393058886,-0.2653453578675977,0.6258285019266714,-0.16797618285305535,0.555691181237767,-0.097223228857272,0.4587684310687742,0.00014615887565477825,0.38863140569026466,0.07089881891006372,0.2917084409321347,0.16826841935774178,0.22157171086086475,-0.16995575836414337,0.39795712195430066
93.377000,-0.3256802941986321,0.711405116359066,-0.26457119727060957,0.6255972976768936,-0.16659402723309494,0.5563118435758934,-0.09698587795996205,0.45856366940113913,0.0009914936756048598,0.38927850038259804,0.07059935852965643,0.29153012366876757,0.16857693175857513,0.22224523972779742,-0.17203186158149228,0.3962629963685665
93.427000,-0.3233787917772582,0.7117798203220758,-0.2636431254649502,0.6250100935647762,-0.16477501893886873,0.5570020241042146,-0.09672992714675493,0.45815939421733315,0.0021383641834207268,0.3901515934202432,0.07018318738092466,0.2913087786284099,0.16905166350971335,0.22330124648838667,-0.17254055368424526,0.3942502046591867
93.477000,-0.32222843336007073,0.7118793433303092,-0.26330994720812934,0.6245526206479204,-0.16384728981181215,0.5574170877045183,-0.09673272205919595,0.45794028239110735,0.0027301083113481783,0.39080500571325194,0.06984441976206707,0.29132802747969944,0.16930742310142272,0.22419300706079215,-0.1739274975234118,0.39346920537228036
93.527000,-0.3203112060357301,0.7122217157343381,-0.26263037963137464,0.6240725587760131,-0.16241995214731564,0.5580583919370169,-0.09671497417899397,0.45764496718624825,0.0034956090545066876,0.39163103677768746,0.06920035011421355,0.29121745700745527,0.1694110890919065,0.2252037630225755,-0.17428460198094115,0.39166852791123175
93.577000,-0.31911435981725933,0.7124513459875524,-0.26221888176680114,0.6237932459479715,-0.16156577308883474,0.558456030569171,-0.0967553115303921,0.45746294133738247,0.003897941078156719,0.39212594768666453,0.06870818016093078,0.29113271568554466,0.16936157669485385,0.22579594375595557,-0.1781639591812777,0.38905416349246125
93.627000,-0.31741048445121817,0.7127763136921506,-0.26161414466014143,0.6234223828692084,-0.16037256236071148,0.5590007870064331,-0.09681406621572403,0.4572151418113109,0.004427642619951988,0.3927937448066573,0.06798593884015847,0.291007974771823,0.1692277742069162,0.22658677661803717,-0.16963342145463967,0.3901081413108186
93.677000,-0.3164263634960395,0.7129693615471198,-0.2612920566063902,0.6232050130297796,-0.1597019079644446,0.5593345057619844,-0.09689758206940369,0.4570817960257323,0.00469268119579469,0.3932114710739538,0.0674968235883433,0.2909586486294206,0.1690872014719193,0.22708850598663088,-0.17141481465954,0.38882901091674477
93.727000,-0.31531614674727604,0.7129894735516333,-0.26097363669876694,0.6227421579419975,-0.158848697161059,0.559730280378842,-0.09694074226917265,0.4569323956174532,0.005184294187460081,0.39392067513351536,0.06709209096792457,0.29112269515287487,0.1692172243392227,0.22811113174179198,-0.17320101361683476,0.38768496331217095
93.777000,-0.3147745855719584,0.7128828278092495,-0.2608800466461382,0.6223660742299573,-0.15844688745901098,0.5598564920328586,-0.09704540847090612,0.4567552876205445,0.0053878356086189405,0.39424584453507716,0.06678917458088152,0.29114455673706063,0.16922250354864415,0.228635252756832,-0.17489276442179244,0.3866206328475924
93.827000,-0.31382579177552666,0.7129500809929449,-0.260539417481364,0.6220763529561335,-0.15774049625049275,0.5601701190784871,-0.09703941947416214,0.456655002902018,0.005759569096770556,0.39474888084661885,0.06646053327476209,0.2912336986427698,0.16925958918194672,0.22932768840356732,-0.16489298697430738,0.38835866548566683
93.877000,-0.31323453049954625,0.713033467006189,-0.2603054538418121,0.621951725888628,-0.157337268394916,0.5603274385844021,-0.09704458019012008,0.4565739241907901,0.005923660725423607,0.3949497295693695,0.06621625554355165,0.2911961609074523,0.16918455192403814,0.2295720589628355,-0.16693681726436937,0.38695983589822797
93.927000,-0.31262958684790015,0.7131175772176604,-0.26009645610341575,0.6218069242137559,-0.15690677379256218,0.5605542551732882,-0.09706520133336696,0.4565398994063717,0.006124518972397963,0.39528729437430843,0.06596602691533032,0.29127290148990165,0.16915578521245056,0.2300203604603423,-0.15513449578924096,0.39014639006568347
93.977000,-0.31234798130864566,0.7131575071274323,-0.259997727771063,0.6217418985793864,-0.15672088149322294,0.5606363094495705,-0.09708764975590864,0.45650236842858466,0.006189222672907446,0.39539682349753486,0.0658224098486509,0.29126285695798004,0.16909930842494508,0.2301573562198279,-0.15611399614323718,0.38934989624238997
94.027000,-0.3121230424625951,0.7131773627328928,-0.25992070341017665,0.6216766252403828,-0.15655143392431167,0.5607275143079837,-0.09708453635260145,0.45649849679323545,0.006284741851228182,0.3955494006464465,0.06575162451817324,0.29132037462792426,0.16912091143664248,0.23037129326111072,-0.1479166904640276,0.39215638258167007
94.077000,-0.3121126839236589,0.713170317657981,-0.2599245892484995,0.621662506581067,-0.15655960540546784,0.5607061277967927,-0.09711235284747785,0.45646590445327445,0.00625262789074027,0.3955095204041044,0.06569988576233249,0.2912693000908853,0.16906486339239724,0.23031291077115668,-0.14823936017791425,0.3918835608158639
94.127000,-0.31215675206236615,0.7132172320194371,-0.2599141847061263,0.621740218178189,-0.1566208080667964,0.5606625762610622,-0.09711092212858499,0.456458097108061,0.006182433959722622,0.39538042043543925,0.06569235496487663,0.29117596130874174,0.16898569049885553,0.23009824987506,-0.14903059619488923,0.3912542115131997
94.177000,-0.31233427458501284,0.7132013585607053,-0.2599400188031847,0.6218120562395939,-0.15673985766686407,0.5605770438712852,-0.09705625566819057,0.4564719640287794,0.0061438730730007385,0.3952368970645718,0.06582753015061449,0.2911318487989265,0.16902762649347786,0.2298967272334949,-0.14939368285962681,0.39096727323012814
94.227000,-0.31266647304053385,0.713237265461146,-0.2599884468190435,0.6220089043674698,-0.1570027294708484,0.5604139206644962,-0.0969924977627265,0.4564967801843268,0.005993169651372088,0.3949017129925087,0.06600348560793579,0.29098462116430557,0.16898910308448856,0.229389470478029,-0.13109516978204067,0.4000812079464066
94.277000,-0.31297155317680947,0.7133064117252941,-0.26003788969981917,0.6222266714446268,-0.15727838339603337,0.5602550338791555,-0.09697839426672628,0.4565057625111067,0.005781050141387578,0.3945340223122089,0.06608114289792161,0.2907848111732849,0.1688405254065689,0.2288129683349001,-0.13108442023729375,0.40009478221255357
94.327000,-0.3135406532359553,0.7134347062480322,-0.2601266449854618,0.6226362926534958,-0.1577480164441416,0.5600374394869644,-0.09690211657117956,0.4566073835630422,0.005476432338237636,0.3940084001610038,0.0663224637901384,0.2905784216425371,0.1687009330634967,0.22797930799856714,-0.12651742538949534,0.40291015364986743
94.377000,-0.31392690972575765,0.7135193413577405,-0.2601434362540006,0.6229393911388316,-0.1581130954556428,0.5597744518411436,-0.09684660224527677,0.45659297671301186,0.005183646789054919,0.3934278891891122,0.06645028990413038,0.29024650307067,0.16848044717023558,0.22708126731425549,-0.12179363494065631,0.40612681986506527
94.427000,-0.3147357279790445,0.7140009505343875,-0.26030440018641815,0.6238079432138995,-0.15883188650154623,0.5597507112671901,-0.0968252070532091,0.4570123459864851,0.004647196871526427,0.3929549401700115,0.06665405236297695,0.2902166811385151,0.16812634652394304,0.22615910144718226,-0.11665359472016426,0.4100735790618896
94.477000,-0.3154656530442686,0.7142026957883107,-0.2605159651567279,0.6243267857345619,-0.15946411603286123,0.5596079802243611,-0.09687259542572854,0.45722486860882205,0.004179132050331491,0.39250587315830493,0.06677084510437398,0.29012287919469054,0.1678224509290454,0.22540369379905045,-0.1160563702496187,0.4107578942368112
94.527000,-0.3164636422104428,0.7144775855716621,-0.2606578540835423,0.6251278003018217,-0.16030746453898556,0.5593265897309249,-0.09673278883861555,0.4575510494432855,0.0036174608989519297,0.39174962565969446,0.06719235284400116,0.2899742204508543,0.1675424627708737,0.22417258344990537,-0.10751368927718219,0.4178205765577071
94.577000,-0.31722735537346686,0.7147422041066485,-0.26079266117570526,0.6257898729066451,-0.16100597120562743,0.5591369171978218,-0.09671994278812693,0.45780919862978803,0.003066595003491379,0.3911560150939006,0.06735285477065212,0.2898284433029638,0.16713924037982514,0.22317503193517096,-0.10669803066358563,0.4187465616826416
94.627000,-0.31810355987910033,0.7151345746676271,-0.26073020199248104,0.6267855455428124,-0.16187318362856082,0.5587613592637494,-0.09652001415775885,0.45811860870950416,0.002336833635594726,0.3900941745472495,0.06769025547240504,0.28945158786932634,0.16654693269109155,0.2214269058192524,-0.0983440339164135,0.4272369481388739
94.677000,-0.3190687930710135,0.7153019848226763,-0.260966630907724,0.6274299409440788,-0.16277592374646602,0.5584474429668986,-0.09659027178791385,0.4583501928806884,0.0016002525807355394,0.3893674347145406,0.06778616978696328,0.28927036001417644,0.16597651135853614,0.22028734165416697,-0.09688103762674827,0.42944568987600457
94.727000,-0.32017629097277966,0.7155993163219263,-0.26095596527452153,0.628476920872777,-0.1638217961249875,0.5580144969602424,-0.09636240647437888,0.45877120626526724,0.0007715618996872453,0.3883085055796853,0.06823123434382428,0.28906540711067474,0.16536500193699777,0.21860242964622634,-0.08944328224326312,0.4377636188213924
94.777000,-0.32050776065645853,0.7160382300519812,-0.2605863789499035,0.629397032832683,-0.16431975121531261,0.5577539146420573,-0.09606159759847718,0.45905829941978665,0.00020481708069802762,0.3874148949481722,0.06846326421161048,0.2887194827216739,0.16472946583047793,0.21707579196427484,-0.08613790880667921,0.4419632070826563
94.827000,-0.3207990251138829,0.7167181902713982,-0.2597720610396838,0.6308521669843195,-0.1648324235630878,0.5574596248889775,-0.09531732961268677,0.45964525113812993,-0.000377923026487037,0.38625241036694646,0.0691374786481957,0.288438255311499,0.1640766543412363,0.2150451158628417,-0.08354094381768737,0.4457274914985494
94.877000,-0.32075079221304414,0.7174406928939706,-0.2590125413216229,0.6320841305116496,-0.16510245768209736,0.5573787345163428,-0.09477492625636622,0.4601468553636626,-0.0008650854599214219,0.38544115409806545,0.06946276203986318,0.28820950356159863,0.1633723599910128,0.21350349702496418,-0.07678916417733367,0.4552986919785118
94.927000,-0.32097236676850355,0.7181458035981942,-0.2580741146250126,0.6336403732095045,-0.16568551454967817,0.5570613514338294,-0.09403651563037091,0.4607991005051238,-0.0016481753659208231,0.3842197652822348,0.0700011501484018,0.2879577574424718,0.1623892306005335,0.21137810877280339,-0.07323454906431803,0.46062079962704056
94.977000,-0.3211389408624544,0.718482673481636,-0.25743073934657235,0.6345861702928545,-0.16614059762774833,0.5567009340477432,-0.09356894066928009,0.46113234817193155,-0.0022790696881172523,0.38324679459334826,0.07029291948117539,0.28767846098847644,0.161582519723924,0.20979259007777218,-0.06874320477096951,0.4671373738708182
95.027000,-0.32132914927731315,0.7189507651842987,-0.2563834427628182,0.6360085345228917,-0.16675618167412726,0.5562153388873017,-0.09277482605385806,0.461733811483331,-0.003147851097180132,0.3819402944527167,0.07083384332791487,0.2874590323422227,0.16046053215316086,0.2076651939195573,-0.0628083406728025,0.4763768690102832
95.077000,-0.32145025753042294,0.7192172321122295,-0.25565931281731796,0.636943845896311,-0.16722629747137313,0.5558291012636374,-0.09228209884961347,0.462109481690454,-0.0038493793040746405,0.38099441457108324,0.0710951610856344,0.28727506829842053,0.15952758483165552,0.20615967869568197,-0.06078935430471111,0.4792568171232896
95.127000,-0.3214676047900942,0.719676104544044,-0.2543956875492503,0.6384431799253242,-0.16774970580864204,0.5554222557743114,-0.09133965096120655,0.4628938627387214,-0.004693978269404764,0.37987261604567696,0.07171642101792641,0.2873445074500321,0.15836178466205653,0.20432293821854386,-0.05875995818863278,0.4820823890512515
95.177000,-0.32148261650274296,0.7199000226526802,-0.25351514555828025,0.6394152323077916,-0.16811450341587428,0.5551138069249961,-0.09068862355324062,0.4634337484201057,-0.0052882983623898094,0.37913200195419144,0.07213792619198839,0.2874522345503735,0.15753793443237973,0.20315016700486566,-0.053474744423677056,0.49074367983699196
95.227000,-0.32145894752488874,0.7201095861798474,-0.252147259014349,0.6407795689234776,-0.16859675726387868,0.5546441310523944,-0.08964139648056793,0.46427792606637003,-0.006091222082337144,0.3781421706681395,0.07286448213056568,0.2877762657468501,0.15641432917775416,0.20164019282504786,-0.0505283097710279,0.4955269719312886
95.277000,-0.32135087474113566,0.7203508722686602,-0.2511782503449267,0.6417813979886756,-0.1689677255137798,0.5543661269716089,-0.0890318321385476,0.4648661104894684,-0.006821640665778617,0.3774505259635357,0.0731145940135805,0.28795081431435604,0.15532445213120466,0.20053491628499276,-0.046657503863674565,0.5016378003345103
95.327000,-0.3211683162236508,0.7205396663632111,-0.2496969220288462,0.6431497586189678,-0.1694515718753536,0.5539270945770141,-0.08803637548088131,0.46577060986914065,-0.007791366018928048,0.37654763941617364,0.07362416698853025,0.28839146558182743,0.15386883576450322,0.19916818872520003,-0.043843140726134266,0.5061264920146638
95.377000,-0.3209086963685146,0.7206196829393943,-0.24859319127651053,0.6440179505331075,-0.1697310690479048,0.5535703652828623,-0.08735440391664057,0.466311640550882,-0.00849262603400791,0.3758637550632144,0.07388437129465014,0.2886053439436313,0.15274580483782185,0.19815715822652658,-0.041162399659352145,0.5103725884077768
