time,motor_with_onshape_mounting_x,motor_with_onshape_mounting_y,motor_with_onshape_mounting_2_x,motor_with_onshape_mounting_2_y,motor_with_onshape_mounting_3_x,motor_with_onshape_mounting_3_y,motor_with_onshape_mounting_4_x,motor_with_onshape_mounting_4_y,motor_with_onshape_mounting_5_x,motor_with_onshape_mounting_5_y,motor_with_onshape_mounting_6_x,motor_with_onshape_mounting_6_y,motor_with_no_arms_x,motor_with_no_arms_y,com_x,com_y
0.000000,-0.024285315858210334,0.031843720310687586,0.019110851027123996,0.1274790314366058,-0.036977107795936326,0.2335645670909003,0.012347262986974972,0.34295883772180424,-0.014519488335121135,0.4599125793181959,-0.00045221120701170736,0.5790851924228888,0.003719295934311799,0.6990126643722712,,
0.034000,-0.02462261671855112,0.03247163836517909,0.019110851027123996,0.1274790314366058,-0.036977107795936326,0.2335645670909003,0.012347262986974972,0.34295883772180424,-0.014519488335121135,0.4599125793181959,-0.00045221120701170736,0.5790851924228888,0.003719295934311799,0.6990126643722712,,
0.084000,-0.02487629908785681,0.03344765324581967,0.019413458117693638,0.12859370979805895,-0.03768699532630376,0.23413772060058627,0.012612837508615003,0.34308691434113836,-0.014753041288748478,0.4599248734022973,-0.00036278251705077966,0.5790589174555552,0.003932075141476109,0.6989820353173308,-0.00476876975726374,0.36765039161213803
0.134000,-0.024876621158761818,0.03356551722736234,0.01961701609114417,0.1289858200141638,-0.03793520633351541,0.2342841661190017,0.012754526043150097,0.34305250264645354,-0.014848753180020966,0.4598346030541584,-0.00034707720215100546,0.5789551361029327,0.003974186976426212,0.698877305345691,-0.005627258308438361,0.3673694160844487
0.184000,-0.02471277970196504,0.033159167968076005,0.019652029839307767,0.12901204545385767,-0.03791832235249417,0.23430048047168625,0.012783896173124098,0.34306299716073774,-0.014829852116199811,0.4598426225472489,-0.0003260033434075438,0.5789628910608915,0.003994336027886836,0.6988850936245071,-0.00635031394971158,0.36699657741671793
0.234000,-0.024472840965355493,0.03250706388582607,0.01954740270293584,0.12863138163884907,-0.0376363527467738,0.23413028264102922,0.012719848808738908,0.3430534342888795,-0.014694410055339058,0.4598800511659137,-0.00029488717689217514,0.579012975837782,0.003995099115765635,0.6989362680608064,-0.006459583600303152,0.3667547871878025
0.284000,-0.023952390771829018,0.03111074028325613,0.01936934695181238,0.12795112777780712,-0.03717253516310687,0.2337954264759541,0.012594961447927336,0.34298881584120217,-0.014493284700273059,0.4598914544795773,-0.0002771165055991086,0.579046397985337,0.003953411467746297,0.6989718024377163,-0.00715455446585531,0.3660712645931296
0.334000,-0.023457837964725455,0.029975242718228778,0.019118917184944816,0.12701283325738968,-0.03648738020843962,0.2333516299883967,0.012454956391145439,0.34291735313287663,-0.014149808592777957,0.45993096977705267,-0.00017672172238091324,0.579114663474271,0.003987599507997184,0.6990423851598354,-0.006854212295750117,0.3658587210419754
0.384000,-0.022363300582184047,0.02799329548730572,0.01894715637755707,0.1259352157948888,-0.03557453365843149,0.23283416488054004,0.012305150316621494,0.34286841346904023,-0.013774064187408746,0.4600002817664708,-0.00015864658427431483,0.5792253647124759,0.0038622841885736954,0.6991579796081346,-0.00745717120645077,0.36504383003262186
0.434000,-0.021570623403884052,0.02653290203569494,0.018776845934597088,0.12469301406505273,-0.03437198533397124,0.2322811255587729,0.012247845287449342,0.34285504378920395,-0.01314386175714218,0.4601378695283616,8.122534451647165e-05,0.5794068808898779,0.0039737112143990345,0.6993437332487457,-0.006736774402805212,0.364882758338448
0.484000,-0.020456905355106313,0.024091901243250304,0.018470313869044745,0.12333686038306672,-0.03314330197772801,0.23166984086095144,0.012049507500120685,0.34283462832307193,-0.012583652872766228,0.4602791148264562,0.00019313643803972602,0.5795969829556977,0.003930320144954175,0.6995387749130495,-0.007546789645721919,0.3639297748388797
0.534000,-0.019633786688096583,0.02233506415742764,0.018017832089956276,0.12180660985858714,-0.031764388190882696,0.23099328736051422,0.011825807506166783,0.34279621594063975,-0.011878625140130395,0.4604316692398774,0.00043569291083768794,0.5797981535264625,0.004048463969370791,0.6997437573862061,-0.006616937144282537,0.36373963567915124
0.584000,-0.018172177373038504,0.01956744945157992,0.017539505074380506,0.12017252612551024,-0.030300614952042053,0.23022398188988055,0.011506487563813034,0.34270583011095324,-0.011245368461906801,0.4605292278186448,0.0005207160077656363,0.5799509982637878,0.003949313230615693,0.6999020079347508,-0.007505004712834839,0.36268109865816744
0.634000,-0.01704467917365623,0.017659564029189473,0.017063288965460766,0.11846534831387577,-0.028566641471267466,0.22945142603689,0.011260672485535538,0.3426494165799466,-0.010400555165162507,0.4606781894137965,0.0007783307120252554,0.5801563569195998,0.004026690243292372,0.7001123828639249,-0.006262859557860545,0.3625086907492199
0.684000,-0.015149503947667729,0.014717145492751174,0.01664485395646722,0.1167142313390568,-0.026704174069850792,0.22861088798782864,0.010960239111113993,0.3425467997089945,-0.009619719921920422,0.46076890122219943,0.0008715705382652088,0.5803094082667992,0.00386067404802495,0.7002721744078314,-0.004915330977145013,0.36231077109905335
0.734000,-0.013477290021971436,0.012703069967890302,0.016312954089602517,0.11490169787750786,-0.024507860990077006,0.2277452225250978,0.010787684845849308,0.34243708990311933,-0.008594471061816385,0.4608614625249061,0.0011574943307081451,0.5804645526580834,0.003876237093718345,0.7004337505224131,-0.005527121770098748,0.36116489890050185
0.784000,-0.01104915922463295,0.009816697758301192,0.015910202309439615,0.11309979648066008,-0.022320975905237884,0.22684678318721416,0.010455532427306635,0.34228378111186075,-0.007736228312545394,0.4608968488287889,0.001197571864877912,0.5805638334743267,0.0035839364644770152,0.7005401030608478,-0.006384405520474862,0.360078834296059
0.834000,-0.009489699174054672,0.007962687877739544,0.015699620939860368,0.11132905522740226,-0.019711952543014437,0.22598515170879355,0.01034222988120992,0.34216064876725993,-0.006556911753428694,0.4609647691135882,0.001503777783222091,0.5806937350494473,0.0035407026178007617,0.7006764460423855,-0.004618371098061038,0.35996120792126496
0.884000,-0.0071254972383151365,0.0055206649009055305,0.015114797624142487,0.1096739358048428,-0.017360038355612277,0.22519616315202143,0.009926622791967567,0.34205264827516,-0.005615990697391603,0.46104183753756667,0.001585042863046707,0.5808255806557902,0.0032981097327949467,0.700813352540596,-0.0029404120863489366,0.3598697534054361
0.934000,-0.006016903652749131,0.0038836814375003514,0.014568168821046642,0.1082616703589207,-0.014714167888621446,0.22463411017250523,0.009658060948090403,0.34213302274178853,-0.004392694889702521,0.4613075848701547,0.0019405816569665509,0.5811403416926302,0.003356249104712673,0.70113199092554,-0.0038015958663586953,0.35911187799290334
0.984000,-0.0033191130118072013,0.001944922624409172,0.013763301740248406,0.1068145573304172,-0.012265323467425687,0.22395767778483355,0.009145694809399767,0.3420320962519562,-0.0033918071798906555,0.46137534509271966,0.0020654513889670715,0.5812511905700827,0.0031823362379953604,0.7012459928251554,-0.004822519793132663,0.3585936278461374
1.034000,-0.001442182599222291,0.0007807317652057628,0.013119610530720688,0.10579441232145388,-0.009707888573495848,0.22360317805891344,0.00860212026567206,0.3421980496861209,-0.002509230693846619,0.46168251679309874,0.0019620624200739245,0.581599185934164,0.0026753008363863333,0.7015970662944502,-0.0027514534311551936,0.3586821289075593
1.084000,0.0022145180090964852,-0.000770236113569666,0.01297731398306357,0.10478226721824734,-0.006591873302280704,0.223175877255337,0.008492076504874666,0.34222407931485105,-0.0011948874882623155,0.46183245163200576,0.002228640648344687,0.5817836060411438,0.0024907177080825344,0.7017833198317919,-0.0035698461659468238,0.3581837235722461
1.134000,0.004273741822021773,-0.0014259995310690892,0.012793408637007194,0.10393328716091825,-0.003406697111169984,0.22283474456891667,0.008127749266364923,0.34227911047522985,-0.0001542013100118123,0.46199297472933437,0.002045629976871861,0.5819728094612963,0.0017181679795849809,0.7019723626631323,-0.0015162845004776894,0.35848737439601563
1.184000,0.00782684976015597,-0.0023450641831558546,0.012408691140246201,0.10332669438055432,-0.0002682099421922133,0.22265521644858685,0.007698606304700192,0.34239046538925083,0.0009216240228210803,0.46219894802360284,0.0019399902253711418,0.5821946268219335,0.0010790753149842363,0.7021915385551596,0.0008075507813936839,0.3585821133291431
1.234000,0.010453020371672924,-0.002483708301439347,0.012270351998199022,0.10290403864245457,0.003228477145106324,0.22256290584053634,0.007562147226064814,0.3424846274075621,0.002346504882228791,0.46237122830582844,0.002178491975225947,0.5823711106876756,0.0007938244527294714,0.7023631216544458,0.00043754257143687955,0.35864357153216675
1.284000,0.01325193723766823,-0.0027645739287043315,0.012151840919906686,0.10267702477962912,0.006632388977103747,0.22255002278272704,0.0073507097431049,0.3425478728271209,0.0036171435170062084,0.46248977744446174,0.0022364885896594914,0.5824818346481432,0.0002888284404250329,0.702466027856845,0.002687839748890279,0.35868074399508204
1.334000,0.014732215969554523,-0.002666533943691283,0.01117924277674239,0.102562924708203,0.009505257753039112,0.222551248189084,0.0067752286098473,0.342520189745827,0.004799447087469801,0.46250392316381717,0.0024246059050398814,0.5824804213908015,0.00014600324548306488,0.7024587859712275,0.00196464169007002,0.35876606534756605
1.384000,0.01832283810321805,-0.0020754245312528015,0.01059760422589625,0.10268924309340735,0.012412374028822646,0.2226755198518914,0.006256901364715687,0.34251754151410013,0.005789411384849185,0.46251663089781375,0.0023137239245264625,0.5824662853219966,-0.00043710773596831315,0.7024347516995332,0.00403637880583951,0.3589713766632297
1.434000,0.019904964295959247,-0.001582479541499451,0.010382278975586452,0.10304573980061926,0.0158733291750408,0.222920042112735,0.006084824488859424,0.34252014728889896,0.007199680086069188,0.46251496840700745,0.002545606246923904,0.5824246827513678,-0.0007186893526056962,0.7023802760909542,0.003191846295177162,0.35917638986707573
1.484000,0.021713158718811302,-0.0005000509673680415,0.009126145644590319,0.10342871973983271,0.018353651170474446,0.2230734151574465,0.005253119587257557,0.3423561719587822,0.00808673607336848,0.4623227115337795,0.0024848231030737897,0.5821918842614039,-0.0010851977703795306,0.7021387681331703,0.005353388666773897,0.359323859039283
1.534000,0.023154408014324668,0.00043835578436890216,0.0075498151514267545,0.10408052606153724,0.02069845295204478,0.2233579889322159,0.0044571315505133845,0.34225382206058247,0.009194397250125375,0.4621602785031374,0.0028182311621521364,0.5819907606179535,-0.0008811714126447101,0.7019337237116227,0.004478652899525731,0.35970362936909367
1.584000,0.025157405940381124,0.0017286105185795049,0.006698598680985102,0.10478914889674587,0.023436543795115478,0.22361608687729947,0.004017274377467076,0.34203437925944824,0.01041430720495232,0.4618637494926012,0.0031238928958984315,0.5816420858417682,-0.0008700231780053268,0.7015756034013428,0.0066498456607131835,0.3596781288314651
1.634000,0.02608780461384582,0.0024283194120916776,0.00555585835507191,0.10530228067667297,0.025935611938159162,0.22355905902720857,0.003433773301666363,0.3414304602700389,0.011561957276185832,0.46115486305780506,0.003435682433325593,0.5808793954354051,-0.0007759209527955502,0.7008054659769726,0.005977151106739808,0.35943916726209624
1.684000,0.02792858012914611,0.004176898286034396,0.004500876597103548,0.10592063341761426,0.028208327965315614,0.22355547838116113,0.002825598533591746,0.3408402474119011,0.012523640978170518,0.4604477219807268,0.003587173534318377,0.5801145074712059,-0.0008614416800984091,0.7000320200482766,0.007749040724952232,0.3594087387536405
1.734000,0.02862224419107519,0.005605768313944036,0.003365819794737858,0.10697468570328816,0.030600826598121737,0.22384322040968102,0.0023880333344105144,0.34047957106853527,0.013824226601548391,0.4599333842494278,0.004177482155042957,0.5795450071003112,-0.00039129835143522987,0.6994580015765762,0.007137672662511953,0.3597500374264736
1.784000,0.029076995906256804,0.00777689499487147,0.0019280021189075694,0.10818748389946999,0.03258179426774159,0.22420621095145044,0.0018352431116710755,0.34020039007691166,0.015027844688677813,0.4594729991005573,0.004833438204177563,0.5790391902908971,0.00027303834298685395,0.6989525037824841,0.009169820795532815,0.3597393854410963
1.834000,0.02903845564824469,0.009416134397924124,7.624375794647656e-05,0.1093830842444611,0.034164099962426885,0.22443967053694058,0.0010819399924884947,0.33978944595336,0.016113145065757763,0.45884431931353065,0.0055121113120769755,0.5783751441385372,0.0010879710204559669,0.6982935621673816,0.008042123847657862,0.3603078785285111
1.884000,0.029330913945275316,0.012303954758019792,-0.0019291955908481498,0.11104713680771837,0.035302537507141615,0.22512517172469768,1.0157363199560926e-05,0.33981801327889083,0.016716187321026612,0.45864944246767086,0.005694353089648042,0.5781422002824271,0.001356625212687368,0.6980637751422719,0.0068567856554628825,0.36137776098984375
1.934000,0.029585884841903512,0.014204015620806936,-0.0035264101465666622,0.11285199102795486,0.036628060228790345,0.2259343438018275,-0.0008722318503942804,0.3399243788661955,0.017357535767306104,0.45853161124518926,0.005838943811728049,0.5779775071117318,0.0014936354445731805,0.6978988075349439,0.008375406608629475,0.36156547248525633
1.984000,0.030067210074675343,0.017023154072065914,-0.004967842776028915,0.1146204059009073,0.03780428754858082,0.22673884714718312,-0.001781794798241483,0.34002142340863034,0.01779112119416349,0.45841441711836917,0.005751809155369981,0.577808952025259,0.0013371489123550698,0.6977277194261071,0.009682372927462803,0.3617381826635972
2.034000,0.030312651519595824,0.018889849492367973,-0.0063126054642423796,0.11633291535464234,0.038971187751434266,0.2274606709875166,-0.0025414468629670964,0.3400515283755443,0.018353048623350507,0.45821844446618387,0.0058659528787425655,0.5775669779295868,0.0014327335010760056,0.6974850606608806,0.008859701597453248,0.362700961557031
2.084000,0.030644712835030133,0.021570691505219102,-0.00757158183532099,0.11805308636086709,0.03994171380525323,0.22824603866441234,-0.003344885912433291,0.34016686016283043,0.018712868823285274,0.4581221714295085,0.005783120329440509,0.5774235612113796,0.0012969706545445658,0.6973396754792062,0.008135776041419459,0.3636228427496344
2.134000,0.030436696149256585,0.023194168554763958,-0.008772997433418972,0.11967928159100436,0.040865099413886954,0.22893155541685994,-0.0039977504541445705,0.3402299143343541,0.01921204740609304,0.457963959037176,0.005941402041051404,0.5772279098826907,0.001477620189138152,0.6971448588580252,0.009272158900467436,0.3636885114845801
2.184000,0.03034444445491265,0.025212840567077045,-0.010214422760868896,0.12103584589784168,0.041351585318060435,0.22939149554656058,-0.004847157111669519,0.3401420088541835,0.01944476732045631,0.45765754998548486,0.005932715626121899,0.5768943918549689,0.0015505216090188553,0.6968143500587479,0.010120246296002392,0.36354904480674605
2.234000,0.030228227115855568,0.026386232997993555,-0.011296574695087575,0.12226517208310181,0.042011887147581056,0.22977427816402324,-0.005375419118250485,0.34002146952130413,0.019907579718479996,0.45732777782647005,0.006191961302703962,0.5765413752530915,0.0018982809151005635,0.6964645352711573,0.009627985115862634,0.36398607527991866
2.284000,0.030080873829502325,0.027969294814599283,-0.012441414741976936,0.12333819137523307,0.04235573043504988,0.23009620222393068,-0.006043315060162285,0.33990299798383505,0.020093403634262652,0.4570220482526785,0.006207581305209493,0.5762159404545554,0.001994412930592753,0.6961419560318414,0.010474804302556841,0.3638764333259879
2.334000,0.03009148169473179,0.028934970103938557,-0.013175767940992678,0.12429607550383062,0.042899920185113266,0.23038809782598413,-0.006362777364655167,0.33981015515358143,0.020513290091043322,0.45676175624511817,0.006485951165915636,0.5759390769176145,0.002347263860661062,0.6958676859622644,0.010184972320465578,0.36423049297938925
2.384000,0.02992424257655503,0.030069932839902933,-0.013863512801581157,0.125111747594152,0.04320548235831753,0.23067277158973487,-0.006787334360733199,0.33976318479546924,0.020648016491525763,0.4565848502672968,0.006468470341404766,0.5757441573478166,0.0023517947315857234,0.6956735239676067,0.010788771194915392,0.36416584134771063
2.434000,0.029905983856873243,0.030652371563304665,-0.014422041327634492,0.12579479781509087,0.04347571093600465,0.23090355235825713,-0.007029806904181202,0.3397575493799927,0.02090383209134545,0.456461070370503,0.006667621855055258,0.5756136209840133,0.0026309866129037955,0.6955457083310076,0.01074919598585888,0.3643701467654227
2.484000,0.02976838026655279,0.03109158638749372,-0.014800977527212215,0.126261012816356,0.04363581911936945,0.23107103522683642,-0.00726760173828574,0.33973952994811235,0.020971395901322125,0.4563695390037154,0.0066517591093287025,0.5755120922839997,0.002627023646240595,0.6954445795610179,0.011100213600310788,0.36422501938028806
2.534000,0.029762379835880197,0.031198638669986907,-0.015103997452315172,0.1264380938221172,0.043660095154147774,0.2310649614026099,-0.007452928016158204,0.3396350257021666,0.020981700830673543,0.4562174938620527,0.006634760438626677,0.5753567623731091,0.002637645990024525,0.6952901733813818,0.01123307862645094,0.36415120029296233
2.584000,0.029773344924340125,0.031107425975661965,-0.015165270286705803,0.12648561731573324,0.04368112957564605,0.23106621409752653,-0.007496428909099694,0.3396058727828501,0.020983783257626232,0.45617721366443376,0.006621377731177696,0.5753146188211755,0.0026237426403829534,0.6952480124764439,0.011640800641684372,0.36400132259058704
2.634000,0.029800380727679758,0.030881268400067562,-0.01505125589413979,0.12638814091030515,0.04363568988739455,0.23105830091226193,-0.007431370607240868,0.3396499918118756,0.02095597729929727,0.4562439817034354,0.0066129636090871136,0.5753837230086876,0.002607119351483826,0.6953168427537513,0.01187314085715933,0.363934221203027
2.684000,0.029871814462300018,0.030294681980834817,-0.014773149675368781,0.12615846429981412,0.043540195394060476,0.23103722185735576,-0.00725658956845783,0.33975560410006395,0.020917013078314492,0.45640142748822377,0.006627761784878328,0.5755476288438399,0.002610019187794882,0.6954803505857546,0.012559323080673538,0.36373096756830364
2.734000,0.029940406604252925,0.029743798090897642,-0.014316646456399153,0.1257854318821897,0.04336315808918205,0.2310139458296147,-0.006990930234579116,0.3399380744195774,0.020816342514135167,0.45667176956488914,0.006607043803036491,0.5758275324558998,0.002559649984644346,0.6957592572132753,0.012621053300599518,0.363760388584787
2.784000,0.030074998403754317,0.0286901253379852,-0.013695804511947528,0.1252850035147264,0.04315300739628636,0.23096476782474953,-0.006599908214507472,0.3401648016536136,0.020734862162663154,0.45701004258548605,0.0066455831117580265,0.5761800564976515,0.002572944353541648,0.6961109266418518,0.0135811828472126,0.3635095244402388
2.834000,0.030152514836515865,0.027787388054556557,-0.012897900187331134,0.12465437943759772,0.0428443637503543,0.23092196626961897,-0.0061369483050215945,0.3404702710001518,0.020562697470483553,0.45746227463912936,0.0066127533876432255,0.5766486793172032,0.002489543135052983,0.6965778214687796,0.013467485348907255,0.36357499939016014
2.884000,0.030470253332214463,0.026193647887334085,-0.011923780876488113,0.12387327233939406,0.04253529192934796,0.23080413499877794,-0.005514998204344673,0.3407639895733469,0.02046322816995648,0.45791829702470355,0.006701617742475071,0.5771265940447554,0.002544144045392112,0.6970545533054402,0.013304772492290111,0.3636222130122024
2.934000,0.030657170428676293,0.02475257757733679,-0.010721811802161606,0.12280495379567119,0.042154197478910915,0.23052741033332516,-0.004808655541366537,0.34095607706527364,0.020266596206490167,0.4583069686246524,0.006694196184949354,0.5775369562857071,0.002458627356448497,0.6974621828091492,0.014508456375513741,0.3630119423808508
2.984000,0.031056415685682546,0.022209623007465772,-0.009360385036288596,0.12132495986320649,0.041765845268702514,0.22988880547858864,-0.003963444395355627,0.34083398142968807,0.020130324351502873,0.4583903096624667,0.006790794054215416,0.5776465754578024,0.002491495009456241,0.6975695341759883,0.014199458789927864,0.3627361370430024
3.034000,0.03135079456335182,0.02040265465151824,-0.007798983151064351,0.11965036350137172,0.04126795546963156,0.22916034265575028,-0.0030748009965591433,0.34066693416037763,0.01985293880042776,0.45845623226424426,0.006742346254348813,0.5777378836742189,0.0023314092045470317,0.6976567880819171,0.015637591343200447,0.3616837744521676
3.084000,0.03183285298581363,0.017569819677138325,-0.006077130624453898,0.1178839048775265,0.040789761195600564,0.2283533325538158,-0.002021686144898213,0.3404567668304312,0.01968535404817718,0.4584771227274379,0.0068563641838908645,0.5777893895697958,0.0023610979434154217,0.6977051624331987,0.01742016449308087,0.36054083494104344
3.134000,0.03217963963015417,0.01562771909504341,-0.004187375505718127,0.11604957490722781,0.0401694548081032,0.22755056864499904,-0.0009584886621028937,0.3402825173814209,0.019348265672412546,0.4585518529185648,0.006797328777436173,0.5778936896023461,0.00217165966000811,0.6978045030647527,0.016847133275451776,0.3603012217280965
3.184000,0.03282980439674897,0.01285850201998406,-0.0021474979862193405,0.11417993823467905,0.03958398145277422,0.22668986501375285,0.00027640111816022717,0.34006937871987897,0.019148604496535805,0.4585760871360912,0.006931928328666976,0.5779526041878524,0.0022110041780345133,0.6978597052084508,0.016255532125951818,0.3600378092860094
3.234000,0.03311359083082344,0.01106020660952857,0.000138333403957476,0.11248403563712284,0.03895684848756109,0.2260319237052442,0.001635461612885164,0.340080659260458,0.018919138671979294,0.4588294466487213,0.007051310365148156,0.5782411489687281,0.002209384463031743,0.6981434248148691,0.01809832905518627,0.35928799647691423
3.284000,0.03349822830824158,0.00889499616767969,0.0024669662979122167,0.11106423835450906,0.03841716483439108,0.22555259245739473,0.003173433823778802,0.340260392647493,0.018941491464071265,0.45921991668089035,0.0075026699169101485,0.5786734782084235,0.002619201192669361,0.698574069254587,0.0178290076013762,0.3595790537713974
3.334000,0.03368681256744138,0.007236061763831872,0.0046923067226076615,0.10979475396485769,0.03767988187416045,0.22517161422934753,0.0048424427892642535,0.3405912945000173,0.01913331346570492,0.45973730162994025,0.008316608834810585,0.5792488027539279,0.003548492125785792,0.6991540364305624,0.020264158904676994,0.35890953103781387
3.384000,0.03407041655939005,0.005168758975302169,0.007199664510902069,0.10840642913851456,0.03683936791914012,0.2246883623090258,0.0064998486135318355,0.3407896696587043,0.019067878354661935,0.4601297074851844,0.008800672955864973,0.5796896694009473,0.0040334601233267126,0.6995949390174617,0.019555533432242846,0.3592200160046814
3.434000,0.034642690381338805,0.003878154524258138,0.009930339815509424,0.10731857340478075,0.036006308375161375,0.22445116435854506,0.008296495172523545,0.3412080324731333,0.019034367194416903,0.46072664233968524,0.00933121831937336,0.5803337027576843,0.004550510091735113,0.7002384350613265,0.02211639044671298,0.35886282734201386
3.484000,0.03494684440469418,0.0023457674853896186,0.01272555573609406,0.10660483968361549,0.03523700640546118,0.2244744056729254,0.010230660753652508,0.3418399997445255,0.01917031018084024,0.46150654756785997,0.010079809620164443,0.5811617304830544,0.005330721752542705,0.7010677193407542,0.02128718211536436,0.359334469504964
3.534000,0.03543131080656463,0.0012455214677036647,0.016005540437810477,0.10542622089145451,0.034180279422880565,0.22404189802910823,0.012456007280259342,0.34205908321784556,0.01921786055630658,0.4618684206681157,0.010865662415577942,0.5815774044004048,0.0061524854474853605,0.7014848101886502,0.022441810715867344,0.35913840020389237
3.584000,0.03612315559621004,-0.0003817673450783928,0.019197467639488548,0.10442667745107288,0.03329034787494555,0.22359626553888298,0.014410642588625965,0.34210177901713335,0.01906139072725592,0.4620116223978698,0.011237587663499776,0.5817563012054775,0.006417160411013666,0.7016594432760668,0.021300365215646228,0.35908049134685
3.634000,0.03674645805157702,-0.0012351625882668236,0.02240551742325425,0.10357020072463895,0.0324905894091448,0.22314566360309396,0.01648855109416016,0.3420739393361432,0.019098071923953186,0.46204556264961355,0.01184818680233194,0.5818263589609161,0.00697216151182968,0.7017272529386455,0.024089444429498348,0.35869868692393003
3.684000,0.03846480162028227,-0.002148240362486769,0.02577872723212979,0.10296996113652256,0.03158610014961499,0.2228293555104325,0.018437652452181943,0.342106840069868,0.018810822485782388,0.4621062598349656,0.012025771848680658,0.5819142858082255,0.006964369987335909,0.7018074975050311,0.02295537359768235,0.35867832439498804
3.734000,0.0404755370560771,-0.002492037193035288,0.030214377419276822,0.10258857304731296,0.03155422732337564,0.2225810928233975,0.0209913484786705,0.34211529542006874,0.018918674472542304,0.4620973941782955,0.01235398369497739,0.5819176964435365,0.006871087900777673,0.7017923720579278,0.026340949067535844,0.35857936184000333
3.784000,0.04152308901961369,-0.0027329603559285245,0.03422101967095644,0.10246247636335544,0.031046708921365636,0.22242048464649264,0.0232181576110388,0.34216485313355477,0.01870979406987258,0.4620801343039324,0.01244594469269071,0.5819165402537394,0.006604943060890982,0.7017743005361884,0.028970402486734312,0.3586619638840018
3.834000,0.04215728269077506,-0.002645467010094844,0.03753452496994575,0.10254066304999147,0.030173189000601584,0.22231466161705069,0.0252669461680985,0.342214322922933,0.018607712566164503,0.46202940798249764,0.012875356124336431,0.5818924134913711,0.006919533405441221,0.7017445230920676,0.02784186456858039,0.35871847277643526
3.884000,0.042968966520547665,-0.0021564554770918953,0.04072065196997263,0.10287250613537018,0.029160952645314236,0.2223144307327284,0.027065596456447932,0.34229613551492066,0.018210456032924933,0.4619689665505313,0.012927029680988678,0.581852599319907,0.006782274808536333,0.7016951710027453,0.02651455870022417,0.3587272237697966
3.934000,0.04376903182807647,-0.001568077230267457,0.043933553270013366,0.10346947873638639,0.028193503778776653,0.2224327115006719,0.029050592534590913,0.3424296505160439,0.01804526553998725,0.4619239296614997,0.013305227025139432,0.5818302765946755,0.007053482853952721,0.7016673146646201,0.028927341969144447,0.3591776851538842
3.984000,0.04580748009413858,-0.0002637196170086778,0.04807437463462073,0.10435372165869743,0.027972593781108845,0.22265806817881892,0.03143544317914823,0.3426080939080298,0.01804053663428294,0.46185815251824675,0.01354587175288978,0.5817739479221112,0.006902233562494156,0.7015898987446144,0.02840705775920515,0.3593048060256642
4.034000,0.047158982698308816,0.0008547586981412083,0.05180990048367666,0.10547836860647296,0.027523347125101454,0.22299501987643935,0.0337394072271926,0.34283391421655635,0.01811090490200532,0.46181185299097116,0.014012065513201478,0.5817418305431151,0.007127211981179105,0.7015441627067361,0.03138449747449037,0.3600996860597845
4.084000,0.0488636686695103,0.0027101825846006056,0.05589027370952364,0.10683147278755155,0.027308532199141623,0.22337796158916973,0.03610403416708117,0.3430551906052329,0.018096602913476305,0.4616963825226679,0.014231434856180475,0.5816341183520465,0.006945750100984617,0.7014127424785885,0.030407124390476378,0.3601674402418855
4.134000,0.04975086984265163,0.004151562566145396,0.05921215081299062,0.1082568557518145,0.026744004491164326,0.2237809634884591,0.03818734681963164,0.3432340919933016,0.01809945662785262,0.4615407979173728,0.014645662005239667,0.5814910847110792,0.007164947819599622,0.7012576865459825,0.03301406325884511,0.361102344252209
4.184000,0.05129330047263925,0.006444471460611213,0.06261177059559651,0.10990240877183914,0.026222347840751687,0.2242519164712955,0.04017541893947072,0.343437955111526,0.017923265784424033,0.4613567478454465,0.0147672265422047,0.5813152382339976,0.006983361168253571,0.701062519789098,0.03196514909103762,0.3610939177592157
4.234000,0.051793519147126696,0.00811796436350114,0.06589871581441857,0.11160679078930208,0.02586535375866206,0.2247320749766495,0.04223456943908442,0.343610368948756,0.01797515168059209,0.46113262492616186,0.015142206466045083,0.5810991803544419,0.007111134092038812,0.7008301365707598,0.03434474392347565,0.3621668034224748
4.284000,0.051527009853774425,0.010158248515733069,0.0682245035735744,0.11310479424961159,0.024789245415780047,0.22496800647831594,0.04367250372653449,0.3434729537310113,0.017592685875321618,0.46060468756074674,0.015225682043315016,0.5805813406758933,0.007099910223326955,0.7003059072076404,0.03590174990293722,0.36266831770969765
4.334000,0.050608500693850964,0.01168877143450933,0.0699109308669667,0.11453283046895368,0.023545509768632747,0.2252136676828658,0.045032306825610956,0.34327431968943894,0.017491614453183355,0.4600711957762902,0.01581433065891094,0.5800594731998311,0.007850614289049415,0.6997949283565115,0.034520731459967716,0.36250323760377395
4.384000,0.04998375150430426,0.014197190887352074,0.0712519306264271,0.11616017125673585,0.022040045727570953,0.22560509066691667,0.046012967546542424,0.3431861223831582,0.017024502313080565,0.4596321136555432,0.015983534717150243,0.579627598514193,0.008143578799591517,0.6993712208546318,0.03311376485338588,0.36236642219011106
4.434000,0.0499908517087011,0.015873508513504737,0.07291216491172084,0.11784562824908242,0.020985304530216263,0.22602881165075273,0.04715113731483893,0.34314136091292663,0.016714663069865306,0.45921728880297213,0.016154660909660182,0.5792159821191074,0.00831961462941043,0.6989599258064021,0.03451054685053925,0.363194540267441
4.484000,0.0502243013473142,0.018348990398454345,0.07481409956198828,0.11952620512946616,0.020207565515660962,0.22638183876404405,0.04834513605099802,0.3430363591409591,0.016407460376409035,0.4587082436786668,0.01618478187092312,0.5787080370713347,0.008231401589703632,0.6984441792427867,0.03350268009961722,0.36300801306668073
4.534000,0.05035017488219176,0.019950286704119975,0.07659700520021401,0.12116224832077033,0.01959597072595949,0.22675998536501166,0.04956359855361206,0.34295783940019997,0.016287976285684992,0.45825195443944305,0.016407110211428703,0.5782518953023769,0.00837832254586867,0.6979830047460853,0.034831330012355353,0.36374877491835556
4.584000,0.05049892139017934,0.022242361124058085,0.07821040461225062,0.12272792183844829,0.018953014204324894,0.2270761929407651,0.050599594074661955,0.34282805678109457,0.016035473063669037,0.45774246640294075,0.01643979058966969,0.5777417852649166,0.008304009368012219,0.697465672037412,0.03394829239547392,0.3635417789667819
4.634000,0.05005461796153579,0.023948105562089768,0.07942618589136057,0.12431212446587346,0.018235979177700465,0.2275388574601555,0.051460890940853314,0.34284759623654204,0.015820618631554727,0.4574328085436109,0.01656111359192667,0.5774305236987273,0.008409351109846565,0.6971533232309962,0.034776169279100114,0.3644559639349232
4.684000,0.048956971002758684,0.026331947558092293,0.0800156922579224,0.1259671477871907,0.017221942082511342,0.22822635245294742,0.052055536143149596,0.3430593648000354,0.015598599112648673,0.457387365492307,0.016822321398168624,0.5773811257620514,0.008830664347167151,0.6971147192832149,0.03385164180436538,0.3645322275595006
4.734000,0.04824615775538531,0.02772165223548331,0.08038410784132793,0.12745159895607955,0.01625096066245916,0.22887614940089807,0.05245524729560526,0.34328440797249316,0.015317395388252865,0.4573930402301255,0.016962485695868855,0.577381763358092,0.009117971626679253,0.6971250871762418,0.03420764978131808,0.3654417198875183
4.784000,0.04742935560161764,0.029634068794587586,0.08071578671570359,0.12881837576790955,0.015327209411904671,0.22943812511258382,0.0527414480554832,0.3434564339349888,0.01493838267701688,0.4573464170238952,0.016925400775032226,0.5773299648922514,0.00917152099011126,0.697079191813685,0.03333387239741343,0.3655030363718947
4.834000,0.04698631517491521,0.030710139189009843,0.08093448435131256,0.1299887746292681,0.014527129311771726,0.22993907826388624,0.05295710293881731,0.3436190550716977,0.014619731385257032,0.45733029436827843,0.016907089687071608,0.5773084923544088,0.009245255567868454,0.6970636438007238,0.03345491989497178,0.36614669100919905
4.884000,0.04646182468200683,0.032003311436335634,0.08114878409238697,0.1309547966000509,0.013891227105534608,0.2303349808832383,0.05312718503803658,0.34373930004754044,0.014329016916457327,0.4572941420861327,0.016837258136445262,0.5772679255806208,0.009225751912664608,0.6970262863451426,0.03281859224227573,0.36616094332182575
4.934000,0.04620648988676003,0.03263999737985571,0.08131208108996525,0.13170891172320193,0.013428070427090925,0.23066223959206514,0.053283529494084124,0.34385032369352525,0.014151406876954188,0.45729051489346056,0.01684003303443884,0.5772603914849836,0.009280290047252879,0.697022030944235,0.03284584153369754,0.36652869195377014
4.984000,0.046014992138750016,0.03321581488266012,0.08144881917867787,0.13222228350165835,0.013122935968872478,0.2308710223537809,0.053390169473724325,0.34391327065238314,0.014014341369176349,0.45726910049655684,0.01681229282746453,0.5772364771751052,0.009273368782077317,0.6969994289764653,0.032499090500889456,0.36649475780086954
5.034000,0.0459611892314933,0.03336496269290032,0.08152812241479643,0.1324790891480061,0.012970764851905361,0.23096710224395356,0.0534671122210287,0.3439274751542467,0.013967172479587536,0.4572401168124694,0.016831766675031605,0.5772059206844791,0.009311740328981591,0.6969700605696745,0.03240519381699772,0.3665237863458697
5.084000,0.04598264568788996,0.03323667343308168,0.08153851273084439,0.13250721195793938,0.012929454716740202,0.23095921629420668,0.05345902855492478,0.34390767198278854,0.01392621045992972,0.45720884714143595,0.016793032678402726,0.577174597789607,0.009266324810404153,0.6969383179514906,0.032277910928773676,0.3664458169204111
5.134000,0.04606538307554502,0.032898113063081096,0.08146533437273362,0.13228842093402066,0.013040219125896022,0.23086835602635578,0.05341881171924624,0.34387087483585255,0.013993667386111373,0.45720956193303913,0.016829443851463215,0.5771760504598704,0.009306638524251343,0.6969400158160689,0.03232278323416783,0.36637814784659967
5.184000,0.046280649540179644,0.03202691227344938,0.08130089076536719,0.1318164513270404,0.013277454282934864,0.23067398563065428,0.05330668334758059,0.34380073232789987,0.014110498138397876,0.4572188043620717,0.016864481006270415,0.5771871984354205,0.009337984089936635,0.6969509318545911,0.03214166377024076,0.3660534738747323
5.234000,0.04648721425779817,0.031208363265133973,0.08105630992094891,0.13110706686685583,0.013614650054345576,0.2303624068441055,0.05311809003154064,0.34367382828226956,0.014246676161648,0.45720361813010546,0.016867954477842884,0.5771749851249209,0.009323510270942859,0.6969375893064189,0.031730649111379836,0.3654723434388242
5.284000,0.046891326947121656,0.02964962770299395,0.08072656650414689,0.13016629682297773,0.014105815987207407,0.2299744908754175,0.05288997925192973,0.34353411696564323,0.014481046119884794,0.45722120442314534,0.01693035135568749,0.5771962055779576,0.009373093995314379,0.6969580019053685,0.032071009587328364,0.36530686589022054
5.334000,0.047417669452813574,0.0284846763067237,0.08031771509597352,0.12901043430816078,0.014682250734049926,0.22946931055800443,0.052570769847201756,0.3433308937057385,0.01470424565107372,0.45719979351628265,0.016923556150781734,0.5771792695063425,0.009329628315613514,0.6969387462009041,0.03158862202769,0.3645137876182644
5.384000,0.04847382342378653,0.026646233594344197,0.08019116823511074,0.12790293105397627,0.015685822252430842,0.2290911731557803,0.05246730686808991,0.3433151740902062,0.015195710093873827,0.45738019096172106,0.017094517329815102,0.5773651672340858,0.009408429165685649,0.697118764460776,0.032325382454923515,0.3644794379042615
5.434000,0.04932890078153,0.02521495335678916,0.08000193564640376,0.12657095819612713,0.01684286745935778,0.22860493344819385,0.05227696172967087,0.34325407196758745,0.015700078553154875,0.4575437548662922,0.017196146305550705,0.5775344285925267,0.009380561583421917,0.6972796440938,0.03318933738116881,0.36443579950481014
5.484000,0.05082189112014638,0.022905622677866326,0.07972843454443197,0.1251380958179194,0.018178648537155583,0.2281508321297873,0.052092146923413206,0.34325893187609213,0.016363412789947955,0.4578165922800133,0.017439061294755608,0.5778117712677298,0.00951892452802812,0.6975501169786854,0.03289495910721336,0.36363153562869716
5.534000,0.0521538861136527,0.021261616581016742,0.07969717630126796,0.12358498854756896,0.019807920231640345,0.22757189641306086,0.05195707818710339,0.3431851813017556,0.01703925104931312,0.45799260853525536,0.017544634349481905,0.5779915443127025,0.009396630195891736,0.6977145998547034,0.03253085049149616,0.3626351121272903
5.584000,0.05435370044307972,0.018691220271163447,0.07972155150101926,0.12194576839638811,0.021739659754560423,0.2270081319215899,0.05191997389187939,0.3431509260957123,0.017939903602773317,0.4582393913002989,0.017828888035219433,0.5782393399483868,0.00944948567035632,0.6979464225124846,0.03393762837207712,0.3626251640877379
5.634000,0.055952269061624135,0.016932904942432547,0.07975297463597802,0.12024332015626146,0.023767964048785485,0.22638322118104884,0.051805199500272306,0.3430618971601569,0.01877274854355889,0.4584259174775516,0.017959057137903432,0.5784231587220751,0.00928486828434049,0.6981092416546063,0.03355546157560228,0.3615462997924559
5.684000,0.05837977712927398,0.014268912662218854,0.07979396187834373,0.11850079279152044,0.02607129144878333,0.2258035172765798,0.05178307044171449,0.3430165900160079,0.019840524285771773,0.4586871296753152,0.01829910460765101,0.578677229372648,0.009346117349004257,0.6983427800509718,0.03524588142907953,0.36156499196551173
5.734000,0.060067129793566806,0.012500392785973475,0.07964708336429835,0.11675476165482912,0.02825193768231485,0.22519155891623335,0.05147433882195021,0.3429231183439927,0.020612497877288596,0.45888667629858365,0.01825469081528007,0.5788635105035214,0.008952810668537849,0.6985024465808555,0.03679032634813906,0.3615620939348116
5.784000,0.06239275656128841,0.00998911573613485,0.0793131170124139,0.11499068246085836,0.030406752905205423,0.2245724672144617,0.05109966580497047,0.34277485025050364,0.02141686535433368,0.4590457896868277,0.018273374504826745,0.579004609559189,0.008669549436329277,0.6986196861339425,0.03631722390483192,0.3605063645366002
5.834000,0.06406323206586499,0.00821668944176955,0.0791202432823684,0.11325886740093187,0.03300252969414037,0.22404314649022694,0.050961122276775794,0.3426917408872404,0.022611636606509132,0.45929494265360205,0.018651533121963708,0.5792295814379209,0.008759692592761055,0.6988211843658781,0.0356031512236932,0.35937318753224634
5.884000,0.06687161512868478,0.005808591847309627,0.07876421249112107,0.11149163411996914,0.035670281950347396,0.22348678200773045,0.050756012608372106,0.34253475859825633,0.023860534321586295,0.459481897287946,0.019071865609454237,0.5793863119353324,0.008911704552626507,0.6989554180091354,0.03776631200262102,0.3594417339476342
5.934000,0.06923496984536284,0.004321082434670369,0.07864878842176774,0.1098671075646566,0.0385264285710451,0.22296085734778595,0.050571849051821174,0.34235477614368287,0.025027810058799282,0.45960451845437184,0.019275179092907595,0.5794665526310462,0.008717863193989296,0.6990012466784669,0.03731480336154637,0.3583888300443121
5.984000,0.07209848635804413,0.0023204006173908375,0.07845074237331275,0.10834723975674179,0.041595484176727,0.2225474583412868,0.050537513437834754,0.34221382827721053,0.0265294103668378,0.4597876815932721,0.019870945465017442,0.5796028093652925,0.009004678471933425,0.6991098143532486,0.036779027320736145,0.35749924563214264
6.034000,0.07385682703361195,0.0011808277970282784,0.07810851522731818,0.10697339548169146,0.04448641840727577,0.22216694827621059,0.050222837620233385,0.34202975941716957,0.027680671668554126,0.45989345507536167,0.020030456013788125,0.5796493492953773,0.008771862898238919,0.6991200322308091,0.038770358948485795,0.35763454619917134
6.084000,0.07682561305241903,-4.475670342577176e-06,0.0776155302877528,0.10591272485640153,0.047446992440072236,0.2220585784934923,0.04987399163502057,0.3420340329608855,0.028913782034729704,0.4601893104956034,0.020273491094630884,0.5798778453305659,0.008650976347378617,0.6993136739118232,0.04106970813740737,0.3579463468810915
6.134000,0.07878921862067025,-0.0006243083198424576,0.07680219140854257,0.10497555806645181,0.050099230527644804,0.22196680508980632,0.04922256621066017,0.34196360279524757,0.029839484075844018,0.4603878238268181,0.020209625212660995,0.580000807312152,0.008221144782989478,0.6994004569640037,0.043076636352310516,0.3581457979279113
6.184000,0.08276552466628993,-0.001132305884785765,0.07680104278364949,0.10434049564099124,0.05354994627891613,0.22206639131109257,0.04908026967065138,0.34198312071536513,0.031168751564306908,0.4606388307302064,0.020345431332547022,0.5801497329072075,0.007809633851458678,0.699493160801303,0.04259299829196947,0.357765769106467
6.234000,0.08538334243091361,-0.001238308143158043,0.07689066764962849,0.10388890820035024,0.05696847902427019,0.22222363007172513,0.048843126242384384,0.34194822504773625,0.03228443183885773,0.46080027441858473,0.020176056099900752,0.5801878250131264,0.006993548794053062,0.6994615501210951,0.04192498344699464,0.3574885435734693
6.284000,0.0894703539858988,-0.0010666160301218478,0.0770414335862383,0.10362792653349119,0.06060663885156414,0.2224971720178852,0.04877911435042716,0.34191287309682616,0.033661913477809786,0.4609568575638161,0.020282202427442983,0.5802086220463959,0.006483597068598565,0.6994126424909718,0.04145960784570262,0.35734531502032557
6.334000,0.09220398626147569,-0.0006776680776537786,0.07719925287947271,0.10355705871164482,0.0641156309662692,0.22284167145625797,0.04857976578874504,0.34183174202177113,0.03479397208944646,0.4610372447977772,0.02008229800005705,0.5801320248911446,0.005593736938726765,0.6992541538108883,0.04392930929296542,0.35773310403922776
6.384000,0.09626883375058216,0.000307947255520669,0.07736641458292143,0.10375027723570181,0.06777956538091007,0.22336671558084695,0.04854552559817335,0.34181523483556814,0.03618776581897658,0.461177229512432,0.020187956913146773,0.580105805199594,0.005064636945885881,0.6991490124529598,0.04659765860662699,0.35814091879963705
6.434000,0.09779481188762822,0.0009557534026140311,0.07719218864517625,0.10406443229854001,0.07104922211015605,0.22390709566242206,0.04825960169611279,0.3417231947304031,0.03732415937940354,0.4612238897125084,0.020100629406701834,0.5799814158508836,0.004388736884436209,0.6989483710645021,0.048976983125884846,0.35844307600225234
6.484000,0.09920460521120038,0.0019732939918871996,0.07576845199565578,0.104298407171198,0.07338816400755308,0.2242747974676019,0.047559927002699225,0.341462263404621,0.03841676338449335,0.46111343372461683,0.0204091815508933,0.5797546027868802,0.004530542404245164,0.6986994169606957,0.04792614459580278,0.35843338905179767
6.534000,0.10034281681313796,0.003061258428191532,0.07427208374232744,0.10477626429777208,0.07577575299108241,0.2247668419209965,0.0468966578260783,0.34124000491326034,0.039623863583532794,0.46101941216700676,0.02085260631829243,0.579542152141655,0.004840364570383324,0.6984690545397291,0.04992028381157636,0.3586679758912765
6.584000,0.10238851141949834,0.0047927621809429645,0.07341854021295627,0.10551468160460468,0.07859529006869055,0.2254029680864901,0.046509382704969425,0.34103382268088334,0.04090724428255696,0.460902984848411,0.021184255513733374,0.5792710705529039,0.004846323428882596,0.6981536679975698,0.04598622745073136,0.35887174946783595
6.634000,0.10370366926812079,0.006358822262707458,0.0722517688260321,0.1062861426784517,0.08098506456781451,0.22596792718682535,0.04590893168784544,0.3407270876080386,0.04195615920098138,0.46066196822713035,0.02137694916498359,0.5788842001219412,0.004780013338850753,0.6977309153528594,0.04800678086739814,0.35933445023565896
6.684000,0.10543019520036323,0.00882412051222319,0.07117440716992357,0.10751237796102875,0.08339914152536473,0.2268880700810851,0.04535776195752066,0.3406986734533634,0.04301432838305355,0.46067578926679276,0.021561802203889813,0.5787426733642559,0.004682330839128321,0.6975495900250368,0.05005975267137132,0.35971887638377764
6.734000,0.10652893561132654,0.010534550991507628,0.07010923849945226,0.10871200533607808,0.08558825251579902,0.2277094848252547,0.044709923751226524,0.3405321874926451,0.04384433795365014,0.460529065623543,0.0215153182761319,0.5784333271250731,0.004318619840410168,0.6971947415782058,0.051874371000666185,0.35999149858894236
6.784000,0.10891059228630041,0.013544101978342528,0.06939811912972742,0.11013047112512231,0.08802684038212366,0.2286756977021487,0.0443517995130813,0.34044550934332085,0.04490147045288834,0.4604442504198209,0.02167632571030298,0.5781752686171491,0.00413160192507403,0.6968857679949412,0.05112839521898757,0.3607440690133996
6.834000,0.10942004580967937,0.015406513783341349,0.06838599622804224,0.11162877079451843,0.08996963775061614,0.22967175625838301,0.04369523413957045,0.3403906777156131,0.04558111633066332,0.46037585783442797,0.02152032132679016,0.5779389393844373,0.0036542062032085265,0.6966014942630518,0.05008907031784038,0.3615414982207636
6.884000,0.10983884734112348,0.018247983753477828,0.06713784453575646,0.11315490423933286,0.0918613066939959,0.23058041432513104,0.043349606514586664,0.34033748674282555,0.04682152145174888,0.46028725042191343,0.022232281976240498,0.5777409404534151,0.004339159527369255,0.6963994259023272,0.05191329445604888,0.3618702444924375
6.934000,0.11006735549730065,0.02031790116529026,0.06550029388128795,0.11479687985354176,0.09307437174647182,0.23158587860721158,0.04245396998372966,0.3403864986669267,0.04734652663908645,0.4602867192229128,0.022215265757302358,0.5776256289097329,0.004245038275224752,0.6962724616708411,0.050659536102971275,0.36287034194690426
6.984000,0.11042837550544592,0.02337676988658548,0.06406094996385946,0.11653315705988129,0.09435431836686022,0.23264651473590425,0.04173632623407586,0.3404952370459724,0.04799349068775819,0.4603319922298456,0.022348252148996495,0.5775596414440562,0.004308853519608996,0.6961959769281314,0.05200453031240837,0.3632932850593643
7.034000,0.11064672614763989,0.025358082570422453,0.06272151008087876,0.1182403981314783,0.09544667147830678,0.23369196291737576,0.04097550860433649,0.3406166673366884,0.04843638075527689,0.46038450687112825,0.02227715284495374,0.5774985316296334,0.004129990741328818,0.6961184309196966,0.050984557014341715,0.3642954904751894
7.084000,0.11094113381312891,0.028198681876874455,0.061493626590694336,0.11989195018008154,0.09652916416319479,0.2346635107123228,0.04036481075368499,0.3407086209536333,0.048995478879651604,0.46039785007513545,0.02239137051316359,0.5774116160089954,0.0041813269617709675,0.6960218782709785,0.05215433077823629,0.3646492768437135
7.134000,0.1102817391541266,0.02960469509067581,0.06010861900042584,0.12133175260722469,0.09726915920708686,0.23543299652467228,0.039655731271145675,0.34069786519614487,0.04940206727687836,0.46030141386429674,0.02246398881371288,0.5772387470599625,0.004263428930632765,0.6958504649249633,0.05301028891248239,0.3648592849219274
7.184000,0.11000524820347046,0.03164210619255637,0.058439684917621956,0.12254683994403093,0.09770790446875906,0.23593999179248432,0.03893402263028546,0.34056136044592067,0.04988270500913513,0.46006084305210915,0.022815412823210285,0.5769683350751356,0.0048028367745670125,0.6956087459978644,0.052069306857637804,0.3654277145488068
7.234000,0.10973485875651012,0.03286663812346278,0.057281732103286694,0.12357865415503752,0.09829317153646182,0.23635303881012087,0.038435820503097004,0.34035831524960036,0.050343349875496865,0.4597660651799455,0.02307651293986686,0.5766271776308236,0.005139688167074399,0.6952790647489302,0.052870143182352815,0.36541616390772963
7.284000,0.1096477647276957,0.034472610424050136,0.05628268825633112,0.1245062199473996,0.09879242134791034,0.23672441183838838,0.03795809558935041,0.3401612757156607,0.05067822500780546,0.4594851974846563,0.02320453015445273,0.5762978512942544,0.005302899230005237,0.6949550533896818,0.05220820852694,0.3657970458905336
7.334000,0.10968010744288152,0.03516804098683819,0.05554172430017927,0.12509643962473868,0.09926345163349863,0.23684799690212502,0.03759427372317553,0.33978930295914545,0.05095939693428223,0.45904270324709023,0.02328386152182403,0.5758077011679636,0.005381179600189578,0.6944647447010445,0.0527932995985646,0.3655685367255032
7.384000,0.10965035130834468,0.03621038076243445,0.054966376185936236,0.1257932373787148,0.09969356003731489,0.23714618534298124,0.037354825238169645,0.3396834085513012,0.051264334759947905,0.4588745388541604,0.02343787019304043,0.5756036606257766,0.005549313661828009,0.6942628345013638,0.052452291195143476,0.36585200545803487
7.434000,0.10959288635164491,0.036749386186124916,0.05444855606785969,0.12624897170512622,0.09994486017022186,0.23728989349945334,0.037113634867864176,0.33952607656042283,0.051447214833810234,0.45866695319492123,0.023519754426480896,0.57537195289526,0.005655016681480524,0.6940347151467878,0.05229044437945053,0.36595037427751576
7.484000,0.10940067925727193,0.03716703218775181,0.054041766299440644,0.12657731393122798,0.10007184476728502,0.23739803345342775,0.03690700619665628,0.3394284365574087,0.05153820300440433,0.45853313033488274,0.02354667521990396,0.575222780125151,0.005703927400532091,0.6938888508763925,0.0525508502611524,0.3658791103520265
7.534000,0.10937865566407176,0.037255874303366215,0.053793117146602586,0.126697202172378,0.10012031930169545,0.23739404196682595,0.03678487810281915,0.33931863118813854,0.05158699551359273,0.45840220402721144,0.02357122468296828,0.5750860357462619,0.00575079931547573,0.693755460787503,0.05272171137770378,0.3658020529525765
7.584000,0.10939577588760095,0.03717070485837881,0.053764082504622335,0.12671154583328384,0.10012475197016162,0.2373943734385906,0.036769289545267425,0.3393065188429745,0.05159036651150445,0.4583877334721546,0.023571254333364988,0.5750707628840954,0.005752797831276885,0.6937404835708935,0.05275524352028674,0.36579222002068496
7.634000,0.10943323563537966,0.036976424338622735,0.053891836351598305,0.12663270661645384,0.10007992113266574,0.23738766507997777,0.036840697986605345,0.3393719808147161,0.0515681404460694,0.45846481199528366,0.023576134603480153,0.5751543471255103,0.0057561128870221995,0.693823832782207,0.052737956769949024,0.36581508831366516
7.684000,0.10955320720955085,0.03640253985794629,0.05423722115071453,0.1264135948562764,0.09995226320642032,0.2373646423044416,0.03701713203568785,0.33953689521354913,0.05148339674367812,0.45866173387198494,0.023554576291503385,0.575366408106354,0.005720613811747904,0.6940337995088393,0.053044034046695776,0.36579618433170386
7.734000,0.10966690975614904,0.03586927924053328,0.0547551766218168,0.12608809674961385,0.09978874607519596,0.2373174886489116,0.03730730468598688,0.3397678155489595,0.05140319871316934,0.45893704719695827,0.023576994699584408,0.5756662310808284,0.005733325757943886,0.6943321633390006,0.05366605388484802,0.36573417955777676
7.784000,0.10988342037068596,0.0348559262667549,0.05545909227715018,0.12565544556036096,0.09953303589191557,0.23726856080333902,0.03766807903635977,0.34009232806198414,0.05123627804029267,0.4593227938657778,0.02353718373033656,0.5760822053682694,0.005664984973129311,0.6947438441214184,0.05344789923162725,0.36586473198498143
7.834000,0.11006810892526941,0.03399608690577482,0.05633352756493157,0.12513162637436298,0.09925655942374516,0.2371923837162936,0.038158650908948016,0.34047377398151635,0.05110507929523526,0.45977335483592974,0.023578548836084,0.5765735693943005,0.005690361861547311,0.6952327989837596,0.054332716441811243,0.3657462417708235
7.884000,0.1106532197881078,0.03220679528776551,0.05756246524749208,0.1242539679699381,0.0989906423074471,0.23687592907917965,0.03877518398528523,0.3406742844565743,0.050879501807023594,0.46006224648634336,0.023490786443548142,0.5768948543817979,0.005507090837810369,0.6955396464608499,0.05405185466484395,0.36567957545590585
7.934000,0.11093305963935124,0.03074638444028054,0.05888262808272395,0.12313763336062267,0.09871547064166383,0.23633367858139617,0.039596398981659606,0.3407603771122001,0.05085652374751019,0.4602309156990842,0.023729044402418353,0.5771244564290218,0.005744557064733216,0.6957691285184158,0.055378406124063535,0.3650650024653923
7.984000,0.11135154277185398,0.02830548441348976,0.06032394473556951,0.12184635055264414,0.09823810991885393,0.23569939653057773,0.04035721756739756,0.34081743637435863,0.05058017610830858,0.4603811897391239,0.023704919053697662,0.5773329770629975,0.005666583532699859,0.6959694741944952,0.054829376953813125,0.3648401899158506
8.034000,0.11166022484695533,0.026548299125300857,0.06190225642939976,0.12037229168339257,0.09774642581642463,0.23489388580848972,0.04124571066468413,0.3407601655548827,0.050369313084403664,0.4604128290391806,0.02379636491275,0.5774336751541639,0.005727955798340775,0.6960655957829488,0.05628105205990238,0.36397991219241543
8.084000,0.11216567161907559,0.023797243352556497,0.0636522256906667,0.11882726148308874,0.09711372772968326,0.23406756641713644,0.04214578395509913,0.34073773636728627,0.04999201025463256,0.46048094800308775,0.023722813630540032,0.5775703553323793,0.005582989106593744,0.6961913769358051,0.05557111836948927,0.363696634086248
8.134000,0.11253272350394859,0.021914213168008456,0.06555731083533167,0.11724220550603233,0.09651363666775688,0.23318057659583277,0.043216563403265865,0.34069532898562904,0.0497451998051784,0.4605176011504128,0.023834799186529254,0.5776869279376787,0.005656347249354349,0.6963020361034085,0.05726770647992526,0.3628066577591234
8.184000,0.11307556315793042,0.01931040067043794,0.06763031713181769,0.11564625433479638,0.09576524898661322,0.23230141114119573,0.0442815170541218,0.34069617737233404,0.049311458906914504,0.4605907130483079,0.02375104970800393,0.5778368877474607,0.005484039501139432,0.6964383900065055,0.056409035018963494,0.3625141865052067
8.234000,0.113442568593999,0.01759904431740629,0.06981757669524062,0.11447663089461077,0.09512609785981307,0.2317774354695301,0.04566627056039066,0.34111052964738886,0.04926676136243521,0.4610565027570636,0.024200128503867296,0.5784092356486277,0.005971389566941571,0.6970166261298089,0.058606420901927435,0.36214759189444035
8.284000,0.11409008348242493,0.01490194907329039,0.07225234130454661,0.11303457662644947,0.09446090014231563,0.23096158758350938,0.04719162394514495,0.3412594367355249,0.049220809647219047,0.46124227886307456,0.024667393743868227,0.5787034629515884,0.006457816851188375,0.6973137968578629,0.057887440002713106,0.3619070794439852
8.334000,0.11476622315849459,0.013617532347434463,0.07479164959788556,0.11194553243693166,0.09395413650366696,0.2304056483792693,0.04888817007406654,0.34162191810434533,0.04939394583182456,0.461620852202511,0.025373113718687598,0.5791921055911661,0.007208662562457516,0.6978093586117012,0.05719905512576426,0.3619301391771215
8.384000,0.1156718074485098,0.011585252599312701,0.0775472235610434,0.11105889527086008,0.0932571740277428,0.23002610695655423,0.05070624023847707,0.34222868283443725,0.04949507556062155,0.4622225705123814,0.0260809306013131,0.5799161464448949,0.00797184051925405,0.6985418639616043,0.05972969357108275,0.36183013358818283
8.434000,0.11681898997462987,0.010526918661940238,0.08099788278099027,0.11030463717877594,0.09297585136000402,0.22970534181884514,0.05276281468475459,0.3427668811732562,0.04958374899270268,0.46272476353740943,0.026551244484884245,0.5804936207793828,0.008265173988381974,0.6990921858035597,0.06259134899536305,0.36186365309919455
8.484000,0.11775504519843691,0.008989259409428765,0.08423394775482042,0.10976290241130815,0.09230914455073885,0.2294908907712018,0.0546118974838921,0.34341594316780544,0.04940051676199571,0.4633027293911884,0.026807480305033507,0.5811566843678874,0.00837289202992296,0.6997322550185234,0.061613428262814345,0.36201832988460847
8.534000,0.11840863952869235,0.007979951286942658,0.08734774548037397,0.10924200208343711,0.09162088272151601,0.2291658958582137,0.05658593777440218,0.3439376372955227,0.04945991837773103,0.4637258664649676,0.027430132807108182,0.5816864045601771,0.008968969218161565,0.7002578405763623,0.06072605305266104,0.36203673987618334
8.584000,0.11994352598980022,0.007020653722217563,0.09082773715354484,0.10878457550962667,0.09119685979696326,0.22878400777187563,0.05876127392186478,0.3443172616989553,0.04962864981871243,0.46396923692762226,0.028074747075985007,0.5820176561284992,0.0094976356265392,0.7005709813877034,0.06357099077488336,0.3620153197466461
8.634000,0.12003447049440599,0.006710285130470769,0.09414897770755377,0.10895617361680893,0.09035473426941744,0.22889617345574076,0.06065784035237834,0.345163513797726,0.04937322807475315,0.4646317417132477,0.028292577474370376,0.5827655902464127,0.009561894812072133,0.7012947492170565,0.06600986831705036,0.36278366939405554
8.684000,0.12164238534835849,0.00629882000401571,0.09732538722423051,0.10914391212705433,0.08925497589793026,0.22887222314992386,0.06238415002097132,0.34582502865914516,0.04888845675918442,0.46506372314710204,0.02828990721329104,0.5832825869405087,0.009397132897085311,0.7017860176023716,0.06493097436937681,0.3628948312145277
8.734000,0.12236271922647882,0.006072775581662397,0.10079604158554575,0.10935742413998967,0.08853316042660186,0.22872920365912794,0.06447322161709654,0.34629246037346795,0.04881433662011726,0.4652664042384927,0.028702034836619233,0.5835689625779297,0.009660477102136633,0.7020485771678454,0.0639146159754344,0.36281305310522044
8.784000,0.12305084727688458,0.005989050529246411,0.10412035761932167,0.10969266343819338,0.08757928184896802,0.22854716613453402,0.06642330027646848,0.3466675472842804,0.048557367083459396,0.4653301295505883,0.028950590155073605,0.5837175203386533,0.009762869445276906,0.7021735517302669,0.06650659891429175,0.36319282341097747
8.834000,0.12349085914324845,0.006159004717984058,0.10725529574582669,0.11017451340624215,0.08660173264632737,0.22838377840391685,0.06836594849257124,0.3469900858930799,0.0484032458285204,0.46531797990943397,0.02935328210054533,0.5837962432404525,0.010083187867034701,0.7022389022287275,0.06901678883561843,0.3636802769248276
8.884000,0.12425423828084961,0.006648358270625388,0.11044155262942937,0.1108729068363135,0.08552791297704186,0.22825821493949658,0.07018251639907959,0.3472729988899989,0.04799405573706504,0.4652037930595038,0.02941570409682248,0.5837569239709163,0.009965611299157975,0.7021701575613053,0.0640006229878338,0.3627598591409112
8.934000,0.12493887768367286,0.007315936673052826,0.11359150469889327,0.11172626471569243,0.08464636557929818,0.2281830331800749,0.07221165444632206,0.34753703587371815,0.04794964913163087,0.46505875768707833,0.029917781650187755,0.5836962380845084,0.010379270648827696,0.7020949145456802,0.07043310926000651,0.36421904158321206
8.984000,0.12642195122502134,0.008749849097155753,0.11722754782121018,0.11301785820637848,0.08403240340022614,0.22833516994607186,0.07433174458820216,0.34794243234497424,0.04776900766342662,0.4649655967487042,0.030075253985979752,0.5836539747845519,0.010233141705261545,0.7020021500143546,0.06936619456925966,0.364186936300697
9.034000,0.12745164577540882,0.00995288003418989,0.1208962919844618,0.11452775067495755,0.08362656283804104,0.22859337779087946,0.07656328777263338,0.34838532303490505,0.047777055065555574,0.46488147235552885,0.030400440929466116,0.5836166957779205,0.010255287968170504,0.701913664514089,0.06848335275708345,0.36412682706679306
9.084000,0.12937904810788914,0.011964314481430541,0.12434194673727764,0.11613520844866888,0.08303218283725092,0.22880065748141393,0.07861459461946053,0.3487193170454734,0.04760749616893019,0.4646441195876649,0.030546925571060826,0.5834251657562946,0.01009602328272935,0.7016696607394373,0.07111281224404165,0.36508949931150547
9.134000,0.1306692386541294,0.013555364732113547,0.12837690085191447,0.11810414078198496,0.08314830800822612,0.22925437419419886,0.08116678094821358,0.3492380128654279,0.047942779624868426,0.4645470139635436,0.031083930841763502,0.5833568587404339,0.01023919760082212,0.701532563072173,0.07400590780608762,0.3663659663302827
9.184000,0.13164265838873473,0.01595701415519463,0.1316869722792404,0.12003336313825685,0.0826626399525908,0.22956242247657102,0.0831488274867207,0.34956143756279506,0.047779119707818174,0.4642304559220025,0.03116699957967152,0.5830750496771759,0.009977222420645235,0.7011893728725976,0.07300396439082694,0.3662396348188156
9.234000,0.13211227572497714,0.017810995630666102,0.13445718242939825,0.12218942745127184,0.08201793341431954,0.23012517297950066,0.0850022358300861,0.35008805865290843,0.04775104429478548,0.4641597410688364,0.03152555432560926,0.5830577371632202,0.010159168296170001,0.7011402403042059,0.07511130095920007,0.36767190826614754
9.284000,0.13197370557007113,0.0204335618057689,0.13682561130300921,0.12436285532274888,0.0811492683295574,0.23066499468295773,0.08666840470236213,0.35053800714675887,0.04765220722156323,0.46401812141212745,0.03188603759088071,0.582977895658975,0.010424396786443857,0.7010431232650208,0.07405352093553141,0.367662577909439
9.334000,0.1314768718472007,0.02188254187565804,0.1387147015843644,0.12633001920212664,0.08012006493394444,0.23105188138449234,0.08811292088889863,0.3507853947718118,0.04753158734655985,0.46371526379729666,0.0322888086939522,0.582743234033281,0.010827986124062342,0.7008086103706213,0.07295158112786224,0.367451977881478
9.384000,0.1302282570482428,0.02415590225268469,0.14013141994231512,0.12796594611300346,0.07878340422636601,0.23109897168630208,0.08922257600021433,0.3506440413916439,0.04717083010904373,0.463034657843576,0.03248254198184862,0.5821323244531207,0.01106773715917396,0.7002060562244232,0.07422144728112973,0.3682481894606091
9.434000,0.12992486801039035,0.025909308403467838,0.14131374257808435,0.12981196258534008,0.07754106774774545,0.2314635535430543,0.0903622108704017,0.3507766638394223,0.04705568284493353,0.4626897758043192,0.03299520226841951,0.5818631909830724,0.011734353723058588,0.6999647418556395,0.07549673118785383,0.3692873748427798
9.484000,0.1290139670258508,0.028122484324993775,0.14260667722529166,0.13149643259860427,0.07642411439339666,0.23159572506289572,0.09137806092346072,0.35066032712737627,0.046740110283411546,0.4620490759167979,0.033137198963908834,0.581275586401133,0.011881082924320607,0.6993779891320638,0.07433169334950085,0.36876023472967123
9.534000,0.12831211365448572,0.029617924158660294,0.14348565584197692,0.1331260857550962,0.07524094141580617,0.2318309940926442,0.09227723023399159,0.35061552521154865,0.0465508079843935,0.46156188299204925,0.03350137552600735,0.5808502407984187,0.012382653244663477,0.698977289216227,0.07533199798108664,0.3696638465226883
9.584000,0.1272568283009004,0.032042734283051495,0.14440045439071347,0.13492155656101473,0.07416954163036374,0.23222324664319088,0.09306877765255202,0.3507256469470531,0.04623884260690428,0.4612107463207692,0.03361923998140312,0.5805453415962959,0.012539813898863328,0.6986794086389151,0.07419934111743737,0.3695183193166359
9.634000,0.12634318020967675,0.033431624324775214,0.1449680724279437,0.13649475298507652,0.07306030947911771,0.23256386158670517,0.09372769844260924,0.35077071005164323,0.04600446005218413,0.4608729012973497,0.033871823099128964,0.5802579887937257,0.012927668989692623,0.698416113380066,0.07329514618341211,0.3693450863425608
9.684000,0.12493911409752079,0.0356365872090031,0.14516538649106306,0.13800025738609478,0.0717860291414926,0.23295008579543802,0.09412724723310228,0.35085203647558166,0.04564150381565675,0.4606205778945937,0.03401348018132619,0.5800558702765326,0.013250861809171302,0.6982460292506709,0.07366841788633996,0.3702696040741707
9.734000,0.12425268989709926,0.036980910185659466,0.1454004846565602,0.13961337093831977,0.07070149896867994,0.23352855361503919,0.09443553875490536,0.35115803697454917,0.045227900353065675,0.4606048657221805,0.03397588333448101,0.5800761681885591,0.013308074028563668,0.6982829431995277,0.07380549825759025,0.3711694229213737
9.784000,0.12339403332675333,0.03882874196274143,0.1456623619391556,0.14099254116690577,0.06980958133419443,0.23397832327629936,0.0947098434547032,0.3513664698087749,0.04484976710471762,0.4605176163275982,0.03388842833903388,0.580015938711069,0.01326886045636716,0.6982311383274132,0.07305429394860356,0.3711938224250987
9.834000,0.12292004731109751,0.03986997734276114,0.1458998433882778,0.14222681802798745,0.06908231041481398,0.23441720054086562,0.09500104630806175,0.3515846837847078,0.044601353911486896,0.4604877186658839,0.03390985132711649,0.5800104854197053,0.013351888882690302,0.6982364139638851,0.07319952955944758,0.3718788959905651
9.884000,0.12235883303654174,0.041120954339950784,0.14608729554870975,0.14323482321324457,0.0684720584985363,0.23475462969056055,0.095205483778145,0.3517389191179,0.04434830756832865,0.4604290641539781,0.03385958863346855,0.5799697968567077,0.01333406960871153,0.6982013623067364,0.07259875988701614,0.3718336355405344
9.934000,0.12208566546271425,0.041737124324005524,0.14622986011225675,0.14402089973257198,0.06802716593488445,0.235039241968631,0.09538686648228752,0.3518786479323571,0.04419740123287609,0.46041269165818216,0.03387481090305666,0.5799678844725585,0.013386838291659958,0.6982059620037612,0.07262460441194575,0.3722128795681303
9.984000,0.12171066244538059,0.04223692458575676,0.1463143824242912,0.14452900943841054,0.06770589893678544,0.23519712020271927,0.09549194789752716,0.3519358690484707,0.04407008787921793,0.46036000061373483,0.03385748381235984,0.5799246388546436,0.013391035435722981,0.6981664440230353,0.07226335901980632,0.3720998429420049
10.034000,0.12165931418646334,0.042391470001072296,0.14628296593256024,0.14476418734179713,0.0674764607675308,0.2352602355628311,0.09551841039652516,0.3519377786503355,0.04399551995364949,0.4603139372847138,0.033868965632201556,0.5798858942708661,0.01344055565165063,0.6981342772009952,0.07205803844001031,0.3720602247895775
10.084000,0.12175651987729717,0.04229503604127973,0.1463172269641984,0.14480444987643776,0.06748129270888728,0.23527486199602765,0.09554508942126516,0.35194715225084316,0.04400288894379768,0.46031412863068705,0.033878108217086075,0.5798862358094579,0.013445956950561291,0.6981339723400823,0.0720486604581492,0.3720518681310697
10.134000,0.12196453424959713,0.04200283621003025,0.14632343241836532,0.14462770328000799,0.06762793549338303,0.23522030101123104,0.0955137742105703,0.3519352529190309,0.044044270711046316,0.4603367760149378,0.03386087691131702,0.5799039056562343,0.013403846555816626,0.6981473406071808,0.07186345661445537,0.3718022763819594
10.184000,0.12245347309780051,0.04125696690361411,0.14632669917413582,0.14422262843178463,0.06797404883440598,0.235111913744953,0.09547394632705927,0.3519184017406682,0.04419425928143822,0.4604098470094165,0.0339005644985404,0.5799675311945647,0.013410616065558115,0.6982052663437663,0.0720328035425328,0.37175279721478316
10.234000,0.12290252664965555,0.0405194793525958,0.14629572529714274,0.1435639134243815,0.06844998990310346,0.23488774098850174,0.09537617772929599,0.351827812859304,0.04437500275956732,0.46045046312943466,0.033915623159249175,0.5799937664900846,0.013374403869385806,0.6982226052312552,0.07178383844624031,0.37118430897844873
10.284000,0.12378799051958764,0.03912513199730433,0.14626271823476583,0.14267375747496003,0.06913573496179633,0.2346054084511658,0.09527571121962344,0.35172373170265375,0.04467405560253611,0.460533071599602,0.03399718683941534,0.5800571464691238,0.013397396925871358,0.6982757941331783,0.07222808243437163,0.37110734622798736
10.334000,0.12442519796870896,0.03808960504110062,0.1462282331987687,0.1415907998291534,0.06996296183723039,0.2342385649622139,0.09512249441406723,0.3515714159482651,0.04498580548312897,0.46059578213785746,0.03402098725076484,0.5800937853058233,0.013326627288243131,0.698295915006356,0.07281505512119764,0.37105214318723456
10.384000,0.12572609613002103,0.036374399461516396,0.14610877790831214,0.14042572935325248,0.07096845526104208,0.2339881786181648,0.0949855507014877,0.3515601953848999,0.04548620339608654,0.46087540300184093,0.03423577060701463,0.5803468546631411,0.01349324775617805,0.6985405420824891,0.07267865029289862,0.3703837480452462
10.434000,0.12670603422385782,0.03507181003405678,0.14612768906010798,0.13918528974111088,0.07216092694938497,0.23367824240349572,0.09485057123583214,0.3515136362465787,0.04597273949060883,0.4611081505430782,0.0343298263363163,0.5805419923689258,0.013454287819639268,0.6987122588983653,0.07355121597340303,0.37048238084927676
10.484000,0.12822325641490298,0.033038421534770726,0.14597965606073343,0.1377461191324782,0.07353397721003754,0.23341023787038834,0.09468069753465028,0.3515322773799863,0.04664519707614555,0.46149859356486184,0.034608564319478896,0.5808933986098889,0.013655800640862734,0.6990499967930287,0.07333833779259152,0.3697290008295018
10.534000,0.12965592994222613,0.031470224269860035,0.14598874196513828,0.13621692347394315,0.07514269870355128,0.23307165053552886,0.09453848045281546,0.35149379225880334,0.04734240135243892,0.46182298203896155,0.03480033994928863,0.5811657518063542,0.013684853337331049,0.6992933786560199,0.0730891110413343,0.3686898100754015
10.584000,0.13169424221737033,0.029111082574567966,0.14598319515566263,0.13453408881430023,0.0769651188593285,0.23269979129919754,0.09439943549889207,0.3514265557767625,0.048158591229089,0.46215949722245797,0.035059177609164535,0.5814423768104946,0.01377088679097839,0.6995389841878459,0.07437470470260998,0.3688422005584052
10.634000,0.13322025687743888,0.027504988385128902,0.14588638082207758,0.1327912769479617,0.07880822070615187,0.23229263591085023,0.09413605632975547,0.35130968282050634,0.048886322864780604,0.46245131148118684,0.03517196701162004,0.5816650541601786,0.013675713844216078,0.6997239847828253,0.07396449500032773,0.3677217602983298
10.684000,0.13556167077762113,0.02510173498619782,0.14589788032975706,0.13103249545728585,0.08099323299115127,0.231965080650822,0.09400794617616642,0.35125723144336674,0.04986287747956723,0.46284223451175566,0.035482716430939226,0.5819774978396867,0.01376807648620458,0.6999964556899853,0.07555805454691744,0.3679315194248842
10.734000,0.13700525689309628,0.023631296871166902,0.1457480093787144,0.1292708452962348,0.08309623140607597,0.23161709319702384,0.09364942815205901,0.3511521502054977,0.05061300931416621,0.4631694104569307,0.03549176275945237,0.5822128810441757,0.013501758002613967,0.7001808414825825,0.07705267100732358,0.3681191542223278
10.784000,0.13960553091990027,0.021233613318823785,0.1453563621243452,0.12756102951223408,0.08519938288426326,0.23139328773940906,0.09326127500373131,0.3511221727054262,0.05149425198640763,0.4636189094947727,0.03569724259564973,0.5825745923950323,0.013520251814369597,0.7005075440237963,0.07654994102687857,0.3671158951284689
10.834000,0.14163081347362524,0.019731901976647058,0.14516592748198573,0.1257019450091442,0.08761249141226259,0.23099962777836516,0.09289517289904223,0.35088329337259316,0.052382444644287124,0.46383779239479067,0.035750976455148145,0.5826796800685944,0.013262057257874327,0.7005535470338287,0.07597835863980547,0.36588376447605464
10.884000,0.14429856337845728,0.017580171958838164,0.1450341109756025,0.12395491874395709,0.09030781479748837,0.23074926553546687,0.09265451963273173,0.3507263174096319,0.05350193023074579,0.46415944635845136,0.03600605189141243,0.582877154562136,0.013207423812520463,0.7006915108932739,0.07787467815589538,0.3661413111587842
10.934000,0.14604868034756668,0.016274848430242832,0.1446622512602961,0.12227586714187738,0.09282272471424455,0.23050092656657906,0.09217591570681508,0.35049918337935904,0.05438943939705061,0.4643946714730124,0.036000912478559244,0.5829773939825228,0.012870831379622721,0.7007271258223723,0.07705954573556863,0.3650245647566034
10.984000,0.14866331759387522,0.014598232482077653,0.1440881832746542,0.12068635456361544,0.09543260514144974,0.23037972134813106,0.0917352482631447,0.35032274762357946,0.055498084048884844,0.4647205969464951,0.03627473025235946,0.5831708509302389,0.012900279217812088,0.7008723166765648,0.07906630239948202,0.36536692160440115
11.034000,0.150387177666818,0.01365022628514557,0.14349778260522153,0.11925944920450236,0.09801154988405394,0.23030449696816613,0.09117323683879516,0.3501094946714917,0.05642514069466496,0.4649684073180862,0.036286986463433216,0.5832665676763904,0.012590667173502074,0.7009036555870897,0.08103059617584897,0.3656587680367366
11.084000,0.1539151385563726,0.012977131997101857,0.14327649653644137,0.11820160811303775,0.10090180896532347,0.2304708641594856,0.09080862199122222,0.35004564233902846,0.057452883241441335,0.4653166043911915,0.0362896483285501,0.5834356862027255,0.012162221090043723,0.7009851109347411,0.0805270059809671,0.36503453968869926
11.134000,0.1563527883816893,0.01256187755092714,0.14334221774823927,0.11743023667177405,0.10425491250093365,0.23088587808506805,0.09068775303418769,0.3501164621815772,0.058770349572102726,0.4657939420825282,0.03648492930391299,0.5837064522053473,0.011862158370620296,0.701153117341319,0.08282677710466395,0.3655522261992798
11.184000,0.1599812696746345,0.01243766536646446,0.14334703570763854,0.11681545605182424,0.10766215920257698,0.23138678574995836,0.09051441529268252,0.35015527853653244,0.06006646771187876,0.466228197376848,0.036611526190221816,0.5839136498262296,0.011462877535337368,0.7012488341096873,0.08233562778994251,0.36512585160687544
11.234000,0.1621428083808211,0.012525117987033993,0.14295117070046295,0.11623842421648549,0.11066894597414159,0.23181462404464773,0.09002832864650567,0.3500261502015082,0.061052408992617296,0.46647526389590865,0.0364670736560585,0.5839297712014564,0.010820377852046287,0.7011571016083904,0.08139186547317324,0.3647334042090113
11.284000,0.16590247052684542,0.013098468981788043,0.14270505739082398,0.11592796732124422,0.11395631154708775,0.23243337325767383,0.08976609446659223,0.3499698926786541,0.06231903021449263,0.46678880666068473,0.036590899023622864,0.5839982911976683,0.010448096361040687,0.7011159835799267,0.0838878958279583,0.36533647265526553
11.334000,0.16854212575997018,0.013781136450967143,0.14280251737820748,0.11588670734688665,0.11736784941475,0.23316022381837595,0.08954455037808196,0.349890100159937,0.06342539956554406,0.46701306955890637,0.03640433197486426,0.5839312542277589,0.009600535707181279,0.7008994400974242,0.08325415485932287,0.36522792621626926
11.384000,0.17203638355973103,0.01507098493481757,0.14280467969241806,0.11606736468275708,0.1208785262584435,0.23404720955292882,0.08948955146540867,0.3498691947778516,0.06483708671379015,0.4673096306663062,0.03661140453648545,0.5839428629186355,0.009244581467175161,0.7007806008079539,0.08585306128974401,0.36589991940442634
11.434000,0.17326084724868787,0.015767600795155677,0.14217368473703898,0.11626056749701184,0.12383927407729195,0.23485166912505176,0.08915845443797797,0.3497309133255678,0.06609341584740681,0.4674934030869082,0.03685143183474543,0.5838759892876889,0.009091233332331639,0.7006208880156644,0.08816108651966433,0.3664354432629713
11.484000,0.17577657155158546,0.0174282760063179,0.14145050915195093,0.11654384382930641,0.12681028289372448,0.23564742804515992,0.0888732352017417,0.34949285137174296,0.06746253356304252,0.46756732725175687,0.037239524589806616,0.5836990185699386,0.009126396919215712,0.7003594319596466,0.0873954403246522,0.3664458322720768
11.534000,0.17687842075367585,0.0185579488214186,0.14031302767756404,0.11686277512122507,0.1292992184673186,0.23635627279982918,0.08828449744965727,0.3491294640140726,0.06851887348539289,0.46749043774442356,0.03739108535493024,0.5833828913642266,0.008978665468747732,0.699970774077118,0.08629842617714241,0.36653141491390606
11.584000,0.17804793135682856,0.020201434887711475,0.13886013605154876,0.11745914159162921,0.13145346707879121,0.23723034529132872,0.08759042094150793,0.3489265098412981,0.06951344840402447,0.46755712586682063,0.037610069806449625,0.5832384745530189,0.009005294799121488,0.6997793122312098,0.08841218950166627,0.3669657107397158
11.634000,0.17897058176727446,0.021447149709777836,0.13756942375649223,0.11800636741497383,0.13392268682083175,0.2379509434014809,0.08729798971112324,0.34852280970723687,0.07103464522071343,0.4674156338210999,0.03844491011878651,0.5829054998954606,0.009743741738502315,0.6994226356892409,0.08760054477687941,0.36693099929682693
11.684000,0.18017168075695097,0.023799344508763424,0.13617338274682747,0.11850923962999643,0.1361541376018848,0.23850923805299692,0.08693508204617635,0.34795093288177714,0.0724359655962906,0.4670717774884928,0.03921391952944267,0.5823813419447054,0.010444407325652688,0.6988816216332795,0.08963401964511837,0.36728346438165904
11.734000,0.18083460566893503,0.02559533122770707,0.13494096432969285,0.11965055588267921,0.13827217803016906,0.23960430953499656,0.08630065525940571,0.3477660440851045,0.07331372662514597,0.46706122288394847,0.039240022938469565,0.5821220012450932,0.010172919233798206,0.698548387782775,0.09144575939499708,0.3678314745591791
11.784000,0.18149355974461967,0.02845508613571886,0.13354912693937795,0.12089921941902165,0.14011116419958247,0.2407196670052064,0.08565082418106257,0.347649884273596,0.074168635072685,0.4670992849814781,0.039371677053086696,0.5819434041681002,0.010102266673796378,0.6983190958510566,0.0903665588802513,0.3684338991188413
11.834000,0.18178313137042007,0.030491227994541865,0.13180290254485608,0.12227489035953668,0.141677072310584,0.24186795358404956,0.08490467494690425,0.34758878832139,0.07503829506671424,0.4671824944603083,0.03965346956220675,0.5818468486598396,0.010310673226089001,0.6982040585918303,0.0917843809270002,0.3690160366862908
11.884000,0.18255378026797706,0.033737297060036565,0.1303837274299195,0.12378932539071927,0.1433593602071523,0.2430857332653645,0.08431389625038233,0.3475540690540905,0.07592364095542325,0.46726039139217823,0.0398951434056056,0.5817241295985234,0.01040208041716531,0.6980433422617753,0.09074435803409844,0.3698634456213032
11.934000,0.182669722757061,0.03540511208759699,0.1288298123112184,0.12536885460372588,0.14464667965972522,0.2443218987183554,0.08350735833839143,0.34757877930005276,0.07646411040960305,0.4673719037169836,0.03982317517457781,0.5816410678213135,0.010172642336854582,0.6979202400852441,0.0919324317183347,0.3704076187389328
11.984000,0.18292827178635634,0.03767230994931595,0.12746135608274978,0.12586060909482977,0.14603986333219887,0.24441371562085124,0.08297471086291139,0.34650576497380675,0.07727657067499169,0.46637040194566515,0.04010761791065276,0.580468907403722,0.010363495654803656,0.6967241747627474,0.09095458944812951,0.3700922543148968
12.034000,0.18316776231626514,0.039355743394469865,0.1261517181599855,0.12718161570805364,0.14723771400937555,0.24531451027348106,0.08242587104503354,0.34630671299395654,0.07795006950337718,0.46622321394220984,0.04029224639587389,0.5801613039633389,0.010455409186424736,0.6963928106396455,0.09218837920953568,0.3704703867781426
12.084000,0.1834364783299701,0.04198273798692543,0.12502862341365698,0.12834959590176806,0.14845267234401793,0.2460412010876683,0.08201142698871944,0.3459689795861265,0.0786757842493258,0.4659226101574606,0.04055191010719336,0.5797056063402242,0.010620236532823707,0.6959127271071152,0.09141308306406275,0.3709411134860036
12.134000,0.183311001218322,0.04348025644388628,0.12378589917457006,0.12965279170050048,0.1493516390237856,0.24689780384550275,0.08150831528057745,0.3458790312602938,0.07924931359332056,0.4658577664272535,0.04075899456787155,0.5795173253706211,0.010794413777033163,0.6957159651992675,0.09239554446080288,0.37125651127456494
12.184000,0.18292486477998013,0.045651777357893934,0.12254039685326398,0.1307370550369969,0.1501989684822173,0.24750607236436176,0.08119952734240242,0.34568487416090465,0.08006917008320646,0.4656795502449942,0.041378199515903685,0.5792709618746145,0.011521268952979863,0.6954973086994694,0.0917957718182105,0.3717581787734936
12.234000,0.18274342018486672,0.04701740373692789,0.12126096110495371,0.13184405298506485,0.15066250545175347,0.24818643206042124,0.08060057763035461,0.34560986991720993,0.08037753574350241,0.4656096626207751,0.04143914762518833,0.5791164990980558,0.01160176093048984,0.6953478647194219,0.0910532008161196,0.3723180996461056
12.284000,0.18247600985818785,0.04860608409532093,0.12023313326710125,0.13276452230160907,0.15115819082781712,0.24871123770891074,0.08016136625460442,0.345455492831153,0.08073077089101809,0.46545414189927475,0.0415679562701077,0.578883740993954,0.011741037543362781,0.6951177933160544,0.09175635279331877,0.37236758364582095
12.334000,0.18236719990546846,0.049525820620185186,0.11940456752623166,0.13349572873789944,0.15153379479489046,0.2491145540004826,0.07971543575644947,0.3452505165994922,0.08088276413113092,0.4652448387335186,0.04147565856717461,0.5785897990579125,0.011598228842382985,0.6948108780105914,0.09128574107986717,0.3726300148605003
12.384000,0.18229254642139783,0.05068224588718578,0.11878187443427263,0.13416125837214823,0.15194948563643568,0.2494864922409443,0.0795038340702381,0.3451506316507678,0.0812164507018477,0.4651384099625687,0.041660245451254074,0.5784314222191443,0.011794016531151585,0.6946553800337524,0.09184414849675938,0.3727196064426379
12.434000,0.18215142627278125,0.051241753675419825,0.11821526630663433,0.134661058096615,0.1521461222599469,0.24976404248080802,0.0792295302724223,0.34506971184479,0.08133992312344875,0.4650511530844841,0.04166540056658169,0.5783027855666671,0.011799872310880921,0.6945269234296538,0.09161301585614452,0.3729035754020218
12.484000,0.1821048453303906,0.05173871917702316,0.11782181871172355,0.13499281309359717,0.15229066110375616,0.2499358376794518,0.07904354896822767,0.3449877212095453,0.08143509153871382,0.46496388768893704,0.04167778230196323,0.5781864842067869,0.01181338534811599,0.6944109127687377,0.09191383372288016,0.3729009264810316
12.534000,0.18207641662459081,0.051848147200408264,0.11761685747301626,0.13511682293660915,0.15235676800494008,0.2499782116458039,0.07891602368950393,0.34488056711908455,0.08143948632258914,0.46485403141977255,0.04161885576794844,0.5780543732134455,0.011735909184965476,0.6942740337855292,0.09194907794799587,0.37287227877150597
12.584000,0.18209357461162595,0.051765330314427024,0.11758765108267587,0.13513609147972883,0.15236201038247948,0.24998705549522127,0.07890002559454416,0.3448729701033272,0.08144144115158874,0.4648460554473578,0.04161541926121884,0.578044500579733,0.011732457530136547,0.6942641572569849,0.09208574197540169,0.37285460344356475
12.634000,0.18214148474244632,0.051550083939134725,0.11773456870400555,0.13505619575546052,0.15230891525435708,0.24996752922877877,0.07897305680301504,0.3449509586530983,0.08141100340166806,0.4649261911654053,0.04161848962911818,0.5781364197123939,0.011737480753467394,0.6943565784998145,0.09241958818859099,0.37284122360838556
12.684000,0.18226686663198036,0.050992188771291885,0.11806877498133145,0.13487779985391932,0.15217497339844985,0.24992895034591583,0.07912518065858062,0.34513256257077857,0.08131781324777136,0.4651125290748946,0.041596257885276516,0.5783476739707454,0.01171326546673429,0.6945673227574861,0.09237325293704793,0.3728906069958101
12.734000,0.1823858670036988,0.0504695189475682,0.11857506909271615,0.13461191314948054,0.15199891767663024,0.24986314457821357,0.07938255761920006,0.34539776789358273,0.08122388591100095,0.46538364002077026,0.04161815160795124,0.578659347082418,0.011743365278972046,0.6948811055521548,0.09299537070903101,0.37290043752480057
12.784000,0.18261694305478585,0.04947363232052311,0.11926663412169664,0.13425798367431438,0.1517241599667754,0.24978507580432424,0.07970020972316806,0.3457671084526598,0.08103692579823493,0.46575966318058687,0.04157716593669433,0.579086303259915,0.01169824701556943,0.6953069993691054,0.09276670632664039,0.3730146100036485
12.834000,0.18281102492986098,0.048533036863080505,0.12012827983137621,0.13383053979438997,0.15142592868755017,0.24967723666605462,0.08014065060169595,0.34620914397251046,0.08088240738525447,0.4662068514375866,0.04161761676957376,0.579601190881435,0.011751551725278503,0.6958251908073106,0.09368887536648521,0.3729153124153413
12.884000,0.18345811532355355,0.04683442551656974,0.12125692613542813,0.13295644326853429,0.15114323193113982,0.24917524005238156,0.08070465394012588,0.34632670288544365,0.08070513610602015,0.46632670288447503,0.04163435946632646,0.5797880373238828,0.011746171156690466,0.6960063499926171,0.09339375245480495,0.3727470177331258
12.934000,0.18387555352676554,0.04545612880844119,0.12273289137717346,0.1320857326672268,0.1509243421397545,0.24872724373383173,0.08150588656779258,0.34661022502273364,0.08061914731950094,0.4666069487009472,0.041780511616858196,0.5801479561685464,0.011865673543720645,0.6963594119853374,0.09474245825310963,0.3723998390436198
12.984000,0.1843558410409493,0.043084037860693564,0.12421135920206425,0.130987314707035,0.15043288601124968,0.24808740664463685,0.08220132463526723,0.34680140784099844,0.08028601406207572,0.4667861218066037,0.04171347902181091,0.5804178055069146,0.011765227900461445,0.6966206551052466,0.09416624067750402,0.3721732941894353
13.034000,0.184711734366637,0.0413522106612045,0.1257995092346671,0.1296807058249544,0.1499213987430617,0.24723126705944354,0.08302266747055334,0.34685335173010073,0.08003678171897718,0.4668161980045961,0.04179383509291387,0.5805592287069472,0.01185140609688784,0.6967635786505613,0.09562303878328787,0.37147964432355196
13.084000,0.18530282443832505,0.03865169701848485,0.12756631594246834,0.12832390688622342,0.14927521014071143,0.2463439217679681,0.08385321767324674,0.34694194809843454,0.07962031232775356,0.46686726866225714,0.04170711928278781,0.5807206383670446,0.011729138566537872,0.696915821882439,0.09489301018322077,0.371140131325332
13.134000,0.1857328258738752,0.03681064198785506,0.12949419299327303,0.12694782636228608,0.14867162951521848,0.2454055231508194,0.08485822563349833,0.3470315507472297,0.07933951846562946,0.46690458304054716,0.04180856664184909,0.5808845271324834,0.011826240477803562,0.6970785894497671,0.09414919018213389,0.3707691455825566
13.184000,0.18648303536597682,0.03410695489596261,0.1315867236419875,0.12558070692049977,0.14791817490753262,0.24446419483853793,0.08585187630358297,0.3471665540013299,0.0788689687096488,0.4669632108892997,0.04171220227603473,0.5810656854820871,0.011677136969072022,0.6972461264005415,0.09313432662638935,0.370373701011138
13.234000,0.1870218489206038,0.03251305688279985,0.1339469533636366,0.12447434483021977,0.14743167903902055,0.24371428014036697,0.08731305906550564,0.3475687529913274,0.07893343021573149,0.46727581970115545,0.042287276176730865,0.5815433102393744,0.012320014675503754,0.697741258749739,0.09516591044432406,0.36996031474653984
13.284000,0.18781774963394968,0.030029766791948267,0.13644565145047768,0.12339244329058249,0.1467824509398646,0.24294640840640275,0.0887473169692856,0.34797937096439874,0.07879987682729424,0.46756636203929264,0.042653316197458324,0.581992871880765,0.012704481383759764,0.69819557104597,0.09731710594477304,0.36958456757011293
13.334000,0.18816587781319863,0.028469869194212974,0.13886867165196806,0.12243860259183999,0.14617325772149362,0.24221607552514887,0.09028535243360519,0.34840713937805945,0.07887237214821173,0.46786317263299815,0.04329475935165503,0.5824678560783535,0.013440785840421327,0.6986949624930836,0.09654224214525939,0.3694413351863284
13.384000,0.18939457516069144,0.02651332806082052,0.14178411311163625,0.12168568949754624,0.1455865679185038,0.2416254299328265,0.09193889531770451,0.34896567039878906,0.07875409742224633,0.4682391423196257,0.04364616160501622,0.5829885773621107,0.013737765186272344,0.6992016911817438,0.0955670503182948,0.3692336980107766
13.434000,0.18990901058453888,0.025326183437847698,0.14465345316203798,0.1210678932648955,0.14499078209941801,0.2410674191130217,0.09373346396053477,0.3495694344518459,0.07884801964272735,0.4686426201249969,0.04431224555995836,0.5835655521624478,0.014443707563075586,0.6997889165857525,0.09817050248012708,0.36927246662485474
13.484000,0.1912167755161311,0.023641392194194078,0.14781001058350057,0.12073190812408516,0.14437604035055968,0.24068276408941766,0.0956157725428797,0.3503296349141557,0.07884175954787231,0.46915148680912155,0.044837095474729416,0.5842326877981939,0.01493129141790378,0.7004464687524177,0.10515690133023906,0.3698096204239731
13.534000,0.19201838793207263,0.022918529302319305,0.1512619775781559,0.12043458009757518,0.14395229428838965,0.2402117420685564,0.09782329650209075,0.3509913230533016,0.0791221067829061,0.46952513891532405,0.04568942093157577,0.5847738070924863,0.015766958763422878,0.7009833000679431,0.10845158210362464,0.37018101372857926
13.584000,0.1937599397541081,0.021738101874153745,0.15443339183654536,0.12048449438790193,0.14308006885323615,0.23994621230522573,0.09966636645640979,0.3518177924322706,0.07893643266294988,0.4700136884789418,0.04605902790713362,0.5854219908511319,0.01608128966851577,0.7016172369245854,0.11135905178322487,0.3707992362782436
13.634000,0.19540591033661686,0.02120850734375576,0.15880039949497254,0.12050610932431827,0.14310957238347016,0.2394758447296327,0.10209033467833442,0.35224739316833664,0.07901735552904236,0.47000832740612364,0.046360274911094373,0.585479168251338,0.01599495969555781,0.7015737315687031,0.10600273734081685,0.3700941068452043
13.684000,0.1963752698578313,0.020429745612466025,0.16225283971191573,0.1205978333196415,0.14226588435331103,0.2389216331871658,0.1038980591421936,0.3526226005903845,0.07857613120871217,0.46992051176365246,0.04630704688351764,0.5855003811043478,0.015702430763305214,0.7015320900124359,0.10468429600112254,0.36975313567267454
13.734000,0.19691771031348446,0.020167954009605492,0.16539583125305957,0.12087405970063209,0.14133180198105758,0.2384364792705556,0.10573760580395988,0.3530360132944362,0.07834231807650933,0.4698670802685518,0.04659325951931623,0.58559087765151,0.015889448862436983,0.701596377569166,0.10352838330295079,0.3694160516955436
13.784000,0.19771446004481963,0.020131236161230383,0.16853751507355974,0.12143905152604922,0.14025151621222928,0.23805767040147435,0.10746369377238338,0.3534914553158263,0.0778834512617429,0.46978852859374487,0.046604854905625326,0.5856403710909228,0.015734851218915713,0.7016017563550792,0.10587709947024966,0.36991930743405377
13.834000,0.19821803420637238,0.02034406264932335,0.1716647844616575,0.12222084690755575,0.13932528517002368,0.23778103376084198,0.10936209444952168,0.35398003204329753,0.07770108414821571,0.4697279496345033,0.04693710601758452,0.5857175079989432,0.01595671887086167,0.7016494518808559,0.10839383461366198,0.37065880536404716
13.884000,0.19892662976135647,0.021017795044159175,0.17475811129265112,0.12324975384901421,0.13826256732449782,0.23756543637100114,0.11113112052241776,0.35445805630239136,0.07729447860377447,0.46958877185505954,0.04699016904689379,0.5856992744906112,0.015831862049583534,0.7015835266781337,0.10706898293567685,0.3703909746385997
13.934000,0.20007815132572554,0.021908116464945462,0.17788831007609573,0.12452960102271071,0.13742618019762998,0.23750223507847032,0.11310492642414724,0.3550117096533777,0.07719674010924345,0.46951324743976414,0.04737698984584057,0.5857491390317074,0.01608175538212553,0.701596488158876,0.10600986524607502,0.3701679150463589
13.984000,0.20196104464148484,0.02354546159573876,0.18179858748878408,0.12624987945137445,0.13722019749643305,0.23766247807408997,0.11536971846973051,0.3556563616247094,0.07715914662273511,0.46941027231003346,0.04752349401813222,0.5856932379318518,0.01580454595926928,0.7014252919788856,0.10886201395828335,0.3713289366879883
14.034000,0.20282279280371523,0.024783575938757182,0.18551271582476844,0.1280943564478943,0.13704539905175586,0.23787103523175884,0.11773631000708093,0.3563073433481667,0.07737852777956511,0.46931729606772044,0.04802649116313623,0.5856721754087425,0.01599370735828129,0.7013177579517418,0.10816010439275152,0.3711524067939894
14.084000,0.20391282821360127,0.027028642418146457,0.1887607591834521,0.13017260007690326,0.1363546888783412,0.23812445876743044,0.1197337205029033,0.3569678153733248,0.07719907459895464,0.469176566804692,0.048180626271808885,0.5856150898823861,0.015860807608630373,0.7011807825489764,0.11867104286668623,0.37568308700597275
14.134000,0.20449177945660119,0.02871350688514308,0.19197749090296362,0.1325029418002236,0.13589478416802725,0.238591254093676,0.12184891068486924,0.35776639176115704,0.07726585930567634,0.4691771252194726,0.04857391321810445,0.5856965323141727,0.015989873074584493,0.7011880052804563,0.11295898423367626,0.37414648319776567
14.184000,0.2049614635573453,0.03134153219285405,0.19466865561334523,0.13485332528224073,0.13504670322539283,0.23899372471227995,0.12358857464887732,0.35844543583238125,0.07702767673223437,0.469044182593798,0.04869322288217673,0.5856510379884011,0.015882229660100777,0.7010782389584505,0.11179659755420081,0.37403211023884586
14.234000,0.2052235801397049,0.03323774964967199,0.1972260281407471,0.13732546558610798,0.13434618700400203,0.23953175491615702,0.12538476280728847,0.3591966740711297,0.0769994552707238,0.4690095240231823,0.049042520117322325,0.5857074664935973,0.016054642253246543,0.701084240213548,0.11087872141776184,0.3740100631201392
14.284000,0.2047002177044796,0.03565810275308679,0.19929257233848038,0.1395378764578156,0.1333125509641503,0.23977078911350444,0.12684979173572714,0.35959663249871127,0.07672661070149794,0.4686272095080695,0.04918348622733609,0.5854235120784734,0.016064465889947893,0.7007627096299941,0.11258046772628152,0.37532275615924143
14.334000,0.2039704631330317,0.03732284420148089,0.20079912977460718,0.14178708033466586,0.13206998633539127,0.24015529086073817,0.12808905800952303,0.360089240223141,0.07646296179046208,0.4684162737335878,0.04943701128283351,0.585333329799656,0.016321083941501918,0.7006734154434587,0.11133851019038343,0.37516068559694243
14.384000,0.20247289777291655,0.039722327597838614,0.20187244334227433,0.14384391029740506,0.1306004571495889,0.24038563176615488,0.12912625737148992,0.3603765761536971,0.07613537341161075,0.46804256993609167,0.049704822478543714,0.5850956603582353,0.016683233222791305,0.7004627901787541,0.11247522972202156,0.3764233575274274
14.434000,0.20159211630713925,0.04133644369571035,0.20283022765774286,0.14587099834832454,0.12928793215881423,0.24069468090046042,0.13020466355755145,0.36069117919746313,0.07600833231023355,0.46775544811726183,0.05019161837701194,0.5849454531590326,0.017316862289879498,0.7003545100489122,0.11142757501267908,0.3761847057466647
14.484000,0.2003664702508486,0.04372390379994315,0.20372529526288458,0.14784470793491783,0.12799948180034765,0.24093391877826453,0.13114311849629154,0.3608927348291237,0.07574364135266642,0.46733942539399276,0.05045450530641096,0.5846444107869161,0.017660494987693537,0.7000764379163736,0.112409639093843,0.3773380677995129
14.534000,0.19961480281565497,0.04527150295171754,0.20455924893448638,0.14974819763315372,0.12689433394507643,0.24122585053093915,0.13210696423331736,0.36111258243017025,0.07563995773059494,0.4669968455509075,0.050864939221299615,0.5844114888364195,0.018175059843563296,0.6998730486139882,0.1133029729878832,0.3784212318877024
14.584000,0.19858798164297167,0.047490586764383086,0.2053240357760929,0.15155602384188743,0.1258284938643615,0.2414473961540295,0.13293309776149875,0.36123689737790454,0.07542215222761466,0.4665577934232697,0.051080127427152955,0.584062967048152,0.01843826529015552,0.6995381108507438,0.1123333093534302,0.37808489364649017
14.634000,0.19717163386648542,0.04888502185716338,0.20561664705655838,0.15324487114004293,0.12458748309020304,0.24175630874474263,0.13349921046810084,0.3614249392002084,0.07515302705715718,0.46628543167169806,0.05130857523918378,0.5838925833143387,0.018816566235275334,0.6994099817913175,0.11133598559490725,0.37789491983567175
14.684000,0.19602251016773434,0.051100540364683304,0.20578462938896552,0.15497707831642807,0.12334531904154543,0.2421766202271614,0.13387617912043986,0.36171364790477567,0.07473702460187644,0.4661289743795298,0.051314269955995334,0.5838208371602625,0.01892559955004719,0.69936725220346,0.11162675750324595,0.3790062214652596
14.734000,0.19530753884121255,0.05184697173037734,0.20610071897150106,0.15635816089816837,0.12246667272454288,0.2424124826166838,0.13436058261638037,0.3618215898640293,0.07453611660170976,0.4658457854171649,0.05145848961962274,0.5836058089059489,0.0191438475233838,0.6991729491586233,0.11092927894621242,0.3787473859496455
14.784000,0.19406751303057912,0.05338460991056749,0.20627233919197335,0.1573418061946533,0.12160458044218352,0.2423792722216181,0.13473637110669692,0.3616585917784501,0.0743247675014868,0.4653429114697463,0.051579120337506945,0.5831675079472678,0.019354268453889878,0.6987597175510221,0.11123371310163035,0.37920140241759015
14.834000,0.19354240705647768,0.05441060157812549,0.20628390306030842,0.15851124929717916,0.12078063868528804,0.24270858762337189,0.1350332494391079,0.36185917757868885,0.07417074050609762,0.46527946091991373,0.051768947055103404,0.5831699170653498,0.01967880608653788,0.698799596873856,0.11064692131976941,0.3791842343195465
14.884000,0.19291914386414677,0.05563151091393378,0.20642655448162006,0.15957013350256977,0.12018191374300842,0.2430079063867245,0.13525621414772515,0.362057330859539,0.07394577745740845,0.46521270082563754,0.05173298350184344,0.5831389141316181,0.019662691934403398,0.6987741008127464,0.11079330719880273,0.37983062098968856
14.934000,0.19263000743054928,0.056236030543588486,0.20654789727408301,0.16039393909841498,0.11975640347681858,0.24326273059702064,0.1354586780863846,0.362230955649283,0.07382029227144479,0.4651907021239544,0.05175957242794002,0.5831454588741016,0.019713784295221554,0.6987874385482359,0.11081641178960304,0.38022749130140576
14.984000,0.1922935079033457,0.05677408915808153,0.20663346670242616,0.16095299863321028,0.11946270805882377,0.2434227435107683,0.13558901180144312,0.3623342329538859,0.07371881354726352,0.46515484646223676,0.051755123302173967,0.583127709065416,0.019718753177640214,0.6987722981694166,0.11049521459177418,0.38013099193225586
15.034000,0.19220133976152848,0.05691332129446642,0.2066174918522485,0.1612209049234465,0.11926284971665428,0.24349584945312835,0.13564682747360188,0.36237210979496365,0.07367668740055416,0.46513251919141774,0.0517940807094209,0.5831204487622056,0.019790946830680972,0.6987742399752025,0.11031513756076332,0.380079682841092
15.084000,0.19227194924402274,0.056805899952090816,0.20661679577870629,0.161256487803616,0.11923933146188602,0.24350719436327295,0.13565271532186501,0.3623793981380199,0.07366954110877413,0.46513194610871317,0.05179528987904761,0.5831214250173803,0.019794842006281538,0.6987759594548261,0.11028316681957323,0.3800650485586828
15.134000,0.1924592107791258,0.056521015934461676,0.20661338142582003,0.161058700750935,0.11937276708262103,0.2434545453610922,0.1356189246199361,0.3623497192129888,0.0737163181904137,0.46515082483560183,0.051797907177139585,0.583132108345543,0.01978645560357689,0.6987835976059649,0.11034688916507951,0.3800317316847738
15.184000,0.19294787132190142,0.055782683320564914,0.2066049951995309,0.16061165388535015,0.11968569226149231,0.24334637922341734,0.13555275329063343,0.36229273845436405,0.07384196356189979,0.46520910465068893,0.05182842102963858,0.5831726750662215,0.019798160539064802,0.6988189565148959,0.11026934565225494,0.3797159226204502
15.234000,0.19341176429195228,0.05509189879366136,0.2065913816722587,0.15994160410457647,0.12014081774870099,0.24316599955025542,0.13543420813311366,0.3621874774882725,0.07399648442663383,0.465267088012208,0.05182968498333326,0.5832019556402359,0.019759260129479456,0.6988371053555942,0.11003540968055428,0.37913028051867403
15.284000,0.19427502853713413,0.05383496656282267,0.20657357141278107,0.15904161061429078,0.12079000952866727,0.24295335300160095,0.13529999866384118,0.3620728737162891,0.07425572092529324,0.46538597141149424,0.05189067961679497,0.5832834053414537,0.019778941713536474,0.6989070892856717,0.11045029241777667,0.3790994900532271
15.334000,0.19497549047556895,0.05284944368564271,0.206553490355877,0.15798438682990196,0.12154035791144367,0.24267657839432608,0.13511261204022648,0.3619065826628139,0.07450997335245844,0.465479359897374,0.051891805776535266,0.5833284943681347,0.019710573009044274,0.6989328552615048,0.11098661363454652,0.37911277474466015
15.384000,0.19638462323990827,0.05123972858910528,0.2066031347952958,0.15683593902267573,0.1225775278691856,0.2425079728424668,0.13498024967840572,0.3618653039590468,0.07494471609836509,0.46576782898647007,0.05201949610837825,0.5835576175439218,0.019761888702455543,0.6991406905450807,0.11088151806021285,0.37841060292242074
15.434000,0.19738617521865306,0.05009828504197849,0.20657838611717277,0.1555206501657202,0.12368252399060536,0.2422862887196838,0.13475874568665533,0.3617740174053164,0.07536554048860146,0.466045044897671,0.052091368514923464,0.5837663807651953,0.019745681064663928,0.6993248356844738,0.11051163548948623,0.3775944211443914
15.484000,0.1988314542533634,0.04828112148348006,0.2066016100010596,0.15427709262240383,0.12504704814986012,0.24230466433244793,0.1345830358784309,0.3619251680065402,0.07594882823497334,0.4666248799402173,0.05227609905437691,0.5842667172721108,0.019835654551373233,0.6997986070705611,0.11150910730342158,0.37790404929272475
15.534000,0.19944546869147864,0.04691572935495873,0.20615293748319158,0.1527208670660925,0.12608297945971175,0.24210096452687213,0.13408004589941017,0.3618341968742525,0.07631291096065566,0.4670147945192628,0.052298725957457715,0.5845874057798455,0.019833719685705048,0.7001123960104223,0.11235235959471143,0.3781778209226547
15.584000,0.20049055574528202,0.04468232966836488,0.20547081459487002,0.15100897518147582,0.1272061680345316,0.24197405144026068,0.13349071421433345,0.36180937377599104,0.0767988076618577,0.4675733928535539,0.05246105986085506,0.5850794524078373,0.020038476140766703,0.7006163558842311,0.11346710901848016,0.37861964864669834
15.634000,0.20121228523870635,0.0431921871939066,0.20473005116157356,0.14921521386127398,0.12837204099745048,0.2417865608524115,0.13279558357260304,0.36170500093181773,0.0772047897278109,0.46805190328303253,0.052477866518201244,0.5854766846053159,0.020053806072815622,0.7010131736649794,0.10831748643480046,0.37466584236948636
15.684000,0.20272960952901614,0.040744012539302724,0.2038825116218078,0.14733665241543525,0.1297339861053131,0.24168704278926803,0.1321183077943882,0.361663352992866,0.07780800102274427,0.46866985082528323,0.05269023302797812,0.5860116495628216,0.020308377854519388,0.701559974758494,0.10905768893402282,0.3748962179318201
15.734000,0.20428383813511125,0.03922008770993941,0.20343930035307192,0.1452932099492158,0.13153124542763928,0.24136210000650954,0.13153031050765354,0.36136210000286545,0.07841127264255243,0.46896492439091697,0.052674758520670245,0.5861725685138754,0.020139327536007084,0.7016777447210144,0.11336451954909328,0.3767908845534158
15.784000,0.2073506464285805,0.03694746322625834,0.20343852875967827,0.1433563222955122,0.1339501487830319,0.24118967575035993,0.131287368891543,0.36116012879297144,0.07940479456141394,0.4693645579115553,0.05292729741316149,0.5864070379979082,0.02015624195203497,0.7018455840904667,0.11307349421827759,0.37554180020820255
15.834000,0.20937125097040504,0.035539701362814105,0.2034997022288487,0.1414741431276403,0.13650909892109742,0.24103447191608607,0.13096353057749976,0.36090626456033736,0.08029363992626701,0.4696838458047836,0.052946196130560896,0.586526121192764,0.019834412123678785,0.7018673963716071,0.11490136306489084,0.3758778209769419
15.884000,0.21221560860640334,0.03355153364230987,0.2033827144196272,0.13960608651547213,0.13913952427925558,0.24096097056447519,0.13065566567571238,0.360660695473073,0.0813487413685591,0.4700628308058369,0.053174987263634704,0.586708617612027,0.019790910247912297,0.7019713756989665,0.11449004119557835,0.37464383834101717
15.934000,0.21408549885806288,0.032380344244308266,0.20308808031087203,0.13781190887616976,0.1416301369153416,0.2408794653310985,0.13015859898545307,0.3603298894304773,0.08220019002403195,0.4703298485663276,0.05316240789861493,0.5867635516305033,0.01947125720292761,0.7019369268732236,0.1137756541816284,0.373424889418228
15.984000,0.21664205549639928,0.030789015539947312,0.20262576099834378,0.13612779212867776,0.14422311010812044,0.2409568452055459,0.1297081513671377,0.36007576046565914,0.08325787668523643,0.47072101333253785,0.05340068278903909,0.5869472925151941,0.01947323959575281,0.7020512828820199,0.11571662586602922,0.3738996589744412
16.034000,0.21832559378084532,0.029913305452365185,0.20202471798226043,0.1345342455994893,0.14669124501819436,0.24101526160578582,0.12908213482994124,0.35971622722265173,0.08410526237696314,0.47096855728520903,0.05337771487483256,0.5869677720433452,0.019163851969799223,0.7019869512488826,0.11757318772160348,0.3742868053880483
16.084000,0.22154020988361117,0.02962318749160029,0.20176669781819292,0.13350636122297893,0.1494224065431688,0.2414881889755875,0.12858288210827867,0.359664811949215,0.08495361188633879,0.4714524980392004,0.05321546926743151,0.5871792896741226,0.018575298110244498,0.7020707973628045,0.11694761509664284,0.37364548519389984
16.134000,0.22359824663898037,0.029406196187402048,0.20149197282734765,0.13267883516936452,0.15242027300048477,0.2421866808833467,0.12825938159042616,0.35972923199949736,0.08613275263981238,0.472091801968262,0.05340317977809611,0.5875421162031803,0.01838641805802599,0.7023194066194731,0.11904936722084312,0.3744004030892583
16.184000,0.2271272088944858,0.02955001853054656,0.20124814975078023,0.13203160723061477,0.15542562877864455,0.24293830932196994,0.12792142264625908,0.35974378284095904,0.08724433589716571,0.47263919733029697,0.05347513750822236,0.5877897129181984,0.018029074110849835,0.7024351515086846,0.11050248405236805,0.370641067042854
16.234000,0.22956492884617125,0.029896962676668568,0.20104042028743802,0.13143735797178208,0.15852965160134536,0.24365515756577463,0.1275137873533871,0.35957761511801956,0.08825597427579934,0.4729743704171248,0.053332384026877205,0.5877800446851041,0.017359571440551808,0.7022612953536267,0.1206066302665652,0.37460041300119507
16.284000,0.2333942580195917,0.030856400913706394,0.2011170554352653,0.1311978255154183,0.16199632094830163,0.2446419445044628,0.12740257887905104,0.3595474404985454,0.08957266390973243,0.473428507991848,0.05344963433114508,0.5878624484730904,0.01691460349455637,0.7021655172060405,0.12015147033824394,0.3743223527525166
16.334000,0.23575579388153725,0.0316989667054022,0.20114529866798767,0.13115326045883782,0.16529654108928585,0.24567341842268042,0.12716419078103677,0.35945357424947216,0.09066063295645932,0.4737666980198763,0.053294768096982525,0.5878008689657085,0.016136579380284788,0.7019028803909868,0.12250496246304494,0.3750999152921725
16.384000,0.23847430468393924,0.033097243980336206,0.20077382178218367,0.13121375108991135,0.16847184865555098,0.24678443306473696,0.1269629559451495,0.3593766700349489,0.09200120625215802,0.47417072936906524,0.05356220649208304,0.587847654456987,0.01595808291478834,0.701803478748611,0.12186074274471898,0.3750074496113652
16.434000,0.23931463745139916,0.033809086189699196,0.1997048328118735,0.13124195833886115,0.17106211227583729,0.2477734757879707,0.1264764827812435,0.3591831775304987,0.09319852339559517,0.4744766180127245,0.05389412198735952,0.5878572337698408,0.01603267837213515,0.7017278229788375,0.12402133886014859,0.37573555974892575
16.484000,0.24110087393060456,0.035475723281962815,0.19842404316920942,0.13122209681862068,0.1735739504700276,0.2486208740389909,0.12597615977438814,0.3587773551051133,0.09447226880076395,0.47456813562547306,0.054359822869917945,0.5876654020885927,0.016303009383464545,0.7014708454875982,0.12301956005367738,0.37555325399401934
16.534000,0.241586841074086,0.03655326054994757,0.1970242152198078,0.13155734809071473,0.1758032927979553,0.24966607956961104,0.12527374175667494,0.35850892256608957,0.09543203123994651,0.47473917815139005,0.05448378773360524,0.5875365245463043,0.01618078426946537,0.7012593451480412,0.12493098960097691,0.3761992414901786
16.584000,0.2421688858531588,0.03835225522265014,0.1951986619320185,0.13186166543527525,0.17786930506320037,0.25060379523979287,0.12464881839119789,0.3581564790668141,0.09670889153820583,0.4748584948482447,0.05514646414967214,0.5874309809608504,0.01682047037777601,0.7011460556053166,0.12375484232636244,0.37621432834010105
16.634000,0.24269400967556426,0.039814783986056625,0.19342563700459367,0.13225949019670258,0.1797771779801911,0.2514807951981958,0.12394842025187484,0.35770296713283856,0.09777262989746366,0.4748132911838025,0.05555947717349982,0.5871433839332664,0.017147533357231237,0.7008294541980779,0.12561577515774364,0.37670789544241684
16.684000,0.24351102524024607,0.04231642722560076,0.19182561858613265,0.1330668965635167,0.18181959181794555,0.2526489998579239,0.12340896840028388,0.35747361086106616,0.09896495208886119,0.474957610054858,0.056081394379311755,0.5870334793495982,0.01755835382372503,0.7006819520465625,0.12452432414037432,0.3770345814968648
16.734000,0.24404574292095257,0.04411187601436123,0.19031048707558923,0.1339668827946017,0.183684181204763,0.25378379341453966,0.1227753176354941,0.35717678320930374,0.09989340395693444,0.4749749921362943,0.05629051604578256,0.5867729713926636,0.017576843956861682,0.7003566480077101,0.1262465529906695,0.3776229030025303
16.784000,0.24425391684425218,0.04684170346461854,0.18862776797513028,0.13499149740522198,0.1854907472447088,0.2549504866477536,0.12229618506129478,0.35696248256171,0.10111254277651385,0.4750779061913756,0.05695359725627877,0.586657418336432,0.018204770488172345,0.7002291068157581,0.12521932581619938,0.37814641727985926
16.834000,0.2441054129164124,0.04848321414313927,0.18696747085217225,0.13614486758902689,0.1869448159508301,0.2561448651232313,0.12161947687610403,0.35680568190701456,0.10191429656497267,0.4751767334678133,0.05717331674310433,0.5865241390201966,0.018316568912655234,0.7000589493119422,0.12670366580000308,0.3787303089727372
16.884000,0.24413102414608623,0.04926433645620079,0.18496959925504738,0.13599423866425714,0.18820677004826133,0.25595056707127706,0.12085034109729094,0.3552637659862984,0.10275356092089596,0.4738913620470797,0.05752968717196019,0.5850435156165252,0.018670225894673126,0.698577397208051,0.12539007117111012,0.37757033628078973
16.934000,0.24394343528906082,0.05102836891732148,0.18318377411154702,0.13602385198853856,0.18930734702079322,0.2558675078686886,0.1199908648541665,0.3538227287605385,0.10325823306108212,0.4726504150682849,0.05746927817710179,0.5835709794854745,0.01848562667946349,0.6970622783409833,0.12399026125186936,0.3773648154486531
16.984000,0.2439855749005243,0.054091087128316485,0.18117279365106478,0.13767803467030942,0.19056969869880766,0.2573095446310769,0.1190910121692052,0.35369832702810566,0.1039208722090828,0.4727355768853796,0.05751479213149863,0.583399372825296,0.018410630688948798,0.6968492056055822,0.12639591509050346,0.37801316751520486
17.034000,0.2441511753520061,0.05616759042606095,0.17987849525659608,0.13914358181461928,0.1917635875305304,0.2585535670823024,0.11859483056378592,0.35366577977832536,0.10459226779608977,0.47284601402853105,0.057665453988473586,0.5832900004916464,0.018423706602399642,0.6966923164384007,0.1275304151965543,0.3785693122961549
17.084000,0.24437316673723256,0.05920326396368193,0.1787100451149724,0.14064450022861347,0.19279005612554118,0.25981560952083166,0.11807159140965182,0.35371529551869557,0.10507486502398947,0.4730094072897932,0.05763033163246592,0.5832319832498042,0.018215257383772082,0.6965741727556098,0.12643994001993036,0.37940435979598897
17.134000,0.2440151958440895,0.060753882649475746,0.17733588701025776,0.14187925158780654,0.19351232309514557,0.26078393154289464,0.11752095372364535,0.3536564882030098,0.1055584235611425,0.4730587405756345,0.05777010682466946,0.583132701088539,0.01832320006248772,0.6964638157323101,0.12264864942353731,0.3798059606190459
17.184000,0.24381544916754305,0.06299587053303166,0.17609349968697613,0.14303594572754277,0.19418265164245824,0.2616647052318516,0.11701139082134315,0.35355919093844046,0.10598486396840406,0.47305151581983534,0.057860174290685185,0.5829788292747834,0.018364227950932926,0.6962928629278425,0.126266624605474,0.38042405537358776
17.234000,0.24357949692464215,0.06434158293679779,0.17497601297591436,0.1438965717642286,0.19476972530613626,0.26225285149702693,0.11655650955548094,0.35326215257082616,0.10636712770005152,0.47282877206558405,0.057943424106057434,0.5826246960802808,0.018404628419629754,0.6959237853778868,0.12546312251350594,0.3807402603734512
17.284000,0.24327726904553745,0.0661659531663585,0.17393590293461775,0.1448161647772036,0.19516332697553862,0.2629237279075422,0.11606801422393787,0.3531674617660569,0.10658027640354853,0.47279180222840406,0.05789539871575236,0.5824721682221603,0.0183121105991417,0.6957557208760093,0.1260055726118693,0.3810034349598239
17.334000,0.24311063673049416,0.06719373984926118,0.1730759439237004,0.14560355252559132,0.1955349048083284,0.263483131231925,0.1157112458900833,0.35308326224133607,0.10683720797952637,0.4727546934651749,0.05794796293440502,0.5823441168550171,0.018344410393843408,0.6956205867248314,0.12641539971381777,0.3812293555654093
17.384000,0.2429136649535772,0.06842912130925287,0.1723828261892878,0.1462547915898574,0.1957980066398521,0.26394816151555656,0.11538796545510432,0.35302242983512855,0.10698238957764727,0.472727677398334,0.05791514478665957,0.5822375193698267,0.018278728592219157,0.6955024941469444,0.12579534615265092,0.3815543041978098
17.434000,0.2428180208519162,0.0690373025068386,0.17187054030684004,0.146746637356107,0.19601955275672103,0.2642916295833194,0.11517644562286597,0.35297303704251565,0.10713686021476551,0.47270342193484716,0.05794538165355029,0.5821575147635829,0.018294848389662333,0.6954175483671861,0.12601825172861467,0.3816954361974306
17.484000,0.2425237074138958,0.06944923867119338,0.1714035693664604,0.14699882748962156,0.19606150267144204,0.264438115312998,0.11495223589305917,0.35287615487309765,0.10717971854860658,0.47262417353344766,0.057929433517396156,0.5820518182259206,0.01829357800377071,0.6953169892025247,0.1256252694195419,0.3817987056417598
17.534000,0.2424758520721019,0.0695398812616647,0.17116859429512127,0.14706315620133406,0.19607857303062037,0.2644492412338612,0.11484537414800644,0.35277345874652616,0.10720819849270055,0.47253018527106133,0.057935108329736085,0.5819475631672558,0.01831217854527259,0.6952172565330157,0.12511241786641625,0.38180225860967243
17.584000,0.24250872114206426,0.06946354790934656,0.17117432443669894,0.14705528507887317,0.19607666903349197,0.2644429898591267,0.11484667657419662,0.3527701562631254,0.1072051502958298,0.47252660525914036,0.05793230431329391,0.5819440931152446,0.018308570298324695,0.695213505149932,0.1255723073295592,0.3817648270731687
17.634000,0.24260508407658485,0.06928090306497718,0.17139271331036326,0.1469926781638945,0.19601791568582783,0.26443883352014685,0.11493786479680451,0.3529036590036867,0.10715274227788424,0.47265085883468183,0.057916190469260664,0.5820846834320001,0.018288237380512468,0.6953526194686197,0.12542216685027846,0.3818087083368757
17.684000,0.24277973114522036,0.06874097345014693,0.17179109950565757,0.14684565851019643,0.19591434378593675,0.264395941731437,0.11512295764890956,0.353124471112114,0.10708444307297013,0.4728549279032429,0.05792725647485722,0.5823244259643845,0.018303877473566904,0.6955939621889143,0.1256822814954173,0.38187277561368294
17.734000,0.24293620504110233,0.0682271193377492,0.17236015924695025,0.14660747238845262,0.19570707070979262,0.26431440389694955,0.11535976811799722,0.35344526817090494,0.1069285134722282,0.4731487098302747,0.05789108679059993,0.5826719073020612,0.01827219169958244,0.6959430119659026,0.12535028135722576,0.38194902793405017
17.784000,0.24322673101808528,0.0672914321539638,0.17310670866147093,0.14630426126957577,0.19547368232672022,0.26420132861672296,0.115709143070122,0.35385409364481546,0.10679073347535556,0.4735222262879712,0.05792071237121155,0.5831202237025248,0.018322080060244383,0.6963984136558463,0.12589220858933958,0.38204519508782414
17.834000,0.24349402684648525,0.06637340811907046,0.17402173682524963,0.14589063647638478,0.1951541572911637,0.2640152351058493,0.11609688498733045,0.35429229581072497,0.10655451233117791,0.4739122904755857,0.05787065556879545,0.5835931096264914,0.018275651072619442,0.6968725676872237,0.12665362827179127,0.382048877948067
17.884000,0.2442281534977678,0.06458631576647654,0.17532246542181998,0.14504651217749553,0.19499644347587675,0.26342275382880975,0.11675665399951793,0.3544092107476994,0.10647048749863941,0.47396754286516174,0.057988177162760085,0.5837376006427277,0.018381321821167668,0.6970129157380692,0.12792503233253688,0.38188438038045863
17.934000,0.244871742468733,0.06320903723374056,0.1768686050785756,0.1441382648099668,0.1947681295592466,0.26279578468698805,0.11750726222099356,0.3546149459668456,0.10631052905787641,0.47409144225994004,0.058055637338797345,0.5839616630896908,0.018418860935530607,0.6972265118131854,0.12954043678566804,0.3814528639190171
17.984000,0.2458244666760522,0.061009985051611135,0.17864846246418337,0.14322656046302268,0.19451799185477928,0.26217259039643814,0.11837961874230563,0.35492466929381766,0.10614245446475096,0.47429908787017827,0.058143005219607885,0.5842811449166024,0.018468216850994673,0.6975326842787927,0.12714578754272882,0.3812156592880796
18.034000,0.246531196701413,0.059378668377981975,0.18061111743006414,0.14210346172206162,0.19414911322670103,0.2613373607181529,0.11926292556379767,0.35510334014201583,0.10581745104264739,0.47434770778636653,0.05807379208123792,0.5844410455910519,0.018322440907737964,0.6976657340643753,0.1285916754803087,0.3806849364246294
18.084000,0.24767308147108077,0.056847195799027944,0.18274718102879933,0.1409621012450143,0.19383118137237923,0.2604491086407278,0.12031874201256376,0.3552959391590391,0.10562178274170719,0.4743925360381721,0.05818114962804505,0.584616790763595,0.01837967308721411,0.6978238685686938,0.12802088656310112,0.38030139311701244
18.134000,0.24848481029689456,0.05512787417722168,0.18506481857411444,0.13982769590735616,0.1933815631778507,0.25953914798774813,0.12137293431116686,0.35553267573175806,0.10524794269320853,0.4744443431379496,0.05810236029951191,0.5847951204834633,0.018203417048835574,0.6979678836708983,0.12719087653276984,0.379873514008573
18.184000,0.24978601958099855,0.05263162094537596,0.18754377719020165,0.1387238207384615,0.19299707583290032,0.25859984642297146,0.1226120414604493,0.35579010795358307,0.10503215820821349,0.4744954056653435,0.058230423127852454,0.5849924535601525,0.01826500673371803,0.6981417597553008,0.1290395005132146,0.3793770264007536
18.234000,0.2504150106869725,0.05119711348653233,0.19008117124596707,0.13804602896986853,0.19247734025245483,0.2580221031433979,0.12393577440618184,0.3565211069521934,0.1048382585082242,0.4749917146425666,0.05847090297804386,0.585671741481789,0.01849388343591238,0.6988169486649618,0.13466458411902074,0.3796864782536209
18.284000,0.25197580263302854,0.048875610786790466,0.19295882102020348,0.13730277447960038,0.19218371170464002,0.25730027107259174,0.12555747593275,0.3571048034691631,0.10488242340042034,0.475310311800967,0.058950215346969925,0.5861716317496273,0.018947096637011468,0.6993076140576967,0.13053113054766802,0.3791880718131924
18.334000,0.25247898424659876,0.04756267314546298,0.19571696991699872,0.13668220833121691,0.19156083923317996,0.2566102141419454,0.12703876711834516,0.3577877917469071,0.10469705328176793,0.4756896484873506,0.059254698036772635,0.5867526592055352,0.019245778297450056,0.6998865901957219,0.1367775410361125,0.37961235750540057
18.384000,0.2532628402576133,0.04603982163808806,0.19834965920962294,0.13658738640911783,0.19086623201803962,0.25635381875753477,0.12861931624057696,0.3589468081680854,0.10469757846984953,0.47653826390373155,0.05986449304892044,0.5878486158555589,0.019960306572038372,0.70101953041234,0.13197367223052164,0.3795126047594081
18.434000,0.253809507944621,0.04513312938564462,0.20110851082841857,0.13664798133637454,0.19001356583032514,0.25613397296504953,0.13013902309797679,0.3601293533076005,0.10445989474595471,0.47734958350307427,0.06019348459800253,0.5888865053389098,0.020317952166811926,0.7020675192649612,0.13090243861081408,0.37959969114251646
18.484000,0.2546559889769625,0.043961569268338704,0.20397817080883973,0.13682159999379406,0.1892831935437529,0.2559184414429914,0.13186686216600568,0.36129094682802976,0.10445428884189248,0.47811795921707,0.06079433087189823,0.5898936635094534,0.02098140054805442,0.7030967137290862,0.1334076338442316,0.3803945236598897
18.534000,0.2552003996480593,0.043342020653271265,0.20689560654756303,0.13717579014415934,0.18835658136924932,0.25573507719260963,0.13348645408831933,0.3624555959890165,0.1041837466197642,0.4788229081304078,0.061088987069929684,0.5908177370259505,0.021267894105207213,0.7040179161560867,0.13226862856297344,0.38041909194400436
18.584000,0.2567717221250713,0.04249171728616372,0.2102238675828848,0.1375827385405707,0.1877708640715633,0.25546345211633187,0.1353995199933809,0.3634321620250853,0.10412744043367272,0.47928576378160787,0.06151588038538802,0.5914653294352925,0.02160253159783579,0.7046330129344383,0.13939494512971762,0.38216191004796624
18.634000,0.2582393032512074,0.042101969167544176,0.2139408369985024,0.1379278206177667,0.18749512999737256,0.25497748777143164,0.13754284904569533,0.36408646828037683,0.10420507012358043,0.479362625816793,0.061970301985785375,0.5916845932155724,0.021857895046853648,0.704781873507931,0.14233734828319566,0.38275620689051393
18.684000,0.25926584784081935,0.0419026135963761,0.2175759846494339,0.13869124137817102,0.18693007219032565,0.25471205006702324,0.1395181000075219,0.36494863606919636,0.10398617562728951,0.47956749293679835,0.062116375959670816,0.592026018072893,0.021762608369728376,0.7050374044076126,0.14530085262714837,0.3837432340450586
18.734000,0.2596890767297196,0.04164485433322452,0.22039909983742223,0.1394936032317575,0.18564787025718316,0.25435156787747354,0.14101566327379156,0.3657426182346764,0.10340425102704306,0.4796960370894801,0.06206168896319961,0.5923494549776573,0.021614231652757165,0.7053273430664839,0.14759968391758066,0.38476725601361034
18.784000,0.260664672735558,0.04171754208777802,0.2237648954046711,0.14046078484166383,0.18509608351538817,0.25405974164589074,0.14303971568106327,0.3664486286606289,0.10339668834308327,0.479711289690099,0.06247582256570716,0.5925185711217217,0.021862343144417068,0.7054368835837813,0.14616655404582973,0.38459470241914107
18.834000,0.26159414242918766,0.04211797637399993,0.2269149681927935,0.14155433017333235,0.1841366168936962,0.2536703979785317,0.14492400015401546,0.3670827901075036,0.1031618567267791,0.47958133843748807,0.0627452444084905,0.5925702646591007,0.02200378385829474,0.7054424640362574,0.14923857981375901,0.3858534102992909
18.884000,0.2625302572906603,0.0429288946530833,0.23014219691228108,0.14298256590313482,0.183398730625746,0.25350427578239026,0.14693630700153895,0.3678305267394967,0.10309992228036363,0.4795371575801063,0.06314080940279479,0.592688690037104,0.022242769469413864,0.7055042489349992,0.14784073389284846,0.3857066420710752
18.934000,0.2633606189601368,0.04384089624050463,0.23347013311483059,0.1446655297738812,0.18268776764785238,0.2533906481110354,0.14892615432593082,0.3685433878338214,0.10291426650795907,0.47937166120868047,0.06332055135600903,0.5926515699315403,0.022167457009951097,0.7053743397056449,0.14675975968167138,0.38555331605585896
18.984000,0.2656988318985569,0.04559535132831519,0.23729124279050204,0.1465800751199714,0.18255412764566553,0.25336887708112943,0.15129968622284967,0.3692272384110312,0.10308341982331873,0.4791144153388368,0.0637230885388651,0.5924756270466313,0.022203850408308995,0.705064049469792,0.14932488865445792,0.38685577891450595
19.034000,0.2667135602250436,0.0469879199598869,0.24117498803454618,0.14889456637657578,0.18238736781756398,0.25350821609994567,0.153497841024247,0.36997879281728374,0.10292863615911255,0.47880321801294473,0.06363866109500385,0.5921888337645725,0.021589175838954616,0.7045802960278781,0.15185077640514322,0.38844757426171145
19.084000,0.26790868150563363,0.04935259373272404,0.2444150795068824,0.15135011365786483,0.18201316983340105,0.2538489022569579,0.15563354784714062,0.37091348076296615,0.10303276593325011,0.4787705980102814,0.06402913620226408,0.5922550324831548,0.021687284522291878,0.704536676558699,0.14729569679973864,0.3865826154370401
19.134000,0.26820030290925084,0.0509651363913423,0.24722102266556553,0.15381155361369,0.1812998558507231,0.2540831835057319,0.1574429578684708,0.37168781102458914,0.10284374276822739,0.47854718454711476,0.06413436843187267,0.5921323259078467,0.02150988636092016,0.704306982261513,0.1495759464335611,0.38830723884741525
19.184000,0.2681793068125211,0.05344243484122061,0.24959142369144333,0.1562744300685617,0.18049858730576485,0.2543875278093635,0.15918938781205316,0.3724803641937535,0.10282098455794997,0.4784171524797439,0.06451968806972422,0.5921405479887049,0.021751479743114893,0.7042604853606923,0.15857937180204748,0.3937053539756781
19.234000,0.2682191320048578,0.05523232915007986,0.25168160180019133,0.1587985605629551,0.17950407698179116,0.25466516011429174,0.16069250317261594,0.3731815078910945,0.10256805882866188,0.4781650731249529,0.06464360124287688,0.5920146911165081,0.02170740410025085,0.7040704048258408,0.15687511588614467,0.39355218755454685
19.284000,0.2670991640428439,0.057598590022255806,0.253284386942994,0.16121719899612585,0.1783953094337275,0.25498086955352395,0.16212164472106402,0.3738722812076835,0.10250332968509077,0.4780147627883205,0.06509933700216594,0.5920364332257704,0.022165889458915927,0.7040932004547253,0.15792443956814078,0.395205151072202
19.334000,0.2663057829310904,0.059306493664155,0.25443280461622825,0.1635451587682219,0.17698217527038104,0.2552043100483783,0.16322954084277436,0.3744136429287142,0.1021949149516177,0.47773244297123213,0.06533392589399442,0.5919308119860167,0.022436530073335875,0.7040013854288025,0.15604830084781113,0.3948978762840283
19.384000,0.26550481766395795,0.06180957453036618,0.25579729271037555,0.16578395316794997,0.17598924860614376,0.25539799278369363,0.1645728922812868,0.3748537034394129,0.10220489670580193,0.47737313149036575,0.06582876312086758,0.5917268673515566,0.022942405533741106,0.7038016652898483,0.15682931123073177,0.3961846828592405
19.434000,0.2648354308940438,0.06349909980871601,0.25691941574364213,0.168113068619955,0.17486110745493352,0.2556712436281203,0.16566007631788648,0.3753179777954314,0.10198276713676457,0.47702933551750487,0.06603595207498725,0.591518751988189,0.023122494643644298,0.7035831761856558,0.15509174690260952,0.3957638717161509
19.484000,0.2643522168644064,0.06619311979027355,0.2584275944828039,0.1705566933279603,0.1742708935425813,0.2560999554052603,0.1670136456608197,0.37588030585213805,0.10205456382341069,0.4767778662132719,0.06640777979456292,0.5913610534110479,0.02337548410782042,0.7033798979325273,0.15575781949111495,0.3970225260879987
19.534000,0.2636797670976255,0.06764525540379249,0.2592134977432283,0.1725613555539871,0.1732925503212021,0.25633241733300577,0.16798460921096753,0.3762149671846088,0.10199833422399524,0.47644376301109403,0.06678546632445698,0.5911610412828067,0.023799244744256653,0.7031975744058218,0.15416152811617428,0.3964391782428851
19.584000,0.26219197374668696,0.06986693423152172,0.25972023633326446,0.1744543911123123,0.17214691807814758,0.2564965382945944,0.1686766912898124,0.37644635074791133,0.10170786394728887,0.4760213283365944,0.06689275125697147,0.59085994521216,0.023935698139112283,0.7029076653441542,0.1540465628984447,0.3971453986737077
19.634000,0.2608468618781823,0.0712095816335618,0.25975514594197746,0.17618759293976932,0.17081739943703436,0.2567486082655987,0.16923358288979112,0.376738155665171,0.1015223857892443,0.47580981545665346,0.06725765176552526,0.5908138501661011,0.02450616603809444,0.7029401649541298,0.15694717256946888,0.39985610535470467
19.684000,0.2595374636921423,0.0733465025528109,0.25994593104124664,0.17804224643796326,0.16974671559832794,0.25718832362109795,0.16970263247263695,0.3771883155239123,0.10124050871669923,0.4757425524233128,0.06734409815298556,0.5908556852574639,0.024659728585661927,0.7030075670724241,0.15217765593590343,0.39743689160354356
19.734000,0.25881711299513094,0.07465329695904221,0.26013758783917507,0.17966962032968067,0.16880974183585418,0.2575106412915983,0.17011610537744865,0.3775035303071441,0.10096198459488168,0.4755734419966636,0.06736860910852813,0.5907753739398078,0.02471802272773621,0.7029401076192252,0.1506387622053954,0.39680496394812087
19.784000,0.25789356739941627,0.07639187797833465,0.2603319774890662,0.1811680521050258,0.1680586905017621,0.25788598031322607,0.17050960851076563,0.37786094853957364,0.10076838616054393,0.4755142224483214,0.06743025606694528,0.5907902784264051,0.024806087758812212,0.7029650540046961,0.15017763204546047,0.3972613404290892
19.834000,0.25738163151974375,0.07737526924491844,0.2604888706456802,0.18244037555445142,0.1674096813152071,0.25817850672747356,0.17080997329576936,0.37813032211368147,0.10055423974167477,0.4754140921001291,0.06741158734887623,0.5907465012155644,0.024789075863290683,0.7029219063392417,0.14886232798828247,0.3966242622910311
19.884000,0.2567738099672404,0.07856037874804321,0.26061292152381454,0.18348602392598506,0.16691170778142703,0.258453233712687,0.171079255075169,0.3783808433343016,0.10042920503646616,0.47537862902824807,0.06745592716947232,0.5907595760979698,0.024848706217057953,0.7029407898670861,0.14830519601286124,0.3967152134420919
19.934000,0.25647738732037423,0.07914495630595743,0.2607029514762234,0.18427136294124208,0.16652716876014934,0.2586415313544894,0.17126290909803044,0.3785480481225624,0.1003048793863251,0.47532076131916934,0.06744773054757791,0.5907348322558987,0.024840268743164917,0.7029159545474212,0.14758315609930908,0.39648517932336036
19.984000,0.2559695311185094,0.07957837981902155,0.26069386572147885,0.18474811747161327,0.16622105723545527,0.2587406063810141,0.1713551487982689,0.3786307273213066,0.1002128050438558,0.47526802295275183,0.06745467610055947,0.5907102378799376,0.024868740055843414,0.7028995334839854,0.14652357590405363,0.39569909946928594
20.034000,0.25569510854728894,0.07964740265052979,0.2604980111669562,0.18487126134604237,0.16593944912172576,0.2587541304022432,0.1713592128893895,0.37863167692515265,0.10020284793876796,0.4752586489630798,0.06758225214438796,0.5907398021003079,0.025093846076092136,0.70296607063592,0.1456761879585153,0.3950504713154765
20.084000,0.25582386420295944,0.07957009435757305,0.26048263450587367,0.1848603332813444,0.16593390370324776,0.25875578309642255,0.17135703116960938,0.37863317749788183,0.10021064829607079,0.475267499577954,0.06759736953853193,0.590750719348852,0.02511715892040714,0.7029800903075734,0.1448619544792331,0.39428349736507884
20.134000,0.2561950329511554,0.07937646567419904,0.2606130299670183,0.1846802425233534,0.16619596801053815,0.2587438530983516,0.17134588912885917,0.3786332951375596,0.10025923717027943,0.47531156525689583,0.06754046233735625,0.5907649401466104,0.024999147665567406,0.702971163440957,0.14424329750133227,0.3936176770716894
20.184000,0.25682147722766907,0.07873411557437657,0.2607146878502277,0.18425487504734578,0.16658089608428234,0.2586781862322912,0.1712852631874518,0.37858593798403395,0.10035911916516391,0.4753820231017297,0.0675038335889524,0.5907966244730607,0.02490667499325075,0.7029816594802656,0.14390557478635596,0.3930427314885708
20.234000,0.25733377446414757,0.0780873184402771,0.26077462867011225,0.1835405674738449,0.16711464551870941,0.25855928217934554,0.17118904930765183,0.3784900923732406,0.10055570066295214,0.47550004062201356,0.06754428236482438,0.5908700811955752,0.024913599971843392,0.7030423813356148,0.14390142187218632,0.3927671350977332
20.284000,0.2583184637456437,0.07685807445464636,0.26082218263889756,0.1826069799653931,0.16776735356041328,0.2583750391009446,0.17102475863200461,0.3783308197544804,0.10075844192982458,0.4756069459988282,0.06753708670196804,0.5909167094918837,0.024853572805213553,0.7030689169664806,0.14507595173218843,0.39333375654539554
20.334000,0.25915060917347776,0.07593838479892882,0.2608864690306764,0.1814872692808261,0.16862419799923073,0.25821844510993275,0.17085562972139315,0.3781976962847345,0.10107359835478513,0.4758218126615256,0.06760108989980856,0.591058921171463,0.02486642368121958,0.7031916474523561,0.14574063325141462,0.39350481026430156
20.384000,0.2607050491617326,0.07446199948534915,0.26103182431729205,0.18031831336476983,0.16967575395350112,0.2581262076151991,0.17068538772949302,0.37812196020519007,0.10143686591998163,0.4761252368197889,0.06764041370031038,0.5912677564090505,0.02481379509492551,0.7033653957188455,0.14571572461427695,0.39283714612224757
20.434000,0.2619209197047763,0.07335934079954197,0.26123407532549225,0.17898191611925957,0.1709776946623292,0.25806279718153474,0.1705496620912285,0.378062033796264,0.1019469438195732,0.4765184558607478,0.06777820104359294,0.5915510469691329,0.024853961336604946,0.7036113416572025,0.14670093140635557,0.3931788295268136
20.484000,0.2639958809410086,0.07159250255867378,0.26146649866478655,0.1775234394316037,0.17241438727763772,0.25795801817413816,0.1703618968067337,0.3779404639021102,0.10244010139663445,0.476867860048315,0.0678224309553373,0.5917661493881383,0.02475240918169838,0.7037704940557371,0.14668273638257334,0.3923007192164662
20.534000,0.2655203201681371,0.07035690377679185,0.26172715442272104,0.17595713666620114,0.17409386059974813,0.25793521796683644,0.17022146189951648,0.3778727205600817,0.1031056986794883,0.4773487193104956,0.06800687822196408,0.592100942829216,0.024799963093571187,0.7040525506117211,0.14432026822363503,0.3896651570134757
20.584000,0.26799516512391636,0.06845459916529763,0.2620049842258417,0.17431030589974944,0.17588552186967554,0.2578772742753051,0.17002002041934203,0.3777338381036324,0.1037314589126822,0.4777629669280745,0.06807316017500814,0.5923425712699235,0.024675421214284343,0.7042203449923965,0.14791331808391311,0.39171692314981
20.634000,0.26979286119693047,0.06717942661569026,0.2622882165775258,0.1726050011763175,0.17791151889244558,0.2579312743151144,0.16987370862376702,0.3776617783902346,0.104542013272619,0.4783184700830563,0.06830079993724264,0.5927150367097677,0.02472784892309987,0.7045246871873502,0.14502942690573428,0.3886930196481812
20.684000,0.27257237383875943,0.06531574048681661,0.262585287843892,0.17087267107469672,0.18003089283218834,0.25796326680264203,0.1696602152300155,0.37751429794026914,0.10528793811608778,0.4787872456566603,0.06838054231474375,0.5929706250739942,0.024569051166149547,0.7046870215578439,0.14633449174933894,0.3890988770440379
20.734000,0.27377037408864097,0.06376320558993703,0.2623440861931829,0.1688907228934712,0.18194175955728895,0.25797195475814455,0.16919943504564577,0.3772935084027976,0.10602151119558728,0.4793158095759223,0.06854835582681784,0.5933147684528337,0.024632719816085363,0.7049902667152407,0.14576953250832297,0.38773966407949007
20.784000,0.27500667186577643,0.06157156271686263,0.26137507022934464,0.1667997690285046,0.18334817358111907,0.25796886136953456,0.16829786811393138,0.37702132166739727,0.1064787685887629,0.4798726655201727,0.06855170448321812,0.5937214152114689,0.024655317769448126,0.705404481213075,0.14467726138509196,0.3864869938852671
20.834000,0.2765126056668742,0.06028611562168143,0.260594689743098,0.1647967474781915,0.18515431689974388,0.2581174319228489,0.16759947592482366,0.37682643561810514,0.10722400807529103,0.48053180135158696,0.06877949143201492,0.5942068607975112,0.024873714200814356,0.7058862354630799,0.14562985248572263,0.3869632870383538
20.884000,0.27962262149653394,0.0587625805851818,0.2606741637819003,0.16306365290077662,0.18767538497333486,0.2583063864422802,0.16725483076847883,0.37655612625580526,0.10808173967601045,0.48095222431776524,0.06880396366071376,0.5943420665052035,0.024587208272464633,0.7058986823687899,0.14514366832689238,0.385734009580481
20.934000,0.2814944159064499,0.05774370035882077,0.2605362816754119,0.1613293306425712,0.1902580494349551,0.2585968487210936,0.16690130195219338,0.3763018288494876,0.10909495602393629,0.48146088157640476,0.0690235256688704,0.5945726867485395,0.024564148909134886,0.70603283127624,0.14429407137846026,0.3843985232013228
20.984000,0.28398799767039684,0.056388843223657587,0.26011718439286974,0.1596305398280968,0.19254572033932926,0.25879755675237504,0.16631987057713507,0.375896680593031,0.10985046700594392,0.4817796653465494,0.06899425183402652,0.5946103778402042,0.024287588974159557,0.7059715663033942,0.1460462488462357,0.38518640337889076
21.034000,0.28563744165642957,0.05561432781248489,0.2595275339676324,0.1579606642619547,0.19505271771856383,0.259168361941764,0.1657766355739237,0.37554237542526914,0.11085648623093006,0.4822371606593332,0.06921797369242036,0.5947815264604704,0.024315736275287936,0.7060640007092733,0.14730350359641647,0.3855961945987904
21.084000,0.2891048452874244,0.05535213254532144,0.25932757522464905,0.1567762924264255,0.19780438073603274,0.2598049124280411,0.16529559446078457,0.3753175905837074,0.11172880431403431,0.48269821729655027,0.06910386748175473,0.5948727008480184,0.023799446685803582,0.7059920486518207,0.14658395108677574,0.3847540495194576
21.134000,0.291608498607366,0.05555028585084014,0.25949133958920634,0.1560291460476649,0.20102167615425492,0.2608208368308934,0.1651171828038276,0.37532353268187124,0.11289863810601408,0.48336622604626545,0.06918676095841747,0.5951216366366774,0.0233991681355204,0.7060427633144396,0.14855011305409088,0.3857468919478166
21.184000,0.2948710913374127,0.05588514144340862,0.2593178662599911,0.15525048261880262,0.20392876449316097,0.2617025723374092,0.16469726964388465,0.3751084355535776,0.1138283305357001,0.48379307583916176,0.06904975681558223,0.5951253682594776,0.022790356491781905,0.7058505590773918,0.14789525962257338,0.38518004034260794
21.234000,0.29717596230613125,0.0564467858838531,0.2591858879905026,0.15477100631761842,0.20704958929212103,0.2628534117221661,0.16445392290180216,0.37503901331497325,0.11501313602249005,0.4843807189572081,0.06916885312372059,0.5952784273442058,0.02245334681653649,0.7058119583221687,0.14987267050655168,0.3862138311378134
21.284000,0.3004854488114866,0.05762790365689317,0.2591083055452471,0.15451856157362207,0.21011449140602673,0.2640612755079176,0.16413879831552958,0.37490456869629346,0.11600606172083919,0.48482835896894033,0.0690111116749644,0.5952433700416343,0.02174158786837538,0.7055411130788155,0.15718722380397995,0.3896842404207321
21.334000,0.3023735590632803,0.05856915123963616,0.25868071240661744,0.15438847534437306,0.21308014654006535,0.26538662124139184,0.16382594819968269,0.37481250458622817,0.1171744870386108,0.4853730815181511,0.06914345811002368,0.595341350850983,0.02144426459103077,0.7054539611081082,0.15128365756514056,0.3870638341886858
21.384000,0.3050011861618261,0.06019102599202,0.2580121214834107,0.15432690924999815,0.21576366293900284,0.2666437278935725,0.1633441752944109,0.3745890720034559,0.11814338377637268,0.48575061412122755,0.06909972495596806,0.5952710210301996,0.02097691681919267,0.7051991581790578,0.15047660053435158,0.3869714331663737
21.434000,0.3055238599680662,0.06093427110448273,0.2567791676856917,0.1542008509552257,0.21825761823246856,0.26784982886545106,0.16294057205503515,0.3743393794967032,0.11950187628228873,0.4862012572423212,0.06971049784720826,0.5953837587404371,0.021435794981704115,0.7052452763961102,0.15243885230936197,0.38803776178376503
21.484000,0.30666382000674375,0.062452962088711136,0.2551000041443457,0.1541240851280432,0.2200890771041623,0.2689031471053871,0.16204722869176805,0.37393238869699863,0.12024152742606256,0.48641475632603803,0.06971348007617931,0.5952582961029642,0.021260743549778527,0.7050414107067029,0.14681387856657716,0.38589093302061744
21.534000,0.30728353479165976,0.06350949259563934,0.25372770357622887,0.15404718412734225,0.22247776316474,0.2699067593868061,0.1616604426554998,0.3733536225904574,0.12162010559410696,0.48647643812951025,0.07036410914043531,0.59497907785363,0.021767259467016853,0.7046984754171236,0.15316989115049517,0.388770066833301
21.584000,0.30793216465613776,0.06520148904229159,0.25207024361906644,0.15417542042518728,0.2244998897907332,0.27096529753472065,0.1611060983203581,0.37285360436145965,0.12281111982154583,0.48657912734300535,0.07090364580272474,0.5947716138282406,0.022212913347395002,0.7044493808208795,0.14709832156036629,0.38663877094265564
21.634000,0.30827918718027686,0.06658212631885099,0.2504103679075401,0.1542546091344362,0.22654941588110075,0.2718584141809359,0.16065306907217505,0.37214635699260773,0.12412516148699279,0.4864517022992418,0.07159305031371477,0.5943422824974679,0.022830649931670777,0.7039882049432256,0.1463410133985503,0.3867016106083958
21.684000,0.3089748590323064,0.0686739170283516,0.2488626781965092,0.15459114055610615,0.22861698842649814,0.27287094459741157,0.16042625048009437,0.3716131506562323,0.12564830707337457,0.4864630294196574,0.07257860442037717,0.5940901944862752,0.02380455680498944,0.7037309363626956,0.14583866564057232,0.38706864448864237
21.734000,0.3095120720748266,0.0706536787438066,0.2474884474419352,0.15540849564514117,0.2307339778848227,0.2742331048361043,0.1602385275188347,0.3713433075823527,0.12710371869751083,0.48667797038697347,0.07342012544691473,0.5940002505327591,0.02454794581669928,0.7035972854296574,0.1454638110087017,0.3878043836850399
21.784000,0.30975756141641064,0.07340641171960385,0.24586118965955803,0.15647828005847036,0.23230311704638873,0.2757098977088833,0.15957736815100698,0.37116127505923224,0.12789040185446246,0.48690208964778053,0.07352761514071729,0.5938819355086158,0.024459175905924335,0.7033912422868205,0.14740166704376115,0.3891815380884794
21.834000,0.3099221896330607,0.0755869905202657,0.24424677252481966,0.15743567859159632,0.2338072900067367,0.2769807211570298,0.1590448425937568,0.37084539212104317,0.12880477224388795,0.4869726419142413,0.07385532971616912,0.5936523436658427,0.024659811300627776,0.7031046207907429,0.1496133956713795,0.3903160900071324
21.884000,0.31032764196033735,0.07831750725009372,0.2428057912355499,0.15847099599550896,0.23528112438442877,0.278234844388085,0.15849698500860326,0.3704530418121306,0.1295550594274838,0.48691060894237786,0.07394262042246227,0.5932461938972595,0.024524481614346727,0.7025981374407596,0.14888286442048274,0.3909753633092386
21.934000,0.3104333419956644,0.0803364382907307,0.24136748649391832,0.15940403797689318,0.2367056482221721,0.27931345066965285,0.15806193925109793,0.3699510092926026,0.13042899109297001,0.48672609299190234,0.07423667827984579,0.592756390456689,0.024661097451681324,0.7020370465013298,0.14393047753306715,0.39010749094943614
21.984000,0.31045648043247587,0.08338936805891908,0.23982496404073606,0.16054474833015664,0.23780547812359967,0.2805277541065179,0.15748725205635447,0.36968482091202454,0.13106877665854338,0.4867406373285676,0.07435224863770906,0.5924914550520136,0.024639621720492222,0.7017098359446413,0.14593099237759563,0.39124765512561527
22.034000,0.3106875890986601,0.08518479276317532,0.238754898694772,0.1618092998307749,0.239213134037326,0.28180842491033803,0.15731874928125472,0.36951993923535664,0.13202905458564732,0.48682480419012575,0.07479700924269442,0.5922975162338385,0.024933302355405473,0.701447004255805,0.14598752968627038,0.39229947600864523
22.084000,0.31086039226953527,0.08796639415100593,0.23759190641919642,0.16281300199070414,0.24028768842663262,0.28278271800006427,0.15698743940596235,0.3691601948854701,0.132717340895348,0.4866802455929215,0.07501705989577659,0.5918975330155019,0.025013561542497287,0.7009830506263619,0.1484234761759007,0.39320637546128534
22.134000,0.31071333996202133,0.0896272031076453,0.23649883472909644,0.16396580175509817,0.24120793268964746,0.2838733677243628,0.1566677038336616,0.36903761886728137,0.13331968149347426,0.4867443300200618,0.07520455873837187,0.5917330556126655,0.025080369979459227,0.7007631693391815,0.14867157282756854,0.3939794501688946
22.184000,0.3105103288868044,0.09201575440456564,0.23534861048239777,0.1649917379189143,0.24194562349103202,0.28481026494776657,0.15629481188442107,0.36885750446893534,0.1338280801346223,0.48673560236876817,0.07535501556242172,0.5915253953809466,0.025144999676066593,0.7005160110535447,0.14923628517390516,0.39481735887580455
22.234000,0.3103629630079946,0.09342627815286403,0.23434751909280824,0.16596668523105712,0.24260637845500266,0.2856821447257919,0.15596120588009363,0.3687039133739256,0.1342604226701796,0.4867254199228437,0.07544901521711872,0.5913256988583707,0.025142224495747822,0.700271680001854,0.14980170017135602,0.3955449767863065
22.284000,0.310059580410886,0.09530621611740149,0.2333622126921261,0.16683102581090276,0.24303430138639961,0.2864406019337621,0.15555918147346584,0.36858744238558866,0.13451381887587086,0.48672758252913056,0.07542059568811979,0.5911689104280168,0.02503657572737278,0.700079197052353,0.15171047243099595,0.3961982891328445
22.334000,0.30989235900460377,0.09636458209695108,0.23254032543535547,0.16757936860899414,0.24342859546358714,0.28708437091346783,0.15526940195396072,0.3684966341158392,0.13479894605651263,0.4867377455591549,0.0754834901774154,0.5910530210170419,0.025051128740375017,0.6999409309055309,0.15263529121882555,0.3967898173428562
22.384000,0.3096947052027927,0.09763664738388816,0.23187834626101775,0.16819816548440814,0.2437102096081047,0.28761343674288575,0.15500081399310228,0.3684258313963106,0.1349673454042811,0.48674176496529653,0.0754596001548262,0.5909474666102926,0.024971754819885728,0.6998096614872795,0.15778377940060295,0.39752706463973875
22.434000,0.30959869866797884,0.09826275172398902,0.2313893099491882,0.16866649970008116,0.24394619105116622,0.288007711094095,0.1548307576244137,0.36837212812776693,0.13513946227317963,0.4867454903651826,0.07549624358867255,0.590873711635653,0.02497678297426159,0.6997212384758573,0.15853862944932962,0.3978395900860108
22.484000,0.3094166341665361,0.09873507980070702,0.23099648292469555,0.16890241983909013,0.244041708081127,0.2881912377921669,0.15466603500259188,0.3682661343374389,0.13521055132764148,0.486678482271927,0.07548654835551133,0.5907603897305365,0.024955217196512613,0.6996024062574995,0.1597959099721694,0.3979577876636402
22.534000,0.30941599257641794,0.09886696859746241,0.2308337853417725,0.16900590319961156,0.24410800190386733,0.28826945659097203,0.1546019988257234,0.3681986465628804,0.13525349135326428,0.4866285214107737,0.07548419289456956,0.5906844244709141,0.024940594122341175,0.6995207448016623,0.15950118994535412,0.3979588063302248
22.584000,0.3094455836602645,0.09881126278887499,0.23085150126820828,0.16901798141300922,0.24411317990937434,0.2882829296568852,0.1546068729414976,0.3682117793481302,0.13524931449560865,0.4866401751449502,0.07547607560496444,0.5906938147377824,0.024927339857037434,0.6995277493091256,0.16193788495832148,0.39809751885795713
22.634000,0.3095283068861,0.09861181627830501,0.23105561373436545,0.16897630869782226,0.24404323894560104,0.2882714116625813,0.1546776655720783,0.36835757960450194,0.13518554301329935,0.48676390189412266,0.07545335139644718,0.5908411101803159,0.02490739207649717,0.6996763342413981,0.16288050822615074,0.39818187690272827
22.684000,0.3097225643944402,0.09807256778367132,0.2314342136664301,0.1688520261036568,0.24392760097823868,0.28819990113072647,0.15483388488993244,0.3685883937996165,0.13510661898109574,0.486955766752479,0.07546344484457523,0.5910840135394133,0.024936027323444798,0.6999278469827708,0.16419793139959224,0.39830220451627935
22.734000,0.3099062457100397,0.09756786178887782,0.23200630413779363,0.16866959447785307,0.2437252169720147,0.2880960031234443,0.1550431575391489,0.3689383950644643,0.13494102810432732,0.4872426823586518,0.0754235292436837,0.5914428134975963,0.024912696090501063,0.7002943441904229,0.16495442538765834,0.3984033874376055
22.784000,0.31026114094152496,0.09660721880206839,0.2327559148035011,0.16843936809479182,0.24349864467568594,0.28795754141957547,0.15535752037861103,0.36938936694035923,0.1347914918929475,0.48761389262063765,0.07544868415150516,0.5919136105941881,0.02497340512488122,0.7007816325620022,0.16655337537464604,0.398615372320529
22.834000,0.3105973359445064,0.09575726807074711,0.23371707759650084,0.16812122169184984,0.2431846730416219,0.28774715799469075,0.1557209732396932,0.36990615760494705,0.13453578965663604,0.48802130479810013,0.07539216652450917,0.5924341001958939,0.024937148579939727,0.7013115136670847,0.16711298385880702,0.3987706385126693
22.884000,0.31155893594670053,0.09437460162077109,0.23507422827765645,0.16765762298197523,0.24307126930745773,0.28739085702652795,0.15631504718664183,0.37029657409913797,0.13438441075862298,0.488275585731979,0.07540324491465122,0.5927802367083156,0.024911067888162775,0.7016404225391588,0.16894222128669273,0.39880596050400824
22.934000,0.3123838797833419,0.09316213195126673,0.23670885307241207,0.16702637652891925,0.24293504072014216,0.2868647451233526,0.15699671484747052,0.3706179787695976,0.13415356219895924,0.488423710281595,0.07533345810532721,0.5930190990633873,0.024765531019254772,0.7018441180168324,0.16918233297324567,0.39872363684423473
22.984000,0.3135878967122624,0.09106685601839341,0.2386506458834629,0.1662701017557361,0.24279226500370343,0.28619860958878973,0.15788657346985568,0.37099851256726646,0.13399574133994707,0.4885962512365985,0.07541447680329971,0.5933255950008337,0.024801619430784405,0.7021297248332505,0.17187777019988698,0.39862073500038614
23.034000,0.3144267672264962,0.0895082478933988,0.24069828968313906,0.1653513573633302,0.24248674218926572,0.28533802927997765,0.1587437549245713,0.37128633981593384,0.1336664092299482,0.4886367839263519,0.07534074597488366,0.5935086915368115,0.02466449296014206,0.7022833088902455,0.1746223808722993,0.3984224191379789
23.084000,0.3157739111619847,0.0871024204012447,0.24291628940417676,0.16443554015140188,0.2422396587221055,0.2844336325150717,0.15977074373730646,0.3716051763882289,0.1334688681009076,0.48868724733851304,0.07544306954612878,0.5937253675715036,0.024728872733546903,0.7024822994961157,0.17489601107387426,0.3982220148876451
23.134000,0.3167269216936689,0.08547614985921789,0.2453133627464783,0.16354787578110683,0.24186594565295277,0.2834983460402224,0.1607919101613301,0.3719686843977921,0.13309470852230232,0.48872854488660467,0.07536025206617794,0.5939270835538117,0.024562096227959906,0.7026448252680146,0.17493232807024914,0.398006546509987
23.184000,0.3183954961671682,0.08313769711309063,0.24787005866411682,0.16270922712681124,0.24156343211226797,0.2825433894576556,0.16199702996584503,0.37237204663048346,0.13288013746641839,0.48878599154764857,0.07548265181441782,0.5941687635781298,0.024629574198052173,0.7028608262917609,0.17761456311560384,0.39795312193897975
23.234000,0.3193350767793762,0.0815747330568595,0.2507449917308056,0.16206129042498663,0.2413074872518779,0.281689604416816,0.16339005287853278,0.37295226611568105,0.1327104635795835,0.4889641741262612,0.07565991077001044,0.5945351664684466,0.024726001770625894,0.7031893744589387,0.17478850590695016,0.3976009344731456
23.284000,0.3206370283476868,0.07958588658846562,0.25400558347129526,0.16157130729799923,0.240955505765867,0.28085959453475945,0.1652074628016905,0.3739307178057413,0.13280951743514177,0.4894745325947628,0.07633485939037046,0.5953547148699826,0.025461579408722346,0.7040373233399461,0.17764595255447097,0.3978851532375143
23.334000,0.3213088408197581,0.07823666954955771,0.2566078559380535,0.16137040226610194,0.2402822122555791,0.2802546878443817,0.1665804681131451,0.37495449201437175,0.13263852404939888,0.49005420718495357,0.07671639502934371,0.5962272521878196,0.0259223692401912,0.7049469235606176,0.1865606925369556,0.39932605719349423
23.384000,0.3226107974500904,0.07669654003831629,0.25956488034993874,0.1614924672741402,0.23966801815006808,0.2798314501734947,0.16807084567699687,0.37613225439542414,0.13238609122521733,0.4907036221061161,0.0769419029768576,0.5971270311344469,0.026121303909049487,0.7058342834686265,0.18658192776112242,0.39984598249058967
23.434000,0.32339155584795815,0.07553402447857611,0.26251847506988446,0.16150932383314376,0.23914909286189218,0.279211796085194,0.1698058210689211,0.3771480542154154,0.13248046426771015,0.4911954905715461,0.07762279931254137,0.5979224159261549,0.02688033437295001,0.7066661617318515,0.1854637378305844,0.4000920432320093
23.484000,0.3248634141452565,0.07442990404000652,0.26579156894764955,0.16191307891715231,0.23854403297180993,0.2787786931206654,0.17140100389529053,0.37823629034835204,0.13211812262460662,0.49162436396750725,0.07765262860842079,0.5985519561107574,0.026762140101931897,0.7072265077756451,0.18864981960104513,0.4010842680456174
23.534000,0.3259521808575263,0.0738150383685601,0.2689926821195146,0.16242918164110026,0.23808635097747838,0.2783808899461577,0.17318516034197098,0.37931569777220575,0.1320905796404526,0.4920598125999738,0.07808272831637686,0.5992192825221354,0.0271252883940431,0.7078624567970588,0.1954764303043562,0.40283227409895417
23.584000,0.32799031983987376,0.07303325806608643,0.2727580365621783,0.1630363009841837,0.23767845966350293,0.2777944086730181,0.17505821552188108,0.3801599547385233,0.13178525601947608,0.49208605077880296,0.078069280418925,0.5993921268657505,0.026828794605984918,0.7079020923696333,0.1948175708618097,0.40328217086667184
23.634000,0.3293823780778512,0.07286438853270504,0.2764763218737694,0.16395926512912432,0.23737663383992552,0.27741063971144053,0.17710757903555785,0.3811778842200113,0.1317593294178055,0.4922793525099941,0.07839641514619888,0.5997614411593082,0.026940182400582324,0.7081692642698051,0.19820397196689066,0.40462106497718286
23.684000,0.3306215543874024,0.07262661531367934,0.27982267411516054,0.16504943439853703,0.23666658961564907,0.2770206465861952,0.17889429864458775,0.3821984122458086,0.1314611771832564,0.492425899677438,0.07850208621721982,0.6001075354549711,0.0268626425789093,0.7084282068927225,0.20563425335956148,0.40675289496605116
23.734000,0.3314645659486513,0.07264633071201337,0.2829015078087129,0.16612881527572054,0.2359998166494916,0.2765834727889703,0.1806818527064133,0.3830725467129063,0.13133871275492165,0.4924583526463028,0.07881728537113408,0.6003541341465481,0.027057677256142942,0.7086174380299968,0.2085762706661545,0.40859528266438316
23.784000,0.3324708438624213,0.07285501472930737,0.2861425592846472,0.16749007828500156,0.23519317038829915,0.2761370284068405,0.18249845784698293,0.3839482860279047,0.13104741183264218,0.4923585708892003,0.07893833133115591,0.6004541014580038,0.026987578314618565,0.7086258133825181,0.21142212686708362,0.41046856230270057
23.834000,0.33305929234619747,0.07322514820262463,0.2891783759915601,0.16899324314034048,0.23451233397921728,0.27581844545967255,0.1845646616244844,0.384929535722788,0.13123883175751602,0.49243002813424874,0.07969288792026535,0.6007952239808971,0.027716662582219442,0.7089546988201013,0.21408584805067804,0.41249985969004493
23.884000,0.33352173052024364,0.07390433409465662,0.29192227539330323,0.17057909671431293,0.23354689017793714,0.27542333547332676,0.18623768336849192,0.38570406339540264,0.130972411177339,0.4922204925959375,0.07987901873508457,0.600799796557249,0.0277729608588958,0.7088967841775725,0.21626501800973474,0.41453615306469527
23.934000,0.33452936700107166,0.07501628332889924,0.29525806075610883,0.1727684908149244,0.23310377000182742,0.2754176220205684,0.18835311078980185,0.38676113771724013,0.13103393748067088,0.4921865254141514,0.08027413045586701,0.6009221772855489,0.02791525051704158,0.7088969321594545,0.22339075857759677,0.41746875798006233
23.984000,0.335719365223233,0.07690705966225517,0.29837682523455034,0.1751412390424635,0.23255014941739577,0.2754749260567509,0.19026374218012743,0.38777746281488273,0.1308986580299731,0.49206450315526074,0.08040570998362556,0.6009243313602721,0.027740396877432072,0.7087499535223167,0.22522648553235572,0.4201100158095925
24.034000,0.3366755004471802,0.07841721555318232,0.301701721386404,0.17778620451366137,0.2322706165717734,0.27566021375064037,0.19243273434576913,0.3888544854243708,0.13102120001316733,0.4919497008849377,0.08076543270192793,0.6009192280562656,0.027765804949297535,0.708580917890949,0.2241734851662548,0.421361955379828
24.084000,0.3373104964048158,0.08055582499253874,0.3044217551382987,0.18027313488660146,0.2316285153527653,0.27567305229467054,0.19423638746617905,0.3896986142108707,0.13091158430525876,0.49162981308827036,0.08093746922224782,0.6007287948479562,0.027664906720838323,0.7082556941991378,0.22521767847225865,0.4236765972621528
24.134000,0.33757425126240664,0.08219004276503389,0.3069519149436713,0.18298566915152237,0.23098260851504765,0.2758762740510019,0.1961016777264606,0.3906949165523797,0.13097363904548062,0.4914835001100427,0.08135067084732855,0.600742646296814,0.027879730188827223,0.7081710340873906,0.2315776574216547,0.4271739334188892
24.184000,0.33805572198853057,0.08483334675387498,0.3095382673576379,0.18579670362520276,0.23042821030518124,0.27602751251536706,0.19791341131208115,0.3915384983393022,0.13092254465469474,0.49109864992737395,0.08152869055249118,0.6004615649241198,0.027747490836020072,0.707734965899078,0.23246939460784133,0.4297792939082432
24.234000,0.3380302129523179,0.0866137036128477,0.3115128052250088,0.18856547561778114,0.2296945657979447,0.2763480233742746,0.1994920422326631,0.39248504404488804,0.1309171797297001,0.4909608696545671,0.08185308630817073,0.6004721235792995,0.027903779205721846,0.7076610794570621,0.22710002894205739,0.42870092957157035
24.284000,0.3360114712276887,0.0886745014584471,0.3122716911871093,0.19087550577643925,0.2280562404007388,0.27636093055071353,0.20060725235771,0.3931793925137623,0.13076022165198362,0.49075701444413133,0.08239575361512957,0.6005790442537666,0.02863034757630828,0.7078603618886475,0.22949041763365455,0.43249700544666303
24.334000,0.3347188029919243,0.0901267910787856,0.31294810126054984,0.19319664751218232,0.22660089181347048,0.2765282706855061,0.20180225183693834,0.3939379272530743,0.13083354447342266,0.4907028102176655,0.0831863636543862,0.6008379370392108,0.029653750767364095,0.7082356062759689,0.2289271892030098,0.43435698480555807
24.384000,0.33333994701009934,0.09251242299103729,0.31384129262173843,0.1955909310039294,0.22532310950749396,0.2766127259615365,0.20285588527552692,0.39449072999668505,0.1306181694562631,0.4903119824056104,0.08344107877069257,0.600649293023757,0.02991502660097778,0.7080502322148319,0.22562895033839336,0.43423860060143454
24.434000,0.3324518041724901,0.09416272844735478,0.31465147104914004,0.19799194752493254,0.2241984165059261,0.276847796539461,0.203922484348534,0.3951224200863099,0.13054401817569275,0.4900729372103417,0.08382781871929923,0.6006061752356092,0.0303324681411542,0.7080224098862491,0.21714368981568266,0.4318557634317907
24.484000,0.3311120608884622,0.09662359449994076,0.31533870261608343,0.20034204461144967,0.22305944232225577,0.2770527877940303,0.20483098326400392,0.39566022128941297,0.13033677205989103,0.48973791522945886,0.08401591828255414,0.6004374116390567,0.03050639684899037,0.7078465877645208,0.21392538597265978,0.43117382005903115
24.534000,0.3301677493790523,0.09818382344198237,0.3158612513971552,0.20255183980843722,0.2219998965297225,0.277318450420727,0.20570381035716195,0.3962067912092856,0.13024945878365973,0.4895161735275836,0.08434650210080871,0.6003896084332102,0.03087927144118935,0.7078198427510738,0.21274602987130475,0.4320388689584672
24.584000,0.32872060897356,0.10037668708682874,0.3162317915652852,0.2045937405167243,0.22091709041612567,0.277498525989602,0.20641604109833106,0.3966191353260341,0.13005756960802692,0.4891901017877947,0.08453056400925152,0.6002184394372841,0.03108780006457379,0.7076608471818682,0.20948777317989345,0.4309221587573362
24.634000,0.3274172751608109,0.1015023407948082,0.3162011611700004,0.20624772728075252,0.21969110108677542,0.2775625805899092,0.2069147392903315,0.3968804944968758,0.1298468704421108,0.48886170774792526,0.08476698626427004,0.600072336927448,0.0314533643149717,0.7075788842380529,0.20640799421143197,0.42970217059923477
24.684000,0.32620472271637885,0.10365338679987941,0.3164297926448076,0.2081843793729123,0.2187628084329385,0.27790640024823987,0.20740192527934237,0.39736739946539135,0.1295720721464236,0.4887047629115906,0.08475354307233302,0.6000209766975192,0.03141623570821889,0.7075157749118792,0.2099805814791777,0.43351702602403597
24.734000,0.32549419146861597,0.1048939345276914,0.3165973885981762,0.20986160266337595,0.21799436398983413,0.278253440905085,0.20786034769883624,0.39782476570250636,0.12941721370997464,0.4886359694716649,0.08484953982078661,0.6000528552839459,0.03152158954520129,0.7075522958378608,0.2015594483886528,0.4282553313996653
24.784000,0.32453652159711605,0.10661815275123274,0.31673984015490514,0.21139141720515742,0.21728784704870252,0.27854274680630164,0.2082375667280679,0.3982009785587257,0.1292197801036171,0.48851260237854244,0.08485256569364008,0.6000094646012036,0.03150699315597483,0.7075001613643596,0.19951821218182056,0.42770610489527217
24.834000,0.32400739109732957,0.10759356730238531,0.3168545468382537,0.21269445709386564,0.21672873060831194,0.27883688617147945,0.20858125906997468,0.39855997796053944,0.1291079296519181,0.48847098902819897,0.0849196682440562,0.6000388946003234,0.03157405975855937,0.7075295735232517,0.1968435378930253,0.42608377401097525
24.884000,0.3233799998729527,0.10876900274222906,0.3169414174337608,0.21373430569337087,0.21627383883420595,0.2790492245014212,0.2088335922145066,0.3988183471092034,0.12898415229913143,0.48839550348961547,0.08492384815041043,0.6000140037407934,0.03156323971472158,0.7074972371652353,0.19479528684176856,0.42502419572743966
24.934000,0.3230742278386501,0.10934933668788636,0.31700433704292114,0.21451832012980782,0.2159515654251884,0.27923568525211706,0.20903763041779716,0.39903634260721493,0.1289225189172545,0.4883759693651972,0.08496523481474694,0.600035080835473,0.03160299416106349,0.707517503921382,0.1926902895156803,0.42361220646017395
24.984000,0.32270667370184497,0.10983098085686017,0.3170193259949473,0.21497673600258066,0.21572158777123296,0.27930999512273247,0.20915166231551846,0.39913001047336794,0.1288681138443993,0.4883183047971491,0.08498099562695491,0.6000050132925607,0.03162114447230063,0.7074886226697641,0.19298117909677567,0.42400851570556736
25.034000,0.3226181136677542,0.10995070951009939,0.31699472452187794,0.21514530843845298,0.21560136195057694,0.2793277517213467,0.2091959488185352,0.39915667427375845,0.1288527869461617,0.488291271030301,0.08501151871209592,0.5999959853329127,0.03166784377435511,0.7074876238081902,0.19052990720292012,0.4218594456846299
25.084000,0.32265112926810785,0.10980454405723679,0.3169753023902412,0.21504712340518384,0.21562294064393714,0.27929429274271356,0.20917100537745487,0.39912071941475713,0.12885858436600778,0.48828301542663377,0.08501252659723615,0.5999858498409432,0.031674289931629074,0.7074801869365396,0.18815708878959428,0.4195114535176156
25.134000,0.32274285723577406,0.10947838160188447,0.31688912861325774,0.2146603076340618,0.21571513815302812,0.2791880044308638,0.2090471865320832,0.3990026046233187,0.12886513186626938,0.48828215496167593,0.08498952970000717,0.5999733879791451,0.03166756636058132,0.7074757982971442,0.1856537737738594,0.4167958591940845
25.184000,0.32297250413194933,0.10861989754097702,0.31672528040090314,0.21394671243447821,0.21589387475368188,0.27900843416563653,0.208829278846634,0.39880030151203616,0.1288998167594147,0.4883060616018704,0.08497747199651823,0.599978921458569,0.031694565926771,0.7075006956206887,0.18339988173156244,0.4142337143081358
25.234000,0.3231913620641208,0.10781956753289393,0.3164933143528943,0.21295106774926667,0.21613429744920395,0.2787391192898522,0.20850455338057017,0.3984963195065241,0.12891598347276015,0.4883053365313351,0.08491521196776869,0.5999473183545481,0.031673506374689575,0.7074894997722708,0.1808348338117055,0.4110329586541586
25.284000,0.32359989707405973,0.10625707077836755,0.3161793587888562,0.21162896993764718,0.2164737212007421,0.2784031103860874,0.2081042476597308,0.3981108875376465,0.12898974684981257,0.48833780015550815,0.08490147083154317,0.5999452547273887,0.031732272086476276,0.7075233022242217,0.17815661303122252,0.40750282584257547
25.334000,0.32421324757762954,0.10522258865107037,0.3160308309781029,0.21024835818277054,0.21707709649037085,0.27813177612063683,0.20775625012649165,0.39776923606967557,0.12915677444020393,0.4884451558159875,0.08489902578471106,0.5999855148074618,0.031753414373256794,0.7075752168597619,0.17675039985502888,0.4054937669057485
25.384000,0.3257565363037844,0.10398587102842709,0.31625621082843786,0.20913916142693012,0.21808524862949635,0.27814975612755544,0.20758833739935084,0.39768976974068176,0.12947473489131278,0.4887845835514374,0.08491831672702341,0.6002059710870851,0.03169254360569429,0.7077560388492059,0.17489013245121085,0.4029208719896803
25.434000,0.32688602686984547,0.10307095312661417,0.31646007199082665,0.20789775123680992,0.2192873164928901,0.27830695226152147,0.20741078117685371,0.3977177889091514,0.12992878728175583,0.48935042841080495,0.08505543898364823,0.6006445549966978,0.03177651236585627,0.7081683011110143,0.17156883323110397,0.3980737444573098
25.484000,0.32898243680083383,0.10143750349943943,0.31672821531877066,0.20638883621696247,0.22076137009520105,0.2784330213940841,0.20721878098040028,0.397666398768323,0.13048015482401956,0.4899224731246018,0.08520971738122768,0.601055670206924,0.03184889787034112,0.7085387988417318,0.1697814326650841,0.39538745977115164
25.534000,0.33052542607304947,0.10029735761853849,0.3170315353694201,0.2047735381899681,0.22234845420033214,0.2784967647900552,0.20697707456313513,0.3975081957034304,0.1309951659162944,0.4903884926365428,0.0852514097430167,0.6013277046905309,0.0317546055693364,0.7087432154103651,0.1681714343189204,0.39286657114462314
25.584000,0.33303446488811206,0.09856509624416543,0.31735522281786266,0.2030886434134328,0.22415591128867918,0.27867890952280727,0.20678621177289078,0.39741514467758676,0.13167794951834064,0.49100333272021157,0.08543875739272716,0.6017369640684636,0.031820100856707,0.7090917016037597,0.16564017867579559,0.3889099289134183
25.634000,0.3348393417180184,0.09742267864897865,0.3176978139499351,0.2013626859353978,0.22606007318291604,0.2788386465110268,0.2065335032154705,0.39723929289991405,0.13230382618536224,0.49152585105114666,0.08548856518332193,0.602017168978443,0.031687576906086534,0.70928064673482,0.164305646140852,0.3867527592084142
25.684000,0.33766704734567937,0.09577988340610996,0.31803309391868656,0.199629222422901,0.22817555783586907,0.2791630090114565,0.20633373272840547,0.3971584948401528,0.13310521661429148,0.4922247055972291,0.08569722872536417,0.6024630051319264,0.031732386298589266,0.7096441405141978,0.1618580641978858,0.3829672667712501
25.734000,0.33962706957546474,0.09469955107313763,0.3182967937586532,0.1978604313270314,0.2302941619343496,0.2794419044942673,0.20600240018141136,0.396957479236294,0.13377372732693055,0.4927855482291871,0.08569847845796175,0.6027344929532302,0.03151124680914835,0.7098033676313438,0.1606897602705282,0.38124875310134565
25.784000,0.3423820156681494,0.09286905316159887,0.3183627639156289,0.1958648108659387,0.23249679276614205,0.2796922227879182,0.20568787131897617,0.3966592340522845,0.13464229550914317,0.4933676936400012,0.08595680256754334,0.6030477865307532,0.03163509144328569,0.7100484954092147,0.15955816599396144,0.37951412913173643
25.834000,0.3444137309208514,0.091825176679964,0.3185841285992602,0.19395315502351235,0.23479887590313792,0.2798602643333,0.2053767752695902,0.3961974466694598,0.1354073162081858,0.49368731690468554,0.08599699924566351,0.6030427949459995,0.03142369048908855,0.7099154012179508,0.15723205969820578,0.37614185921733156
25.884000,0.34770996613812927,0.09044112691261542,0.3187894356648082,0.19208732588224747,0.23742104146340143,0.2802870108310225,0.20515694730533826,0.3958682732750242,0.13644058312361673,0.49424541133890204,0.0862741936367244,0.6032561143264943,0.03146881239965699,0.7100098973388993,0.1539113008662401,0.3714351335425375
25.934000,0.3500530865314009,0.08985138822605283,0.31912053974837135,0.190551626984499,0.2401528750039921,0.28090708019469113,0.2049163807691487,0.3956171036191392,0.13736551802640048,0.49479815494806173,0.08631947928594724,0.6033997291949762,0.031162852428403498,0.709972457947212,0.15417683057097947,0.37195913274925063
25.984000,0.3532700745550028,0.08922330162372855,0.31924476916382255,0.18919727407344483,0.24284628407188066,0.2817352202126142,0.20470257042796614,0.39551156709302104,0.13842303442604434,0.49554667646652967,0.0865708262756898,0.6037656605216954,0.03114063476904566,0.7101963603668846,0.15208132888967846,0.3695879091167743
26.034000,0.3554055421672424,0.08892112724092543,0.31921432221791085,0.18785318272212365,0.24553719549182684,0.28257214068402403,0.20431048330004722,0.395268006632406,0.13933157054359338,0.4961527968487173,0.08658402842102908,0.6039382170131729,0.030816475634252716,0.7101925348368459,0.15148792295306915,0.3693730786388288
26.084000,0.3596569528542054,0.08935941589189882,0.31975931190176027,0.18703274561499622,0.24876558437694746,0.2837792734676849,0.20413775184711583,0.3951720764801803,0.14030418120648974,0.49678543809489756,0.08640487110292938,0.6039995433688132,0.030063698817663354,0.709950816626188,0.1492495359785813,0.3671984284875576
26.134000,0.36223262349354074,0.08981981792267361,0.3200922808471289,0.1863681522252502,0.2517770872570121,0.2850242940739308,0.20377421364231232,0.395004856559511,0.14104528018042733,0.497303834592143,0.08596867964022364,0.6039179428180003,0.029019529162691404,0.7095436700804948,0.1452250981037272,0.3624153914573232
26.184000,0.36569606230960294,0.09071471400678519,0.3201867901336487,0.1858157469784498,0.2548240064533696,0.2864522538090484,0.20352473360127796,0.39493443946565004,0.14207975444256768,0.4980097252279623,0.08593353655793895,0.6040644385463395,0.0284968049431234,0.7094258255011155,0.14484528135521046,0.36289459952511066
26.234000,0.36709245857238526,0.09111209594524038,0.31948549278514593,0.18508501297221314,0.2571307796310869,0.2876125202439144,0.20289924355966876,0.3946589610781316,0.14283483966631416,0.49854479930852125,0.08583193616353696,0.6041415274404699,0.028086794232711598,0.7093342010603695,0.1423621787473732,0.3614805388717903
26.284000,0.37045886962335445,0.09278644821007727,0.3194680341735774,0.18497110369625364,0.260089650712374,0.2892505723251841,0.20264922026466267,0.39460994281484996,0.14382421255008054,0.499202573852495,0.08572962115058796,0.6042026617101882,0.027458823199500604,0.7091050644764783,0.1380240162258137,0.3571382138642885
26.334000,0.37227215073264874,0.09386677763633756,0.31910617354027704,0.18480977086431788,0.2629757304904553,0.29087283400256875,0.2024103935405597,0.39446742825860087,0.1450000139125818,0.49984317646531723,0.08591479441143107,0.6042890324651486,0.02723187920506015,0.7089614522420287,0.13805897967568992,0.35844103366741237
26.384000,0.37470367372173324,0.09578392661987359,0.31854099402588953,0.1848103703626703,0.26578330580709264,0.292590824681745,0.20216969749921213,0.3943420351797903,0.14624119954972917,0.5005117253787807,0.08620898342650002,0.6044161671862888,0.027157594730417456,0.7088811541104334,0.13351548564071317,0.35382245632963477
26.434000,0.3752386428381128,0.09655939105573412,0.3171222197252993,0.1844167323491928,0.26792788971985276,0.29386954245194324,0.20165028427081583,0.39390593051913264,0.14741165056249844,0.5009487749053974,0.08670676750203471,0.6044616589941759,0.027540154694109087,0.7088614287529644,0.1334813335365693,0.3556912164630453
26.484000,0.37590274481351366,0.0980275790049197,0.3153011533642837,0.18402525713198742,0.26984431553169186,0.29508234098581515,0.20102199120100672,0.3933853809784894,0.14859389368680742,0.5013265435769578,0.08730766971549941,0.6044963005359731,0.02811902574131303,0.708883581481564,0.13088404284854127,0.3555522636264227
26.534000,0.37651940260459266,0.09913158366352402,0.3139600956774052,0.18389139737523996,0.2719103519581677,0.2962827628056799,0.2006660872431205,0.392844943391613,0.14982433158657388,0.5015423024935675,0.08789580024140525,0.6043277927297307,0.02858139001709653,0.7086436627563822,0.12823671683967833,0.355708594287693
26.584000,0.37769294575956575,0.10150438707931746,0.31267827237800583,0.18409083825569936,0.2741911798135247,0.2977514897844023,0.20040040269185846,0.39238193526203935,0.15118014302998706,0.5018230885764705,0.08852606126721024,0.6041679274217424,0.02902534552852687,0.7083776430265857,0.12644585942519848,0.35643041383158575
26.634000,0.3783326833292022,0.10334594234515888,0.311402444278491,0.18469500688925794,0.2762424142095177,0.29942849060428456,0.1999992620687189,0.39209445928506675,0.1522381010852338,0.5021802054171963,0.08881033397632937,0.6040473657760428,0.02904428373254364,0.7081051345309864,0.1218529658988805,0.3527956749901284
26.684000,0.3793553957405773,0.10575828025605521,0.310245286478778,0.18496067546255368,0.278388768378223,0.3006549374227613,0.19988889028744725,0.39141709439222605,0.15360891722191208,0.5021336879633116,0.08950174630545893,0.6035746591584903,0.029544340271285996,0.7075222876146058,0.12049760160489409,0.3543739868789427
26.734000,0.3799201723314385,0.10764073338940149,0.3090251879268859,0.1855593964035701,0.2803144813537929,0.3020741822808816,0.19955639895004618,0.39083302480466187,0.15462301916610705,0.5021029281078369,0.08974872306825854,0.6030550242010355,0.02949736027377481,0.7068325423889199,0.12141142913341857,0.3575542910093302
26.784000,0.3796706902316329,0.11029748555507152,0.30712919954989304,0.18615218040182935,0.2816745393467929,0.3034213591059627,0.1990166478942507,0.39041373222346626,0.1556104743513958,0.5022882337792903,0.09023457963786385,0.6029162238735026,0.02993351891740459,0.7066648724236566,0.1169889828014894,0.3542241982742398
26.834000,0.37971430503872183,0.1125902231782461,0.3054333859579583,0.18728778982451807,0.2829831396110741,0.3051690285308115,0.1983677220295172,0.3902585761112919,0.156275801688897,0.5026341528261552,0.09024702199728996,0.6028349524855927,0.029727128154601823,0.7064561011436936,0.1158463129351901,0.35683722558354036
26.884000,0.3796859859105322,0.11590427961658949,0.30383821586773785,0.1884559630636375,0.2843496865124775,0.30686287681265934,0.1979317466234586,0.3901211476650943,0.1571640428183318,0.5029838710349326,0.09055742956108348,0.6028015000911202,0.029876785594062483,0.7063285953258795,0.11260024139926178,0.35836320619933715
26.934000,0.37959569513000097,0.11814301728494177,0.3022754068409896,0.18968972461798395,0.28548665193263123,0.30850949447395987,0.19740898381489883,0.39000995078521355,0.15782565682456795,0.503293489855886,0.09064984736294562,0.6027289494423728,0.029781664567994137,0.7061458935242799,0.11428376642037535,0.3627466269052819
26.984000,0.3794379515317463,0.12143027754015055,0.30080775691520134,0.19096148285088188,0.2866368960430182,0.3101218231581385,0.19703871812029414,0.3899476743150656,0.1586246630506707,0.5036330312134276,0.09094179863767671,0.6027240492970675,0.029929471401175523,0.7060560188185379,0.1145905123905328,0.36648339029290383
27.034000,0.379346122307042,0.1235854670898986,0.29945992054005627,0.19225535237245206,0.28761123925848975,0.3116689560861322,0.1966107352651494,0.38989240700053535,0.1591998933117992,0.5039118303648967,0.09099996815383732,0.6026476911675878,0.029797161834818287,0.7058669553515406,0.11730698551878355,0.3712388194196323
27.084000,0.37922737199547607,0.12671624822289204,0.2982412782735161,0.19355093288610195,0.28858584404623017,0.31316185458593065,0.19631129686070672,0.3898782670522772,0.1598581033545337,0.5042074614131291,0.0911909258053103,0.6026189380173519,0.029825451496431954,0.7057415764768404,0.11852331859870319,0.37510297313193985
27.134000,0.3789939760083151,0.12833400551971172,0.29704993988928147,0.1945353325935365,0.2894296678261583,0.31429313590297736,0.1960859044839841,0.38970495092229895,0.16056112218307983,0.5043260215963599,0.09153931428396272,0.6024891003692919,0.030092979192383074,0.7055635778296813,0.12194806767339617,0.379594072289147
27.184000,0.37838350575946594,0.13046132271980398,0.29576428777856306,0.19537137119758424,0.29008995299208373,0.3152371374726346,0.19584571243881232,0.3895205348268874,0.16125578177765584,0.5044271782241228,0.09198679520541281,0.602415991357092,0.03054561167066705,0.7054935396680835,0.11905745774360349,0.3785119780270234
27.234000,0.377766202745009,0.13165430277991036,0.294414165160673,0.1960631952638677,0.2904254351745019,0.31599688415977334,0.19546013681709654,0.38935621865661507,0.16170255456796784,0.5045101398009841,0.09226192064795724,0.6023773884389105,0.03086333819973247,0.7054803179462761,0.12126611621418121,0.3823453986957379
27.284000,0.37740207215281435,0.1329960735253212,0.29350690325445405,0.19633896560024167,0.2909980965315323,0.31631273727066556,0.19535805768894876,0.3887902025284209,0.16230987363115354,0.5041497167891965,0.09267457915525945,0.6018785547197455,0.03127314857861807,0.7049797880932698,0.12590994572767916,0.3865884144888885
27.334000,0.3772350396645975,0.134091675357332,0.2927438483524639,0.19700906269681184,0.29134466743718895,0.3170009053060754,0.19509869091291968,0.38867176411835536,0.16253445044982334,0.5041688214101393,0.09265816912384994,0.6017254988241092,0.031167782864051252,0.7047737030666904,0.12940688435380535,0.3902065995246504
27.384000,0.3770378140084357,0.1354072913171318,0.29215962249193156,0.19756500382378267,0.2916608573424393,0.317563967291496,0.19494068998933795,0.3885936035512152,0.16277532820217072,0.5042023813369034,0.0927151670126315,0.6016270897742184,0.031162981490282293,0.704638392345452,0.13350591422276112,0.3938356132267575
27.434000,0.3769420751283168,0.13605458957302285,0.2917261196196442,0.1979868118622335,0.29187005700839386,0.31798672553731944,0.19479854509898015,0.38853544328343065,0.16291083736029277,0.5042211126430018,0.0927053977276846,0.6015411837793928,0.031096160000544715,0.7045183745872642,0.13882538749347206,0.39749552800217414
27.484000,0.3766780391333003,0.1364656103374234,0.2913228960432837,0.19811420351752693,0.2919233745268208,0.31811270111452195,0.19465492296452802,0.38838964136278964,0.16298869658624787,0.5041361320523134,0.09272718792900525,0.6014157311530921,0.031120401643748075,0.704394388571032,0.14383998046374669,0.4006513805722524
27.534000,0.3766232885935445,0.13655873248296255,0.2911508813924237,0.19813651807895083,0.2919556277649538,0.3181338196455919,0.19459201183780026,0.38827885720056987,0.1630214555165593,0.5040514790658763,0.09272815750237573,0.6013081099672657,0.031116330865017916,0.7042837518366329,0.14969435425557814,0.40366890932485244
27.584000,0.3766568216057008,0.13650240501372357,0.2911825239670409,0.19813454146798862,0.291941182432857,0.3181321432662403,0.1945974190280235,0.38830472855553694,0.16300447484650993,0.5040712430489069,0.09271687599516837,0.6013319928286247,0.031104826681703668,0.7043075014673064,0.15570809430762372,0.40643269605830823
27.634000,0.3767917294260698,0.1362950261775894,0.291465902048626,0.19807577964840156,0.29190313127951023,0.3180749831065898,0.19470657364884678,0.3884513227723405,0.1629617510721784,0.5041762822217863,0.09272172551234414,0.6014713941717389,0.031115334939927408,0.704450288323108,0.1620035756347328,0.4089751013691345
27.684000,0.3771801582066917,0.13579483126368003,0.29200675977742946,0.19798552561387794,0.291838996840177,0.3179854083454744,0.19490170240698132,0.3887184342101434,0.16286232529157332,0.5043621902631904,0.0926945708792189,0.6017094359393138,0.031083035373301093,0.7046852519963037,0.16895734689063074,0.4114137583316025
27.734000,0.37753896241483426,0.13532885685715026,0.2927634924227385,0.1978626743511281,0.2917763767977776,0.3178586142938735,0.19520681380126043,0.38909287222263755,0.16277559912594378,0.5046273532864461,0.09271896122872669,0.6020545953008758,0.031112481311958595,0.7050334360025695,0.1754779352832006,0.4134604032155792
27.784000,0.3782251337022306,0.1344452205102658,0.29375227309655827,0.19771236263805275,0.29165097943079443,0.31769396358140656,0.1955674196055196,0.38958241558381657,0.16259556467208655,0.5049637692864345,0.09267376266012584,0.6024878258232714,0.031059199765700596,0.7054618305008057,0.17821151630787818,0.4141668857197109
27.834000,0.3787913552336584,0.1336506908370102,0.2949640774807522,0.19745343580659114,0.29155790428289213,0.317405084332266,0.19607175570912833,0.3900851738531411,0.1624777452020981,0.5052869206143423,0.09273410779774954,0.6029384696714146,0.03112832862213699,0.7059177295541438,0.18535797004716342,0.41610260601473903
27.884000,0.379966787253403,0.13214589796555345,0.2966008701508522,0.1969775458187097,0.29153783680716455,0.31687068863059226,0.19674055241527047,0.39044700867937165,0.16232221659651208,0.5054051669781315,0.0927352666047303,0.6031684340616248,0.031077082066207462,0.7061163251493359,0.19244124353296405,0.4175721790865422
27.934000,0.3807843526944516,0.1310567053590873,0.2982805985283136,0.19655846078905692,0.2914202794337994,0.3163622003881017,0.1974385915364186,0.3909774960046988,0.16215322376439997,0.5056724951161955,0.0927873976991842,0.6035927799109326,0.03111848665843192,0.7065342458565853,0.2011588956751568,0.41913387042400074
27.984000,0.38226990428753,0.12919078389392621,0.3003016016505994,0.19601967678824578,0.2912960738948004,0.31568128495828285,0.19822635188074308,0.39143104960627373,0.1618743401808793,0.5057924558820492,0.09270672165743027,0.6038528482318386,0.03096483663377536,0.7067505626560465,0.21002261994993676,0.4204053559803449
28.034000,0.38338907859553223,0.12783137924325402,0.30257327223733227,0.1954047834064826,0.2912688180129704,0.3148711356345856,0.1992100295565807,0.3918463229870147,0.16172406411432091,0.5058410702118834,0.092783878537124,0.6040614897415393,0.0309767386527679,0.7069200210324129,0.21720770423767027,0.4212363073618427
28.084000,0.38521903029469157,0.12574330562489947,0.30507266135863464,0.19482638429262206,0.29114916236023586,0.3140158812109386,0.20021155900759408,0.39231244752439437,0.1614139355350701,0.5058674756512203,0.09269005717713097,0.6042393646411304,0.030769004368982167,0.7070293603563282,0.22648840254454808,0.42217089101842675
28.134000,0.3865345232223008,0.12434652753683334,0.3077759344759755,0.19430683444296318,0.2911213893705682,0.31314549030599326,0.20140610866931133,0.3928397084695118,0.16125477808136898,0.5059231761030156,0.09278189388254282,0.6044699372344406,0.030763856351487262,0.7072014466207852,0.23340941714215846,0.4228196966128615
28.184000,0.3883921046182409,0.12218951815030336,0.3105906230767246,0.19385855030970325,0.2909356246626504,0.31223794478238887,0.2025770092234965,0.3934337271650775,0.16093379466806482,0.5059763532277064,0.09272546182282188,0.6047064060506808,0.030589217109313616,0.7073664620262305,0.24007424236568808,0.4234317169374324
28.234000,0.3893378090519063,0.12076545321913798,0.31317110093392947,0.19353920572958855,0.2906437660091818,0.3114057369468408,0.20388129008416486,0.39430490926653006,0.16091488729337744,0.5063490444598369,0.09317430764047402,0.6054006162205027,0.031115143182782135,0.7081072864361773,0.24832178101212743,0.42432882371473524
28.284000,0.39081332336380814,0.11885462269876325,0.3159160367114676,0.19348106886242317,0.2902213042476223,0.31069787961758466,0.2051612425660643,0.3953429379891724,0.16069605407996276,0.5068007641517864,0.09339407050726273,0.6061508673584766,0.031347634873454766,0.7088652277232268,0.25809610777881054,0.4257118106745684
28.334000,0.39196788133962973,0.1178983415472867,0.3188025122391156,0.1936887516982504,0.2899735787885018,0.3101743413482152,0.2066297834453296,0.3965098020685667,0.16067586639382084,0.5073621250375646,0.0938016882303574,0.6070006933480406,0.031758969837673345,0.7097172990865777,0.2615698732630286,0.4261672825937871
28.384000,0.3933024075316408,0.11648350751828906,0.32155219895309156,0.19418032771402474,0.2893819848431685,0.30978775534750125,0.20796188797798004,0.3979397140689523,0.16043482683773352,0.5081267299072256,0.09405437608217887,0.6080949036301109,0.03204502594124481,0.710831657010284,0.2704230240249089,0.42783975535932955
28.434000,0.3943265888936031,0.11538582582867733,0.32464480402699925,0.19439094934019163,0.2889845552691792,0.3089699467984097,0.2096091074829633,0.39896738169928453,0.16042729692919416,0.508425819065497,0.09455075851833078,0.6087267746292488,0.03256080529919819,0.7114752330113066,0.2771108921251531,0.4290060425578832
28.484000,0.39590649289985597,0.114545099984406,0.3278282121943008,0.1952794475042257,0.28845220248374315,0.3086352142709572,0.2111800417319585,0.400444871566637,0.16018356413067922,0.5090697272501412,0.09474768794943855,0.6096587232108989,0.032687843149127926,0.7123649823354594,0.29014498429492597,0.4314802196568003
28.534000,0.39677864273846286,0.11404188334338816,0.33088979736309637,0.19623688114260324,0.287928154140666,0.3082828414072569,0.21287334677846595,0.4019139040511412,0.16016091376196767,0.5097164986650052,0.09524571567221324,0.6106422984238773,0.03319626608855941,0.7133548380982794,0.29586225796711824,0.43301996168365997
28.584000,0.3984480730399365,0.11357151603580688,0.33416684279369135,0.1972832001842324,0.2873349280658062,0.307767460433509,0.21447889628884503,0.40311943279740103,0.1598176237806935,0.5099470756983011,0.09528048048040039,0.6111150406607199,0.033073312271334365,0.7137321358418255,0.30113586196616,0.4345272600212764
28.634000,0.3998239004288991,0.11357382195278437,0.3377124813654217,0.1986585060358741,0.2871431633886005,0.30748287866358814,0.21639115577346837,0.4044063196723939,0.15981004443302507,0.5102296528175689,0.0955826431757339,0.6115945428251411,0.03316734893515089,0.714085181633586,0.3082502378545965,0.4360838270619133
28.684000,0.40253339434208024,0.11409232171211729,0.3418669947245921,0.20042440564705546,0.2871335109970259,0.30721506890134836,0.21850904065808893,0.4056563309315326,0.1596841137227141,0.5102490074002535,0.0956049004354928,0.6117076414559138,0.03277706466806901,0.71394590754438,0.3166858261684713,0.43883807636009153
28.734000,0.4035562694405644,0.11426731158361783,0.3452777510714142,0.20202171239330421,0.28686627044165675,0.3068458457276424,0.22046528005289745,0.40680037775934796,0.1597271781364492,0.510293773564986,0.09597111087450622,0.6119557816459847,0.032937292528528284,0.7140671803469202,0.32141169858450197,0.4410272559366851
28.784000,0.40408163502946703,0.11421801939116892,0.3479908098100163,0.20344072480169195,0.2858360406035839,0.30608956631921413,0.22200768725581216,0.4077062052564912,0.15937148126137415,0.5100619852526276,0.09610424216108598,0.612028923309152,0.03298878303747421,0.7140898797009653,0.3283407928623109,0.4426147741225339
28.834000,0.4047462794290047,0.1146691068762877,0.3509320391728106,0.20523107742046365,0.2851727349364739,0.305608933063621,0.2238449189617757,0.4087539716604437,0.15934161417891096,0.5099435149499566,0.09650972517494505,0.6121792901179076,0.03327342901091124,0.7141654207798023,0.3356695923018497,0.4453319643841911
28.884000,0.4051196044882535,0.11538138065041856,0.35342001478241525,0.20705954177129393,0.28411763313672866,0.30502473915358963,0.22538705158184785,0.4096704212918078,0.15903920232675156,0.5096602352687772,0.0966753524588087,0.6121821852579694,0.03334232211606458,0.7141082725346818,0.3390190486731367,0.4477246914502062
28.934000,0.4061962698567783,0.116678876159899,0.35662210762303476,0.2096293979865087,0.28390170758283795,0.30508485051748907,0.22743149438812907,0.4109674034788199,0.15918880732698415,0.509673713624448,0.0970672521825846,0.6123426592035184,0.03344873089079625,0.7140907979998928,0.34506006033209247,0.45105773067942245
28.984000,0.4077134128458407,0.1189663368052616,0.3598365953222203,0.21251209444154942,0.28354041036784844,0.305134403640836,0.22943608296851645,0.412245195611886,0.1591578605745799,0.5095127208047698,0.09723687335584491,0.6123027560312307,0.03326020150597081,0.7138260807355238,0.3505749708964032,0.4552838369392871
29.034000,0.4080966710666532,0.12037759601314109,0.3626132571106414,0.21539662282432193,0.2831322762329752,0.3053008701013752,0.23132299206647447,0.4135404103542533,0.15922873137262783,0.5094696424728944,0.09755526516557628,0.6124083794283309,0.03330433056535381,0.7137583542825565,0.35744663091019474,0.45786209815969214
29.084000,0.40862120229376714,0.12293107162103305,0.36517758061255395,0.21848584947949384,0.2824930943945886,0.30545294520459454,0.2330758037360492,0.414805272038297,0.15911964305248658,0.5093065222783404,0.09769397582352207,0.612393317773477,0.03315079046735625,0.7135574281291772,0.3585274088640471,0.46111042507040406
29.134000,0.4084953469733592,0.12453200273050298,0.3672410352054111,0.22146249684563515,0.2817069902046415,0.30562856569464,0.23471259538564404,0.41604381307927996,0.1591186216548188,0.5092401173812819,0.09804693252864222,0.6125370136907614,0.03334179956832145,0.7135976181246666,0.36253161071123274,0.46589484071539733
29.184000,0.4081317143319137,0.12712577461572103,0.3690582057938328,0.22449181715050542,0.2807768613207758,0.30577160687208915,0.23616048636163103,0.4171689995033562,0.15894172381126967,0.5090235732053411,0.09818616457446266,0.6125067216972725,0.03328805041852939,0.7134435077517306,0.3713648994665297,0.4694025736660787
29.234000,0.40778052453436797,0.12888672453646885,0.37065536988636977,0.22747218377031347,0.2799048819719945,0.30598555169763286,0.23761544430214113,0.4182869473325741,0.1589281871222898,0.5088867020646353,0.0985258951447121,0.6125764466098609,0.033497586074783314,0.7134294040256235,0.37095163982706775,0.4729739006945797
29.284000,0.4056871582780612,0.13074485758915988,0.37123115667905016,0.2298914239607006,0.27832227850645586,0.3058383811895342,0.2385935600829959,0.4190710129422801,0.158695605625509,0.5086048996247267,0.0988819966476226,0.612635338330918,0.0339609267177034,0.7135573610942008,0.3725570494733122,0.47741920334271215
29.334000,0.4046569783409874,0.1321817432144614,0.371895506617819,0.23230388382742556,0.27701672380501297,0.3057750790428565,0.23968936446078587,0.4198218599271659,0.1586549494697364,0.5083284900318152,0.09937821826000864,0.6126657754912759,0.034541444788946774,0.7136419746931847,0.37744395663468544,0.4791964264085021
29.384000,0.40321704650843365,0.13461186528464197,0.37263218067005627,0.23495542431662725,0.2758303901425929,0.30587378110752356,0.24071904811097702,0.4206221739430127,0.15850055386941125,0.5080299493196381,0.09963064982913766,0.612597317068745,0.03476483025745758,0.7135548598776885,0.3776885991531376,0.48332929670268054
29.434000,0.40229530237857536,0.13618882249922185,0.3733345655418657,0.23747468576731784,0.2748454963193314,0.3060305260978995,0.2418550922790768,0.42140657750346466,0.15859466601428923,0.5078224407356791,0.10015329705662601,0.6126299137191273,0.03530950448227349,0.7136016056124961,0.37742854748613225,0.4875506274910641
29.484000,0.40084245962440684,0.13854091852808975,0.3738456587635177,0.23989508482439936,0.2737945759107413,0.3061505058840097,0.24282953932912374,0.4220865507933587,0.1585788939232903,0.5075372895184942,0.1005389369010149,0.6125675869988445,0.03570798950543069,0.7135475268868143,0.37411138916391584,0.49049645102243355
29.534000,0.39976214393313564,0.1398396313365986,0.374209383426319,0.24203750604657498,0.27284285081350057,0.30626231485164,0.24373596527506394,0.4226787622044293,0.15865115366216143,0.5072989420245857,0.1010140197608515,0.6125508341483931,0.036238031213730426,0.713566037497904,0.37187677463303453,0.49421697699474443
29.584000,0.39814210323018867,0.1418877144185136,0.37441034089559094,0.24412090445046306,0.2717869325040988,0.3063176571801113,0.24445840562631485,0.42316435854001366,0.15854640826058378,0.5069445991020376,0.10127060535478294,0.6123935554813958,0.036518455670195626,0.7134240415300379,0.37695676634246567,0.49659870013290536
29.634000,0.3970815473535303,0.1427032314950353,0.37457399086218496,0.2456134674753556,0.27092094410195,0.306078712764272,0.24528599671703788,0.42330861281913545,0.15872002260330167,0.5064129576110057,0.10186174059033648,0.6120876270745925,0.03722212756114296,0.7131901514121928,0.37187536231500395,0.49896892833411144
29.684000,0.39568361090964793,0.1445537552929437,0.3746919592356478,0.2474672653936619,0.2700734440359732,0.3062462265272496,0.2458700649698769,0.42378003628806404,0.15863676129143564,0.50618362072593,0.10205830252329623,0.6120083720978925,0.037425285550705345,0.7131151133021633,0.3678462370743919,0.5015300106021539
29.734000,0.3949164656804532,0.14551700915793284,0.3747835527104967,0.24892156883399263,0.26936471803970896,0.30625279304815045,0.24642608257330345,0.4240399696944014,0.15863772265837126,0.5058519728316352,0.10232356816486321,0.6118176087803291,0.037717393147143674,0.7129415038271172,0.37019774128152455,0.5026891465477726
29.784000,0.39381554841342886,0.1465124184205784,0.3748040146292675,0.2499792638731675,0.26870036513318596,0.30603294837443024,0.24685693448923854,0.4240281369459725,0.15858250978156718,0.5053154418477249,0.1024911667979414,0.61139918820667,0.037901053160023235,0.7125333427748406,0.36367851251051453,0.5043364345736807
29.834000,0.3932867000185301,0.14744772946562357,0.3748865558372539,0.2511733783898561,0.26822418700347694,0.3061564581914516,0.2472617113281491,0.4243113337121536,0.15857827968053081,0.5051522203228744,0.10265311757754586,0.611323667726067,0.03806024466680491,0.7124560600100338,0.35728863595306903,0.5051063552142723
29.884000,0.3926004623188298,0.14839811912834805,0.3749221032147704,0.25213011007616104,0.26781584687513527,0.30624341575590075,0.247554984759595,0.42452062178197425,0.1585402260325296,0.5049965357466809,0.10274263173328824,0.6112350808719703,0.03814185605814896,0.7123624252559899,0.3588264041411046,0.5062457893233677
29.934000,0.3922966727072975,0.14895038431970203,0.3749623337723952,0.2528583770437004,0.26753768110210113,0.3063368212867852,0.24779210132557286,0.4247011405695948,0.1585381897981585,0.5049117338665485,0.10283612961792532,0.6112003997330011,0.038231826688503445,0.712325490798454,0.35119286755324863,0.5068729199894884
29.984000,0.3918996279180375,0.14938924815260418,0.3749242804295348,0.2533019261697696,0.26730110814937136,0.3063797255504449,0.247892763034288,0.4247998088958732,0.15849115282106774,0.5048457462745861,0.10285679138414411,0.6111698631413899,0.03825645437528108,0.7122974877467073,0.3445356721282042,0.5074857709485534
30.034000,0.3917951647627659,0.1495099418756414,0.3748957082605245,0.2534901792610436,0.2671903484600967,0.3064010048776139,0.2479385590678285,0.4248466405246567,0.15847869921910973,0.5048274724471546,0.10288214038266802,0.6111713610609705,0.038291354852977966,0.7123050865171805,0.3449899508132689,0.5078005129264765
30.084000,0.39186045556004984,0.1494083706674024,0.37489365860490237,0.25341744883675055,0.26722034363999747,0.3063934551384082,0.24791945213981106,0.4248310994365181,0.1584846764435341,0.5048399795432317,0.10288051150155975,0.6111798913406893,0.038291881664904936,0.7123149935348485,0.3361756785805918,0.5068646580379315
30.134000,0.3921000458874018,0.1491863306923532,0.3749402311087118,0.2531222788032328,0.2674004648802201,0.3063688624504463,0.2478562804727663,0.4247666025115477,0.15851810490808244,0.5048833322497163,0.10285890861922525,0.6111944505223637,0.03825995740982929,0.7123229603631379,0.3272818153300102,0.505194832339215
30.184000,0.3926279548455014,0.148521237311243,0.3749695318864084,0.252510001832567,0.2676967047769976,0.3062923461841408,0.24772553440572487,0.42461881133036866,0.1585901209132629,0.5049610670961002,0.10285482024601145,0.6112323061946014,0.03826250290321398,0.7123650533158326,0.3268731416113105,0.5048547662085662
30.234000,0.39321510983689584,0.14797956718347732,0.3751219902786785,0.25175816410849855,0.26820287536359794,0.30624029756319904,0.2475926707367098,0.4244571299739762,0.15870807450713306,0.5050767836144201,0.10282537264326091,0.6112705858459702,0.038202503066610605,0.7123838131096638,0.3170616592154938,0.5018468076016026
30.284000,0.39431824172978713,0.1470291815423097,0.3752697516946185,0.2508441713240928,0.2688312075967053,0.3062592985937885,0.24735985380636777,0.4243227601998675,0.15881097847466363,0.5053110104432843,0.10272711663104384,0.6113987120901095,0.03806003917926526,0.71248367187071,0.3067339978989062,0.497518228401679
30.334000,0.3952313877087619,0.14630242036830643,0.375475792587797,0.24977870199322216,0.26961578166732064,0.306291161500735,0.24710876174485458,0.42416157359739015,0.15895486665658998,0.5055795739342333,0.10262200479750788,0.6115352659675344,0.037893232375384334,0.7125807310843927,0.2968435739101239,0.49320716372778556
30.384000,0.3967681107055439,0.14521790107766394,0.3756823881832536,0.24869527030432043,0.27054971176116904,0.3065495730684988,0.24689207599185714,0.42419444660664557,0.15925120489896766,0.5061644271731891,0.10268478965159117,0.6119956166499279,0.03793977660522069,0.7130306763352927,0.2876596714910603,0.4886290516792825
30.434000,0.3981904593520015,0.14438481232637185,0.37615915234543046,0.24739927391527788,0.2718495670969797,0.30672473577859716,0.24675308440596955,0.4240710887536249,0.15964848444847887,0.5066107075208903,0.10272248289543018,0.6122489124809438,0.037875438006730044,0.7132185156751869,0.27719617943766334,0.4821106105643044
30.484000,0.40042215660175157,0.14297351579980025,0.3765802042094294,0.24590865001805032,0.27326702520171064,0.3069527901407392,0.24656971478896636,0.4239453267263057,0.16012017116282695,0.5071707820079208,0.10282505942647274,0.6126092482862133,0.03790230241425152,0.713530185766659,0.26696499679690794,0.47468987528662754
30.534000,0.40212426915485144,0.14203349655182315,0.37711622354661906,0.24436606179851822,0.27487063586267846,0.3071819817485203,0.24638320903906652,0.42375155973938794,0.16059497834014766,0.5076585288989813,0.10283928817488946,0.612845411415456,0.037774045155992864,0.7136745448585828,0.26467234836401177,0.47215372349324075
30.584000,0.40485054191079795,0.14060430593206472,0.3776592971977639,0.24274005522344216,0.27666602843277055,0.30755023701736556,0.24622151045445337,0.42362405544799886,0.1612078302889035,0.5083156972121629,0.10297272089557807,0.6132379161838726,0.03778152547532254,0.7139856607724143,0.25426801234122653,0.46342074428799984
30.634000,0.40676790595558665,0.1396584658911311,0.37819684152483357,0.24105398330861108,0.2785401856763005,0.3079012042312994,0.24599395335361388,0.4234033373786895,0.16177098622664154,0.5088813568242105,0.10298948080413833,0.6134984425237471,0.03762519831145067,0.7141339758815828,0.24422098879415438,0.45396763514398386
30.684000,0.40980676279670586,0.1382985937675444,0.37871767010886204,0.23932832673246002,0.28059398841360583,0.308406131086468,0.2457873909235247,0.42324732908213814,0.16246465043267466,0.5096031100477346,0.10311528396429409,0.6138990960664348,0.03758993217288814,0.7144298290409293,0.2372251571499288,0.4473485796210923
30.734000,0.41205207032901264,0.13734784908144013,0.37937932203537156,0.23749687823992266,0.2828497136767062,0.3087852693708366,0.2456314581400964,0.4228677020884498,0.16319181173992442,0.5100669262902177,0.10318226378833695,0.6139844616470803,0.03741974981737717,0.7143602144772295,0.22937521450110276,0.4387805738763414
30.784000,0.41478496410217547,0.13590929069146188,0.37957439046606295,0.23562855444062158,0.2849199201283037,0.3093885113608141,0.24526674120627232,0.4226476187250905,0.1639074485638609,0.5108556994246898,0.10332544244436687,0.6144405464557915,0.03744056191234357,0.7147360225115321,0.22053862664185742,0.42771700826466696
30.834000,0.4169880005290245,0.1353293545513516,0.3799606257196979,0.2339515175705376,0.28714206781496476,0.3100088335137498,0.24496291154325164,0.4223516961094943,0.16458582640307828,0.5114557037879894,0.10331986204592486,0.6146374929340787,0.03719929550067136,0.714777747975369,0.21209583852577435,0.4164555914492213
30.884000,0.420354070390796,0.13452563685935245,0.380340458001113,0.23231930869902884,0.2896544920304347,0.31090719310855464,0.24471586075876484,0.4221749755949011,0.16546924111619815,0.5122858699153238,0.10347217211737991,0.6150300348861666,0.037116514645060494,0.7150146673124362,0.2073543231322856,0.4095082862786701
30.934000,0.42267389781241954,0.1341930712114972,0.38073252777957944,0.23082784350093072,0.2922054632668327,0.31183993425753304,0.2444286036281476,0.4219188681325726,0.16626570504774424,0.5129713875129257,0.10345712638261362,0.6152214850486546,0.036789201562618556,0.7149981747121001,0.19811933222908124,0.3952856916456484
30.984000,0.4260846100198541,0.13394360669453653,0.38104142380692674,0.22946015838195066,0.29489517066220405,0.31299950880512095,0.24422260472668103,0.4217758438302996,0.16725673025401677,0.5138424184741848,0.10364984981281578,0.6155978348437262,0.03670382330780447,0.7151881432838062,0.19107017641714377,0.3832591746586113
31.034000,0.428267358480824,0.1339455665747993,0.3812198142823051,0.2281999307820149,0.2974890094333083,0.31416010946574624,0.24389558879356477,0.42152744744211235,0.16809590023377097,0.5145565139441376,0.10364183781794717,0.6157774299550939,0.03636758135420742,0.7151463104824048,0.1860627479835631,0.37399413219176914
31.084000,0.43229565518053675,0.13487267938438835,0.38183628578731477,0.22755244746748582,0.30057758133018997,0.31585320029524766,0.2438342989465553,0.4215896646974746,0.16913604152120731,0.5155054266206536,0.10366571309864026,0.616072002063087,0.03591469249644835,0.7151164325341846,0.1802200989978106,0.36236129893760105
31.134000,0.4343287071157831,0.13536433502948608,0.38201845991529937,0.22680288543437258,0.30314003037203874,0.3172362495911415,0.24355212699276682,0.42139613520383457,0.16991482429749388,0.516146056848712,0.10353936679981535,0.6161175459940904,0.035378744141814855,0.7148805427025691,0.17883351870232622,0.35966108886291437
31.184000,0.43785694261749325,0.13680808279127094,0.3822885456276086,0.2264329551800384,0.30618259347528887,0.3192116383241844,0.24339696016568163,0.4214758268256346,0.1709714966402791,0.5171552511168378,0.10356209601955968,0.616432502831008,0.03492717549678731,0.7148664791031285,0.17503586605328886,0.3513620560249844
31.234000,0.4399643008874737,0.1379139734987548,0.38222656015479495,0.22602600904564635,0.30897162199497974,0.3210718613232456,0.24319858872023895,0.42144072150311795,0.17204449069597594,0.5180693628800382,0.10370938590722434,0.6167117140964705,0.03468973111398149,0.7148763067570646,0.16935202858009196,0.3376792294910436
31.284000,0.4432586835422734,0.13994727611485824,0.38233229013379316,0.22589571280972529,0.3119843451752543,0.32311282364913635,0.24315435788852596,0.4214104983424311,0.17323982291071266,0.5189397647128952,0.10389731249403483,0.6168765619297547,0.03441680131258673,0.7147155039004127,0.1667828439087401,0.3323766780280855
31.334000,0.4451129706712473,0.14135292843553976,0.3821745207365632,0.22582832320284052,0.31457204895959895,0.324974204658575,0.242876090381788,0.42120148521653916,0.17408957147937892,0.5195295830181044,0.10375689685395645,0.6167577419023166,0.033795279276760404,0.7142532395725321,0.16396186811909957,0.32492124186168403
31.384000,0.4476933717569061,0.14379447038587936,0.3818837060415033,0.2259462952141167,0.3172614139526555,0.32705989155497306,0.24273828026276817,0.4211146763616843,0.17520917012557574,0.5203105396019664,0.10393604153560287,0.6168514176846893,0.033555867547092944,0.7140451989122973,0.16041045491411332,0.31700658853151725
31.434000,0.4486383116466219,0.1450970346167302,0.38086178821282607,0.22574073122237281,0.31941945853300713,0.32881759634444574,0.2422055394113973,0.420676241479349,0.17606563821179222,0.5208037275568039,0.10395231065881017,0.6167186272611913,0.033254858529976505,0.7136818690561733,0.15659275716484727,0.3063086624880944
31.484000,0.4495574666724698,0.1472093562285227,0.3795345624052295,0.22565246381625964,0.32143346436376985,0.3306489513790541,0.2416814924807392,0.420312896087469,0.1770419483887567,0.5214154644864728,0.1041871183983854,0.6167683550913003,0.033267637200523614,0.713569321955688,0.15390408516998438,0.3009207044063693
31.534000,0.4498952335526254,0.14841427152227424,0.3779151924294787,0.22533508733008273,0.32305567813004654,0.33206106177694605,0.2410838761079348,0.4197002290654749,0.1779356467323488,0.5217409126555447,0.10448001410901248,0.6166317448533545,0.03343900489335605,0.713343559071926,0.1498584090880396,0.2940004336548294
31.584000,0.4500050525744662,0.15057953678439817,0.3762150845136326,0.22533033785367104,0.32487550978815233,0.33379345628182894,0.24068515755739608,0.4193035994737551,0.1791784431929908,0.5223420587289638,0.1051547231999374,0.6167903984622642,0.034046316858653114,0.7134526690103942,0.14732266922234227,0.2892016314378137
31.634000,0.45001449177432296,0.15161201628976242,0.3742681856017128,0.2248231013289579,0.32627399733492485,0.3348074542733994,0.23998919083640605,0.4182036902046935,0.18000957516941796,0.5221385048936873,0.10540598401588674,0.6161294841788912,0.034189799149123845,0.7127123761060742,0.1432857374441896,0.28502782814627436
31.684000,0.4500729376339122,0.15421724102182266,0.37256358508984355,0.22510278762906588,0.32793128111988595,0.33649379912610405,0.23964366878919421,0.4177667805464106,0.18119931443134818,0.5225725888000302,0.10604010238022443,0.6161198647831088,0.03473191870398784,0.7126348529496942,0.1382362460446454,0.2778834965802581
31.734000,0.4499808549484184,0.15604031432839782,0.3708266778778744,0.22555271932158788,0.329365360675653,0.3381624843326948,0.23919857648314163,0.4173455066820665,0.1821741356261362,0.5229306057488661,0.10645316645609543,0.6160237570971242,0.03501798826308772,0.7124447886023578,0.13706152542728517,0.2758002959511572
31.784000,0.4499719210443579,0.15909839420171956,0.36928341812196336,0.2262913907033047,0.3306948578401495,0.3399176333293499,0.23881141111118917,0.4171020373051018,0.18304070253729593,0.5233546987506592,0.10675997994472836,0.6159897426632108,0.03515879487876372,0.7122875634950265,0.1334571548504751,0.2726220019273408
31.834000,0.44998918016959055,0.1615714117897508,0.36776375286497986,0.2274222651663596,0.3320793076702709,0.3419937292014522,0.23841404267976338,0.4170058491172194,0.18386456969608433,0.5238906235109643,0.1069394860053468,0.6159912831132286,0.0350945612986589,0.7121073941138792,0.13032238149844771,0.27446210123914444
31.884000,0.4498599202313892,0.16509709655442584,0.36625567590448616,0.22854232489026188,0.3333212563217639,0.3439343697059648,0.23806038207371766,0.41690947393677713,0.1846784786717222,0.5243821327350968,0.10717793643393031,0.615999085057515,0.035128459231929365,0.7119619572264861,0.1282166285857757,0.27099294189507606
31.934000,0.44974442761176303,0.1675376954567579,0.3647687671066427,0.22979920557468067,0.3344138603226422,0.3458964907889984,0.23761579153898793,0.41681992753423036,0.18528824699649077,0.5248098718908831,0.10717735165399384,0.6159070070203344,0.03486783097948104,0.7116740849742021,0.12504820715795623,0.2754184137802599
31.984000,0.4494239293619523,0.17104055032004087,0.36330021511558974,0.23104340360788336,0.3354579686847393,0.3477687620938773,0.23728126094617302,0.41677118275877956,0.18601029793510743,0.5252667511102931,0.10737092886596744,0.6159080751981924,0.034864081224805554,0.7115258405200265,0.1221118310635051,0.27637960855301624
32.034000,0.44914209998036436,0.17325678860632812,0.3618690470103145,0.23225486214380286,0.33628325544562665,0.3494955004481397,0.2368682215714833,0.41670153469955895,0.18652772937403417,0.5256319475571193,0.10738402164812366,0.6158332420455893,0.03466975139309614,0.7112933640928545,0.12026572159072818,0.27935927798367444
32.084000,0.4486756511753244,0.17638763116510492,0.36051415579385904,0.2334220658638496,0.3370879174286072,0.3511132352694359,0.23657328508755027,0.4166632824497556,0.18714701805995676,0.5260115523387532,0.10757047323925062,0.6158312245403268,0.03470056716661679,0.711172594306895,0.11768246345838207,0.275810653677906
32.134000,0.448100584296156,0.177973317545569,0.35904795234435266,0.2342463952414012,0.3376005602465686,0.352314212035209,0.23615475592807025,0.4164137344709952,0.18759024038696065,0.5261474477426313,0.10766531363191795,0.6156572577196344,0.034695017297532826,0.7109218148889228,0.11713822357733861,0.2872774444330657
32.184000,0.44686424713250084,0.17976654419666063,0.35735733420854177,0.23470164528476595,0.33787073255963324,0.3531088762966823,0.23567927392795773,0.41601281721179884,0.18804619889088353,0.5261540454708875,0.1079233103329586,0.6154866975592159,0.034987436987830633,0.7107776120231795,0.11534463083087687,0.28514705633169274
32.234000,0.4458876906510782,0.18059237137854378,0.35567281991692556,0.23498471881462812,0.33799719694568864,0.35367579830943563,0.23523004875394526,0.4156347625639031,0.18850850296092952,0.5261657408394356,0.108298057868362,0.6154197855540459,0.03548102146837956,0.710801540674671,0.11388363195200724,0.2901015480014305
32.284000,0.44502681708045483,0.18192202293440385,0.35444302339301914,0.2352694300018529,0.3382787468742764,0.3541757635498816,0.2349810048053078,0.41524602211512934,0.1889909802815008,0.5260833698009462,0.10865169478165293,0.6152214604545361,0.035881997486316375,0.7106393369528603,0.11277048164386416,0.30213958762674814
32.334000,0.4444600398336947,0.18267730903527632,0.3533977160845649,0.23563953408324229,0.3384670599761481,0.35470705907706557,0.23473567654347977,0.4150378148416543,0.1893396425603473,0.5261197670147281,0.10888871101300185,0.6151571053236782,0.036151340182354774,0.7105996266892765,0.11251411326242705,0.3082698806710045
32.384000,0.44362312655529473,0.18333319322703892,0.3524131435364791,0.2357366602041805,0.3385622812987716,0.3549346199823241,0.23454460013979397,0.4147704119993868,0.1897160974985445,0.5260826096730626,0.1092550915999711,0.615110844125902,0.03662695293630713,0.7106365133161858,0.11064265538634771,0.3066091537066845
32.434000,0.4433353701751949,0.18386002198818924,0.3518006200432109,0.23600164742534407,0.33868223681812504,0.3552824422816814,0.2344128116410013,0.4146784604414204,0.1899379033880887,0.5261324084912538,0.10941140850740161,0.6151014122073271,0.03680299178172031,0.7106420727691518,0.11220007165405749,0.321007759207968
32.484000,0.4430894239818009,0.18423342587838956,0.35140492206498974,0.23607447472624338,0.3387486681518857,0.35540518832968443,0.23431597542770963,0.414513670600852,0.19006128476467204,0.5260552428791427,0.1094880442025784,0.6149819143836419,0.03688698560090492,0.710528166481168,0.11156434165009493,0.32051863735544334
32.534000,0.44304189536190997,0.18433582401615736,0.3512882755710812,0.23609166176537522,0.3388052596378325,0.3554406220172758,0.23428677719890373,0.41439727413179195,0.19010120165837519,0.5259662434473498,0.10948563523584459,0.6148545466728683,0.0368643143529474,0.710385399035722,0.11351924312049122,0.32823927343774717
32.584000,0.4430890740014605,0.18428032152868906,0.3513427970136722,0.23609613278267952,0.33879187340089756,0.3554379708633068,0.2342988619494802,0.41443975522449394,0.19008174317773213,0.5259962270561405,0.10947463944817698,0.6148922046272903,0.03685370888986855,0.7104233537088551,0.11585955018040317,0.3355281716736592
32.634000,0.44324239867036297,0.1840983060197016,0.3516166194846662,0.23607979926620376,0.3387640649104334,0.3553895299712738,0.23439104480229153,0.41460331783782856,0.1900375200852344,0.5261056265366775,0.1094745945946079,0.6150416430676179,0.036861531870949704,0.7105787726136231,0.12315425318672218,0.35233570251276813
32.684000,0.4436763020553437,0.18363004303095762,0.3521580872486761,0.2360394531229785,0.33872032700548893,0.3552846903429467,0.23456608385307035,0.41488245568147875,0.18993981761570966,0.5262758861956351,0.10944749033824697,0.6152758033273819,0.03683562460767498,0.7108138426369961,0.12831798657301274,0.36114922986782566
32.734000,0.44408576938919125,0.18319235961779884,0.3529264540441051,0.23598761554380637,0.3386887189552237,0.3551399839614699,0.23484712291292734,0.4152808430456927,0.18985409882699594,0.5265266419938,0.10946933344046117,0.6156237210354372,0.03686920541652999,0.711170680227809,0.13431724653191035,0.3697443342869232
32.784000,0.4448741871293983,0.18236121826794968,0.35393638901141233,0.23593015824660085,0.33860632288523107,0.3549469178755147,0.23517973160521566,0.41579870680728254,0.189677417979625,0.5268371661568174,0.10942342504443281,0.6160520562702854,0.03682416135979438,0.7115996722135853,0.14070860034992205,0.3781591827777336
32.834000,0.4454971072645594,0.181579294176126,0.35516046667037177,0.2357663319355337,0.33856165057774334,0.35461278449835953,0.23565279644206286,0.4163361003927484,0.1895742839543348,0.5271366901169059,0.10950043797250852,0.6165133044417208,0.036927874477902134,0.7120812019157219,0.14789000432159627,0.38653752957670534
32.884000,0.44680990687060895,0.18022181366176224,0.35674707130743355,0.2354471825421493,0.338522468856671,0.3540552086850356,0.23620631713080326,0.4167561265093319,0.18934838375805718,0.5272293543975188,0.10942802685900338,0.6167432446778986,0.036817701504644806,0.7122824547015018,0.1501052822619563,0.3877154503119085
32.934000,0.44782229126035,0.17920500355159988,0.35859662959404537,0.2352062300255764,0.3385612746119043,0.3535218441715513,0.23692243326269424,0.4173148369622147,0.18919955539030298,0.5274171844738677,0.10945522533775998,0.6170879256577734,0.03680682121185058,0.712598183630195,0.16410474072496556,0.40185675756002254
32.984000,0.4493373378426878,0.17762070154469586,0.36054328923085,0.235004796011354,0.3384348587711908,0.35295061960257057,0.23760083607519625,0.41800828530726386,0.18889477124970272,0.5276792443128949,0.10936469178135477,0.6175400614678613,0.03668338863281867,0.7130252863596241,0.16861304539754352,0.4041102209533095
33.034000,0.45058506071679916,0.1764046533859307,0.36283740273994813,0.23469451364775268,0.3384814778111359,0.3521968069056375,0.23852636880127745,0.41859692876416427,0.18874833059122054,0.5277855129291679,0.10943879924685873,0.6178410415653248,0.036709786108229225,0.7132899318044524,0.18650836825015144,0.4177006763997707
33.084000,0.4527279956486796,0.1745989102449814,0.3654495592925079,0.23443695431875328,0.33850759883872594,0.3513733933226269,0.2395139800016224,0.4191986351543675,0.1884681550160372,0.5278003098723062,0.10934666314242447,0.6180210919776161,0.036501055212657674,0.7133810280374874,0.1991684615292234,0.4249671776971377
33.134000,0.45433232138555085,0.17344695857433595,0.3683402620950585,0.23429698369782237,0.33868420261797627,0.35057474656025234,0.2407290156770083,0.41989127670537596,0.18835404600117728,0.5278582279055265,0.10943305583449059,0.6182544518925367,0.03646614040745472,0.7135215986592145,0.21011450121980502,0.4308618965099429
33.184000,0.4568041673588016,0.1719407401480739,0.3714372420214837,0.2343757969176269,0.3387546442047407,0.3498394179701909,0.24192389217944044,0.42071822623702393,0.1880375054285197,0.5279388274155179,0.10928467763626304,0.6184815914239389,0.03612982441329948,0.7136044984901687,0.21500230169163248,0.43274860706566165
33.234000,0.4579938685754867,0.17075412424847106,0.3741612876332161,0.2345468404937317,0.3385841707146607,0.34915167787484325,0.24308896349833276,0.42181986485132283,0.18785283092505883,0.528351407869396,0.109452274661825,0.6191993730486846,0.03628836803748564,0.7143153168595454,0.22615420822772608,0.4382499484179194
33.284000,0.45998986407508824,0.16902879960215214,0.3770348759453933,0.23472069746350832,0.3383516996096406,0.34831476363122366,0.24433226691440746,0.4228824930829386,0.18764325450668085,0.5286480634362649,0.10962000996288951,0.6198202813032168,0.03644169220378862,0.7149251382237166,0.2406719861562579,0.44473991332557106
33.334000,0.4619563029257309,0.16837833278664405,0.38060314996555733,0.23530396350181304,0.3386415073985834,0.3477282515941371,0.24597081610668167,0.42396566350885506,0.1876408039292694,0.5288351523002253,0.10981025813807282,0.6201719255179188,0.03642745138731396,0.7151190880524445,0.2614283372424562,0.4526741237537847
33.384000,0.4651119101340752,0.1674572821505284,0.3845282495449979,0.2360681746785363,0.3388674972487729,0.3470415755444083,0.24767303972959956,0.42503882496883344,0.18744921055242247,0.5288323237981531,0.10976159251982426,0.6202906968670745,0.036076548661103935,0.7150034959574374,0.2768830585908981,0.4578036109942664
33.434000,0.46673999616108425,0.16694479227793263,0.38811686499209286,0.2370573163326411,0.33892904091634657,0.3465130515075979,0.24936817010280968,0.4263807572410117,0.18739776405312542,0.529141006238542,0.10998206872730332,0.6208296648459031,0.03612464104304586,0.7154080998924943,0.28346207449405575,0.46020698425385176
33.484000,0.46872694415302674,0.166197826266632,0.39140459626806007,0.23817482196626144,0.3386251817920854,0.3459446387405812,0.2508699343399697,0.4277921588289608,0.18714093320215097,0.5294711360758533,0.11006462564438868,0.621445278166228,0.036080477952952106,0.7159246192433688,0.2954027271303993,0.46398368368895815
33.534000,0.4697371440218154,0.1657108326635325,0.394347160671454,0.23928875072083156,0.33827942136697164,0.34538497407154106,0.252401551879177,0.4292001966282889,0.18710876374242164,0.5298821305455916,0.11046526714296173,0.6222172507816546,0.036466046095666116,0.7166847863925356,0.31498796051317457,0.4691989892166749
33.584000,0.4712864268715646,0.16518079355541482,0.39737097670580773,0.24059054079775347,0.33774345929392646,0.3447277538453166,0.2538169197996042,0.43049683895086793,0.18676461601785038,0.5300156238594832,0.1104799868716097,0.6226474507656052,0.036358924132132875,0.7170194172499442,0.32152572488399067,0.47152604993410446
33.634000,0.472391215801543,0.1650845544909986,0.4005259019582692,0.24211146743528078,0.33729718901342387,0.3441022995884136,0.2554527176055864,0.4318603902971513,0.186613814984193,0.5301518216776538,0.11071623702321298,0.6231010425357739,0.03648322633236084,0.7173849760743425,0.34285702313850386,0.47670079810372723
33.684000,0.47402027391995166,0.16519496530408379,0.40369399511929616,0.24380968778496442,0.33705740936615036,0.34360731019658053,0.2572214410826892,0.43319647340540246,0.18666163046828205,0.5302599223723407,0.11110563546209024,0.6234870193806334,0.036735020406630514,0.7176624493750037,0.35279673041645476,0.4790067626055815
33.734000,0.4748661461937731,0.1654071566259509,0.4065507408088248,0.24559771928744414,0.33648577824060844,0.3430189747721105,0.258677291408252,0.43437454041800905,0.18634419184969891,0.5301238104319808,0.11108473436039973,0.6235904571974479,0.03652392487182604,0.7176153777656371,0.3618451311349997,0.481132527072196
33.784000,0.4753460421562288,0.16546672335786414,0.40909589823810333,0.24740906609024887,0.3356613444832022,0.3423162118422698,0.260235928924161,0.43564898576300926,0.1862274599563678,0.5301092764730534,0.1114680533721239,0.6239763693606094,0.03688911300281267,0.7179869094791445,0.3687878865668244,0.4835676480172019
33.834000,0.4755523722653257,0.1656724463014899,0.41147001303067193,0.24928379894175007,0.3346545464383549,0.34147590322454324,0.26165643748160183,0.43671915016900786,0.18592079469293665,0.529800364230962,0.11162476310823455,0.6240346450983175,0.03698013967374958,0.7179930411688973,0.38227485587895427,0.48620721254400234
33.884000,0.4757759821913602,0.16631571961438174,0.4137073242046793,0.25134700768602297,0.33373999632698237,0.34081893880322817,0.2631280538804701,0.43784446937382104,0.18576095290786826,0.5295741356849405,0.11191802817635776,0.6241638944692136,0.037215942715827455,0.7180766115366067,0.38914167458473914,0.48841830569148864
33.934000,0.47616734558107054,0.16724105860230995,0.4161560550755466,0.25382059999137263,0.33303561781630564,0.34037112228807864,0.2646758658282796,0.43899639444546645,0.18558236625761892,0.5292417174581537,0.11204507357810878,0.6240692798298632,0.037143803529667785,0.7178232117214096,0.3963750127220073,0.4902928346908853
33.984000,0.47716933907986014,0.16960203179784825,0.4189099377035319,0.25703549252948166,0.3326078873781908,0.34041388367006237,0.26644324458564395,0.4405250221306678,0.18552566989695823,0.5291384867192321,0.11218424898026608,0.6241176211536354,0.03696946964868314,0.7176202252355608,0.40621076901192193,0.49372830174154053
34.034000,0.4773382596735435,0.1710607933920393,0.421292574033908,0.26025977005510303,0.33205392728999916,0.3404873458846349,0.26820550365431917,0.4420913753074944,0.18561538266827043,0.5291480919631254,0.1125749157952815,0.6243588592032999,0.03715588367908179,0.7176967914416652,0.4127321331294512,0.4967703977312653
34.084000,0.4770544061283728,0.17300024502117092,0.4233132455630258,0.2636052443460849,0.33105619340637094,0.34034269496386205,0.2698393511142757,0.4435536353711127,0.18551735422189392,0.5289339658930513,0.11286940866618356,0.6244445726678683,0.037290311879185245,0.7176529420818829,0.42104839862405935,0.5006916712392038
34.134000,0.4768882995784572,0.17465072578154542,0.4247940725870413,0.26621249377587863,0.33039594817165685,0.3403002397724777,0.2710550224296733,0.4446010285138833,0.18545480434047873,0.5286997958239956,0.11304087519767791,0.6243879500861507,0.03729628047827427,0.7174618796840255,0.4282313176857824,0.5044429290646342
34.184000,0.4766814263815429,0.17763605947562242,0.4269134546888237,0.2704827451939004,0.329573374558721,0.3406604396577767,0.2728823594034986,0.44642493653962423,0.18546274750127167,0.5286308454200935,0.11333848757159803,0.6245375246952977,0.03731711913206054,0.7173855270463453,0.43224234613054796,0.5075222139491071
34.234000,0.4763661968550243,0.1796740118160938,0.42810508339501313,0.2733128050102982,0.32905887784935134,0.34106123057876814,0.27408434659610015,0.4477280056940086,0.18560122284647806,0.5287880871861282,0.11370755890900242,0.624867747289843,0.037564063370143674,0.7176156210505057,0.43795806898545,0.512225977532962
34.284000,0.47513810261262446,0.18200526537046444,0.42919084838724064,0.2768007937982977,0.32776359398952215,0.34092966456072327,0.2754251782866842,0.44891434051844403,0.1854390021981387,0.5283025519414041,0.11394497049147578,0.6246799529767434,0.03767517333912557,0.7173239924090687,0.4426706769288041,0.5145727686394226
34.334000,0.47388031503336414,0.18343425419024753,0.4295568044403259,0.27900019423632333,0.3267517462357889,0.34089623617397574,0.27626217553571353,0.4497576308469795,0.1854300244171574,0.5281765081863447,0.11431826969070186,0.6248363154465669,0.03808763025334261,0.7175125778381599,0.44023248196053,0.5205632272433512
34.384000,0.4718883862497765,0.18538654745598032,0.4298224490649523,0.2819671626300103,0.32520150417966465,0.34074179909260016,0.2772839949761703,0.45075958089051243,0.18530524167846218,0.5278303856209636,0.1147234837523895,0.6248778763049854,0.03854842302888528,0.7175998269087687,0.44457902419280104,0.5223329685524238
34.434000,0.4706843674674561,0.18675565165545008,0.43000500148879456,0.283928423010633,0.32425162688496745,0.3406401833421782,0.2779135727067215,0.4513324808834883,0.18517653527896055,0.527489173886284,0.11487659596792638,0.6247410043722184,0.03868454922856113,0.7174489976288215,0.4416084560155756,0.5274232993428165
34.484000,0.4688355369204844,0.1889073539106381,0.43020276668645924,0.28691177995598804,0.32291186627826396,0.34065806066078397,0.2789051017339289,0.45229768030515327,0.18512133970170863,0.5271615967074086,0.11526482331820148,0.6247324279981218,0.03908341739722665,0.717449165386274,0.44695166192836083,0.5300520196641919
34.534000,0.4677177654407895,0.1903776487258799,0.43032743357715764,0.28886278258914566,0.32211010591729883,0.3407184476042504,0.27951860559314856,0.45290563091918123,0.18507225403574262,0.5269318875954099,0.11545889821186994,0.6246763538885913,0.03925386679328774,0.7173736741653552,0.4397502034683703,0.534507388097498
34.584000,0.4662469351795551,0.19256311631924317,0.43035766210427817,0.2893477995327148,0.32190372194863964,0.34070676043261194,0.27964480950800363,0.4530196462442349,0.1850193227750243,0.5268167821002203,0.11544740957202415,0.6245907504827821,0.03921806937767086,0.7172680815488717,0.4443162898159111,0.5372016122017274
34.634000,0.46510965434319523,0.1936009921888058,0.43052052041148325,0.2920216629092569,0.3209013923534879,0.3408442679586066,0.2804904257821193,0.4538352135284516,0.1849932513941464,0.5265008153212742,0.11572095565686696,0.624487289098459,0.03944112531120231,0.71712306772873,0.4410157782603,0.5400597220417142
34.684000,0.46365456126198074,0.19543086301348467,0.43039841474699203,0.29382699320568667,0.3199954038813757,0.34085012782269647,0.28107999695936575,0.4543648453848742,0.18501232771177079,0.526274531272693,0.11605992492079259,0.6244863744961403,0.03983321999815048,0.7171658730737883,0.4434612623201461,0.5413767189452999
34.734000,0.46279574526922096,0.19651449050018086,0.4303857722763811,0.2957525488943015,0.3192358207615692,0.3409818345204101,0.281607864461731,0.45492979152138446,0.18494560084707745,0.5260382072883574,0.1161961403162774,0.6243922192895154,0.03992899921680132,0.7170384452704611,0.4337096287889136,0.5461250324069749
34.784000,0.46176710867455134,0.19809243945123817,0.4303377124715709,0.29731147253743606,0.3186229806099701,0.34112720807313435,0.2820977444370526,0.4554334070378302,0.18499039843896836,0.5259327925060248,0.11645204068627574,0.6244340286227811,0.04019538187424432,0.7170888827136559,0.43464450515415537,0.546736045327216
34.834000,0.4611412830888647,0.19891981832208824,0.4303574459638951,0.298887630036282,0.31814047079195173,0.34140057490834674,0.2825324671992162,0.45599581948394047,0.18500325538758522,0.52591043056745,0.11660328311330986,0.6245078128493894,0.04031122400310444,0.7171335204943171,0.43722727383304194,0.5485853935588483
34.884000,0.46044595333105776,0.19996384329336103,0.4303408502850334,0.3001362183342216,0.31770544224246344,0.34152782201227816,0.28288447575650755,0.45636466406636966,0.18499626779499112,0.5257757492190466,0.1167144347327721,0.6244549834766225,0.04039156201998351,0.717055302595227,0.43865199650295217,0.5495504003057521
34.934000,0.4600205572561925,0.2003998695895423,0.4302931714237338,0.30105472610795786,0.3173529835715391,0.3416073335198719,0.2831314984378221,0.4566242451252276,0.18497920777152255,0.5256613933641096,0.11679206007105364,0.6244060787323513,0.04045148322725728,0.7169918029405467,0.41009097344033185,0.5538500824197492
34.984000,0.45963259778251453,0.2008768111072823,0.4302419504190733,0.30171450952892825,0.31708919915955835,0.3416701709851254,0.2833146075797829,0.45681910482135035,0.18497927726828278,0.5255952839281323,0.1168712085516117,0.6243945297536202,0.04052763300175671,0.7169777813289648,0.41124151172402634,0.5547537408326937
35.034000,0.4595139292097119,0.20099482189540577,0.43017556533034224,0.3020618797312426,0.3169022426954551,0.3416744330350967,0.2833921009863828,0.4569006036706264,0.184953361318194,0.5255286921776924,0.11689509976664708,0.6243622544568862,0.04055336674624621,0.7169470253322794,0.3954530802383909,0.554712499542685
35.084000,0.4595856069408377,0.20087030045342752,0.43016411598289395,0.3021706725049981,0.3168523407323278,0.34167309760545383,0.2834231382559798,0.4569227762159114,0.1849506240538174,0.5255023937813512,0.1169061095638016,0.6243454210821258,0.04056317047158242,0.7169291974634562,0.3870302272098267,0.5540821392824102
35.134000,0.45974937027631285,0.20060721986826077,0.4301766626742985,0.30196751731825355,0.31691133405287575,0.34160292234594136,0.2833780011588698,0.4568223459814194,0.1849452309034917,0.5254589960942919,0.11688047247271416,0.6242880842107892,0.04053606780235952,0.7168706520832026,0.3785107307428594,0.5525817288206435
35.184000,0.46014451754055036,0.19988433036319708,0.4301950276089186,0.3013337795211545,0.31710859087576093,0.34147674685513524,0.2832310300741045,0.4565954285361214,0.1849594941030938,0.5254627300420407,0.11684781219366402,0.6242594849765911,0.04052236443161089,0.7168576816231262,0.36941238641140206,0.5500815775455664
35.234000,0.4605472278686148,0.19912196379254596,0.4301962393357411,0.30047755355689054,0.31736934166914044,0.3413443024161053,0.2830364386135697,0.45632800459045364,0.1850023850990814,0.5255329491419186,0.1168441804998901,0.6242976146049788,0.04056240297733138,0.7169317898123218,0.3685768514816372,0.5491430742581607
35.284000,0.46127125124878154,0.19766099509952828,0.43018278846598174,0.29920051763432254,0.3177371495696578,0.34110491230501105,0.28274633167357277,0.4558901145779616,0.1850550032651898,0.5255780213680863,0.11682753931116219,0.624294854586512,0.040606628517364574,0.71697911838675,0.3500415697888531,0.54291077242069
35.334000,0.46205073145402187,0.1968161390777358,0.4301241232128132,0.297729513495478,0.31811964862682296,0.3407991974042816,0.2823680020568798,0.45534970925689033,0.18506218954736675,0.5255749102226499,0.11674489843170416,0.624229599583763,0.040583054288943654,0.7169624065896406,0.3480516600078328,0.5405169740717719
35.384000,0.46357496712491997,0.19608038223916646,0.4305072565368358,0.29673995042596735,0.3190482805484338,0.3412022563257243,0.282170387135217,0.45539516749175035,0.18529304051556184,0.5262102767940753,0.11674488651121012,0.6247046958317186,0.04055397657925813,0.7174136233614719,0.34648128751334273,0.539083207724459
35.434000,0.46492133426511284,0.19561713121735272,0.4307653280890127,0.2957898932387558,0.319880171493779,0.34166452726285085,0.28183873914611624,0.45547511299606425,0.18539832083434193,0.5268841160408153,0.1166041886349693,0.6252068874365229,0.040374665349821426,0.7178840679056969,0.3438410497052695,0.5368831922300353
35.484000,0.46757759260254694,0.19466541197912124,0.43166531375393374,0.2944111285157191,0.3216048253810043,0.34223046455368866,0.28176096576334536,0.4554226323515017,0.18589606142337267,0.5276024087150225,0.11664874410042836,0.6256065364014392,0.04027359089302979,0.7181637401867007,0.30985104767942484,0.5182416576679594
35.534000,0.4694129548214221,0.19395391824127706,0.4324625269957115,0.2929360267459538,0.32323017083988004,0.3426179386319258,0.28164009561184017,0.45518021314042145,0.18633334945589158,0.5280953976849695,0.11664066015198826,0.6257833143256144,0.04011743442112642,0.7182181341920674,0.2999622095045247,0.5100810155991977
35.584000,0.4724889493288974,0.192825050670231,0.4334441685643571,0.29105709030669574,0.32543522883213993,0.3433454153699648,0.2815507250476654,0.4550331511675461,0.1870714215737595,0.5290173468791002,0.11684176230768556,0.6263199417025227,0.040183137679487835,0.7186425027053085,0.2911610154657035,0.5018501368046591
35.634000,0.4746118151602246,0.19210878929832564,0.43426849423962643,0.2894215506110788,0.3273580589678582,0.3439207141826497,0.28140175700371967,0.4547720484541901,0.1876184185494681,0.5296364954792985,0.11686092691819577,0.6265559330449922,0.0400296021706012,0.7187348218294077,0.282921475824942,0.49314841269186616
35.684000,0.47777391682433085,0.19114893873977784,0.43502858183916854,0.2878328754867993,0.3293399960229217,0.3446652855019979,0.2812685195403616,0.4546158796275221,0.18825205281489388,0.5304310292866669,0.11697894955857518,0.6269719260717155,0.04000088007867336,0.7190283045525988,0.2793295527081683,0.4876901256894024
35.734000,0.4804896906356735,0.19092994482744674,0.436140228944478,0.28648363092953244,0.33174380274899773,0.34565614310859083,0.281223974912325,0.4545034995087528,0.18893121547258102,0.5311980009737135,0.11694976167007165,0.6272119078228306,0.03966856826391468,0.7190139619701937,0.2657098701098998,0.47085260047559196
35.784000,0.48408896228566284,0.1902208749894036,0.43696409273534476,0.2848315502011467,0.3340833534599359,0.3466017168363853,0.2811029726935335,0.4542728794280776,0.18968891243036745,0.5320126349345233,0.11707045457280185,0.6275456636648459,0.03957775884244258,0.7191692529224255,0.2576892651251369,0.4585684987310442
35.834000,0.4863904985150157,0.18982879797832963,0.43767093627740267,0.28322988015523143,0.3363803644259358,0.3475744219128881,0.28088234782109356,0.45396977027421753,0.19034953777111907,0.532734040755542,0.11705214238593231,0.6277471547438098,0.03931279049122999,0.7191615582423376,0.2516165854346728,0.44853839484507746
35.884000,0.4898168301751253,0.18943227141852206,0.43826303550250395,0.2816683500702735,0.3387718430641613,0.34876158838231697,0.2806911083854711,0.4537693417112191,0.1911533528817303,0.5336629606012926,0.11719227310784552,0.6281603609818375,0.03924345211048802,0.719396216351982,0.24464849960929017,0.4357831390086775
35.934000,0.49205641711767645,0.18930275176395184,0.43875932761454706,0.2801695648290096,0.3411290231141465,0.3499429382830649,0.28041660248204203,0.453451401613318,0.19185843226601274,0.5344294880811322,0.11718101217687599,0.628361819729136,0.03897373274650873,0.7193762221284291,0.2381692424182742,0.42275378248030554
35.984000,0.4954658225177342,0.18950750792624388,0.4392239127510099,0.2788754123945402,0.34365261121692825,0.3514434930022126,0.28023808189856275,0.4533188947012002,0.19274925369270163,0.5354511352597371,0.11734804837639351,0.6288034691183394,0.03889467921558426,0.7196058306918021,0.23350968966549174,0.4123782260433575
36.034000,0.4976981458334873,0.18980815307001142,0.4396249356474771,0.2776993166988287,0.34614681708894823,0.35294452485692984,0.27999387291337385,0.4530633940919642,0.1935341945103229,0.53627832070036,0.11734544178633294,0.6289890210448323,0.03858147827337205,0.7195220981588298,0.22914123602773345,0.4015338146480868
36.084000,0.5016077821708026,0.1911677320032595,0.4403622688199594,0.2770919355259723,0.34900843021944705,0.354902450065143,0.2798704421435493,0.4529837357633799,0.19434690350209383,0.5371604804024994,0.11717507758363,0.629054491545886,0.03792441093302018,0.7191618266251902,0.22459301919835023,0.38900399992758294
36.134000,0.5036721714170244,0.19192056034928223,0.44051239427093136,0.276230955218983,0.3514248290761949,0.35662626433332745,0.27947606737694675,0.45266467170135666,0.19498187725251082,0.5378745997332903,0.11693330692204973,0.6290251382360508,0.037292117042891315,0.7187874960182576,0.22341730100768642,0.3861491034656026
36.184000,0.5067204588256402,0.19354491097552828,0.44060436861553864,0.27565600773781407,0.35399536890144156,0.3587155115130599,0.27926382919753723,0.452604791903856,0.1959062294330846,0.5389269244152115,0.11701842862192585,0.6293521138429734,0.037034677771771995,0.7188093639678926,0.219580861603771,0.37332999529364636
36.234000,0.5086777735284443,0.19481324247935466,0.4406593618999382,0.2752551088087541,0.3565108195346979,0.360806396452733,0.27902392790549,0.4524348943423129,0.1967363159154774,0.539777603900208,0.11695773233764228,0.6294178716503003,0.03656864456313619,0.7185110507763295,0.21641033886580946,0.3648218291046227
36.284000,0.5111098246993326,0.19685341055913558,0.44029803810679446,0.27487080281667575,0.35885206157686,0.3629988511702511,0.27871165075696935,0.452315784352725,0.19763815187050543,0.5407866144484416,0.11705658645541744,0.6297057423949328,0.03635630539891688,0.718517141645898,0.21438492072996884,0.3591557155571394
36.334000,0.5127985338273641,0.19854996401955963,0.440093313447919,0.2747820961230129,0.3612177792588932,0.365217985603484,0.2783948540903096,0.45205324956027215,0.19837317755008954,0.5414765758431259,0.11686014352550983,0.6295426038220288,0.03570446001039557,0.7179380507242934,0.2121557556362061,0.3535270628785714
36.385000,0.514910843294133,0.20116551480939504,0.43962065488462265,0.27476161280413036,0.36356345533080003,0.367580266079542,0.27821024778504316,0.45192971753969,0.19940175695786538,0.5424240365518807,0.117075850365086,0.6297306520152897,0.035586040806677044,0.71781817064379,0.20979275054475371,0.33942420220661484
36.434000,0.5158161231784206,0.20269431308408015,0.43881121063246853,0.27458030789024956,0.36559206653957194,0.36965373708208626,0.2778731211143172,0.45154016216877835,0.20028508658980865,0.5430830313537733,0.1172005432715385,0.6296680107762715,0.035412449707811655,0.7174786465285027,0.2079427806037611,0.3338742653742801
36.484000,0.5164796536671775,0.2046553500225281,0.43750083792188754,0.2741175172765188,0.3673790715908658,0.3714978945356737,0.2775980213155673,0.4511180114096086,0.20145285098332605,0.543864510147871,0.11784013032900742,0.6299395526529148,0.03597563111604296,0.7176789609323064,0.20627896940182278,0.3283151740026458
36.534000,0.5172240454212427,0.20660101142628548,0.43649829164346277,0.27428050612700794,0.3693227067318253,0.3737161173813371,0.2773591284427418,0.45080502880684703,0.20246255732117135,0.5445627145326422,0.1181286419412993,0.6299312726588132,0.035987360052957884,0.7174116122199974,0.2044047557655465,0.322879412396023
36.584000,0.5178826581474414,0.2093679282020445,0.43532936743004685,0.2744249322435579,0.3712097663410091,0.3758580469358647,0.277186381044762,0.4504207924421393,0.2036036245593148,0.5452130808837808,0.11860715985629572,0.6299220000599125,0.036242596065112875,0.7171921474843798,0.20145780406409425,0.3154754872503298
36.634000,0.5179726394272963,0.2108247259020859,0.4338397178717196,0.2742203874739789,0.37281799117500886,0.3775468065106994,0.27697979609325696,0.4497620428772173,0.20478042597388202,0.5456121913088473,0.11925775650618736,0.6297898190202498,0.03678568624504569,0.7169583777260203,0.19912322213489209,0.30782169192427594
36.684000,0.5178521697711157,0.21341248864565354,0.43222585314065826,0.27429976817697765,0.37435078277304834,0.3794210135555601,0.27679009446518954,0.44929169479523895,0.20599805376634683,0.5461858998525765,0.11997740716339761,0.6298545819146868,0.037419525541181775,0.716941872503223,0.19510607124391893,0.3016061017376843
36.734000,0.5177867238420264,0.21523196513888934,0.4307214846741722,0.2745362849201519,0.3758159225547244,0.38123857753070184,0.27663748880385297,0.44879328335290203,0.20713714315404885,0.546618136813348,0.12060005979642174,0.6297525653249765,0.03791138484548723,0.7167156783951667,0.19212417310563912,0.2972124984916318
36.784000,0.5176568171526377,0.21808960213694636,0.42911238470750185,0.27504531116085107,0.37757500457063164,0.3834145800917972,0.2767021150624388,0.4484119659028275,0.20867996910520986,0.5472703882014534,0.12161012323219395,0.6298466677231735,0.03881207792917285,0.7167056551337972,0.18981754761362674,0.2908517622577822
36.835000,0.5173921111959618,0.22032032855535377,0.4278127896243234,0.27575410499222797,0.37823330578209713,0.3850329903358223,0.2761910675609809,0.4481787076793205,0.20892357283774093,0.5475521656731878,0.12135499438547781,0.6295993720110628,0.038317168083622954,0.7162291555907472,0.188477053662976,0.2870957923978895
36.884000,0.5169273661667305,0.2237175159008742,0.4259363059186383,0.2768022141760189,0.3794919179806815,0.3874499381881673,0.27584156033702845,0.44791979316023445,0.2098611380750105,0.5481524419236279,0.1216654366989624,0.6295251539270197,0.038392469889567904,0.7159289327724003,0.18706260512859252,0.28359424153559953
36.934000,0.5165535531960675,0.22593753884842066,0.42472759008401706,0.2775645750058291,0.3802955513454141,0.38903562027558203,0.2756941546571116,0.44784503968145944,0.21055447327001425,0.5486260989574337,0.12199454789238395,0.6296022659271574,0.038601566375320195,0.7158902177726769,0.1814077929580632,0.2926458334250839
36.984000,0.515981321141692,0.2295575802800118,0.42291355536499664,0.2789108918063803,0.38132420493915375,0.3914734341157847,0.275308268005402,0.44769283571397644,0.21128798753036232,0.5491886666032166,0.1221004205184878,0.6294730230526668,0.0384281947869779,0.7154902227346797,0.17831237234083958,0.29432109042785604
37.034000,0.5156301130247917,0.23191938515568777,0.42291355536499664,0.2789108918063803,0.38132420493915375,0.3914734341157847,0.275308268005402,0.44769283571397644,0.21128798753036232,0.5491886666032166,0.1221004205184878,0.6294730230526668,0.0384281947869779,0.7154902227346797,0.1769565857564429,0.29140635797741676
37.084000,0.5151498254953268,0.235302594260971,0.4213102279207582,0.28032206203315324,0.3822985000007689,0.3938037129054274,0.2750458031658679,0.4476261898239118,0.21202724990236976,0.5497470101524602,0.12226040771575708,0.6293831454419365,0.03831955207895116,0.7151382196647538,0.17494003721647355,0.2943787641710939
37.134000,0.5140225620286953,0.23644486426855107,0.4199626653042873,0.2813077053174054,0.38296984520530913,0.3954634378095949,0.27484939625613447,0.4475207957720389,0.21264624183160696,0.5501403240287487,0.12248943270624418,0.6293347036783088,0.03839368912581437,0.7149378923544516,0.17220569323718016,0.2966897527691136
37.184000,0.5128645954375746,0.23836359541203264,0.4179609275434979,0.28138122508035396,0.3830942864618513,0.39620420752303487,0.2743793403766447,0.44700834567558867,0.21319960382512143,0.5502412853195536,0.12293012918310253,0.6293072194672665,0.03894705570752072,0.7150209486387666,0.17047078015835143,0.2944916116236519
37.234000,0.5122440495277923,0.2396352416614615,0.41674878396411136,0.28215014086125567,0.38355987712347395,0.3974692479433769,0.27421623110274584,0.44690574327266586,0.213741251084621,0.5505531107787116,0.1232019293158737,0.6293098959667704,0.039137141350767235,0.7149434841450402,0.16885472971606252,0.29171775153908475
37.284000,0.5108344723889586,0.24051224750349576,0.41538396964497337,0.28249396061116266,0.3837167473826865,0.3982401788330339,0.27390676669155856,0.44663199776058093,0.21412440689075962,0.5506803973463006,0.12343591747928229,0.6292653697525935,0.039385516596052716,0.7149130790701034,0.16766134869104238,0.29013448063424024
37.334000,0.510022524194523,0.24089735107094765,0.4139373039552564,0.2824186954017471,0.38374727302299005,0.3985589641794819,0.27360285173619536,0.44618465534364,0.21456047771523906,0.550654737519652,0.12384550392385246,0.6292091360595728,0.039919762600439335,0.7149790022323973,0.1639313699094488,0.31619082321716724
37.384000,0.5090287333998961,0.2413751611109359,0.4127288479024576,0.2823352655036323,0.3837957540717003,0.3987950271433843,0.2733850745706927,0.44580015294829145,0.21498121617774746,0.5506285332886323,0.12425848556279384,0.629173973320152,0.04045250257599475,0.7150608594880192,0.16305072658883885,0.32271732250216845
37.434000,0.5085453163037201,0.2416127611218154,0.4117943432960573,0.2822802875105231,0.3838440260358009,0.3989798152087136,0.2732295080152206,0.4455032330002507,0.21532611834583082,0.5506088820624249,0.12459892769214587,0.6291491702977137,0.040887970104304616,0.7151286770404555,0.16324724239021937,0.3375940514217813
37.484000,0.5080949687314251,0.24179425700494037,0.4110125769351135,0.28220611639794524,0.38385120360445835,0.3990917861662985,0.27307476543731035,0.4452283307410181,0.2155732781680344,0.5505543909613007,0.12484240235359345,0.6290904220154256,0.041207553866093594,0.7151439641762554,0.16261002024778737,0.3369826147721604
37.534000,0.5080282102665858,0.24188466892461608,0.41072889854805883,0.2821598578901626,0.3838657901122491,0.39911443627168836,0.2730031552381234,0.44504347053762205,0.21563696527638676,0.5504432819652599,0.12487590187572917,0.6289444244434423,0.04124256659164194,0.7149994372505522,0.16218942023527966,0.33649557112783035
37.584000,0.5081180460696486,0.24185183234506258,0.4107075720448416,0.2821807997910305,0.38387458711975664,0.39914229311242677,0.2729990337608902,0.44504013257501385,0.21564369280106782,0.5504458480907,0.12487477506877703,0.6289379086682251,0.04123703522416661,0.7149886406446871,0.16511097271837688,0.3530058591186496
37.634000,0.5083499524777265,0.24175863880073353,0.41090182392771474,0.28220461137961605,0.3838711958179224,0.3991205860964608,0.27304091046532314,0.44512762739082584,0.21558815348593457,0.5504802766952793,0.12482592345582821,0.6289800703253394,0.041174576726933476,0.7150175748826088,0.16526337219313825,0.3531647783728271
37.684000,0.5090266127361908,0.24150140126150657,0.4114529784386532,0.28226096340764467,0.383853656476985,0.39904399910742505,0.27313250717208226,0.4453130718947787,0.21538537103877126,0.5505046507801669,0.12461784810766902,0.6289983242892583,0.0409041392399529,0.7149751522582597,0.17081129043967141,0.3705624360091728
37.734000,0.5096151686615621,0.24128248521807202,0.4122710671419608,0.2823513182278361,0.38385202867304136,0.39893758779892247,0.27329515507091773,0.4455978246106229,0.21512755585064025,0.5505574854377673,0.12435870370993479,0.629049621865939,0.04056102086975649,0.7149446062981915,0.17930838385675185,0.3884232033281576
37.784000,0.5108519545621363,0.24084066783616745,0.41333644307984757,0.2824809227441664,0.38381399152977996,0.39879267990772166,0.27347419255060035,0.4459639504146111,0.21473670770558545,0.5506057579013018,0.12395867581769215,0.629087277551221,0.04004089098415409,0.7148649284203837,0.18071833685127853,0.3895193470360152
37.834000,0.5117956250763377,0.24048985606541964,0.41471694306134294,0.2826666214359006,0.3838100571606473,0.3986181820287673,0.2737562131627794,0.4464528077855644,0.21431015590509062,0.5506937127917835,0.12353091792308946,0.6291738373546765,0.03947200667711748,0.7148131941956861,0.18237743190144773,0.3908190419676425
37.884000,0.5137684697539878,0.2398224903965248,0.4164586927623535,0.2828201349855302,0.38391834597729313,0.3983239263891918,0.27421082395505486,0.4469475791861798,0.21393095976581716,0.5507085447384575,0.12315307754701244,0.6291902375072219,0.03892998745633758,0.7146681357936107,0.18547147770467376,0.3930554827080722
37.934000,0.5152991663471785,0.2392888114968111,0.4185401148061497,0.2830965427553049,0.38410316669419514,0.3980491269126182,0.27481495052143146,0.44760803938789495,0.21357262544508226,0.5508038611013998,0.1228050590580777,0.6292974843594565,0.038399101822936044,0.7145948136447491,0.2012626823375795,0.4172800620957047
37.984000,0.5179421488812507,0.23832391932361058,0.4211007503955092,0.28329398627639574,0.38451772661906736,0.3975817037760222,0.27574051348694195,0.4482523846792035,0.2134239182161486,0.5508030646078012,0.12269312885740563,0.6293391955434329,0.03810304760889538,0.7144539307798521,0.21117594319628602,0.42698999919412706
38.034000,0.5198158030579447,0.237661253304167,0.4238864680199855,0.2835565253021482,0.3850270210887816,0.39709041180377347,0.2768316951211114,0.4489919670670113,0.2133894844178693,0.5508501326752298,0.12272209777000076,0.6294594514513504,0.03795843085785322,0.7144013184640605,0.2202525212220378,0.43559677554260273
38.084000,0.5227679648272255,0.23664761878461613,0.4268740049788019,0.28390748129473387,0.385451182277308,0.39653141196413233,0.2779165294990419,0.44978832186186063,0.21319801207068434,0.5508403554973582,0.12258670596325766,0.6295143105619548,0.03761177787619052,0.7142448339676155,0.22973574499255128,0.44373804691327834
38.134000,0.5248013430700631,0.2359703746391914,0.4300272497052619,0.28434724844471815,0.38595431678527303,0.3959607627869507,0.27915825271572203,0.45068370769355154,0.213136456373602,0.5508891087842978,0.12261390535329875,0.629665169594525,0.03744725987785841,0.7142029865669335,0.23613715267252394,0.4474394389839884
38.184000,0.5277634294711852,0.2350308921493708,0.43331865427269556,0.2848964079417352,0.38633607250358104,0.39531668239486956,0.2803656752464796,0.4516218766949633,0.21290333342659062,0.5508631606254701,0.12246385046457431,0.629734574468276,0.03707085722565684,0.7140437477870683,0.25490247634432617,0.46167544420986184
38.234000,0.529730138404495,0.23432420734357767,0.4365420193178843,0.28560283045979473,0.38665097350156663,0.3947398248629277,0.28161084548950455,0.4527619887935558,0.21274147214311073,0.5510320728215797,0.12245101926826069,0.6300740497683276,0.036889522010307096,0.7142122110685066,0.25980193385615213,0.46460826483321926
38.284000,0.532399994479068,0.23370520316978968,0.43976787684363783,0.2865067297296176,0.3867102848456162,0.3941398655724909,0.282677487898613,0.4539493728383006,0.2122491919821019,0.5511082897440397,0.12207889766001251,0.6302873148824342,0.03629124371672643,0.7141948737249264,0.2797869971362444,0.4775634010814928
38.334000,0.5340853826989269,0.23328758052749018,0.44287719411053666,0.2876304198326436,0.386653410504492,0.39364403290672045,0.28370921290762174,0.4553083838814477,0.21173357708221086,0.5513266521824736,0.12171579270096655,0.6306790213663314,0.03572700853627697,0.7143804490595205,0.28505574414387747,0.48077515084134453
38.384000,0.5364121973028574,0.23262787946699223,0.4459362377489052,0.28880922943552123,0.38660059203392744,0.3931130220203849,0.2848495055012272,0.4567268286146594,0.21137874791415984,0.5516059505519032,0.12157442531733653,0.6311998174194291,0.03544046972002024,0.7147518472760367,0.3020399638423594,0.4900621957416824
38.434000,0.5379285644355702,0.23214193525380422,0.4490306579449633,0.29006400544029226,0.3864035298349606,0.39242534005787655,0.28598799841179096,0.4581270983981353,0.2109321489078787,0.5517573256500548,0.12136642894385163,0.6316195933822281,0.03508380871911854,0.7150180912533193,0.30761146645329057,0.4932446112686889
38.484000,0.5400431078252896,0.23140445858490374,0.4521550420052894,0.29139549716612184,0.3862062740187183,0.39164897591401016,0.2872793242332914,0.4595714214394125,0.21064098803698084,0.5519108248653675,0.12137588378267905,0.6321089617668476,0.034989086069596276,0.7153995445531318,0.3286202400190428,0.5029012086535076
38.534000,0.5412977949370779,0.23094879771290575,0.4552334403201893,0.2927664208895835,0.38608209577626784,0.3908382901884187,0.2887341454326245,0.46100506696982246,0.2105828050116908,0.552067507033832,0.1216643834235101,0.6326498518884371,0.03521908573036869,0.715879717361981,0.3397212010592915,0.5076054118601389
38.584000,0.5437673398826148,0.23113224269362775,0.45847305187177984,0.294502864554129,0.38593311356823784,0.3900955282132624,0.290194468045741,0.46244268947658146,0.21037144067693492,0.5520433830832022,0.1217126428445407,0.632911284985319,0.035099536872173265,0.7159665067684027,0.3536820556949588,0.5135792440472927
38.634000,0.5453906654403399,0.23154692606298802,0.4619535845969453,0.29665533241177133,0.3860772035144795,0.3896218575281622,0.29194936358632184,0.4640526962062682,0.2104411719226374,0.5521232059667908,0.12199793842642981,0.6332268091268763,0.03517326077321947,0.7160608320128251,0.3642002011359991,0.5177775111391263
38.684000,0.5477697983747987,0.23260745150868692,0.4653184016755086,0.29906560269725263,0.3860318136246965,0.3891413316978941,0.2935753722438462,0.4656384325919528,0.21030077885277132,0.5520406437613052,0.12203329008906116,0.633335480166273,0.03494097839872856,0.7158880648827478,0.37420129606984953,0.5230583597062084
38.734000,0.5494932084142248,0.23381265270587942,0.46892175779336187,0.3020437026117775,0.3862929453616319,0.3890636966132363,0.2954627715803944,0.4674848642294551,0.21039876366073668,0.5521259568289671,0.12223187671915253,0.6335298882245097,0.03480156402353096,0.7157244161543721,0.38697308460777013,0.5275602011871274
38.784000,0.550998811880891,0.23507227225386793,0.4722220753197616,0.30513024505174424,0.3862780441569547,0.38887762415956983,0.2971591757492169,0.46923823200702663,0.21029232107239665,0.552028023397546,0.1222268032052895,0.6335416085395771,0.034448379210631264,0.7153642721538114,0.3936269333350801,0.5314003451809735
38.834000,0.5515811203265141,0.2358299803388344,0.4747767646297707,0.3078186267489539,0.38590293144424526,0.3884501452444251,0.29870635194853373,0.4708925889505007,0.21030855339452714,0.5520457109531788,0.12254363385031525,0.6338828595922719,0.03462566722351712,0.7155555670543587,0.4075536078637159,0.5370157939380891
38.884000,0.5523255723518382,0.23735333889887753,0.47713402371753566,0.3106685021744515,0.38534737523177043,0.3879679922098801,0.30011564264983365,0.47244018740496957,0.21014580320921972,0.5518469125044227,0.12264450159572171,0.6339658641291069,0.034540723429725584,0.7154380942008904,0.4153541242165573,0.5404514379336425
38.934000,0.5528978555656708,0.23882279918218183,0.47950002805292047,0.3139036106252572,0.3849810962058847,0.3878371721540218,0.30169139821817104,0.4742248229238274,0.210207749499922,0.55188267517933,0.12294753900078342,0.6342577664573616,0.034646850286458974,0.7155165405827909,0.42528351967147154,0.5456407614275657
38.984000,0.5536335268694003,0.2413954416679327,0.4817952583754809,0.3174053723294352,0.38457800826429356,0.38775312479098045,0.3032203568790416,0.47596271926657285,0.21017512790949272,0.5517425672808809,0.12308854208056069,0.6343011923201192,0.03451963139412051,0.7152675313739898,0.4314436325028167,0.5493211985180617
39.034000,0.554067473717829,0.2432804781749221,0.48398136846752754,0.3210918278928372,0.3843356482080978,0.38795534884394345,0.3047692982306029,0.4777840522246634,0.21026430691032522,0.5517354323033435,0.12329727873753599,0.6344199895719742,0.03443744908532209,0.7150669403768147,0.4373427664176903,0.5529628266700546
39.084000,0.5542477643446181,0.2461330468542705,0.486035192488495,0.32503174592114115,0.3839661810293502,0.38813417772598635,0.3063257906779774,0.4796326464838826,0.21032274068006634,0.5516285796404607,0.12348427647728483,0.6344481493963263,0.03432123577136781,0.7147597436517321,0.44137083761389584,0.5567116798010344
39.134000,0.5542112769810539,0.248167278859977,0.4876555497019919,0.328741062203739,0.38346349334779495,0.38827269565849676,0.30777904199832673,0.4813955382751727,0.21045069065603056,0.5515894982887614,0.12381244654978069,0.6346184971854262,0.034436146113990485,0.7146926935310821,0.4470832018632745,0.5605995462551798
39.184000,0.5533206734327224,0.25074187888964994,0.4891297714757661,0.3326725323953771,0.3829157172746268,0.3885167325214921,0.30912783740559324,0.48314943713938524,0.2104679134112749,0.5514591684868997,0.12396401774542892,0.6346281292511164,0.034315486271088824,0.7143974266310651,0.4489650797635491,0.5645634231164519
39.234000,0.552552847012374,0.25230931874611157,0.4899598103312461,0.3359528380258866,0.3821065788610303,0.38856158693153897,0.31026425480106373,0.484679641807944,0.2105420306730163,0.5514290089580776,0.1243188011271607,0.6348889076311307,0.03457192374878626,0.7145475418192552,0.45402474350985,0.570316803328521
39.284000,0.5509358388779633,0.2543288476118641,0.490497292361115,0.33893021706618887,0.3810741169103208,0.38819043097421574,0.3113009843098114,0.4858209076047828,0.21053142065755742,0.5509783710401734,0.12462648362100964,0.6347658509685421,0.03480495829102781,0.7143403040762787,0.4557554310117534,0.5738798621079539
39.334000,0.5497015176879018,0.25570112964842534,0.4908186065245547,0.3419457789151068,0.38003507883283777,0.38806529747480734,0.31225490924487553,0.4870897823794363,0.21054784852816927,0.5507739546702672,0.12496656366091224,0.6348919888868928,0.03509885002293356,0.7144142753573047,0.458836535006361,0.5786557756322754
39.384000,0.5478329797502739,0.2578612377138888,0.4909587056248441,0.34485042127937404,0.3789302985810451,0.38785781616942605,0.3130730793467226,0.48817145768802706,0.21045887883371284,0.5503834006979974,0.12516463406451184,0.6347924749095513,0.03522641564495688,0.7142350130583064,0.46095278786663574,0.5834465857366085
39.434000,0.5465993706548331,0.25929758927074914,0.49101040072783025,0.3476773480066746,0.3779191783189173,0.3878068311089746,0.3139011408712977,0.48930407679256527,0.21048523609548658,0.5501740253665568,0.12548651000451105,0.6348806754178447,0.03550965332390532,0.7142794490977804,0.4621529849256988,0.5880094830843339
39.484000,0.5447692819431788,0.2613715821289639,0.49101105359957065,0.3503933581879446,0.37695591866194444,0.3876951838049283,0.31467114232795756,0.4902651922724389,0.21047844140346295,0.549795697679825,0.12572553893810856,0.634748305195416,0.035676477886897096,0.714065179842588,0.4622944476812742,0.5924243741426072
39.534000,0.5435334767400062,0.2626672396567262,0.4909187485993999,0.35293349228048504,0.37605892312162703,0.3876785709422977,0.31542071438463765,0.4912305271824833,0.21055810702684397,0.5495729095312114,0.1260679495938884,0.6347868361920241,0.0359875572626156,0.7140681260241399,0.4616554068049703,0.596561258698123
39.584000,0.5416998227516058,0.2644650174368417,0.4907304625887102,0.35526910781448995,0.3751601096113518,0.38757225801209083,0.31606198592420326,0.49201081304163197,0.21057055982884082,0.5492083568732221,0.1263106168405888,0.6346499275962403,0.03618464409962763,0.713879398359937,0.45994392041924526,0.6003535834970064
39.634000,0.5402809378461529,0.26498189036951614,0.4905127491979017,0.3571616591197507,0.3743728941886257,0.38735328177279194,0.316750828008184,0.4926134237501631,0.21075028034805632,0.5488618361344502,0.12676515399283916,0.6345735538345302,0.036660942702585686,0.7138277720677655,0.45626681351682086,0.6027272766393492
39.684000,0.5382899753022813,0.2658268335767203,0.48998452862382635,0.35838149941445724,0.373396472590389,0.3867932079648135,0.31720506945221427,0.49282398749693235,0.21081125325745648,0.548324941305532,0.12715598157736646,0.6343586295897676,0.03714848793679493,0.7137226711232583,0.45201058119844406,0.6043522791911582
39.734000,0.5371536576892142,0.2664630426698612,0.4894253596739093,0.35990411209212914,0.3724459550987513,0.38665890412159,0.31752366455089,0.49335258714291863,0.21075991518372839,0.5481385508433554,0.1273756763849786,0.6344349512307155,0.03742939440932569,0.713868359559616,0.447251608310939,0.6055831602876532
39.784000,0.5354078130353617,0.26668532222472013,0.4890747545442709,0.36067998774857835,0.37178520381531766,0.38604061253383026,0.3180423311164673,0.493333220079752,0.21098767901565907,0.5475485450669201,0.12788965363700988,0.6341205854620101,0.03804091854313024,0.7136643143287222,0.4419358794471511,0.606988640036352
39.834000,0.5345327580254351,0.2670506380626351,0.4886418476289109,0.3614482796207842,0.3711087561985593,0.3856551468037842,0.3183549671157363,0.49343750963464067,0.21106393002395912,0.5471835174842259,0.12820845830848082,0.6339877270987693,0.038444769249402155,0.7136274164910867,0.43622271000794105,0.6074741372635931
39.884000,0.5337404684055239,0.2681434003226033,0.48839057214399795,0.36252638342072974,0.37064510450995863,0.38567816200556715,0.31857721077757706,0.49379353761085915,0.21104108339222427,0.5470474699253949,0.12828979086540526,0.6339510002630102,0.038510694845975746,0.7135733207387036,0.4304132495174237,0.6080951090158575
39.934000,0.5333600843806207,0.26870162561924765,0.48826764564548,0.3635644560283082,0.3703575253748929,0.3858625173291399,0.31879096355357595,0.49421790345243466,0.21105090836064017,0.5470580445103762,0.12835494216641186,0.6340142241366856,0.0385405610316662,0.7135967406926644,0.4239358217165726,0.6086512976492942
39.984000,0.5327734771913943,0.2689378647636051,0.48814609952952603,0.36420225306304854,0.3701294316189217,0.3859293351257658,0.3189236288175019,0.49445567182608907,0.21105173188955112,0.5470261374163835,0.12840616575457808,0.6340302200606462,0.03857881773318128,0.7135981001765286,0.42471521623066744,0.6096814106526653
40.034000,0.5326342001582924,0.2690212724859107,0.4879646060782931,0.36437848450554555,0.3699052359178311,0.38587232356037493,0.3189635240936064,0.4945228734734662,0.2110541441931051,0.5470163562069377,0.12849119972854445,0.6340988469920648,0.038707513091425005,0.7137159909614852,0.4087341866337991,0.6068902394454954
40.084000,0.5327508973374743,0.2689899960026367,0.48794949954719924,0.36441368773891436,0.36988377588807525,0.38587259956654113,0.31896748355098925,0.4945350639902807,0.2110505548569463,0.5470130260432826,0.12849246214717747,0.6341001165224407,0.0387093861115958,0.7137179490575454,0.4007387209406642,0.6047875231379009
40.134000,0.533080691372199,0.2688927962800127,0.48805564187971456,0.36429301973596306,0.37002219628779065,0.3859287707443391,0.31893557965573227,0.49451126289242475,0.21105122964331885,0.5470561677110455,0.12844641164594772,0.634098939057211,0.03864281302037159,0.7136936227609354,0.3927098836962813,0.6021854076128551
40.184000,0.5337964413037731,0.2685447581578196,0.4882358832599295,0.36390930912131114,0.37028615222044914,0.3859968836304435,0.3188470877775239,0.49441285408325303,0.2110576533321606,0.5471521925503242,0.12837735213010842,0.6341232670126828,0.03855592956015502,0.7136978361130546,0.384289455748973,0.5987221767211826
40.234000,0.5345728774407809,0.2683283974365714,0.48853791515049383,0.36339652934499567,0.3707118927783408,0.38613478899600884,0.31873683395317237,0.494294824407062,0.21108075860153486,0.5473058557107686,0.12827634802594534,0.6341587750009641,0.03841705370107451,0.7136905750776393,0.37577419041166216,0.5943481144943319
40.284000,0.536053421648098,0.2679101685825417,0.4889946187158218,0.3627646819445803,0.3713475267345519,0.38641128314539874,0.31863331638902787,0.4942130086772648,0.21116590851799993,0.5476054823555099,0.12819252530959213,0.6342969910455236,0.03828366471518907,0.7137727533043168,0.36692494410586934,0.5888816756713662
40.334000,0.5372740563410094,0.2675753917956411,0.48954998665069666,0.3619901221799074,0.3721252232674982,0.3867171305796258,0.31849582684655076,0.49406650337483493,0.21124954811851804,0.5479017678302931,0.12805507271594885,0.6343811252659916,0.03807121214736037,0.7137719612432809,0.3586575882727432,0.5832310376466048
40.384000,0.5394463355878321,0.2674518281437301,0.4901911743388531,0.36135425688964845,0.37304511353550385,0.3873696453750307,0.31825698199697217,0.4941322822912915,0.21126712636810313,0.5484753664144371,0.12777156678163154,0.634664063634099,0.037668357535379005,0.7139194210725973,0.3504265629063895,0.5768298432028818
40.434000,0.5411842361088648,0.2672108994442527,0.49106833438281344,0.3604689701207512,0.37425567796950937,0.3879426539228946,0.31817110065344717,0.49402997732807674,0.21147674776162112,0.5489509665852613,0.12764651101804025,0.6348141799394693,0.03741269731264596,0.713920809650099,0.34210866619357233,0.5692832038377664
40.484000,0.5440783273942871,0.26706098473971074,0.49206405066144837,0.3595899070477607,0.3756687146123674,0.3887811000007989,0.3181063595707293,0.4940739073622726,0.21177171867471462,0.5496881514505956,0.12757100590082293,0.6351880927860644,0.037201778212249015,0.714139993883952,0.3336743606941385,0.5603629406971691
40.534000,0.5461658410061686,0.26695409013424665,0.49315372384181444,0.3586455120772113,0.37723260604209186,0.3896663832458741,0.3180498783779404,0.4940570185836805,0.21209678007875826,0.550394758694585,0.1274732264041517,0.6354762147439554,0.036936793838673654,0.7142363212593522,0.3264393338724503,0.5521164205185334
40.584000,0.5494933965839685,0.266855743736452,0.49429876135519624,0.35763872711419703,0.37895920636657215,0.39075650262865547,0.3180077476058731,0.4941243877523376,0.21251255454016088,0.5513149834830002,0.12744782430278656,0.6359553501507006,0.036753889860600686,0.7145340384535508,0.31885702470893035,0.5418181710729886
40.634000,0.5518175270536395,0.26684356450832075,0.4954773688661079,0.35658629361462,0.3807830059799681,0.39187372936932363,0.317939052572841,0.4941020890361145,0.21291585217222497,0.5521548872254525,0.1273556485540726,0.6362943640292709,0.03646692474050406,0.7146476657053386,0.31272940502419677,0.5327955739859892
40.684000,0.5554416691762893,0.2668891792528924,0.49666842696210656,0.35550194003036995,0.38274899575291343,0.39321617067310916,0.31789081155217996,0.4941786188515462,0.21342234245770958,0.5532238469826798,0.12735760055938483,0.6368471702960637,0.03629029244643267,0.7149928380778459,0.3060238513901433,0.5211918779408184
40.734000,0.5581217210577087,0.2670785650436428,0.4979586428282555,0.35437320955826335,0.384859183700184,0.39447947272101314,0.3178277283484914,0.4940123014429497,0.21388481044098423,0.5539778733723071,0.12721214305768164,0.6369709377127107,0.03587885153740322,0.7148055692080608,0.3007266313529441,0.5111963570417978
40.784000,0.5619867141854845,0.26729479894497876,0.49924985743888056,0.35317012576672985,0.38711892549906624,0.39590949991175794,0.31782381129877635,0.49387983801450797,0.21449323027324751,0.5548945167805764,0.1272132222539062,0.6372486314327483,0.035636248950170035,0.7147964099987802,0.29515180150767795,0.49860945886337554
40.834000,0.5645009017564546,0.26754813438428066,0.5004477379186717,0.3520144612118744,0.3893712655751249,0.3974239017690231,0.3177805350565847,0.4937294950843739,0.21508431675738765,0.5558059539640782,0.12717812470722373,0.6374913345363672,0.03534489601324198,0.7147354806423263,0.290243151052955,0.4856576207596921
40.884000,0.5680547845566849,0.26788659005846227,0.5014130361356651,0.3506848663955824,0.39158732628313053,0.39904097723368537,0.3176926622653094,0.4935903221795563,0.21575671369641397,0.5569074793279902,0.12727705986472848,0.6379713483315427,0.03525664286153074,0.7149924029501179,0.28583009019262867,0.4724326296554326
40.934000,0.5703795594971821,0.2682856906357258,0.5022914318338769,0.34941687253284215,0.3937870306919493,0.4006691401200587,0.3175445255703795,0.49333564114813977,0.21635966397237655,0.5578462897527924,0.1272568653709365,0.6382247152249997,0.03500368390676112,0.7149668191167873,0.2819058833227137,0.45909210251276744
40.984000,0.5736762920831102,0.26900705638132427,0.5030399930281467,0.34821915852628144,0.3960445965074758,0.40255133245098645,0.3174231029093994,0.4932081620029155,0.2170832393630326,0.5590254225315678,0.12737152500892657,0.6387236553077549,0.03491532614356596,0.7152210493246022,0.27845520351043634,0.445686644895979
41.034000,0.5757397622851299,0.2695627162763615,0.5036119531856469,0.3470041909134231,0.39819946882829527,0.40434709057511686,0.31720324810171596,0.4928886753136514,0.21770342488585953,0.5599691134458915,0.12735291600572068,0.6389424351760798,0.03466268254352889,0.7151560863202436,0.2754437958546736,0.43242172890447456
41.084000,0.5790753044089427,0.2711196024361241,0.5041773348814909,0.34601802989319774,0.40048856204143,0.4064219898784982,0.3170354477546167,0.4926517858499808,0.21840537049025033,0.561004604793402,0.12736275106083245,0.639179034419317,0.03439945745827022,0.7150593747095515,0.27359240715553573,0.4223143452871816
41.134000,0.5810099541968436,0.27233790711863926,0.5047752698724598,0.3453571095679657,0.40276015041349256,0.4085466292745722,0.31692635726889645,0.4924069891240715,0.21907581611811788,0.5618711640359371,0.12729733364899365,0.6391803494905989,0.0339966613573206,0.7146454709038077,0.2721053508442114,0.412574613256417
41.184000,0.5840113772329664,0.27488643126790424,0.5050014069693987,0.3448481113109018,0.4049854097108051,0.4111564839513696,0.31672775270210723,0.4924619940002363,0.21983302335849164,0.5632533170848846,0.12735553766503316,0.6397249761329007,0.033782611211894964,0.7148522510352568,0.2703513559436742,0.400696797425724
41.234000,0.5853008472601131,0.27608128800793774,0.5052537057010553,0.34458553065022124,0.40715661187081653,0.41370108736299394,0.316430747248484,0.492242907351063,0.22034799922951637,0.5641324443684276,0.12703797945764367,0.6395860076380668,0.033047606681997355,0.7141903629096793,0.269842481581309,0.394916754782739
41.284000,0.5874415482084346,0.27818794992627854,0.50468549311321,0.34358377641368737,0.40882370156002246,0.41576768680855986,0.3160050043327667,0.49182483272551997,0.22099863078629645,0.5651309647022823,0.12713853213540305,0.6398991523305564,0.03300018640598634,0.714316703105088,0.26900557186721524,0.38668540814238705
41.334000,0.5895391738396872,0.28042219056770773,0.504945017630936,0.3434621419545778,0.41119512044799966,0.41836846196931954,0.3160262615877715,0.49146352543612914,0.2218668974051068,0.5658544801060856,0.1271714612506994,0.6395618363978763,0.032604800583784566,0.7134343393357662,0.26729326030544304,0.37603680657640176
41.384000,0.5916797237895711,0.28354147750838476,0.5053053785371869,0.3435808243566848,0.4135438417133026,0.4209101225522415,0.316184577881126,0.49106120056242264,0.22276518929992134,0.5663793115119975,0.12722792569263003,0.6389921978506544,0.032193971548919786,0.7122625708523215,0.2670264672555339,0.3687961271136012
41.434000,0.5923778086847606,0.2852185096283254,0.5047883567253058,0.3434304371369109,0.41546081714645156,0.42355902446938354,0.3160382039358413,0.49075384512601605,0.2236409978584023,0.5673224827038992,0.12741548475176379,0.6390208134148995,0.03208947579841037,0.7119108128376895,0.2670360773281447,0.3651141550742759
41.484000,0.592849812419657,0.2877424375554503,0.503723832903432,0.3429342098708599,0.4170683188445037,0.4259451828939068,0.3158026206093496,0.4903288627961181,0.2245919566049832,0.5683071591945694,0.1278263405661933,0.6392748669781148,0.03235133938474177,0.7119695995886768,0.26669725146850004,0.35961003919308443
41.534000,0.5932544371060345,0.2898569347580797,0.5026445016300551,0.34283360568165777,0.41853449053902747,0.42842277575746435,0.3155010470018624,0.4899378918905271,0.22535198597199674,0.5691410912920036,0.12798822300166224,0.6392859247457234,0.03228256627255699,0.7116767202244652,0.26580249658180505,0.354006282964622
41.584000,0.5930399717386207,0.29161876236730466,0.5014201034375467,0.3425832283466923,0.42002199909655286,0.43075549497627574,0.315370152442023,0.4894750912620658,0.2263843545688472,0.5699830273619231,0.12850665103687603,0.6394089241954981,0.03265065764605968,0.7116005340338951,0.26403930969154454,0.346366993476891
41.634000,0.5929215221868703,0.2934249576714995,0.49990184180821295,0.3417601177295821,0.42131531554233415,0.432447260437144,0.3152767796224954,0.48862402511524095,0.22755144783922737,0.5705036083554686,0.12929733483586003,0.6393957652234104,0.03341317897440654,0.7115499657534013,0.26282943972829276,0.34247773563672645
41.684000,0.5924152120199022,0.29548098809099915,0.4984786174886386,0.341366009935019,0.4227186956694284,0.4344274640383243,0.3153440138569842,0.4880061697461965,0.22885534039996264,0.5711909601890474,0.1302027579325098,0.6395112937091076,0.034261073154374544,0.711588981805943,0.26140925808060983,0.33913753209980074
41.734000,0.5920140474419077,0.297209482799728,0.49685945711551466,0.3411997075891893,0.4238022730043444,0.43639764795423347,0.31519312096807567,0.4874275616712158,0.2298548874180269,0.571792162627762,0.13079392057970068,0.6395190025736506,0.03476238153650757,0.7114769313167404,0.25912283610238884,0.3336508679209642
41.784000,0.5912854550249176,0.30052897047323274,0.49529138047305904,0.3413762528319853,0.4249351918747405,0.4385873979018249,0.3151650565010909,0.48706953254900903,0.23096103004139934,0.5725662104256849,0.1314928042887784,0.6396934929985478,0.03536303098211524,0.7115201362725353,0.25732881232837984,0.3316026424972768
41.834000,0.5908157099348122,0.3026419980344962,0.4937625102645369,0.34192999672087154,0.4257600091387581,0.44080193328852685,0.3149162748175237,0.4867765628326961,0.2316252505772286,0.5731629349118763,0.1316889591077568,0.6395913749607647,0.03536129595067805,0.7111524070291773,0.25477477391551,0.3279889064864904
41.884000,0.5897387281693678,0.30572082501355174,0.4921360341712598,0.3423975974437117,0.42667026871357805,0.44296714329651843,0.3148344426105262,0.4864728670561337,0.23256893499052278,0.5738363963805786,0.1322254816150749,0.6396481838102581,0.035767064802633364,0.7110328728271427,0.2521425658499994,0.3254408516995061
41.934000,0.5888999182195835,0.30763969611804215,0.49038245275036785,0.34284900423323944,0.42728108411289767,0.4449186729702257,0.3145693336694207,0.48610193792053497,0.23324599423591397,0.5743431667389429,0.13251749335265428,0.639564092137247,0.03592539393862937,0.7107677881845105,0.24998880061891798,0.32590024042594623
41.984000,0.5875265597734414,0.31027860148995523,0.4886089268787208,0.3432527096645676,0.4278689723442013,0.44674501818623735,0.3143934665175397,0.4857746169208297,0.23404061877979648,0.5749004821925622,0.13299318813285776,0.639626186203041,0.036323625469570686,0.7107246788346628,0.24709078218804326,0.32492584030505783
42.034000,0.5865823532281615,0.3119236695598876,0.48685266639226066,0.34362036910942817,0.42828303823776115,0.4483562209360288,0.31414016060541,0.4853886862307686,0.23466923528971545,0.5753018222536395,0.13332302972052573,0.6395587021711047,0.036572307788824476,0.7105467138751567,0.24398076599648894,0.32475173087600473
42.084000,0.5851783780879728,0.31423719478172596,0.4851651953127176,0.34399832693249327,0.42870036475040907,0.4498837504315272,0.31397736728184755,0.48507798080851433,0.23537901861106847,0.5757548774593517,0.1337806281950389,0.639612273780154,0.036983110172082334,0.7105364622111501,0.24073388058639061,0.325598384388915
42.134000,0.5842548384498352,0.31537263199122756,0.4835116505601568,0.3444132038403331,0.42893803808098235,0.451285654756755,0.3137150358649774,0.48480668854630543,0.23589211457675952,0.5761499582006866,0.13405960161948122,0.6396333363321449,0.03720977774452672,0.7104860823221535,0.2380977958331968,0.32863750322987484
42.184000,0.5823122400268158,0.3158937071106281,0.4818331321704167,0.34394343938266303,0.42915643524959896,0.45176350059996284,0.31356970294386877,0.4840079933510728,0.2366128327877084,0.5760820946812063,0.13469178326288062,0.6394232318924314,0.037928178645208144,0.7103936822299459,0.2354941553104466,0.33244357068441366
42.234000,0.581244048751718,0.31639547891642195,0.4800168626045467,0.3435306016261869,0.42915414385096173,0.45221815307979374,0.31326871236115983,0.4833720736741003,0.23716774533875523,0.5761548458802248,0.13520766888170943,0.6394331423875442,0.03856937427800078,0.7105741292803665,0.23431653918880335,0.3299177777636463
42.284000,0.5797132965693067,0.3168300834974023,0.4785033202751521,0.34315177595216645,0.42924001118290567,0.45257355795679466,0.31311424916914077,0.4828193410747142,0.23777896385905822,0.5762248804565862,0.1358023420453759,0.6394765097116519,0.03929107694544176,0.710789732249931,0.23053773946542117,0.34140823932447073
42.334000,0.5788532064143476,0.317206026063766,0.4771646416462385,0.3429395121290266,0.4292485861460298,0.45295792706147575,0.31292670872468487,0.48244047838716175,0.23823605901047012,0.576362290785739,0.13624505832572015,0.6395907320009915,0.039839863572334266,0.7110472812017363,0.2290792144719962,0.33919742140550513
42.384000,0.5778056728631945,0.317306446574872,0.4760430041107978,0.3426039415541652,0.4293014142691475,0.45312644505039723,0.3128269382976684,0.48200024714103545,0.2387109046107303,0.5763761632982654,0.13672699804588817,0.6396160462976312,0.04043309630139014,0.7112225019201579,0.2261512538213249,0.3526292700703301
42.434000,0.5773206470436861,0.3174277079760143,0.4752007675083291,0.3423255337008106,0.42933963247422624,0.45321627404184933,0.3127511438105687,0.4816262073596669,0.23906393343926313,0.576337320898124,0.1370821604167517,0.6395806444286283,0.04086841594376189,0.7112947669881731,0.22392687824948998,0.3581626381965561
42.484000,0.576813592388972,0.3174477452355979,0.4746102232541533,0.3421249044618275,0.4293639933827995,0.4532679594954094,0.31270030430758966,0.48136749064881756,0.23931564353867396,0.5763132202185063,0.1373400062882329,0.6395664367929318,0.04118671007373298,0.7113615872331545,0.22279212366172235,0.3651783487182947
42.534000,0.5766638233477943,0.3174654278144236,0.4742643550393531,0.34198280496664013,0.4293537732449032,0.45326191191346854,0.3126505920745762,0.48119697061620603,0.23943220041072188,0.5762709792734513,0.13746161610122215,0.6395323413800222,0.04134295827409773,0.7113738587464564,0.22217162678320823,0.3720308376477621
42.584000,0.5767642014411523,0.317449666049399,0.47421919006742586,0.34196769825830176,0.42934930683290895,0.4532632218813146,0.3126412200534886,0.4811777786624513,0.23944283119823512,0.576267188530191,0.13747265557559946,0.639529209391754,0.04135798931112222,0.7113760668656066,0.2218400721217652,0.37950074034721953
42.634000,0.577036078133449,0.3174129936440501,0.4744505409842165,0.34204262697886073,0.4293528832673778,0.45324604989585004,0.31267309952701416,0.4812786749299406,0.23936333660930664,0.5762822467625275,0.13739206745168075,0.6395425049534562,0.041256172206045494,0.7113609541522536,0.22229100978563449,0.3873338609896675
42.684000,0.5777433068401528,0.31731703517566373,0.4749778380498493,0.34221479053348763,0.42935014168845076,0.4532017867301227,0.3127352151923545,0.48150300434191295,0.23916485557411749,0.5763049145844985,0.13718872387640568,0.6395573340162557,0.04100113749038681,0.7113065376719907,0.2236472959795453,0.39569786384621397
42.734000,0.5784083404183474,0.31722566037764066,0.47577190547035647,0.3424760877142704,0.4293716439225303,0.4531423234336311,0.31285636855052046,0.4818510434501086,0.2389098265984828,0.576359820467566,0.13693211414295953,0.6396096913159603,0.04067449565630743,0.7112649136188613,0.22590897871769866,0.4046659952092139
42.784000,0.5796815363079589,0.3170469616959642,0.4768462027575228,0.34283379857909585,0.4293673411641882,0.45304159186886606,0.31299098081041093,0.4823083434960544,0.23851651713895233,0.5764016708941677,0.1365321511275281,0.6396408129602003,0.040172239782924835,0.7111584155882262,0.2290518444738039,0.4136478871956031
42.834000,0.5808250663028603,0.3168630101776455,0.4781686463751344,0.34327990602327874,0.4294030975659193,0.4529244282272437,0.31320424251684037,0.48288817440963716,0.23810687857284935,0.5764851077390132,0.1361250486811174,0.6397283395660935,0.03965303846930934,0.7110946568711976,0.23338271643602138,0.42365267356481406
42.884000,0.5826953514216671,0.31642118280435777,0.4799409689222599,0.34367774468566586,0.429669294426995,0.4526399341544346,0.3136869218804952,0.48343099220653674,0.2378624006314884,0.5764398196044527,0.13588651814639185,0.6396926408172988,0.0392857268388499,0.7108845442791621,0.23802587969016098,0.4332599747458128
42.934000,0.583893098163186,0.3161456854731922,0.4817252058417374,0.3442232702081167,0.42970548235398454,0.45236183117228046,0.3140021781122719,0.4841854919553908,0.23734916685445762,0.5765127136388877,0.13540481819815664,0.6398163452508807,0.03867772749738607,0.7108365530995999,0.2432342672946421,0.4425667636047447
42.984000,0.5858000856292843,0.31569316861343216,0.4835399544872459,0.34489161697745363,0.4295018350186086,0.45203582654335017,0.31412843867051476,0.48503551462314154,0.23651320852401714,0.5765553269487262,0.13459717617603761,0.6399045364847522,0.03771527372822803,0.7107134128814643,0.24924661297219186,0.45169073697738
43.034000,0.5873518364713235,0.3155129947022849,0.4855573739171095,0.3456551599670945,0.42938529337603115,0.451696177347124,0.3143927012101282,0.48599929304060885,0.23577119637415112,0.5766561128421873,0.13390430533243586,0.6400843124753082,0.036875773465516626,0.710692130760128,0.25574617831508506,0.46063164868593465
43.084000,0.5899186591057637,0.3149878420563138,0.48817355578756383,0.34659511307931684,0.4295854036293465,0.45132060387699147,0.3150238187463313,0.4870367524179594,0.23524511122356767,0.5766769098533291,0.1334072680897857,0.6401517371922913,0.03618522369889032,0.7104928637432059,0.26266517766579844,0.4695118223625934
43.134000,0.5918578006305144,0.31456655950099266,0.490711669941354,0.3475018647423532,0.42978974656907754,0.4508871597752637,0.3157263955022401,0.4881638539050801,0.2348691741017534,0.5768323925313308,0.13312760784059202,0.6404614243742973,0.035781543992746245,0.7106308183662788,0.269912142084853,0.4779859160464854
43.184000,0.5947990397479941,0.31417891512195534,0.49373614470298893,0.3485091157038312,0.43013241383875656,0.4502665007919181,0.31665836825565236,0.48930034480923174,0.23454707196168817,0.5768088302314809,0.13289816663626264,0.6405857856786463,0.03538911036537773,0.7105285047075196,0.2777082620037595,0.48627876746616544
43.234000,0.5962557839167167,0.31401670562306,0.49669421526840096,0.3499791646575954,0.43034199753103897,0.4499660794041297,0.3174996621274239,0.4907901812642794,0.23409239458929904,0.5770643239801277,0.13252863046729035,0.6409767782822811,0.03483931443567112,0.7106675060246865,0.28583260231013125,0.49400630927671163
43.284000,0.5989521437017797,0.3135286471853674,0.4992199202577894,0.3513611789527779,0.43000821538285317,0.44939045982309384,0.31790220738372393,0.4921951671603658,0.2331619466106878,0.5771603847734545,0.13172433936688482,0.6412728783814151,0.0338780650947742,0.7107430634327379,0.29445777392083444,0.5015997937279754
43.334000,0.600813846588152,0.3131570693328744,0.5021774087229856,0.3527538507774387,0.43015409352391454,0.44873635995350714,0.3188673178675953,0.4936279355998959,0.23283420271395305,0.5772837967033482,0.13156678277798584,0.6416647695098485,0.03360361915144572,0.7109700259647459,0.3008063198954107,0.5062471454551793
43.384000,0.6034753878126252,0.3127548785689775,0.5051959010439192,0.3542295237058669,0.4302308818843702,0.44793249005381147,0.31985800132294234,0.4950263031991977,0.23246089041607632,0.5772561335841074,0.1313710938553304,0.6419156497538631,0.03327827736038713,0.7110372769922961,0.31504758712127373,0.5175993860225196
43.434000,0.6049247610693606,0.31239890516246,0.5081093948520277,0.35584436447737294,0.4303773523079717,0.4472649833876002,0.32095579404137264,0.49652878943735157,0.2322801821136815,0.5773782535620413,0.1313879248685273,0.642345571714917,0.03319395118018886,0.7113234198351177,0.32159782737391357,0.5229610056791395
43.484000,0.6070742534359825,0.3122479839663282,0.5109208825660356,0.3576546011925028,0.43021957622154217,0.44646506877619163,0.32193063860695975,0.4981710257787044,0.23188636647151484,0.577493336984729,0.13124200898265115,0.6428440317449224,0.03296323410680224,0.7117010024079906,0.3356222347886717,0.5324562002755088
43.534000,0.6085518286771712,0.31234761062064537,0.5138604933485394,0.35985042280150953,0.43024485309239013,0.4459226290866476,0.3231207806813783,0.5000006570575024,0.23170393630092406,0.5777371385649964,0.13128261156840654,0.643430041805032,0.03289185744734602,0.7121269085450839,0.34499787952245553,0.5384113336225624
43.584000,0.6102460852643931,0.31215819897464303,0.5165073454925095,0.36190438487262644,0.42999876967308304,0.445068477525198,0.3241749929244315,0.5016487591648194,0.2313990478793715,0.5777580491210067,0.1312476080537885,0.643861673053562,0.032777984712879404,0.7124454413618587,0.3594035275099038,0.5476988755773161
43.634000,0.6113686562619264,0.31235100939411187,0.5191238979634122,0.36411402676770116,0.4298672501590538,0.44432157518132354,0.32541753209763863,0.5033999671432219,0.23134600246012005,0.5779019624956263,0.13148980177173036,0.6444507354667136,0.03296759525289028,0.7129589453581269,0.36864119585653476,0.5532276752956464
43.684000,0.6129925950225023,0.31307266241784665,0.52172121511177,0.36660942665365015,0.42964417747791434,0.44356278354090933,0.32661490228566087,0.5050848807916173,0.2311545303673998,0.5777988230054432,0.13153581596502428,0.6447025728299222,0.03288736479960219,0.7130288714465185,0.3774259121341469,0.5585942388654829
43.734000,0.6137193965301541,0.3133914595333645,0.524146122744204,0.36922382401574205,0.4294377546316748,0.4429145629613654,0.32790344842885955,0.5068738051627917,0.23114218335199882,0.5778474451973861,0.13179600236821254,0.6451552183289831,0.03306012341240461,0.7133551172056216,0.38886740783973445,0.565704239453308
43.784000,0.6145230863199918,0.3138757477952502,0.5264500831596304,0.3720214945876011,0.4291076149698059,0.44219587656976395,0.32912252555453403,0.5085508454462594,0.23100796917171157,0.5776416105723672,0.13189532293406764,0.6452927994438499,0.033021227076647786,0.7132921609726309,0.3971040165015999,0.5704114903409672
43.834000,0.6148520811766858,0.31443366056806116,0.5284336184356813,0.3745681163844771,0.4287393946750674,0.4413592965564776,0.3304392554106781,0.5101857639988887,0.23113958645059007,0.5775621377838951,0.1323658450212017,0.6457071889911559,0.0334647782668539,0.7136673169696399,0.4077946505427607,0.5770609670418589
43.884000,0.6149946220485741,0.31549759122071924,0.5301306241922809,0.37739292549418524,0.4280889030150963,0.4405394783628632,0.3314901753187949,0.5117341818699024,0.23093976672139727,0.5772293368883934,0.1324375511821116,0.6457662870237187,0.03343323780230434,0.7135759171081906,0.41796328440948427,0.5836361614417221
43.934000,0.6152799234113475,0.31684102004521675,0.5318169712821145,0.38054557422799085,0.4276091837395522,0.4400496666543452,0.33271346618792075,0.5134989878925889,0.2309710500088506,0.5771266607248151,0.1327262217952399,0.6460320576780099,0.03361311725585148,0.7136825751081352,0.4245265634493909,0.5880512844262062
43.984000,0.61545603748391,0.31911953861427106,0.5334762511428788,0.38419434838136174,0.4272398252928853,0.43999597759058295,0.33398701367031153,0.5155202327961002,0.23106681081177244,0.5772246235921059,0.13301536356810484,0.6464049220405393,0.03373997997136502,0.713817073851025,0.4306140114883995,0.591971809490642
44.034000,0.6152277302443713,0.3205640753731352,0.5350007379214353,0.3880310880475233,0.4267819137110038,0.43988362979956963,0.33518649839104714,0.517409624745366,0.2310481355436198,0.57703513424684,0.1331341741539998,0.6464098858859175,0.03363470084441145,0.7134908430279283,0.43594161376403484,0.595982193313795
44.084000,0.61494794663826,0.32334042148379855,0.5362395607134371,0.39177708080430873,0.42625165531381154,0.43976312734453915,0.3363326580040008,0.5192274207263878,0.23107025532941733,0.5768453570114404,0.1333127863447569,0.6464404520797578,0.033618461770233754,0.7132314817715952,0.44329571794411493,0.6019779345888856
44.134000,0.6144338404429687,0.3252097460695966,0.5373164960062748,0.39572677553269014,0.4257197135897983,0.4398420579712712,0.33751451093928087,0.5212044707465525,0.23118596057552854,0.5768303583898813,0.1335951915164908,0.6466590186425554,0.03371941480039664,0.7131784084836468,0.4473253404013272,0.6062326069996667
44.184000,0.6130540065917628,0.32733461103289874,0.5379073465874337,0.39937962309239605,0.4248706501339493,0.43966243895206036,0.3384256741880166,0.5228926385949105,0.2311010473467226,0.5765715401588629,0.13370030713427478,0.6466650192133718,0.03366979985782459,0.7129515005953391,0.4529291170400345,0.6125291807688665
44.234000,0.6122556022281275,0.3292904056321242,0.5383220517383046,0.4029604903657161,0.42406302200117596,0.43963301582181713,0.33936620135699136,0.5246415364096111,0.23115915872455695,0.5765186597350186,0.13397654611508658,0.646914254811402,0.03383535290785267,0.7130334004712979,0.45525104846128855,0.6164930732166476
44.284000,0.6106108858387599,0.3314684873810794,0.538678975120663,0.40659440914769107,0.42331167254924246,0.4396153948488204,0.3403095698780733,0.5262794067081725,0.23123416739219643,0.5763049658936221,0.13422106323514327,0.6469339799114221,0.03392923483272936,0.7128244128664402,0.46198298322860276,0.6252946358196982
44.334000,0.6093468382360825,0.33288336079600717,0.5386413090956113,0.40967376831445235,0.4223810395990326,0.4393983328458784,0.3411247306489971,0.5277012900773119,0.23133070752810192,0.5761293035295312,0.1345773457803945,0.6471137172449184,0.034237220231838394,0.7129305783437279,0.4649802966815423,0.6311864354880407
44.384000,0.6074118885319505,0.33511440409472776,0.5385124569231714,0.41283835956310216,0.4214538440306793,0.43924444120513484,0.341850397340711,0.5290402722613557,0.23134304125147315,0.5758176626349795,0.13478516593042494,0.6470677623786631,0.034344812971498606,0.7127315689808267,0.4669196401878525,0.6370734761593517
44.434000,0.6060628773176794,0.33654469656491937,0.538261105007573,0.41588582012244246,0.4205547588968822,0.43923568276165875,0.3425464388456746,0.530420670576476,0.23141618766339578,0.5756983391578375,0.13506818037354196,0.6472319780368592,0.03456025833008591,0.7127923136560926,0.4681829987549566,0.6423305563125619
44.484000,0.6040720976868613,0.33858988533699647,0.5379089474860677,0.41875510352783946,0.419651563335927,0.4391313419924346,0.34316785022685037,0.5315988586079925,0.23144821970503554,0.5754021022786291,0.13528220739909474,0.6471802192584835,0.03469170374065489,0.7126137777261488,0.4682863294686486,0.6472585971083056
44.534000,0.6028268108502051,0.3398652014301906,0.5375703756386445,0.4214470377776782,0.41888114630148066,0.43913508004781415,0.3438471543084116,0.5327828245245714,0.23162133212427088,0.5752724095436514,0.13564987101078635,0.6473104456894467,0.03500878468623925,0.7126661779813823,0.46776953096015716,0.6519204968547326
44.584000,0.6011308041580804,0.3415907248828228,0.5372687456638069,0.4238820765650535,0.4182402564763379,0.43912080229093164,0.3445447828914363,0.5338254862991532,0.23187338926837814,0.5751190337253296,0.13608232048528968,0.6473967698644312,0.03539776061142541,0.7126855085795132,0.46600254731858254,0.6560974408637411
44.634000,0.5998501738071348,0.34278434574048117,0.5368835858012468,0.4262134444028849,0.41757896178197235,0.4391133152435539,0.34513370362444346,0.5347777524801194,0.2320451589996102,0.5749147811526295,0.13640710863476913,0.647394870283743,0.03566616233173625,0.7125965707035289,0.46866681005046906,0.6591014766236757
44.684000,0.597827072504443,0.3440046313640993,0.5362285767549221,0.42808112811243415,0.41671832633277767,0.43891164259865906,0.3454782221193226,0.5354768928269688,0.2320417453347824,0.5746197815132992,0.13658454903757178,0.6473378925660199,0.035828983199965414,0.7125169992854568,0.45821494873432606,0.6601847391843025
44.734000,0.5967647842766057,0.34507493857463234,0.5356431217035801,0.4299656553015823,0.41598115838787064,0.4389664627892359,0.3457752272069202,0.5362861793271277,0.23203442881671038,0.5745357647047191,0.13671793745711297,0.6474382096218534,0.0359344652880198,0.7125741577422396,0.4546240989597412,0.6629712406156528
44.784000,0.5953884482171802,0.3465291747056373,0.5351705833590686,0.4318031701565819,0.4153938803385209,0.43912036999856296,0.3460444298728006,0.5370522530607332,0.23201907048361126,0.5744449985625846,0.13678219575362244,0.647451420825728,0.035934633250517156,0.7124880961495964,0.4500518243870598,0.6649214748865879
44.834000,0.5946081451922179,0.3473425146932579,0.534744503420827,0.43337230222694845,0.4148914038152093,0.4393081690487224,0.3462727160797557,0.5377534619451544,0.23202151525231735,0.5744503706635784,0.13686213143947934,0.6475577688689649,0.03597140860631032,0.7125274698548912,0.44515002852904517,0.6665765126089631
44.884000,0.5936662539791847,0.3483153933363414,0.5343845684762626,0.4346425146326842,0.41448005699638324,0.43942875812538756,0.3464507729959689,0.538282268525327,0.2320127172043544,0.574392258647665,0.13690738280538944,0.6475699558569994,0.03597276465453392,0.7124714416546375,0.43851048858991704,0.666442511809298
44.934000,0.5932007712425813,0.34879215255478635,0.5340963615282107,0.4356255762874763,0.41416073421477373,0.439555627296346,0.3465876239338681,0.5387215224769197,0.23201403969486933,0.5743991596552565,0.13695671333340936,0.6476392081602305,0.035995357579250764,0.712499092867823,0.43177384295596244,0.6657680002609268
44.984000,0.5927071759604065,0.34911918258113167,0.5338957616614067,0.43627916040016773,0.41394211552107596,0.43961424226744583,0.3466797047169144,0.5389911414279551,0.2320122045455993,0.5743657707985134,0.13698479284640191,0.6476446287667108,0.03600222921934393,0.7124714892737911,0.42463750974459225,0.6644063932485234
45.034000,0.5925805899760825,0.34918574153287035,0.5337468216570473,0.43651426550871725,0.41378553111876043,0.4395620141721673,0.34671875636284727,0.5390710475423864,0.23201079826854332,0.5743142646053081,0.13702002072071656,0.6476406048895753,0.03604415130900507,0.712477891964769,0.41776759963663657,0.6630004804730457
45.084000,0.5926956612830622,0.3491101859548384,0.5337393243327585,0.43653786599813027,0.4137771561107959,0.4395508703044764,0.3467316110479709,0.5390742087001875,0.2320185333761442,0.5743007584892437,0.13703099117771644,0.6476312898218619,0.036055025537059526,0.7124684270309669,0.41819649609457543,0.6638673025169506
45.134000,0.5929803232745239,0.3489504397366781,0.5338469406939832,0.43632351531166885,0.413890248683526,0.43954718424121925,0.3467128192394585,0.5389815493813542,0.2320305733866706,0.5743083449476365,0.13702183839663606,0.6476114163264772,0.036045305600074795,0.7124476702477651,0.40286859139343245,0.6565843653726469
45.184000,0.5937220192021533,0.34849917162935107,0.5340772360053373,0.43586167922811464,0.4141348294908075,0.43957908678293756,0.3466622965943096,0.5388134422376105,0.23205403771480948,0.5743795355780488,0.1370023027889135,0.6476268405511914,0.036029505632972025,0.7124689120240247,0.39533048325305165,0.6522645615899432
45.234000,0.5944074924771695,0.34809894794585916,0.534422179555498,0.4351757597720701,0.4145041231500386,0.43960969113938597,0.34658569579756826,0.5385393996390813,0.23208377254025875,0.5744463567540548,0.1369605439727707,0.6476007919243921,0.03598617491682732,0.712440415551399,0.3879519710363878,0.6472193156115235
45.284000,0.5957050542825978,0.3473310886187612,0.5348732313982306,0.43422596040698636,0.4149971466522212,0.4396779605298814,0.3464792444006253,0.5381934266709111,0.2321335606504758,0.5745948635457363,0.13692456304354406,0.6476376371301137,0.035959974880087064,0.7124924899580025,0.38055108494075396,0.6413920798650284
45.334000,0.5968139571758584,0.34701008696335994,0.535403275078084,0.4330570655702688,0.41558887440483905,0.43972860142229464,0.3463315411426112,0.5377256513141047,0.23217327476052418,0.5747106511851885,0.1368496459610941,0.6476037632795497,0.03588755238069308,0.7124624994548752,0.3802103814110209,0.6405395271911903
45.384000,0.5992385833169318,0.3472974474848317,0.5362533163677297,0.4325266217909761,0.4165192687605688,0.44051147267283686,0.3462032761531397,0.5377516967759396,0.2322208625816537,0.5752751480619838,0.13664209288924895,0.6478333921427188,0.035581186716567736,0.7125380538260234,0.3665705741572205,0.6273838820846165
45.434000,0.6010651778358955,0.3474336619481662,0.537316080383065,0.4319040942441009,0.41768832553128077,0.4413486836533351,0.34616701567121566,0.5377058434067219,0.23237895569331074,0.5758146010152135,0.13649915776666655,0.6479745923503465,0.03531425940837374,0.7124851832961987,0.3599351937355141,0.6195163757769695
45.484000,0.6040585671478922,0.3478108306913342,0.5385881533649398,0.4313110597027492,0.41911033116572083,0.4424936355398543,0.3462304504181709,0.5378273807805344,0.23268536893169156,0.5766541044412251,0.1364806653852208,0.6483803549732298,0.035173012726324115,0.7126980003954904,0.3537182040945531,0.6111788717647316
45.534000,0.6062296054925832,0.3481621856757534,0.5398465438215931,0.4306568522345726,0.4205527209647889,0.44365623022755135,0.3461579286246072,0.5378125623174258,0.2328590122276029,0.5773518534499752,0.13626187982814997,0.6485487214442092,0.034783873558227985,0.7125972518213605,0.3481456358342221,0.6036660828875562
45.584000,0.609602537254878,0.3486730343663161,0.5411590214885229,0.42991739318431077,0.4221168384348788,0.4450487729566409,0.34610711011300965,0.5379063046944104,0.2331209696337932,0.5783307040048348,0.1361377661089982,0.6490007700446225,0.03451616544896885,0.7128212235003407,0.341929042362415,0.5923988302670474
45.634000,0.6119488517700412,0.34907079628145465,0.5425381142891437,0.4291288733712846,0.4237991193647652,0.4464796971081073,0.3460750094848839,0.5379070603172635,0.23341568221881814,0.5792335164919337,0.1360055015069876,0.6493138753215549,0.03421333060421461,0.7128619196887942,0.3371939148335374,0.5831217893757965
45.684000,0.615663349079111,0.3497561754864225,0.5439293811023014,0.4282795293252767,0.42558322421448624,0.4481336762443549,0.3460517678786547,0.5379932748028928,0.23378425164125421,0.5803725716102368,0.13594645578379766,0.6498546966623295,0.03400236206673801,0.713158738841383,0.3327437477857551,0.573421007027337
45.734000,0.6182220718395715,0.35024190486856344,0.5454430200033294,0.4273820223658841,0.42754628738203465,0.44975076030702055,0.3461045990660458,0.5378827715406995,0.23422506288572376,0.5812759666744789,0.13589761393781608,0.6500634130817698,0.03375173721572633,0.7130413446809734,0.328542436086018,0.5618943755306035
45.784000,0.6220039542802366,0.351147741286873,0.5469098728948042,0.42645177784093863,0.42957453485641744,0.4515997091160239,0.3461556533526444,0.5378626224024332,0.2347321424904894,0.5824137304374768,0.1359188957855964,0.6505014846641872,0.0335915212215413,0.7131840852390392,0.32525235034858097,0.5517550263300015
45.834000,0.6245493254195211,0.35185079513312856,0.5483152471368207,0.4255161621034901,0.43161222711999825,0.45345189404222996,0.34616979316842333,0.5377109616873845,0.2352067679829506,0.5833969227880134,0.13586978410162254,0.6507182688333855,0.03332913031704554,0.7130513605378046,0.322172954357486,0.5395627412762374
45.884000,0.6281278104890082,0.3528139913490258,0.5495602444072789,0.42443235595225315,0.43363290245645497,0.4554299588953311,0.3461522445339079,0.5375709017279909,0.2357346848144118,0.5845598632571787,0.13590213506194643,0.6511441107179821,0.03318850674974727,0.7131917582071772,0.3196997132602668,0.5268784990929456
45.934000,0.6304036156880526,0.3535017897829269,0.5506874749560118,0.4233000921410946,0.43561783781453356,0.4573438670218053,0.3460923255314696,0.5372512049229952,0.2362270366780838,0.5855173245636096,0.1358731973676825,0.651313273798058,0.03296256196188674,0.713033619879196,0.3177748248179183,0.5140797074930725
45.984000,0.6335801766649277,0.3545948068526258,0.551642129402049,0.42212732701570815,0.43759352248943373,0.4594491070012846,0.3460269357794989,0.5370091495379665,0.23679823910187625,0.5866991064921432,0.13594871510818052,0.651732740176914,0.03287676056705724,0.7131833071968583,0.31634445021499596,0.5012382341586643
46.034000,0.6355117883329754,0.35536654931894646,0.5524126935896735,0.42091661968417626,0.43946985627230034,0.4614618475007932,0.34588412002239366,0.5365731646944281,0.23729500629359956,0.5876457050619779,0.13592852357972374,0.651870592622934,0.032671940851140224,0.7130104169865609,0.3152739341189757,0.48818430573541516
46.084000,0.6386198556576228,0.3578703829789831,0.5530711493765624,0.42003521590972276,0.4413718202457817,0.4638902027610688,0.34572535885622335,0.5363591921541216,0.23781104410210907,0.5888425292350208,0.13589473447788702,0.6521912927002668,0.032430750334154435,0.7129794822201222,0.31474852836530604,0.47810284264914754
46.134000,0.6408857364304721,0.36026994827900305,0.5539366360054089,0.4201289103705774,0.4433955190395453,0.466826463410716,0.34562471634783265,0.5364028253522412,0.23822411248474373,0.5899295503580042,0.13560203416517724,0.6521284976270101,0.03176326582564326,0.7122742388704951,0.31445431177323935,0.4684467121546514
46.184000,0.6433289055028669,0.3629259132020578,0.5546349659620504,0.4202307508541318,0.4454716316428243,0.47006413765208827,0.3455575715348493,0.5365260108783021,0.2387713749935379,0.5912682087513559,0.13545261766228434,0.652302906944092,0.031263959481649284,0.7118404875670474,0.3143286816789984,0.45913081542436524
46.234000,0.64461836498499,0.3645076326081509,0.554695636339857,0.41948641991012614,0.4474486404917475,0.47332025574652525,0.345284838274376,0.5362691041534065,0.23941229072922826,0.5927580736623158,0.13545025079590267,0.6526904877036162,0.031017540287479828,0.7117989386716935,0.31404110008489133,0.4530469359795764
46.284000,0.6462483222476132,0.3669003747314894,0.5546144625757681,0.4188647753351953,0.44902754401536127,0.47588584713122534,0.3450567578168941,0.5358030868646493,0.23992469075723194,0.5936584969460351,0.13540131106306497,0.6526064663537334,0.03073024788978429,0.7112918012692515,0.31404188442615893,0.44451775694932005
46.334000,0.6471980743398343,0.36860005364339393,0.5542110786682717,0.41812453876958267,0.4504923723605818,0.47847708603725103,0.344838890972952,0.5353747298411798,0.2405548596644297,0.5947450996734522,0.1355394607078917,0.6528120092000027,0.030698856386076168,0.7111939215138816,0.3141264795025833,0.4385647329085507
46.384000,0.6485459124233122,0.3717873776169632,0.553943827602594,0.4177901114005167,0.452048586372451,0.4811727574050271,0.34475049659788237,0.5349046839504311,0.24121795654234474,0.5955760375652754,0.1356376990949587,0.6526094421368939,0.030539337395244615,0.7105260577817555,0.31542439721916543,0.4247676509662025
46.434000,0.6489647563343103,0.3735885108127618,0.5533011933510608,0.4175049792168014,0.4534209665911352,0.48401768695002667,0.3446089674449639,0.5346136239484152,0.24192541713308358,0.5967110352505282,0.13584610623094995,0.6528107660723275,0.03055353499940683,0.7103735530324264,0.3153423010134765,0.41560775203599726
46.484000,0.6500171682857364,0.3772500609975559,0.5528249429461982,0.41749917874411313,0.454918817162285,0.4868849879986489,0.34467819131393945,0.534287566075553,0.24277155085084096,0.5976518827486015,0.13615997596321316,0.6527333869021135,0.030621832718754183,0.709844684563002,0.31550622452074883,0.40581980210317997
46.534000,0.6504146193254884,0.37918508719105676,0.5524541610899262,0.41764074581536204,0.45662481650622777,0.48986772615585716,0.34504596791154946,0.5340283480660752,0.2439433005170471,0.5986677372912105,0.1368116148262255,0.6527306813454153,0.031034144067415115,0.7093974853828113,0.3154166883792465,0.40323516418938643
46.584000,0.6502078822365319,0.38172587372415234,0.5513812671925558,0.41706542001785557,0.45777566479416687,0.4921519780667762,0.3450809068449502,0.5333817189193101,0.24489709864926035,0.5994362764865893,0.13737954999557012,0.6527277085512411,0.03148512420136007,0.7091756543572179,0.3153909081607285,0.3954202615880733
46.634000,0.6500244916956154,0.3831931337966822,0.5502667101971054,0.4165078613789695,0.45901870815109014,0.49444246295368915,0.34531488619333855,0.5328018278102651,0.2461148313086962,0.6003247802848415,0.1382551884597829,0.6529203831857007,0.03228437039121179,0.7092247854814161,0.31487038344840446,0.3882511145471925
46.684000,0.6495224452880404,0.38615923985939604,0.5489876924013156,0.4162874348297553,0.4599825399748806,0.496773973092665,0.3453463980300616,0.5322500912489736,0.24703080740853883,0.6010544852996946,0.1387935298907793,0.6528684964866259,0.032689917767183996,0.7089222518837954,0.3149839556121036,0.3820810247029505
46.734000,0.6492901504090407,0.38811021122645223,0.5479735432373114,0.41625926099678967,0.46125918850225034,0.4992087678237794,0.34577638423911233,0.5318235178509825,0.24835543672486338,0.6018889086329193,0.13975439699553527,0.6529360845553935,0.033524173214554254,0.7087495198144422,0.31500362086541,0.37929262238258055
46.784000,0.6481528172566087,0.391226756565167,0.5464889515135662,0.41641882718256246,0.4619584364478547,0.5015927196868809,0.3457265142037849,0.5314279375949726,0.24912985387344205,0.6026254459503488,0.14016503070611053,0.6528914116895652,0.0337879086768349,0.7084243560425278,0.31265290750490987,0.3765353675686604
46.834000,0.6472156175898944,0.3932930192129435,0.5448731695154861,0.4167122200810371,0.4625650986407055,0.5040356503209765,0.3456769129773629,0.5311861945573512,0.24992664337586373,0.6035179709162888,0.14063162798735418,0.6530618869022649,0.034133698726325656,0.70836280066608,0.3124812004308744,0.3688027007356842
46.884000,0.6454809653013244,0.39518143725723964,0.5430026622775325,0.41618043421333284,0.46290028957291474,0.5055314828198854,0.34550785774609916,0.5304115340615214,0.25065219627655355,0.6039125781845471,0.14113714314953596,0.6529681908969223,0.034615376387326924,0.7082231744355816,0.30947077086870944,0.37104101117139815
46.934000,0.6443344323391218,0.3967214752037096,0.5411465056345688,0.4161242414139118,0.4632571478564303,0.5074108666385804,0.34539214783782063,0.5299462115574664,0.25140874701793225,0.6045593496118881,0.14165048932299495,0.6530683680287943,0.035076505678509395,0.7082225701365659,0.30772088071706305,0.3682546011008194
46.984000,0.6423996031820125,0.39842038067979496,0.5392452610081523,0.4158029891695583,0.46346665208106214,0.508849227293811,0.3452176508641722,0.5292740580448348,0.25207764653056985,0.6049373886134565,0.14211856014436275,0.652989436656289,0.035519634383952,0.7080954166106138,0.3052631551803309,0.36859138999537944
47.034000,0.6411083235627567,0.3994958924848181,0.5373444942603669,0.41546559096163355,0.46365463098679216,0.510174640427468,0.34508853416756563,0.5286700637817414,0.2528027343087112,0.6053729395062635,0.14268430162353396,0.6530586898197488,0.0360950358349339,0.7081833523461278,0.3026939416910403,0.3694843664797297
47.084000,0.6392327818702667,0.40104083623278264,0.5355297242683125,0.4152054923925913,0.46372912094856433,0.5113547168456266,0.34489819732032506,0.5280643425044972,0.2533700891829048,0.6056697896121886,0.14309374594363922,0.6529892160856323,0.036495842694237446,0.7080971739758604,0.2989812417850398,0.3669526019930801
47.134000,0.6378420562458488,0.401756672170209,0.5336673090906778,0.41493210033850364,0.46373327574150347,0.5124473859099898,0.3446953871034533,0.5276125113459157,0.2539508731008442,0.606132783656473,0.1435738264631991,0.6532168316252795,0.03702001746752848,0.7084099995761326,0.29825464486622927,0.36318573527578785
47.184000,0.6359461006494506,0.4021074200341715,0.5319381910517975,0.41422126383933,0.463785789828311,0.5129899340109626,0.34459758149278263,0.5269244592546337,0.2546425448071326,0.6063479531017524,0.1442302437463202,0.6533492698328447,0.0377781794573957,0.7087384204728995,0.29228638180494537,0.37002216175178204
47.234000,0.634769587104898,0.4023293412191012,0.530314914935279,0.41352333403756103,0.4637780712241922,0.5133874839060932,0.3444656734954726,0.5262152564415993,0.25522516089607533,0.606440756820197,0.1447805953906101,0.653366207806937,0.03841926381653049,0.708929389373409,0.2913919306044034,0.3667741762238633
47.284000,0.6332136395336921,0.40260818586055985,0.5288749202377118,0.4129469738266841,0.46371067716971215,0.5137121534542437,0.34429900042473277,0.5255802391024078,0.2556596506578875,0.6064694576232391,0.14518073019080469,0.6533139677864154,0.038888494915920724,0.7090092164192088,0.28539415835923393,0.37612872584979606
47.334000,0.6323343674663332,0.40279286174532763,0.5276508301210774,0.41246908372936586,0.4636840637314842,0.5139986498549922,0.3441964647494561,0.5250762709673442,0.2560891511003685,0.6065446776139767,0.14559108020205858,0.653343997349972,0.03936959931385342,0.7091740698729114,0.2817678467092011,0.37947236682470614
47.384000,0.6312915279868536,0.4030339991281671,0.5266580253088893,0.4121275179860017,0.4636258764059347,0.514239947222974,0.3440796238846771,0.5246655651002821,0.25637980191074844,0.606572470949186,0.14585682694793944,0.6533129459721285,0.03967992608903259,0.7092277537067336,0.2783201466030884,0.38368488814323887
47.434000,0.6307793831867615,0.40319082905396697,0.5259149661009855,0.411873867721944,0.46360512672477594,0.5144286526756963,0.34401787801102857,0.524372995040872,0.25663688241675126,0.6066199500541292,0.14610004132874366,0.6533276235380925,0.03996291039661615,0.7093178855261956,0.2757580767588599,0.3895536353283144
47.484000,0.6302802502853543,0.4032399194446264,0.5253917105542718,0.4116667514207473,0.4635593146754283,0.5145101022836479,0.3439459273859488,0.5241349441336363,0.2567751590387972,0.606604678843928,0.14622856330019685,0.6532892605510257,0.0401170041342912,0.7093279704724129,0.2745026028916682,0.38701427993890103
47.534000,0.6301601995600592,0.4032549669064837,0.5251649507307468,0.41156823549655114,0.4635838793128193,0.5145622724259777,0.3439582235745343,0.5240334122298901,0.2569008952388059,0.606622888454438,0.14635284206312615,0.6533040188934831,0.04025851965395055,0.7093753551762746,0.2738420637277643,0.3856799013186821
47.584000,0.6302625072365315,0.4032436560163516,0.5251704821139929,0.4115692559408328,0.4635734203616033,0.5145537304186506,0.3439480370901812,0.5240283109985667,0.2568822119397882,0.6066088298324976,0.14633261260372493,0.6532862985581671,0.04023548819103295,0.7093523327621107,0.2699724114468955,0.4094854746277452
47.634000,0.6305325063445391,0.4032040453250258,0.5254520072771053,0.4116831921298918,0.46358023422079475,0.514502858044873,0.34396857749652693,0.5241491825094473,0.25677943722115487,0.6065994937159036,0.1462323945401084,0.653283017088448,0.040117412972390465,0.7093152460900045,0.269337886112397,0.4193902307807193
47.684000,0.6312307878794394,0.4031027733062261,0.5259798483515084,0.4118962442443889,0.46361201078560577,0.514415768420778,0.34402710839541173,0.5243882866748478,0.2566183374688259,0.6066057225695753,0.14607991640288404,0.6533096567534165,0.03993678005832302,0.7092885331885499,0.2690788193550243,0.41891074170570575
47.734000,0.6318862505418361,0.40300787529777143,0.5267703592077956,0.4122189545494174,0.4636358019497132,0.514268098004058,0.34409294436546495,0.5247325712632365,0.25634194165504043,0.6065846422407937,0.1458132814779881,0.6533116716720087,0.039622782898336206,0.7092006510096651,0.2701958901593821,0.43679199485443626
47.784000,0.6331404824874389,0.4028241058120873,0.527795729761778,0.41264280366481937,0.46369930589300346,0.5140905658246335,0.3442146368225102,0.5251997447823503,0.2560390094228455,0.6065942085540064,0.14552903971092818,0.6533654239997387,0.03928548331496162,0.709153475805991,0.271677269473038,0.44594078508007723
47.834000,0.634189438566188,0.40260209459951535,0.5290875583069679,0.4131544493559079,0.4637748068216978,0.5138234341198022,0.34436982731921617,0.5257587123888259,0.25565815144615434,0.6065686038833367,0.1451734983836323,0.6533995918734515,0.03886406374643936,0.7090620038396505,0.2741884321252144,0.45590626781755905
47.884000,0.6360948282167672,0.4023223979520139,0.5306189235762646,0.41375921389642567,0.463936887363847,0.5135264732883011,0.34463444649537106,0.5264465198371234,0.25532812942632443,0.6065987608011969,0.14488469764673584,0.6535268800555134,0.03851337096901131,0.7090709243881044,0.27759465489091484,0.46612906998018117
47.934000,0.6377408980394956,0.4021203229347807,0.5327017296864953,0.4145025082843763,0.4643778556133541,0.513152638703132,0.34520286480092605,0.527199758153669,0.25517052965955445,0.6065356178199746,0.1447602419628694,0.653541663928271,0.03829695106200759,0.7089092328703731,0.2812979268150967,0.47598640536598347
47.984000,0.6404298795288222,0.40180224272747955,0.5350260854816495,0.41535881307008016,0.4649419811927952,0.5127662990556494,0.3459238407377901,0.5280856411639967,0.2551217951101686,0.6065393760007738,0.14476086314341413,0.6536611830059109,0.038211601759874814,0.7088631295170826,0.28642966766089634,0.4866972456315802
48.034000,0.6423344354124342,0.4015711776902413,0.5375407090901441,0.41633386526201344,0.4654641447106348,0.5122763942428895,0.34663896270823424,0.5290268008676924,0.25495908803238204,0.6064528984021798,0.14464783177461998,0.6536908782789101,0.03799305768773331,0.7086886888214687,0.2928630636648443,0.4977613630960483
48.084000,0.645306717009571,0.40119356731481703,0.5401957772406186,0.4174112621422045,0.4660608722551603,0.5117723550926192,0.34746861959652475,0.5300993190896964,0.25489410617379393,0.6064534903218207,0.14465556979690597,0.6538609274755158,0.03791088159604883,0.7086840206106333,0.3002790401692211,0.5088321496726822
48.134000,0.6472478713728487,0.40093603864577504,0.5428590266507781,0.41855570636024714,0.4665464830339483,0.5111645379408754,0.3482237478926944,0.5311577955216812,0.2546948450482143,0.6063398700654694,0.14452750139459547,0.6539125133839296,0.037678976930853425,0.7085329566256418,0.30706509962062756,0.5185540371317472
48.184000,0.6502960942696038,0.40055108513787335,0.5457478584865998,0.4198707207685746,0.467126000830021,0.5105272345920633,0.34913857960182926,0.532412582017248,0.25461066906301216,0.606334663489331,0.14454583280174804,0.6541439912275573,0.037610179702190494,0.7085936569397636,0.31423495469683277,0.5279031715566945
48.234000,0.6520889085389672,0.4002951192008336,0.5484210524275265,0.42136823572245896,0.467363470617547,0.5098536493850916,0.3497755649858455,0.5337928316791632,0.25419204213243773,0.6063448141395332,0.14424341857956136,0.6544207975280063,0.037218966519207086,0.7086957149498756,0.321876157511006,0.5370864544714926
48.284000,0.6545862088451546,0.40010428014716903,0.5510725583908764,0.4230896703094058,0.4676073211735547,0.5093077318374465,0.35047872613344855,0.535401642819957,0.2538595013903248,0.6065685269780947,0.1440513657533442,0.6549645324452131,0.036958477669244205,0.709104289754699,0.3294848291266308,0.5455742474117247
48.334000,0.6562636319785404,0.3998942599731873,0.5534459998443727,0.4247655028275339,0.46768246334228475,0.5086977123659175,0.3510628346570013,0.5369795475279878,0.2534624556164602,0.6067947751576501,0.14381636480426951,0.6555567969506096,0.0366789975317412,0.7096084808643418,0.33779247803844836,0.5542205417860391
48.384000,0.6589158128811992,0.3996131855933799,0.5561624176554627,0.42657098430198975,0.4679272039850824,0.5079008499710438,0.351887457190505,0.5384749755773588,0.2532027833481288,0.6067489467748606,0.1437041944720645,0.655841298868133,0.036486081647056356,0.7097326365963398,0.3460152878350143,0.5624915792209275
48.434000,0.6602574798871869,0.3994679759454794,0.5587166304211383,0.42862753661612507,0.4678799160239192,0.5070411280054018,0.3525498202556302,0.5401918294975578,0.2527277312362764,0.6067917584975062,0.14341767244805237,0.6563024749911376,0.036137019968824347,0.7100692082334755,0.3543391673364755,0.5704810183273014
48.484000,0.6618416964732505,0.3995043855963932,0.5606616875437882,0.43084309214356525,0.4674649212597355,0.5064364963140598,0.352889845052637,0.5421093418865282,0.2520416819315191,0.6071450858670123,0.1429430536996129,0.657119972736744,0.03563389397729544,0.7108297878502302,0.36230288530957105,0.5779470761168052
48.534000,0.6635297485636494,0.39983145218840904,0.5632729180681699,0.433344953949711,0.46749562648301834,0.5056409456547138,0.35376725555048816,0.5439274660610305,0.2517428899043073,0.6071020560041844,0.14281760456344716,0.6574536420102799,0.035412021767481594,0.710970375694248,0.37294450626238845,0.5873544070102019
48.584000,0.6657153606471007,0.4005483849503583,0.5660124613176304,0.4361618240699737,0.4677664687241351,0.5050655607227537,0.35491864487268443,0.5458744891564729,0.25173831307189576,0.6071429078276197,0.14296525564083795,0.6578225090104732,0.03544275433375632,0.7111039477348596,0.3812150717024119,0.594156971078116
48.634000,0.6668832321537104,0.400920383118624,0.5683805914845128,0.4389144703345668,0.46772923660236154,0.5042543873867115,0.35586452690251263,0.5476857898941765,0.25154535334532135,0.6069943898468222,0.14294702001744441,0.6580473231455788,0.035321106222313214,0.711119563344792,0.3918185998665914,0.6034659203298335
48.684000,0.6682017907864405,0.40147405802695335,0.5705074684705816,0.4416769458986727,0.4676447187307424,0.5034770649596434,0.356842042204089,0.5495505592326764,0.25147060276040184,0.6069688468208877,0.14307976384346133,0.6584608465769841,0.03538638051843357,0.7113960445836842,0.4018204452009536,0.6122321433120914
48.734000,0.6689146116181515,0.40199680573221797,0.5724672755973211,0.44461092267443936,0.4674199089466946,0.5026199802410599,0.3577437336693528,0.5513142979437812,0.2512884392231686,0.6066972401225402,0.14307898979148004,0.6585693429687793,0.03528170226871541,0.7112926281730831,0.41236967788877565,0.6210199424534534
48.784000,0.6696053442713917,0.40280574134985236,0.5741916200171099,0.447578351304114,0.46716856105485904,0.5018560156824058,0.3586952661181541,0.5531740854587975,0.2512483938114701,0.6066078728176503,0.14325387773886689,0.6589259815205095,0.035390240797671724,0.7115133928070336,0.4223671953244429,0.629434287278715
48.834000,0.6698075406751722,0.4033601877390211,0.5756675763317489,0.450569279770567,0.466745660992806,0.5009281554420526,0.3595500736258475,0.554864284790132,0.251110091826386,0.6062527109903229,0.143320595909596,0.6589919238210457,0.035372771563766836,0.7114063037086488,0.4318080523457056,0.637483479797005
48.884000,0.6698114416855979,0.4043837926385514,0.5768992067701304,0.4535878532568898,0.46629004970696714,0.5001240152578159,0.3604387005838972,0.5566526972593089,0.2510971061071474,0.6060937299880256,0.1435426263982178,0.6593105872283911,0.035545454464227855,0.7116232133740951,0.44065992560827216,0.645312265752607
48.934000,0.669932731964178,0.4058425190440819,0.5781338201533412,0.4571858077570256,0.4658910553861829,0.4996306161118982,0.36138567903021857,0.5586104966656268,0.2510994679955265,0.6059069199353811,0.14371126192792616,0.6594585137076372,0.035591874359870324,0.7115180760378153,0.44632800212595486,0.6504001816562635
48.984000,0.6696788127731155,0.408140839051755,0.5792601144366107,0.4612138886086484,0.4655547943927756,0.49956881258068553,0.3623716659745331,0.5608325213260443,0.2511825610013694,0.6059654686603496,0.14392412721926007,0.6597765119745957,0.03565562390411814,0.7115252432623929,0.44884982245379684,0.6528276704722804
49.034000,0.6693200936607034,0.40979616676185265,0.5800406142041263,0.46512969150661354,0.4650089130572106,0.49930143028195284,0.36319691694179435,0.5628177072979904,0.25113568943971937,0.6057395116719402,0.14400027345442057,0.6597950631114031,0.035574851783867545,0.711214202888802,0.4538534419949654,0.6576480611829292
49.084000,0.6683256723344094,0.4119782501967099,0.5805192219047093,0.46879055870672204,0.4643902836524192,0.499024144203711,0.3640165299669244,0.5647897093916753,0.25120320665577395,0.6056939155531753,0.14424696936012116,0.6601031363068489,0.03572833470603154,0.711325259776677,0.45714666114874586,0.6620404309865832
49.134000,0.667339427707027,0.41326371588381566,0.5807503267752538,0.4725650930589409,0.46364605864368713,0.498767962825584,0.3647163962871943,0.5666864574016075,0.2511665197867278,0.6054991556631137,0.14435816244170052,0.660198102647921,0.035717139164484935,0.7111601283265967,0.46197105251429815,0.6673095736041936
49.184000,0.6659130404391103,0.41524561693728407,0.580751697457545,0.4758908548254262,0.4628949303690726,0.4984692170121754,0.36540516229045666,0.5684388184054984,0.25124749713666944,0.605425673927654,0.14463022256907687,0.6604961448119439,0.035927013163740806,0.711325390959805,0.4650360713234379,0.6741115209479387
49.234000,0.6648153985759445,0.416948171118242,0.5807677657364345,0.47967334068903755,0.46222047580903347,0.498288926923929,0.3661584633138017,0.570206169330503,0.25134793050307136,0.6051137839112242,0.14484534152902862,0.6604057231232479,0.03600028997497007,0.7109305165636405,0.468745339054128,0.6810532930497731
49.284000,0.6626019039911554,0.4187265199228623,0.5803824097865841,0.48307901025391853,0.4613323198181366,0.4981480535174507,0.3667689897161942,0.572024819824706,0.25143394514017864,0.6051582996475855,0.14513115302339896,0.6608333962912195,0.03623654220901429,0.7112512872888854,0.4697258711844174,0.6852639980399149
49.334000,0.6609024122959751,0.41950131445697764,0.5796930822254487,0.4858871591209616,0.46026871952843873,0.497626903120413,0.36728808877075453,0.57348599818424,0.251504512284594,0.6050163551956763,0.14546098215202685,0.6611836919350079,0.03657524842855597,0.7116207516280055,0.4718241910077692,0.6914688734701284
49.384000,0.6586347415104071,0.42086845751889296,0.5791061977673289,0.4886381484992771,0.4594175267968747,0.49727655341341903,0.3679568467549325,0.5749614554617686,0.25177788912000826,0.6050022577460659,0.1459832186791209,0.6616369441679553,0.03711031101427775,0.7121016840985883,0.4713123960881532,0.6948709484612778
49.434000,0.65719226457026,0.42170300446341874,0.5785619660080248,0.4911939692891186,0.45869379112170955,0.4968171933410389,0.36871347987455766,0.5762120520402099,0.2521661779480421,0.6047904777018358,0.1466011911611479,0.6618521422816483,0.037730215986597426,0.7123210511704751,0.47181343703694567,0.7006812823969355
49.484000,0.6551084900067594,0.42307011838146596,0.5780278012475215,0.4936577971319488,0.45806210598568187,0.49652693639273654,0.3694903508386599,0.5774901637874781,0.25262593761633595,0.6047428502986922,0.14728615464108497,0.6622191943256699,0.03842766884172111,0.7127150364261118,0.47007734498146414,0.7037519651224176
49.534000,0.6538226619626576,0.42423868304976375,0.5774947951240872,0.4962091739041712,0.4574948530865818,0.49632711841484933,0.3701861347346072,0.5786507948374562,0.2530048208851534,0.6045069292057603,0.1478121128108495,0.662252008372626,0.03890630736769918,0.7126457137411131,0.4694655696448275,0.7082779523504223
49.584000,0.65198430015929,0.42592627826543666,0.5769570277600511,0.4987173480787317,0.4569804872013876,0.4963446459179389,0.37083278043727835,0.5798824973344338,0.2533789463208943,0.604471048559449,0.14831978870798024,0.662458748993788,0.03937109335784239,0.7127596613264523,0.46811457394671363,0.7122944316314475
49.634000,0.6503898631495582,0.4264845036452302,0.5761427148714882,0.5007329350574798,0.4562325346275561,0.49609088023586523,0.37120277020554865,0.580766373515017,0.25351604514437726,0.6042149287812115,0.14859963248303243,0.662460498177297,0.03962719514834723,0.7127099549039397,0.46953328003953043,0.7140929755938423
49.684000,0.6478769721582315,0.4260848707368785,0.5751472035975418,0.5015466393689972,0.4553149737819313,0.4952033990929665,0.3715015561415508,0.5810830301074974,0.25367526334850216,0.6038198884350778,0.1490332504723652,0.6625570073736049,0.04016679962419989,0.713035674944335,0.46078056572149884,0.7153392511043981
49.734000,0.6464650440170613,0.42606370984712766,0.5741196942268953,0.5022792315513716,0.4543758380283448,0.4944428482847867,0.3715756844597065,0.5812998259492776,0.2536253216265468,0.6033840263542276,0.14919498565536737,0.6624966724542505,0.040398935698735206,0.7131268957782095,0.4577168340368597,0.7182467066712634
49.784000,0.6444189744052917,0.42569896970527,0.5731795047231465,0.5028481655325452,0.4535336183485326,0.4936361150749689,0.3716733002598911,0.5813794243493882,0.2536114259682559,0.6028595043945402,0.14937541851237573,0.6623141488696163,0.040642965317628454,0.7130808074385245,0.4528428757511543,0.7188098915643815
49.834000,0.643227167075361,0.4254901137997657,0.5723527455176631,0.5032161898565668,0.4527983636887103,0.49288421107721936,0.37173614087847434,0.5813653731009158,0.25358742383793087,0.6023625315199393,0.14952193248017104,0.662115134044583,0.04084977217818542,0.7130107288961965,0.44786872602716177,0.7194104556223887
49.884000,0.641813173364318,0.42524179004920915,0.5716622747296425,0.5035178712966949,0.4521861335149874,0.49231734985991576,0.3717836404045264,0.5813984314744888,0.2535712594742529,0.6020341528041621,0.14965467233664587,0.6620453427413071,0.04104113697881706,0.7130659262059609,0.4429517176639449,0.7189570947251029
49.934000,0.6411043225986296,0.425119797442948,0.5711285036011841,0.5037464050165305,0.4517186149890494,0.4918603416801037,0.3718205692644525,0.5813941469683308,0.25355740714806385,0.6017368234449598,0.1497500702230049,0.6619367968712604,0.04117648771617022,0.713042346292351,0.43697840039577407,0.7176209437852621
49.984000,0.6403911248703205,0.4250088030332487,0.5707591237514736,0.5039217298710443,0.4513923337410619,0.49161038533536777,0.37184748210588814,0.5814581259066485,0.25355566710998734,0.6016335175719187,0.14983361358806152,0.6619803121195416,0.0412975302937727,0.713165452748975,0.43048242796971864,0.7148917254123588
50.034000,0.6402194481322474,0.4250416303637198,0.5705654252359484,0.504039871033004,0.4512213291633024,0.4915104386778524,0.37183995580809875,0.5815026469128306,0.2535323766859119,0.6015853933272663,0.1498460545678143,0.6619935600388378,0.04132330924624317,0.7132069737827889,0.4312575447033227,0.7160702937114553
50.084000,0.6403252107801212,0.4250369112288347,0.5705509957108414,0.5040526506555256,0.45120846462276765,0.4915083190255131,0.37183683431171166,0.5815091206627665,0.25352809459799164,0.6015850291518633,0.14984357447520635,0.6619962887551722,0.04132127736179292,0.7132106522585351,0.4171616958864244,0.7077933900839113
50.134000,0.6406745720934645,0.42502510425473233,0.5707466815555404,0.5039043975975501,0.45137653942390177,0.49162558811712653,0.371832970228687,0.5814744645584784,0.25354518321854363,0.6016734606360676,0.14982923163175893,0.6620307417745787,0.04129954465210506,0.7132294433601285,0.4176100293948707,0.7085875979442386
50.184000,0.6415887560522927,0.4250418166869614,0.571116500565791,0.5036545384403346,0.4516991306758335,0.4918438751599493,0.3718275626376051,0.5814013015331865,0.253575338664638,0.6018074654297652,0.14979260423230012,0.6620498428209631,0.04124150117105463,0.713203122521987,0.40406794092495096,0.698861881481659
50.234000,0.6424302569352928,0.42508829736800796,0.5716558713932937,0.5033018735432052,0.452169032352678,0.4922160584803549,0.37180135851672824,0.5813285548095978,0.25360550837118556,0.6020587503758963,0.1497238749728329,0.6621304262513804,0.04114274699612863,0.7132199422727852,0.3973944651298901,0.6930074243363445
50.284000,0.6440789899685959,0.4253679957024364,0.5723504400111108,0.5029645194052434,0.4527847852867142,0.492763822852475,0.37175555323172316,0.5812751981243613,0.2536256375778481,0.6023778763324525,0.14959700941433457,0.6621946342052856,0.040959667031676195,0.7131645060908531,0.3909572359502538,0.6862620229436814
50.334000,0.6454018554762776,0.4256099509511831,0.5732044593220625,0.5025805120608577,0.4535462863872258,0.4935294541175671,0.37169352320474497,0.5812798111316942,0.2536529352840958,0.602876560957871,0.14944723677838473,0.6623843116909232,0.0407465520061121,0.7132189566568077,0.3847314410592185,0.6789524127168141
50.384000,0.6476666541370143,0.4260700753574504,0.5741178768055367,0.502170117219417,0.45436858660746837,0.4944172147273034,0.37154935458949273,0.5812560010382177,0.2536086896173212,0.6033919344027385,0.1491835857673799,0.6625138227853705,0.04039631579209957,0.7131629085749913,0.37896436541833695,0.6712377843270297
50.434000,0.6494146569682693,0.4264273892272549,0.5753076884321495,0.501647058254865,0.4554657809591025,0.4954893628075854,0.37155155662770645,0.5812704968340137,0.2537428797729322,0.6040984546429635,0.1490856675961838,0.6628084873408846,0.040218734787480837,0.7132861154629069,0.3734580054010281,0.6629259752413784
50.484000,0.652310163566521,0.42699810102037566,0.5765972134966844,0.5010549495746969,0.456678438852883,0.49664048608193906,0.37156328887486695,0.5812301500144761,0.25390173784573217,0.6048047000508658,0.14898349880881623,0.6630469795168394,0.040022866246180455,0.7133220285128403,0.3682559855130552,0.6534187347676996
50.534000,0.6543725830846816,0.42743382859975265,0.5779747349215645,0.5003993571250812,0.4579983689796098,0.49801784177519637,0.37156612975028974,0.5812612680730442,0.25408718392593005,0.6057295595540009,0.14889555055951786,0.6634765964451372,0.03984729166112222,0.7135612970155556,0.36355214434509237,0.6441820838720164
50.584000,0.6576322560440601,0.42816259616577657,0.5794127805297189,0.499678812978159,0.4594130270987066,0.4994355507824252,0.371570667169699,0.5811895708799248,0.25428675054953503,0.6065762386847853,0.1487877852479067,0.6637598755076195,0.03963090289168236,0.7136073933422057,0.3595261146856847,0.6336703508225439
50.634000,0.6598898268850938,0.42870301194939925,0.5808920529795815,0.49889358667267203,0.46091196851096916,0.5010797547596081,0.37157034192782534,0.5811926361175884,0.2545234952812943,0.6076508236991925,0.1487126236853673,0.664255235648353,0.03945838464280971,0.7138890069258976,0.3560137302637337,0.6235942291169225
50.684000,0.6634667826243985,0.42976238004119893,0.5823878378589044,0.49805432347553336,0.46247947930023237,0.5027431983687988,0.37157148408445967,0.5810741399299011,0.25477381903741425,0.6086114861992513,0.14861953417435259,0.6645692185086647,0.039246133938401484,0.7139398506782701,0.3531260188610211,0.6135096466591449
50.734000,0.6659161309120913,0.4306547342277694,0.5840023032404603,0.4974433671279242,0.4642270167604433,0.504783717843558,0.37160545222640934,0.5810808068002564,0.25507303734850734,0.6097198759667688,0.1485150089765641,0.6649048973900137,0.038982279203003234,0.7139210284934783,0.35061843133835424,0.6013568088572635
50.784000,0.6695881686569722,0.4319526983070714,0.5855631586328768,0.49665780709497565,0.46598824325252197,0.5067493685093903,0.37165642101348995,0.5809215149867818,0.2554131578863386,0.6107125166072687,0.1484522999517054,0.6651126532788539,0.038763513936042715,0.7137785573844002,0.34883217256332283,0.5909764736393601
50.834000,0.6719844923980344,0.4328376916112119,0.5870657879415556,0.49573360077618567,0.4677863411356382,0.508864235301438,0.3717262356606251,0.580784024871666,0.2558296884932181,0.6118965682116183,0.14848310089554462,0.66553153936734,0.038664462358520835,0.7139037072934082,0.347483766420533,0.5783255705114838
50.884000,0.6754273429699105,0.4343076583847281,0.5884395343875019,0.49486875805315383,0.46952941097558754,0.511005131565726,0.37171230420368534,0.5805163797400219,0.2561616667211274,0.6128899828349392,0.14838955206053572,0.6656647050185476,0.03840494327298516,0.7136583069861226,0.3467356012764057,0.5679005475319866
50.934000,0.6775276406791059,0.4352995938583006,0.589636376051983,0.49393722590644984,0.4712208356391091,0.5133732693384869,0.37167368979362886,0.5803834607411751,0.25653969311826225,0.6142089364713007,0.14837664059415612,0.6661777162202372,0.03826606796078669,0.7138816132764344,0.3465024635013345,0.5551218602963299
50.984000,0.6804903862715853,0.4369616805906027,0.5907134500257863,0.49296102854409407,0.47287925813598813,0.515656914096926,0.3716198672493263,0.5800505143721967,0.2569082286963084,0.6152817502344836,0.1483323465320534,0.666382413754012,0.03807287679960125,0.7137411440398224,0.34665176718590546,0.5449382479523774
51.034000,0.6823983736901941,0.4382007559148019,0.5916132533134056,0.4921122808401366,0.4744798829554382,0.5181847480800913,0.3715746852512308,0.5799141599118507,0.2573321181850114,0.6166379379033997,0.1483684571811087,0.666906422867714,0.03798315364048721,0.71397110986598,0.34726996703959223,0.532158386522875
51.084000,0.6848649739947713,0.4405284473113621,0.5923521572467307,0.49148184518382987,0.47600557227148593,0.5208667410738458,0.37137548586110536,0.5796251020814654,0.2575837627891674,0.6177229201961145,0.14814969825600266,0.6669589387057644,0.03756432337843363,0.7135515868722191,0.34823013322478863,0.5197073179087772
51.134000,0.6862787940864178,0.44200607595638186,0.5926372610924588,0.49062150377678493,0.4772200140480787,0.523467494156734,0.3710076677261888,0.5793149425089029,0.25773697968423365,0.6189350287082268,0.14789917722670243,0.6672636656748371,0.03717217245971027,0.7135187239412337,0.3484134058940042,0.5168276228437458
51.184000,0.6884452150345565,0.44511616673027377,0.5931053258805762,0.49020861515339004,0.47868380524148946,0.5263709659225615,0.37083259430261084,0.5789838569137253,0.2580430871053949,0.6199536880798451,0.14771115197390072,0.6671433489191817,0.036755379332566895,0.7128469211817162,0.35020586958479555,0.501694335993081
51.234000,0.6895316153236037,0.44686947326027304,0.5931780346797265,0.48966075029340617,0.47992736222678606,0.5293380131576976,0.37056164965671956,0.5787256726870855,0.25833685216657615,0.6212179640838268,0.14756994183885686,0.6673773789029547,0.0364407250210409,0.7126575861623953,0.35077682666048166,0.49570034676399843
51.284000,0.6915010996615066,0.45077144527505014,0.5936393256521698,0.48982667497104293,0.48154700609217255,0.5326672152997896,0.37068642362736126,0.5786012033213188,0.2589382308886614,0.62233152940785,0.14765371738408517,0.667228712549442,0.03625637981604313,0.7118452249944061,0.35275586954032956,0.4822498646760444
51.334000,0.6924591122892795,0.45338297768591734,0.5936873657625499,0.4899873738915343,0.48290676875604127,0.5361139316079644,0.37066733905012056,0.5785675582992158,0.259456908378371,0.6236479321860012,0.1476946898467184,0.6673423999008279,0.036063891518668734,0.7113715364429173,0.3541127631928269,0.4713445972488222
51.384000,0.6935099753557552,0.45722718287623293,0.5936174829487201,0.49024955881533905,0.4841228008061297,0.5393506237975118,0.3706569310371061,0.5784082273786751,0.2599332357897031,0.6246712072949293,0.14770208188951295,0.6671467072240627,0.035822437960175035,0.710539624552176,0.35537775220726847,0.4643806818186882
51.434000,0.6935067410578303,0.45820984723830077,0.5930119747754398,0.48952894097536065,0.4850854711637187,0.5419872083593564,0.37058049409347826,0.5778844258539586,0.2605200592478975,0.625703885088416,0.14795225178155624,0.6672789824643617,0.03595660120897026,0.7103716065741424,0.35690454502226177,0.45489154987702385
51.484000,0.6934324458849229,0.46065794063112303,0.5921394788129648,0.48854599586923875,0.4859637275265545,0.5444629864782327,0.37051905561770343,0.5772124556015287,0.2611990170060703,0.6267011326696319,0.14833073247112094,0.6674534374650384,0.03625454457296551,0.710336162497589,0.3586177568797038,0.4462149257903658
51.534000,0.6932902961584894,0.46226086217904466,0.5912320534803226,0.487804611591671,0.48688982302189077,0.547072637904005,0.3705854667575933,0.5766242320056324,0.26201066462018346,0.6277271902450761,0.14883574257565935,0.6676200094011085,0.036665418269129946,0.7102558903579749,0.3595250110371925,0.44108311983227166
51.584000,0.6929871837796431,0.46534763937840457,0.5903831368994313,0.4873035623444216,0.48777091892776053,0.5495187751868135,0.37072709987714214,0.575990352798552,0.26281353842442057,0.628475238705881,0.14932555281378046,0.6674685345601644,0.03703002728610538,0.7097735572554789,0.36033758505968305,0.43374753484391815
51.635000,0.692198798595712,0.46644498534419765,0.5891153217713521,0.48670997029684426,0.48849833539791726,0.5521027990458612,0.3708057468201876,0.5755219064805087,0.2636844810347898,0.6296054937895534,0.14993627878569238,0.6678330556402696,0.03757605790985419,0.7099659497342192,0.36053900244756376,0.4309178685232895
51.684000,0.6912728250688499,0.4686280784123433,0.5877887047047204,0.48590756680992825,0.4892080592768997,0.5543316586675747,0.37099173675111125,0.5749447876940723,0.26468858681380236,0.6306192011464697,0.1507300296389814,0.6682150419620174,0.038343744021891335,0.7102783609607914,0.3596939156088258,0.4254820871712899
51.734000,0.6904661858797805,0.4706864320624307,0.5864771118368348,0.48575893296732575,0.4898878294126888,0.556966450272653,0.3711973502415627,0.5746461039493619,0.2656419892831305,0.6317255728758951,0.15142897634443553,0.6685411629902135,0.038959007597817896,0.7103802132917544,0.36039819363059766,0.4198156560942246
51.784000,0.6891165867221554,0.47173814334248104,0.584968518365216,0.484804805094159,0.4904437222947872,0.5587308690055893,0.37139684515554955,0.5738252733785841,0.2666552956224614,0.6323847115591563,0.152264610461884,0.6686444846980371,0.039782128141399475,0.710449881125105,0.35861113446665627,0.41716955153062585
51.834000,0.6877180721797137,0.47210395635131697,0.5833089106328799,0.4832213640522361,0.49100333017284437,0.5599004343122221,0.3716852221714417,0.5726749833440014,0.2678613232859877,0.6328463886809464,0.1533622409510823,0.6687624038338612,0.04094028388306403,0.7107302911883201,0.35881122766778756,0.41185938693161495
51.884000,0.6854742476723794,0.4726648377969428,0.5813054080134243,0.4817591236068868,0.49111938979912806,0.5609202385475606,0.3715857868420983,0.5714899009882988,0.2686221624437225,0.6331218087208215,0.15401223131613428,0.668682512973261,0.0416343872731787,0.7107683795825775,0.35546271848909683,0.4112590597919393
51.934000,0.6839256942739881,0.4730178410358347,0.5792345853520814,0.48039263981522046,0.4911915669311341,0.5619305261462304,0.37149295159002294,0.5704300252738689,0.2694071262343381,0.63350525227662,0.15470818125998642,0.6687777914788187,0.042392944431509205,0.7110304550180933,0.35354857669377693,0.4083434456549034
51.984000,0.681593228203669,0.47350571413426523,0.5771827525864405,0.4791127868639509,0.49115197682494893,0.5627710537709097,0.3713317357110535,0.5693368606069313,0.2700591705973009,0.6337097396421334,0.15527170078341612,0.6686931181771818,0.043005660652151056,0.7110763251493448,0.3511521973341788,0.40782375431392864
52.034000,0.6800580722898694,0.4738029704823355,0.5751799081152406,0.4779313544973427,0.49114137933286284,0.5635907128891346,0.37123684214767827,0.5683763123716123,0.2707795158535538,0.6340141489739548,0.15592439270980873,0.6687747687560469,0.04372416067128737,0.711331882503363,0.34777325218839156,0.40560603086298297
52.084000,0.6778290631425931,0.47420661184234636,0.5732517445989169,0.4768442811618332,0.49104100377248894,0.564259349043577,0.3710823894024107,0.5674106723229078,0.27136456648855395,0.6341666143304978,0.15644229485762795,0.668704585944182,0.04429410953838386,0.7113986666767671,0.34409303844752426,0.4041609111573931
52.134000,0.6763920740318299,0.474236412957158,0.5714771223733155,0.4758948765949028,0.4911015507808638,0.5650002495521826,0.3711147818227257,0.5667821794529001,0.27217598725191194,0.6346873701788711,0.15723369248231467,0.6691586462207475,0.045186046030272875,0.7121158915158797,0.34046162754567777,0.40574301068632584
52.184000,0.6739322272856455,0.47340103960044283,0.569378278375598,0.4744775506128717,0.4909246520970556,0.5652796900326971,0.37092826844511845,0.5662113070418104,0.27289567964848316,0.6354183264353894,0.15803937967342307,0.6701750575199442,0.046211008190873426,0.7136999392678431,0.3368080074487627,0.40781547758789205
52.234000,0.6724943616835142,0.47303571241323006,0.5674938744928317,0.4732629980504858,0.4908129072356725,0.5655670026250642,0.37081306029414246,0.5657586637946834,0.2736216368259537,0.6361420936928008,0.15884981724887637,0.671176782659047,0.04722908462526754,0.7152314310921442,0.3326521658442197,0.4088919358236039
52.284000,0.6708939053747283,0.47319373718741836,0.5660429599207912,0.4725080184659009,0.49068935514510353,0.5658987795041823,0.3706913862689964,0.5652005921304735,0.2740717551121377,0.6363669245855923,0.15929601408930238,0.6713887645238221,0.04775749774323379,0.7156511568147692,0.3289773787269413,0.41232114997205327
52.334000,0.6700109903392479,0.4733240284552201,0.5648876458949816,0.47195339612457343,0.49061801699457486,0.5662084873557417,0.37062771641018705,0.5646827856587608,0.27445621559302424,0.6364535487212671,0.15965633635102328,0.6713961835106185,0.048161571320418206,0.7157686678986952,0.324537105565981,0.4155713833365286
52.384000,0.6689530993402202,0.4734775151565082,0.5639427901387306,0.4715056360095612,0.4905300424937322,0.5664296502694512,0.3705501044189216,0.5642354625918579,0.2747292276246705,0.6364736766504913,0.15990666306686097,0.6713416944944646,0.04844210140865712,0.7157899958607089,0.322627470041617,0.4121402849662293
52.434000,0.6684338508245526,0.4735518788014463,0.5632366251217937,0.4711742093020244,0.4904862702039551,0.5666068340135375,0.37051639497789457,0.563918146928107,0.27496971742015214,0.6365186456018546,0.1601334207129641,0.6713414105492079,0.04869613764011205,0.7158580584614329,0.3163452435483762,0.4242109388645581
52.484000,0.667927950803084,0.47350355310359327,0.5627277730846504,0.47086815166553525,0.49042510304915854,0.5666404018517879,0.37046273256271756,0.5636354614684732,0.2751041781467523,0.6364828780295676,0.16026181874054446,0.6712856435189252,0.04884641295373926,0.7158570172146105,0.3135433484108746,0.43047091919706426
52.534000,0.6678227306074697,0.47350893840425334,0.5625375792349606,0.4707351685555879,0.49045199144710294,0.5666709180615935,0.37049354523753786,0.5635132000585246,0.2752262177118831,0.6364798794822148,0.1603809593442932,0.6712730775312805,0.04897617612873029,0.7158709953828287,0.3111409631533382,0.4371722215834097
52.584000,0.6679235391746221,0.4734927537796223,0.5625428196374476,0.4707356928676063,0.49045073592318544,0.566666561026587,0.3704921638260806,0.5635136289905891,0.27522212117110495,0.6364767633292339,0.1603769920916639,0.6712703881292816,0.04897193298486702,0.7158676168033936,0.30892026971491293,0.443934572985024
52.634000,0.6681877191489701,0.4734537634129618,0.5628002058729911,0.470855130050682,0.4904631611884816,0.5666014196201015,0.3704999818534301,0.5636289452592099,0.2751283428382396,0.6364592306599699,0.1602880333872978,0.6712687598899367,0.04887268531382183,0.7158402778545092,0.30745933405636716,0.4519594505815776
52.684000,0.6688746157860183,0.473354936181122,0.5632887479519755,0.47108377813419405,0.49050464138389954,0.5664906637928652,0.3705334648216649,0.5638606838931479,0.27497852002591033,0.6364503010920302,0.1601493936135472,0.6712967030206873,0.04871783605351099,0.7158276807748796,0.3064858381315848,0.459937562038992
52.734000,0.6695214407043043,0.4732651943309682,0.5640228413385853,0.4714331407710356,0.4905454220389163,0.5663071037590988,0.37056402978477543,0.5641939277707496,0.2747218324454393,0.6364038523598787,0.15990690524033668,0.6712970105844781,0.04844655683690258,0.7157558762221112,0.306221267866354,0.4687979630167839
52.784000,0.6707632944835222,0.4731021439277749,0.5649775728067863,0.4718974762695524,0.4906299270698596,0.56609104066424,0.3706385348727419,0.5646537520372638,0.27443957321316204,0.6363877033826248,0.15964705550937996,0.6713545144929739,0.04815527570543654,0.7157344991273676,0.30665652009255406,0.47764961185632954
52.834000,0.6718850166382884,0.473010790225786,0.5662231575785527,0.4725019314985786,0.4907575645197829,0.5658022222607938,0.3707590384242093,0.5652074661106004,0.2740958155431715,0.636314577832569,0.1593259813400021,0.6713557701018352,0.047786574566386464,0.7156159184813449,0.30681197721478454,0.4779424343016567
52.884000,0.6741629262609758,0.47288806324980287,0.5680244374751828,0.47328038286302115,0.4912924415316601,0.5655419717697584,0.3712930968689234,0.5659385578416322,0.2741080348216914,0.6363307712504839,0.1593694612199006,0.671474187793718,0.04778137847803832,0.715611471212549,0.30968866326319355,0.49722572676296123
52.934000,0.6758118068610621,0.4727064424795466,0.5700610035344991,0.4741391723030732,0.49184832160920083,0.5651489321227693,0.37185869058306575,0.5667264130927641,0.2740639330934642,0.6362691007421759,0.15936392178216519,0.6715381722456156,0.047719939745528905,0.71553386833325,0.31212520944622607,0.5072510266198971
52.984000,0.678496102890493,0.4724947655937667,0.5722602203436817,0.47512141909344696,0.49246558423727566,0.5647473977348906,0.3725009184020212,0.5676592615768066,0.2740625820403703,0.636287928573061,0.1594152049770201,0.671727721636089,0.047722242338057885,0.7155989205790366,0.31568261852911506,0.5177702210315127
53.034000,0.680423726420608,0.47237222682621227,0.5746607492499258,0.4762522521654474,0.49306300558775085,0.564239798038852,0.37314340052830747,0.5686316453023096,0.2739590347306527,0.6361776413427331,0.1593599113918598,0.6717731597395159,0.047596496302354185,0.7154645667602826,0.32073138220756275,0.5291958740269004
53.084000,0.6834615474906179,0.47221279118554244,0.5772201470219764,0.4775348751107979,0.49375427346678025,0.5637523208600512,0.3739046735495447,0.569758434385234,0.2739533844422905,0.636164306156668,0.15941569361928032,0.6719570062632457,0.04758891162065393,0.7154859716519166,0.32553766766738157,0.5392651883379541
53.134000,0.6855251642193639,0.47211255400346014,0.579884704451577,0.4789569597877211,0.4943696975995613,0.5631423718437772,0.37462149429098307,0.5709120439325306,0.27381875523983334,0.6360181711384989,0.15934131896489223,0.6720031205467254,0.04743437412920459,0.7153255823596749,0.33216678121999044,0.5508312980881109
53.184000,0.6884742039113999,0.4720355088256885,0.5825862806007831,0.4804934187719129,0.4950169349803485,0.5625398063071911,0.3754075996909019,0.5722148727987649,0.2737619082780621,0.635996950353483,0.15936576826363213,0.6722395102768319,0.04739640794178934,0.7154003993908742,0.33481927576614295,0.5540588575766288
53.234000,0.6893223921834745,0.47170490633557616,0.5843495242354844,0.4821725103613218,0.49464840513320485,0.5618826680021055,0.3752317642144944,0.5737006996100383,0.27272333275516203,0.6360867676028963,0.1584376354108732,0.672676101874937,0.04642544470253973,0.7157257143320908,0.34456827422843855,0.5703499871764981
53.284000,0.691765069166546,0.47143849712002134,0.5865176817122925,0.48391911266654797,0.49470909889869785,0.5611925500123649,0.37553673063232035,0.5752619010972944,0.27217977000459387,0.6362318829672704,0.15802253675799927,0.6732200715867331,0.04598175404290816,0.716195215665384,0.3513240132513491,0.5796718280929896
53.334000,0.693509119172386,0.4712973575102488,0.5887329119747072,0.4857852735029375,0.49472414109094437,0.5603664439811308,0.3758591016628413,0.5768316315113456,0.27160427638432266,0.6362532723808125,0.1575813489155865,0.6736534329612199,0.04550392625418931,0.7165329307350725,0.36020290290721535,0.5908229351425626
53.384000,0.6958327761401294,0.4710748274889963,0.5911363822540062,0.48773443824517065,0.4950570679235385,0.5596285642539919,0.3765495691165059,0.5784958037051323,0.2714510366993984,0.6364121095523311,0.15757561363057027,0.6742590119458448,0.045477208865407626,0.7170836269365753,0.3651998982978395,0.5973585322885904
53.434000,0.6972087192176566,0.4712562715482081,0.5932426288824921,0.4900617722795765,0.4950481261231499,0.5590388669972075,0.3769738247233779,0.5804505306943508,0.27100312247832453,0.6367551508820053,0.15728661064948424,0.6750768801936429,0.045166253259332545,0.7178439873877713,0.3664568192078167,0.5996591737704461
53.484000,0.6993196112150959,0.47130979542660423,0.5953893359478557,0.49227243252273556,0.4950239076383599,0.5580507024923026,0.37746702202359006,0.5821417515452953,0.2705827877370584,0.6366922828067972,0.15703031408574464,0.675497382054063,0.044878214251295456,0.7181811787765637,0.38310594296746725,0.6190281978318992
53.534000,0.7002937080075893,0.4711154354245753,0.5973218466183015,0.4947424045211505,0.4948246291674384,0.5571468948192158,0.3778761167784136,0.5840363992454378,0.27008516805018645,0.6367726426703397,0.15671435407951628,0.6761053077163524,0.044539058101752405,0.7187281064540607,0.39263034050127393,0.6292689680843273
53.584000,0.701920637832436,0.47172034046098815,0.5994289324439865,0.49769904100999524,0.49489175648487355,0.5566225409269551,0.37859883386112514,0.5862190972716321,0.2699091648546319,0.6370772908225135,0.15670027239093642,0.6768736055651969,0.04447923543938814,0.7193758274541038,0.39915182206678335,0.6370794844496837
53.634000,0.7026501514020445,0.47185207211646907,0.6010943833621504,0.5002361200500557,0.4945739108548866,0.5554935985975824,0.3790313184853869,0.5878959032707461,0.26945071208627025,0.6368049075619906,0.15641708625712059,0.6770963388087865,0.04415437901773467,0.7194883730046533,0.40954383805282746,0.6470169175688644
53.684000,0.7040425964627413,0.472808124825004,0.6028334803025589,0.5031972042969511,0.4944572882392487,0.5547200244215199,0.3797122724995982,0.5898424013754882,0.2692672611103726,0.6367668029072932,0.15639509301887355,0.6775083501326155,0.04407642601003958,0.7197518945072576,0.41904706825944754,0.6568901719910821
53.734000,0.7049207639444032,0.47383527876849196,0.6046648188470987,0.5066275175313935,0.4944578563805393,0.5541083075670682,0.3805575946513131,0.5918803921836021,0.2692071970210472,0.6366139248782139,0.1564553193500796,0.6776872018530938,0.04403019449594481,0.7196466024860548,0.4214831327927959,0.6595674256756723
53.784000,0.7054490005518143,0.47458327311365134,0.6061300007639506,0.5098231938788488,0.49438638501514776,0.5535652141726568,0.38141516775032913,0.594031299598667,0.26931008582120725,0.636838432248085,0.1567411656754013,0.6784105168386751,0.04428275123909653,0.7202806138348887,0.4284713340057013,0.6666689053960944
53.834000,0.7055914082516839,0.47514293326334095,0.607293584450064,0.512951730611912,0.4940239864714358,0.5525749330707757,0.3820846319502473,0.5958135836812343,0.26918385233373726,0.6364757769431021,0.15678408280866551,0.6785030515253536,0.044262042377586464,0.7202018574499186,0.4409852752592212,0.6791007197833148
53.884000,0.7054049222062984,0.4758183338343235,0.6082200432048559,0.5160055709713512,0.4936372381548504,0.5516535833405476,0.3827989224525047,0.5976412748425359,0.26919100316142003,0.6362837472567924,0.1569874724640592,0.6788321631910144,0.04443314594440284,0.720443743087269,0.44676710775954354,0.6851979508849735
53.934000,0.7052011399466284,0.47687545055215375,0.6089480107758561,0.5192315181634733,0.49315937284865685,0.5507432830606199,0.3834737832265063,0.5994163909248754,0.26916493150128595,0.6359333242191656,0.15713606633320065,0.678939525738159,0.044523786157123824,0.7203940110623109,0.4516352316809822,0.6909681463166928
53.984000,0.705181716169236,0.4795552784504547,0.6097716220098187,0.5232744392498783,0.4929487370537513,0.5507045969333412,0.38431851342735146,0.601689639003291,0.2693372531027145,0.6360307189827519,0.15740546182284132,0.679288944800228,0.044674872233482876,0.720420613509785,0.45903178579640297,0.699185747544945
54.034000,0.7048056602748917,0.4812453060436499,0.6105264818795021,0.5276563869342145,0.49278521970435274,0.5508295433456555,0.38524714173440217,0.6040795366087639,0.26960526724891626,0.63612570431956,0.15774705179261828,0.6795738301067422,0.04487288374024856,0.7203098361253748,0.4636517610234589,0.7045523995345112
54.084000,0.7037916136884549,0.48383310693518694,0.6108573731822213,0.5318452368836719,0.49234579459201944,0.5506868328897654,0.3859559854828472,0.6061954675127562,0.2696927789477652,0.6359085421799532,0.15790765293632247,0.6795443715246792,0.04488859689114355,0.7198766535163206,0.4710392029226082,0.7143518754684477
54.134000,0.7029386255121978,0.4856090862215114,0.610827585984522,0.5359111364799922,0.49171883277834816,0.5505092497029663,0.386536231791039,0.6082727368686792,0.2697189472691365,0.6357267354286118,0.15802706637125208,0.679600688310616,0.04488538141114662,0.7195876752487174,0.4736263963070089,0.7194418418373073
54.184000,0.7013242905674841,0.4877560486923895,0.6105973638689719,0.5395781999854046,0.49107990112769895,0.5503288325190077,0.3870929066161041,0.6102179381429731,0.2698209150765477,0.6356596362060496,0.15824526869196942,0.6798283483658292,0.045018319329464096,0.7195732592104858,0.4756235665951123,0.7243461141739185
54.234000,0.7000619391749529,0.48922208604525474,0.6101435417956997,0.5432051278081406,0.49034531462649883,0.550161042711185,0.3875272720394371,0.6120355132609885,0.26983661942510884,0.6354643477204576,0.15835282426319142,0.6798643861792483,0.04502472167494331,0.7193199455289028,0.4786702870124594,0.7317251624876625
54.284000,0.6981032677908936,0.49066612289995465,0.6097188427393537,0.5463992787722765,0.4897642786980264,0.5497011586077318,0.38828218234094536,0.613743207796896,0.2702387272805872,0.6353242798253758,0.15892571493091057,0.6801507595131472,0.045563248845547855,0.7195074778937094,0.48045868172273365,0.7345959315238743
54.334000,0.6965382734850587,0.4915875834617146,0.6089919727217414,0.5493478950130712,0.48899215932118867,0.5491362735485581,0.3888466218012441,0.6152488390256934,0.2704923972040467,0.6350548360971565,0.1593495510864824,0.6803015791473525,0.04595756201744616,0.7195731568446715,0.4856431354992463,0.7427251379281197
54.384000,0.6944845936095735,0.49324710786734016,0.6083525403416495,0.5523451779902704,0.4884032627514884,0.5488565098208568,0.38952323166676756,0.616847240458814,0.2709017318256451,0.6349839373863708,0.15991047476977682,0.6806012680531042,0.0464846625680031,0.7197750491620034,0.47963753604444037,0.7464350165669762
54.434000,0.693179857561763,0.4937199910251284,0.6078016781395652,0.5547900122709511,0.48797840450198265,0.5482797834616616,0.3903257581263545,0.6180218844403566,0.2714804577590422,0.6346289484824768,0.16064260666290064,0.6806177597764287,0.0471947861602815,0.7197277587940745,0.4824972150911958,0.7513716920672111
54.484000,0.6903790325444435,0.4942605197310868,0.6067112859738955,0.5565805291563655,0.4870630255666786,0.5473993660228186,0.39074584710941773,0.6189745092212436,0.27173261584755276,0.6343319431573781,0.16112788779817744,0.6808786308264444,0.04773070764635223,0.7201352166877293,0.4886525547606455,0.7603564476826918
54.534000,0.6886135168656968,0.4949462363192264,0.6055185730357706,0.5589333451549141,0.4861093496162057,0.5470406011301782,0.390957803454295,0.6201581999814446,0.27177477509845005,0.634136960708345,0.16131303854384293,0.6810219770490444,0.04789756905301523,0.7202256921813331,0.4767863187183732,0.7595760669120106
54.584000,0.6865139580636642,0.49592389651781593,0.6046182590761485,0.5609840955270404,0.48547285602604856,0.5466881894048727,0.3914170990306653,0.6212100960893887,0.2720986119520171,0.6339811039283159,0.161781487913929,0.681205378871985,0.048361791530746046,0.7203968635637641,0.4738247009738269,0.7616554311227427
54.634000,0.6847585616879892,0.4958326008749513,0.6035813673319993,0.5625609197285963,0.4847152845464595,0.5461032672149586,0.39172607703100787,0.6219518482268502,0.272298637877305,0.6336602542259797,0.16213810642783333,0.681248669883775,0.048732611865015873,0.7204812303582221,0.4764254175318732,0.7652920759592997
54.684000,0.6826555598815778,0.49459810339411286,0.6028974093469042,0.5628422428444777,0.48424017317913426,0.5449408377346671,0.3925057786087567,0.6223023323729469,0.2730326254486878,0.6335346818141749,0.16319729909139646,0.6818689458922533,0.04995703423023501,0.7215759026400267,0.4674112381316961,0.7653264141076751
54.734000,0.6811372071060949,0.49439919857024167,0.6018295688476062,0.5633865787158192,0.48341763141095473,0.5439285964849059,0.3926531885247039,0.6224258315161382,0.2731168180288685,0.6329641486817196,0.16346801164352964,0.6817200637923033,0.050288106930389986,0.721598744426505,0.4635006254381586,0.7674074426550801
54.784000,0.6791038044752269,0.49387997224181307,0.6008117679047402,0.5637804482757244,0.482619278098627,0.5430311024202095,0.3927098932114697,0.6225062715563177,0.2731254102240342,0.632483817779099,0.16364850311209755,0.6816245016286794,0.05052995999617249,0.7216769073408286,0.45886731424015836,0.7673465862751216
54.834000,0.6779572742808826,0.4936452247824748,0.5999276197805432,0.5641685633125988,0.4819392582328984,0.5422882859079996,0.39273997503102215,0.6225596249791241,0.27311380079753433,0.6320242136262428,0.16376889293594987,0.6814579179659099,0.05069043202296841,0.7216233468513497,0.45470508157512535,0.7674469918322139
54.884000,0.6765764394071048,0.4933680925491341,0.5991955495488925,0.5644815475818085,0.4813726258244545,0.5417272371104884,0.39275584053668944,0.6226411751265194,0.2730998052743873,0.6317204496188289,0.16386901778454355,0.6814058102831994,0.05082964083672781,0.721681103693051,0.4502013314244777,0.7663531952532465
54.934000,0.6758965055275031,0.4932342011806152,0.5986427229928205,0.5647132343001681,0.48095181562563866,0.5412856795176185,0.39277081591582497,0.6226743230139796,0.27309208532150103,0.6314493696424152,0.16394294749573568,0.6813138430868635,0.050929066932141165,0.7216606248663013,0.4440643244132333,0.7636309013693985
54.984000,0.6752816068542667,0.4932576653430989,0.5982815975502641,0.5649858646723168,0.48068243109733666,0.5411020631468462,0.3927822883326794,0.6227939530432183,0.27308811783475023,0.6313558175923494,0.16398795690471524,0.6813273583414815,0.05098681257791138,0.7217097973475151,0.4379573473392119,0.7604397847449577
55.034000,0.6751231767478566,0.4932483272055731,0.5981073134267327,0.5650921943000671,0.4805532563963151,0.5409873467449986,0.3927888759477406,0.6228250735246139,0.2730873359505064,0.6312832838720336,0.16401064490956563,0.6813060334121964,0.05101546492358089,0.7217051584019145,0.4319070860688195,0.7572550043707815
55.084000,0.6752684633458131,0.49330485081943787,0.5981097913492471,0.5651074065050494,0.4805551910751008,0.5410052083816737,0.39278395163397223,0.6228355788254428,0.2730823473246908,0.631292878972472,0.16400325244854175,0.6813103865172736,0.05100652649498172,0.7217051872194643,0.43255653933583194,0.7587537758304052
55.134000,0.6756126731029315,0.4933545917950995,0.5983197573133293,0.5650208884560683,0.4807153849424336,0.5411627326336357,0.39278196814502536,0.6228188053430992,0.2730881394617076,0.6313854485088055,0.16397813367804392,0.6813354899290973,0.05097134395137881,0.7217021280808344,0.4195664820643544,0.7485183813891393
55.184000,0.6765071913386737,0.4935031527888795,0.5987024070587398,0.5648458942989849,0.4810071149926868,0.5414403773107525,0.3927734222858425,0.6227718931660107,0.27309425089502215,0.6315409259066633,0.1639268256552563,0.6813653503039416,0.05090123364161636,0.7216793125250657,0.4136321008300793,0.7430508391553906
55.234000,0.6773490270084348,0.49365350747845427,0.5992739446373011,0.5645829107487619,0.48143951064021007,0.541888282208406,0.39275514080458646,0.622728139623285,0.273100235878303,0.6318222985773595,0.16385036319922297,0.6814656800053479,0.050800461137401665,0.7217114206969115,0.40740763913471645,0.7362562519334723
55.284000,0.6789585058687536,0.4939515526369522,0.6000104492107484,0.5642399872523626,0.48200755471713697,0.5424382237656977,0.3927381148915757,0.6226315346664806,0.2731140948968384,0.6321233121764347,0.16375156590371964,0.6815180209237199,0.050664450256980076,0.7216590756520265,0.40155747611876536,0.7286863401467156
55.334000,0.6802566624246041,0.49418522215004407,0.6009140670452355,0.5638071590772951,0.4827028469108525,0.5431647891982344,0.3927049795595353,0.6225397466608444,0.2731237986189622,0.6325567903771018,0.16362552373979178,0.6816498428233009,0.05049696387718483,0.7216739473530482,0.39601852868934834,0.7206501365568057
55.384000,0.6825344412256384,0.4945925350999408,0.6019840885795076,0.5632841435107171,0.4835476785295513,0.5439756797133259,0.3927105992732448,0.6223888484550433,0.2731809969833416,0.6330036577478625,0.16352293355290182,0.6817387490546974,0.05034345037181798,0.7216186260211066,0.39116297227346325,0.7125238914747298
55.434000,0.6842089497637959,0.4949952245763695,0.603210087266477,0.5627431383342163,0.4845199073432481,0.5450614758072885,0.3927269077318034,0.6223534237858102,0.2732662847012324,0.6337182618894005,0.16343674343749193,0.682065669946051,0.05021072702920315,0.7218132385296508,0.3907271409402155,0.7101213522908258
55.484000,0.686989747746966,0.49568784586157333,0.6045094991303267,0.562174620427007,0.48557103895063514,0.5462484567313635,0.39271547753614855,0.6222605920414244,0.2733321662475064,0.6344106943352608,0.16329915470568535,0.6822932211173491,0.050008690509955045,0.7218567235193766,0.3821412991524423,0.6921078280687161
55.534000,0.6889982308603421,0.49620427837341485,0.6059551071389451,0.5615350222842218,0.48676024137824825,0.5476575593935442,0.39274245869448754,0.6222273692312235,0.27345833041230505,0.6353154072796519,0.16321306219970433,0.6827071875451335,0.04986385628008527,0.7221020795667084,0.3784670031610749,0.6806439140793921
55.584000,0.6921702435167791,0.4970592538152206,0.6074705036526157,0.5608288497051392,0.4880440813131903,0.5491100764244922,0.3927854582515352,0.6220881192346225,0.2736112053035138,0.6361414972726674,0.16312683417962037,0.6829731504290293,0.04970293911530155,0.7221524820777222,0.3755457511336524,0.6705268388637787
55.634000,0.6943636076608134,0.4976819176541121,0.6090335499548049,0.5600533035811228,0.48939169138830485,0.5507890886250044,0.39281812689753515,0.6220179215618644,0.27378173655845445,0.6371948044777273,0.1630555869408734,0.68345190977913,0.04956643342059308,0.7224418063325986,0.3732047923214237,0.658500771625148
55.684000,0.6977615086118363,0.4987846958698672,0.6106176747000346,0.5592135371765181,0.4908065065025533,0.5524842002734637,0.3928648952258966,0.6218199109897482,0.27397864704526304,0.6381312565361081,0.16298629976507262,0.683745934494344,0.04941550069864242,0.7224973680086353,0.3713966583534363,0.6475094671519055
55.734000,0.7001251013732603,0.4995242446425309,0.6122730006545755,0.5583471153527062,0.49233805836656885,0.5543962143999552,0.392954735197591,0.6216491331136992,0.27424624793273317,0.6392074659299611,0.16297268704481938,0.6841317872625955,0.04931746659415448,0.7226349152424227,0.3701590565669596,0.6364183943517993
55.784000,0.7036059028198832,0.50111189953437,0.6138708617877674,0.5576174828476295,0.4938765883391536,0.5564451605662635,0.3930015466610942,0.6214392061892261,0.2744758863739318,0.6401920154049947,0.16288267598805284,0.6843163329154442,0.04911159891135697,0.7224757619048644,0.37031399392475406,0.6322331061531117
55.834000,0.705870116078947,0.5019970954461098,0.6154370245686065,0.556730355592252,0.4954520406424059,0.558628679123514,0.39307667832859666,0.6212328738001965,0.274775100515719,0.6413509424695176,0.16287588931626806,0.6846933758684457,0.04900853962846852,0.7225645611558928,0.36953481415729106,0.6125016473856375
55.884000,0.709136772377129,0.5033913832954482,0.616892386163765,0.5556798072129954,0.4969965862594651,0.5606795237357663,0.3931348076321736,0.6207855212765728,0.2750727605251032,0.6422646514472261,0.16285680191786334,0.6847802795604062,0.048882917124980274,0.7223296282261104,0.369950020489427,0.601578821542044
55.934000,0.7111862613557309,0.5043638394938492,0.6182095234951464,0.5545799212108872,0.49850131699538414,0.5629432516844657,0.39316525065221847,0.6204264068462,0.27538910250720827,0.6434216004336567,0.16287013697287878,0.6851287028873669,0.04880783214462736,0.7224085985050728,0.37045423513243475,0.5966114400464111
55.984000,0.7140155284075027,0.5058851270674005,0.6193694400944764,0.5534355354556576,0.499941502737064,0.5651388588534789,0.39316185353484184,0.619893826813018,0.27568403317062784,0.6443675213128983,0.1628483446857052,0.6852099919058168,0.0486822724431506,0.7221708894694281,0.37264567983329294,0.5751491945880776
56.034000,0.7157177942009879,0.5069571172949054,0.6203307605347094,0.5522691566304059,0.5013080948037005,0.567553300122421,0.39312432626248,0.6194789414205266,0.2759979222950672,0.6455826862411913,0.1628644768536791,0.6855929789489491,0.04861583032111361,0.7222978391922035,0.37418732318500986,0.5648365223563376
56.084000,0.7180056144648133,0.5093530545055225,0.6211514979670495,0.5515872280376418,0.5025875657262281,0.5700965210778838,0.39303654553500456,0.6190717592011422,0.2762212327223066,0.6465341458798795,0.1627380847597384,0.6855415186077429,0.04834645990310027,0.72179832710829,0.37462479169131746,0.5619482663544029
56.134000,0.7194034959612855,0.5109320419146869,0.6216997496581607,0.5507693202223221,0.5037615633648336,0.5729184559580679,0.39284721648885684,0.6187224695057418,0.2764199241835279,0.6477859449766746,0.16260033136023877,0.6858004197138157,0.04808886713226446,0.7216769379446216,0.37778368227853104,0.545456459962305
56.184000,0.721225912961376,0.5137812934251943,0.6222452560664238,0.5503949902963539,0.5049953339287601,0.5759382038512546,0.39276236979468737,0.6184089203707553,0.2766935347188596,0.6488724317268044,0.1624952292222438,0.6857336175691182,0.047813730849702085,0.7210628396243619,0.3796986046444293,0.5364355134018595
56.234000,0.7222893558107127,0.515864341959079,0.6224717855569293,0.5497507512183485,0.5060474005476637,0.5788258707402746,0.39264747345949363,0.618074520862256,0.2769970953988346,0.6500899867252824,0.16247942651329894,0.6859466947869939,0.04767710775378553,0.7208813138265519,0.3808118132628957,0.5303980505065239
56.284000,0.7235094710282005,0.5189908187185509,0.622582213311597,0.5492861057329146,0.5070764639557077,0.5818195018933906,0.39254508392855164,0.6176323904822092,0.2773089356460603,0.651108204572619,0.16243934684708428,0.6858209913975652,0.04748023145133573,0.7202361303254703,0.38412867790254673,0.5171191353851419
56.334000,0.7242021202375593,0.5215514770836155,0.6225724487675345,0.549223635417992,0.5080993742837306,0.5852224578740877,0.3925174873166593,0.6174843146887711,0.27771470395315545,0.6524174069079323,0.16249224303977106,0.6859403020851629,0.04736935472796011,0.7198035651699026,0.3860418205355637,0.5095354268643562
56.384000,0.7248656729280659,0.5254602481809143,0.6224015885859916,0.5493142988247827,0.5090016725394853,0.5885629808490916,0.39247850134405876,0.6172396364170155,0.27808539115552905,0.6534917583051878,0.16250422393233233,0.6857561935756747,0.0471967153409637,0.7189853744631334,0.3884683362498399,0.49985629352669847
56.434000,0.7247736303557981,0.5264122660768292,0.6218410287060581,0.5485107263451005,0.5097695273006342,0.5914056977360044,0.3924935999046643,0.6168292468308004,0.27866141140859163,0.6548059878972704,0.16283878934863194,0.6861926127271076,0.04746120442207624,0.7191776532167717,0.38921192360799306,0.49689482304042043
56.484000,0.7245471584833594,0.5285033410177925,0.6211837089757656,0.5472488652787934,0.5104960416288733,0.5935979779385165,0.39261663266873326,0.616057829219251,0.27936345598673906,0.6557279433723153,0.16334555424155028,0.6863848589712482,0.0479289921725321,0.719233256193337,0.3915789346032151,0.487534240567855
56.534000,0.7241846056183965,0.530524276522722,0.6202735617898107,0.5468599021987451,0.5110320423390409,0.596521662418118,0.39257327317228835,0.6156924737597727,0.27986711080590637,0.6568910291305876,0.16359767336923048,0.6865797124654587,0.048080889962557216,0.7190739081221449,0.39364246694060234,0.47956784335913905
56.584000,0.7235736850095974,0.5325353391534469,0.6193905127379995,0.5458219336198598,0.511731310484215,0.5988266142629558,0.3928039762819807,0.6148356485732462,0.28070143776247675,0.6576494414148175,0.1642181362145102,0.6864876185500561,0.04863387464524538,0.7187409668643892,0.3944164879150725,0.4767917238728818
56.634000,0.722735980326459,0.5341790589711946,0.6182339836237706,0.5451836941765764,0.5122613906140563,0.6014847557109726,0.3929583287107644,0.6143990663758365,0.2814920620070339,0.6588430916988729,0.1648136738097764,0.6868815247446047,0.049174985827038165,0.7189391890642416,0.39624470588829974,0.4681950461838824
56.684000,0.7211949704942432,0.5364703976375664,0.6167918613629311,0.5444514393202978,0.5125150400171383,0.6038344716492566,0.3929299520769444,0.613804764610687,0.2820905555075593,0.6597898509727309,0.16523253881087518,0.6870699523967672,0.04954307622233178,0.7189438954532639,0.39516322036596585,0.4642723673194368
56.734000,0.7202255771899094,0.5380048749242717,0.6153005348397056,0.5438773386823043,0.5127825688582709,0.6062477375174091,0.3929909409411318,0.6133163921652226,0.28279080511402205,0.6608130242888954,0.16576141288364454,0.6873483093398292,0.05002304903572041,0.7190442259945937,0.3963550186085567,0.4587789473463737
56.784000,0.7182590668182203,0.5402799472647206,0.6135935175058698,0.542948792103742,0.5128342142472974,0.608122121056332,0.3929137460067254,0.6124903354463753,0.28335155369017023,0.6614405756373408,0.16617346375582376,0.6873113166266338,0.05039968848595955,0.7188776429848759,0.3946850569430893,0.45534630530357817
56.834000,0.7169045835959796,0.5414970049254897,0.611918110999567,0.5427878805003201,0.5129027404405765,0.6105813638670806,0.39291410048951697,0.6122325087116441,0.283958932375475,0.6625193990477225,0.16662251282742968,0.6876622836772139,0.05079325078447394,0.7190243954457838,0.3951402641039674,0.4528482947115645
56.884000,0.7147202013789175,0.5420240825796129,0.6102299318326643,0.5414265184396685,0.5130820956394893,0.6118700980829549,0.3930835086947141,0.6112877533063791,0.28484052398785764,0.6630898407082105,0.16742268206585698,0.6878496952735583,0.0516212276521999,0.719314328684444,0.3918400716103433,0.4493712818330885
56.935000,0.7130471611924292,0.5428477501730855,0.6081497548305488,0.5402028654794339,0.512879755516721,0.6131660563906616,0.39291046108795136,0.6104515783065453,0.28538202157995646,0.663721031996954,0.16789084438085256,0.6881305235937155,0.0521213340205674,0.7197124879224227,0.39262149502821286,0.4445356765646322
56.984000,0.7107576944530397,0.5442274345787849,0.6062614101390587,0.539719463525103,0.5125769188830729,0.6147075699027619,0.392674906096239,0.6098591341069663,0.2856954370586013,0.6642226623628207,0.16809327964947895,0.6880917338303072,0.05229125456529671,0.7195542668879366,0.3875648480606411,0.445695251415371
57.034000,0.7091726256543334,0.544511895883815,0.6043901684647313,0.5385693778925789,0.5124312046096293,0.615663793816795,0.39261748472009805,0.6089800429063459,0.28628745327852995,0.6646030993994507,0.16862532437455102,0.6881747650551366,0.0528525060370284,0.7197446008828203,0.38489282369388145,0.4438588535221943
57.084000,0.706864443916092,0.5449438370117043,0.6025328867143261,0.5374273337771432,0.5122167766662782,0.6164399926729739,0.3925114709701307,0.6080352447176869,0.2867943574658,0.6648145711694198,0.16907468644693835,0.688097162417195,0.05332601067889986,0.7197554008069957,0.381265030112827,0.44434917446378996
57.134000,0.7052660732336642,0.5450816759836664,0.6006809884385775,0.5363672080971992,0.5119918011070193,0.6172017798955898,0.3923983973672016,0.607331735867382,0.2873134035754445,0.665272602800159,0.16956403750818694,0.6884045458817591,0.053868849306100364,0.7202576999714749,0.3775119086502592,0.4438959117295197
57.184000,0.7033139548101236,0.5454674733168523,0.5990528195943129,0.5354934637838288,0.5117201633891697,0.6177917454180639,0.3922467135479559,0.6065625520910602,0.2876646434363489,0.6654063335053991,0.1698703688122063,0.6883084920441502,0.05419413857858013,0.7202304242996721,0.3774269128440868,0.44217059516574025
57.234000,0.702065917307454,0.5456043357351258,0.5976149264264542,0.5346779482862876,0.5115623913663758,0.6183138329585933,0.3922058961721791,0.6059030695545667,0.2881085268546302,0.6656001188992929,0.1702828504931232,0.6883401714259575,0.05463623609524759,0.720369229763336,0.36957667807179195,0.4466547721176685
57.284000,0.7005531525831232,0.5457659825246916,0.5964064952422151,0.5339011481394844,0.511497718774333,0.6186979622230757,0.3922528013932529,0.6052573640677068,0.288589175032152,0.66570446962013,0.1707372014821943,0.6883078395099891,0.05511815889278171,0.7204362847058878,0.36526034824906783,0.44816227817828513
57.334000,0.6995991062564594,0.5460869831341824,0.5952296315560196,0.5334513802474596,0.5112907209022687,0.6192083582603344,0.39214813931304887,0.6048889570347157,0.28884937480504796,0.6659574861728245,0.1709733520317347,0.6884351029276109,0.05537480656778049,0.7206372191087379,0.36112173482314014,0.4522733038217114
57.384000,0.6985441511947783,0.5461744966597396,0.594348821912707,0.5329684704491867,0.5111855633110447,0.6194778480839438,0.3921280384057628,0.6044676594303191,0.2891214792564077,0.6660277826612674,0.17122707116588054,0.6884087688097597,0.05564548687859039,0.7206717099905644,0.36089852372418196,0.4508172121061906
57.434000,0.6980113688407733,0.5462097253634881,0.593673782789192,0.5325777951091456,0.5111137381986179,0.6196630351742819,0.3921208459799821,0.6041487965063999,0.28934566738306594,0.6660944393263105,0.17144069836369258,0.6884197227632712,0.055876690810311325,0.7207455662666042,0.3534490139792153,0.4606610361121556
57.484000,0.6975524511422103,0.5462076455093926,0.5932129741604174,0.5322839817681794,0.51105054227922,0.6197444573098054,0.39210193671470506,0.6038942450025061,0.2894783689958823,0.6660907348342779,0.17156578405819167,0.6883757592451472,0.05601243072924278,0.7207396671428474,0.3526513480558731,0.4577149282751735
57.534000,0.6974347426806307,0.5462110176247434,0.5930553866588396,0.5321517342346567,0.511085552442883,0.6197927422081424,0.39215884485397046,0.6037790536242689,0.2896084963634803,0.6660961943198993,0.1716920780822433,0.6883609265151087,0.0561436695951959,0.7207424844780973,0.3466161184092386,0.4719313252338556
57.584000,0.6975316861517772,0.5462034725446284,0.5930587113752417,0.5321531603892836,0.5110838488123385,0.6197894651253522,0.392156677499206,0.603779220796899,0.2896042747322854,0.666092980808082,0.17168785502787287,0.6883577054659977,0.05613918645208238,0.7207383353295774,0.34389333967772157,0.478911039278407
57.634000,0.6977884280613771,0.5461880004228786,0.5932912601271579,0.5322960463480924,0.5110953185154549,0.6197250300009141,0.39214391670377313,0.6038958162795797,0.28950642683971795,0.6660693289228745,0.17159358107353984,0.6883529732236043,0.05603819050482761,0.7207096064000083,0.3414656713371538,0.48590847782529195
57.684000,0.6984568766776688,0.5461518488549437,0.5937336367334388,0.5325710971511163,0.5111334475672918,0.619618261089504,0.3921367781180038,0.6041330210210808,0.2893454449457128,0.6660518535735684,0.17144062565107188,0.6883779277268568,0.05587474449657148,0.720697072408978,0.3396586302114041,0.49382568435530283
57.734000,0.6990862620570095,0.5461207732855689,0.5943984257804471,0.5329903786989989,0.5111713370340703,0.6194383497498135,0.3921082276724895,0.6044725223703462,0.28907568325916794,0.6659891444469597,0.1711812548814633,0.6883700237302729,0.05559635709191513,0.7206210919758327,0.3384347045419491,0.5026493881224963
57.784000,0.7002936331363036,0.5460681923493104,0.5952622870792034,0.5335445272253795,0.5112496574309435,0.6192292870113768,0.3921030527153071,0.6049433994038237,0.28877157053866254,0.6659565520119108,0.17089324516687165,0.6884220902325316,0.055288026901667675,0.720600242911866,0.3378851338701385,0.5118375796117547
57.834000,0.7013799175596908,0.5460252204694227,0.5963894781979762,0.5342473943206277,0.5113748081547792,0.6189380424304125,0.39212867237047905,0.605508258348099,0.28841254380031717,0.6658652353621798,0.17055244141115522,0.6884261809264116,0.054917890524623036,0.720498764875769,0.33789678908497595,0.5214141880517685
57.884000,0.703467658204073,0.5460733040444121,0.5980163107560403,0.5351832062092527,0.5118644516726227,0.6187167753684272,0.39250984115824966,0.6062878997570913,0.28835905563516295,0.6658917073110044,0.17052201927312716,0.6885728197487182,0.0548563371178038,0.7205329507175315,0.33850132583828035,0.5307266443299028
57.934000,0.7050322206151008,0.5460378835422597,0.5997423873510186,0.5361822588110785,0.5122597577682547,0.6183211017618083,0.39278757063959613,0.6070784818405129,0.28812683075673534,0.6657822255641637,0.17031682918985347,0.688603345843661,0.0546136573754612,0.7204274881272982,0.33907460879773504,0.5320656979611034
57.984000,0.7076547332412374,0.5459576610152226,0.6017692440966216,0.5372984807886846,0.5128760393948575,0.6179086424176625,0.3932844155014144,0.6080170553595049,0.288091811128904,0.6657623234368842,0.17032007544460648,0.6887801051264388,0.05458722934878313,0.720496163118573,0.3419916597535649,0.5515836909698068
58.034000,0.7095226562051373,0.5459156729319176,0.6039636332239215,0.5385691377607894,0.513476326204565,0.6173856796056607,0.39376919121973053,0.6090070261504538,0.2879675124597268,0.6656286189535965,0.1702342463905634,0.6888423661885337,0.054460155423856405,0.7204075346631784,0.34542799110237254,0.5631588603670852
58.084000,0.7124584825557599,0.5458771185552477,0.6062865431833672,0.5399854919957543,0.514158664841776,0.6168779755834017,0.39434703728575365,0.6101568222317245,0.2879247502976069,0.6656031641508489,0.17024040320538303,0.6890636511337944,0.054432354928904525,0.7205040066405759,0.3488293842485317,0.5734841386163538
58.134000,0.7144766856011698,0.5458716996422792,0.6087141679136538,0.5415590980674516,0.5147917055074585,0.6162489304113289,0.3948922853896475,0.6113367969224641,0.28778113508000136,0.6654404149100281,0.170145159321624,0.6891422546566479,0.05429090559041616,0.7204119187479834,0.35392039360953514,0.5853931035280404
58.184000,0.7175415816259032,0.545842122548027,0.6112090215990412,0.5432785916495274,0.5154896768089214,0.6156512870045427,0.39552641628941154,0.6126820908965033,0.2877314981769602,0.6654102202880323,0.17015587934204424,0.6894096756065714,0.054265309220476676,0.7205444753794625,0.3586251202871919,0.5956120173982443
58.234000,0.7192779644384093,0.5458748594532413,0.6135294732658266,0.5451441826561502,0.5159300181509978,0.6149607019123359,0.3959328771378787,0.6141323619650595,0.287422483488695,0.6653719410962488,0.16991806307664925,0.689717601541793,0.05399390370436341,0.7207271044863306,0.3651421483333907,0.6076639197121749
58.284000,0.7216678239901771,0.5459870486931282,0.6154519480953256,0.5472367772856224,0.5159985603555368,0.6143860413667853,0.3960068391208047,0.6157955926802846,0.28679078576800593,0.6655133328735046,0.16936660306499507,0.6902430986734904,0.05341499312070119,0.7211497994247204,0.36647852725799274,0.6096161369960995
58.334000,0.7232494369024952,0.5461114825545234,0.6175611583262072,0.5494521483954026,0.5161983935950286,0.6136829035333118,0.3962590128201841,0.6174966851606898,0.28630929862224,0.6655701741333354,0.16897294309561461,0.6907133575339216,0.052992257155072386,0.7215107679560291,0.3721869558215675,0.6180960245355176
58.384000,0.725736182617734,0.5462205074002612,0.6197056625418407,0.5517808247635726,0.516495591883936,0.6129991334158559,0.3966604224357948,0.6192865941803188,0.28599693532139236,0.6656934107008428,0.1687566059776041,0.6912806179598722,0.05275231634888755,0.7219890009803247,0.3767307739227113,0.62521112401717
58.434000,0.7272111358913961,0.5459812860051861,0.6217801774848126,0.5539267876252684,0.5167533622155648,0.6119730456581497,0.3970916451405091,0.6209771260854212,0.285733551915099,0.6656914981890588,0.16861756135629724,0.6918419237157803,0.0526124859248861,0.7225473381263972,0.3781360601869921,0.6277262788633782
58.484000,0.7292012044076603,0.545814874327475,0.6237758461318571,0.5561693149634801,0.5170826576091527,0.6110925661642095,0.3976537464269575,0.6227859477751124,0.2856542126210823,0.6658684781927227,0.1686705665657896,0.6926047186834876,0.05267402178941982,0.7233423438347549,0.3990466574715939,0.6600090541818873
58.534000,0.7302063923315179,0.5459827534141791,0.6253567534410944,0.5587072857027637,0.5169288514588549,0.6101211949942297,0.39782092701841043,0.6247260685400433,0.2851343342424387,0.665978120708298,0.16829196734912766,0.6933251735325605,0.05229662683606873,0.7240673429270472,0.4025158209006085,0.6653396314388955
58.584000,0.732020438517045,0.5469256464631145,0.6271334310752643,0.5617162546273298,0.5170371367069454,0.609453095286097,0.39829887778328243,0.6268089549113561,0.2849119041309317,0.666095011001273,0.1681807118289418,0.6939127884763776,0.05215065227648885,0.7245236571381217,0.4160897537378073,0.6827434813325163
58.634000,0.7331022402978645,0.5476968293491986,0.6289321023356472,0.5649604883505989,0.517237924236607,0.6088285922277179,0.39891197310757176,0.6288028078195577,0.28481504559199033,0.6659766038714285,0.16816569832286943,0.6941356127199193,0.05206689369930906,0.7244847076011856,0.4226413341103185,0.6905778441025461
58.684000,0.7341831289501114,0.5482342778931678,0.6305325918319532,0.5684523451114075,0.5173319044503428,0.6082719922939087,0.3995000526837117,0.6309800232350627,0.28471526999889535,0.6659722172934259,0.16815816334026779,0.6945106280007504,0.05199516029653861,0.7246130651754668,0.4292338647159254,0.6984505000473339
58.734000,0.734875262823673,0.5491261850569921,0.6318156098714149,0.5714142314752076,0.517248352364522,0.6071121796983132,0.40000623728881624,0.6326912033750889,0.2845828514022847,0.6655156148768191,0.16814185873740295,0.6945241520176461,0.05193457314207284,0.7244551856521834,0.43735549797175305,0.7090327438693496
58.784000,0.7353507613318285,0.5498859707400281,0.6329027866483308,0.5746575651062252,0.5171576353705725,0.6063286868991691,0.40057725273168676,0.6347718650560731,0.28458363487783034,0.66552053359794,0.16827420831723172,0.6950521656736259,0.052039699076818935,0.7248773037546671,0.4395001415662062,0.7119792111315817
58.834000,0.7356227842748265,0.5510092827371076,0.6338771833256237,0.5782344146706183,0.5170391650743469,0.6056000407572469,0.4011649318524555,0.6367955865163482,0.2845898468839191,0.6652604695228354,0.16837735198018933,0.6951712707196328,0.0520758199812803,0.7247339778807446,0.4508601349587553,0.7261827621752335
58.884000,0.7353151440158026,0.5519292345861412,0.6344313826566641,0.5815056769937661,0.5167118460267672,0.6047889477185177,0.40163426498107185,0.6388058602866988,0.28456983638097777,0.6651861475583225,0.1684932589402761,0.695620144496825,0.05216573150240422,0.7250803950081697,0.45594759140752916,0.7323213344442914
58.934000,0.7350301048944171,0.5530353298812878,0.634824431179244,0.5849744758887652,0.5163399349471437,0.603985634519419,0.40210795238818337,0.6407423231711691,0.2845641612603397,0.6648971812168089,0.1686006721712554,0.6957592809226097,0.052221157951303776,0.7250134886521362,0.4601928529371945,0.73847383699497
58.984000,0.7344807882537764,0.5552046066483801,0.6351870998676481,0.5889823948238663,0.5160980064458901,0.6037400310832046,0.402718463783483,0.6430475278950357,0.28473402107367324,0.6649489269018157,0.16885831088278147,0.6961389860192018,0.05240707864702587,0.7251063903000387,0.46682541691020707,0.7475270012111833
59.034000,0.7336234952133095,0.5560716589399602,0.635095638040718,0.5925505897554313,0.5155634964159252,0.603136765580063,0.4030808283336168,0.6449416621958186,0.284709104931791,0.6646428068042006,0.1689247978180748,0.6961704807777825,0.05240799327553636,0.7248729938940116,0.4722425413963386,0.7562422792749484
59.084000,0.7323024215725829,0.558469043705732,0.6348533753197797,0.5965528511921956,0.5150244898774696,0.602958958719676,0.4034893447751322,0.6472298453947868,0.2847713276607284,0.6647236275022695,0.16907771523005166,0.6965825044871914,0.05249477867959196,0.7250152128575083,0.4741575415834607,0.7591269376516099
59.134000,0.7314211495233933,0.5601716686795187,0.6345901100234763,0.600617173967075,0.5146092587188943,0.60276084227682,0.40402764942092767,0.6493624268281762,0.2849932482762216,0.6645549033289172,0.16936259991659341,0.6966415541342631,0.052690113693458995,0.7247045361295896,0.47907347569614306,0.7695921328109703
59.184000,0.7295861172206736,0.5626945926920551,0.6339672900751415,0.6046607773234136,0.5139818812479202,0.6027895027418502,0.4043700178997742,0.6516284156427598,0.28508066325736114,0.664668732701621,0.16952184541283088,0.6970131235348738,0.05277513198347805,0.724765689244091,0.4804004044338245,0.7744410882246573
59.234000,0.7281044438351882,0.5640590838154064,0.6331311504147314,0.6085102598176143,0.5132745172630189,0.602646175549582,0.4046476602029242,0.6536383898774127,0.285141726867889,0.6645164364132072,0.16964443326510426,0.6970798387271544,0.05281704282922073,0.7244908008397832,0.4837175795329934,0.7800510397822511
59.284000,0.726105900507942,0.5649168663875126,0.6323150312468168,0.6110996489394371,0.5126758131040755,0.6018014992824194,0.40516318704704773,0.6551028530495322,0.28551349530143855,0.6642653171886228,0.1701649909024957,0.6973519081767339,0.05333714185443461,0.7247609155457047,0.4898328245700353,0.791657711020189
59.334000,0.7246151959039919,0.5660916302969814,0.6314985683371191,0.6143382735103214,0.5121873406375337,0.6014996232003275,0.4057184514286122,0.656856426127531,0.2859400502581802,0.6641457753311341,0.17068399789178135,0.6975529960005447,0.053810818940357774,0.7247680661195166,0.4836837135058517,0.7933632783516706
59.384000,0.7223836802690468,0.567608196958851,0.630579864546036,0.6174444374765753,0.5116658606860933,0.6013366851196938,0.4062200217102978,0.6586182270216205,0.2863491628058961,0.6641839422055241,0.17118786171930078,0.6979163410532379,0.05427875412825234,0.7249766544705927,0.4824360241802261,0.797165621799465
59.434000,0.7210014968797136,0.5681315422782927,0.6296631221588812,0.619965974969851,0.5112073771017716,0.6007764866242741,0.40680844169952424,0.6599445716606493,0.28687383987191833,0.6639057942563993,0.1718209880613769,0.6980062530547629,0.05489033469981197,0.7249733126726644,0.48597794842306324,0.804889366147587
59.484000,0.7188336236389409,0.5690698813002643,0.6288295389045518,0.622225288788133,0.5108578858799961,0.600255102565576,0.40747780862283983,0.661185879897747,0.28750448962165803,0.6637162411052708,0.17256640933013057,0.6982015669540651,0.05562675219361213,0.7251295559022358,0.4810301371589323,0.8075333514754068
59.534000,0.7173591132185323,0.5697088981085002,0.6278126446986586,0.6244430313632598,0.5103735416880885,0.5997842178461279,0.4079522334898076,0.6623132161345381,0.28795734987388294,0.6634213253352287,0.17311013032200906,0.6982080492569112,0.056147217269224226,0.7250348450068034,0.4791283582030744,0.8120550563625096
59.584000,0.7152388814977155,0.5705942175968803,0.6268168736305344,0.6264876641325825,0.5099042547849983,0.599442524926463,0.4083924173837343,0.6634374221247477,0.2883925013030517,0.6632955044404041,0.17363926034080313,0.6983909982916092,0.05666378510944148,0.7251629648685529,0.47589335315027304,0.8135792323700062
59.634000,0.713476469892455,0.5702306051355642,0.6256158650124702,0.6277962266388127,0.5092041828044844,0.5986702889858582,0.40862217713452553,0.6641169094242152,0.28862793655305174,0.6629412291955129,0.17399944244010968,0.6984420507507971,0.05704022596259928,0.7252849581081118,0.47239141880771424,0.8143689469590313
59.684000,0.7109448193763085,0.5701467419842853,0.6242328065684617,0.6287796417007713,0.5082668143746762,0.5979269488769758,0.40858334873904206,0.6647341841048399,0.28859970841072036,0.6627527569641999,0.1741147766037907,0.6987138524576935,0.05719410510853318,0.7257241574732152,0.4682895863839116,0.8148740160427289
59.734000,0.7094589988687101,0.5696653668342162,0.6230172742660699,0.6295312288297054,0.5074620624255023,0.5971739587397279,0.40862345260353516,0.6652248893030381,0.28865302303960605,0.662561055981367,0.1743107579244837,0.6989732298359543,0.05743404732512969,0.7261731290893869,0.46439961556020776,0.8165379185066698
59.784000,0.7077206438375238,0.5691349807625526,0.6220930243303139,0.6299897015591192,0.5068891184407792,0.5964030961116501,0.40880890388904545,0.6655426037183545,0.28885147736753475,0.6623463838058103,0.17464666323904132,0.6991873993971973,0.05781852719400005,0.7265951834783881,0.45956436499724934,0.8158650613868536
59.834000,0.7066558338057735,0.5687373735905332,0.621367401768241,0.6302917373239846,0.5064702220249,0.5956703842743918,0.40904811666023533,0.6657341651191911,0.28910337701076555,0.662092815038021,0.17501886957006862,0.6993047104749271,0.058233963149528445,0.7268961155196879,0.45481192801184966,0.8153699450884824
59.884000,0.7054799658161693,0.5685406748280846,0.6207657471911223,0.6306605748770521,0.5061229800415044,0.5952058722234875,0.4092014282410022,0.6659604678093584,0.28926873812570464,0.6619417812445376,0.1752691898398765,0.699413143517786,0.058511069346283695,0.7271176792258097,0.4494606132851428,0.8134154519756347
59.934000,0.704754375925954,0.568164872359101,0.6202081728016258,0.6308574983278276,0.5057601765108125,0.5947790280875538,0.4092464780744971,0.666088956932404,0.2893230992797032,0.6618013958311374,0.17539790959591317,0.699498227976322,0.05866648019147214,0.7273150104813693,0.4504673642017256,0.8155932300793083
59.984000,0.7041807879641715,0.5680974909791917,0.6198510361902776,0.6310366852799925,0.5055357898118884,0.5945397754176844,0.4092882766768024,0.6662085706228669,0.2893716622287827,0.6617358114076822,0.17549331489429232,0.6995739140020671,0.05877774020243565,0.7274571459587358,0.4388316176641181,0.807685920704444
60.034000,0.7040158059382066,0.5680841145727796,0.6196575887920432,0.6311469238306128,0.505411314131659,0.5944346816637853,0.409285136714144,0.6662661372694445,0.2893724140405919,0.6616902285464523,0.1755125591999942,0.6995839411602257,0.05880154319415265,0.7274862482849604,0.4394743246694484,0.8091965262483856
60.084000,0.7041489673620793,0.5681145979755207,0.6196659148029591,0.6311580530264331,0.5054185563035614,0.594449183854122,0.4092883411221674,0.6662752357376749,0.289375594261506,0.6616999608463993,0.1755147015406724,0.6995905547822917,0.0588031421182138,0.7274905887818732,0.42802229904524197,0.7996760817863393
60.134000,0.7044917535515773,0.5681893050747648,0.6198849795810575,0.631062351232353,0.5055584496407707,0.594600802282635,0.4092931325644167,0.6662456815706133,0.28937584607974404,0.661790975951504,0.17549519515059142,0.6996221448992446,0.058779346824680334,0.7275042314345608,0.42835978997278307,0.8007793823044733
60.184000,0.7053781854157826,0.5683845875442691,0.6202994285473685,0.6308969987695232,0.5058312290133197,0.59488267807021,0.40930751912736485,0.6661790554666237,0.289382598701528,0.6619348286988056,0.17546100093897987,0.69964251443034,0.058734012267750435,0.7274779256136995,0.4168391720207936,0.7878814472616452
60.234000,0.7062111139085437,0.5685694654051897,0.6209168375366814,0.6306459872477133,0.506229691781244,0.5953351022620504,0.4093187879308635,0.6661042813932372,0.2893823717092995,0.6621983802260684,0.17540238570094346,0.6997292047511826,0.05866154315475147,0.7275064559039738,0.41143654578081046,0.7802966512040892
60.284000,0.7078067654232288,0.5688802158042042,0.6217164004458288,0.6302967844090313,0.5067593164990529,0.5958748604295263,0.4093488385610064,0.6659548061192826,0.289399505900617,0.6624680319186086,0.17534083911923182,0.699759056737629,0.05857907931780182,0.7274482504433543,0.4065174027299875,0.7723724874793264
60.334000,0.7090971396605589,0.5692382623539405,0.6227023536517944,0.6298886049107584,0.5074062119143325,0.5966200057101039,0.409374018325968,0.6658275848802886,0.28940993443942964,0.6628918438402841,0.17525639079776445,0.6998914178057334,0.05847164199253596,0.7274834899727718,0.40188082808038084,0.76319532174559
60.384000,0.7112561456293331,0.5700880294538404,0.6237889722271975,0.6296618757462294,0.5081517594394858,0.5975988905656681,0.4093876599386019,0.665757915278311,0.28941181865193066,0.6633501138838034,0.17512730719230785,0.6999431520254393,0.058297434857110586,0.7273435339596643,0.40183045527005207,0.7625284737239183
60.434000,0.7128788108713681,0.5705723377793257,0.6250068233781626,0.6292062282654521,0.5089371106764679,0.5987460609424432,0.4093289882138407,0.6656655793169064,0.28934036629098103,0.6640131238551975,0.17492344704797436,0.700190030728772,0.05805955074425473,0.7274449337870011,0.39435521662204337,0.7446993727161059
60.484000,0.715612935249048,0.5713921288843117,0.6264352271634053,0.6286505947535309,0.5099175349308324,0.5999516854224246,0.4094027603797197,0.6655015145369139,0.2894056018996315,0.6646757078376786,0.1748452761672724,0.7003958949605901,0.057944211504905696,0.7274909328975463,0.3913226895997692,0.7348274921308261
60.534000,0.7175639817617991,0.5719990436437657,0.6279662058156255,0.6280384692904687,0.5109632565649702,0.6013868301917518,0.40946221980700725,0.6653988566950458,0.2894623169466849,0.6655515443276421,0.17475280351189104,0.700789698756511,0.05781859119014099,0.727741321874459,0.3887683553012463,0.7247283216234415
60.584000,0.7206378863708468,0.5729969436022793,0.6295731797685775,0.6273623647451662,0.5120995702069255,0.6028684663915713,0.409551477016139,0.6651893183027378,0.28955707705135925,0.6663486185625547,0.174679434138431,0.701034741994984,0.05770148445441026,0.7277958945808247,0.38680376010484463,0.7143922700472521
60.634000,0.7227584005539553,0.57371971875878,0.6312334375092385,0.6266188337838017,0.5132749893311883,0.6045778604970803,0.40962339612468884,0.6650455975620156,0.28964594320336046,0.6673717081592121,0.17459909991480116,0.7014924327901118,0.05758407726698034,0.7280910131042932,0.3870367169586835,0.7114234791320904
60.684000,0.7260080794476698,0.5749548059720085,0.63291335772127,0.6258136264761904,0.514509023761134,0.6063094295058877,0.40971589353284166,0.6647765130397529,0.2897670756581706,0.6682809517207619,0.17453370839430693,0.7017663376231444,0.05747043703827148,0.7281517597236757,0.38602559978111656,0.6988066482898612
60.734000,0.7281376420825714,0.5759212246817167,0.6345404630707528,0.6250811679381013,0.515728743118973,0.6082355393628931,0.40976941130700045,0.6645615546840575,0.28986247682897626,0.6692867069652142,0.17443213404854852,0.7020866454650446,0.05731480406451395,0.7282310715901323,0.384919078404474,0.6807276071042581
60.784000,0.7313289110035647,0.5779091644513092,0.6362818679976493,0.6245415673762835,0.5171084946363883,0.6104807323478719,0.40988351887488106,0.6643584139325102,0.2900305716216051,0.6702973561534332,0.17436163852961617,0.7022457194504543,0.05716243454102887,0.7280206410689576,0.38583177839103133,0.6747095807924668
60.834000,0.7335330356004333,0.5793067085986724,0.6377292293665473,0.6239687536846062,0.5182356874434727,0.6129554237177093,0.4097510714983026,0.6642495568964453,0.2899733678723214,0.6715503591804246,0.1740741339853532,0.7026528925722118,0.05680307240465088,0.7280988768379272,0.3861526559682871,0.6725756471570468
60.884000,0.7364889523086099,0.5812535626260388,0.6393115967196171,0.6233396289340611,0.5195754048737715,0.615386997754439,0.40985597282639186,0.6639837693836049,0.2901673912951427,0.6726234133146005,0.17402912258840164,0.7028211373997346,0.056676610831696284,0.7278888055016044,0.38801948329373637,0.6468034515930925
60.934000,0.7383752529500978,0.5825877389668094,0.6405591491156548,0.6225787944776573,0.5206512739309843,0.6178775745617776,0.4097816430469731,0.6637897183544944,0.29020934588763264,0.6739122551925786,0.1738618239166182,0.7032934418807346,0.05645086071264027,0.7280858947548287,0.39036016582222793,0.6341925383210903
60.984000,0.7410844524653375,0.5845588911554854,0.6418684055056618,0.6216140266657197,0.5218755432979287,0.6203052030733369,0.4098414372276763,0.6632977498348328,0.29040712819391695,0.6749358693405125,0.17383198255827104,0.7034005038898605,0.056349190862924114,0.727850323019413,0.3929830452304241,0.6216109712653959
61.034000,0.7427081451741671,0.5859024490826351,0.6429942707924492,0.6207040504623846,0.5230161753153635,0.6229967793367384,0.40986927638094817,0.6629690104669268,0.2906061409917405,0.6762469823427641,0.1738151585008315,0.7038126568095385,0.05627072289628243,0.7279643784543397,0.3955867858152087,0.6118365823771101
61.084000,0.7447096988092441,0.5882965332223327,0.6438755506530176,0.6200646371343089,0.5240132350703792,0.6258113825990282,0.4097965427158844,0.6626155543268586,0.29070980710494354,0.677392203062436,0.17368066724350495,0.7039286010186767,0.05604881304120102,0.7276508875206726,0.3962930435164953,0.6091226345908861
61.134000,0.7458403402663192,0.5899738602857151,0.6444432623588091,0.6190838649180627,0.5248062776796973,0.6284108095887461,0.40963733783133055,0.6621171190011284,0.290762602428409,0.6785121573629442,0.1735283320893255,0.704127111160729,0.05583301487166903,0.72753250167307,0.3983449718519997,0.6009914198220275
61.184000,0.7473454841019039,0.5932645362934119,0.6449469402037187,0.6186888678003764,0.5256335593395058,0.6315074927846637,0.4095088131947488,0.6617571759546215,0.2908446872727102,0.6796128534592853,0.17336005523237707,0.7040538279514686,0.05555765322308992,0.7269141446756611,0.40456848874012163,0.581949979691108
61.234000,0.7480677773237343,0.5951685660372069,0.6452222168883269,0.6182008191294478,0.5263603471413292,0.6346888729794752,0.40938641138894527,0.6614675651541777,0.29097339857627985,0.6809190020267294,0.1732642748145291,0.7042548581972686,0.055373862535454066,0.7266568824944433,0.4063257172203028,0.5760706865157655
61.284000,0.7488996549827832,0.5979759863282708,0.6453625738760584,0.6174618065711579,0.5270587112609989,0.6375664351513921,0.40935860443964234,0.6609477279775768,0.29121842226820716,0.6819928546462248,0.17330506000672175,0.7042737657628808,0.05533587011388841,0.7262571739615038,0.41097864997053235,0.5629954054356283
61.334000,0.7492096362061873,0.6002697483103354,0.6452551201528788,0.6172037069327327,0.5275797115452127,0.6407089873660233,0.4092415180117654,0.6606105438653512,0.29136520611055705,0.6830866443284612,0.17323767372669008,0.7042026594022976,0.05516925956704577,0.725646762961903,0.4144668739129269,0.5529147342913225
61.384000,0.7493805688132272,0.6034292382828933,0.6449817207378741,0.6168346150676484,0.5280894193547646,0.6439674339494158,0.4092192666310828,0.6603956654230692,0.29166161716042355,0.6844829865632414,0.1733482475003688,0.7045315913571077,0.05520434811134045,0.7255558399871257,0.4170396349865154,0.5463275241225902
61.434000,0.7491838084091526,0.6049554196738064,0.644522613695618,0.6161521073455859,0.5285329036223092,0.6469155134781143,0.40925052153801694,0.6600194565548506,0.2920482197879426,0.6857802885372841,0.17357753508653706,0.7048773266943669,0.055378026736319974,0.725586653717883,0.42022036809240293,0.5370491654320453
61.484000,0.7481464458796475,0.6060740918676994,0.6435657942525098,0.6145707926918929,0.5286325096024223,0.6490720981618514,0.4090416329864244,0.6589727158148962,0.2922505598258702,0.6865380061256527,0.1736507805291473,0.7048161994375131,0.05541979144758047,0.7253450381965048,0.4221914067455846,0.5313788540269943
61.534000,0.7476402992888488,0.6071463592588272,0.642605088003919,0.6128022927754433,0.5288862691249948,0.6511171754293443,0.4090798909527859,0.6579312600529404,0.2927571827239192,0.6874105332851925,0.17405178647563446,0.7049897511727317,0.05581025408245188,0.725457775437711,0.42479036002122467,0.5237776203845717
61.584000,0.7466315399135012,0.6092120048181212,0.6417027049507105,0.6117149094036556,0.5291954897188238,0.6534536985663271,0.4092509905214695,0.6571029604500354,0.29335367970956455,0.6882126590433795,0.17452249648334583,0.7049204384606693,0.0562365157803808,0.7251300096866449,0.42693655460188945,0.5165596335468271
61.634000,0.7457910746520605,0.6105984279046339,0.6406669974474934,0.6107402407313349,0.5294884387078083,0.6558991609638471,0.4094897208919307,0.6564538884152908,0.29405359621512805,0.6892334722991917,0.1751110675756714,0.7051292227014864,0.05679079390336017,0.7251370421256351,0.4275068831893939,0.5120641965214091
61.684000,0.7442865082347879,0.6126349949111566,0.6394961722731893,0.6098124833224792,0.5296566985945306,0.658137321883981,0.40968170705069207,0.6556875455562585,0.2946908740123503,0.6899965577418083,0.17564029543899506,0.70506174082564,0.057278287520127424,0.7248211710151451,0.42732155666889676,0.5076305129415757
61.734000,0.7431418597779372,0.613958600825355,0.6381950217719025,0.608937775272778,0.5297941041937505,0.6604085540527291,0.40991320574257756,0.6550634453971854,0.29540178833207753,0.6909401130606989,0.17625833541064795,0.705252262653234,0.05786668115767957,0.7248332790529401,0.4289520993389663,0.5019913351722297
61.784000,0.7409401536613714,0.615028868423381,0.6365235663380643,0.6076212201099456,0.5295969826537544,0.662088693790089,0.4098640924600398,0.6540865069638007,0.2958479037447576,0.6915072058940201,0.17662952398977838,0.7051811931462277,0.05822208687363106,0.7246665423955772,0.42754430959298206,0.49838557904203884
61.834000,0.7393918234336622,0.6161334878230708,0.6348343728249983,0.6066794360309316,0.529460298696889,0.6640928882967712,0.4099075874220802,0.6537415973102192,0.2964335920111018,0.6927755871837458,0.17716551487214072,0.7060090967394943,0.05877006436531762,0.7255671462097619,0.42903855606203467,0.493265573600944
61.884000,0.7369213307466974,0.6176872936662322,0.6330717429019541,0.6059228888509716,0.5291709720204241,0.6659614582042466,0.40986326017021274,0.6530901764910745,0.2968602491097002,0.693467391491559,0.1775204007533807,0.7060372202209181,0.05909838337835949,0.7254337611710507,0.4257599741971849,0.49184156178029625
61.934000,0.7350814903733759,0.6179585892601622,0.631026802546563,0.6046597255448696,0.5287040921424322,0.6673499395782605,0.4096559600200795,0.6522654363322509,0.2971888250727927,0.6941121035442133,0.17780361054453586,0.7062434906059669,0.05938844616756367,0.7256818250401366,0.42423307817345646,0.48823391636372054
61.984000,0.7325205750946132,0.6184821392347039,0.6291015923076425,0.6032782654008382,0.5282843175174039,0.6683618816484741,0.40951197557078,0.651240818932795,0.29755128855316026,0.694424201877425,0.17812506082481405,0.7061449582769612,0.05971495970395191,0.7256141121503887,0.42150443785584585,0.4874928043020429
62.034000,0.7308534991151617,0.6188147419101389,0.6272533074584206,0.6020480136175614,0.5279324826258991,0.6693931972210498,0.4094472177877392,0.6503868294399325,0.2979939826052886,0.6948635240941594,0.1785337655933954,0.7062326292247908,0.06013449356186984,0.7257675308729894,0.42204540521356293,0.48349350510687455
62.084000,0.7284523662392536,0.6192732296256469,0.6254778203855601,0.6009207858696296,0.5275359930229591,0.6702561913481759,0.4093415261597636,0.6495181103635481,0.2983481994862311,0.6951304051308863,0.17885525960568427,0.7061502653252807,0.06046071131675168,0.7257137756304278,0.41535929131861526,0.4860479894204705
62.134000,0.7269469690268575,0.6190429637846175,0.6237925950245469,0.5996559742561329,0.5272443061327994,0.6709190611560155,0.4093165461093903,0.6487144873479412,0.2988124519721873,0.6954995822469405,0.17930230524308666,0.7063312394445472,0.06093440275067419,0.7260553276336927,0.41157221504309827,0.4845785717975068
62.184000,0.7249161852789566,0.6187270816935568,0.6222586843701249,0.5982299300206044,0.5270378089152247,0.6712572178455081,0.40933974221018127,0.6478656596117287,0.2993207744667326,0.6957804455706258,0.17980526128572416,0.7065527294344395,0.061478876851516207,0.7265243779732988,0.4116685848504954,0.4806689092488783
62.234000,0.7237104761260171,0.6187917777110441,0.6208901647101674,0.5972269747131498,0.5268209582011294,0.6717319030782396,0.40936094034603443,0.6471729093271728,0.2997433838543545,0.6959990427103285,0.18021357353170409,0.706611509022066,0.061906915265872775,0.7266996799081664,0.40320857247947595,0.4864284432460256
62.284000,0.7220949481984849,0.6189305256776179,0.6196840590636521,0.5964099737690178,0.5265910002771067,0.6721310566521445,0.4093496912447896,0.6465483389450059,0.3000655131586272,0.6961161552910434,0.1805207799214028,0.7065591794782937,0.06222532942471948,0.7267132458580159,0.3989204064494692,0.4891618982913865
62.334000,0.7211691812952048,0.6190491966003446,0.6186393123430359,0.5958033447547455,0.526388665360428,0.6725484952637198,0.4093399764724239,0.6460984588636607,0.3003434240114889,0.6962955857798383,0.18078628658529372,0.7065956289868672,0.06250055744663408,0.726806672554233,0.3942799195638257,0.4908361930389788
62.384000,0.7200539698337427,0.6191889573632877,0.6177758363227603,0.5953144382182345,0.5261922012993762,0.6728543491950553,0.4093039530508134,0.6457040744271052,0.30053217282829564,0.6963864167849827,0.1809641423329197,0.7065592277691962,0.0626837956388121,0.7268017470269971,0.38992186945630525,0.49487773838514965
62.434000,0.7195023657401474,0.6192227878880481,0.6171244913354601,0.5949373021075197,0.5260610532964445,0.6730874796629986,0.40929340563297667,0.6454231260894026,0.30070012822032427,0.6964868128017774,0.18112528690983476,0.7065792518292189,0.06285173437339742,0.7268614304696801,0.3855210766590017,0.49852718133152796
62.484000,0.719081606933105,0.6192002052858352,0.6167727567225586,0.5946371276125395,0.5260686439358815,0.6732040667382356,0.4093770739297814,0.6452205449886255,0.30091125173235855,0.6965544072535748,0.18133367072262496,0.7066143336877277,0.06306810791987894,0.7269430487221257,0.3851376983484633,0.49554115437356433
62.534000,0.7189452619495447,0.6191957184031256,0.6165618178158623,0.594484920511073,0.5260321425306853,0.6732527939923368,0.40938055451815214,0.6451030690531094,0.3009750881006779,0.6965642665791081,0.18139550341081023,0.7066003477564766,0.06313261652396651,0.7269446242289785,0.38502425984419064,0.49469639106891194
62.584000,0.7190438759658431,0.6191963745547404,0.6165683892401321,0.5944883426512487,0.5260312123357359,0.6732475935249204,0.40937809705878747,0.6451041982751833,0.3009699162411294,0.6965596773984593,0.18139037157460924,0.7065962354413233,0.06312728685228952,0.7269393618470994,0.37733791645903264,0.5071216604717685
62.634000,0.7192937945118378,0.6192039757283793,0.6167779731426412,0.5946547339562309,0.5260420273582477,0.6731849074095693,0.40934521778931526,0.6452232437174314,0.3008672565200483,0.6965314488981174,0.18128955508523958,0.7065899437938635,0.06302264667148727,0.7269108289678179,0.37098374368767384,0.5227666839263719
62.684000,0.7199411004706829,0.6192280836800039,0.6171736083241949,0.5949725325073631,0.526076877669563,0.6730838995677163,0.40929835067366716,0.6454655065538452,0.3006952217774702,0.696508237612792,0.18112157158872766,0.7066147790855322,0.06284888763497387,0.7269020221307423,0.3684605589016128,0.5306247353351465
62.734000,0.7205493009257365,0.6192539560324756,0.6177663427890189,0.5954554898994782,0.5261115511060813,0.6729112783310542,0.409211851001319,0.6458103537081484,0.3004128917277019,0.6964343249172287,0.18084457057175285,0.7066037189969083,0.06256116314035909,0.7268283457281695,0.36839617990080803,0.5303357455429734
62.784000,0.7217143519239901,0.6193105447759164,0.6185350338415467,0.5960919951894185,0.5261826753453851,0.67271471949622,0.40912805104021455,0.6462909625949933,0.30008711233265095,0.6963915981775215,0.18052692076388965,0.7066561289530161,0.06223232849640292,0.7268152321143433,0.36485301775909085,0.5479047832844159
62.834000,0.7227793565568402,0.6193455215424248,0.6195486194761289,0.5968909141318395,0.5263088375565996,0.6724312547778114,0.4090648132473775,0.6468609836931806,0.299713447466943,0.6962804009385852,0.18016265716251068,0.7066538544408366,0.06185173772618402,0.7267169135793354,0.36387702720107035,0.5572815943427951
62.884000,0.7249682157593487,0.6194543817889977,0.6214366631637831,0.5980847220434485,0.5269660908221557,0.6720800662116961,0.40945675764922845,0.6477581292653891,0.2996794444887089,0.6962240091614436,0.18014456307462923,0.7067792033943063,0.061814770479281855,0.7267306490609178,0.3643402021852284,0.5590068210026793
62.934000,0.7265975088983287,0.6196383990583948,0.6232310509258542,0.5993215634158451,0.5275913916874715,0.6717995295841025,0.40984395983132865,0.6486577428955576,0.2996577203552486,0.6961866039146611,0.18013653497014936,0.7068957702750391,0.06178535607205593,0.7267199588684985,0.36389903662006384,0.5780014017968388
62.984000,0.7291913906194846,0.6199435889110622,0.6251594773098008,0.6007513889832936,0.5281833897012265,0.6714312194291558,0.4101804226804039,0.6496298485035971,0.29952122776136425,0.6960468990320666,0.18001369305185155,0.7069073386020385,0.061633586559343145,0.7265580481772702,0.3647420537574477,0.5882502102168106
63.034000,0.7310948234118912,0.6201624209206416,0.6272706171433557,0.6023324829838118,0.5289118548805404,0.6710751472181136,0.41064297416417966,0.650765744122966,0.29950075334205944,0.6960140231033906,0.18001195339967158,0.7070786825345523,0.06160752239639433,0.7265822903748018,0.36562157533325385,0.5904942392168792
63.084000,0.7340639480400596,0.6205021313677559,0.6295012527565046,0.6040542546967781,0.529619324408882,0.6705644072264697,0.4110802327984479,0.6518966874898294,0.2993984931802145,0.6957964487173254,0.1799278270409359,0.7070552200640088,0.06149072719955928,0.7263594522725796,0.3693934356002132,0.6105936007053134
63.134000,0.7361018413275312,0.6207551078389982,0.6318064385364579,0.6059283350237293,0.5303939813248978,0.6700806032790191,0.41158835164043023,0.6531920759520429,0.29936975007404687,0.6957007275712119,0.17992263047044177,0.7072066225125895,0.061458157068346564,0.7263421533796399,0.37332989210757045,0.6229390359450407
63.184000,0.7389447117508536,0.620915489839941,0.6339848830455618,0.6078051849563504,0.5310186556210613,0.6694327438066876,0.4119588445880029,0.6544406993625281,0.2991944345645964,0.6954795569496548,0.17977375462376954,0.7072567044161389,0.061282139108169154,0.7262234398362362,0.37691635685087616,0.6335901438253525
63.234000,0.7406682258841695,0.6209951743817257,0.6359202088007965,0.6098024882675849,0.5314128680791677,0.6687788880770951,0.41209186934601394,0.656031368281359,0.29880958206046243,0.6956182775713046,0.17943573962411596,0.7078610608321182,0.060941553485325706,0.7268117297201683,0.3789775987018182,0.6374073330063568
63.284000,0.7430478409685651,0.6209870610677256,0.6376950341491349,0.6118897421555207,0.5315998463071374,0.6679594405999602,0.4120474732417068,0.6576042449233532,0.2982234661949558,0.695605500309621,0.17889963555049382,0.7083264845372261,0.060399320035131265,0.7272387880125629,0.3868137453747493,0.6565699290527782
63.334000,0.7448630594168388,0.6208253073085439,0.6397446886056417,0.6139475878006424,0.5321436181784289,0.6670701785018868,0.4123996696777472,0.6592352059788784,0.29806747377696496,0.6956789843221144,0.17880474638266364,0.7089606202448308,0.06030967900963824,0.7279057781192466,0.38931365488257463,0.6610235008495363
63.384000,0.7475923701089614,0.6213046705706735,0.6418990170804364,0.6164740295003877,0.5327407345354531,0.6663184810655278,0.4128635316976459,0.6608911208341849,0.29796874490752323,0.6955204143353545,0.17874859651570707,0.709178972718662,0.06022682784852407,0.7279563620941821,0.39569607930904394,0.6739047835537353
63.434000,0.7493129901423268,0.6215886789134073,0.6439981208757681,0.6191212270369256,0.5333399712984634,0.6655407696034016,0.41337288919737625,0.6627302159318453,0.2979391053060369,0.6955180419733377,0.17877452282212747,0.7096531854597035,0.06023742951265987,0.7283335898908805,0.4051217383608054,0.691958579052866
63.484000,0.7514218908122143,0.6218041535109584,0.6457328176866098,0.621663242531611,0.5336753992155722,0.6645949902899705,0.41367546393098165,0.6644703642721707,0.29773368783430415,0.6954139347763426,0.1786312778913698,0.710063711080941,0.0600836919424117,0.7286774121011463,0.41056385906973164,0.7016718889239724
63.534000,0.7527170042756496,0.6219409803955565,0.6474014580406283,0.6243864557229912,0.5340229362237583,0.6636968969645662,0.41405528984579404,0.6664832606369541,0.29763386695577004,0.695570238690026,0.17861066829277927,0.7108502314919896,0.0600661893378972,0.7294837096781728,0.4180239868150663,0.7135670981780396
63.584000,0.7543951588328842,0.6225845143643394,0.6489074495947094,0.6273364026923143,0.5342270970381412,0.662669343745667,0.4143583871355868,0.6682811512083601,0.29742836954113244,0.6952509673124865,0.17846570538612494,0.7109953166842263,0.059895060005057066,0.729461557601,0.4197654720866068,0.7165134590909013
63.634000,0.7553868336582853,0.623109706460825,0.650306003775144,0.6305431588603332,0.5344869067012936,0.66194278868003,0.41478579191102993,0.6704070143766119,0.29740083035729376,0.6953222868219869,0.17850732959293802,0.7115806839019515,0.0599192851390008,0.7299348581509499,0.42500212422596456,0.7254333503325603
63.684000,0.7564372850399845,0.6241699752944951,0.6514012810949812,0.6339567802615573,0.534517171357069,0.6611248661478389,0.41504752375712656,0.672394440333673,0.29720504854761715,0.6950472776053496,0.1783664181856237,0.7117020046718654,0.05974000874423979,0.7298065616401177,0.4300549003108377,0.734429717224248
63.734000,0.7569088377291945,0.6245796591957933,0.6523041018067215,0.6370383457324903,0.5345524192857328,0.6601584941632216,0.4153947092853505,0.6743514553571819,0.29717167711248743,0.6949260674759723,0.17841182997504146,0.7121335864103546,0.05977257845456141,0.7301537972483674,0.43360085680376037,0.7407944588161178
63.784000,0.7572710986155595,0.625339392056215,0.6529606919621367,0.6402154129473955,0.5344525295808492,0.6590784839860784,0.41567795187184936,0.6761840295795039,0.2970907548788446,0.6945436785233783,0.17840289517488195,0.7122409087838582,0.05973894327230733,0.7300977427379358,0.45180190294327394,0.7645880057627519
63.834000,0.7572822203178274,0.6258860076524327,0.6534104941626643,0.6434365286249198,0.5343159455054782,0.6581500761285166,0.41599322246245596,0.6781434053081166,0.29709559007213004,0.6943715602240151,0.17848704058534892,0.7125927563604214,0.05980575897662854,0.7303340470606818,0.45653162720699636,0.7721847645947597
63.884000,0.7569278702753681,0.6267212923023068,0.6535944735523177,0.6466529869325195,0.5340473964849931,0.6570691457570992,0.41624604631053863,0.6799348820687827,0.29706527379125913,0.6939328626984155,0.17853113228673045,0.7126319882871743,0.05982416072962893,0.7302005654561241,0.46275747216012353,0.7821634208706418
63.934000,0.7565083960530311,0.6278976953505686,0.6535885868116407,0.6503657666887139,0.533747721258247,0.6565437066198153,0.41651047082623927,0.6821450173450494,0.2970899354892205,0.6939236309837425,0.17862266867759402,0.7130418603520184,0.05988429452502464,0.7303969317592189,0.4645324596667979,0.7852539866347188
63.984000,0.7555559837872498,0.6298756672215555,0.6533574828289186,0.6543645626506404,0.5333704553270646,0.6561289975342057,0.41673724663416417,0.6843547770512788,0.2971065618434835,0.6937621813873714,0.17868772669683275,0.7131781408654915,0.0598999897796233,0.7301920633433273,0.47016162923500315,0.7948304615104869
64.034000,0.7546968451350962,0.6315727973816191,0.6528713759206232,0.6585726542360729,0.5328971532081893,0.6560855104921371,0.4169051220158519,0.6868401637912793,0.297116863008144,0.6939656815808388,0.1787471111012886,0.713678667998237,0.05991405155715024,0.7303730969905433,0.47353119099381313,0.8009414998029116
64.084000,0.753153718529655,0.6341152858175866,0.6521969238252758,0.6628937340024322,0.5323920296595734,0.6560536075454013,0.41706874152476875,0.6892279833645807,0.2971623226096357,0.6939662005439193,0.1788256723403735,0.7138769313908973,0.05993439253280797,0.7301515615160055,0.4778932000282555,0.8096494121823551
64.134000,0.7519936847283716,0.6355640386750937,0.651386215635964,0.6667967559559635,0.5318814302074226,0.655906105855454,0.4172773507698995,0.6914856642600069,0.29730464565197157,0.6940449662476582,0.1790180768123285,0.7142510948264915,0.060086760995342825,0.7302305227899295,0.48089008370230996,0.8159316500990542
64.184000,0.7498548926446577,0.6368615514021921,0.6503005280657935,0.6700418382704296,0.5312165768241894,0.6552427654743448,0.4174056707711481,0.6932832394817731,0.29740668881035814,0.6937775350598712,0.179187005126361,0.7143713785480651,0.0602293492948518,0.7301535241268949,0.480915068762403,0.8227297206511511
64.234000,0.7484132123943333,0.6375363513149673,0.6491786122259238,0.6728892407326972,0.530567484296306,0.6546848365636698,0.41752729533934496,0.694957850860034,0.2975341548617502,0.6936747926797684,0.17938566590127847,0.7146732344399329,0.060412745758908315,0.7303398956284939,0.4822490216957619,0.8309064808440666
64.284000,0.7456547451771802,0.6370677057383078,0.6477721863150956,0.6747185997285686,0.5297006872797374,0.6532914880605812,0.4176853667252294,0.6963329559691589,0.29771733122494237,0.693563396988063,0.17972233842360608,0.7154078853652461,0.06078821039015114,0.7313663686134781,0.48340296151310014,0.8340628745420569
64.334000,0.7437861123961771,0.6375546648089827,0.6462600080933384,0.6773792620798492,0.5288187897511633,0.652730525110842,0.41772453984005814,0.6980964554623426,0.2978050760120579,0.6937007535732322,0.1799123671706515,0.7160906888560947,0.06098212381856194,0.7320780969055032,0.48343196454970366,0.8409671885946747
64.384000,0.7410048051461229,0.638168582691698,0.6446941243858656,0.6797952385896929,0.527921663986919,0.6521512068226274,0.4177206799804442,0.6996458709861268,0.29786697189437517,0.6937223029738835,0.18006849819387105,0.7166028535315747,0.061139677353687416,0.7326008400783841,0.4834163639759205,0.8472247718635811
64.434000,0.7393507311920153,0.638443189420188,0.6433984762964522,0.6819233216798588,0.5273529227027606,0.6513712433361307,0.41805162507682697,0.7009012982249245,0.2982814506217042,0.69347800306832,0.18057319157676033,0.7168182205610106,0.06164351689506953,0.732809858379064,0.47884287366054934,0.8495505252049111
64.484000,0.7369664129352353,0.6391609458817508,0.6421484373828956,0.6841348875404596,0.5268861344871612,0.6507492389595644,0.41842798276214865,0.7020993054093183,0.29876172160313513,0.693155819499458,0.18112048964548744,0.7168315569428002,0.06217653867322981,0.7327166608803887,0.4809151928437689,0.8545304136550604
64.534000,0.735419108522906,0.6395022795602849,0.6409261001268958,0.6860686801034037,0.526416581693128,0.6501859518338792,0.4187775665874634,0.7032316154368782,0.2992171025721423,0.6929702585850805,0.18164989130325893,0.7170108666151918,0.06270117879591963,0.7328602764731615,0.47421005252622567,0.8559853724248087
64.584000,0.7332019447916661,0.6399338458492048,0.6397512947983632,0.6877887079214144,0.5260018010757586,0.6495649891351658,0.41913846973647745,0.7041564574710791,0.29969246492973756,0.692638995263293,0.18218973268772864,0.7169928022688237,0.06323294798518553,0.7327815125781738,0.47566375968670466,0.8603007087403167
64.634000,0.7313746852841273,0.6392358704332081,0.6382822496934006,0.6885365729322014,0.5251717481685638,0.6484614633301798,0.4191288405616685,0.7046299750972023,0.2997714104363781,0.6922282064043006,0.1823754910918829,0.7170917966116435,0.06344268013214549,0.7330600925974334,0.46775204014604366,0.859755577227985
64.684000,0.7288615439453906,0.6383897613931765,0.636835184072684,0.6890743324744061,0.5243424452813753,0.6472965426904745,0.41905145234107183,0.7048622165390882,0.29978357328007105,0.6916269218959574,0.18248037187859567,0.7169243316638549,0.06356556058210283,0.7330261220711202,0.4690966864808366,0.8637399702686003
64.734000,0.7273512900708028,0.6378925057118546,0.6355159415595973,0.6895028455791029,0.5235677980539348,0.6462869553807558,0.41895615690174487,0.7050781497507073,0.2997670725548442,0.6911511194661349,0.18255154056090672,0.7168516848174699,0.06365632510877617,0.7330975379065343,0.46466281643046686,0.8633892107946142
64.784000,0.7253732203229123,0.6373652702754143,0.6343600267858761,0.6899571063984306,0.5229154737348694,0.6454586615350273,0.41888868974605215,0.705278626537892,0.29977612049142666,0.6907116829476243,0.18262993232310898,0.7167264979120465,0.06374679340157918,0.7330604894684379,0.45524444394752145,0.860912683190591
64.834000,0.7242617760953598,0.6370849544990449,0.6333757349615955,0.6903492511222196,0.5223484207754303,0.6448197496467308,0.4188181188354377,0.7054949223305719,0.2997686123065097,0.6904212699789114,0.18268389726700562,0.7167113727576786,0.06381318638902889,0.7331355651385684,0.4501338736820576,0.8584261923024925
64.884000,0.7229256878760064,0.6367549990309126,0.6325869151037429,0.6906567730597847,0.5219077554298905,0.6442873476386102,0.41877321915633453,0.7056328236546828,0.2997779689967408,0.690136680926387,0.18273959840655507,0.7166323373552118,0.06387674282006572,0.7331132827718267,0.4507210120001368,0.8607031893107233
64.934000,0.7222681422411734,0.6365955509657741,0.6319912916146658,0.6908859542080716,0.5215654624669291,0.6439164294389744,0.4187290567134252,0.7057603753973353,0.2997727245824187,0.6899682556555878,0.18277118950253468,0.7166261023231393,0.06391580481178094,0.733160839394315,0.4453663389976545,0.857484961027264
64.984000,0.7216278629081888,0.6364226803153004,0.6316117921951581,0.6910572726034441,0.5213475893999872,0.6437095649008702,0.4187061415487686,0.7058765426676077,0.2997743557940069,0.6899006143343933,0.1827977596922733,0.7166676829817424,0.06394794200868092,0.7332423876569949,0.44596958197387726,0.8602328652291872
65.034000,0.7214457148501837,0.6363246691158798,0.6314312555770968,0.6910517094977412,0.5212248222164743,0.6435696916183915,0.41868625026505707,0.7059062078380822,0.29976080064138727,0.6898831799213904,0.1828026157000716,0.7167305815688042,0.06395986795627617,0.7333559028689842,0.42876669460923444,0.844105379679569
65.084000,0.7215865860845716,0.6364242257219895,0.6314882100436241,0.6910578707094216,0.5212613423341463,0.6436233091371211,0.4186859893930353,0.705899283380536,0.29975832050077816,0.6898927356367083,0.18279350984722043,0.7167112566394895,0.06394820342050733,0.7333182774523835,0.4234509073635142,0.8389336797918677
65.134000,0.7219303800589151,0.6365181970122171,0.6317601419892226,0.6909858498027892,0.5214235437267762,0.6438070931067428,0.41870832289992216,0.7058521042708624,0.2997645254017729,0.6899658512026985,0.182780624486079,0.7167009765352477,0.0639303849339915,0.7332726559432123,0.4183919810020998,0.8327055772948657
65.184000,0.7228129767530832,0.6367725414136473,0.632254113294259,0.6908213878960324,0.5217023640987831,0.6441490111650556,0.4187391046069525,0.7057815285141882,0.2997618339291454,0.6901479408893727,0.1827480771050768,0.7167520893237379,0.06389224572860663,0.73328361520024,0.4184512417903968,0.833281816730115
65.234000,0.7236328314607239,0.6370325729787936,0.6329330395083819,0.6906134942910331,0.522096467510633,0.6446216003557114,0.4187780763307892,0.7056569183609565,0.2997585753824623,0.6903481498278496,0.18269779412322806,0.716744617223653,0.06383059971859883,0.7331942401485477,0.4091094369189302,0.8185330366753762
65.284000,0.725194872002778,0.6375084928120239,0.633813957096254,0.6903215015657774,0.5225887566082899,0.6452775810392268,0.4188156790777814,0.7055365918164116,0.29973668426804956,0.6906976904049154,0.18262064503243058,0.7168478979329811,0.06374286145833985,0.7332208198625372,0.40907747102715164,0.8183343651060335
65.334000,0.7264412239781993,0.6379421727471903,0.6348604327235092,0.690001232313275,0.5231938981254224,0.6460628089348915,0.41887099466409855,0.705364847776369,0.29972720271286324,0.6910555208528586,0.18253926311085666,0.7168816086130128,0.0636447024875002,0.7331322532577846,0.40495286518930573,0.8099307689913487
65.384000,0.7286672781711901,0.6392207357420854,0.6361070678653955,0.6900437866454638,0.5239405759240681,0.6473978245211666,0.41893257257607935,0.7054781071717029,0.2997201003053956,0.6917527126411473,0.18243330703467353,0.7171260869568238,0.06351048619145705,0.7331686142697666,0.40139129921579636,0.8007066273549093
65.434000,0.7302224003804687,0.639950543318202,0.6374041419805953,0.6897715028750381,0.5246766466836739,0.6486313545515069,0.41894498807176167,0.7053835912226188,0.2996529823675593,0.6923675482345149,0.1822691417040978,0.7172881010192105,0.06332245784223356,0.7331527282844652,0.39565090734206704,0.782518772759617
65.484000,0.7328147542041998,0.6410077663046683,0.6388610591919737,0.6893622621089499,0.5254888078267548,0.6500337403927501,0.41897210613228564,0.7052984873851269,0.2995867664753622,0.6931683317801488,0.18210636353435117,0.7176296262025152,0.06314104951962896,0.7333539405398247,0.3937209840950834,0.7716135085106481
65.534000,0.7346678192650701,0.6416881864817872,0.6404344658432156,0.688777804650469,0.5263997244913404,0.6514136806167004,0.41905606822415314,0.705054518223805,0.29957771764402463,0.6938775891888739,0.18199402366546724,0.7178374495882363,0.06300813642376535,0.733405321546376,0.3923068583603353,0.7616160550453293
65.584000,0.7375897460052128,0.642806797243779,0.642090589156326,0.6881282737725168,0.5273407102222749,0.6530217888356786,0.4191187669167398,0.7048678203826872,0.29954147016222454,0.6948045157126219,0.18185322156417816,0.7182454231593156,0.06285023126739997,0.7336820128223493,0.39265585242706913,0.7592447045098963
65.634000,0.7396075248745463,0.643616139714087,0.64380202145401,0.687418680437127,0.5283573094443643,0.6546693526728842,0.4192227503300344,0.7045657253558827,0.2995554383521266,0.6956363108184102,0.18175109601990136,0.7184866265202088,0.06272473569615944,0.7337419714223323,0.3918739319007943,0.7486203448263193
65.684000,0.742748371112913,0.6450144426470683,0.6455660441315227,0.6866826778010255,0.5294062996769561,0.6565676688483058,0.4193237891877765,0.7043362869265422,0.2995679669081977,0.6966849452184181,0.18164573291861463,0.7189188546436966,0.06259817985673499,0.734007927138101,0.3920997814626242,0.7368645619240848
65.734000,0.7449171068714106,0.6466316507045103,0.6473756362947867,0.6864238953120649,0.5305910170912845,0.6588312746511679,0.41947922366998525,0.7041542197020696,0.2996585780501522,0.6975957989130304,0.18157527155857778,0.7189577446054853,0.06247695670003128,0.7336407754710722,0.3925952718511583,0.7257517317578904
65.784000,0.7481072856261107,0.6494030601765066,0.6491171382564562,0.6863518702101229,0.5317180641011127,0.6615031803561424,0.41955772442313655,0.7041653205078323,0.299678027343131,0.6987933350397529,0.18142896169577483,0.7192177927562459,0.0622780430045895,0.7334676550237234,0.39414339824176753,0.712919471099435
65.834000,0.7501218389741942,0.651621878801744,0.6507257414316046,0.6865166560346637,0.5327944316526355,0.6643309363581713,0.4195709744505372,0.7040857943973301,0.29964879944717154,0.6997646908561774,0.18121091543788959,0.7190641113414148,0.06198882391894711,0.7327056982252476,0.39719804413853455,0.6937451429185906
65.884000,0.7529224850123265,0.6533793156308654,0.6522537006373488,0.6855931192236013,0.5337504746174486,0.6666990613546531,0.41961352763764154,0.7037498013440457,0.29964514844720525,0.7009951698960506,0.18108582709385423,0.7195339756868513,0.06184038317861262,0.7329699016101361,0.40042572990468983,0.6810742044862687
65.934000,0.7546793159517262,0.654565939445298,0.6537137614962345,0.6846237416393065,0.5347318284955394,0.6690256770701332,0.41971915009681915,0.7032613865757391,0.2997253721725567,0.7020393966595208,0.1810397698795334,0.7197517597976625,0.061764925660743986,0.7329241375792117,0.40120520987403147,0.6787568602775453
65.984000,0.7570410601325267,0.6569211894998941,0.6549587318025788,0.684020330823301,0.5355898210055331,0.6717295566295178,0.4197395415207729,0.7030139415537349,0.29973985900414946,0.7032899755689507,0.18092254326444646,0.7200960899387061,0.06161148783613901,0.7329363412047887,0.4036129756452751,0.6716157524807592
66.034000,0.7585073706793882,0.6590443385095965,0.656097294514898,0.6837326775950693,0.5364413852004729,0.6746517433862522,0.41978343199490853,0.7027750780720666,0.29979466309100916,0.7044168262016868,0.18083076610642312,0.7201518576359143,0.06146812662948653,0.732503387787993,0.41086206297302996,0.6497004460347232
66.084000,0.7601754977393994,0.661613877761582,0.6568367837932304,0.6829057850396072,0.5369566055417436,0.677544548292009,0.4195542304864717,0.7023776377249898,0.29960058182811955,0.7057126298598342,0.18051152140909166,0.720470532438072,0.06111440529230372,0.7324842189209384,0.4127991542433026,0.6443433097300347
66.134000,0.7610210893145506,0.6635636093196249,0.65736936461033,0.6823696761043816,0.5373833979348026,0.6805345191806395,0.41931098191713223,0.7019565773390161,0.2994092910601282,0.7068129679355134,0.18018765357159705,0.7204585223231432,0.0607431077520576,0.7319911054664315,0.41750687958087956,0.6323680831603287
66.184000,0.7621001683365031,0.6670007431410911,0.6578009135431059,0.682257528114032,0.5378096172646736,0.6837028022632408,0.41917017644544874,0.7017217667589173,0.2993308790130095,0.7079300508009287,0.17998020237792123,0.720396645620323,0.060481851789715324,0.731357676885626,0.4238967893176361,0.6183689855098887
66.234000,0.7626929366253771,0.6692995784210845,0.658113667274981,0.68196952108794,0.5382229701212127,0.6870901397880119,0.4190943479046408,0.7015252140440204,0.2993477187683487,0.7093191097610158,0.1798817710991384,0.7206278385796372,0.060338748432978706,0.731090425823112,0.42498018850934294,0.6159290675207273
66.284000,0.763390921802083,0.671633492731283,0.6584015330008197,0.6809165754045476,0.5387342582373955,0.6898464886450366,0.41925022649189625,0.7009625202124381,0.2996313838677906,0.7105193235060523,0.1800812476681708,0.7209003126039735,0.06051404178539721,0.7310828111862387,0.4282990419520838,0.6072395931968246
66.334000,0.7635065537089469,0.6734618893029384,0.6583763349569334,0.6801800165851645,0.5390311668540161,0.6926992357859169,0.4192756352591686,0.7003551257228118,0.29979281570460936,0.7114841791434335,0.18015323935030425,0.7207778204253091,0.06054886701477924,0.730514047456181,0.4304969226232347,0.6014908074879355
66.384000,0.7631127996372503,0.6758075374243796,0.6579093969613601,0.6790519747785535,0.53904413094995,0.6955155265228372,0.41911788304027964,0.6997220764522073,0.2998204965292135,0.7126887094627179,0.18011073220113594,0.7210297120712861,0.06048397014737694,0.7304868681201894,0.43509814218320214,0.5907464659025617
66.434000,0.7627288595291787,0.6771594983159587,0.6573873904469859,0.6780157279772092,0.5390847445954376,0.6981275146301034,0.41908889750609263,0.6991258521114215,0.2999890820909128,0.7137967062142518,0.1802208859061778,0.7212518509174756,0.06057388224191129,0.7304493784817931,0.43639531407786786,0.5878781881644506
66.484000,0.7620672408140432,0.6789327150360299,0.6568541977132946,0.6765658735134585,0.5392919971023467,0.7006309724642368,0.4193132155966891,0.6983744289975475,0.3004659279476698,0.7149672653575777,0.180650302921171,0.7216167765808814,0.060992241640742906,0.7306693105139154,0.4400388762174952,0.5792312117227725
66.534000,0.7614377324071687,0.6802501142867367,0.6562021815770012,0.6754712947330496,0.5394086575907411,0.7030261991036129,0.4195322167452243,0.6975820343181477,0.30092235450856125,0.7157946832248778,0.18105954041931915,0.7215310408329586,0.0613792568001571,0.7302848807239374,0.44711072476031116,0.5681787714157509
66.584000,0.7601467414020424,0.6821107653400758,0.655309509527319,0.6742381963463729,0.5394501834057158,0.7054890611447739,0.4197610819250368,0.6968566230912618,0.30143878207959257,0.7168524566393975,0.18153887096086063,0.7217525906906435,0.061844158378922987,0.730306874993104,0.45009250690657254,0.5601125309456467
66.634000,0.7591076431955129,0.6832484720946951,0.6542653752230472,0.6729792339699261,0.5393890249935589,0.7076696383773674,0.41996060592522433,0.6959712316978968,0.30192838527891624,0.7176136643084234,0.1819971579066444,0.7216757697945455,0.06228601820746238,0.7299970096013854,0.4511809857227561,0.5541847338041292
66.684000,0.7573608144515401,0.6848404807717091,0.6531110898850657,0.6717935260449712,0.5392933174447588,0.7098134507782795,0.4201792779767834,0.6952585340275184,0.3024597807060254,0.718542003750048,0.18250601151083212,0.7218726577198096,0.06278436756676298,0.7300413767950107,0.453547301080844,0.5486674929622459
66.734000,0.756020740014528,0.6858837079377054,0.6517928273330251,0.6705899098382324,0.5390968315467545,0.7118162671080759,0.4203682530654071,0.6943943082113697,0.30296884060469426,0.7192413996685082,0.18299601987234082,0.7217952762361168,0.06326058525719647,0.7297593014446688,0.4540283612859284,0.5451277438747637
66.784000,0.7539411517037231,0.6861084246616835,0.6504245917980265,0.6686645678799562,0.5390005872425473,0.7132144411547973,0.4206424734839635,0.6934316984913925,0.30364127565690446,0.7200910253214348,0.18366081160362002,0.7222562609855563,0.06393556650085597,0.730372028665391,0.4551451964470543,0.539131236644083
66.834000,0.7522084177229456,0.6865853748305306,0.6486841620367982,0.6670898127329727,0.5385431597546946,0.7147234102883441,0.4206160114162205,0.6925155809314092,0.3039991249020208,0.7208087210821819,0.18401052858577827,0.7224630348382279,0.06428640781342354,0.7305953718463685,0.45273903803573623,0.5363934541020179
66.884000,0.7496488967061936,0.6873234929848576,0.6469643553568138,0.6657755495252441,0.5381651547422885,0.716399002049535,0.4206862247146411,0.6919306347260652,0.3044765993384834,0.7218525826871415,0.18448287694737697,0.7230800135849753,0.06476424213578225,0.7312927158639093,0.45353548797864573,0.5341399747493967
66.934000,0.7478193927936517,0.6876210773466596,0.6451002899632275,0.6642513307544007,0.5375773418496677,0.717531867810334,0.42056748959533435,0.6909105516253844,0.3047338430899279,0.722256465829002,0.18473622948590795,0.723013254663666,0.06501743468822663,0.7312236244598866,0.45280250649083914,0.5298564850094669
66.984000,0.7451117536090021,0.6881038640121441,0.6432597338484404,0.6628840146209212,0.5370245279476267,0.718687966337728,0.42049135669931575,0.6900519750189026,0.30503920334811935,0.7227750599372262,0.18503967352030148,0.7231109782348218,0.06532258561163307,0.7313461990981726,0.4545765261747015,0.5228094766600277
67.034000,0.7433483127112962,0.6884238557368639,0.6414650430961096,0.6616440556720536,0.5364332686531065,0.7196813398724202,0.4203755214756665,0.6891756138509432,0.3052727882537861,0.723107321807553,0.18527282271266954,0.7230163815480731,0.06555430783049065,0.7312308318891211,0.4445203079916217,0.5269031434522771
67.084000,0.7408134862088737,0.6888814325983784,0.639749241300102,0.6605301178081476,0.5359038942917683,0.7206644998596725,0.42030779813744024,0.6884535924853166,0.30555414099029765,0.7235477254900803,0.18555499503780581,0.7230949886210871,0.06583770412790912,0.7313272578826674,0.4452391741362959,0.5227533128318674
67.134000,0.7393226642443936,0.6886863264495312,0.638182764666181,0.6592231970855528,0.5355205523718884,0.7213558790398982,0.42030957392318663,0.6877935423379945,0.30592920283019737,0.7240858377824761,0.1859307232186016,0.7234817757778097,0.06622644523706955,0.7319011482556177,0.44584916074655256,0.5186162702272159
67.184000,0.7373461867129426,0.6884999810041698,0.6368558644894551,0.6579500674515262,0.5352785444066989,0.7218409748234271,0.4204456830465184,0.6870068830190841,0.3064010875484672,0.7243409189338594,0.18640368493966397,0.7235513829050684,0.0667080975139972,0.7320934172543637,0.4331641494724003,0.5248966726342421
67.234000,0.7361576065610459,0.6884071841843304,0.6356536223139237,0.6568428528394796,0.5350253963466527,0.7222183844907,0.42053878154826546,0.686262647368431,0.3067842056392994,0.7244712388076773,0.18678817297927786,0.7234954591937182,0.06709835451208501,0.7321179504398974,0.4287705274973454,0.5267140660864891
67.284000,0.7345984761808276,0.6883024042078005,0.6346061583146732,0.6559139783336849,0.5348339834839028,0.7225886596567942,0.4206520938898125,0.6856766549872704,0.3071622200288225,0.7246644547586927,0.1871674322172283,0.7235460192216532,0.0674841159547489,0.7322582983962038,0.4290225138435412,0.5219813221755738
67.334000,0.7337211585106671,0.6882507429962507,0.6337144537398512,0.6551445849831341,0.5346469582045026,0.7228618747129636,0.4207267765601012,0.6851499109069432,0.30745207988709283,0.7247585348875603,0.18745862863599683,0.7235048774978233,0.06777936849737454,0.7322726989303091,0.41942587122056474,0.5308057385396789
67.384000,0.7326654485398174,0.6881950649866339,0.6330010395062203,0.6545452259501381,0.5345153002686105,0.7231058499760431,0.4208050518305611,0.6847655395944476,0.3077102232472748,0.72488485847846,0.1877178019945107,0.7235362140111447,0.06804282080545565,0.7323622480808306,0.419521445559299,0.5266594837608938
67.434000,0.7321452605835536,0.6881703133044392,0.6324624173832168,0.6541014163646863,0.5343998148495258,0.7232659013574869,0.4208485180013893,0.6844573586882967,0.30788285466153037,0.7249389459371396,0.18789136035328569,0.7235102074465583,0.06821872814056007,0.7323680344530925,0.41044570310680983,0.5360742246400396
67.484000,0.7316790202859886,0.6879836556943748,0.6321427593417124,0.6536989073348903,0.5343685139138453,0.7232704310640808,0.42091118309547243,0.684188029893123,0.3080379276088046,0.7249265643372101,0.18804672547916967,0.7234734947459438,0.06837759603254912,0.7323785189685171,0.4104276073056598,0.5350448330730107
67.534000,0.7315458282778826,0.6879432810831501,0.6319841526974767,0.6535217395393188,0.5343429399547805,0.7232798471237197,0.4209298167217652,0.6840693449779791,0.30809895676329824,0.7249251528976868,0.18810791082396405,0.7234592421622059,0.06844028938778957,0.7323845085264649,0.40155329916490745,0.5473324380628186
67.584000,0.7316444408632036,0.68798762196638,0.6320354754771997,0.6535877207466335,0.5343441784860965,0.7232756715853521,0.42091646057022253,0.6841074088156988,0.30806900865940856,0.7249173658993354,0.18807795463330923,0.7234521172250128,0.06840949678889696,0.7323661621599993,0.40146448052579004,0.5459415082763055
67.634000,0.7319029035258615,0.6880548264628364,0.632269831364113,0.6538405658126524,0.5343769493999726,0.7232450589002157,0.4208823286293807,0.6842710796815642,0.30797059330228715,0.7249028409701495,0.18797930450267897,0.723456946021946,0.06830855054640428,0.7323401125479028,0.3939473790890298,0.5600259017943524
67.684000,0.7325311820742718,0.6881379839677332,0.6326643186630903,0.6542394694341234,0.534404805928954,0.7231239245546066,0.42078149598995496,0.6845267298572623,0.3077550471740397,0.7248382898377366,0.1877631642065315,0.7234425742832348,0.0680891700879338,0.7322819821649182,0.3938802556620978,0.5593324547906112
67.734000,0.7331149455196978,0.6882114032738782,0.6332099262849389,0.6547996000976627,0.5344552551090943,0.7229722846637687,0.4206507911244943,0.6849125424526477,0.3074718295550751,0.7247938997272783,0.1874789912764755,0.7234828841496652,0.0678016393165689,0.7322767131145391,0.39063922879037827,0.5672225891839171
67.784000,0.7342317163089377,0.6883558160477126,0.6339191605283128,0.6555395346831585,0.5344994863460096,0.7227387042128821,0.42046053800922994,0.6853874222771745,0.30707449566000333,0.724676166217126,0.18708062032766104,0.7234637790158591,0.06739769288685227,0.7321813979108089,0.3906688109736864,0.5674620747340112
67.834000,0.7352737404372932,0.6884935214247859,0.6349174984362452,0.6564622670000537,0.5347283916955847,0.7225087876526873,0.4204098580073437,0.6860221756512892,0.30678726713313126,0.7246214870823868,0.18679208706899408,0.7235459586663988,0.06710396746906566,0.7321919997617972,0.38376587485201547,0.593818471729787
67.884000,0.736916651616356,0.6884914704804928,0.6359736993060359,0.6573450158519072,0.534921418134858,0.722063146774328,0.42027642188974507,0.6866156527027742,0.3063931137141185,0.724438821779051,0.1863963819250689,0.7235531807983565,0.06670444285863941,0.7321461850761484,0.38393289117480406,0.5949137325267149
67.934000,0.7381863805738349,0.688660723916274,0.6372253222724376,0.658590706602536,0.5352102295981912,0.7217802695589536,0.420202725702059,0.687527181412703,0.3060291259512717,0.724464819668774,0.1860309686687931,0.723799801768223,0.06633495361532227,0.7323358418524348,0.3819230476866558,0.6142920733001773
67.984000,0.740546989581898,0.6889130241712618,0.6387883908333492,0.6599772715356442,0.5356535353701207,0.7213222109241462,0.4202509602586761,0.6884247086230991,0.3057328724566995,0.7242800787394258,0.18573373092872913,0.72382617065383,0.0660296984363502,0.732249032700869,0.38231236489758375,0.6162549386993044
68.034000,0.7424454356701998,0.6891513951162042,0.6407654015082106,0.661609977176288,0.5364243713273636,0.7208801165451096,0.42059787905653023,0.6895077770047673,0.30570975916242493,0.724159182563528,0.18570994420965292,0.7239484426753533,0.06599762090491867,0.732252637337258,0.3828324199333242,0.6365682927960408
68.084000,0.7453962016730215,0.6895507683232759,0.6428339529993388,0.6634013964851994,0.5371875066161333,0.7203121016872994,0.4209228750616029,0.690604603484166,0.3056295673676959,0.7238830229327826,0.18562956989099366,0.7239076317005677,0.06590585083190215,0.7320458805699337,0.3835021632142293,0.6392470435331075
68.134000,0.7474111437080831,0.689846024809364,0.6449567578431105,0.6653417705380119,0.538015075789035,0.7197795941484838,0.4213065046092913,0.6918670626763559,0.3056160904527781,0.723737551726485,0.18561649762012622,0.7240501537063517,0.06588377024878966,0.7320547771341688,0.3861626211491875,0.6593830579515667
68.184000,0.7502654036869898,0.690260186288373,0.6470054942277261,0.6674177542082196,0.5387044671311179,0.7190983843118004,0.42154627993377514,0.6931376606937817,0.3054360561207354,0.7234430385287086,0.18543759470405285,0.7240507040860165,0.06569387398480775,0.7318891572672426,0.38760395101895984,0.6631146768033376
68.234000,0.7520131893932159,0.6904694544040861,0.6487594975231034,0.6695845347508854,0.5391841993560333,0.7185054303450358,0.4215652170065165,0.6947194052644583,0.30507734738938225,0.723539124732317,0.18508203192816286,0.7245994394750813,0.06533662728577871,0.732412125758567,0.3892474873833395,0.6671161295188763
68.284000,0.7542623107109594,0.6909738989933494,0.6502737261631851,0.671968828860046,0.5393754339416951,0.7178116994277927,0.42131719364155823,0.6963116553068804,0.30442718653457757,0.7234543566892412,0.18443628922961708,0.7249323837313714,0.06468451101051875,0.7326467607850107,0.39186956687475594,0.673636549177349
68.334000,0.7559327883279332,0.691127683787189,0.651922771637535,0.6744110238659494,0.53980009404105,0.7171720477542546,0.421319780070506,0.698134842109014,0.30406735632607906,0.7236665699175188,0.18408436994640398,0.7256872082539062,0.06433349136846744,0.7334155379448708,0.39371398146411346,0.6783281540093897
68.384000,0.7580589267783587,0.6913633408610983,0.6534228537211715,0.6768485655126536,0.5401052497140786,0.716334266975214,0.4212484152708454,0.6998099544313543,0.3036340049396551,0.7236185764387615,0.1836607610241714,0.726152495213092,0.0639076566640554,0.7338462586689357,0.4039875687619129,0.7122370721523398
68.434000,0.759350961826986,0.6912747010329193,0.6547049311515539,0.6792153970982137,0.5403206159132405,0.7154952565749995,0.4211134042065771,0.701724252255389,0.30318893483312825,0.7239463013166636,0.1832326567910877,0.7271853372436305,0.06348898805427561,0.7350245844904973,0.411670837832964,0.7308312867088491
68.484000,0.7613412243181223,0.6914961710886057,0.6561078613408511,0.6818583574107336,0.5406477515325016,0.714553357684947,0.42114979273843217,0.7035880558715142,0.3028944560277018,0.7239761734751232,0.1829562833350179,0.7278277616031664,0.06321366528086014,0.7356830414533332,0.41382311002998057,0.7365175297061713
68.534000,0.7626011414978435,0.6917682981538789,0.6574920665686016,0.6847316687055498,0.5410474211319756,0.7137255395860733,0.4213151814424461,0.7057136248059885,0.3027541784520302,0.7242416729981829,0.18283967150048608,0.7287705826371017,0.06310100684084441,0.7366858959926504,0.4221444191162077,0.7534708365323279
68.584000,0.7640314925046906,0.6926401907679405,0.6585860370670984,0.6879042680503621,0.5412467421558229,0.7130337302282603,0.4213612250305325,0.7077932356403713,0.30250291331485607,0.7243069189354472,0.18260863676676142,0.7293430336093236,0.06286306626140536,0.7371531772914709,0.42353405163096947,0.756542431480993
68.634000,0.7647207902367197,0.6930681779691399,0.6593957768326535,0.6910042381651577,0.5412512822916501,0.7120251421251081,0.421274299153695,0.7096749270223863,0.3021380029887888,0.7240465285260287,0.18226623995167357,0.7295927362523977,0.0625120880062312,0.7372701762924283,0.43302179695041376,0.7749349106381471
68.684000,0.765593594917284,0.6934777801198674,0.6601652168700989,0.6941397246145722,0.5413474479287048,0.7109426341777455,0.42134910844962237,0.7115739176407523,0.3019698987477837,0.7237642534188085,0.18212439504173616,0.7298515550741439,0.06236276992237588,0.7374115252117751,0.4395785532717993,0.7873346043355489
68.734000,0.7659928505751455,0.6942438756270655,0.6606947017665034,0.6973665261635961,0.5413801033188681,0.7101738130456091,0.4214330694842466,0.713738791797614,0.3018644354825643,0.7239045068694027,0.1820504585526086,0.7305836484236194,0.06228630957079995,0.7381035299668789,0.44115291252485556,0.7906076242914348
68.784000,0.7663408733313888,0.695110972345575,0.6611764583496855,0.7012589105728018,0.5414182090338833,0.7088721701119038,0.4216228082686234,0.7158765941058063,0.30185356794097745,0.7233149454913068,0.18207032115580313,0.7305242304487473,0.06229040492266924,0.73778864144889,0.4498785651639109,0.806982005568653
68.834000,0.7663329659394132,0.6956741405922442,0.6613099506894047,0.703891473506932,0.5413802419501439,0.7079981706854537,0.4217459738630249,0.7173598959142435,0.30187727445061957,0.7229719277368889,0.1821178995292263,0.7305674605317083,0.06232917261335502,0.7376851078870388,0.4529466817723513,0.8136398161655093
68.884000,0.7659205313396852,0.6965376425737884,0.6611832151385449,0.7078271490194384,0.5411871922317065,0.7068501707486942,0.4218784042927537,0.719711473969518,0.301915698823012,0.722703011430425,0.1821973092925816,0.7309192884608169,0.062399215289956844,0.737877497521937,0.45596546248714553,0.8201294018459699
68.934000,0.7654130335266174,0.6978205950787054,0.6609002003558686,0.7110305608720375,0.5409860892657113,0.706491181908362,0.4219330076025498,0.7215365714336797,0.3019378529004659,0.7226149257459964,0.18223758790087585,0.7310911606929111,0.06242451416170336,0.7377864845150078,0.46195761621690135,0.8314109188564484
68.984000,0.764308229471598,0.6997596598964141,0.660190286050075,0.7157876850763547,0.5405826497665178,0.7060916375989125,0.42197869989945663,0.7243427492164394,0.3019904829234695,0.7226611474153399,0.18231990299153755,0.7315466580180989,0.06248761858326668,0.7378888668724646,0.466608724499901,0.8414372944801454
69.034000,0.7633878437669426,0.7009035109996667,0.6595608947779669,0.718715494643637,0.5402735755701272,0.7056565714194304,0.42200198580802156,0.7259501924580543,0.3020530248168215,0.7224506557699943,0.18240021822765107,0.7315723812272097,0.06255455539699317,0.7376565492623339,0.4694090774568491,0.8478660564691223
69.084000,0.7617004632754404,0.7029418221664226,0.6583723254511799,0.7234410282049251,0.5397350424098576,0.7054078626666536,0.42203171929895433,0.728772958674516,0.30219112859947184,0.7225896894097216,0.18256822564374786,0.7320955342477085,0.06270509685361214,0.7378253122500995,0.47210233132278295,0.8541988476133643
69.134000,0.7603713080858867,0.7040222605265182,0.6574128694791908,0.726313928305345,0.5393163709083054,0.7050250338930727,0.42203405255089804,0.7304190843914026,0.3022971728202282,0.7224768156750279,0.18269554548625733,0.7322467050841226,0.06282195048374029,0.7377531759296391,0.4727995370128193,0.8618995709133164
69.184000,0.7580549343436569,0.7054796334373526,0.6556869962748142,0.7303437892558456,0.5385174359333307,0.7044344448240418,0.42190817384550694,0.7327589923928863,0.30236293860507124,0.7223217163672354,0.18279539422216962,0.7325002393359225,0.06290876457198769,0.737715220705611,0.4749909175786704,0.86842857042265
69.234000,0.7563924535271356,0.7062077305032395,0.6544516460190015,0.7327670665368027,0.5379728259210728,0.7039107939332818,0.42184971062060483,0.7341667370325033,0.30245324836586573,0.7221465539618537,0.18291182766635694,0.7326274287879777,0.06301865564406628,0.7376897703827332,0.47514647587549247,0.8731665506364636
69.284000,0.7538133292544749,0.7072864701160962,0.652539463067534,0.7362858177059425,0.5371640604956728,0.7032931445590003,0.42180072819849423,0.7363279982939683,0.30264829918610714,0.7220907703177066,0.18314899783074068,0.7330414312831158,0.06324838831754986,0.7379244465775128,0.47804042016260784,0.8826440175776575
69.334000,0.7520218281894095,0.7077032874130504,0.6512102558149664,0.7382710035727494,0.5366178145972651,0.7026539793319786,0.42178109930272284,0.7374753638587348,0.30280564015044514,0.7218279960447946,0.18333547074072454,0.733092037114174,0.06343069068178331,0.7378715474465143,0.4757894558528035,0.8880369896722639
69.384000,0.74953504021893,0.7081889549615062,0.6494314180860781,0.7410008954228487,0.5360329345665996,0.7017480746900332,0.4220026710324538,0.7391258621892052,0.3032991732444937,0.7215338295350819,0.18387614614818926,0.7332871524335368,0.06396742142563505,0.737966654053443,0.4772569271704674,0.8937195550573289
69.434000,0.7478937906305535,0.7084719616406018,0.6482620240805659,0.742689935477406,0.5356807667034685,0.7011512729159831,0.4221880083619469,0.7401306752206998,0.3036739982360251,0.7213043796776859,0.1842811799519899,0.7333607034206573,0.06436975405794432,0.7379704691475527,0.4728829133166924,0.8972480444449158
69.484000,0.7454668497378917,0.7088464731046605,0.6465318757092623,0.7450297509722901,0.5351653555775846,0.7003363712191251,0.42246633194524597,0.7415544506542173,0.3042364672021259,0.7210191375856627,0.18488855845413732,0.7335122027612637,0.0649739259442883,0.738037786704558,0.4742131868405019,0.9023467897818418
69.534000,0.7438943515623739,0.7090638231472483,0.6454105511051753,0.7464576696125297,0.5348424443125692,0.6998240576968862,0.42265736172680124,0.7424210909882363,0.3046163733603218,0.7208265299724466,0.1852969613261486,0.7335888930694268,0.06538031434059555,0.7380607803379369,0.47616529690094606,0.9093498394522346
69.584000,0.7416403728632006,0.7093443234078424,0.6438031868701363,0.7483986928053494,0.5343882435875207,0.6991201966182498,0.4229397296811356,0.743608720397515,0.3051736557612888,0.7205619888829341,0.18589486404928268,0.7336985732077835,0.06597561262646678,0.7381000659308838,0.4775185849893686,0.9136927699569947
69.634000,0.7399776152651596,0.7087278851211745,0.6425891581055161,0.7488881563068034,0.5338439990639555,0.6981487201160184,0.422906716313319,0.743897155017174,0.30528849751962317,0.7201073545186569,0.18604983982907464,0.7336033728998694,0.06613399602373415,0.7380967462915953,0.4794069476517584,0.9197358137880465
69.684000,0.7377908540845731,0.7078851842217305,0.6410517339387538,0.7495824801102033,0.5332086438917287,0.696952945410955,0.42301096352604983,0.7444552741642617,0.30558468331300925,0.7197354700819384,0.18641014701444136,0.7337864450519136,0.0665017710260013,0.7384748741893039,0.4799965877664386,0.921622340343717
69.734000,0.7363151397974699,0.7071680434872416,0.6399808268345116,0.7498005979990038,0.5326540187985522,0.6961260579506542,0.4229173669323702,0.7446839328709881,0.30559552638856047,0.7194731073189583,0.18646515442143663,0.733893733983895,0.06656320094572132,0.7387436363121802,0.45346324486589734,0.9080106901613737
69.784000,0.7343804100915635,0.7063675035662157,0.6385683949118529,0.7501558167143245,0.5319515682371934,0.6950844787078296,0.42280993452902443,0.7449653747654574,0.3056377619918373,0.7190678462556626,0.1865605210657737,0.7339208154347918,0.06666519360118328,0.7389318484778519,0.4538372845027929,0.9097348310643587
69.834000,0.7332881189146261,0.705933016341862,0.6377642094310847,0.7503463114191664,0.5315390409647056,0.6945232553913085,0.42272558073717426,0.7451160500691228,0.3056361012880971,0.7188471749058405,0.18658818440919167,0.7339333767735492,0.06669651075709615,0.7390310810509089,0.43915357187824594,0.9001760365745852
69.884000,0.7319708253631192,0.7054531523266935,0.6367898044014547,0.7505966028111652,0.5310670650795247,0.6938277522831933,0.4226441750191377,0.745252230024374,0.3056654286911733,0.7184945599550697,0.18664913332661381,0.7338282300211663,0.06676039316683424,0.7389944649075175,0.43980741128779305,0.9027227551568994
69.934000,0.731321850858648,0.7052194161419856,0.6363096859374017,0.7507171777803956,0.530811473990779,0.6935321511032535,0.4225809154047529,0.7453601955208923,0.3056490490137226,0.7183983962057461,0.1866504140772245,0.7338685249463235,0.06676400963219475,0.7390886810017279,0.42948390014731075,0.8937021033448118
69.984000,0.7307527334637377,0.70509445795179,0.6358927326650294,0.7509063304010754,0.5306487014002281,0.6932548440319984,0.4225912661868007,0.7454428760996044,0.30571915581350867,0.7182232174580544,0.18673168799485884,0.7337790042081411,0.06684536131107288,0.7390009458032767,0.4296998861439826,0.8954839046449427
70.034000,0.730596431967568,0.7050709449241533,0.6357761892705762,0.7509672770164448,0.5305751560700518,0.6932373661076173,0.422563165601469,0.7455193889740945,0.30569875074193065,0.7182667094812878,0.18671636998381957,0.7338613582150928,0.06683098440974744,0.7391048614100411,0.4246930312382319,0.8905563016248328
70.084000,0.7307155424824208,0.7051062246449183,0.6358624926464534,0.7509371681216113,0.5306340632729661,0.6932572093452808,0.42258456750246787,0.7454616771565452,0.3057165116330262,0.7182246157255278,0.18672919769347762,0.7337815794791986,0.06684272330094321,0.7390001288684294,0.4247985083409078,0.8924340413891884
70.134000,0.7310471004228599,0.7052158545923939,0.6361068572998045,0.7508635892017216,0.5307313388254911,0.693452787898753,0.4225825968675545,0.745451341848946,0.3056798003048825,0.7183637772515392,0.18668620683598158,0.7338726364409796,0.06679973970388131,0.7390913526224864,0.424867320835628,0.8936954039286065
70.184000,0.7319013179252527,0.705524229201494,0.6367372831593573,0.7507035175757384,0.5310650024613072,0.6938407961137187,0.4226613155766563,0.7453057421431629,0.3056966347803231,0.7184866547946005,0.18667955531247415,0.7338142376093717,0.06678996378804714,0.7389606775542101,0.4054021905124503,0.8632310601833426
70.234000,0.7327030063560591,0.7058160747200005,0.6373291015849193,0.7505506070098396,0.5313288934702066,0.694301554754396,0.4226861237157181,0.7452598571208694,0.3056467671555343,0.7187685563604813,0.18661217586962053,0.7339595430761426,0.06672157832267789,0.7390824933820662,0.40539468642742627,0.863327696756597
70.284000,0.7342342158522995,0.7063819245624012,0.638459472807417,0.7502517012538814,0.5319107130942626,0.6950487864432653,0.4228113155263329,0.7450219937679387,0.3056556300452009,0.7190499826897434,0.18658055796835382,0.7339203293532772,0.06668501999461784,0.7389263231595433,0.40164454343534467,0.8549024475283326
70.334000,0.7354330888975135,0.7068886826363545,0.6393325295355745,0.750044134534078,0.5323005473835231,0.6957840682586658,0.4228304700998162,0.744939964836073,0.3055677611821104,0.7194555166957745,0.18646328894484787,0.7340885167478095,0.06656521204521848,0.739033327620367,0.3985124638549009,0.8458552054252662
70.384000,0.7373115424412677,0.7077916171984545,0.6406739462350404,0.7497315771755482,0.532899340528224,0.6969619425259893,0.42281689306750164,0.7447307057991438,0.3053963146072755,0.7199838322931834,0.18623826999961324,0.7341739839542565,0.06633383373067081,0.7389621112477609,0.3986307331517089,0.8448915175444867
70.434000,0.7387100408527558,0.7085467556967879,0.6416461588050295,0.7494852551407045,0.5332520292453956,0.6980001827700728,0.42268409292390463,0.7446341988699832,0.3051282939376277,0.7205378480114402,0.185930601227834,0.734391008396767,0.0660223168248757,0.7390817792864197,0.3988761165873184,0.8428805765315102
70.484000,0.7411595818925192,0.7100507497235717,0.6434174516713939,0.7493423972897157,0.5341415744322262,0.6997562837738304,0.4228010083138698,0.7445142812317578,0.3050652203336811,0.7213133280469417,0.18579510728248594,0.7345284758991286,0.06587667226643057,0.7389521557361103,0.3913599414037957,0.807054712665666
70.534000,0.742898055165903,0.7111930461913561,0.6446652427702912,0.7492413287359432,0.5346975178902144,0.7012090532880783,0.4227979921801145,0.7445506746912348,0.304914275248446,0.7221134448627955,0.18559668891802328,0.7348928655179792,0.06567298832930768,0.7391714210111391,0.39180511354886755,0.8048927701603058
70.584000,0.7457673767760453,0.7131343550036664,0.6467321786178006,0.7490423832726284,0.5357380416394608,0.7034320603573794,0.4229244839846634,0.7443356202179533,0.3048343927420174,0.7230112128333748,0.18542997155888263,0.7349520755292005,0.06549374183257017,0.7388636991099109,0.39129514061701154,0.7851682968031592
70.634000,0.7477204192917973,0.7145994862785656,0.648137724631375,0.748959983912484,0.5363958684604089,0.7052134688573757,0.4229586362873291,0.7443541683517716,0.3047123093278497,0.7239138610988994,0.18525295457187074,0.7352920226940393,0.06530997740836664,0.738990972430808,0.3920862873826203,0.7822495245631632
70.684000,0.750671589909498,0.7169779898620754,0.6502607191473995,0.748839755338517,0.5374587137146307,0.7079043482136993,0.4230774984219496,0.7441939829040314,0.3046191924832925,0.7250203095769411,0.18507069298114032,0.7354201300892843,0.06511506311528747,0.7386830831773843,0.3930607690845029,0.771683525266005
70.734000,0.7526096893226827,0.718162845086816,0.6516773113155705,0.7483289632130826,0.5380956169722579,0.7096094757413283,0.42312081241416455,0.743972163598896,0.30449185100848464,0.7258843357641588,0.1848971191849058,0.7357382750786469,0.06493747995792576,0.7388503413536978,0.39459948615098517,0.7665699303138719
70.784000,0.7555643776627371,0.72013394823718,0.6538613983068723,0.7475905051552899,0.5392011549112324,0.7121923613557538,0.42334863900829084,0.7434684633980264,0.30449271350706075,0.7269376142593389,0.18482336188847392,0.7358396524072601,0.06485525824197858,0.7386062581731297,0.3974456182748455,0.7486299321800806
70.834000,0.7574778896447202,0.7213196004725562,0.6552878315561376,0.7469037474856226,0.5398877474193581,0.7139975082410064,0.4234803883366061,0.743140719309435,0.3044620182307293,0.7278231614968979,0.1847504760557055,0.7361386091744131,0.06477897740887562,0.7387538553260613,0.4001475691119951,0.7382578842775367
70.884000,0.7601839141431905,0.723205943191482,0.6573010371988111,0.7458437362903216,0.540902270249076,0.7166662269281266,0.423705705914653,0.7424531481907931,0.3044746105878857,0.72889048225893,0.18469856958046016,0.7362185106832377,0.06472042643982401,0.738508743973753,0.4042014147580405,0.7258753515428514
70.934000,0.7618605742739378,0.7245595424001477,0.6585469578402364,0.7451423613762017,0.5415034179149856,0.7186695496297002,0.4238161924943732,0.7421155934920955,0.30444521263698066,0.7298449305969668,0.1846311314581185,0.7365222018408936,0.06464965952523039,0.738630848994288,0.40880547927119526,0.7133796775787946
70.984000,0.7641358831584844,0.7266842097782351,0.6602365370843739,0.7440704691289471,0.5423561210619687,0.7216159034821944,0.42400168517334796,0.7414206379031838,0.3044540439559323,0.7310109559026621,0.18458490846208142,0.736613665600367,0.06459756015913776,0.7383561486642907,0.41591227695793526,0.6964445585465517
71.034000,0.7654567256990458,0.7281522595190749,0.661213406784931,0.7433406484109667,0.5428202582594326,0.7237686688938331,0.42407400177575405,0.7410697258301071,0.3044157669926748,0.7320194855792944,0.18451611916502153,0.7369260577844746,0.06452603065091034,0.7384683477623253,0.4183004792445107,0.6913018663169094
71.084000,0.7668395840529155,0.7314112947193722,0.6621444795336922,0.7430864854247851,0.5431724036624151,0.727413414160361,0.4239116077886089,0.7407123828241844,0.3041397688007032,0.7333159927970168,0.1841924563971694,0.736871586579463,0.06419595054359606,0.7377873283064404,0.42073305557071317,0.6860105310081019
71.134000,0.7676169051409242,0.7337667037043961,0.6626750047686228,0.7429766786328221,0.5433593425071089,0.7301793066190718,0.4238173822759369,0.7406540255958637,0.30397477878993145,0.7345098911725418,0.1840039687408933,0.7371565372940373,0.06400512970492511,0.7376843914221535,0.42860453786479286,0.67051836714746
71.184000,0.7684062069007842,0.7368936375880666,0.6632049687677294,0.7423761197876333,0.5435102334171024,0.733822154079065,0.4236728300095551,0.7400668914263671,0.30375059615161937,0.7357474207964652,0.18375727434052158,0.7370134068699874,0.06375730108366195,0.7369332922462668,0.4312869951027183,0.6650498973039416
71.234000,0.768787217722329,0.7392428689019396,0.6634864902171348,0.7422620121247357,0.5436225995892685,0.7365481934759796,0.4236718779302157,0.7399868521494246,0.3037117620839575,0.7368932125207225,0.18371230033068153,0.7372526272172646,0.06371323135057361,0.7367799286798657,0.4389749737852766,0.6514988542517282
71.284000,0.7691036449638033,0.7424895801133073,0.6637626337453332,0.7416960205795001,0.5437713431156761,0.7402502775078594,0.42377475186477087,0.7393457952453658,0.30378168759700647,0.7380556295071109,0.18378660722056872,0.7369690359988218,0.06379198037317568,0.7358334622430307,0.4431568066341274,0.6445094783918546
71.334000,0.7690426203261094,0.7451616558133263,0.6637541431183308,0.7417418649612174,0.5437624639578187,0.7431549934906547,0.4238257284036601,0.739258910250806,0.3038257757893423,0.7391522680383134,0.18384433626967978,0.7370417773869282,0.06385537413906894,0.735414212697328,0.44868481302436913,0.635000763362337
71.384000,0.7685316097419335,0.7493375492836384,0.6634453942845416,0.7419723811088772,0.5435709459743466,0.7474602442928834,0.4238646310659906,0.7390698824972575,0.30387418282085804,0.7405839267278425,0.18393201853158714,0.7368587118876566,0.06395729500572644,0.7343958446778076,0.4526084324595052,0.6286137478462912
71.434000,0.7681195406296247,0.7502604273660934,0.6631994908027815,0.7408363202299284,0.543513715274478,0.7495147487426321,0.423997113282891,0.7387545517794183,0.3040375252591837,0.741868590596999,0.1841120127956053,0.7376411256654783,0.0641372029826417,0.7351824653955393,0.4546149621114184,0.6256537057115933
71.484000,0.7671173280762775,0.7524695132054968,0.6625757446126486,0.7394933687696691,0.5432881120253447,0.7525494291043335,0.424202289342665,0.7377654230208357,0.3043103441140507,0.7428567361352487,0.18443341312798345,0.7374233746196777,0.06446840766854278,0.7345255366124956,0.4609233156078911,0.615006318235134
71.534000,0.766438457810036,0.7532207223934282,0.6621881006990664,0.738080753987888,0.5432836090651819,0.7542585742763694,0.4245294773481139,0.7370116557074028,0.30471235957120385,0.7436342147017628,0.18486364982143344,0.7376103644948553,0.06490058476771843,0.7346332815403313,0.46578617544640943,0.6075784579585921
71.584000,0.7648791272796985,0.7548349722466132,0.6611543946047699,0.736435610604185,0.5429199854791926,0.7569447426854085,0.4247646168883888,0.7359850462856261,0.3050781978665487,0.7446545965466462,0.18528509918938918,0.737610910769702,0.06532933282159248,0.7343529796601551,0.46833977311275876,0.6033541251706833
71.634000,0.7636598725946683,0.7559705557507245,0.6603341009011324,0.7354488120373848,0.5426283717228118,0.7588017844092149,0.42492747559915856,0.7354244652368009,0.30534699491767797,0.7454498649787534,0.1855944121417319,0.737747987383635,0.06564346166030033,0.7343173200139778,0.4713191968278764,0.5966033777023171
71.684000,0.761603464175759,0.7575989437012131,0.6589351808266676,0.7340069740081254,0.5421011722736703,0.7613897139265099,0.42514924436541973,0.7345150686536264,0.30574431214869574,0.7464508200886841,0.18605909690669598,0.7377646671729142,0.06611668034638452,0.7340475836827602,0.4726507342356767,0.592594519662504
71.734000,0.7601030446167929,0.7586319412473952,0.6579061216271318,0.7330752097897804,0.5417202323258126,0.763089191985774,0.42530524539163417,0.7339764659520442,0.3060338633126881,0.7471801554734626,0.18639479705883122,0.7378799497819049,0.066457448412091,0.7340027859228067,0.4747296292858284,0.5861276163814337
71.784000,0.7574450722691558,0.7599712448332476,0.6559653703039006,0.7317006097665001,0.5408323729878122,0.7655294869133034,0.4252343931322547,0.733325340389694,0.3061881268408305,0.7484245616302503,0.18661293513258692,0.7383362749602193,0.06668019620835897,0.7343190453012377,0.4736431945171833,0.5854507209809648
71.834000,0.7556057227817428,0.7603158714644551,0.6545901915132954,0.730429065252703,0.540201577313016,0.7666953711210931,0.42513234190042415,0.7326502384063942,0.30625259336123695,0.7490088871054645,0.18671289814898806,0.738508350520955,0.06678042498709658,0.7344831944653267,0.47574330955763366,0.5778185477778679
71.884000,0.7529398371174775,0.7608945499229132,0.6526398163530632,0.7286937148971064,0.5393907894879886,0.7683756741238118,0.425136979970014,0.7316868883947447,0.3065125966278166,0.7498047157867256,0.1870291810936443,0.7386820626891542,0.0670982516909866,0.7346111693504501,0.473625030334677,0.5779171173649735
71.934000,0.751202524543942,0.7611111513790283,0.6513479086605978,0.72755395064157,0.5389790096280825,0.7696636944692457,0.4252318456311632,0.7314330435075975,0.3068233764750089,0.7509121202723883,0.18735945010964117,0.7395820586868498,0.06742274369999801,0.7356850784635482,0.4733570873641752,0.573674140086108
71.984000,0.7481799183482045,0.7615345218363556,0.6490545429089565,0.7258786772789514,0.5378914145848717,0.7710755676517473,0.42497512582134594,0.7304564621841757,0.3068441354749256,0.7515531235205555,0.18743470841113719,0.7396624243057282,0.06749904706500509,0.735733412051151,0.4717989099913088,0.5703341199166487
72.034000,0.746198539926119,0.7618542243761542,0.6475507636766764,0.7248966512908874,0.5371649398065008,0.771960117883953,0.424792746955904,0.7298591645359446,0.3068400057514996,0.751930658419885,0.1874675432537457,0.7396744274724605,0.06753320012095254,0.7357053800752078,0.4737193233078356,0.5640220691828797
72.084000,0.743521682497475,0.7624664515195736,0.6455667790192758,0.7237090312908319,0.5362881886597295,0.7732891653046281,0.42470529677010793,0.7291387605811117,0.30700507678622463,0.75251948374609,0.18768817868368837,0.7397336389503256,0.06775660574302844,0.7356817490254315,0.47490821336968086,0.5602629269379125
72.134000,0.741893341332012,0.7627830261391736,0.6443532411542308,0.7229942468585946,0.5357922493559174,0.7741265366282899,0.42468194407448456,0.7287999433469085,0.3071517850560855,0.7530210440743644,0.18786351636174847,0.7399707968814289,0.06793178300593927,0.7359236578588589,0.4620368020414409,0.5672110772128449
72.184000,0.739975794091484,0.7629336577938963,0.6430107263713591,0.7217616673921143,0.5354514469616863,0.7749688230468914,0.4249961168551568,0.7280687158928831,0.30770479345388324,0.7534211409204377,0.1884557652578177,0.7400170641415628,0.06852374831055597,0.7359783377381359,0.4631644109914109,0.5615829472563328
72.234000,0.7387636532021415,0.7628108196967371,0.6421263149966214,0.7208753501288314,0.5351836556213715,0.7753112537747643,0.42510163474405543,0.7275415072863627,0.3079623958383171,0.7535875954491625,0.18873197436613165,0.7400190068871557,0.06879843601867819,0.7360257150796428,0.45385544932515187,0.5652386430355042
72.284000,0.737136355465968,0.7626259488982163,0.6409296325287739,0.719711781133532,0.5348170669769846,0.7757485853965979,0.4252255471511319,0.7268640399628964,0.30829352369522167,0.753825158087085,0.18908606749940937,0.7400562660719836,0.06915012048045788,0.7361359838541854,0.4439619710039741,0.5709723912720308
72.334000,0.7362175972243981,0.7625287138321413,0.6402532100637318,0.7190753378419386,0.5345920801218335,0.7759587767270937,0.42527659396243933,0.7264600445641869,0.30845607307660433,0.753900268687947,0.18926291931132944,0.7400081091910381,0.06932617943004715,0.7361121591593238,0.44450376037091754,0.5680946674032601
72.384000,0.7351121201418447,0.7624162723183715,0.6394386240528303,0.7183261184414984,0.5343485483815137,0.7762577677827426,0.4253643973593629,0.7260337214903451,0.30868803211604307,0.7540805714669008,0.18950972115633513,0.7400616486555305,0.06957126025053162,0.7362190459507225,0.4395467103836734,0.5712132898822695
72.434000,0.734567437109783,0.7623630049273603,0.6390370140182196,0.7179637054988038,0.5342049912015754,0.7763610255757603,0.4253837999897116,0.725784861790526,0.30877055816013727,0.7540930201551599,0.18960143018047249,0.7399962497248005,0.06966280034584182,0.7361589233910906,0.4346434691776029,0.5735179091936309
72.484000,0.734078260996707,0.7622954745137221,0.6386811064690564,0.7176126611031246,0.5341285359880004,0.7765088409389664,0.4254592751297951,0.7256070556916123,0.3089183944770619,0.7542116555798266,0.18975469080124951,0.7400691053793557,0.06981483483964523,0.7362702961057381,0.42464374392451343,0.5833948740785291
72.534000,0.7339424548910461,0.7622972344143906,0.6385825153645094,0.7175334940311459,0.5340763236519516,0.776511929863851,0.42544933508859406,0.725519995644307,0.30891772170708665,0.7541623259014841,0.18975806618348134,0.7399857079870641,0.06981873946403527,0.7361702255687901,0.4246846923108705,0.5825101687228539
72.584000,0.7340290818262825,0.7623081525471157,0.6386409496458223,0.717604183886537,0.5341017450797675,0.7765240846725414,0.42544258544175756,0.7256007400579834,0.30890469433877404,0.7542175172568534,0.1897417729518962,0.7400683771224081,0.0698019811129359,0.7362675438418473,0.4247824186515896,0.5803313913706669
72.634000,0.7342555653865945,0.7623350776408645,0.6387939502722743,0.7177881617012418,0.5340893987664274,0.7764137268919987,0.42534650936110363,0.725669426682307,0.30876478876456237,0.7541071203782217,0.18959979307706465,0.7399754607871321,0.06966098940309984,0.7361435717937022,0.4151184693448072,0.5934122003898779
72.684000,0.7348428346481308,0.7624067403406194,0.6391907081054544,0.7182703150001511,0.5341464648889607,0.7762850283672645,0.4251865299300911,0.726008467488892,0.30852207696235107,0.7541048269280809,0.18934451968998045,0.7400794983190685,0.06940582375059501,0.7362442386981772,0.40684427070269336,0.6081078048529942
72.734000,0.7353942723437343,0.7624755325946571,0.6395632326944438,0.7187289046925782,0.5341501565788296,0.7760707165216589,0.42498639972994773,0.7262382553077322,0.3082271502676216,0.7539380326532927,0.18904188110434295,0.7399783903055538,0.06910473092531522,0.7360950918450538,0.40684318407069026,0.6080119219669518
72.784000,0.7364489245841805,0.7626104886291161,0.6402755560074547,0.7196216431524112,0.5342382464144759,0.7758007226596668,0.4246845112071014,0.7268315578504482,0.307772281898351,0.7538783809181959,0.18856566746572168,0.7401022030915829,0.06862921239152153,0.736197495133958,0.400057446853869,0.62487902179791
72.834000,0.737377066151925,0.7627279670196103,0.6409295844477125,0.7203565377291428,0.5343409418587324,0.7754824052003849,0.42447600574461863,0.7272154826570464,0.30742372290352704,0.7536496097771003,0.18820454983919133,0.7399825409179948,0.06827032984950554,0.7360097745991947,0.4000578509359123,0.6256277738804709
72.884000,0.7391128085817128,0.763054862504714,0.6422251763998799,0.7217009861276162,0.5348282130879355,0.7752350152247397,0.4244608151304869,0.7281283546754943,0.30721098683977627,0.7536719990082522,0.18796488563821934,0.7402419078608298,0.06803195575364618,0.7362303833000121,0.4000587994315504,0.6267192790988715
72.934000,0.7406013193647284,0.7633340798851783,0.6433472200214689,0.7228495383473745,0.5352335255077014,0.7749209226057536,0.4244486599396683,0.7288046178852665,0.3070198657579392,0.7535124768986476,0.18775537785300633,0.7402466589904269,0.06782516633722369,0.7361546709919564,0.39530092269678596,0.6455563538307603
72.984000,0.7425958254877486,0.7638927032039169,0.6447777520973242,0.7247904821104646,0.5356031940456478,0.7745992752520477,0.42417588230213527,0.7300576744993356,0.3064869954786713,0.7534953774212061,0.18719101429000096,0.7405158214876464,0.0672640396054609,0.7363300428248774,0.3936701598024194,0.6559967699586805
73.034000,0.7440018592140355,0.7641561043040747,0.6457995407547901,0.7260291663379602,0.535845446411426,0.7740926362202996,0.42398042676412684,0.7306620320418016,0.3060961430739961,0.7530962839541064,0.186784093175424,0.7402652766280757,0.06686182941725205,0.7359466362036606,0.3941955557522837,0.6595890279994794
73.084000,0.746928560295824,0.764654225941914,0.6480491108772397,0.7283194788860132,0.5368949223460713,0.7735383507425438,0.42425856143551227,0.7321493401138006,0.3060893715081716,0.7530309720403541,0.18673420736020752,0.7406074141275605,0.06681446167149752,0.7362194084353202,0.3927290829195176,0.6786268419392549
73.134000,0.7489176825348078,0.7650075780524541,0.6495781984569308,0.7299501044328707,0.5375553935608471,0.772972089315182,0.42439499488302684,0.7330380916305447,0.30601581919253834,0.7526944077360722,0.18663690026045487,0.740501224615697,0.06672174518065976,0.7359895085132944,0.3932077748498668,0.6897998328144834
73.184000,0.7516754892184381,0.7655840622729922,0.6516327763704542,0.7325744390165847,0.5383819529594859,0.772251270925598,0.4244221591564751,0.7346591795280815,0.3057563063872776,0.7525033770806465,0.18633314436262882,0.7407514260952087,0.06642200354382832,0.7361342521759923,0.39419505371053926,0.6952890305151462
73.234000,0.7531913243030889,0.7657860021449583,0.6526920820416893,0.7342061460872055,0.538670775215015,0.7716112472035863,0.4241893210333649,0.7356390822924959,0.3053475335590247,0.752271266451642,0.18589322694210553,0.7408402284125044,0.06598403617630577,0.7361726841031253,0.39640530697965193,0.7160972681518204
73.284000,0.7554757621726104,0.7659672270584016,0.6541954657028469,0.7369893388418879,0.5390784905518629,0.7708726980572124,0.4237072706744205,0.7378654015352819,0.3046360790112402,0.7527667879080611,0.18510702214151065,0.7421458386187172,0.0651903396988982,0.737674902256541,0.3978166757757972,0.7207134289218788
73.334000,0.756787061368546,0.7662114132342878,0.6550408333949658,0.7389153990991558,0.539239383984305,0.7703800509229024,0.42333746516073983,0.7392875242805009,0.3041203555060262,0.7529725805673463,0.18455036428064941,0.7428228417352936,0.06463132198194232,0.7384156550865157,0.4022798153690619,0.7410989095973861
73.384000,0.758526659730247,0.7666356003892066,0.6560933138750248,0.7420416465192454,0.539239353654169,0.7693391185759556,0.4225549295469814,0.7413258151297608,0.30311102315606464,0.7528650190038372,0.18348681744652984,0.7433755823480295,0.06356840516456286,0.738951286296686,0.40373850450222604,0.7463364669227914
73.434000,0.7599882222928938,0.7671962553783306,0.6571455339017997,0.7443820044629176,0.5396309265000516,0.7686784454238702,0.42247992468660284,0.7426853161684609,0.30289283185221566,0.7526315328812512,0.18324205158992257,0.7434832662818243,0.0633283390202175,0.7389333720552465,0.4091362447932698,0.7662050464938153
73.484000,0.7617390068176552,0.7679139128797879,0.6582895306897416,0.7480200158971224,0.539939570490574,0.7678514782386122,0.4220965272264778,0.7452015963282707,0.3023430503489698,0.7528895588465814,0.18263829917084728,0.7444769168550063,0.06272404967192557,0.7399411957172004,0.41175302376146816,0.7743264894688986
73.534000,0.7627541286948221,0.7679762247747206,0.6589258468353374,0.7501488538368308,0.5400990225205009,0.7668876049031121,0.4218254331633673,0.7466056422909558,0.30198294347885457,0.7527519957948015,0.1822412531032669,0.7448825880690506,0.062325454770664646,0.7403880015901567,0.4167326925971253,0.7907642792676259
73.584000,0.7642753510328186,0.7687076179506528,0.659975270140446,0.7539163259434738,0.5405759695272125,0.7659082821034707,0.4217645652128795,0.749060427509322,0.30182259115465454,0.752791762191645,0.18203713363822027,0.7456193032610957,0.06212331041418595,0.7410723263183869,0.41934631642892817,0.7980500914854971
73.634000,0.76507042334047,0.7693722985963002,0.6605071047085476,0.7565825385208088,0.5408149530735183,0.7651725801841991,0.42170517668218915,0.7505828180109511,0.3017209750323965,0.7525299564851817,0.18191437435809876,0.7457197850642517,0.06200650960985121,0.7410182989828952,0.4254811926773212,0.81471512385924
73.684000,0.7657928610092462,0.7702309047826896,0.6609006160554299,0.7604732892911008,0.5409564350564887,0.7641329932129979,0.4214697830707908,0.7530451623941681,0.3014711259778766,0.7524774541538438,0.1816280304401825,0.7463429246825567,0.06172382409262889,0.7415490431519511,0.42749556631896357,0.8214954007101543
73.734000,0.766118047569904,0.7711506616838406,0.6610577786894156,0.7634234427479061,0.5410578915080286,0.763587991989689,0.4213810342100799,0.754787433639552,0.30140513970040167,0.7523822857024979,0.18154479666895418,0.746594525481453,0.0616478865730794,0.7416215033162712,0.434291879700671,0.8370350586769852
73.784000,0.7663546257345376,0.7720450000479526,0.6611137363181583,0.7673849899179069,0.5412135766202595,0.76249094206179,0.4213309928689793,0.7571837664365757,0.3014357453223849,0.7521708216193634,0.18154708884145432,0.7470026452294741,0.06165682894745317,0.7418717990469712,0.4381447317242393,0.8459200180143576
73.834000,0.7661918814898833,0.7724693081968985,0.6608795663579412,0.7698730896038133,0.5411711458771397,0.7615128225203353,0.4212079273046934,0.7585419321904799,0.3014018267680548,0.751722967887612,0.18149726552849643,0.7469379711379369,0.06161327760451696,0.7416626095933025,0.44274865008833997,0.857836271639245
73.884000,0.7655931503865131,0.7739887898640665,0.6602465256157524,0.7743725593337953,0.5410106873830354,0.7608516548901694,0.4210112951500914,0.7612335185508838,0.301391998215043,0.7516824035263647,0.18146919376406678,0.7473788044457921,0.06159850343968931,0.7418094599370325,0.44755290693802807,0.8697512515114982
73.934000,0.7649955572333176,0.7746953375540236,0.659677870787009,0.7770703379853326,0.5408759364228855,0.7601558356101777,0.4209063235077896,0.7628562015388283,0.3014416454287126,0.7515340687300663,0.18150555835798265,0.7476180735745936,0.061641163246257014,0.7419148477791089,0.44863893036795205,0.8732980813799708
73.984000,0.7636862348340708,0.776767173301023,0.6584677469599176,0.7819277924235444,0.5405122179023811,0.7598712025745873,0.42065576080693523,0.7657388842964337,0.3014891608706259,0.7516207591699519,0.18154215905331683,0.7480547032304012,0.06169804444446525,0.7419401146433258,0.4532484957523124,0.8868660192759023
74.034000,0.7626035006526686,0.7780609125362201,0.6574907083389806,0.7850395055057778,0.5402276842450171,0.7595565076379712,0.4204913175230067,0.7675065066352592,0.30156286322898745,0.7515057954259512,0.18160985461901125,0.7481478607439374,0.061781360646134154,0.7417344348169191,0.4542590021696353,0.8901487832274684
74.084000,0.7608623545618576,0.7792427056738735,0.6572340627323683,0.7856888882287065,0.540153963741607,0.7593782360074938,0.4204551343937299,0.7678747207330633,0.3015872555876615,0.751430044143715,0.18163207941037096,0.7481504544987105,0.061806186687707765,0.7416886100881614,0.4570683167583092,0.9003565858011898
74.134000,0.7593447249103983,0.7803628745225475,0.6556452668901164,0.7897694232123309,0.5397419993965031,0.7586819244543523,0.4203105173465405,0.7703490187642471,0.3018268356045384,0.7513327846486106,0.1818600504584299,0.7485095841529905,0.062049564573024685,0.7417681101486552,0.45897092056137334,0.9069775024523241
74.184000,0.7569090731236507,0.7818392624813217,0.6539834713835689,0.7933848639438995,0.5391897359808484,0.7584220506669211,0.42002377498621746,0.772545567942006,0.3019032297311505,0.7513905026235794,0.18193010794186215,0.7488508081277676,0.0621372933644998,0.741802292281774,0.45744559366616155,0.9108479678247328
74.234000,0.755162790119734,0.7833027092157191,0.6521501832207282,0.7967036471327674,0.5385821199119192,0.7579441967234858,0.4197285707850887,0.774492122862219,0.30200548955841433,0.7512267806882897,0.1820267668860993,0.7489671112791627,0.06225224729658274,0.7416142576107281,0.4584540438918231,0.9223741346401632
74.284000,0.7526099096695872,0.7836900394056301,0.6502663211751717,0.8002553573125948,0.537994299141916,0.7578880005358604,0.41947288639424324,0.7766676332777047,0.30217283980849874,0.7513555998045514,0.18219038627947282,0.7493035676255573,0.06243756583346238,0.7416053863864549,0.45819373829723503,0.9297343272377929
74.334000,0.7510048764532746,0.7840396845394433,0.64847717728548,0.8022581041342445,0.5373648149296681,0.75693655381073,0.41924777785350936,0.7781111978188582,0.3022888135799797,0.7512671915272464,0.18229828707860085,0.7497593620129364,0.06254323296122088,0.7420960067869518,0.45916558704188504,0.9358420232633149
74.384000,0.748510599552256,0.7841457531214782,0.6467521360964309,0.8047187133237017,0.5369906575504404,0.7562169835470431,0.41929605943352644,0.779625989273562,0.3027564294584191,0.7510162944687375,0.18276204737071133,0.7498551460298783,0.06301824223204489,0.7420179825869148,0.45500304699957467,0.9399121270999954
74.434000,0.7466175380116183,0.7840237101594795,0.6450872559617448,0.8067049141262899,0.5366375105086949,0.7553370965601715,0.41939189792482434,0.7809000836147239,0.3032489815011981,0.7507202400431929,0.1832513967151913,0.749958896668619,0.06351329109374859,0.7420351310213655,0.4552338352040178,0.942850299351683
74.484000,0.7441551340506278,0.7830174033571425,0.643261674194609,0.8078996683215379,0.5359985345237637,0.7540980060687527,0.4192470631720831,0.781830548911926,0.3034366680254849,0.7503988392165155,0.18343682740299372,0.750203262468863,0.06369103331703396,0.7423965474933285,0.44947149396373526,0.9419207753219766
74.534000,0.7425831731280617,0.7826543646874323,0.6416909101848668,0.8091599842245139,0.5356331164433863,0.7530195855108892,0.4193801700866473,0.7827727776263897,0.3039121157315042,0.7501058460247558,0.18391249196521242,0.7504063339888923,0.0641623161587439,0.7426671225588568,0.4507690200125811,0.9494801043870522
74.584000,0.7402359264201742,0.7821645582404471,0.6402010276082403,0.8099484532880425,0.5352844297518673,0.7517032175764267,0.4195293208045946,0.7833379253552604,0.30438003003728653,0.7495645507198619,0.18438260833567788,0.7503511779277123,0.06462656460248772,0.7427033031569936,0.44383637572346235,0.9509649523394239
74.634000,0.7385892465244617,0.7810550260781973,0.6386186117922459,0.8111717013813682,0.5348647238043124,0.7508796561392238,0.4195945248635092,0.7842380318578372,0.3047791973794657,0.7493461907936588,0.18478502868917157,0.750529186963375,0.06502773850236032,0.7429008550951179,0.44460791132143834,0.9546804243564037
74.684000,0.7362314990064884,0.7798357450289106,0.6370063278950607,0.8113871598435101,0.5341605319528355,0.7495588309237549,0.4193957749424061,0.784616648145264,0.30480548693271126,0.7489926970188805,0.1848183829354536,0.7507519225164441,0.06504528572758761,0.7433759354479157,0.4362051881042576,0.9478792582507303
74.734000,0.7347303885155305,0.7790712757577521,0.6355071878215865,0.8117167578069342,0.5335320124840796,0.7484627965484953,0.41923173510637646,0.7850065592362621,0.3048652267706981,0.7486706022362731,0.18488595604168767,0.7509009823237864,0.06510206044934086,0.7437024854861282,0.43713665205468943,0.9532093452967152
74.784000,0.7327924036013223,0.7782786499179662,0.6340678971084633,0.8119891642114314,0.532898168259998,0.7474547860496485,0.4190124687252925,0.7852707541251953,0.3048587538347312,0.7482717085066335,0.18488712782403638,0.7508811054388791,0.06509609779238745,0.7438023256035884,0.428719370226508,0.9496451975054829
74.834000,0.7317056310629434,0.7778337416283059,0.6328435118190321,0.8122789765707986,0.532394714201105,0.7466280888607859,0.41886212673964807,0.7854913309322683,0.30490485669256967,0.7478915888664339,0.18493979889168444,0.7507872592258256,0.06514494909207502,0.7437734185169856,0.42401072278819896,0.946348766800739
74.884000,0.7304022351269804,0.7773079717897446,0.6318210991558522,0.8125093121605005,0.531949340139994,0.7459838903198364,0.41871417812528094,0.785705396881165,0.30491063694861653,0.7476428954440386,0.18495188076840496,0.7507888159288136,0.06515281510494897,0.743847355984179,0.41933300125994144,0.9427189033447114
74.934000,0.7297613072684543,0.7770522652206246,0.6310280595317272,0.8126830985277285,0.5316196810576214,0.7454672202760169,0.4186160085423384,0.7858425840274265,0.3049383076520244,0.7474058786497242,0.1849844212645868,0.7507323092516933,0.06518293752568927,0.7438327082517326,0.4144882581436564,0.9394145492984527
74.984000,0.7291491106478688,0.7767703579687759,0.6304561012827442,0.8128057244933282,0.5313681252671804,0.7451184065590281,0.41853196402147186,0.7859595710298464,0.3049394298476831,0.7472718962486365,0.18498941189528206,0.7507350152501516,0.06518563892320206,0.7438752789830422,0.4144548902045759,0.9413030110274054
75.034000,0.7289879582766978,0.7765677092956775,0.630138120217124,0.8128288848242203,0.5312135155764274,0.7449030240716802,0.41848777290841643,0.7860479742819946,0.30493196236248554,0.7472526410780767,0.1849853850922345,0.750832948485053,0.06517810766777599,0.7440346931534303,0.4144247826643957,0.9429051737010613
75.084000,0.7291062680027167,0.7766298377477266,0.6300550168474494,0.8127738351662926,0.5311636750108449,0.7447995568710739,0.41847583505205693,0.7860482020054609,0.3049233460309102,0.747243147732823,0.18497837700606867,0.7508769344120001,0.06516894494411674,0.7441167577136802,0.4143734234483992,0.9452737711035333
75.134000,0.7294266328294446,0.7767771450616784,0.6302070430076374,0.8127591277804859,0.5312235359242333,0.7449191298038519,0.41848759604567887,0.7860361318796227,0.3049105080537404,0.7473031345353497,0.18496438763054823,0.7508987145198681,0.06515555657108829,0.744127894764049,0.41435478616262456,0.9460448669483893
75.184000,0.7302595512465697,0.777156220895814,0.6305888928062111,0.8126969639685421,0.5313875445458589,0.7451759116712905,0.4185359106985852,0.7859743030366463,0.30490129210738237,0.7474104150372259,0.18495236228403655,0.7509110198755496,0.06514517496531758,0.7441111767319677,0.39275918781301383,0.9092506389109242
75.234000,0.7310408141540915,0.7775226368692213,0.6312093408855523,0.8125981967637198,0.5316415080018445,0.7456187472673123,0.41860164971777686,0.7858926897005739,0.30486868228695435,0.7476198256925144,0.18491547634061634,0.7509707036663298,0.06511054297219054,0.7441312635878516,0.38953311161987514,0.9013590144121135
75.284000,0.7325294979102306,0.7782519208410819,0.632039537509684,0.8124730670061986,0.5320002690029701,0.7461998087745306,0.41870841274146214,0.7857593247576867,0.3048519463063983,0.747855432465191,0.18489287420137823,0.7509892830842523,0.06509200973200058,0.7440789377680044,0.38668797576427394,0.8927050781904968
75.334000,0.7336852766640968,0.7788207766069309,0.6330859591394679,0.812315530289077,0.5324279054729728,0.746985933381758,0.4188197029540342,0.7856275731038975,0.3047977533103007,0.7482244315320743,0.18483206079696757,0.7510936857551075,0.06503546911419233,0.7441096596103661,0.3845052849391357,0.8834618033806843
75.384000,0.735574472041576,0.7800623592287588,0.6342462458277747,0.8121098946907209,0.5328803548846258,0.7478840731444716,0.41890673859993033,0.7854342368056669,0.30469727936145224,0.7486076238681255,0.18472430377927718,0.751154215700061,0.06493350713387214,0.744071487478589,0.38295274968961357,0.8733127272764296
75.434000,0.7370036650564845,0.7809932303947245,0.6354971430931048,0.8120866986900915,0.5333116030255971,0.7491731437030164,0.4189056011601865,0.7853845609242693,0.3044828384610398,0.7492261403794671,0.1845018065670806,0.7513596786755268,0.0647196284103363,0.7441326602013614,0.3831310113748776,0.8726480890196392
75.484000,0.7392423452980349,0.7825930459681967,0.6368674707811116,0.8119584849452488,0.5338319706571992,0.7504468135794412,0.4189848558940155,0.7852338834556474,0.3043403785789483,0.7497847110935876,0.18435235819725415,0.75148028323365,0.06457951614639212,0.7441001540302297,0.38149279282521986,0.8532674493905005
75.534000,0.7409134937227995,0.7839214088170775,0.6383824016057013,0.8119280488337763,0.5343343717363702,0.7521450455610169,0.4189730238379974,0.785186828368102,0.3040633633665895,0.7506069219144146,0.18406899048330605,0.7517690218875419,0.06430772757394043,0.7442033159486532,0.38161740977938663,0.8413258214159325
75.584000,0.7435128102558752,0.7861164050149047,0.640024158454265,0.811942043628024,0.5349577702904738,0.7539674450678315,0.41906070452391814,0.7850780565485241,0.3038928589207055,0.7513680085047351,0.18389403073706223,0.751898324026337,0.06414949944294779,0.7440722633855765,0.382707787132342,0.8378909356177763
75.634000,0.7452901305247139,0.7877066110720836,0.641735362920985,0.811960155247944,0.5355545806202238,0.756052718622768,0.4191106319667495,0.7850493877760837,0.30365201314343343,0.7523491226485326,0.1836520821914598,0.7522203922266815,0.0639239135141737,0.7441478693754708,0.38399826856323055,0.833981255182372
75.684000,0.7479779007414331,0.7903458724102757,0.6434881228572623,0.8119863557666274,0.5362058609083588,0.758222834015105,0.41921711773079734,0.784936762399644,0.30347726139455905,0.7532462960845709,0.18348045391894363,0.7523709700538375,0.06377382409693189,0.7439851023792423,0.3869399064588678,0.8077226571793277
75.734000,0.7497526673763681,0.7921220197945815,0.6452235477107939,0.8121145657098668,0.5368010742722744,0.7606892096021327,0.41926217177443653,0.7848678447640379,0.3032331827768258,0.7542529185062502,0.18324553627715678,0.7525310922726843,0.06356563577818097,0.7437720161502267,0.38957112347017303,0.7977327494580904
75.784000,0.7524381350485113,0.7943276495904726,0.6470454073336444,0.811810124242099,0.5374765984729651,0.7628746961559357,0.4194353128282446,0.7844676319917812,0.3031054656528513,0.7550165427784896,0.18313251162995248,0.7524689356556529,0.06347769694289762,0.7433735894925273,0.3936563094235819,0.7856583903943875
75.834000,0.7540088704322666,0.7958476590317497,0.6488343349062716,0.8114384091498229,0.5380560335703956,0.7653063383863166,0.4195535535870404,0.7842050747472705,0.3028888919191229,0.7561095819170213,0.18293522245360871,0.7527753382812012,0.06330045490317227,0.7434199979787108,0.39841386594038364,0.7737023183826253
75.884000,0.7563456955755224,0.79815913209427,0.6504563910895432,0.8108918059646869,0.5385491266077238,0.7675701698716421,0.4196516295125119,0.7837993153934392,0.30266961961540995,0.7570559169483421,0.18273988412938968,0.7529500017067032,0.06312497181424559,0.7433441312092994,0.40050436494367053,0.7696112241744659
75.934000,0.757697120369164,0.7997092759107599,0.6519699278677696,0.8102253587529296,0.5389419899165543,0.769917974959775,0.41968906742952977,0.7832873596429717,0.3023882428694046,0.7579789313252137,0.18248980019823757,0.7530429974231861,0.06289731583295599,0.7431618191869043,0.40721808424462225,0.754379624649458
75.984000,0.7595314493428217,0.8028013187922532,0.6536570687878822,0.8096771351939913,0.5392778778534612,0.7733811211527819,0.41967045045605395,0.7830797447422917,0.3019709382534365,0.7596954591608396,0.18211895210351092,0.7537371526969321,0.0625518222666076,0.7435537612353029,0.4110335646624339,0.7474535090584993
76.034000,0.7606438312778235,0.8046762135339991,0.6549474467708559,0.8095793004446781,0.5395983605684812,0.7764947373940666,0.4197689643505034,0.7828912834945932,0.3017961150268727,0.7609275219210909,0.18200189112093124,0.7539029992489137,0.06247484217669663,0.7432594767736025,0.41844824848959444,0.733918903453245
76.084000,0.7618215939881596,0.8080020550352376,0.6559495477025931,0.8091060222303884,0.5396686769356842,0.779462151141421,0.4197068982478678,0.7824906250215194,0.30145527976835595,0.7620809526398691,0.18172628152947856,0.754020742922757,0.062236036542500206,0.7429716998471283,0.423566014759441,0.725360724611919
76.134000,0.7623393076144095,0.8104421361285102,0.6567611982642473,0.8088155245665515,0.5397089975078673,0.7823810338756788,0.4197093924413273,0.7820731639811215,0.30122765970320997,0.7630447902363439,0.18157787131917513,0.7538835599885436,0.062134740551228806,0.7423363303489785,0.43019898054211936,0.714844660112045
76.184000,0.7628807110399611,0.8144700360177585,0.6573658629111119,0.8089615257469827,0.5395843058745518,0.7859940526155409,0.4196512455704705,0.7819864291180517,0.3009454592709679,0.7644098452913568,0.18139879222118527,0.7539889817336471,0.06201542682444139,0.7418394111014154,0.4388112281103389,0.7022797618036287
76.234000,0.7629890781482808,0.8171904902925105,0.6578319316953024,0.8090541140357114,0.5394452249031535,0.7894432075061866,0.41969305751747266,0.7817348739358305,0.3007939073018508,0.7655178434430736,0.18136826961104768,0.7537910765337752,0.062054016930544686,0.7409805688430908,0.44404847860061614,0.6948900751549028
76.284000,0.7628329556320153,0.8212987153671792,0.6580970690623298,0.8092065963322999,0.5391823229496364,0.7931043245374985,0.41972823651726754,0.781670985803421,0.30064030673162884,0.766903962427981,0.18134723465093872,0.7538976964937752,0.06210120958333143,0.7404669293684185,0.447408382712451,0.6897427081903655
76.334000,0.7624535023077951,0.8240410989471071,0.6581711222783673,0.8093656014724593,0.5388491523952076,0.79662717522734,0.4198101160661608,0.781471059964784,0.3005640801930314,0.7680403887773727,0.18142439882316197,0.7536968772447659,0.06225844012171455,0.7395733406209268,0.4525204428424237,0.6825070250053565
76.384000,0.7614809699824359,0.828115785274525,0.6579801228593443,0.8095337293887883,0.5383358987311724,0.8003001151035917,0.41982778924436254,0.7814367117557789,0.3004292225488879,0.7694374504840883,0.18145209987487187,0.753802736536844,0.06236327192694335,0.7390429581513591,0.4561252136903676,0.6775693233799769
76.434000,0.760750178341038,0.8297809291391895,0.6576272364694323,0.8092862130243025,0.5377668192768037,0.8034999985251328,0.41988107911585604,0.7810734020176284,0.30034804890418226,0.7704972659484007,0.18153861995400322,0.7536354869091424,0.06252451132259784,0.738284853519834,0.46442700475327675,0.6686502862032768
76.484000,0.7594408874573828,0.8320715064954303,0.657226201819776,0.8086819475491607,0.5372445707346315,0.806582377283254,0.42005430362365054,0.7807668531085332,0.3003877552976482,0.7718272104768593,0.18173116065391726,0.7539215536336108,0.0627695520116246,0.7381692309745852,0.47003700583244584,0.661692839830099
76.534000,0.7586511347643221,0.8328151355041956,0.6568301922763169,0.8069946952195156,0.5368424025827145,0.8087064299648167,0.42035722091636807,0.7798758518903672,0.3005680562713505,0.7727655796563466,0.1820292220213925,0.7540962262243409,0.06308669260286248,0.7382004816994501,0.4754363607047968,0.6550419027631473
76.584000,0.7570967790765604,0.8344317594166164,0.6563181994040796,0.8057955567212427,0.5364432210057056,0.8112718274730852,0.4207573344304975,0.7793849078278775,0.30087573384119615,0.774055570545246,0.18246878605704286,0.7545672479793117,0.0635528987216245,0.7384734063337205,0.4790637325404942,0.650669422623324
76.634000,0.7564725990156559,0.834752819369946,0.6559747346693932,0.8040378732591716,0.5363326172727305,0.813298744951982,0.421435819577812,0.7786761240358409,0.3014851288011058,0.7752363883128714,0.18317943525437175,0.7551425366643844,0.06426493421493018,0.7390384551262643,0.4842471882292608,0.643843394875339
76.684000,0.7545290591114727,0.8360994714077798,0.655487533444454,0.8025097476096766,0.5361847906127772,0.8154270055554862,0.42216549607989284,0.7780157709564623,0.302176929850454,0.7763592764036784,0.18399128635606377,0.7555709702721853,0.06509093616083816,0.7393627401574392,0.4874454990507373,0.6390305608328345
76.734000,0.7528413654344593,0.8371104070029494,0.6544410890563108,0.8013173898433719,0.5355407306682038,0.8175255598566622,0.42247600470559304,0.7773214836578521,0.3024760812069719,0.7771859833808352,0.18443945679493434,0.7555675815571197,0.06557637023686558,0.7390883020252637,0.4922485776109444,0.6321828034031961
76.784000,0.7501502265789077,0.8375947360743061,0.6531347098121618,0.7997288754183807,0.5347582121815879,0.8194013128136126,0.42261197910350934,0.776702104380262,0.30262269492848226,0.778305749725497,0.1846930145760889,0.7561113699879584,0.06583343925200458,0.7396067841510789,0.49533400137601674,0.6277274713695883
76.834000,0.7483372578960751,0.8380991765460885,0.6515002095504386,0.7983744263932238,0.5337100697256082,0.8212978393044168,0.42247505431335475,0.7762781622204672,0.30251899370210705,0.7795252358436547,0.18469097183449734,0.7567973397107303,0.0658336156150442,0.7402767807149483,0.4968988002969261,0.6254392867879639
76.884000,0.7454933955850642,0.8385852473522901,0.6501012651793279,0.7968958713121654,0.532954292407284,0.8229071529060036,0.4226727470205829,0.7755998517168495,0.3027682896547952,0.7803874506782597,0.18505220447526383,0.7570867363200606,0.06620472201741101,0.7404952953582216,0.5029714693627529,0.6170892313641473
76.934000,0.7434425637269059,0.838838304063196,0.648478962524482,0.7953116676784309,0.5319974934169738,0.8241572454080692,0.4226524786227863,0.7747237775987104,0.30281268258949545,0.7809224296053371,0.18520709289368664,0.7570702751470696,0.06637159932931302,0.740393180996357,0.4873575462707052,0.6211899267530396
76.984000,0.7404031389564975,0.8392037305337803,0.6467381529875056,0.7938713790282833,0.5309630906695603,0.8254329845843364,0.422545875291129,0.773996544101087,0.30278470498980753,0.7815637158354833,0.18528374651811408,0.7572013522754064,0.06645730316135035,0.7404598959713147,0.48566406487240177,0.6178950743921996
77.034000,0.7384339124434698,0.8394248859030295,0.6450267135822072,0.792530868580784,0.5299413176408303,0.8265213325525588,0.42242550467271844,0.7732263988176717,0.30274675910674287,0.7820012412524084,0.1853527607167922,0.757128582729036,0.06654087777291284,0.7402841037721228,0.48288443204195863,0.61682412703075
77.084000,0.7356101636574379,0.8397232377149424,0.6433713642165726,0.79130189251467,0.5289927027227699,0.8275995755658798,0.4223355661365577,0.7726063467533242,0.3027486589971005,0.7825547959198461,0.18544900125838482,0.7572409598932746,0.06664538070510428,0.740338304970686,0.48450818504528953,0.6129443468781663
77.134000,0.7340824297763581,0.839511627330969,0.6418825045286586,0.7900899310176797,0.5281791125419011,0.8284505703060132,0.4223132121327416,0.7719491444327702,0.30281898061161433,0.7829549896166617,0.18560436190120122,0.7572502594054431,0.06680749148400067,0.7403002277317665,0.47566955966319663,0.6157166914574996
77.184000,0.7321258145984572,0.8393701336295211,0.640825202462773,0.7887379169347783,0.5278034075325896,0.8290625232038611,0.42263824286492746,0.7712672972728701,0.3032461225322966,0.7833305307727787,0.18609117366636374,0.757355197161586,0.06728786227711459,0.740450369361761,0.4774601482321611,0.6104098950432465
77.234000,0.7308523001380033,0.839352344152228,0.6397393294236825,0.787603527939454,0.527323268660484,0.829587206702399,0.42280507040625714,0.7706300507868099,0.30350458629793065,0.7835681531011232,0.1864124049339162,0.7573113242106317,0.06761007073337433,0.7403996303725735,0.4673215059830256,0.6148723104736864
77.284000,0.7291777034811154,0.8392308428696486,0.638751976798498,0.7866584290400578,0.5268944424241913,0.8301083082539371,0.42295077781609264,0.7701440306560299,0.30373779197117806,0.783864963785379,0.18669872265318455,0.757372394012371,0.06789548702418369,0.7404670337949754,0.46864101705326616,0.6102602324824283
77.334000,0.7282110893614886,0.8391447914152961,0.6378574226410587,0.7858065776428536,0.5264756381399892,0.8304619029843767,0.42302191063632727,0.769656259614719,0.3038845227854815,0.7840188086947797,0.18689203128092935,0.7573213007294797,0.06808933660733629,0.7404121393578141,0.45852075891902727,0.6147345167592388
77.384000,0.7270485047483081,0.8390440168532775,0.6371217740516557,0.78512022538598,0.526146819680314,0.8307772018767484,0.4230917917925373,0.7692982524139483,0.30402116920813266,0.7842041853724127,0.18706339270867034,0.7573550044481865,0.06825875098938161,0.7404595285462929,0.4518431681087218,0.6184264073635117
77.434000,0.7264759849742328,0.838995521000389,0.6365457599106796,0.7845927965318296,0.5258788925627551,0.8309915515948355,0.42313460895895644,0.7689946791999952,0.3041143661804409,0.7842976791981404,0.18718588446609907,0.7573212049292736,0.06838162255490099,0.7404230585298783,0.44672511923009894,0.6205248199510427
77.484000,0.7259944971801815,0.8388804737152828,0.6361782063905193,0.7841993972026718,0.5257330844313474,0.8311235383937176,0.42319556814732345,0.7687852857105217,0.30421300111268207,0.7843785130787686,0.18730095721096018,0.7573308885953345,0.06849457084898225,0.7404476851206212,0.4411138582687512,0.6245385561523185
77.534000,0.7258725395578637,0.8388636560460538,0.6359929255848404,0.7839779234356534,0.5256652447672762,0.8311775298473097,0.4232438596434443,0.7686486575617505,0.3042808459599067,0.7843903657068327,0.18737949233448536,0.7572965745262956,0.06857308965639075,0.7404134858668789,0.44153683687230727,0.621999166738243
77.584000,0.725956987583511,0.8388802615542647,0.6359821257400491,0.783953462032384,0.5256674112338429,0.8311833653078954,0.42326004499431225,0.7686315360789864,0.3042991022139347,0.7843888865162791,0.18739927563131653,0.7572885074607433,0.06859306084643657,0.7404040966481358,0.44184346347373143,0.620141959798285
77.634000,0.7261762177428938,0.8389220186817344,0.6360797378875886,0.7841009285560196,0.5256805818995623,0.8311331128252134,0.4231924393057589,0.7687137197836903,0.30421722547252483,0.7843629527788321,0.18731048682528284,0.7572924068134209,0.06850469992680319,0.7404049854758391,0.4253117688289577,0.6389662347427251
77.684000,0.7267435465015493,0.839030855253136,0.6362985480896087,0.7844362659253519,0.5257040418027952,0.8310072351999528,0.4230344151901131,0.7688868056198837,0.30402591266960677,0.7842808410825755,0.18710484298177832,0.7572722597971031,0.0683009916836006,0.7403712267896064,0.42030243286399666,0.6457091390826899
77.734000,0.7272748912079852,0.8391356545960479,0.6366251183612027,0.7849442440766805,0.5257497803745425,0.8308426038114646,0.4228077221944488,0.7691746813748686,0.3037524481340033,0.7842027124632108,0.1868077179583576,0.7572967636015682,0.06800513135232145,0.7403868429714968,0.41570974126703614,0.6528769264824625
77.784000,0.7282875400691737,0.8393413090741604,0.6370613569022565,0.7856382129598357,0.525796793791073,0.8305848145630402,0.42248688849072097,0.7695351342458421,0.3033666563674163,0.7840392818902199,0.18639251116437938,0.7572615046482828,0.0675937889597612,0.7403244564240505,0.4113437478991482,0.6609276546383955
77.834000,0.7291877551860093,0.8395168639618331,0.637590900633288,0.7865046177834872,0.5258708909444029,0.8303068943808869,0.4221097594981079,0.7700273157411484,0.3029157808191991,0.7839123957442227,0.18590204250548414,0.7573081658953922,0.06710545670992529,0.7403561393699774,0.40740244884197613,0.6697367845150077
77.884000,0.7307917195189564,0.8400185607654582,0.6383567305464432,0.7876714836571587,0.5260716404466232,0.8300041960822434,0.4217906567055245,0.7706284735183516,0.3025040214174465,0.7836936425431249,0.1854544061085469,0.7572477060681471,0.06666853034095799,0.7402207944830443,0.4038560377015657,0.67892819815296
77.934000,0.7322513146182796,0.8402645054989057,0.6394005084023272,0.7889559122860519,0.5265182969876058,0.8296696243020555,0.42163313188727475,0.7713678049318486,0.30225402206416235,0.7835591189644395,0.18515235567049082,0.7573446243512443,0.06637098235041916,0.7402863315821013,0.40078363408707907,0.6892250644953101
77.984000,0.7347309920870466,0.8406817983966353,0.6407965195387822,0.7903720627098632,0.5272405827040214,0.8291670264239799,0.4216767853736884,0.772103161384883,0.30219583980910547,0.7832523159265116,0.18503921221304442,0.7572845549464456,0.06626645017520971,0.7401664067433269,0.39821753568646656,0.6993562438060819
78.034000,0.736491471093822,0.8409896395302513,0.6422852896658992,0.7919516423233262,0.5280438530390947,0.8286789367709653,0.42174418320972634,0.7729978790029317,0.30216554353577524,0.783045213660806,0.18494292497476184,0.7573769901597703,0.06617498247755393,0.7402254352745714,0.39630996482410397,0.7095987755458185
78.084000,0.739247951460621,0.8414937519092854,0.6438465349783867,0.7937031124847318,0.5288670586058797,0.8280501649507561,0.4217769961168028,0.7739048187418212,0.3020976970982275,0.782672109453458,0.1848096097491042,0.7573047176682454,0.06605251593191486,0.7400782070495708,0.3952067075610488,0.7233999953859516
78.134000,0.7411350888770282,0.8418572146896862,0.6454490394565108,0.7956092294763366,0.529751357168546,0.8274533233273618,0.42183113246400356,0.774982139809922,0.3020624271266151,0.782429100384932,0.18469790406448938,0.7574177284433579,0.0659469214622459,0.7401491404581845,0.3947976261612102,0.7344038014426818
78.184000,0.7437926079155776,0.8424388891373658,0.6470638102999573,0.7976798800673698,0.530627113346076,0.8267056548627087,0.42184193338650244,0.7760520802488381,0.30198934899186397,0.781998340748177,0.1845512067445887,0.7573349519804355,0.065813531857988,0.7399750970696396,0.3951025354886216,0.7362242864209405
78.234000,0.7454016526782549,0.8426815552836822,0.6483677589257122,0.7998452611112274,0.5312610383600543,0.8260371682251657,0.4215582336607761,0.7774028733190036,0.301642805568124,0.7819073272635803,0.18410446581200324,0.7577259565959686,0.06536304605077947,0.7403917351514743,0.3964097086017707,0.7443052807823558
78.284000,0.7477806862323009,0.8433392066313122,0.6494775947530558,0.8023220086043424,0.531727138828598,0.8254484028948269,0.42106444565842666,0.7790396932430305,0.3011010482578639,0.7820033530876394,0.18345217919429158,0.7583655949934078,0.06470360840239031,0.7410804298256588,0.3971608606809404,0.7702822770557497
78.334000,0.7493425604766124,0.8438507277314637,0.6505460307150104,0.8048721809249653,0.5322170068411617,0.8248281852447962,0.4206175278176432,0.780719724819575,0.30062540612413674,0.7820947634963729,0.1828667195695346,0.7590103154658129,0.06411163540491194,0.7417699562745526,0.39876226708416285,0.7814274863107593
78.384000,0.7514167412333213,0.8445750319033161,0.6516287236104804,0.8076636776140649,0.5327652074245628,0.8241398568483329,0.4202441214725986,0.7824384755190655,0.30024478678318195,0.7820388981696464,0.1823860205573088,0.7594709735044933,0.0636350067116438,0.7422026003877107,0.40115296755918395,0.7952340485073255
78.434000,0.7528771979869937,0.8447162882797878,0.652584615654123,0.8104272270679486,0.5332922628286474,0.8234400881736857,0.4198604205761824,0.784283771153938,0.2998790799568726,0.7821676657518366,0.18190530582237863,0.7602088721497635,0.0631461258253706,0.7429967494932666,0.40317250331927473,0.8063894097952609
78.484000,0.754742375605064,0.8457774303498832,0.6534832254771499,0.8131773542997199,0.5338436096185414,0.8224704868794331,0.41952662234648086,0.785979030078114,0.29959256793044464,0.7820012681266378,0.18150928100994745,0.7606392141516563,0.06274841840957868,0.7434387050198553,0.40609966803498454,0.8204935725118041
78.534000,0.755608414788595,0.8463019279279685,0.6541284670972032,0.8163485943204548,0.5342551059419964,0.8218601532638483,0.4191198398049662,0.788038998794,0.2992640107075168,0.7821585030229672,0.18107905162998472,0.761366306223288,0.06232099209591735,0.7441464544323213,0.409373789382194,0.8344306683343443
78.584000,0.7566094354051967,0.8474554667453673,0.6544238316330827,0.8193983276972239,0.5344330480796351,0.8208855605208212,0.418524343060631,0.7898183414612467,0.2987867429468669,0.7818869406484885,0.1805087551541813,0.7616306427725305,0.061762520096300344,0.7443294387807479,0.4113127933978997,0.8442520199805794
78.634000,0.7569217783883531,0.8477431283725189,0.6543839215671223,0.8226298003720952,0.534409267459135,0.8201635559009814,0.41782978879302207,0.7917166730119389,0.2982449105098574,0.7817438657885579,0.1798893154890704,0.7619460596819758,0.06116339814587679,0.7445059750792677,0.4150570696992122,0.8549442001859822
78.684000,0.7577327149860823,0.8485262461512673,0.6544370087520611,0.8256755601446498,0.5346232971061664,0.818991661463115,0.4173723027179543,0.7934533703118855,0.29798605569401193,0.7813321483631981,0.1795391805663169,0.7620879863269157,0.06082696597152393,0.744554871771917,0.41874764938387365,0.8682204550431037
78.734000,0.758032357159443,0.8491360206402248,0.6544519661144794,0.8289490568150204,0.5349429345420085,0.8181051012355222,0.4171047947411941,0.7954297223349674,0.2979537031266103,0.7811813060351456,0.17942201615251074,0.7624666277564782,0.060725735676063985,0.7448259644736899,0.42137448813565237,0.877600820609703
78.784000,0.7581723596738599,0.8499383684562779,0.6541890980710812,0.8328237349746271,0.5352512604612014,0.8168929225444377,0.4167991049491376,0.7976812892316285,0.29799115017354255,0.7808091262985557,0.17936549221739717,0.7626996460610779,0.06069473695741767,0.7448880811094499,0.42500795262166846,0.893099434144722
78.834000,0.7580121223792817,0.8504870032288764,0.6537091151532617,0.835958260641723,0.5354079915213298,0.8158375214052445,0.4165331155265424,0.7994435024585698,0.2980558423726416,0.780387381499256,0.17936089093252394,0.7627377780298248,0.06071688062091807,0.744748925448864,0.42647695937009944,0.9000533876586676
78.884000,0.7574205992455532,0.8512632441742078,0.6529893897459951,0.8391840377224191,0.5354714900918316,0.8149035257658321,0.41622972030808975,0.8014350314609322,0.29811759186160147,0.7802330241540694,0.1793454603114314,0.7631105019383128,0.060719530914286945,0.7450027998570502,0.42966173677791447,0.9094777864215193
78.934000,0.7566435038943847,0.8525393892099064,0.6519404702993987,0.8427861276674935,0.5353976815922198,0.8141893026633383,0.41587186320058267,0.8035319701697181,0.29819740027623587,0.7800219558056931,0.1793707467857817,0.7632819910650024,0.060786287766067426,0.744904665947133,0.4319759095804289,0.9199251642537604
78.984000,0.7552358337325878,0.8540571770531336,0.6506275392336105,0.8466296746777855,0.5351887503714086,0.8138594744158398,0.4154537881653916,0.8058883500105656,0.29825356473882936,0.7801180642407781,0.17938053501252005,0.7637106633649958,0.060842650648298524,0.7450352792888598,0.4338167618648979,0.9270820041321571
79.034000,0.7541507538053278,0.8549805060386627,0.6491889944708573,0.8500644253899682,0.5349390552355135,0.813363589190608,0.4150564510640391,0.8080568753021073,0.29834061328915973,0.78017474462838,0.17941496301837334,0.7641532057710662,0.06091254572774951,0.7452540762603104,0.4345440226493973,0.9305724534278892
79.084000,0.752175913584227,0.8566165849525715,0.6475450924150936,0.8538078713110575,0.5346952587146708,0.813004500938996,0.41472712997365285,0.8102389843864322,0.2985836251378742,0.7800614052289405,0.17962760785958243,0.7642669140700076,0.061188239006174094,0.7449766081165448,0.436310211628935,0.9431263628356694
79.134000,0.7506663574989484,0.8574312264300085,0.6457157461073747,0.8571269226869408,0.5343621106092643,0.812401450511481,0.4143622087490345,0.8122479805770678,0.29880437354685896,0.7799000792036209,0.1798064828113315,0.7644242270398346,0.06141534735075738,0.7448400741578343,0.4376995993417167,0.953722629676052
79.184000,0.7481604450421356,0.8588924815799547,0.6437129969344112,0.8606772872820169,0.5339349552665246,0.8122130575082906,0.4139562084635774,0.8144714453388593,0.2990122347509339,0.7800057681056383,0.17998416855787702,0.7647637387676691,0.061651055633941576,0.7448319955993152,0.4362339427609791,0.9577025418212454
79.234000,0.7463364076250837,0.8594212079130126,0.6415301648369014,0.8635288310331823,0.533380970702148,0.8115312175647617,0.4134745698752903,0.8162698925178862,0.2991410795154485,0.7798301754276732,0.18007057747933808,0.7649232795446089,0.061777821215694084,0.74475340558561,0.43696003045280307,0.964057679633874
79.284000,0.7438693259649461,0.8591961707030603,0.6395339614001727,0.8655738264417266,0.532920506271645,0.8104959616904858,0.4131429949602939,0.8177999184303162,0.29934383563271877,0.7797243181548515,0.1802066584435148,0.7653600217436817,0.06191386263738974,0.745190379695039,0.4340734620423957,0.9696717355261111
79.334000,0.7422111816987439,0.8589071445551963,0.637626599052144,0.8675542606050793,0.5326353669546368,0.8094436661953947,0.41302988960982157,0.8191663093091889,0.29980149122993566,0.7794255267259815,0.18061103627760888,0.7655102312473623,0.06233188141278401,0.7452607491684863,0.4347294753337262,0.9791290778368813
79.384000,0.7397537752682916,0.8575644373547063,0.6357772473415632,0.8687832652728228,0.532248503621621,0.8081054338698279,0.41287358642635025,0.820337733106761,0.300112074620519,0.7792909128247545,0.18084483911413574,0.7660498201710159,0.0625353070446355,0.7459785815072999,0.42980487353202995,0.9793631730015928
79.434000,0.7381193573010206,0.8566412933794638,0.6339715061969142,0.8697300121899333,0.5319076257584086,0.8066192816456411,0.4128054193533865,0.8212707126151867,0.30050564215000297,0.7789769773808704,0.1811673602695657,0.7663922851786249,0.06282773562653732,0.7464992401792498,0.4272542426316438,0.9844111752437323
79.484000,0.7357037727563185,0.855357530757338,0.6322091114657846,0.8706189531729123,0.5315240608088792,0.8053309713216077,0.41272200321804164,0.8222446081919933,0.3008456327997303,0.7788432517382513,0.18144118694791223,0.766902635723144,0.0630676369766845,0.7472124689587608,0.42433820340835254,0.9856240930047899
79.534000,0.7341390958538038,0.8545706664561593,0.6305119461909829,0.8714420883192107,0.5312063239071397,0.8040744894098047,0.41271993687688235,0.8230738601498059,0.30127461966373464,0.7785773291472562,0.18181571217691184,0.7671944726492272,0.06341898584370942,0.747644148007913,0.4250875768667469,0.992831045252089
79.584000,0.7318968890731453,0.8534962621251346,0.6288964672942766,0.872201129774054,0.5308570409759253,0.8030037968256771,0.41269396985979107,0.8239200255584904,0.30163520318312476,0.7784672990807777,0.1821261461567607,0.7676236240271217,0.06370305675383325,0.7482336292807004,0.4182693350817295,0.9885129896414386
79.634000,0.7303545058435748,0.8524974399328584,0.627312239139123,0.8726754943112803,0.5304564769778454,0.8018308673134589,0.41262722690276477,0.8245523921507194,0.3019209434204201,0.7782477621152519,0.18236464591324508,0.7679379748226502,0.06391186008312388,0.74873022827241,0.4190014783114705,0.9946952686279429
79.684000,0.7280668817960229,0.85138173002883,0.6256608875068586,0.8730805830863346,0.5298392302776145,0.8008434045904004,0.41233950718225876,0.8252117248268065,0.30192751806179385,0.7782096754248645,0.18232676851921847,0.7684290463534602,0.06383886482570811,0.7494391364583395,0.4112588895663266,0.9883932781117737
79.734000,0.72667569696469,0.8507857359255276,0.624127742086911,0.8735348645329032,0.5293039390781908,0.79999272446344,0.41210089404912514,0.8257501742876094,0.30199103518961856,0.7780446297639896,0.18235912828653,0.7686527796065028,0.0638536242056279,0.7497730152447789,0.4116947503686411,0.9937842403849582
79.784000,0.7249334089453296,0.8498619434179577,0.6228327212316139,0.8738390369192409,0.528840173827297,0.7992374214759053,0.41191373151376603,0.82622273383284,0.3020440352327804,0.777966647813512,0.18238281896554265,0.7689559141596028,0.0638545270383648,0.7502197455874775,0.4121087759102946,0.9985174363460727
79.834000,0.7239506638475527,0.8493424081955372,0.62175342847689,0.8740572951225312,0.5284847824455243,0.7985525954970232,0.4118004506311709,0.8265662833541869,0.3021423018336338,0.7778313841352196,0.18245807968704142,0.7691315583321117,0.0639125862426323,0.7505045353815852,0.4123084158460636,1.0013205755677297
79.884000,0.7227466458709427,0.8487900657633335,0.6208660330011213,0.8742326089978004,0.5281669041389301,0.7980297776357915,0.4116850440059188,0.8268737763083139,0.3021892352299257,0.7777752237801259,0.18248615802816193,0.7693387963148843,0.06392449256534816,0.7508149877789425,0.3949039408290628,0.9794633481836948
79.934000,0.7221147438636021,0.8486139936548174,0.620129152199272,0.874468087514394,0.5279086535066919,0.7976867120338199,0.41156728586893093,0.8270922587213598,0.3022234206388248,0.7776562481976752,0.1825111669585321,0.7693510498998053,0.06394785471884146,0.750837784635384,0.3906850412810241,0.9748902431889779
79.984000,0.7215869070749414,0.8483816546276435,0.6196840647773991,0.8745980198674888,0.5277715680153006,0.7974482114499365,0.4115283807961594,0.8272395092581348,0.302278932635838,0.7775951936053159,0.1825596212159165,0.769392360366782,0.06399279760519638,0.7509015967572423,0.38652081360374635,0.9705156853767929
80.034000,0.7214352103148406,0.8483197327248242,0.6194602256539626,0.8746351221445652,0.5276963636792928,0.7973085831331506,0.4115014072479238,0.8272874440171845,0.30229722740888854,0.7775436292692035,0.1825744517677621,0.7693915134221496,0.06400574144507554,0.7509128518793103,0.3862734150779353,0.9730011927735751
80.084000,0.7215470364737883,0.8483902789041801,0.6194616336282099,0.8746536324338079,0.5276956421719007,0.7973296205614239,0.4114982849857878,0.8272991748284282,0.3022942528336788,0.7775550358598907,0.18257183522737364,0.7693976635806898,0.06400375326283603,0.7509149706153587,0.3790563411664621,0.9587814937605736
80.134000,0.7218080688896146,0.848552227394025,0.6196678790825889,0.8746338112367035,0.5277472552813207,0.7974936860100401,0.41149878269893336,0.827264353155096,0.30224807855175484,0.7776228015743332,0.18252944336587074,0.7694101047438636,0.063963661337618,0.750912663514632,0.37871259511538463,0.9601661711790328
80.184000,0.7225393400375334,0.8490104763563681,0.6200837835233266,0.8746199547686121,0.5278917064212616,0.7978044555538903,0.41154844271805724,0.8272024995515214,0.3022184755615881,0.7777357604072705,0.18250761363021928,0.7694105255367842,0.06394790577057585,0.7508741916965661,0.37238814604266296,0.9424091084562098
80.234000,0.7232985094083992,0.8494795352638372,0.6208224473007599,0.8745924979549599,0.5281343911960631,0.7983761988088287,0.4116288063220009,0.8271242194911758,0.30214957106353885,0.7779887226765275,0.1824515410318961,0.7694809846373123,0.06389976964602972,0.7508939595586912,0.37014675156092275,0.9342257045572887
80.284000,0.7247222126401471,0.8503730471630724,0.6217565008405707,0.8745552249158315,0.5284641513135123,0.7990798148823568,0.4117560296426591,0.8269942257853524,0.3020986960390931,0.7782574923396627,0.18241848048806075,0.7695027218881638,0.06387955362104303,0.7508339560688653,0.3684430471778223,0.9253648069547586
80.334000,0.7256679500750219,0.851008154015163,0.6228030626698906,0.8744728719091766,0.5287355146254692,0.7999658494698962,0.41178698534026364,0.8268552803538968,0.3018938230970187,0.7786526571020257,0.18223446476601435,0.7696172841847456,0.0637068963656936,0.7508765390282651,0.36735227731991055,0.9157877900500536
80.384000,0.7274689218732022,0.8523101161189682,0.6239189047884242,0.8743779576358724,0.528976816011425,0.8009885866162186,0.4117605914084753,0.8266859929022176,0.30160278008575275,0.7790912809628951,0.18196898375414627,0.7697235290828519,0.06345601436368187,0.7508906831414239,0.36686266515888316,0.9063032148640517
80.434000,0.7287510300492384,0.8532726979139454,0.6252628129230281,0.8743489129225729,0.5293036152484953,0.8022945419124812,0.4117857601731484,0.8265752696299475,0.3013197141078723,0.7797004078519724,0.18171753418301884,0.7699372855428448,0.06322224852027614,0.750993493005314,0.36731479784594945,0.896008019826444
80.484000,0.7308850073592615,0.8550099818505548,0.6267111304069627,0.87430018803196,0.5296752915976317,0.803702411958145,0.4118386355307008,0.8263855000848359,0.301052462200308,0.7802723371179794,0.1814895930922662,0.7700390419178386,0.0630195132832525,0.7509382516188505,0.36814763307208354,0.885901878836773
80.534000,0.7323957637194788,0.8563315863259763,0.6282751148642132,0.8743110859594633,0.5300356656227724,0.805398020342428,0.4118635167952018,0.8262629009189848,0.30071640164836827,0.7810266456082673,0.18119993734171935,0.7702649189978478,0.06275769668031062,0.7509922537149922,0.36884348335457867,0.8839404622745656
80.584000,0.7347498510667239,0.858515401676573,0.629922478768244,0.8743256774005697,0.5304546067030336,0.8071978707417902,0.41194740718875894,0.8260669900451263,0.3004393158291393,0.7817280053777413,0.1809794773749004,0.7703549232762575,0.06257487309602261,0.7508523674036962,0.3725617627995099,0.8631681240963818
80.634000,0.7363541485030809,0.8601023491946606,0.6316315569720041,0.8743479705416962,0.530815941873642,0.8092617834330741,0.41198179092373344,0.8259484418167663,0.30006687874027255,0.7826465662111048,0.18066955046650746,0.7706349884177087,0.06230065097263471,0.750916884233751,0.3752896644390215,0.8528135468357805
80.684000,0.7387805807663544,0.8626096165902735,0.633376142942311,0.8743782177537179,0.5312224307637909,0.8114129964950914,0.41208203921840286,0.8257506079562575,0.29977085763497946,0.7834871664099843,0.180448645465057,0.770751009891003,0.06212692278937093,0.7507517613286676,0.3785547008890623,0.842760345599016
80.734000,0.7403481015259739,0.8642763906543152,0.6351198268065366,0.8742858214157616,0.5315381560193622,0.8136983848014798,0.4121208963836966,0.8255101628686454,0.2993749087279975,0.784420720590249,0.18013498809628048,0.7709358651014694,0.06185856502335185,0.7506704328392587,0.38024889964773256,0.8396197632234195
80.784000,0.7427344248402517,0.867032968926115,0.6368979614172489,0.8742000721976847,0.5319157531437573,0.8160731771389991,0.4122663910257719,0.8252399700589714,0.2990950715569683,0.7853369319666258,0.17994884320046478,0.7710479062425628,0.06172530336408699,0.7504762115512823,0.3876378086889165,0.8214393939882887
80.834000,0.7442555702357383,0.8691397609431725,0.6386792222808984,0.8742070847089172,0.5322391015941973,0.818794985780309,0.4124078480984488,0.8251566432107402,0.2987805240847719,0.7865712672585674,0.17973583378599323,0.7714596256653682,0.0615628955499804,0.7505992165450781,0.3936112379891553,0.8100634351596152
80.884000,0.7463804862448301,0.8721149470664752,0.6403712373714202,0.8742283901089498,0.5325550628916462,0.8215437384488461,0.41260350388163447,0.8249530625853027,0.2985542059491301,0.7876333942976191,0.17963063360915954,0.7715964387916708,0.06152555126781656,0.7503552164835121,0.3973924770881748,0.8040817763388877
80.934000,0.7477249431541115,0.8737579594591353,0.6420483367973959,0.8737406523295771,0.5327846178783016,0.8241277535232283,0.4127853803557493,0.8245555315100241,0.29825768497338534,0.7887308613733092,0.17944880087138193,0.7718652437315883,0.061389428713781835,0.7503714156464534,0.405744308576109,0.7898343088004542
80.984000,0.7494881329808244,0.8762817381861331,0.6436174603254021,0.8731040695018878,0.5329952141884533,0.8265990304242166,0.4130237888819221,0.823980422030651,0.29804338647328676,0.7896364696962417,0.17936148755636516,0.771899309002559,0.06135537982450889,0.7501149444725213,0.4115047934759516,0.7813595107470308
81.034000,0.7504724950749159,0.8779534862591415,0.6450155704053739,0.8724494099847285,0.5330442792524883,0.8292935302282605,0.41318299854252927,0.8235252214147968,0.29773457027189865,0.7907889966807062,0.17918545084436033,0.7721850647587929,0.061227198129455096,0.7501430454219318,0.4191543930473674,0.7711734806765613
81.084000,0.7514957848233228,0.8811740631567857,0.6461878767174568,0.8721382329408452,0.5330283585692688,0.832201740200179,0.41337357000439967,0.8231060503720539,0.29752638567145817,0.7918102058855796,0.17914589485120302,0.7721618117234575,0.06126979509898489,0.7496845986576897,0.425194930106282,0.7634722901475466
81.134000,0.7518922683282422,0.8834143088264697,0.6470333975206803,0.8719310137018379,0.5327157356921305,0.8354416702045833,0.4133670518140782,0.822956012396304,0.2971077632048347,0.7932276116458646,0.17890123075747055,0.7725584150938547,0.06109983794513152,0.7496928984515372,0.42697234889103164,0.7611309621864174
81.184000,0.7521229931748891,0.8864480416147823,0.6476378384308717,0.8714046239480524,0.5323195483849805,0.8382128782755299,0.41336320448109426,0.8224208472198498,0.2967399779227352,0.7941538518542227,0.17871888675154535,0.7724508097028591,0.06100102194661183,0.7491590878765408,0.4389826897985025,0.7465273948955242
81.234000,0.7519600475430485,0.8885673751927929,0.6480423909712965,0.8710771990307171,0.5317566082042074,0.8414526024156436,0.4133270667300863,0.8221020544966363,0.2963355922790555,0.7954000900473335,0.1785267528687181,0.7725729711609994,0.0609031626881662,0.7488097425710896,0.44669978721388615,0.7375771623093413
81.284000,0.7515487541056481,0.8917604631900156,0.6483180438056564,0.8705351098972081,0.5312010574979364,0.844389144277302,0.4133996255355468,0.8215238293306302,0.2960771770432054,0.7963158329849878,0.17849576209961449,0.7723447908744938,0.060975545207857085,0.7480754970711232,0.45214195198922164,0.7315281010009649
81.334000,0.7510614256759738,0.8938163140168419,0.6484171908828612,0.8702087606369722,0.5305946811389988,0.8474523066588708,0.4135193563607945,0.8211204186126633,0.295899545336148,0.7973384915560423,0.178560738917368,0.7722067485162916,0.061152782863633015,0.7474000587878278,0.45894206389237646,0.723653379628298
81.384000,0.7499115058507696,0.8971610928800486,0.6482697664645336,0.8700903729912125,0.5298562409544847,0.8506420574785256,0.4135751943466081,0.8209988761415498,0.2956815870895063,0.7986136719229542,0.1785844923703538,0.7723787637215939,0.06128391213122597,0.7470692027699706,0.4639571783542634,0.7183388028292312
81.434000,0.7493801021055485,0.8974713388538693,0.6481890591631396,0.8686385630621054,0.5291746440748788,0.8532903072463871,0.41375958063317664,0.82043664496582,0.29550837050402573,0.800024607189899,0.17859163723893168,0.77299726025875,0.06131931258938006,0.7475570977397845,0.47029328410726123,0.711004727897516
81.484000,0.747736407422135,0.8993063655947685,0.6478975189520577,0.866849986478384,0.5284470474022898,0.8553789426644521,0.41396062052925936,0.8194226071750024,0.29540766809928,0.8008431166028962,0.1786822338449432,0.7730011878253539,0.06144981444052111,0.7473777641572246,0.47433661923941195,0.7065018404337924
81.534000,0.7463167230532706,0.9009305392629915,0.647118690127571,0.8661042506216164,0.5273740461649136,0.8582799140912327,0.4139718897547684,0.8190377056731478,0.2951788823724437,0.8020606212061399,0.17870526481270077,0.773183356575821,0.06156287676937988,0.7471514353351161,0.4795704909312787,0.7006040780459645
81.584000,0.7443015929562053,0.9022025681172401,0.646386650625861,0.8647501123655104,0.5264592980149027,0.8605751757570532,0.414129404858157,0.818361491916455,0.29510740218142223,0.80307218588909,0.17884551466867948,0.7733539505449377,0.061757130480048605,0.7470801939028281,0.48528554744701746,0.6939812687628559
81.634000,0.7427599915934824,0.9030230883471643,0.645502030596795,0.8632936484386348,0.5255028512229263,0.862849858434201,0.4142783716037841,0.8178041579351696,0.2950412286130947,0.8042947637442478,0.17897042027020782,0.7738387717126588,0.06191417920545417,0.7474221779165581,0.48706795745019116,0.6912894977924406
81.684000,0.7402479158121522,0.9040492342015399,0.6444437554910434,0.8618131234149831,0.5244815751982339,0.8648256471734761,0.4144139855307697,0.8170226587230184,0.29500626181379086,0.8051148664536817,0.17914668827171198,0.7738649189553639,0.0621425065714708,0.7472186909923509,0.48815553720819926,0.6866512156790823
81.734000,0.7385430939861255,0.904579795411055,0.643371258448271,0.8602050613742892,0.5235487096553678,0.8667286187452584,0.4146453089650042,0.8163297167921993,0.2950814644445967,0.8061078244282668,0.17940774227555845,0.7741768050339518,0.06243201584957381,0.7474059360321206,0.4916478797459474,0.6824167971665028
81.784000,0.7355426909085414,0.9056962545189774,0.6420560381574931,0.8588496222647906,0.5224514946260275,0.8685837446595187,0.41474683546436875,0.8156714928409514,0.29506461458872035,0.8069441796957506,0.1795969111416036,0.7742760077236325,0.06267038685732129,0.7472910504931294,0.49804286691250327,0.673865271460362
81.834000,0.733535304048046,0.9060680572240516,0.6405380545880024,0.8573904222563471,0.5212370164751539,0.8703234135340802,0.41472531167780685,0.8150490368102102,0.294941218419421,0.8078538307343015,0.17965915514496078,0.7745364795985824,0.06276475225082312,0.7474127156280322,0.49956732118358826,0.6718049533345183
81.884000,0.7308729142497735,0.9060861189915056,0.6390934205958723,0.8558633656882848,0.5201718058585726,0.8719148305816076,0.41475365790859076,0.8145823437360162,0.29488546276237665,0.8089595517826462,0.17974036251974368,0.775171893021525,0.0628442298116616,0.7480555850868027,0.5054138161219028,0.6637909652605998
81.934000,0.7291466048643285,0.9060853077616011,0.6379901708222459,0.8541091877994459,0.5195286577216095,0.8732630363397973,0.41514787382887236,0.8140629353775803,0.295214475890832,0.810065428775395,0.18017202098238216,0.7759299110755535,0.06324957650412699,0.748927281995627,0.5067967544340389,0.661890332200638
81.984000,0.7261342028311297,0.9063751808558183,0.6364763244807684,0.8526214217787316,0.5184713037329713,0.8744116736889693,0.4151844775606059,0.8133229550967522,0.29521515958890654,0.8106095171658539,0.18032988288402196,0.7759486862981213,0.06343148084071093,0.7488421631031403,0.4888767075901511,0.6659896674561313
82.034000,0.7240902085839152,0.9065726899923061,0.634865287926146,0.8513412256246595,0.5173469220453311,0.8756194809306511,0.4151288337038675,0.8127588222018665,0.2951381701229749,0.8112619409717716,0.18040428771420025,0.7761032119360183,0.06352892197967142,0.7488975345061124,0.49097053170099414,0.6622017069830397
82.084000,0.7211479374579048,0.906838000791338,0.6332665711100232,0.8501445050007616,0.5162245697918681,0.8766241184314932,0.4150233770705543,0.8121390923263305,0.29502417737396647,0.8117008319260648,0.18044197371113568,0.7760508865716944,0.06359731235431176,0.7487136388607571,0.4834002430293313,0.6621824720618381
82.134000,0.7194511754910696,0.9068787781751694,0.6318500493880627,0.8490275450827013,0.5153080914613057,0.877627755600318,0.41502255391097437,0.811727748334634,0.29502422896932046,0.8123617916796404,0.1805571542967187,0.7763438959074238,0.06372029720288297,0.7489733127124394,0.4844287743318909,0.6603526303914476
82.184000,0.7174611453908308,0.9062108109222937,0.6306707402599365,0.8477373436763453,0.51461827224861,0.8782631466571907,0.41512347879082023,0.8111752486802134,0.295134731377343,0.8128185654464628,0.18075159475892277,0.7765349871331544,0.06390750320513772,0.7491953040955748,0.4826296010570633,0.6551076794001278
82.234000,0.7163294095632589,0.9059639262819467,0.6297711677059574,0.846293674010406,0.5142117526511049,0.878635931037207,0.4153336488324084,0.8106423976466327,0.29536341539456706,0.8133150533155599,0.18100871893864046,0.7769419396428134,0.06412447855407954,0.7497744158378765,0.483287778900873,0.6535981280905813
82.284000,0.714870241040639,0.9056238392767401,0.6290479461488495,0.8452027990678177,0.5139176768116955,0.8790409590046497,0.4156577682005224,0.8101570686616716,0.2957080255464369,0.8136297094248819,0.1814128301128345,0.7770700554339952,0.06451858624440965,0.7499456061241752,0.48566068564333853,0.6481977673488357
82.334000,0.7139242785051633,0.9056802201689171,0.6283918511774726,0.844479677688319,0.513611556161633,0.8794865895205437,0.4159130262380528,0.8098087792021761,0.2959818832281468,0.8138733746702143,0.1817584578783541,0.7770901026384863,0.0648722536350681,0.749931029429065,0.48618631414232377,0.6469382031977345
82.384000,0.7128916729021864,0.9052185707283331,0.627786851768741,0.843781081775827,0.5133133721941084,0.8797786160531096,0.4160323074550966,0.8095191366730725,0.29612048027062304,0.8141184519640652,0.18193582416839682,0.7772150061833988,0.06504213496328737,0.750088166637695,0.4561458969865576,0.6627036569255167
82.434000,0.7124355085508829,0.9047594172478034,0.6273290036687389,0.8429316118926151,0.5131574444045564,0.8798755566627277,0.4160915904393458,0.8093190545244033,0.29620442758528875,0.8145217637027699,0.18199189155507756,0.7777046941081243,0.0650499193897991,0.7507867605677423,0.4568638713280309,0.6604859411460061
82.484000,0.7119996357701023,0.9044270786429751,0.6270435835146583,0.8423269527425898,0.5130697664662509,0.8798765070270713,0.41615653278043,0.8091105185083943,0.296286465318132,0.8146932531893263,0.1820609556653281,0.7779164542194452,0.06509128013629406,0.75111915948165,0.4575933114638237,0.6583555736828322
82.534000,0.7118777702711718,0.9044062167761763,0.6269190614928485,0.8421523538226594,0.5130241001164064,0.8799404177193193,0.416222596889638,0.8090216686254826,0.29635841218511166,0.8147293148232782,0.18214550211732272,0.777913405574067,0.0651760629693453,0.7511150790328998,0.43960247964997656,0.6714980958491108
82.584000,0.7119353383739065,0.9044264734502059,0.6269173348091315,0.8421547993305774,0.5130203417300341,0.8799367390304215,0.41621745583650205,0.8090198772648559,0.2963530822344972,0.814723555111174,0.18214036108341292,0.7779070597963863,0.06517124119360196,0.7511073397941304,0.4397723236664137,0.6696523190796337
82.634000,0.7121679131256938,0.9044680635743269,0.6270122352722322,0.8423455044359625,0.5130278472873689,0.8798629576505665,0.4161032171680847,0.8091125790209203,0.2962322812227285,0.8146766346983975,0.18200632305430742,0.7779012287794127,0.06503740899681199,0.751100610424417,0.43978245540100736,0.669175802977404
82.684000,0.7127273540506298,0.9045926784151245,0.6272225832879941,0.8427103052417305,0.5130786372697169,0.8797394773547584,0.41592530691181706,0.8093034751941552,0.29604280356725765,0.8146124667972388,0.18179076687362483,0.7779181605446774,0.06482115423044021,0.751120591287311,0.42257696982979553,0.6875979121781036
82.734000,0.7132516490360519,0.9047108998502068,0.6275250203266106,0.8432628142287524,0.5131352997996212,0.8795256304149905,0.4156393299343025,0.8095646708731106,0.2957395224936687,0.8144673411352061,0.1814514689664728,0.7778853671457561,0.0644837480209518,0.7510795420920355,0.4226446235324111,0.6873239361596479
82.784000,0.7142508690733866,0.9049401827898106,0.6279123046800097,0.8439873636855713,0.5132200903305016,0.8792817820489065,0.41527977851916026,0.8099442357821334,0.29536040517866785,0.8143424055859879,0.18102162668438482,0.7779192847362413,0.06405281088187786,0.7511182375597,0.4174799532180163,0.6944902257460179
82.834000,0.7151568468986249,0.9051215442467533,0.6284371728246255,0.8448932135114986,0.5133642232678212,0.8789257902619979,0.414875073655945,0.8103700654256336,0.29493310133494816,0.8141014559949236,0.18053663542753617,0.7778599247446643,0.06357142931957649,0.7510431285212309,0.4127760780258247,0.7020079243967621
82.884000,0.7171713792898493,0.9056386329566852,0.6294261810434525,0.8461128350382772,0.513935616151237,0.8787000935011824,0.4148083087413514,0.8110703890603591,0.29484531576949036,0.814050374831447,0.18037652665275172,0.7780379281207472,0.06341105401643832,0.7512222944169604,0.4122745513019479,0.7041365701273306
82.934000,0.7185903893936222,0.9060071379242495,0.630568435453025,0.8475018628535291,0.5146027203466109,0.8783555971381802,0.41473621068319616,0.8118222953464449,0.29475416896373396,0.8138982685368903,0.18020379057690006,0.7781461943115386,0.06324073086283843,0.7513200380023548,0.3998123092894341,0.7294990180673171
82.984000,0.7208868459301696,0.9065492749344107,0.6317267495702484,0.8490271370794379,0.5152756403142619,0.8779950357441711,0.4145912536803978,0.8127060298690426,0.2945964120272873,0.8138186738574398,0.17994723837863102,0.7783846932501157,0.06297956375397973,0.7515786660752117,0.3993304204747564,0.7325742386077201
83.034000,0.7226117605783109,0.9068957162065596,0.6330216051549443,0.8506926538259011,0.5160381166036684,0.8774295834621447,0.4144797403029001,0.8135085681138923,0.29447975503126606,0.8134491138660306,0.17974067867707177,0.7783073387630791,0.06278427436003675,0.7514521811722127,0.39385159299345174,0.7508836870010772
83.084000,0.7253098020969848,0.907469350186661,0.6344221456893275,0.8524847059147829,0.5169254317980538,0.8768675323455318,0.41443013476306834,0.8144598878962337,0.29443684847171453,0.8131905396378182,0.17958976771052793,0.7784033575065576,0.06263564981579262,0.7515382443025469,0.3920697332653632,0.7631320431772409
83.134000,0.7271536430187006,0.907887121977682,0.635844698715437,0.8544492210100006,0.5178252062230957,0.8761609549769127,0.41433920123228085,0.815410261392058,0.29436866178709903,0.8127513771839673,0.1794161437199382,0.7783142084557011,0.06247489797917116,0.7513931192392986,0.3906622975226088,0.7742585536530346
83.184000,0.7298035804408224,0.9085090394287443,0.6372614577664507,0.856568849021379,0.5187651618252772,0.875506321086615,0.4142509328069852,0.8165421291332621,0.29432021445939915,0.8124650227289694,0.17924759749957464,0.7784313214019394,0.06231137443239909,0.7514884237332824,0.3898534338280937,0.785300505891873
83.234000,0.731456501684906,0.9097389397258632,0.6383635228742737,0.859257013250886,0.5194123416588382,0.8750878840856475,0.41384681579017824,0.8180272168741228,0.2939819781346016,0.8123333000535523,0.1788002376088127,0.7786707593084111,0.06188567422856106,0.7516340274527187,0.39024371269043845,0.7893548062816349
83.284000,0.7338529214417353,0.9107930172679523,0.6394272593104041,0.8622219277883473,0.520089943828318,0.8748157807885514,0.41348405522834564,0.8197232720799406,0.2937112409804971,0.8123426916780737,0.1784232839546076,0.7790457403946527,0.06153538442808204,0.7518939643157357,0.3901587176014328,0.8098263271315314
83.334000,0.7352018953083895,0.9116500838563731,0.6403513236057949,0.8650504963460434,0.520701457409664,0.8742107067375127,0.41299543393460897,0.8213012322473247,0.29334380335556987,0.8121640949527626,0.17792839322457887,0.779311650533961,0.06105710466092762,0.7520884635774985,0.3912281962594694,0.8235917624240785
83.384000,0.7366202449763901,0.9123116165714587,0.6405355100038614,0.8676968235932946,0.5206750781675172,0.8734827444214597,0.4118359090429529,0.8229452804548218,0.292322136624798,0.8121537003006242,0.17674197169383044,0.779885674727247,0.05985690354889395,0.75272171248645,0.3922159763737266,0.8347961264504318
83.434000,0.7378148624836263,0.9127912993786771,0.6409835432151675,0.8704602861648953,0.5210070886148179,0.8728373308689262,0.4110600269176102,0.8247577757114324,0.2917072098694391,0.8123116894725743,0.1759561287760808,0.7806622467331266,0.059051504630417195,0.7535825707128947,0.39287917893394037,0.8407166387466809
83.484000,0.7394201486110556,0.9133710472502047,0.6415029125839542,0.8738649869703381,0.5215223263103896,0.8717065351335971,0.41024715476134094,0.826786203534878,0.29114937109519634,0.8120988645830469,0.17520312644084612,0.7811720420897564,0.05829296460527689,0.7541162837528763,0.39342224204806003,0.8467354785798143
83.534000,0.740146160133183,0.9139828643020023,0.6415611885599329,0.8768562020835327,0.5217031371299663,0.8710211778939196,0.4094018757104834,0.8287313838115913,0.2905401167142747,0.8122425315684039,0.17443151187038375,0.7819309515831574,0.05751118297725799,0.7549191635726744,0.39414059427353365,0.8561812715858025
83.584000,0.7414783185584733,0.9148497685668284,0.6418059138512726,0.8799418604385306,0.522210981157064,0.870090359344383,0.4089519716926561,0.8304369007924624,0.29039224828362825,0.8119006664086454,0.17415652531751358,0.7820802588574398,0.057261825846440906,0.754957773065408,0.3986682072978888,0.884892681549144
83.634000,0.7420353982778481,0.9160344096799866,0.641812733316379,0.8835888711455538,0.5226396523939347,0.869525557757443,0.4084733301715877,0.8325654323535953,0.2902745943127133,0.8118516967820059,0.1739249024590751,0.7824791040227546,0.05707128263490813,0.7551801748520716,0.3994329715977871,0.8913221570368816
83.684000,0.7423031989917883,0.9173602477794671,0.641356264939291,0.8870373322946746,0.5227190003401826,0.8690040451561013,0.4077438357296054,0.8346425620351359,0.28992183216888673,0.8118834874562756,0.17346076154881784,0.7829556629614491,0.056642080641431614,0.7555076067295684,0.4002193150282157,0.8983200914747806
83.734000,0.7423724118708038,0.9189926336657009,0.6407790379740492,0.891126526114031,0.5229118751556363,0.86860249643921,0.40717140803712437,0.8369142611037911,0.28983978311918357,0.8117490114406171,0.1733037694576317,0.7831245897189667,0.05656669658917857,0.7553315003258043,0.4051415695862385,0.9210566631400878
83.784000,0.7424334175011094,0.9193365506393911,0.6401681996498819,0.8940140813181849,0.5231903247699301,0.8672526017523369,0.40667387783073494,0.8385486369971724,0.2898249578849624,0.8112295977113984,0.1731496769811326,0.7831782372094471,0.05643215071905727,0.7553031755367174,0.40619615378446094,0.9278788841410439
83.834000,0.7423558031795539,0.9198822469207598,0.6394743014910448,0.8972346431687748,0.5235085897932401,0.8663808961122346,0.4063136459833895,0.8405866110256226,0.2899736976985875,0.8111754493635801,0.17316772728266394,0.7836733535764079,0.056471215354854665,0.7557104477669097,0.40922574189558514,0.9423961034383594
83.884000,0.7416653887970911,0.9206127399288965,0.6384137639805809,0.9003390443066159,0.5236455174890307,0.8652926522435685,0.40585514683916746,0.8423704232668882,0.2900928957443002,0.8107618607977429,0.17317792695086986,0.783726882123893,0.05652429929264935,0.7555856107572136,0.41027113050649755,0.9499890255003056
83.934000,0.7409484282932556,0.921186872209092,0.6370905073475117,0.903551695192861,0.5236166085126714,0.8645174245731988,0.40531004907482193,0.8444286716773343,0.2901376184773871,0.8107342918832519,0.1731108253029897,0.7841875467249532,0.05649062099009805,0.7559080851801312,0.41169501901013084,0.9617540475494744
83.984000,0.7394550806406207,0.9223005009926761,0.6355273161530024,0.906707578799918,0.5234472032798996,0.8638351132963781,0.4047274430422855,0.8463531646315662,0.2901797188292011,0.810592587488542,0.17306991725447662,0.7844144596882918,0.05650493179333016,0.755908246954211,0.41269979462799833,0.9687392246873179
84.034000,0.738152489958454,0.9234927152839768,0.6336145017142496,0.9104805822938549,0.5231645370045506,0.8635678410103796,0.4040839322502943,0.8487418648407806,0.2902558860228773,0.8107527099150013,0.1730781759883172,0.7848802482873489,0.056591227845586345,0.7560568044918969,0.4137314614535282,0.9787515098268378
84.084000,0.7358811013325682,0.9255245158647574,0.631494653710293,0.9143866596689605,0.5228470821609463,0.8634385959697128,0.40347818065893637,0.8511477313317629,0.2904405794700128,0.8108674543100175,0.1732185361428552,0.7851966039501777,0.056834978355998045,0.7559584871013945,0.41441341727834247,0.9856900559880891
84.134000,0.7343055286865067,0.9258194630331524,0.6293019060682463,0.9173408278316255,0.5224119458779788,0.8628015172790345,0.4028019234432483,0.8531349498629772,0.2904861344709437,0.8108837540980569,0.17317836394522435,0.7856075404968064,0.05684352057487141,0.7561761929573567,0.41500967938017425,0.9925297419431194
84.184000,0.7319330235055787,0.9259932835404576,0.6271798423588203,0.9196792455935752,0.5219767286527369,0.8619531261606411,0.40219071494282205,0.854789962201232,0.29054137190833473,0.8108078726690403,0.1731391346244915,0.7859741318997536,0.05682972954277887,0.7564424152291196,0.4156729409013662,1.0057504066516276
84.234000,0.7300738205590612,0.9262916090007471,0.6248094941448563,0.9221925634922037,0.5215290995290467,0.8610929719391943,0.4016199350445051,0.8564247525169162,0.2907404873227517,0.8105363218087065,0.1732660150615094,0.78604656135886,0.057013092407291466,0.756293276257898,0.41569542850221985,1.0092118863978363
84.284000,0.7279851523086845,0.9252626159189091,0.6229684479326332,0.9238150510915518,0.5214985742816857,0.8597536372897534,0.4015145533306502,0.8577953946034391,0.29129677174111274,0.8103397245441152,0.1736950847297818,0.7864683355614885,0.05742501402803579,0.7567821323855008,0.41574834818697204,1.0160670801061007
84.334000,0.7265624869557782,0.9240661826112009,0.6212208844181488,0.9247127653437929,0.5214191548682429,0.8580823310295602,0.4014214342763195,0.8588219607073811,0.2917702982263745,0.8100712852007192,0.17401979003639634,0.7869451566661665,0.05769151092125069,0.7574878744070883,0.40672587833447904,1.016992174866642
84.384000,0.7241746960645873,0.9237333703524201,0.6191806827809578,0.9265570185775468,0.521257753377594,0.8571949259757151,0.40129478096679294,0.8601757389734384,0.29235546126817824,0.8098545245419443,0.17453379504640798,0.7870937036319156,0.0582382442989009,0.7575074758167261,0.4041877443016967,1.018961315578418
84.434000,0.7225186501466558,0.9231552415382691,0.6172750846768162,0.927794820348373,0.5210173146714085,0.8561398016005618,0.4011336264086816,0.861421967428402,0.2927729048090557,0.8098666183906926,0.17484355562169918,0.7876704791697786,0.05852145608882897,0.7581888042188802,0.4039424132707437,1.024771003191718
84.484000,0.7200910791682706,0.9221386044027204,0.6154033496502173,0.928749154729148,0.5207921135294076,0.8549337498973781,0.40102405954156933,0.8623911785120865,0.29323471531662715,0.8096516556816022,0.17520815366341014,0.7879783831017855,0.05886475213916287,0.7585808845421039,0.4042998972362432,1.030124503643156
84.534000,0.7182518878932166,0.9216998443167246,0.6132295306754317,0.9299225186901454,0.5202050609646243,0.8541171888384443,0.4005713345275178,0.8634858332730662,0.2933451783279075,0.8096105010118789,0.17524432004983803,0.7883458055289687,0.05889854189052701,0.7589577143274735,0.39564230554129587,1.0274317628867855
84.584000,0.7158054456973115,0.9216827744811971,0.6113401794233104,0.9313326140733217,0.5199466069224598,0.8535687734704254,0.40045065378304556,0.8645559106433945,0.2938391043628093,0.8094743571963903,0.17569935628805022,0.788426793802213,0.059392569417083485,0.7588847673357724,0.3958367476030746,1.0341884274865059
84.634000,0.7141760922204794,0.920896707790685,0.6094194076245523,0.9320050797278722,0.5193677109908963,0.8526911973780605,0.400036815726622,0.8653457394648668,0.2938802201578104,0.8093923908855396,0.17566714169308462,0.7887606658027312,0.05933981806187827,0.7592996105466734,0.3958606258775079,1.0363573683188634
84.684000,0.71203522666485,0.9194968288808996,0.6077917625867537,0.9321313144218749,0.5189306191649996,0.8514858112008123,0.3997695517173704,0.8656505563358855,0.2940070427221828,0.8089558326744827,0.17572456159465033,0.7887257892164243,0.059370995175006436,0.759368548517926,0.3850248426657481,1.0266508039013793
84.734000,0.7106809083029936,0.9187112133169757,0.6062198629636083,0.9323218166716549,0.5184555178406305,0.8504840520080547,0.39946139719669177,0.8659888658468514,0.29406459401982216,0.8086171491207832,0.17572341278355286,0.7887333661908553,0.05935001957708741,0.7594548185217282,0.3805900562107877,1.0261903685294254
84.784000,0.7088829747650187,0.9178216599042083,0.6048377600282373,0.9325561345720078,0.5180664369738881,0.8496662226683402,0.39922402297274334,0.8662939294970201,0.29416756108698455,0.8083013453500266,0.17578271621841612,0.7886792021071249,0.05940183113818476,0.7594304484936454,0.37612189324396783,1.0249081688220252
84.834000,0.7078641674359154,0.9173301398235029,0.6036546575950184,0.9327488297400267,0.5176927113608721,0.8490198395416625,0.39898511509652773,0.8665841951843101,0.2942009258693038,0.8081010891792995,0.17577775146215358,0.7887116135975907,0.059386200418685475,0.7595053326687263,0.3722942072950193,1.0211579301772151
84.884000,0.7066379698847196,0.9167472551029083,0.6027094077197068,0.932897361794721,0.5174140530396067,0.8484894091480899,0.39881742758816385,0.8667880547681939,0.29426132115052644,0.8078981523518933,0.17581035788346733,0.7886791695196552,0.059414248564297,0.7594910600337744,0.3718286302326422,1.0235467137515402
84.934000,0.7060336877289589,0.9164631366761482,0.601996773543446,0.9330063610850008,0.517183054901102,0.8481144702469632,0.39867205570202674,0.8669597101986526,0.29427770773256595,0.8077835316127459,0.17580480485985706,0.7887002592279135,0.059402589960266705,0.7595365083294174,0.36357193577271396,1.0108026739650007
84.984000,0.7054758344763628,0.916237447581719,0.6015538649927344,0.9331105485167575,0.517060237394261,0.8479000626977434,0.398602983458101,0.8670802342417055,0.29431984399231337,0.8077082979151959,0.1758353247252783,0.7886972829210829,0.05943279386709799,0.7595347931769193,0.35973548127373817,1.0057854591165194
85.034000,0.7053354083757317,0.916191862769672,0.6013660121610279,0.9331587347320714,0.5170120302406452,0.8478100046098159,0.3985787391471286,0.867137590043191,0.2943438418320073,0.8076809993197551,0.17585409794251183,0.7887025749611635,0.05945118364083479,0.7595416157806228,0.35950721770575617,1.0065766895218249
85.084000,0.7054554676176924,0.9162183757201778,0.6014339203468506,0.9331412644805258,0.5170406071899725,0.8478314251079662,0.39860145362215943,0.8671230528283719,0.29435215124801434,0.8076917230996377,0.17586328882454494,0.7887077962195073,0.059459698398527605,0.7595495360818683,0.358789831361959,1.0090307040096886
85.134000,0.7057912010018866,0.916305872596672,0.6017837247847934,0.9330376393785873,0.5171595418120793,0.8479568092489709,0.39868283850448144,0.8670164727132013,0.2943520009027759,0.8077283936067081,0.17587051170237977,0.7886985035630646,0.059465854191439904,0.7595445036986491,0.35866089335181833,1.0094666444013427
85.184000,0.70663921975968,0.9165320417168532,0.6024087138556331,0.9328500707047062,0.5173521418098078,0.848201505736295,0.3988083543712596,0.8668393826964028,0.294322693604374,0.8078245820702661,0.1758535595262587,0.7887179269747651,0.059444851515302766,0.7595801045180834,0.35071854893651805,0.9855549709511178
85.234000,0.7074411177286607,0.9167484063938575,0.6032935717302658,0.9325851718673321,0.5176524544451292,0.8485280542053858,0.39901620031349677,0.8665679877811845,0.2943245035468956,0.8079194700927587,0.1758748221619807,0.7886925884422726,0.0594639691423533,0.7595633368626302,0.34748128150718277,0.9681121419267306
85.284000,0.7089096090521426,0.9171514842908763,0.6043851463122776,0.9322521757384065,0.5179900731927054,0.8489701768425413,0.39924217034975074,0.8662599301173183,0.2942805499525455,0.808095866964159,0.17585331072986798,0.7887312340390776,0.05943573431789828,0.7596288647071536,0.34678927984712465,0.9587746246322306
85.334000,0.7100290925805118,0.9177272815751479,0.6056540615899213,0.9320093260853286,0.5183122515282794,0.8497207593512849,0.3994196908613412,0.8659860280327127,0.29412864634481317,0.808420448572046,0.17573792022003187,0.7888338220101428,0.059321831169123596,0.7597255038043333,0.34713074120002374,0.9580965194470124
85.384000,0.7115125311694608,0.920182739015243,0.6069253347565313,0.9327977457238648,0.5186401061006668,0.8515221749836467,0.39950358387158214,0.865891902364177,0.294001831165163,0.8087134083972717,0.1757447602077522,0.7883353524732588,0.059451708535330106,0.7587393032816345,0.3476021436306411,0.9395511304404041
85.434000,0.712376600355646,0.9228461296776616,0.6076197598392598,0.9339596677531802,0.5187710115471637,0.8533005087848473,0.39944066948415985,0.8659602663320218,0.29388973114317674,0.8088726195642442,0.17578193087896243,0.787646515007651,0.05964552977296256,0.7574416091798217,0.3489081202809749,0.9294817455318307
85.484000,0.7137526404796197,0.9273844029431842,0.6087555539163724,0.93592982841507,0.5191168295602743,0.856149510698858,0.39951232722476016,0.8658841406769296,0.29396037232991906,0.8087983734744352,0.17613700267736998,0.7860463721733734,0.06030260686169853,0.7547032270626143,0.34985104260041106,0.9278310364966748
85.534000,0.7149104077434671,0.9292768882237734,0.6098110327483499,0.9364530360499549,0.5191501472919965,0.8578362194799163,0.39942892697296795,0.8660111448799059,0.2935657933055197,0.8095045352694608,0.17584153263550062,0.7862451619003474,0.06006846267900823,0.7546762488272253,0.3519369594081899,0.9173560942128067
85.584000,0.7170488544612668,0.9321996019864881,0.6118158634749346,0.9370344555699638,0.5194695669261109,0.8604044254676578,0.399596028520248,0.865912128260847,0.29322193244627753,0.8103733878689908,0.1756747195488928,0.7862351870241533,0.060011972067883335,0.7542644371878677,0.35496677552779854,0.9061087118487224
85.634000,0.7184529916010991,0.9343039049038252,0.613156326205562,0.9374610380374272,0.5195465406191521,0.8623796951992748,0.39960044484731194,0.8659760974420301,0.2928224815374033,0.8112178418877851,0.17539679723571833,0.7864952071925578,0.05979857592300031,0.7542919274011728,0.3585712692178036,0.8950078661736951
85.684000,0.720666338298309,0.9368070446591482,0.6153228509749376,0.9374505780615533,0.5197621740003942,0.8648685072696984,0.3997643756863609,0.8655954125917714,0.2923365572071477,0.8121233281680775,0.17508638502439122,0.7865812624181832,0.059566004842849574,0.7540998560029828,0.36591515355709375,0.8764337102180899
85.734000,0.7221813172395378,0.9383265097773972,0.6168422532998055,0.9372299394776366,0.519850900884752,0.866571057866067,0.3998574438122355,0.8653179587447583,0.2919248581001964,0.8128722063935233,0.17478378654004678,0.7868343617494862,0.05929314574453448,0.7542473721891452,0.36798394113492666,0.8735285063718128
85.784000,0.7242805194273947,0.9414758914676551,0.6190113778631416,0.9375032004036643,0.5200352821498778,0.8696523899637484,0.400120663999064,0.8651264255669454,0.2915338222230288,0.8140490549111817,0.1746173633710688,0.7870205209237129,0.05923750809131367,0.7540434228764408,0.3691255797298477,0.871923313488949
85.834000,0.7256033234099155,0.9435797504104121,0.6204291147382459,0.9376011597183422,0.5200500467624893,0.8718437060547584,0.4002434779207759,0.8650329746420738,0.29117482314083404,0.8149927054132432,0.17441113973939193,0.787311624536084,0.05909556480016154,0.7541104472010153,0.3789624637041515,0.8545469953000536
85.884000,0.7273661796781943,0.946799730348741,0.6224159106418208,0.9376998999016168,0.5200326782216047,0.8751085768673247,0.40048127850748205,0.8647421490163758,0.29073345349996654,0.816209532085915,0.17422966292455078,0.787454240719645,0.05903671195727833,0.7538300820320076,0.3831794716839645,0.8489571223439061
85.934000,0.7283178176037063,0.9490861079198766,0.6235792616487652,0.9378080847471284,0.5198233447434261,0.8775195310480028,0.40051307246915674,0.8646720048332143,0.290285606364714,0.817238833779679,0.1739644102638137,0.7877535944614054,0.058850811040165985,0.753858767809283,0.394557933804909,0.8328479745105472
85.984000,0.7296819851233499,0.9521638160944009,0.6253521341622413,0.9375816929635453,0.5196372377855621,0.8807982386474558,0.4007925226865712,0.8641869866465015,0.2898736656966847,0.8183938958569841,0.17384445309110474,0.78777981703483,0.05886051502782175,0.7534477039705416,0.39795756253238795,0.8289416045490485
86.034000,0.730464549288547,0.9539541389101315,0.6264674183277708,0.9371627083227589,0.5194033478873712,0.8829659849833148,0.40093764351447503,0.8638380763827173,0.28950938001693544,0.8192988566553498,0.1736626854834421,0.7880011991445484,0.058739259944760924,0.753467067297126,0.40819084491248275,0.8168045204250854
86.084000,0.7308402955200337,0.9569999661085116,0.6274564240585254,0.9367767664042927,0.5185515523607511,0.88638104324345,0.40078172809053936,0.863353483902959,0.28866941887641157,0.8205652831896894,0.17314368134226577,0.7881029362753177,0.05835463617936376,0.753124727194844,0.4119537035865136,0.8126851497733553
86.134000,0.7308804020759032,0.9595487483428138,0.6279979233025462,0.9369090908577768,0.517928840403933,0.8891095407567746,0.4007329320040424,0.8633196385792862,0.28819044987855497,0.8216760350244264,0.172915641816909,0.788333590207787,0.05824382121737526,0.7529729686014246,0.42586529826027886,0.7984317398326013
86.184000,0.730650411971477,0.9634311534052497,0.6286557944167395,0.9370786137670585,0.5170235667893313,0.8930531012210072,0.40083906145088977,0.8630337621333184,0.28772788649875297,0.8229605528664385,0.17288227324704697,0.7881685262390694,0.05843219268075839,0.7520966665923862,0.4300221023548668,0.7940626847093942
86.234000,0.7302389880943209,0.9660228298950517,0.6289199092543156,0.9371818415892993,0.516275496406644,0.8958147501493231,0.4008605266897366,0.8629607585311754,0.28735782009474853,0.8240103336860971,0.1728038389891985,0.788269804690721,0.058494898466475376,0.7517531493595906,0.4361957338971667,0.7873069924028868
86.284000,0.7293292668835905,0.9696241612937564,0.6290784757186746,0.9372646614004715,0.5151519584806268,0.8995718415270683,0.40095392016289194,0.8627098279577967,0.28694885235521367,0.8252552619588872,0.17284148591493997,0.7881135209648902,0.058758668969450034,0.750896443194305,0.43821613679023136,0.7850746141102917
86.334000,0.7284679875279466,0.9720525126028524,0.6290582350295291,0.9371948092607139,0.5142374546280933,0.9023209166187207,0.4009974770459062,0.8626131405895127,0.2866081950874523,0.8263489409839884,0.1728136116976028,0.7882596670196473,0.058873026670077544,0.7506093936662543,0.453693751960006,0.7722524344642719
86.384000,0.7270326246664948,0.9748758574860312,0.6289302554640612,0.9364924831041037,0.5129079393069158,0.905852278249511,0.40115725439336414,0.8621283211853098,0.28620401861098466,0.8276935483072917,0.17284912851301115,0.78831501493089,0.05908949456570067,0.7501214855813536,0.46043208241103023,0.766214513387695
86.434000,0.7262234371373769,0.9760244494729202,0.6289302554640612,0.9364924831041037,0.5129079393069158,0.9058522782495111,0.4011572543933641,0.8621283211853098,0.28620401861098455,0.8276935483072918,0.17284912851301115,0.7883150149308901,0.05908949456570056,0.7501214855813537,0.4671760808432079,0.7602870866822008
86.484000,0.7245347790299209,0.9776314594001013,0.6288295111032973,0.9352524435058273,0.5117080920906438,0.909126341812783,0.4014540416557038,0.8617549966354899,0.28589236444296967,0.8294208234383972,0.17288753240844312,0.7890487051532197,0.05921494927014892,0.7505968671962404,0.46921829856427555,0.7585111763508031
86.534000,0.7234700934181039,0.9782714246501776,0.6286159369388049,0.9337315744766995,0.5107233013241739,0.9113412538816704,0.4017335511856854,0.8611293592704992,0.28569168859524297,0.8305632649307295,0.1729517059182707,0.789457349225798,0.059327480190015436,0.7508628505558453,0.4780580338033317,0.7507650618656618
86.584000,0.721160816253678,0.9800114590983054,0.6281862477302862,0.932454078889625,0.5096660281220046,0.913666914958191,0.4020753245109377,0.8605233312697036,0.28561689547912567,0.8315848740946565,0.17319725108222173,0.7896107921726812,0.059669062660051786,0.7507347014024289,0.4823908495895618,0.7467032269835627
86.634000,0.7196009849128628,0.980572345346895,0.6275567089505616,0.9310959617221753,0.5085241695761402,0.9158889051342781,0.4023294526253316,0.86000794154441,0.2854724753851132,0.832723387850483,0.17334319043693813,0.7899796929118061,0.059884636143929026,0.7509008436741388,0.48936390947496483,0.7404581479479673
86.684000,0.7170834819084904,0.9814062786657919,0.6268247613987012,0.9294785359866603,0.507389655816451,0.9178485938306052,0.40262764266664686,0.8593257726341024,0.28539405357311776,0.8337077011171292,0.17354623062753638,0.7902328290375733,0.06014739252966528,0.750981032670365,0.4932180883818273,0.7364012818149369
86.734000,0.7152681228872187,0.9819453265238146,0.6259470111951115,0.9279419515762747,0.5062186721342643,0.9198719561779177,0.4029131637170376,0.858814835948928,0.2853259682386029,0.8348721656818903,0.17374769198285034,0.7907100974808323,0.06039723856547363,0.751318795013471,0.4972729835679063,0.732244048605474
86.784000,0.712059517616888,0.9830511651935837,0.624883293394036,0.9264978090463768,0.5049783152704423,0.9217232710727241,0.4031391240735185,0.8582506066421124,0.28525320265330606,0.8358249623321166,0.17395874999205074,0.7909524228525675,0.060676782553150344,0.751364598392718,0.4976667319082425,0.7272854810256479
86.834000,0.7099666703485217,0.9834889820588082,0.6234503572340268,0.9254390848428191,0.5034614988472524,0.9238038901337889,0.40315421806533264,0.8579369832605291,0.28500988850012093,0.8369151519579678,0.17402839972483097,0.7912740613802455,0.06084106851369264,0.7514164641961685,0.5011546826369637,0.7234480078619125
