time,motor_with_onshape_mounting_x,motor_with_onshape_mounting_y,motor_with_onshape_mounting_2_x,motor_with_onshape_mounting_2_y,motor_with_onshape_mounting_3_x,motor_with_onshape_mounting_3_y,motor_with_onshape_mounting_4_x,motor_with_onshape_mounting_4_y,motor_with_onshape_mounting_5_x,motor_with_onshape_mounting_5_y,motor_with_onshape_mounting_6_x,motor_with_onshape_mounting_6_y,motor_with_no_arms_x,motor_with_no_arms_y,com_x,com_y
0.000000,,,,,,,,,,,,,,,,
0.029000,,,,,,,,,,,,,,,,
0.079000,,,,,,,,,,,,,,,,
0.129000,,,,,,,,,,,,,,,-0.0011171240966541783,0.36195148158188684
0.179000,,,,,,,,,,,,,,,-0.003129149380296615,0.36190025625051947
0.229000,,,,,,,,,,,,,,,-0.004688491357656945,0.3619126769143308
0.279000,,,,,,,,,,,,,,,-0.004269426279765169,0.36210250159219204
0.329000,,,,,,,,,,,,,,,-0.0047569102317329345,0.3618865956310037
0.379000,,,,,,,,,,,,,,,-0.0047452310953187485,0.36172297766183714
0.429000,,,,,,,,,,,,,,,-0.005136737045363202,0.36157562754827655
0.479000,,,,,,,,,,,,,,,-0.005427160404073081,0.3614736083344031
0.529000,,,,,,,,,,,,,,,-0.005551185792686753,0.36142106401972124
0.579000,,,,,,,,,,,,,,,-0.005813488680637868,0.36137922610380807
0.629000,,,,,,,,,,,,,,,-0.005919519940916447,0.36138401873322556
0.679000,,,,,,,,,,,,,,,-0.006239183490927773,0.36138870827867664
0.729000,,,,,,,,,,,,,,,-0.006215633022543819,0.36146231055133027
0.779000,,,,,,,,,,,,,,,-0.00667871050923215,0.3614335174940875
0.829000,,,,,,,,,,,,,,,-0.006599017448856152,0.361421207780631
0.879000,,,,,,,,,,,,,,,-0.0072598349600980355,0.36130687268581896
0.929000,,,,,,,,,,,,,,,-0.006925016839541821,0.36131321597898264
0.979000,,,,,,,,,,,,,,,-0.006586580108683182,0.3611657628934905
1.029000,-0.03440155385286109,0.008725366904925536,-0.006045019782001115,0.11060073386318471,-0.02497147660670022,0.229098789635254,0.007860980770417587,0.34451988706188175,-0.011065228896750282,0.4630179823095787,0.021766987746659527,0.5784391482145711,0.002841025240869016,0.6969372829379813,-0.006895392730753951,0.3608773332855841
1.079000,-0.033541549767710746,0.007487734235080115,-0.006293762626845924,0.1099831130147255,-0.024222264915539075,0.22863625794727996,0.007450776570710936,0.34438088392573457,-0.010477455107431036,0.4630340697472555,0.021195322407109758,0.5787787679601605,0.003267361344098975,0.6974319946707082,-0.0074792899381943105,0.3604483832661811
1.129000,-0.032920541584151045,0.006680323231223379,-0.006635264134547309,0.10915796914830633,-0.023340633161850553,0.22798949124862192,0.007142253131989573,0.3440532394311787,-0.009562822345120691,0.46288480279849387,0.02091977724061822,0.5789486262814494,0.0042149953180175975,0.6977802309156316,-0.006674011043381948,0.36037158821162507
1.179000,-0.03255832812777977,0.005950723020985141,-0.007168695954015598,0.10851076218834743,-0.02259486068217454,0.2275151042988688,0.006624524061235891,0.34390336639643776,-0.008801325696897032,0.4629077493351254,0.020417751003072672,0.5792960887668627,0.004992216219241723,0.6983005125334233,-0.007474979524091728,0.3604682359278256
1.229000,-0.03237290372263503,0.0054659424517121144,-0.007991643927986423,0.10830336472580193,-0.0219163791510939,0.22749271722411174,0.006016845493230574,0.3441963373949089,-0.00790755410629533,0.4633857291032011,0.020025341914728434,0.5800894279300963,0.006101277944304644,0.6992788588480583,-0.006747025631112461,0.3607089218480516
1.279000,-0.03204877656607722,0.004573874785122232,-0.008933746738856958,0.1078898348665721,-0.021320977208613735,0.22724877471310861,0.005259336696870225,0.34426794798264554,-0.0071275391588051275,0.46362692463097355,0.019452427084605532,0.5806461768696506,0.007065905849536064,0.7000051903193818,-0.007659040507446504,0.3606427513699363
1.329000,-0.03182097049065434,0.004015087444268059,-0.009917737271121756,0.10743729416653428,-0.020621011269176096,0.2269590073642732,0.00452458904644433,0.3442948449620295,-0.006178312394143699,0.4638165915220303,0.018966922178058752,0.581152507499658,0.008264393301956725,0.7006742874213786,-0.006814822185826526,0.36077770939061066
1.379000,-0.031463453136336854,0.0032482834584918116,-0.010946231985117263,0.10702778351356174,-0.019956986052329574,0.22668899824557176,0.003688420098011305,0.34433633042095685,-0.0053219452588313294,0.4639975744230824,0.018323078723690572,0.5816449834080063,0.009313102084459408,0.7013062566795223,-0.007770829924087629,0.3607895949841647
1.429000,-0.03121532247525244,0.0027942329231643364,-0.012017927778323858,0.10667690220452986,-0.019191550098487414,0.22646229005633609,0.002889181845711457,0.34441330224702665,-0.004284036905533483,0.46419871426679965,0.01779629765065601,0.5821498008488516,0.010623482475611089,0.7019352370356629,-0.006820659862119417,0.36095065344922034
1.479000,-0.030829707590046468,0.0022026448783029106,-0.013125724405612393,0.10638788217256229,-0.01847282031964617,0.22626869200168437,0.0019890809311610934,0.3445112841468256,-0.0033575984411091664,0.4643921125544159,0.017103891961056005,0.5826347757962514,0.01175762913777519,0.7025156227811824,-0.007805092988722277,0.36104534833427837
1.529000,-0.030561342518455326,0.0018333678599000915,-0.014266226400290107,0.10615384462961662,-0.01765296922330587,0.22610604332997705,0.0011382275540939707,0.34462562366872546,-0.002248087279338406,0.46457783445222406,0.016542686621764356,0.583097481836941,0.013156799784897998,0.7030497047022465,-0.006763327841102448,0.36117186636141446
1.579000,-0.03010202629306268,0.0013149111019593567,-0.015425416962743283,0.10592928512651249,-0.016883838065722384,0.2259204223320844,0.0001929894384793962,0.34469913238734523,-0.0012649941708602133,0.4646902749095952,0.015811400262967092,0.5834690472266231,0.014353854153959112,0.7034601950640369,-0.0077390791537928424,0.36120988059611436
1.629000,-0.02978490363062277,0.0010076450439430742,-0.01657579888762062,0.10571491419105263,-0.015992050331377107,0.2257134943394155,-0.0006742775512351591,0.34473183677895697,-9.008372377920446e-05,0.4647304147604145,0.015227247426300605,0.5837488140373279,0.015811886531293326,0.703747389850197,-0.006608283879474763,0.3612466800492724
1.679000,-0.029306582860891255,0.00071476846437652,-0.017746928764127614,0.10556167948522611,-0.015169434727887223,0.2255339951438527,-0.0016381511534253324,0.3447686560643564,0.0009397939747610128,0.46474096203084203,0.014470629235459224,0.5839756738271468,0.017049025461546578,0.7039479700996666,-0.007580075460995671,0.36134760094610024
1.729000,-0.02898718359736924,0.0006149283709709679,-0.01893563497794773,0.10552616604378869,-0.01425818363546361,0.2254349707619523,-0.0025354899380444287,0.3448610083436978,0.0021424164282454854,0.4647697953112434,0.013864656938276803,0.5841958773763641,0.01854301833391114,0.7041046465913465,-0.006400370013229739,0.3614146267998848
1.779000,-0.02850959642355934,0.0005783377632422758,-0.020136210194972692,0.10557243311962687,-0.013426129191519658,0.2253846812953751,-0.003525603753005039,0.34497556554681513,0.0031849342835648733,0.4647877881255643,0.013085003537322518,0.5843787101421238,0.01979599861211586,0.7041909071218391,-0.007360588569403852,0.3615883441581116
1.829000,-0.02819345869797493,0.0006297033369899199,-0.0213441473559931,0.1056927894098591,-0.012512282814516149,0.2253673404586138,-0.004440271896817356,0.34509554365128087,0.004392049683000034,0.46477006097017665,0.012463603361166177,0.5844982949888095,0.02129638198399207,0.7041727785757468,-0.006152056832153214,0.3616162944135124
1.879000,-0.02676772594518937,0.0007370281170471453,-0.02262055193140059,0.1058632019739638,-0.01181318681440802,0.22537554802733484,-0.005630346386250113,0.3452161608120415,0.005177473957461581,0.4647284656989051,0.011359857913016063,0.5845691020331539,0.022168133487919583,0.7040813657513573,-0.005005451447648277,0.36160369502762085
1.929000,-0.026056284270590677,0.0008458978932677627,-0.023045394881426148,0.10605415975185536,-0.010544938452865135,0.22540129456725647,-0.00650075466863978,0.34533312760799423,0.0060001533934618614,0.4646802151182919,0.010043883334732884,0.5846120634620654,0.022545243033144,0.7039591036652417,-0.006398356034408224,0.36174860748449134
1.979000,-0.025107519716548513,0.0011113772301172644,-0.024029932494563807,0.10624557255662392,-0.009806179744639643,0.2253996109165483,-0.00789027171985307,0.34538431534121933,0.006333927154593234,0.4645383004451573,0.0082493859457403,0.5845230120423207,0.022474030946118318,0.7036769438884097,-0.00780992141505709,0.361884749412897
2.029000,-0.02467503704156255,0.001161963003999371,-0.025079766375049935,0.10645773492164035,-0.009061515165697795,0.22538382786915614,-0.009213376227310971,0.34538373164768393,0.006805313560546276,0.4643097655218656,0.006653009961184363,0.5843096687395261,0.022672138329056707,0.7032356435385235,-0.007167066130349904,0.3615821315288561
2.079000,-0.023047687460021893,0.0013068314965624908,-0.02622289172836525,0.10652268133214995,-0.008566254599635531,0.2252165866579392,-0.010789385424133246,0.34519599191153033,0.006867681256400457,0.46388983333736783,0.004644116224688421,0.5838692305446286,0.02230161245930136,0.7025630080685873,-0.006355707722097908,0.36127294506864926
2.129000,-0.0222213257143137,0.0015832774720427579,-0.026636962649733358,0.1066475387268052,-0.007378869166218948,0.2250921495589402,-0.011697084949664895,0.34501442856149894,0.007561427088465529,0.46345897133942865,0.0032427875217156364,0.5833812350814547,0.022501718116774948,0.7018257098032848,-0.007219941587355441,0.3611963021846271
2.179000,-0.021348292496879983,0.0021494161691981996,-0.027396042878478317,0.10697966984849754,-0.00661206413250468,0.22516607436125735,-0.012928108213044227,0.3449997406160245,0.007856276752298382,0.4631860736912926,0.001539820785727588,0.583019718236168,0.0223246119731802,0.7012059798720228,-0.0066706047422049105,0.3610695632642498
2.229000,-0.020777057835111915,0.002455700682060037,-0.028332182849182694,0.10729918882347818,-0.005911631996526929,0.2251860791016658,-0.014068403623558634,0.344908537630337,0.008352539104062983,0.4627953533783361,0.00019536949272006346,0.5825177847914037,0.022616704097533566,0.700404526007441,-0.0074064284930378775,0.36094448851942623
2.279000,-0.01923446703317965,0.0032603934912257297,-0.02897439722781815,0.1076838536259196,-0.005040030550223543,0.22527273954436244,-0.014967453185853963,0.344861393987155,0.008967289905056703,0.4624502032887644,-0.0009605155573175067,0.5820388259513118,0.02297460395245042,0.6996275586337051,-0.008247942022910463,0.3611662150584133
2.329000,-0.01906035710733362,0.003736027364821265,-0.0294951056354199,0.1082166687102832,-0.0041517843972239295,0.22550995951760175,-0.01587942756725451,0.34493551116206783,0.009464252842770866,0.4622287243632889,-0.002263756042032255,0.5816542400938333,0.023080283545483946,0.6989473756865824,-0.007354532699177496,0.3609031178630348
2.379000,-0.01892400875456356,0.004079781777082488,-0.0304364371362789,0.10869247579989061,-0.0036352489099728443,0.22566125928169012,-0.016801678928213794,0.34493676020517616,0.009999850952059942,0.4619054654028946,-0.0031669274685175615,0.581180927866878,0.023634944069091328,0.6981495547786934,-0.008225045302893998,0.36057469270394293
2.429000,-0.01906567804695417,0.004075423070022322,-0.03166297885366186,0.10865671023641206,-0.0032524443204644572,0.22524505239540873,-0.017733655031389916,0.34436807509174183,0.0106772007767174,0.4609563389612078,-0.0038043382028527164,0.580079321751048,0.024606838881744503,0.69666750732966,-0.007257503109226418,0.35976862015974836
2.479000,-0.018878642072235146,0.004701311613354602,-0.032813530649292,0.10863993348204364,-0.002893042749296401,0.22484993478901996,-0.0185454823764988,0.34382472679848414,0.011375305866463549,0.4600346507760044,-0.004277441256044215,0.579009402330682,0.02564364733028519,0.6952192489778156,-0.0079490195951255,0.3596700580968134
2.529000,-0.018697789851586374,0.005287229714068032,-0.03366823050616042,0.10914006567060736,-0.00245611634880559,0.22500983709441963,-0.01935553629114592,0.3438139178560024,0.01185685590932287,0.45968361438232597,-0.005042849126037552,0.5784876545901829,0.02616982111878234,0.6943572762179692,-0.007215988264497241,0.35948316397120145
2.579000,-0.018448453973875838,0.006144044226564575,-0.034458167275510036,0.10972405577637949,-0.0021003261661130257,0.22527910810526403,-0.020151878520125278,0.34391359490234924,0.012206217960735434,0.4594685757215573,-0.005845596579655126,0.578103022623782,0.026512755274151735,0.6936579319322898,-0.007784009038790122,0.35964518878322316
2.629000,-0.0182987897300261,0.006681155202167044,-0.03517588800538299,0.11028152175613866,-0.0017327469581517735,0.22552715645391008,-0.020830996190245806,0.3439976459281584,0.012612376193001831,0.45924321349425884,-0.006486110858258077,0.5777136646301939,0.026957492862447696,0.6929591650637017,-0.007136104418435553,0.3594668617671362
2.679000,-0.018099617820297512,0.007423392369039484,-0.03582555241371646,0.11080155959188623,-0.00144014421780142,0.22576957124382072,-0.021484763934452335,0.34408361614304067,0.012900851378399737,0.4590515658488417,-0.007143981492944212,0.5773655746354586,0.027241840938127995,0.6923334623943357,-0.0075451513927836545,0.3595824092237591
2.729000,-0.017983889393863455,0.007869287442661197,-0.03639945130035589,0.11127457567304029,-0.001147081407757062,0.22597972122874369,-0.02202672105758174,0.344149263193217,0.013225830521342533,0.4588543529110451,-0.007653996311927204,0.5770238618015057,0.027598736954402063,0.691728895680812,-0.0069888552367427526,0.3594123843355379
2.779000,-0.0178361185411822,0.008454453028323504,-0.036901527242311924,0.11169781111486309,-0.0009216689295203744,0.22617684760535492,-0.02253113203760858,0.3442151087929045,0.013448882538775006,0.4586940961708646,-0.008160741700783508,0.5767323278596912,0.027819429140064106,0.691211266124611,-0.00723416180638147,0.3594783511616965
2.829000,-0.017754941129631233,0.008783506491701166,-0.03732410039666474,0.1120616513321715,-0.0007065843291629084,0.22633832225430786,-0.022929763276582905,0.3442625789510153,0.013687882582648157,0.45853920828408556,-0.008535430308660613,0.5764634397385878,0.02808234534296771,0.6907400274822153,-0.006775829638908635,0.35932790412423965
2.879000,-0.017659328330924623,0.009177872297123678,-0.037671860389564306,0.11236577963356967,-0.0005510360171105746,0.22647995227618864,-0.023278965364829513,0.3443079677375596,0.013841962516411479,0.4584221067091862,-0.008886073717927196,0.5762501015530711,0.02823495767258374,0.6903642068534444,-0.006854898336809006,0.35934310699937366
2.929000,-0.017613014940903428,0.009371084921727292,-0.03793733667868924,0.11260119301327312,-0.00041641499281684646,0.2265844393078169,-0.023529555482170488,0.3443374975981195,0.013991442543666521,0.4583207187631011,-0.009121776819445553,0.576073761571653,0.02839929754669132,0.6900569576069054,-0.006499896490544714,0.35922211098008033
2.979000,-0.017570021639512417,0.009551875475854742,-0.03812597213064292,0.11277003980255053,-0.0003324875713620369,0.22666320256865952,-0.023719386889633317,0.3443621955137013,0.01407414719752146,0.4582553418448263,-0.009312803312481277,0.575954324618012,0.02848078030277596,0.6898474545140533,-0.00625320465227523,0.3591362149709959
3.029000,-0.01749564737206176,0.009589763668448516,-0.038223852029041036,0.11286083218007745,-0.00027988963857790775,0.22670395106656957,-0.02382611107239425,0.34437117443769677,0.014117873311866973,0.45821428599364394,-0.009428370861672157,0.5758815048143552,0.028515635515766462,0.6897246090399592,-0.006169325598732671,0.3590973198848182
3.079000,-0.017464122930259205,0.009526447185087305,-0.03819727421702053,0.11287577230169488,-0.00022771395412999468,0.2267103560619995,-0.023826615955426362,0.34436702517128953,0.014142939281332579,0.4582016106080618,-0.009455957527307091,0.575858280758865,0.0285135926802924,0.6896928678731148,-0.005842928232572472,0.35899325934057186
3.129000,-0.017467695097488946,0.009405225588017648,-0.03810601123982165,0.11280505994605934,-0.0002189726262627409,0.22666713571069108,-0.02373029038253849,0.34434133819360624,0.014156715625086247,0.45820342480769516,-0.009354568432041617,0.5758776340236986,0.02853240496492431,0.6897397314888064,-0.00570880481542483,0.3589349757853579
3.179000,-0.017585552771696194,0.009086145907547142,-0.03793441175867711,0.11261245149208825,-0.00028265447356072906,0.2265525461577983,-0.023557467253442287,0.34427375533417903,0.01409422587580167,0.45821387120031964,-0.00918052061394694,0.5759350934829891,0.028471108353045622,0.6898752305516281,-0.00546088411160299,0.3587893343614962
3.229000,-0.017671219113147445,0.008819732886572715,-0.03777325888560473,0.11236264658209744,-0.0004520297198464737,0.22641143374571074,-0.02336990549631949,0.34420265145620255,0.013951232378851538,0.4582514684936304,-0.0089665491024917,0.5760427045504768,0.028354497474913063,0.6900915514639875,-0.00547037701358114,0.3587882290858254
3.279000,-0.017928609718205424,0.008328823044349818,-0.03748858262197953,0.1120672396171366,-0.0006265118260523339,0.226265259462649,-0.02306337023444933,0.3441490470874169,0.013798582036511395,0.45834710519163063,-0.00863815400848021,0.5762309161057984,0.028223679730011664,0.6904290124709993,-0.005019897518767684,0.35863328145672485
3.329000,-0.01801406772037053,0.007947336706841637,-0.03714450814859885,0.11171979018952605,-0.0008334247508044665,0.2260941981827749,-0.02268533300661926,0.3440878170245648,0.013625605635659347,0.45846227097405745,-0.008226153272633095,0.5764559174742662,0.028084640607466283,0.6908304173819164,-0.005197738210948417,0.35868366674381114
3.379000,-0.018235717249696845,0.007482642456220443,-0.03678742232408702,0.11133947759142904,-0.0011701995021204913,0.22593185705069477,-0.02236572807831637,0.34404514826151106,0.013251324384060393,0.4586375806712403,-0.007944028582178523,0.5767509033952753,0.027672853513510277,0.6913433887573965,-0.005518007679966018,0.35880940184299054
3.429000,-0.018331863365034288,0.007026203978343391,-0.036202853361639135,0.11104210354045455,-0.0013965268147286339,0.2258833836470028,-0.021809328484323095,0.3441344619211365,0.012996802246128484,0.45897580137595045,-0.007415797777834273,0.5772269144584893,0.0273901371293483,0.6920683132632685,-0.004753366847328886,0.3588047021020864
3.479000,-0.018525831357447852,0.00633891172035335,-0.035571881543054726,0.11064627881052627,-0.0017032502750421556,0.22576758794134974,-0.021207146764479295,0.344171971396416,0.012661263482297104,0.45929334555134543,-0.0068424056670171075,0.5776977664542795,0.02702578355211614,0.6928192056347388,-0.00515518286990487,0.3590200754443132
3.529000,-0.01876833932145906,0.005890854987793127,-0.03497702306258827,0.11018906661562512,-0.0021002315962441905,0.22559754369967916,-0.020591448581150588,0.3441642966045125,0.012285097945075086,0.4595728434651806,-0.006205867380904968,0.5781396356175034,0.02667043419939734,0.693548252255877,-0.004349081698959376,0.35894742535575713
3.579000,-0.018880107887366764,0.005161500072669331,-0.03415245094541664,0.10976520609048712,-0.002430801609534971,0.2254965197588775,-0.019820096632179665,0.3442298866723616,0.01190128421556316,0.45996127393231123,-0.005487735338631224,0.5786946811896643,0.0262333770155986,0.6944261420419766,-0.004787434312607142,0.35918115115675897
3.629000,-0.01904019413998698,0.004764662634296325,-0.03325943811993591,0.10938360146318328,-0.002713574409337449,0.2254307910456569,-0.018984545509007748,0.3443225716670119,0.011561028264247881,0.4603698375662119,-0.004709645777039261,0.5792616588412052,0.02583563805372771,0.6953090010577114,-0.003714998641460812,0.35920581967261395
3.679000,-0.020077531194804606,0.0038280636142029364,-0.032693866300582144,0.10883328865764796,-0.0033290435318735073,0.22518494171464237,-0.018215421518172792,0.34425801060316497,0.011149090280467778,0.4606097421423252,-0.00373696944718737,0.579682850818747,0.025627231376268364,0.6960346608404803,-0.0029719885851036826,0.3589288262534238
3.729000,-0.020915588864239977,0.00304128110490237,-0.03219985128121728,0.10821299915608075,-0.004145936499606075,0.22488766590272397,-0.01751223436187334,0.34414093452157957,0.010541348981856203,0.46081568096051867,-0.002824610103223775,0.580068987550147,0.02522864179823284,0.6967438136814421,-0.003672671423685974,0.35890307818822526
3.779000,-0.021197672768381994,0.0021125565286721675,-0.031307000557347815,0.10741102540092609,-0.004763190026236146,0.22443848423577215,-0.016606803244663442,0.3438525907117519,0.00993665635160185,0.46088012914401405,-0.0019065987622572354,0.580294271136629,0.024636509895628933,0.6973218891660019,-0.004278480646936068,0.3590892788008879
3.829000,-0.02162941184888473,0.0015181778057004284,-0.03060941891088557,0.10675627121007322,-0.005555722405780672,0.22411176657021797,-0.015786999766543533,0.3436748083656854,0.009266328090467572,0.46103038242624705,-0.0009645736756961586,0.5805934563615918,0.02408838553053446,0.6979491091219332,-0.003167747491815056,0.3588049448989234
3.879000,-0.021632967363808635,0.0007171944378028953,-0.02918348157690099,0.10618361630844408,-0.005819505957989836,0.22388716187021415,-0.014433564266768912,0.3435775875296856,0.008930026082556292,0.46128120956623114,0.0003163595601537936,0.5809716634217228,0.023679564637310142,0.6986753619322453,-0.0037747896906343004,0.3589846101659247
3.929000,-0.0220634474086621,0.0002797339873440775,-0.027931683784666365,0.10566250486177838,-0.006160533978292512,0.22367105110300184,-0.01300791800246437,0.3434755304899892,0.008762831778322048,0.4614841505304074,0.00191585388045111,0.5812886531287259,0.023686203633016177,0.6992973469674225,-0.002166242846988107,0.3588293278185873
3.979000,-0.02252567755301609,-0.00037737378286151186,-0.02658791426650153,0.10514719023056758,-0.006572373175125556,0.22346615778583773,-0.01162544897483639,0.34335972057908,0.008389678640177204,0.46167875807973896,0.0033370218320731213,0.5815723385312214,0.023351735969197398,0.6998914459760408,-0.0008410761677530715,0.35866706671635007
4.029000,-0.023678050443236526,-0.0007533067470005397,-0.02594576768500932,0.10473879060109519,-0.007619523485653781,0.22333115449210814,-0.010787893960277432,0.34328931981778243,0.007537925206543419,0.46188174938888893,0.004369984671342263,0.5818399260694792,0.022695378803990578,0.7004324213193726,-0.0020255185846998307,0.35881441179444135
4.079000,-0.024574554203181043,-0.0013568063091077844,-0.02551481385973712,0.10425615951104727,-0.00886463674504918,0.2230954274315285,-0.009965934623679897,0.34309037374712215,0.006683807500709335,0.46192970261184574,0.005582948854505519,0.581924652957854,0.022232255986606574,0.700764042765475,-0.0007530406117268323,0.35853352316560566
4.129000,-0.024831604432635903,-0.0016366418350692929,-0.023858757757121755,0.10377002010943155,-0.00906442996524616,0.22285456090939035,-0.008288414995526374,0.3428520516997179,0.00650546964417394,0.4619366475533289,0.007281931174485157,0.5819341354549508,0.022075372660830764,0.7010187863606855,-0.001270454170925521,0.35864108808470063
4.179000,-0.026177805909905733,-0.001941657620997758,-0.022880324452101256,0.1034838842190735,-0.00995162233378057,0.22278538740100481,-0.00716725956179106,0.34275308023485396,0.005760993010415459,0.4620546321332339,0.008545807850733916,0.5820223144740544,0.021473610875455643,0.7013239150873176,-0.0022834381300712893,0.358704367089681
4.229000,-0.026906715147436637,-0.0021102426242878805,-0.02237476905247064,0.10324869274149917,-0.011176253392030834,0.22272502197439775,-0.006288199731680644,0.3426254261913136,0.004909861934133151,0.4621017979762559,0.009798371211538263,0.5820021836178833,0.020995978882095073,0.7014785979531878,-0.0012625356888426066,0.35851572197410203
4.279000,-0.027342050011922674,-0.002189359920192206,-0.021126722207353503,0.10303874327269648,-0.011858945513855603,0.2226803259899644,-0.004959620617542546,0.342481825629374,0.0043076994654881046,0.46212344371610875,0.011207481595058473,0.581924917022746,0.02047434506664904,0.7015665704772701,-0.002161914986748212,0.35863881838528466
4.329000,-0.028007071427641795,-0.0021531712401825446,-0.01990459280322545,0.10285592133992315,-0.012539103293363657,0.2226296645520553,-0.0036728177515814413,0.34230167038368553,0.0036922144105792608,0.46207544171954973,0.01255895692891677,0.5817474136937246,0.01992353174266,0.7015212131516121,-0.0009579696913744884,0.35848745649318886
4.379000,-0.02769289971744731,-0.0019910158693791846,-0.01847075278309821,0.10282409033088581,-0.013282974129164826,0.22271190012251565,-0.002649050888943138,0.3422398033589763,0.0025382716399156256,0.46212763288715825,0.013172649654295113,0.5816554956632914,0.018359516060811654,0.7015433449261691,0.00016249268944287798,0.35850212159821004
4.429000,-0.028459330853230626,-0.0019158027806444485,-0.017277122726237115,0.1028411261351108,-0.014088982459436496,0.22279876754301356,-0.00161310229186018,0.3421484734786843,0.0015745849222931659,0.4621061269265747,0.01405091586596836,0.5814557857407281,0.017238150030341976,0.7014134512268175,-0.0010585663898913487,0.35843600345542
4.479000,-0.028895169081617458,-0.0017812303309731464,-0.01656499554831016,0.10277284079691466,-0.01526229897408804,0.22276576378555393,-0.0010111533559253906,0.3419165234416085,0.00029109485088665843,0.4619094512962863,0.014542685706244014,0.5810601576976787,0.015844485549493005,0.7010530904166774,-0.00201843609778337,0.35831009960221144
4.529000,-0.029949601562287372,-0.0015676348897080954,-0.01543153357077654,0.10272756284584829,-0.015989149256415917,0.22272626593911996,2.112624341698427e-06,0.3416559907346262,-0.0005559450634484812,0.4616546917730559,0.015435754904688403,0.580584357662554,0.014877255215343235,0.7005830566445167,-0.001921651196006527,0.3581402065231659
4.579000,-0.02845633104898785,-0.0013194724977813705,-0.013672912065504559,0.10267914992608965,-0.016074329375423482,0.22265509183074358,0.001836652342146923,0.3413108690274358,-0.000565198162196405,0.4612868022585881,0.017346212001294867,0.579942514779552,0.014943928307713385,0.6999184393357418,3.688765953309067e-05,0.35792606743631494
4.629000,-0.027290389519469948,-0.001040906714119739,-0.01153693348003625,0.10281196925966692,-0.016420058255813746,0.2227125664094234,0.00253391674513807,0.3412062155772512,-0.002349631147276498,0.4611067954936634,0.016604762018679282,0.579600377771436,0.011720791017041245,0.6995009404533101,-0.0005880175991863426,0.3578537397187842
4.679000,-0.026741942786905774,4.6732782971686664e-06,-0.009048081375591852,0.10324163943057017,-0.016295233297619685,0.22302260114368933,0.004046941705512463,0.3412858495151318,-0.003200620085309684,0.4610667864291036,0.01714195960308533,0.5793299651909009,0.009893987950988226,0.6991108773047725,-0.0016181148614132952,0.3580099492860263
4.729000,-0.02646043194466171,0.0007885613200149803,-0.007412594167008957,0.10400912214962876,-0.016621558163785008,0.22365524612140866,0.005250406523457155,0.34164514886930825,-0.003958953039892368,0.4612912423943267,0.01791340174588783,0.5792810728284091,0.00870364662492219,0.6989271359060398,-0.00047339846188124146,0.3584891454095365
4.779000,-0.02593769820750096,0.0018118304741216026,-0.0056659224460055314,0.10459952401342387,-0.016842414721683636,0.22407791545057607,0.006448271868133827,0.34179598508323294,-0.004728599823978694,0.4612743410276285,0.01856246059812039,0.578992336696423,0.007385209498553633,0.6984706571476867,0.00034255139403222695,0.35879122208304537
4.829000,-0.026503836314488334,0.00237602286871116,-0.00450233294581303,0.10518769611421404,-0.017330894124192635,0.22450000905002368,0.007284783391885111,0.3419481611020012,-0.005544141284585139,0.46126043495362745,0.019071894052362544,0.578708512010215,0.006242605887889947,0.6980207467776222,-0.0005241353736847101,0.35870524862447756
4.879000,-0.027290181646400263,0.00319456735250816,-0.004019114470838029,0.10563292404174562,-0.01833256096490167,0.22477622087206806,0.007825613554891187,0.3418904805796021,-0.006488177741651453,0.46103373598608044,0.01967033570812333,0.5781479199910379,0.0053561996204398825,0.6972911339740219,-8.31816872131387e-05,0.3586867904981945
4.929000,-0.02795946523053782,0.003975295854310077,-0.003348783554831848,0.10599186056288364,-0.019131033179017334,0.22494950258000515,0.008451631808056238,0.341736473559686,-0.007330942315706145,0.460694072524618,0.020252041245361018,0.5774809682632575,0.004469142635075873,0.6964385241768313,-0.0012587158707413407,0.3587374075295246
4.979000,-0.028601325156527406,0.0046946603170395194,-0.0028014724404770396,0.10657569380193332,-0.01989014082023817,0.22535270089069848,0.00911521070729801,0.34179448712448757,-0.007973760442350028,0.46057145065279365,0.02103188789685785,0.5770131629511516,0.003942613989213924,0.6957900829199214,-0.0004070140394494305,0.3585663068987895
5.029000,-0.029073863649524904,0.0051910080242655865,-0.0021260861260073635,0.10679177923797385,-0.02030115334796969,0.22540740608147644,0.010090428884087971,0.3414950959087447,-0.008084918936754837,0.4601106797566998,0.022306937906118065,0.5761982976909235,0.004131309497560309,0.6948138385443631,-0.0011198554845454865,0.35833616566348836
5.079000,-0.02996809876907354,0.006049735877475056,-0.0018257085313284523,0.1072728141979409,-0.021080921920464887,0.2257178932740208,0.010539455228726978,0.34147691775566913,-0.008716015095119295,0.4599219550624616,0.022904613153567996,0.5756809109542557,0.003648885908145466,0.6941259064933241,-0.0008296253300967282,0.3583663079289902
5.129000,-0.030441782779610554,0.006553613081362709,-0.0014839945813710717,0.10765725853082676,-0.02169747261593105,0.2259425716755548,0.011025743899518818,0.3413946877275484,-0.009187967063711076,0.459679961067449,0.023535476792132762,0.5751320126828856,0.0033215329144935662,0.693417246219924,-0.0015580329930067506,0.35820677152637265
5.179000,-0.0310734293795596,0.007246458388754663,-0.0011774894285557502,0.10801165026020787,-0.022287127348528002,0.22614032242275978,0.011420891753908362,0.3413087618850958,-0.009688953723085189,0.45943739695694213,0.0240192677257239,0.5746057771954348,0.0029092147066394625,0.6927343751788674,-0.0013447087574464563,0.358179648078798
5.229000,-0.031441250468433095,0.007660967574616255,-0.0009049828228468136,0.10833373979800145,-0.02277476028351071,0.22632404801787617,0.011806977967821049,0.3412331572282273,-0.010062981533367134,0.4592234317063231,0.024518933995130582,0.5741324875652057,0.002648792468721496,0.6921227283040688,-0.001951314154194063,0.35803047095934704
5.279000,-0.03191187575019612,0.008203197386408897,-0.0006701747722201445,0.10861730673777323,-0.023224005340927854,0.22647877086697035,0.012109001391985369,0.3411591032488217,-0.010444984493164847,0.45902053765674167,0.0248881733545548,0.5737008234800169,0.002334032168456082,0.6915622281694126,-0.001833256252200429,0.35799481532613925
5.329000,-0.03217092900121194,0.008507310688363566,-0.00047112568917406783,0.10886161616515821,-0.02357850936882497,0.2266158042838039,0.01239068349202696,0.341098192295842,-0.010716828837048654,0.4588523551690144,0.02525248908910635,0.573334703886741,0.002144848126206661,0.6910888415173557,-0.002312169720458994,0.35786941877785905
5.379000,-0.03247652249029978,0.008871083691747057,-0.0003115273988329656,0.10906052059481272,-0.023882898336820658,0.22672270854023469,0.01259607426406905,0.3410436801857885,-0.010975397625481206,0.4587058479074487,0.02550367305069976,0.5730267882578599,0.0019321002252483746,0.690688935758806,-0.002691347776252972,0.3577645391522607
5.429000,-0.03262454091341034,0.009049031923270352,-0.0001889889273345921,0.10921496621678684,-0.024100682410190172,0.2268084648244138,0.012769942333149112,0.34100372318059896,-0.01114182465875474,0.45859720684072747,0.025728871459801718,0.5727924421517204,0.001817030974517679,0.6903859108674886,-0.0026370691078862994,0.3577403920977259
5.479000,-0.03276254960895553,0.009215362437527267,-0.0001070781558093481,0.10931936413290644,-0.024257005438197733,0.22686416840878817,0.012876198582098417,0.3409743132653567,-0.011273773921671164,0.458519108250363,0.025859473989129828,0.5726292388242737,0.0017094562796302198,0.6901740245216021,-0.0027141599616432623,0.357703981427634
5.529000,-0.03278933692826664,0.009262500099672376,-7.344274515828919e-05,0.1093802381893682,-0.02433989451595466,0.2269010419547952,0.012942168159611522,0.3409626384829071,-0.011324300990257611,0.45848343865979013,0.025957778544144272,0.5725450296774378,0.001691292029407411,0.6900658262687072,-0.0029166208797970564,0.3576606822742878
5.579000,-0.03273968836326856,0.009234302809057526,-4.279844859567811e-05,0.10938675150658836,-0.024322170977605535,0.22690488657336566,0.012969016786125123,0.3409635000803745,-0.011310344625137855,0.4584816374440897,0.02598083234162786,0.5725402544811393,0.001701482059446903,0.6900583941441332,-0.0030419014026645576,0.35763873779396416
5.629000,-0.032694019201175206,0.009170306338480157,-8.581549945871347e-05,0.10936750920211541,-0.024276324467995304,0.22690396845430555,0.012924312322502136,0.34099214749472856,-0.011266158667053598,0.45852861456347344,0.025934441253766927,0.5726168056259547,0.001744008252174134,0.6901532805130897,-0.0031386582933507906,0.35765816237777265
5.679000,-0.0325101185266085,0.008972185408467238,-0.00014788154834425443,0.109300623022961,-0.02410249997727469,0.22688538502811656,0.012866530465028808,0.3410488239568456,-0.01108802124872019,0.45863359955334043,0.025880944418071684,0.5727970594580102,0.0019264594254379541,0.6903818486470139,-0.0033572125727915486,0.3576785075442159
5.729000,-0.03243944239631842,0.008764396831302184,-0.00034917009653760017,0.10919480552281056,-0.023948311452532678,0.22685142678313272,0.012698262678796993,0.34111878258759265,-0.01090078419513511,0.4587754227987473,0.025745698176217593,0.5730428080314206,0.0021467457891941183,0.6906994671943008,-0.0033627640759353733,0.3577420243907822
5.779000,-0.03223734302819099,0.00837875713938804,-0.0006152546803265199,0.10902274367557756,-0.023765985832389917,0.22676841725692337,0.012395156000312747,0.3411903199738207,-0.010755452760782158,0.45893601761917285,0.025405570137545498,0.5733579579232359,0.0022550837725109005,0.6911036796334632,-0.0037580235086451426,0.35776556482601646
5.829000,-0.03198884391476576,0.007974642585476343,-0.0008830566091690625,0.1088195695529324,-0.023469447115412465,0.2266747983885198,0.01212365918917261,0.3412746709159225,-0.010462582044296002,0.45912992835882455,0.025130379114129728,0.573729845966479,0.0025442871580570042,0.6915851320173856,-0.0035618780287449726,0.35779418853415423
5.879000,-0.031718412117601374,0.0073382209671166085,-0.001104346792500665,0.10847977812760251,-0.023009380121699632,0.22646354612247202,0.011871791775874371,0.34128211536145076,-0.010033065409181089,0.4592659160593555,0.02484793507334214,0.5740845373730277,0.0029432540371101754,0.6920683707745646,-0.0031469668490154007,0.35789447881951586
5.929000,-0.03136938297976229,0.006798688951943727,-0.0016329854050741652,0.10804880452444351,-0.022698343056695318,0.22618538100986674,0.0114457930581148,0.3412252782933556,-0.009619362715043232,0.45936189077627543,0.024524576817850745,0.5744018464055977,0.003459622927538729,0.6925384948864399,-0.0036342129792022726,0.3577549306831815
5.979000,-0.030563913679900974,0.005609091043072499,-0.0019002520864035977,0.1074661475929627,-0.02215255568241621,0.2257448193625603,0.01097101226575245,0.34108271098081644,-0.009281063982079053,0.45936142167795463,0.023842282273783183,0.5746993769631766,0.003590433378713599,0.6929781265881901,-0.0032051414672592884,0.35759865490596493
6.029000,-0.02989549154555648,0.00485569291964946,-0.0020770600075384407,0.10675842581450683,-0.02136881678629727,0.22519755833440022,0.010717917979338017,0.34082818335993137,-0.008573587267511493,0.4592673568498989,0.02351290193307406,0.5748980500178293,0.004221648222943689,0.6933372644781058,-0.0035241059629929107,0.35722450168596775
6.079000,-0.028999313035999282,0.0036242134300147706,-0.002278344730431585,0.10602947663575134,-0.020495996803384646,0.2246385705212228,0.01041132217816082,0.34059001566702257,-0.007806054632961842,0.45919915183074883,0.023100995256669657,0.5751506687037345,0.004883893712140215,0.6937598471457933,-0.00397341691065347,0.35681371656452476
6.129000,-0.02835234259234248,0.0026854442040401215,-0.0025983185680680983,0.10524208174651421,-0.01968252824561626,0.22401973023171537,0.009965409020260288,0.3402995643211511,-0.007118503124888407,0.4590772556011102,0.022529142867833703,0.5753571639562435,0.005445528259410699,0.6941348980308225,-0.003256096994017979,0.3566003044075061
6.179000,-0.02760646059342104,0.0016424093721772474,-0.003222859247837398,0.1045897925856008,-0.019010718398269007,0.22354669025630305,0.009292234174128354,0.3401611956088831,-0.006495305854059368,0.45911813563278486,0.021807333882994953,0.5757327169117017,0.006020112981326799,0.6946896992884988,-0.002562839851124224,0.35670726637431954
6.229000,-0.027320574578313595,0.0008158928029425647,-0.003940638367046636,0.10390090427772251,-0.01835703553178527,0.22303178815083574,0.008561452750730524,0.3399736326228706,-0.00585460529328842,0.4591045575335427,0.021063550102473676,0.5760464786312702,0.006647831183453329,0.6951774445790391,-0.0033313254877243466,0.35631484143008235
6.279000,-0.027101699909368705,-0.0003227157595243178,-0.004814575647115234,0.10314182092233574,-0.017699818008652873,0.22244802582918619,0.00775870040343242,0.3397163669970449,-0.005126183771227651,0.45902261058805116,0.02033198257437578,0.5762910281876732,0.007447456591053982,0.6955973104622294,-0.00442501376731335,0.35601535085388436
6.329000,-0.02682559006436266,-0.0008861423102498587,-0.005897884425940116,0.10260740584924508,-0.017165470960232257,0.22207724092777925,0.006832414564749777,0.3396531801769716,-0.004434796430805982,0.45912305067318304,0.01956271951148189,0.5766990653555986,0.008295884060237943,0.696168971268822,-0.003617720598558496,0.3561320793393485
6.379000,-0.026396891477206915,-0.0016603220861065517,-0.006887502405801535,0.10219705054313295,-0.01638744037120934,0.22182042275213465,0.006082397422972882,0.3396979286194676,-0.0034171488401031555,0.45932133193502145,0.019052302970452746,0.5771989113779887,0.009553148416080764,0.69682234579931,-0.004409141053543304,0.3561321245955633
6.429000,-0.02610246325790214,-0.002119562437096444,-0.00791763863822214,0.1018403887761957,-0.01565245123513836,0.2215908487923918,0.005230716541228947,0.3397597673100126,-0.0025036900362116407,0.4595102535507575,0.018379077084523555,0.5776792428727496,0.010645076533330626,0.6974297553370986,-0.003510488011871312,0.3562730655412125
6.479000,-0.025649999286588007,-0.0027131567941188033,-0.00898754464711276,0.10155319658800364,-0.01481838038861601,0.22141145185044103,0.00442135104829167,0.33985904673626244,-0.0014090657841963165,0.4597173223769518,0.017830251675420322,0.5781649845053708,0.012000253758873258,0.6980232805231811,-0.0024445655682463034,0.35641460441998635
6.529000,-0.02534278010088476,-0.0030773015795015927,-0.010090061761156588,0.10131434410087367,-0.014038522981103103,0.22124936673394183,0.0035114778358991024,0.339959086097283,-0.0004365535067782679,0.45989412288185755,0.017113021826790684,0.5786039051477322,0.01316542036820987,0.6985389560824955,-0.003359757520506719,0.35647110574679874
6.579000,-0.02487384202127887,-0.0035831463468922547,-0.0112230826586544,0.10109012357818885,-0.013161608608517733,0.22107446471127878,0.0026562617938748513,0.3400273754614286,0.0007181750465717653,0.46001172368968674,0.016535610024820478,0.5789646923399432,0.0145979624866526,0.6989490476618678,-0.0042018526608316835,0.3565022278422044
6.629000,-0.024557865940794562,-0.0038856428752574827,-0.012379196643223293,0.1008748118506905,-0.012348159372501404,0.2208748078368897,0.001704984881660765,0.3400490883531643,0.0017364687247244347,0.4600490842230293,0.015789169483421947,0.5792234170358732,0.015821099905072633,0.6992234127877406,-0.00316415894210283,0.3565282528070678
6.679000,-0.024081292243451635,-0.004170902621434151,-0.01355640115197785,0.10074322672524856,-0.011442631718212505,0.22072460852584655,0.0008180938245821862,0.3400966094689665,0.0029323153763215863,0.4600779833035338,0.01519259110215735,0.5794500304466,0.017307264777752636,0.6994313963133287,-0.004011939908001784,0.3566114133518626
6.729000,-0.02376309233901399,-0.004269587709178422,-0.01474910906715351,0.10071615455715836,-0.010612411062787024,0.2206448322352712,-0.0001632786164858964,0.3401890317228234,0.003973875107931131,0.4601176936809248,0.014422553299494306,0.579661932873155,0.018560162749423573,0.6995905791093228,-0.002934496960753298,0.3566665627870555
6.779000,-0.02328728591704113,-0.004304661748030846,-0.015953429291216983,0.10076928594649386,-0.009697701892457992,0.22060611615621029,-0.0010730293768033382,0.3402957774641015,0.005183155383091269,0.4601325837977571,0.013807371103141314,0.5798222780208357,0.020064013229186307,0.6996590604764181,-0.0037789375854745642,0.3568119882011747
6.829000,-0.022972323763429336,-0.004252301418168991,-0.017163723221396796,0.10088888949029963,-0.008866636417688404,0.22060170564033316,-0.0020710084722629814,0.340409132124785,0.006226535453014728,0.4601219165916417,0.01302170591933708,0.5799293690240077,0.021319706970789866,0.6996421218056141,-0.0026806993403065173,0.3568316442333444
6.879000,-0.021317267462481644,-0.004357127321502872,-0.018046616358725877,0.10094396498361967,-0.007877498113607212,0.22051230959651955,-0.003155998495745504,0.3404193879524429,0.007013574666477836,0.4599876938744164,0.011734618085597896,0.5798947901928982,0.021904646168318557,0.6994630574219136,-0.003911963062862574,0.3567921272523322
6.929000,-0.020614299794469715,-0.004242852475462286,-0.01889260949677663,0.10099411235903893,-0.007048360419639466,0.22040815575644393,-0.004495019469016731,0.340380987887897,0.007349680616227251,0.45979498655057055,0.009902568453888573,0.5797678283246168,0.021747719549319255,0.6991817822506323,-0.003091111175668359,0.35672376946330275
6.979000,-0.01955996388516553,-0.004014173026661885,-0.01981540234029237,0.10121015217600468,-0.006186331028705302,0.2204336750839773,-0.005732473985045448,0.34043281680099247,0.00789704236116284,0.45965628883386245,0.00835045148006704,0.5796554322441686,0.021980412861677807,0.6988788534001635,-0.004315372557714147,0.3567841399892357
7.029000,-0.01871686976053841,-0.0038693190308232823,-0.020369201837283846,0.10136248064111225,-0.005139195342500593,0.22039208579032915,-0.006836737720256357,0.34038007831343153,0.008393706282706605,0.4594096274820403,0.006695722877947417,0.5793976137648572,0.021926604388938186,0.6984271069512429,-0.0034318965621828266,0.35657480829343835
7.079000,-0.017454525024170928,-0.0036816043701330316,-0.021304730213644436,0.10147239497775505,-0.00441783052013772,0.22027825600751438,-0.008074100746891324,0.34022254176136735,0.008813227379721338,0.4590283418934521,0.005156524614483526,0.5789726144614219,0.022044281174848336,0.6977783536941639,-0.002517420760612326,0.35620271612605764
7.129000,-0.01683925314394816,-0.0034782980591173862,-0.02187708853498547,0.10167297342619229,-0.0032443595266815773,0.2202175701272478,-0.008809712515765619,0.34008844577600267,0.009823433635102588,0.4586329769102259,0.004257658833373666,0.5785038329743585,0.022891222127892963,0.6970482985400747,-0.0033247247248749355,0.35610234211881175
7.179000,-0.01713050821221331,-0.0026909111690212213,-0.023450198012188943,0.1021756470833647,-0.002996767818118626,0.22041970483063023,-0.010341914205818748,0.3401946973114416,0.01011191989724575,0.458438685191277,0.002766364371030068,0.5782136525811554,0.023220602382903417,0.6964575705921716,-0.002950412078139184,0.35616622579360996
7.229000,-0.01657768382107899,-0.0022370653174831976,-0.024883521279562358,0.10253242078738863,-0.0028573063067369644,0.22049362561584132,-0.011918836408973035,0.34015100590564445,0.01010776874422685,0.45811213787729765,0.0010458428513883886,0.5777694881936254,0.02307283818358914,0.6957305473073998,-0.004394978830694004,0.35619789634159177
7.279000,-0.015957797523827463,-0.001343408416790099,-0.025641375008235767,0.10310343787661601,-0.002032897546916646,0.2207581857895256,-0.012892027539854505,0.3402658390759541,0.010716823654312476,0.4579205119953912,-0.0001426859577856182,0.5774281307868859,0.023466538969497516,0.6950827287115614,-0.003615471790472344,0.35608244088441526
7.329000,-0.015238738182003976,-0.0009089276749816541,-0.02662809230158085,0.10368286155604275,-0.0016467747690953553,0.2210537854330105,-0.014182851123726494,0.3403971840285413,0.010798823570562704,0.45776803188634846,-0.001737615951931143,0.5771113923334205,0.02324441590562897,0.6944821641706185,-0.004591524830408068,0.3561888141185391
7.379000,-0.014352415934561042,8.481619490487511e-05,-0.027400075090350768,0.1041695801365138,-0.0008543169448979142,0.22119659718340245,-0.014908716540456233,0.34037072958288034,0.011637379374305415,0.4573976700115425,-0.002417364195924603,0.5765717618450217,0.024129069490588802,0.693598625653878,-0.0037649318049492314,0.3560420420031935
7.429000,-0.014025634481841794,0.0005883538550618457,-0.02776141336432335,0.10480804964794742,4.171702074294743e-05,0.22154273130966332,-0.015595750965220635,0.34051949193389447,0.012207697315213012,0.45725409788083454,-0.0034300946800682602,0.5762308159191092,0.02437367149714462,0.6929653461500223,-0.00420419835747717,0.35619691670160325
7.479000,-0.013651784485122557,0.0015043983074438114,-0.0285663138189275,0.10531617871268935,0.0007445108624878783,0.22168144653156965,-0.016079489511942244,0.34049623099104565,0.013231631469283096,0.4568614241756417,-0.003592671450845063,0.5756761657946943,0.025718745831334718,0.692041284343915,-0.004794177280979046,0.3563732533931822
7.529000,-0.013425392299537743,0.002135185038571188,-0.0293829798064019,0.1059582510957201,0.001125532018308029,0.22201526588264794,-0.016957797548225136,0.34064491303002636,0.013550988630168797,0.45670185569582394,-0.004532621376131489,0.5753314600939807,0.025976439154932807,0.6913883306382208,-0.0041339645617373705,0.35625439011520005
7.579000,-0.012339898039887635,0.0031333013501928,-0.03013761794764675,0.10666733857182875,0.0015060857771594435,0.22241998870337235,-0.017741627459627724,0.34086628679629405,0.013902327242622619,0.45661886831697,-0.005345642815179118,0.5750651246757793,0.026298562862952873,0.6908176375854299,-0.004555320422188295,0.35656172952012904
7.629000,-0.012115334683389975,0.003678770209852723,-0.030176498512581494,0.10720842081402261,0.0022930798040784496,0.22273212610404744,-0.018189779791464866,0.34097108949084287,0.014280025941960995,0.45649473086191383,-0.006203066420452548,0.5747336539256304,0.026266966728912614,0.6902572313774968,-0.003987800622363081,0.3564192164279144
7.679000,-0.011917046022881838,0.004431201326887209,-0.030804251116384,0.10771874123560249,0.0026205662467208117,0.22296969170561973,-0.01878507401168418,0.3410450852689086,0.014639945803419211,0.45629597702406693,-0.006765901875383975,0.5743713329843589,0.02665932039162463,0.6896221660242998,-0.004412542205158244,0.35653932234526053
7.729000,-0.011801961796946165,0.004883042419445995,-0.031367133717045345,0.10818418345178794,0.002873284465057944,0.22319546012809646,-0.019350067720457817,0.34111968417743066,0.014890527872038583,0.4561309080361079,-0.007333006225230623,0.5740550978032061,0.026907766777911762,0.6890662688438792,-0.003947834066578488,0.35640238211712033
7.779000,-0.011655137698290519,0.005475822516209374,-0.03185184977462069,0.10859477422146098,0.0031200093923890344,0.22338575412146308,-0.01980667406297447,0.34117525783778363,0.015165336349093322,0.45596619165983276,-0.007761502310634539,0.5737556651668925,0.0272106593468685,0.688546552910656,-0.0035483841974898785,0.3562771723583053
7.829000,-0.011574508218534658,0.005809077131755752,-0.032262767190410095,0.10894921185973541,0.003303730605171574,0.2235573452297402,-0.020218652790934245,0.3412293362869427,0.015347970197062974,0.45583743080574,-0.00817454174701461,0.5735093961664006,0.02739220643376656,0.6881174518337261,-0.0038468403021094935,0.3563591179038647
7.879000,-0.011479573039285618,0.0062084127868226235,-0.03259232419890266,0.10923817385239587,0.003470737151645602,0.2236910270541686,-0.020528985517314365,0.3412665913173812,0.015534174014570943,0.4557194135830541,-0.008465649523268467,0.5732949572566958,0.027597608190251994,0.6877477485860826,-0.003551714466674863,0.3562614204184798
7.929000,-0.011433667529724714,0.006404029022410502,-0.032845594150490924,0.1094628432970566,0.003583382358662613,0.22379975628011523,-0.02078304625831396,0.34129987183943583,0.015646001709390303,0.4556367620550031,-0.008720500351840604,0.5731368623838964,0.027708619074640797,0.6874737298318507,-0.003686267425429342,0.3562964483583946
7.979000,-0.011390901029464013,0.0065870493471491855,-0.0330152872319533,0.10961486472004207,0.0036688987065705107,0.22387015125868676,-0.02094331930768535,0.34131902832619504,0.015740910573080184,0.45557430075620214,-0.008871352620393638,0.573023168356086,0.02781292120278594,0.6872784266773816,-0.003658393561755551,0.35628304527127036
8.029000,-0.01127270095227356,0.006634386441358697,-0.03308161094288939,0.10969227882490379,0.0037184440256566535,0.22391029819487726,-0.02104421631101088,0.3413275483982972,0.015755855537067903,0.4555455623298303,-0.009006822158403063,0.5729628088723715,0.02779326656845462,0.6871808173657042,-0.003469221707059964,0.356223774360215
8.079000,-0.011206092616228229,0.006575150223595014,-0.03300165781409224,0.10969482712376687,0.003790753377498044,0.22391530893312286,-0.021002008665909063,0.3413262067949472,0.015790391712976106,0.4555466920872638,-0.00900235921843868,0.572957592295522,0.027790030345100983,0.6871780810716486,-0.003333553637248252,0.35619230604731117
8.129000,-0.011264473424804987,0.006441423362877123,-0.03289169106575901,0.109603277269833,0.0037985084107245576,0.2238566327649373,-0.020892259814684774,0.3412890215718018,0.015797901763105263,0.4555423892373132,-0.008892827506853527,0.5729747862347564,0.027797296168073776,0.6872281660719999,-0.0031349471427572374,0.35609544878307414
8.179000,-0.011359968936406768,0.006124870657991904,-0.03277509952879388,0.10941672650303849,0.0036940697991854534,0.22374082583697397,-0.020760038665063707,0.3412227247794791,0.01570906522095416,0.4555468449892547,-0.008744975989664965,0.5730287579307265,0.027724062448952716,0.687352899018036,-0.003159111849042325,0.3560642806591721
8.229000,-0.011500669718932814,0.005842317255856715,-0.032633849199284644,0.1091831619499219,0.003521260835836088,0.22360697073854519,-0.020574635530479467,0.3411628628392734,0.015580382282554673,0.4555867007677676,-0.008515419327101183,0.5731426122911033,0.02763950625686694,0.6875664793615921,-0.002844131998876379,0.3559253621841164
8.279000,-0.011746046439192411,0.005339234568008052,-0.03233387661964947,0.10888869648525724,0.0033443802296231357,0.22346208775988943,-0.020297573172987533,0.3411101138343589,0.015380564387688332,0.45568354225549906,-0.008261266512754085,0.5733315929473194,0.027416751752502293,0.6879050585169559,-0.0030306151233611186,0.3559718235858121
8.329000,-0.011800624511230874,0.0049229003652265105,-0.0320162126129042,0.10851429869891013,0.00311085716820058,0.2232578779030908,-0.019951273668123416,0.34102093714192117,0.015175650669726683,0.4557645608713277,-0.007886330883466035,0.5735276493449246,0.027240448004717175,0.6882713176013188,-0.002511873965719202,0.3557733670038973
8.379000,-0.01197105188449676,0.004242563092787777,-0.03150464142882949,0.10806486528487232,0.002885831345423945,0.2230313620371691,-0.01952110101095643,0.3409208415302041,0.014869200060088975,0.4558873896447555,-0.007537556216557074,0.5737769026046503,0.02685257314524117,0.6887435020829836,-0.002790873636246515,0.3558361777440182
8.429000,-0.012243023585707485,0.0037068858852123596,-0.03100958601263948,0.10759338639533453,0.002611141742240917,0.22278733877244256,-0.018990068934015517,0.3408271104424666,0.014630461937295013,0.4560211202822082,-0.006970546978945079,0.5740609288740215,0.026649787002691966,0.689254996177813,-0.002185961484786029,0.3556137210193432
8.479000,-0.0127213237966922,0.002963713419357427,-0.030561407062176374,0.10714904208129072,0.0021028798363171685,0.22261784460457834,-0.018619356376018026,0.34081509045059943,0.01404470855822269,0.45628395576381214,-0.006677300431087666,0.5744812414461472,0.025986542533004173,0.689950169550492,-0.001762207612851693,0.35548052367631977
8.529000,-0.01279299146066534,0.0025146832513775128,-0.03008291310078033,0.10664014465245386,0.0016398928088803156,0.22237114130076774,-0.018112546072334763,0.3407343161407734,0.013610014830142547,0.4564653799472668,-0.006142173456780249,0.5748285966061591,0.025580142433073126,0.6905597275717659,-0.0032499303920014745,0.35593118227167736
8.579000,-0.012992348101780047,0.0018332448242094118,-0.029193854383860945,0.10622535691916951,0.001349195664051981,0.22227328699906038,-0.01729297044273221,0.3408163999561697,0.013249810747800028,0.456864400797219,-0.005392080706441098,0.5754075569460391,0.025150431621597916,0.6914556285489264,-0.0023695460954685915,0.35596278192608377
8.629000,-0.012858204060511289,0.0013996103363606576,-0.028280446536373835,0.1058549924719043,0.0010504281920505308,0.2222152081245507,-0.016388315404483995,0.3409413224384962,0.012942268121417758,0.45730161149406273,-0.004496178339899907,0.5760277694514794,0.024834113978917365,0.6923881319103408,-0.0011881955368997082,0.3560021395556767
8.679000,-0.012895279923160039,0.0005929443163501389,-0.027167235415082543,0.10534038708572759,0.0007840226975810109,0.2220396894292755,-0.015380628535695558,0.34094597197855997,0.012570316676373903,0.457645349266116,-0.0035940157262809008,0.576551675158225,0.0243566165804318,0.6932511273900426,-0.001877826423133085,0.356217116042102
8.729000,-0.012249784083150132,0.0001214324115352444,-0.025858960978103307,0.1048561042978323,0.0003584287436131407,0.2219571225482134,-0.014782220374683179,0.34099812698797766,0.011434836104475368,0.4580992198465204,-0.0037054742386022667,0.5771402673741135,0.022511248992614266,0.6942414348410273,-0.0012969678143281097,0.35625723175238266
8.779000,-0.011242173751717738,-0.000549687517446986,-0.024205697558137337,0.10438527127480804,-1.7834384203380474e-05,0.22192227512790594,-0.014199913547210495,0.3410812807821516,0.009987596812572833,0.45861835724009087,-0.004194124656017254,0.5777774054659043,0.01999303288345825,0.695314554528848,-0.0022919956983030263,0.3566041970849112
8.829000,-0.01051703247200667,-0.0009642284073734583,-0.02245865745390159,0.10394581339673145,-0.0003411228278639919,0.2218899300875099,-0.01351857018118901,0.34116421432592114,0.008598593740151426,0.45910840053269647,-0.004578478716602799,0.5783827261891614,0.01753831449329503,0.6963269819119924,-0.0016728587212945269,0.3566971602638919
8.879000,-0.009315628914422136,-0.001523445730793346,-0.020585218072639105,0.10355036461042444,-0.0007230973486148963,0.22189518350975537,-0.012863728726798238,0.34127945830981654,0.006998004505031144,0.4596243422423245,-0.0051422359669826695,0.579008656794443,0.014719109766167741,0.6973536057599115,-0.0010844047016359774,0.35684890499158956
8.929000,-0.008651873625107675,-0.0019340047591123637,-0.018640570892908898,0.10318022300715154,-0.0010471182159934173,0.22188351033692993,-0.012105844792280766,0.341372859512743,0.005487205430786268,0.4600762064909957,-0.005571116015964728,0.5795655931608117,0.012021531747197264,0.6982689997870414,-0.0020811832438121843,0.3571095408187456
8.979000,-0.008588478897497946,-0.0026084658084595375,-0.016955426099960598,0.10273672803836155,-0.0015617394969395593,0.22174527568416685,-0.011271931736465499,0.3413517644991806,0.004121338938829853,0.460360365944257,-0.005588435267984006,0.5799668886963094,0.009804419475562357,0.6989755439396994,-0.0010561762978679628,0.3570124266013914
9.029000,-0.008916150144545717,-0.003052907781012314,-0.015718483031114273,0.1022787561785008,-0.002126445473900426,0.22150650678649264,-0.010062188683074092,0.341243819182058,0.003529421541096393,0.46047161850550616,-0.004405892492081781,0.580208959344486,0.009185290395958438,0.6994368073821909,-0.0017453233060076455,0.3570954063731421
9.079000,-0.009412623796818972,-0.0036568323590670656,-0.014498840656104895,0.10184515383079266,-0.002793335079157743,0.22127287732574702,-0.00886950820906689,0.341118945763947,0.002835560210484577,0.4605467121053335,-0.0032401742139514583,0.5803928027850136,0.008464457045730591,0.6998206119714593,-0.0004760446870080877,0.3569106305043857
9.129000,-0.00974395079117316,-0.004011488147212254,-0.013250430766172489,0.10144006397934159,-0.0033900358392328113,0.22103426372115362,-0.007572253675330157,0.34096136263533083,0.002287696196447595,0.4605555990705608,-0.001894075328743407,0.5804827135481072,0.007965429485864399,0.7000769866752533,-0.0012137112538920837,0.35693597242056296
9.179000,-0.010238821449994249,-0.004439028420435288,-0.011975925228863794,0.10108777697634769,-0.004072825693239854,0.22082724840381743,-0.006332242898060253,0.3408059758261997,0.001570405437883251,0.4605454770331042,-0.0006885596483822663,0.5805242129688473,0.007213637486120868,0.7002637439535946,7.949145118280043e-05,0.3567536776520181
9.229000,-0.010566342064233427,-0.004662367271958936,-0.010682260658485623,0.10078644186040454,-0.0046774573415075595,0.22063610742991852,-0.004995065431056345,0.3406356871171048,0.0010092824722835857,0.46048537550324775,0.0006921303837171319,0.5804849563964852,0.006696022871799205,0.7003346675976034,-0.000695272787513853,0.3567394665499312
9.279000,-0.01106491228546904,-0.004892212270438637,-0.009377493308823644,0.10054209473561726,-0.005367147722614255,0.2204750640488096,-0.0037296899356859727,0.34046389157869233,0.00028019792820812954,0.460396876196432,0.0019181136686209476,0.5803856974758632,0.0059275438088634,0.7003186973964455,0.0005962980231479908,0.35656293267804956
9.329000,-0.011403369488908344,-0.004967275184998728,-0.008074846987289119,0.10035842594220666,-0.005979848795126617,0.22034013697590893,-0.002380856896768457,0.3402861550728659,-0.0002863168474344247,0.4602678741053156,0.0033131330755637785,0.5802138784583236,0.005407214981069846,0.7001956054877888,-0.00020866001608177247,0.3565130770933171
9.379000,-0.012126916106284493,-0.004745359067570851,-0.00695412121793754,0.10037938615202098,-0.006886974957197792,0.22037936735589064,-0.0013631833880722033,0.3402521654551493,-0.0012964936796883483,0.46025214691361194,0.004227753974880486,0.5801249239953786,0.004293987131540156,0.7001249057066968,0.0006664092632002443,0.35659655824519493
9.429000,-0.012749061720002241,-0.004457521766709985,-0.005934064533105814,0.10058783082506062,-0.007845223677029506,0.22057261089272737,-0.00045112634809532474,0.3403445914344606,-0.002362738650215747,0.460329364283204,0.0050318110474483115,0.5801013168971958,0.0031197455903299674,0.7000860825253549,-0.0026076604483537113,0.3567018252561488
9.479000,-0.014159972633689169,-0.004306359894366951,-0.005075429940126511,0.10060750987021627,-0.008898970843611133,0.22054657776447129,0.0004719141692916158,0.3401801276193676,-0.003352074431113754,0.4601191812403894,0.006019257154721295,0.5797526961142497,0.0021948208608806516,0.6996917354604765,-0.0018813842875890722,0.35653731450585274
9.529000,-0.014136909858961955,-0.004213838606744308,-0.004415002466512153,0.10061148503685424,-0.010022752654224224,0.22048037975973764,0.0011872031448406095,0.3399556312075747,-0.004420988004786753,0.45982450529987734,0.006789407320582865,0.5792997155071212,0.0011807752150754195,0.6991685689675,-0.0006069669088082583,0.356317772195887
9.579000,-0.014797921423853277,-0.003964727340000108,-0.004108420666495119,0.10067271975250891,-0.01165058809538946,0.22043543284556116,0.001228373961445612,0.33974227780740573,-0.006314225724870049,0.45950496367487825,0.0065651669648406075,0.5788117621467407,-0.0009778649755490063,0.6985744207872778,-0.00445458341268164,0.356092471549026
9.629000,-0.012680746571619333,-0.003685669023906381,-0.0006654750866369515,0.10072709124862099,-0.01004839206697271,0.22035944286201647,0.004479930463896187,0.3394765754751877,-0.004903408526634862,0.4591088939730635,0.009625334208566047,0.5782259753221279,0.00024157321505872444,0.6978582607035525,-0.0022168547336128067,0.35586672152934384
9.679000,-0.010994920135726647,-0.0028747689137092417,0.001741365683446081,0.10119272384952362,-0.01019297460142799,0.22059779690452633,0.005195694458089536,0.3396069934301371,-0.006739055839694054,0.4590120255043055,0.008650021883815667,0.5780211691862673,-0.003285138418021808,0.6974261602790643,-0.0011006204709332404,0.35601555786942496
9.729000,-0.010643669575279738,-0.0021555842156261483,0.004099587259620292,0.1018442697399192,-0.01019692111523618,0.2209896004244706,0.00645021974417549,0.3398292935866261,-0.007846683383902946,0.45897457690320753,0.00880085122446071,0.5778142149080847,-0.005496446648626617,0.6969594508563551,-1.655316142824652e-05,0.3563657790383395
9.779000,-0.011144032359323012,-0.0008076502860469345,0.0053321310805825185,0.10269636074941162,-0.010917556602456564,0.22159105217386835,0.007237751867025783,0.34020970489686986,-0.009012313874927198,0.45910434465028876,0.009143371782346572,0.5777229396417838,-0.007107072010431101,0.6966175277240456,-0.0011259255102165234,0.3566584321705696
9.829000,-0.01181231973381231,-0.00018208248155290077,0.005914989820426542,0.10337974104383156,-0.01186795685651183,0.22205478796413078,0.007954376314822823,0.3404062773195602,-0.009828931023708727,0.459081270195698,0.009993761827603233,0.5774326993088426,-0.0077899061629803125,0.6961076381411282,-0.0006148928720550728,0.3568901651369674
9.879000,-0.011985869727429526,0.0007922240395924048,0.006902480554081235,0.10391313534200676,-0.012358001899392328,0.2223573577236661,0.008952995653757297,0.34044986969301494,-0.010307829227040934,0.45889403639128545,0.011003509735633663,0.5769864867492959,-0.008257657562868117,0.6954305977647266,0.0004349891451391145,0.3570946363139893
9.929000,-0.012545858954780055,0.0015460829101239734,0.0076974233232630085,0.10459766047420484,-0.01299174362010833,0.22280069914225975,0.009766411549019444,0.3406228802459272,-0.010923077627104056,0.4588258625128856,0.011835398732793361,0.5766479815759165,-0.008854412665440795,0.6948509074427358,-0.0006273077755776096,0.3571041853481963
9.979000,-0.013161500453160392,0.0024502808240435166,0.008240182296502266,0.10513169624102792,-0.013668026570981977,0.22311487463607563,0.010438566073183036,0.3406685738152734,-0.011469944929443867,0.4586516961066703,0.012636948743631898,0.5762053335538373,-0.009271864383432114,0.6941883997427714,0.00015336946646825507,0.3572335042806795
10.029000,-0.013580685343487884,0.0031278699796904452,0.008888970076596106,0.10576235846684277,-0.014281721972760886,0.2235041056124285,0.01110040966412234,0.3407890039891155,-0.012070561704401139,0.458530696166441,0.013311848159672299,0.5758155343304334,-0.009859402517293198,0.6935571715409208,-0.002003903441270145,0.35689226128126794
10.079000,-0.013983851180991254,0.004070911140322854,0.009576899403261448,0.10637859045447337,-0.014852459028004238,0.22386563844970803,0.011617084054702017,0.3409099176306697,-0.012812529696008329,0.4583969125364419,0.013657267736759137,0.5754411341958915,-0.010772601322101283,0.6929280760139708,-0.0015621800177292554,0.3571303869261048
10.129000,-0.01456227096045584,0.0046342870424925095,0.00990806484929992,0.1068733614965963,-0.015475158249642412,0.2241580236869657,0.012124814074723666,0.340940905684687,-0.013258640254879401,0.4582255178309387,0.014341562303335002,0.5750083454159266,-0.011042123243854413,0.6922929075204131,-0.0011374011446815806,0.3572252447232165
10.179000,-0.015203719951302841,0.005320757795854285,0.010218581393483538,0.10729565975810915,-0.0160478292732327,0.22438569208660156,0.012564674075866231,0.3409246325833204,-0.013701942483568933,0.45801461872440596,0.014910765780544184,0.5745535089104412,-0.011356056657799079,0.6916434488668376,-0.001793491755290623,0.35705105620654415
10.229000,-0.015570543263021127,0.0057269140628384285,0.01049686013830876,0.10764195590068627,-0.016534469159450862,0.22455776850272946,0.012957256420632578,0.3408773202655739,-0.014074253354556891,0.4577930911404813,0.015417651773364106,0.574112597380517,-0.011614038464826313,0.691028326531331,-0.00152110716863566,0.3570578519302682
10.279000,-0.016039338858470635,0.006257998766794871,0.01073638554690872,0.10794612556359173,-0.016982105735890637,0.2247009337772382,0.013264659306194523,0.34082644003873486,-0.01445398589052545,0.4575812117119232,0.01579293222646299,0.5737066781024797,-0.011925866869407682,0.6904614132385017,-0.001401613104119839,0.3570372297363752
10.329000,-0.01629718022825353,0.006555807494784189,0.010939355078958341,0.10820781862366963,-0.017335098763107758,0.2248292371535986,0.01355057807125136,0.3407864489452052,-0.014724003215560635,0.45740783657652884,0.016161800328118685,0.5733650146185167,-0.012112908388475525,0.6899863713547155,-0.001875541031258943,0.3568960801512684
10.379000,-0.016601214285675726,0.006912049578501517,0.011102086751821193,0.1084206612509762,-0.017637913002896802,0.22492822501444512,0.013759462422198197,0.34074793325279135,-0.014980637312826669,0.4572554723531465,0.016416837492657717,0.5730751536505795,-0.012323362207610754,0.689582668091446,-0.00185308036847197,0.3568651743224348
10.429000,-0.016748393264674567,0.007086351367636777,0.011227047768568851,0.1085858486800913,-0.017854512363124936,0.22500862506129035,0.01393589192233308,0.34072107121712586,-0.015145740997994952,0.4571438294162309,0.016644735622339712,0.5728562556990289,-0.01243697007152227,0.6892789957197638,-0.0021946388718633997,0.3567625017057501
10.479000,-0.016885459013934172,0.007249371111266912,0.011310622539758567,0.1086975011576405,-0.018009874951319803,0.22506033210840273,0.0140440058645343,0.3407000688974624,-0.015276536399924347,0.4570628885664533,0.0167773889014391,0.5727026130246802,-0.012543198121292301,0.6890654214156882,-0.002269909764833669,0.35672582634166144
10.529000,-0.016948646936280086,0.007290105764067906,0.011318713115319231,0.10875451445149865,-0.018118994149641895,0.22508774869020884,0.014084169727536015,0.34068600229272017,-0.015353554744883159,0.4570192321771435,0.01684962622216942,0.5726174810187853,-0.012588115443772405,0.6889507065524454,-0.0025004576521780626,0.35666824020836185
10.579000,-0.01693123680527956,0.007257192422805711,0.011328113286266372,0.10876253373185821,-0.018122750589428915,0.22509243795676193,0.014089457950174002,0.34068817153288117,-0.015361394923287324,0.45701807854318405,0.016850802675681967,0.5726138151680482,-0.012600039183843788,0.688943724966712,-0.0025759981693656425,0.35665093415108495
10.629000,-0.016888293862087074,0.007178576645457945,0.0112755214213535,0.10872147299493223,-0.018061884278857816,0.22508004219699376,0.014059336129811938,0.34070109218104827,-0.01527803097626136,0.4570596711138163,0.01684315107989499,0.5726807317527539,-0.012494177424286487,0.6890393204181697,-0.0027103181507742557,0.35663978088397996
10.679000,-0.016716150423614733,0.007001621327804673,0.011191240697400604,0.1086590869693905,-0.017910658849617355,0.22507678082539023,0.013987964427709526,0.34075944086138055,-0.015113868477023373,0.4571771513764865,0.016784688580026484,0.5728598296721998,-0.01231707767785412,0.6892775568475132,-0.0026113271309072,0.35671868549558633
10.729000,-0.016678100564532363,0.006730932316203015,0.011015525646704091,0.10851422361733155,-0.01775463457994871,0.22501434327620726,0.013803156372031614,0.3407904454313181,-0.014966909952815619,0.45729058827957186,0.016590787683515167,0.573066715870252,-0.012179184735540999,0.6895668819087879,-0.002935841192560504,0.3566512784947843
10.779000,-0.016334081139531196,0.006233043671615102,0.010783573450532859,0.10822469446969941,-0.0174963370122985,0.22484478992430543,0.013619135334488209,0.3407405507625334,-0.014660653701463876,0.45736067566260896,0.0164546979754522,0.5732564688979858,-0.011824969629417238,0.6898766232444165,-0.0026305539095825906,0.3566743640965955
10.829000,-0.01612091467063838,0.005921981344058753,0.010602664499702378,0.10793455624109424,-0.01714044380642727,0.22468351744083442,0.013437348804766564,0.3407222980217622,-0.01430561243122981,0.4574712941697468,0.016272034007127678,0.5735101132691013,-0.01147078015447359,0.690259144366147,-0.0022866610664006182,0.3567424982150183
10.879000,-0.01598205067073357,0.005176972749220076,0.01016924146126175,0.10765569373650391,-0.016800831338109,0.22458565213527368,0.013131215450838334,0.34079267676332736,-0.01383868325136097,0.4577226753177382,0.01609319051985643,0.5739297445107295,-0.01087653408143038,0.6908597832213712,-0.0026104939107315546,0.35673456177152035
10.929000,-0.015452766189302388,0.004766892607157388,0.009784994379596994,0.10715694945765583,-0.016362864894171533,0.22427351295342793,0.012800077823752486,0.340675930309206,-0.01334758159535619,0.4577925384250596,0.01581516248937513,0.5741950055453326,-0.01033229707198908,0.6913116582815986,-0.0030583182815898616,0.35659233696186854
10.979000,-0.014610030342000199,0.0036235721539610256,0.009591406557324402,0.10659924835151185,-0.015761802647373643,0.22389040225067816,0.01234941891088601,0.34055127496502813,-0.013003565009345694,0.4578424775606003,0.015107432478290217,0.5745034042679663,-0.010245326153522125,0.6917946555603461,-0.002553242592886593,0.3564570696940494
11.029000,-0.013947153883836947,0.002817171332289672,0.00943711718193659,0.10581576348939332,-0.014993735791306785,0.22330250071051075,0.012034147620143695,0.3402191099584837,-0.012396455940943032,0.4577058990434916,0.014631179272799333,0.5746225656676264,-0.009799174871981666,0.6921094066168357,-0.0028784572658392977,0.3559958583179463
11.079000,-0.013030776709270647,0.0014920299587967204,0.009286310426393203,0.1050030334800822,-0.014055356073252097,0.22271100518897638,0.011800929796294287,0.3398922856037465,-0.011540463590222509,0.45760031147105257,0.014315550391508234,0.5747816518780868,-0.009025569877803903,0.6924897319039544,-0.003272915140897033,0.35543154283006856
11.129000,-0.012674677408309793,0.0007785214794306272,0.008768540728376996,0.10430050036885877,-0.013400036104037494,0.2222350338554637,0.011230026381997833,0.33968017006460877,-0.010938255064044809,0.45761475907566646,0.013691513263954364,0.5750599569739193,-0.008476472791832544,0.6929946015093942,-0.0026481458066057676,0.35543966473354804
11.179000,-0.012108769464068261,-0.00016125029023930063,0.008166547681522094,0.10372863550175823,-0.012715902932457685,0.22189768073805596,0.010673608837532536,0.3395961545200688,-0.010208525511514275,0.45776525564524456,0.013180671256302947,0.5754637920253126,-0.007701146823881536,0.6936329490391876,-0.0018897069222767408,0.35562436486377386
11.229000,-0.011979327342411424,-0.0009537948571325751,0.007261599926989649,0.10296009645310902,-0.012205237032215007,0.2213705784945123,0.009790245457304409,0.3393375177121187,-0.009676254872395866,0.45774805509535804,0.01231889225097689,0.5757150568430434,-0.007147271444702534,0.6941256495678784,-0.002955938665687361,0.3552209138638183
11.279000,-0.011106446485315502,-0.0018928248200880888,0.006734241486980253,0.10234941186580408,-0.0111951078331901,0.22100242877113452,0.00941869644620116,0.3392186334796121,-0.008510297422015492,0.457871704095822,0.01210315271603727,0.5760879705567128,-0.005825485696304611,0.6947410948833053,-0.003361889809016752,0.3550463424380959
11.329000,-0.010850753167630787,-0.0024824398857376958,0.0057913022768724745,0.10180994476756765,-0.010494631594892521,0.22069967669562146,0.008620635243296308,0.3391674215619134,-0.0076649253715376404,0.45805720461941823,0.011449969536284254,0.5765250094976339,-0.0048352178163135,0.6954148436841223,-0.0025578642123863585,0.3551737838783466
11.379000,-0.010433760142979798,-0.003285126239078274,0.0048169449540357585,0.10132303238052556,-0.009742720148297607,0.2204364915365248,0.00787767126076466,0.33913578305332975,-0.006681604493999813,0.4582492898000321,0.010938398922835095,0.5769486389119407,-0.003620487478027499,0.6960621932488289,-0.0034003180859944896,0.3550800776407976
11.429000,-0.010139477702916103,-0.0037785975509691174,0.0037570083212773026,0.10086505697920845,-0.009001802598553188,0.22018484889954335,0.006996168906466611,0.339113671763156,-0.005762237859235389,0.4584335068988151,0.01023533081752068,0.5773623839490609,-0.002522671787193044,0.6966822622993932,-0.0024784149484029967,0.3552261165653689
11.479000,-0.009690104137648464,-0.004413001099672516,0.0026663728205503674,0.10047940102423938,-0.008166409988298689,0.2199894458598778,0.00616616723519197,0.33913044312837765,-0.004666198121180973,0.458640525802544,0.009665962940622323,0.5777815731342614,-0.0011659849562014601,0.6972916936461265,-0.0014063582946319576,0.35537565666274584
11.529000,-0.009385840192585839,-0.004761876463886473,0.0015478964926429507,0.1001648261020626,-0.007388525230907429,0.21983161500683293,0.005240037557735593,0.33916526240727607,-0.0036959553917531723,0.4588320833310673,0.008932179818401907,0.5781657759795141,-3.3843498895794882e-06,0.6978326289213139,-0.0023304348628503946,0.355384239036526
11.579000,-0.008936607792314057,-0.005211425535361049,0.000422994936451317,0.09991100914410153,-0.0066162504287407345,0.21970436882938885,0.004303523413540162,0.33920649658966534,-0.002735283743285667,0.4589998820239581,0.008184052958737986,0.5785020497280957,0.0011456840172055973,0.6982954609101922,-0.0032407133930763927,0.3554023944991928
11.629000,-0.008622119019771963,-0.005472351065508932,-0.0007389421559901421,0.09968874008024575,-0.005727763700294715,0.21958499381487703,0.003431144601416001,0.3392349599608015,-0.0015572309310698277,0.4591312322529246,0.007601232278887211,0.5787812324686866,0.0026133027647612748,0.6986775233169114,-0.002173265248504045,0.3555092749869664
11.679000,-0.008150862206631374,-0.005720982323167423,-0.0019385137759663027,0.09953102262620736,-0.004818306299531141,0.21949646262882316,0.0025265177757983464,0.33927147487805015,-0.00035282279291815564,0.4592369257290737,0.006991550049640558,0.5790119656478713,0.0041126614418334866,0.6989774273457442,-0.0009794983749468328,0.3556044304537245
11.729000,-0.007837488544433878,-0.005802372020673951,-0.0031476713426746373,0.09946321410662519,-0.003986264763552294,0.21946028390866013,0.0015341926686146343,0.3393332356106168,0.000696055166755076,0.4593303085979525,0.006216057155680962,0.5792032812733736,0.005378375578427063,0.6992003574443169,-0.0019329031123466438,0.3556846166453579
11.779000,-0.0073699986777322965,-0.0058104482412946355,-0.004364395032944578,0.09947256100610943,-0.0030693227145791513,0.2194655724179837,0.000620085609715426,0.3394088434514878,0.001915615849341472,0.45940184992019084,0.005604566446050569,0.579345135032343,0.006900554612075622,0.6993381365560714,-0.0007214387347322859,0.35575590053860784
11.829000,-0.0070609674126748834,-0.005739831850094791,-0.005585265218959251,0.09954868339784603,-0.0022372230190004627,0.21950196852763026,-0.0003806649514655463,0.3394876059687084,0.002967835267103744,0.4594408783137605,0.004823935196284575,0.579426522842816,0.008172893438170072,0.6993797824012545,-0.001672158023682778,0.3558737896865011
11.879000,-0.006578571040041034,-0.005395924619973177,-0.006858095700073737,0.0997282233114833,-0.0014138217975385873,0.21960465920117578,-0.0014188474589007065,0.3396046590941733,0.004025882518987093,0.45948107427000884,0.004020400316084546,0.5794810741430176,0.009465586372963613,0.699357468603092,-0.0006541364858141888,0.35595198526784366
11.929000,-0.0055497394806226785,-0.005202998439774041,-0.008081494618866496,0.10007659941474124,-0.0007636154930002756,0.21985326092119295,-0.0027467400072967306,0.33983687320469885,0.004571591488543657,0.45961350707227944,0.002588013826615736,0.579597111865171,0.009906797694051495,0.6993737180920662,-0.0018155020190709558,0.3561697494357894
11.979000,-0.0043967075073743905,-0.00502177417689378,-0.008547741232536921,0.10014034782774713,0.0003865906755082405,0.21980729277610778,-0.003722157002152111,0.3397369312827972,0.005212621952766663,0.45940384285380687,0.0011034262481149255,0.5793334660104096,0.010038652251227864,0.6990003442022901,-0.0029091864025722848,0.3561074651982265
12.029000,-0.003542577614610187,-0.00485137411421291,-0.009333464279821489,0.10027794926689662,0.0013404046887747724,0.21980229206230623,-0.0048475805435579606,0.33964263934842487,0.005826727961205347,0.4591669428911705,-0.0003616979692327494,0.5790072674209232,0.010313050072931332,0.6985315317092655,-0.002082847492627868,0.35592314866326047
12.079000,-0.0017726444931982033,-0.004472161561283228,-0.00984829058049766,0.10037581856400238,0.0024089998561981573,0.2197481722761236,-0.005994742639116625,0.33945354855900606,0.0062629778989717316,0.45882585810703896,-0.0021411959028593075,0.5785312041098913,0.01011695473939176,0.6979034694919853,-0.0009471938029142103,0.35568491447952844
12.129000,-0.0009524008794005804,-0.0041779585128299,-0.010811609234789892,0.10061358367811055,0.003049842356284767,0.2198102939300403,-0.007372606827175606,0.33935679212898023,0.006489263967916831,0.4585534536292257,-0.003933605663254492,0.5780999151695542,0.009928684341540468,0.6972965279159598,-0.0016447922032935235,0.3556445611483412
12.179000,0.00028951507582944847,-0.0036562500495513554,-0.011198939170586305,0.10086353490191445,0.004210876821861203,0.21986999307152788,-0.008027155052147676,0.3392443186764676,0.007383068311681748,0.4582507240958373,-0.004855372208181969,0.5776250078062609,0.010555258533633961,0.6966313604731137,-0.000826645035477799,0.35540410130350075
12.229000,0.0016278188707350432,-0.0032846929753040824,-0.012367129948498395,0.1011699158182301,0.004531091536761207,0.21997406467378391,-0.009588142910816146,0.3391403411480491,0.007310472018091604,0.45794443403491975,-0.0068091570865489144,0.5771106637397676,0.010089851292032421,0.6959147006557683,-0.0015806662033679753,0.35535848632143513
12.279000,0.003153573707159741,-0.0026336714815107295,-0.01212707125921819,0.10144102363490902,0.006107063020408734,0.22004758316743978,-0.009906712602232533,0.3389742725418097,0.008327799915136536,0.45758077392474167,-0.007686354979959835,0.5765074122282993,0.010548535781985684,0.6951138554593472,-0.0014064364909712806,0.35512974547574483
12.329000,0.003560706973270681,-0.002125923083873947,-0.012254227924732186,0.10181383966610329,0.0073929091725515456,0.22019450836630788,-0.010472914496572032,0.3388570827434708,0.00917458300499475,0.45723769162722505,-0.008691601939095201,0.575900211609311,0.010956255973451129,0.694280760674376,-0.002282429063396448,0.35510879712850235
12.379000,0.003958257474362561,-0.0013828940440463982,-0.01278733225459054,0.10221219648351054,0.008281579949302252,0.22034809704810404,-0.011166716841315177,0.3387615902912358,0.009902537266095988,0.45689742987727605,-0.009546102246106396,0.5753108668298687,0.01152349377149589,0.6934466454351442,-0.0028874046778164563,0.3550839712826395
12.429000,0.004394879349654439,-0.0006313996142913286,-0.014060810127773963,0.10272756612819994,0.008371506045925783,0.22061221818714585,-0.012537238141019614,0.33877661390988817,0.009895400233285868,0.4566612046566994,-0.011013666933587869,0.5748255432289062,0.011419293645979276,0.6927100726617849,-0.002173841526488322,0.35509491580147545
12.479000,0.004796473402486219,0.00046436898637305723,-0.014967664965726801,0.10346564346707134,0.008723535310137885,0.22110376232476714,-0.01360165457591544,0.3390087489442094,0.010089846857459499,0.4566468071512382,-0.01223564487826479,0.5745517366153479,0.0114561577148511,0.6921897341704581,-0.0016894909497904165,0.35509640948620375
12.529000,0.005132535479219174,0.0010736623480934932,-0.015738005267258017,0.10405170832551393,0.009242714180821393,0.22142275950859397,-0.014327970959093887,0.3390850848381566,0.010653026900190394,0.45645607676511996,-0.012917937349065958,0.5741183461818075,0.012063338921611853,0.6914892788519236,-0.0020710799448913977,0.3552747970821042
12.579000,0.005275017565171267,0.001903680985226093,-0.016416499071800386,0.10460742976546393,0.00977279634515768,0.2217147344290209,-0.014809549204367922,0.3391698675109063,0.011380002315833823,0.45627711490051304,-0.01320260010380017,0.5737321942214085,0.012987207518959362,0.6908393843366304,-0.0026038556998123595,0.3553913040749349
12.629000,0.005597767935244253,0.00251463987657767,-0.017050054510146184,0.10514694334560823,0.010209502557197306,0.22200975414738602,-0.015379770523619019,0.3392496326153426,0.011880018805325101,0.45611238923926206,-0.013709487289446666,0.573352216848362,0.01355053429863918,0.6902149192945103,-0.001811312534085954,0.35532878902534554
12.679000,0.006016505133194743,0.0033750228154948926,-0.017416024423443265,0.1056946804896603,0.010761177898878187,0.22233963438513296,-0.015820890999286963,0.33935840900303915,0.012356518201454152,0.4560033129239735,-0.01422575824189521,0.5730220403955728,0.013951857835521636,0.6896668943420018,-0.002249190799160445,0.35551591392709286
12.729000,0.006131996014976577,0.0038668461194418394,-0.018003297402340208,0.1061823735564001,0.011021051559859562,0.22261942593801606,-0.01640807264766012,0.33944255355068637,0.01261645709006311,0.4558795608701067,-0.01481284849832758,0.572702645895869,0.014211862014147102,0.6891396081529879,-0.0017486453182077614,0.3554159004538882
12.779000,0.006278078424062633,0.004506126493067341,-0.018502478626339264,0.106604663116117,0.011273889332843689,0.22285167559884184,-0.016874900388388615,0.3395034892891091,0.012901621421502873,0.45575046236326916,-0.01524732269355791,0.5724022387972616,0.014529352966849329,0.6886491724626893,-0.0013289997236756012,0.35532512579074005
12.829000,0.006357913646113791,0.004863235935766298,-0.018922704986934262,0.10696682545679612,0.011460668713475024,0.2230566639551808,-0.01729353872828393,0.3395607220578745,0.013089962188275175,0.4556505272608001,-0.015664372931676968,0.5721545538513388,0.014719255201112646,0.6882443257586354,-0.0016309418723508343,0.3554184860377798
12.879000,0.006451895047370594,0.005289506017904305,-0.01925811999280498,0.10726070660038929,0.01162995964170681,0.22321727836970273,-0.01760710721450332,0.3396010999328617,0.013281072130204635,0.4555576451416985,-0.015956094812080136,0.571941441561942,0.01493218424300449,0.6878979602101626,-0.0017549915699748312,0.3554626342205276
12.929000,0.0064973362752078715,0.005497785936024383,-0.019515115027175782,0.10748861106836669,0.011743737909864549,0.22334578224503757,-0.01786333702034989,0.3396360273822652,0.01339558846628875,0.4554931789846618,-0.016211559293345144,0.5717834055797589,0.015047438743080623,0.6876405376077813,-0.0014615200898142004,0.35538942915649485
12.979000,0.0065397797675938426,0.005692525342760251,-0.01968685184376412,0.10764266185718573,0.011830272244176814,0.22342984115275924,-0.018024567284318827,0.3396567251199707,0.013492601418136546,0.4554438922715205,-0.01636228290299883,0.5716707647329764,0.015154930414152014,0.6874579197404346,-0.0012694228976623699,0.3553404149297571
13.029000,0.006590283007676023,0.005750760756858231,-0.01975995635562855,0.10772673578943905,0.011879398544586776,0.22348057469553387,-0.01812195227902328,0.33966972629222414,0.013517419777092038,0.4554235605090424,-0.016483948272893477,0.5716127076576866,0.015155440937969484,0.6873665371855403,-0.0012266675095189425,0.35534120185435225
13.079000,0.0066164136982340424,0.005692918216093471,-0.019760981759083508,0.10773948058484144,0.01189368107544167,0.22348913423802663,-0.018115770271038514,0.3396761938870386,0.013538881636196359,0.4554258505285665,-0.01647055874268373,0.5716129130103518,0.015184082233222419,0.6873625726413254,-0.0011493145128846378,0.3553169701775309
13.129000,0.006563026061028237,0.005563685907407582,-0.019675196528210877,0.10765902083689056,0.011880718279956768,0.22343563436613897,-0.018023811217531254,0.3396497432997948,0.013532065206301118,0.4554263672910182,-0.016372425755720236,0.5716404861407178,0.0151834122768724,0.6874171205957843,-0.000925381627761024,0.35523250504051357
13.179000,0.006507925777327819,0.005204797584010223,-0.019514122745357892,0.10748143727842957,0.011808556438756317,0.22332136894592092,-0.017871567865819643,0.33959299154259903,0.013451045022152965,0.4554329411362958,-0.016229012729315293,0.5717045807216603,0.01509353385454109,0.6875445482436782,-0.0009428339477242807,0.355196368339512
13.229000,0.006380115503562089,0.005004373592049353,-0.019356530511691613,0.10727566026980925,0.011626176319982952,0.22320698422730365,-0.017721551413362926,0.33956295031566175,0.013261061986986268,0.4554942992426861,-0.01608657196355771,0.5718502889852459,0.014895947997874593,0.6877816628837485,-0.0006908943435647288,0.3551229349616372
13.279000,0.006250241001316788,0.004579120435079072,-0.01904659959977328,0.10705428904415111,0.011480502941928324,0.22310641530809994,-0.017433842415692822,0.33957083318987286,0.013093140153200011,0.45562299101217957,-0.015821084792742173,0.572087438788209,0.014705777795894274,0.6881396281707002,-0.00016660628372867914,0.3550515727345659
13.329000,0.006027056801021992,0.003960230260493267,-0.0186917918003164,0.1066732082838058,0.011306233093918303,0.2228632186001521,-0.017044973930784166,0.3394660018208269,0.012952905110534554,0.4556560497934922,-0.015398155530451412,0.5722588686063166,0.014599577650645852,0.6884489542369917,-0.00039849164638127484,0.3548437918510482
13.379000,0.005430082465131339,0.0026363635219331977,-0.01855834168361168,0.10584421485112482,0.010827933363260534,0.2221904517370509,-0.016808063325094505,0.33896481401596074,0.01257804027003222,0.4553110942063603,-0.015057784322546572,0.5720854972135823,0.01432814781354196,0.6884318207100284,0.00014757965980567896,0.35402800032876924
13.429000,0.005298880923055531,0.002037463373670344,-0.0181407755147515,0.10504787580914994,0.010463340582205827,0.22158887521268547,-0.01631556534828624,0.3385627620286344,0.01228835293142179,0.4551038099847552,-0.014490354431476025,0.5720777422587315,0.014113366023480527,0.6886188387689232,-7.077360909640666e-05,0.35401593971193507
13.479000,0.005137864528881372,0.0012972476053780635,-0.01750753897306853,0.10452369835927533,0.010143894193460672,0.2212944063460134,-0.01571224066838315,0.3384757200865338,0.0119389688413986,0.45524648103521165,-0.013916941560758922,0.5724278443026859,0.013734044285565305,0.6891986582144396,0.0005976975208876337,0.353937183356236
13.529000,0.005002311950604221,0.0008204657388108359,-0.016724563334837298,0.10411836461893949,0.009948114678052126,0.22111651948482675,-0.014932650440873895,0.33850879998029176,0.011739780223780194,0.4555070112351683,-0.013140736699002998,0.5728993443344143,0.013531446611463653,0.689897611979087,0.0004418665023211959,0.3541118421766877
13.579000,0.005110877896886784,9.862162661149373e-05,-0.015945646891008986,0.10369416368183082,0.009448725299942267,0.22097641236706525,-0.014411686606001423,0.3385803270211441,0.010982414070303748,0.45586263449537257,-0.012877725561667705,0.5734666043902193,0.012516103594191271,0.69074897065404,-0.0001431056171658663,0.35435692682566344
13.629000,0.004994490257311703,-0.0003725867398922376,-0.01491689135608436,0.10330226741129213,0.0092550904180997,0.22084253836964438,-0.013405743418525901,0.33868347611959126,0.010765944320275417,0.45622380754549907,-0.011894594715942333,0.5740648019852354,0.012276798982096711,0.6916051938790383,0.0009599916161404307,0.35439761228992284
13.679000,0.004897140269832498,-0.001366331191802498,-0.013801075096840438,0.10278144345361152,0.008878939079696195,0.2206186910879878,-0.012614146173585087,0.3386781984748061,0.010065552122009588,0.45651550690602616,-0.01142721664190157,0.5745750719102402,0.011252165767779262,0.6924124411383827,0.00017675804271013052,0.35452262958018693
13.729000,0.004140600973685871,-0.00231210413575451,-0.013279038399225122,0.10207307842789466,0.007980411453152649,0.22017488107447147,-0.012164718617058597,0.33847185368405663,0.009094395186619848,0.45657371682210834,-0.011050398267492777,0.5748707467545202,0.010208379483524752,0.692972670383773,0.0008142314393333487,0.35397671290963595
13.779000,0.003231704318918821,-0.003259320477582203,-0.01257619885151911,0.1012877982015932,0.007255730945258962,0.21963768016034663,-0.011316910345933927,0.33819170579963875,0.008514664220558257,0.45654164728390345,-0.010057621217486594,0.5750957286705056,0.009773598114949322,0.693445729679817,4.461964074187414e-05,0.3540974531947601
13.829000,0.0027081972827055004,-0.003758240133075148,-0.011894206458244941,0.10077313616219245,0.0064907865183899535,0.21935640643038612,-0.010444132525058165,0.33815543209121324,0.00794048775299223,0.45673876014150816,-0.008994057900050704,0.5755378390289135,0.009390189676262506,0.6941212248605994,0.001003864824605541,0.35400845431977823
13.879000,0.002250172812420769,-0.004703134193573842,-0.010809471584556286,0.10026914047308964,0.005863694576676476,0.21910518521500183,-0.009596253569731834,0.33810514320773294,0.0070765239130184295,0.45694124248212237,-0.008383035005351126,0.5759412510409914,0.008289353796185107,0.6947774048469451,0.00015379694484084043,0.3540534791178008
13.929000,0.0010807381627544414,-0.005459184764350758,-0.010256458290333979,0.09957484198382612,0.004859189630095742,0.21861902364738162,-0.008754932963075064,0.3378442544731535,0.006360311597178798,0.45688848735271703,-0.007253407009972206,0.5761137643082596,0.007861434187662454,0.6951580484027525,0.001039711961453114,0.3536324188013332
13.979000,0.0009152579127824935,-0.0063512195433173945,-0.009400648640290235,0.09896257629770915,0.00405807357837532,0.21820544941030004,-0.007633367457355122,0.33763455047175994,0.005824938159508692,0.45687747060469075,-0.0058660856135546195,0.5763066125131022,0.007591803400010153,0.6955495796650677,0.0004779430160110059,0.3536782814413297
14.029000,0.0012250893782887664,-0.006964565890971786,-0.007629138451698251,0.09838726359504321,0.004056383547703296,0.21781694397982965,-0.005814850858133158,0.3374102494465634,0.005870243168624799,0.4568399717052962,-0.0040005626684235535,0.5764333125453414,0.007684103384472009,0.6958630766765916,0.0002032428489150271,0.3536158071920316
14.079000,0.0006814402531262476,-0.007766699154416263,-0.006013359813212229,0.09767658050534932,0.003837810134025106,0.21727154047176253,-0.004110991615015446,0.3370079866762406,0.005739740611711639,0.4566029826973734,-0.002208622888277978,0.5763394579945673,0.007641671616329101,0.6959344900689395,0.004172162780663078,0.35289307406012205
14.129000,-0.00019398463902336023,-0.008067528482149505,-0.004875626509138308,0.09719908080461233,0.0032725678104086,0.216922123402615,-0.0026334173935339306,0.33677669919117065,0.005514331419938729,0.45649977210890386,-0.0003912077764592748,0.5763543698742118,0.0077560955295762025,0.6960774731101029,0.003523245689126679,0.3529609890334967
14.179000,-0.0011017935206466681,-0.008524463861187846,-0.004003511047176608,0.09698091627894703,0.002393960229621507,0.21681026310663085,-0.00137815945991843,0.3367509614235082,0.005018860293149749,0.4565803323563711,0.0012471925555062912,0.576521044886226,0.007643760783711621,0.6963504399226225,0.002690301511983989,0.3529321740035766
14.229000,-0.0015972690293368193,-0.008602969690007498,-0.0029309652410281907,0.09675233004558584,0.001748658211434768,0.21666104999706454,-1.3319541966674365e-05,0.3366481135968396,0.004665848306966923,0.45655685132808904,0.0029043264632501375,0.5765439216219126,0.0075830387079918685,0.6964526771312249,0.0019595259507154596,0.3529361650687302
14.279000,-0.0023887605608735292,-0.008613391424175368,-0.001508076674345599,0.09677868730226297,0.0009708514616353892,0.21675308004983496,0.0016140998838585735,0.33675135600094785,0.0040925698747091175,0.4567257582139059,0.004736276543202566,0.5767240317077246,0.0072142883882272794,0.6966984433843326,0.002313936648361578,0.3530598457982111
14.329000,-0.0028765644536829366,-0.008578477713891357,-0.0007090529217850285,0.09671402004350467,-0.00046811886576976014,0.21671377817149334,0.001981061499531158,0.3366887818828182,0.0022215375348805452,0.45668854092954125,0.004671175839955861,0.5766635352915683,0.004911193853079882,0.6966632952552807,0.0025652930488528096,0.35302612829550845
14.379000,-0.004341072307290923,-0.008371517058924338,0.00011273389622851486,0.09679921376169874,-0.001544669308767782,0.21678776742891365,0.0029240920333191748,0.3367045309445171,0.00126623277624026,0.4566930783114107,0.005735449915332355,0.5766098248406316,0.00407713460693347,0.6965983659054807,0.0014512756801448646,0.35303402191587
14.429000,-0.004967808872110027,-0.008106019669177133,0.0007957513190794971,0.09702194986992707,-0.0028696760108402,0.21696595613964098,0.0035436224745987125,0.3367944569250265,-0.00012225688859730452,0.45673844937998087,0.006291493214285088,0.5765669259936551,0.0026251618228328973,0.6965109046322983,0.00530541998390354,0.35316926103637863
14.479000,-0.005675960027452863,-0.007952724354802014,0.0017294718148521456,0.09707391274740972,-0.0038321572536918506,0.2169449582957496,0.004503244028705015,0.3366551095043418,-0.0010588313370219257,0.45652613434470785,0.007277015663155907,0.5762362545167874,0.0017144940068900116,0.6961072586478229,0.003911957601746762,0.35319968589741857
14.529000,-0.00642508413753476,-0.007774255017191512,0.002127251848329544,0.09716197033403375,-0.005263806175078052,0.21693412561411604,0.004856625039413927,0.3365065852938922,-0.002534872084317399,0.4562787134752284,0.007585997517797418,0.575851136048233,0.0001940612990874585,0.6956232371295369,0.004207715878571199,0.35306003050089757
14.579000,-0.006876618194561053,-0.007374444037122014,0.0035543863217161005,0.09729515971390858,-0.005663768613490995,0.21694057265525873,0.006267380988565247,0.3363459627968321,-0.002951203897977348,0.4559913426113024,0.00898037481283167,0.57539668987478,-0.00023864002044270832,0.695042036561171,0.004257893689056544,0.3528826218290397
14.629000,-0.00581299384890787,-0.006996679977882849,0.005576814558182148,0.09757022061576925,-0.005574229073602533,0.21705098847454138,0.007939452317164392,0.3362876450901163,-0.0032120105215099415,0.4557683738238279,0.010302089232235485,0.5750049830234597,-0.0008497928044154009,0.6944856726314589,0.00031421797121618765,0.35249060273829996
14.679000,-0.005323008298990599,-0.005713984533702514,0.007691773641309366,0.09837669195435078,-0.0056183979181791514,0.21763623804091814,0.009382347370588897,0.33669495313025255,-0.0039282298440902865,0.45595445394225964,0.01107292042697195,0.5750131180053456,-0.0022380624343294325,0.6942725735423521,0.001768405500192789,0.3529519516281454
14.729000,-0.0052672554523749415,-0.004897134030387127,0.00924543304517009,0.09922584891232311,-0.006037111498558435,0.2182487199322432,0.010519227122278131,0.33710109749110345,-0.004763707837214106,0.4561239183809619,0.011793020648589041,0.5749762416303164,-0.003490304716715081,0.6939990123900894,0.002852203349589702,0.35351418541080876
14.779000,-0.005126877343656694,-0.0036862923188398264,0.010616931170897608,0.10012379967634272,-0.00638721184378711,0.21891293688441082,0.011738418984879144,0.3375361281489959,-0.005266098252944659,0.45632521178806423,0.012859906282350082,0.5749483459496513,-0.0041449851689648294,0.6937373760198979,0.003910512641658659,0.35401168260962945
14.829000,-0.0052452016079667044,-0.0031890574629730153,0.011863385715107101,0.10062203945858048,-0.006838038283409459,0.2191558183120634,0.012605492253507102,0.33757012954929205,-0.006096289116684751,0.45610385201863746,0.013347598431738992,0.5745181046343212,-0.005354540299711203,0.6930517707200683,0.0030896128945252423,0.35383293007636
14.879000,-0.006238901027697865,-0.002485522559430901,0.012630274116361079,0.1010198844572213,-0.007498438845651666,0.2193196515851935,0.013543428848276548,0.3374604141292705,-0.006585622251578681,0.45576012372256774,0.014456583120938225,0.5739008261227347,-0.005672806105460558,0.6922004781822847,0.003931506855179866,0.3537340445279566
14.929000,-0.007084505890737934,-0.001996441236097013,0.012992434910753397,0.1013154716415048,-0.008400834895303752,0.21939310713331212,0.014251738439166169,0.33723563304157156,-0.007141848818590265,0.4553132110171359,0.015511041321801245,0.5731556760261447,-0.005882863375288665,0.6912331964868252,0.0030671669208640964,0.35345137460576626
14.979000,-0.008023690823200905,-0.0011636573875029384,0.013512699062031997,0.10174519015886326,-0.008997142959569625,0.21961506337079684,0.015164188739395228,0.3371575239873526,-0.007345949507979258,0.45502734062808065,0.016815677578154886,0.5725697405262133,-0.005694756882745807,0.6904395005973023,0.002540249155021891,0.3532516428838989
15.029000,-0.008707068624295147,-0.0005959376827055996,0.01390445523007584,0.10218832268193477,-0.009668953176095922,0.21985010243940437,0.015899722266744284,0.3370944747356463,-0.007673959626996849,0.4547561996998509,0.01789498831682151,0.5720005125686947,-0.005678967051797009,0.689662182741516,0.0032748248584191977,0.3532926559034786
15.079000,-0.009601993885976347,0.00020716109384041298,0.014241128871061128,0.10261957697567678,-0.01025923666895901,0.22009183790674075,0.016608050614157363,0.33704545637882183,-0.007892565273672825,0.4545176650963205,0.018974971236114874,0.5714712263142749,-0.0055258949864507405,0.6889433828203788,0.0027498379325471313,0.35312466589577735
15.129000,-0.010083119159972212,0.0006997670996501919,0.014575778092631157,0.10302383306092411,-0.010889663507377908,0.22029067101634503,0.01706712471385423,0.3369886486862021,-0.008398542646855151,0.4542554376156348,0.019558470224669455,0.5709533614668445,-0.005907422883559142,0.6882201013726962,0.00316276683550081,0.35314860535346604
15.179000,-0.010721232353208666,0.0013772635190783754,0.014877715598061277,0.10339653045492835,-0.011418639670613247,0.22047984139019858,0.017515923068143688,0.336939238087397,-0.008780633167643995,0.45402250388622745,0.020154129453295894,0.5704818509221282,-0.0061426277359958705,0.6875650715872129,0.0034924790371953646,0.35316217948452366
15.229000,-0.011086910239832605,0.0017820300873019595,0.015145770806257421,0.10373150520386229,-0.01192094610822741,0.22063913042764383,0.017860991574536217,0.3368847160980003,-0.009205900260909809,0.45379230082354877,0.020576211339788902,0.570037841936263,-0.006490855402384409,0.6869453861665981,0.00291920897158051,0.3529965594898196
15.279000,-0.011555056693507282,0.00231186349227871,0.015378221184795798,0.10402714786402972,-0.01232664317944486,0.22078519037312838,0.018188882939369495,0.33684036115705357,-0.009516130295780946,0.45359836834130446,0.020999543786298393,0.5696535002196942,-0.006705618305131954,0.6864114720823684,0.0031275773070195603,0.35299410318474206
15.329000,-0.011812881180971938,0.0026091703508042477,0.015571169571241019,0.10427684687653317,-0.012687239629883492,0.22090215420483508,0.018436836437322857,0.3367956047918311,-0.009821694507362717,0.4534208826214994,0.021302502528620544,0.5693143007213339,-0.006956150144766333,0.6859395490558347,0.0026954810598656884,0.3528611592562299
15.379000,-0.01211726543744885,0.002964923208097069,0.015726894773257255,0.10448100430512629,-0.012958560180522497,0.22100200959642285,0.01865685806189036,0.3367623885235691,-0.010028691698852892,0.453283370474991,0.021586820721257182,0.5690437236811429,-0.007098823831463879,0.6855646822962977,0.002398344806998654,0.3527618637745275
15.429000,-0.012264817752700661,0.00313899504603108,0.0158416791346557,0.10463341841043827,-0.013173236463511505,0.22107282184772467,0.018805119824562837,0.3367334665334288,-0.010209862743970254,0.45317285328270546,0.02176856005646131,0.5688334795787643,-0.007246489467386262,0.6852728496437407,0.002509166986428559,0.3527581595529286
15.479000,-0.012402549598819456,0.0033017305380869085,0.01591822207478156,0.10473618287677629,-0.013307204336962876,0.22112292804585337,0.01891450623717756,0.3367160133393786,-0.010310959684270515,0.4531027485873193,0.021910790120225426,0.568695822945329,-0.007314715295842185,0.6850825482759071,0.0023476585495929084,0.35270401886421715
15.529000,-0.01251899592701401,0.0033561427459717803,0.015891003157753554,0.10479109566638915,-0.01341422056707977,0.2211577741475026,0.018941821816648795,0.3367133301321231,-0.010363413238189626,0.4530800057599421,0.021992640388166763,0.5686355585965789,-0.007312605983659764,0.6850022313743803,0.002290248850675282,0.3526969917198759
15.579000,-0.012499430129496603,0.0033256908967543557,0.01588355286147096,0.10478972196116662,-0.013408795984409153,0.22115964203972904,0.018943914136246603,0.33671613103039005,-0.010348418408688146,0.45308605521218503,0.022004275520544812,0.5686425487360081,-0.00728804071398435,0.6850124770234142,0.0023274094547525662,0.3527059204009429
15.629000,-0.012433358239779157,0.0032496510598624324,0.01583568204527556,0.10474627281533991,-0.013319144031483605,0.22115072340222214,0.018904623011615548,0.3367432354328552,-0.01025015859995921,0.45314769715654246,0.02197356428839904,0.5687402214961996,-0.007181172852318717,0.6851446943580949,0.002268158265542018,0.3527204128063334
15.679000,-0.01226282760204161,0.0030548215421746234,0.01574670943224957,0.10466410851502413,-0.013163631762727966,0.2211295204277031,0.01881854908540414,0.33678910761440095,-0.01009172020131327,0.4532545373769252,0.02189038923913664,0.5689141443092466,-0.0070198081359125085,0.6853795919224149,0.0024082351854589935,0.35279033694304707
15.729000,-0.01211102563173172,0.00279514988629738,0.01557352661653465,0.10448962376023296,-0.012973839187187908,0.22104453743111477,0.01862758573571937,0.3368087371453827,-0.009919680380786193,0.45336367523224247,0.0216816455348343,0.5691279019735711,-0.006865520890871785,0.6856828644771961,0.0021922316171981114,0.3527617167907953
15.779000,-0.011809747001266397,0.0022620552357507963,0.015422271234989989,0.10421028352931713,-0.012698362315694187,0.22086888787804648,0.018431478012700828,0.3367607902743041,-0.009689029907103366,0.45341942490636844,0.021440685620178666,0.5693113608255063,-0.006679696665030311,0.6859700257416579,0.002464764238168911,0.35278029210694906
15.829000,-0.011679779136312882,0.0018313755918648983,0.015089142493497186,0.10382131562246211,-0.012404299869454844,0.22062932316918382,0.018119997125845812,0.33668218738606837,-0.009373292181458232,0.4534902309578398,0.02115085275617113,0.5695431351689216,-0.0063422834921528105,0.6863512147663154,0.0021426224040532824,0.3526236957444403
15.879000,-0.011615294709123338,0.0010936605368290749,0.014592049650882708,0.10338020898500024,-0.012146119816940887,0.22036341416211075,0.017719363377239197,0.3365875636043766,-0.009018626796465977,0.4535708097615542,0.02084667827854967,0.5697950049739807,-0.005891132598010004,0.6867782921116282,0.0024833985603706435,0.3526496431068657
15.929000,-0.011628339569994995,0.000488582808552891,0.013946608911418728,0.10285265190969357,-0.011865302348221338,0.22004371486719854,0.017254695799452578,0.3364568829706035,-0.008557010084707453,0.45364799116288507,0.020562784062881204,0.5700612102953967,-0.005248716442918452,0.6872523637227123,0.0020067068586940087,0.3524007740072168
15.979000,-0.010852458624943613,-0.00042485029677212743,0.013695332842332174,0.10215769486608002,-0.011261590313712188,0.21953380818571858,0.017020661277643408,0.33615333584741386,-0.007936033241445078,0.45352949778041607,0.020345991193752674,0.5701490805311734,-0.004610474684821493,0.6875252910778307,0.0018079740085392391,0.35210702713619785
16.029000,-0.010321625976381582,-0.0013170642151473775,0.01343868964808842,0.10151465660982338,-0.010547107717842938,0.21909306247026317,0.01661268986196356,0.3359790984001798,-0.007372854433697455,0.4535575558862461,0.019786691573376394,0.570443650271658,-0.00419859964784196,0.6880221593836345,0.002290717650573879,0.3519113344440823
16.079000,-0.009491888084316193,-0.0026212117462459075,0.01304908477568172,0.10065359536440317,-0.009796737239496978,0.2184588092407339,0.016198217884111528,0.33560940594480787,-0.006647327381746869,0.4534146734904608,0.019347352539072587,0.5705653312599037,-0.0034979159732112736,0.6883706524750292,0.0018696157922886963,0.35138070583325914
16.129000,-0.008900367647406203,-0.0034205004588522764,0.012660328268796716,0.09985694766415215,-0.008917882116480414,0.21790092606444048,0.015813153021633976,0.33532484143519,-0.005764757748949621,0.45336887460407044,0.018965979358668675,0.570792852743603,-0.002611631793280394,0.6888369406810102,0.0027491985799452962,0.35133458326040073
16.179000,-0.008369678494017862,-0.004238152209521437,0.011980229116146842,0.09938133543316356,-0.008250487139485568,0.21766370144619315,0.015186643197239608,0.33535270226546415,-0.005043752230080934,0.45363512315170773,0.018393058895339515,0.5713241875397396,-0.001837015699558903,0.6896066632990043,0.0034868875950919195,0.3515567739109968
16.229000,-0.007799279678758806,-0.004586460762880912,0.011412351467807107,0.09904779516450085,-0.007352075067071949,0.2175716167923556,0.014678293780007949,0.3355320459463187,-0.004085791613354884,0.45405592158243313,0.01794423771708425,0.5720164141442463,-0.0008195065301466239,0.6905403437883446,0.0030715984939471567,0.3517087914971698
16.279000,-0.0071047676713073835,-0.005297652528204234,0.010799829210845635,0.09874514269858843,-0.0063966338684210925,0.2175065912311968,0.014235671017949423,0.33571956850135876,-0.0029604322813595353,0.4544810691289588,0.017671514486720802,0.5726941089027464,0.00047577097286438143,0.6914556616250213,0.0027243069818872713,0.3517612764690772
16.329000,-0.006827879089558696,-0.005894400837603387,0.009940617505740101,0.09824198032013065,-0.005607952539807224,0.21723039139254852,0.013572706068095505,0.335687566503924,-0.001975487051468051,0.45467602682977554,0.017204796313153248,0.573133262700164,0.0016569801260840934,0.6921217722790856,0.003483929884767754,0.3518567607343716
16.379000,-0.006400815028497109,-0.006711596952163667,0.008923617295104751,0.09775176261955491,-0.004894569429900247,0.2169535147695669,0.012725700831123603,0.3356528242702058,-0.001092093046494583,0.45485462195948423,0.016527786023511806,0.5735539895296542,0.0027103850002975693,0.6927558327577001,0.004403944127290122,0.3519639864497208
16.429000,-0.006108781034444594,-0.007197224344976439,0.007868892975090089,0.09732371944057375,-0.004083910252157292,0.21672694592550046,0.011921884542826522,0.3356547161601301,-3.0511289997548104e-05,0.4550579834263798,0.015974877733716232,0.5739858082706928,0.004022889302544181,0.6933891163175852,0.0036507924576784454,0.3518977669141458
16.479000,-0.005661115172389636,-0.007823993311312087,0.00678107111667765,0.09695917939274397,-0.0033246231814610754,0.21653290118291227,0.01101979123459111,0.33567247384901083,0.0009145169532874097,0.45524623113588203,0.01525851287885045,0.5743858541875244,0.005153658621673609,0.6939596469702289,0.002740822550530357,0.35187925679125437
16.529000,-0.0053572889394451345,-0.008170858698452927,0.005660789036866069,0.0966711055101325,-0.002467897000520535,0.2163954742213752,0.010169742995523607,0.33572816067119243,0.002041488043944475,0.4554525586502265,0.014678698366252055,0.574785290602821,0.0065508745076799536,0.6945097178485757,0.0038430632165443925,0.3520320022259377
16.579000,-0.004895473274236883,-0.008632075011832194,0.004513954987990451,0.09641785710683029,-0.0016715468918214668,0.21625833260027474,0.009222980381305465,0.335762764633129,0.0030379187031348157,0.4556032628465345,0.0139320070117517,0.5751077348964291,0.007747385542124023,0.6949482558285305,0.004881700204325832,0.3521266501513142
16.629000,-0.004584783809561587,-0.008891521972802088,0.0033428926336785732,0.09620941287503418,-0.0007805468586882872,0.21613854714503875,0.00833854905419686,0.33579155416839607,0.0042155571417237265,0.4557207038263907,0.013334206509260479,0.5753737448814009,0.009211662183124355,0.6953029099259345,0.004062857690536649,0.3521211125661371
16.679000,-0.004116632403396614,-0.009138024096394743,0.0021536332253709045,0.09607250758245423,4.075805241879858e-05,0.21605390513433942,0.0073611636421097495,0.3358304122716007,0.005248741468470276,0.4558118177999587,0.012568694837085188,0.5755883525748523,0.01045672566874636,0.6955697660780777,0.005140782893602383,0.35218656508717217
16.729000,-0.0038042615197711916,-0.009218580788232256,0.0009497525122595879,0.0960309390177437,0.0009516224293978689,0.21603093900317458,0.006455827303258231,0.3359046380730981,0.006458153743304713,0.45590463805054676,0.011961902578802749,0.5757783580593783,0.01196468554724344,0.6957783580271077,0.004307906842705019,0.3522571349137863
16.779000,-0.0033372282313257192,-0.009226454509746261,-0.00026333942895224874,0.09605552946104588,0.001783312990735334,0.21603807491609525,0.005461681451528692,0.3359816850229559,0.007508791995602011,0.45596422266248215,0.011186702484503064,0.5759078468133123,0.013234271158015254,0.6958903766354795,0.005405741971583923,0.3523039660610914
16.829000,-0.0030281385342236233,-0.009156066730101572,-0.0014817352227055299,0.09615405316254115,0.0026954470677536626,0.21608132757546303,0.004544724745666593,0.33606707744631215,0.00872236475198573,0.455994335915676,0.010571184494597515,0.5759800928435684,0.014749282221386545,0.6959073353674647,0.004565328872895701,0.3524080591106635
16.879000,-0.002208200909835474,-0.008863228589537125,-0.002591787803850017,0.09631780020235899,0.003465761024908603,0.216164811438156,0.0033276225640275436,0.3361647319287893,0.009385626894556532,0.4560117201408313,0.00924703235572909,0.5760116401055814,0.01530549219152704,0.6958586052919562,0.003131119422369136,0.3526388017536553
16.929000,-0.0016802929675239177,-0.0086794052040083,-0.0037267472947069107,0.09661367170320792,0.00404140127817422,0.21636197384787598,0.0018430574890690797,0.3363418358401802,0.009611657659750616,0.4560901086885554,0.007412861402426255,0.5760699623896085,0.015181913174205282,0.6958182059397667,0.005967876315966101,0.3525203941200647
16.979000,-0.0003428055055344767,-0.008326812960439163,-0.004701854597180527,0.09685938307362453,0.004864088418950005,0.21647749513947745,0.0006003725660288659,0.3364017242473263,0.010166761122023856,0.4560198006822134,0.005902598592322962,0.5759440139083447,0.015469432689488655,0.6955620547104916,0.0026446190133676472,0.35272756101559005
17.029000,0.00011888072193683209,-0.008150367795307338,-0.0055612797264736925,0.09699879415470243,0.005792133000007492,0.21646050358257893,-0.0005414396156026237,0.33629324475928235,0.010812410596727318,0.45575491260853107,0.004478399135666863,0.5755876305899369,0.01583268683580521,0.6950492568587546,0.003574024738222649,0.35252185932789754
17.079000,0.0017349037842623886,-0.007880900270023382,-0.006086307581102543,0.09709656792192095,0.006813163971098852,0.2164012351954819,-0.001562245849983768,0.3361085971670556,0.011337654041015936,0.45541321812694685,0.0029618144315557765,0.5751205500272992,0.015862142663383295,0.6944251246717453,0.0027064823031876075,0.35237149552716934
17.129000,0.002656183316389526,-0.007468434601148369,-0.006582333759042765,0.09737379960223624,0.008075400645674987,0.21647523041538175,-0.002252382219154674,0.3360299747779514,0.012405768812828386,0.45513135431631485,0.0020775677276305385,0.574686062550019,0.01673613538996803,0.6937873908117408,0.000871935124392329,0.3525615438571237
17.179000,0.004024287844881123,-0.007038703635703433,-0.007074819523919817,0.09760869336638159,0.009184669298771724,0.21650204465986514,-0.0030542197421172626,0.33587628621771237,0.013205672751182293,0.4547695823057376,0.0009663783965934876,0.5741437823079393,0.01722667456419683,0.6930370231886043,0.004983987733816632,0.35194415671645857
17.229000,0.0043667787220230524,-0.00659532645485444,-0.007966272046684996,0.09791496708607923,0.010093101720637071,0.21654826350448397,-0.0037944113471038545,0.33574195872660056,0.014265351120730008,0.4543751959730414,0.00037744750609809523,0.5735688456910536,0.01843759867783533,0.6922020237637112,0.00428891154556691,0.35188511599064776
17.279000,0.0053097950619808085,-0.005949681820934867,-0.008659000282120789,0.0982876482470088,0.01092217664676762,0.2166792758576436,-0.004688166546407824,0.33565959847715604,0.014893383091801543,0.4540511644435759,-0.0007173346767727429,0.5730314379178003,0.018864587674609627,0.6914229422381624,0.005193524194921372,0.35163685317406984
17.329000,0.006301306891509199,-0.0054711180715018995,-0.008967350737709148,0.09864735006354439,0.011954052615778057,0.2168095035643376,-0.0053620627872416875,0.33555356392646774,0.015559696329507853,0.45371565443637896,-0.0017567766036012903,0.5724596626602965,0.019165338281407533,0.6906216901773357,0.0045256925695911845,0.35162079770092836
17.379000,0.006580085068551708,-0.004651066572653247,-0.009845372991869293,0.09909518232118267,0.012653322632403232,0.21696718364128542,-0.0059911742108790834,0.3355099300978308,0.01650785862883623,0.45338186705178685,-0.002136977362809404,0.5719245601663129,0.020362392696573143,0.6897964327523157,0.003982641751610633,0.35171020616683346
17.429000,0.006775157147800384,-0.004116221243773129,-0.01079226985288988,0.09961172139549357,0.013278201397230075,0.21717282216355002,-0.0066780050065116175,0.3355018119588291,0.017392782474736634,0.45306284797856056,-0.0025637422379662057,0.5713917840905328,0.021507361477525,0.6889527553604151,0.004881003097648297,0.35147524407881736
17.479000,0.007068147901894404,-0.003134792364871633,-0.011691254114939825,0.10021533752602206,0.013704344300112893,0.21749732071671243,-0.007557467822011603,0.33559869812308935,0.017838425432999856,0.45288061747036157,-0.0034236836008416146,0.5709819414232836,0.02197250449705574,0.6882637969257277,0.0019379162393394983,0.352098927259409
17.529000,0.0072469890680037525,-0.0024951557976651594,-0.012526452505101567,0.10082622546934127,0.014130683158579647,0.2178279225433927,-0.008343700626191983,0.33570456176208946,0.018313707037695415,0.45270619686451563,-0.004160950792862736,0.5705827838332573,0.02249672887381485,0.6875843569628046,0.004694797289307621,0.35158841259075396
17.579000,0.007490621217546689,-0.0015817595830265989,-0.013295284446068641,0.10140937614451873,0.01447521894853821,0.2181518240424882,-0.009113697290617836,0.3358104957614144,0.018657054917605772,0.45255288447172576,-0.004932112099082421,0.5702115059129902,0.02283888892496988,0.686953835434557,0.004016033590839523,0.3517838033710387
17.629000,0.00763656889133718,-0.0010108663455265074,-0.013990666160287124,0.10195604868396371,0.014828894232836107,0.21844395766488378,-0.009766517717845624,0.3358963553031451,0.019053266942619895,0.45238420879922586,-0.0055423711430533686,0.5698365590828987,0.02327763778659992,0.6863243570932254,0.004560754199921251,0.35167384084395853
17.679000,0.007830611624346078,-0.00022369777463928907,-0.014616351807916372,0.1024619666006926,0.015108231149042795,0.21872223138636585,-0.010391660309955315,0.3359815829775258,0.019333122199327868,0.45224179674292286,-0.00616697053723484,0.5695011045629276,0.023558011525875087,0.6857612673072994,0.004967911034277836,0.35158495405365353
17.729000,0.007939683284623958,0.0002327490647737353,-0.015157764760565165,0.10291176108626562,0.015358344627575647,0.21896677850391552,-0.010923305661389356,0.33605339113784777,0.019592978438416193,0.452108362615764,-0.006688848125270954,0.5691949356823467,0.02382761068742549,0.6852498612199257,0.004478065694038529,0.35172576335789
17.779000,0.008085155861911523,0.0008584910357938446,-0.015630824777796086,0.1033130261814941,0.015593266311742694,0.21917957068693864,-0.011370775288271642,0.3361109200360017,0.019853464158953837,0.4519774245614352,-0.007110727171902731,0.5689087393828846,0.024113660633964532,0.6847752039278461,0.004111279577933902,0.35183532718426946
17.829000,0.00816474516154947,0.0012088291332694962,-0.016029003303973516,0.10365734012162087,0.01579429772692695,0.21936074331917882,-0.011743532719999204,0.3361582942107805,0.020079889454625542,0.45186166408865214,-0.00745806329109475,0.5686591861453054,0.024365480027972064,0.6843625227031568,0.004457247481431343,0.3517474635598549
17.879000,0.008258228008925757,0.0016275682782883247,-0.01634986229552421,0.10393876050278919,0.01593633937607325,0.2195138494347079,-0.012063555402788808,0.3362014918497152,0.02022274051492462,0.4517765544536948,-0.007777249426526753,0.5684641740338311,0.02450914073782908,0.6840392103096417,0.004681626342320576,0.35168847267255426
17.929000,0.008303351014478648,0.001832363062229877,-0.01658651022336223,0.10414888298812609,0.016055229958593247,0.21962406126421144,-0.012285308445527197,0.33622943799686705,0.020356498270409158,0.45170459746555724,-0.007984107327949828,0.5683099578668622,0.02465776592235231,0.6837850985280071,0.004490574823825915,0.3517448104745832
17.979000,0.008345385042402823,0.0020239036665701533,-0.016744944735476268,0.10429071456999406,0.016124840043274503,0.21970118744225373,-0.012443834846416283,0.33625087991309255,0.020425989175414525,0.4516613416086159,-0.008142725353653924,0.5682110243630383,0.024727137911536037,0.6836214748817313,0.004616847398533427,0.35171002997118483
18.029000,0.008390006236036387,0.002080814680610045,-0.01680191347602584,0.10435984773652912,0.016168019510872374,0.21974175062517273,-0.01251620705224758,0.3362630583084702,0.020453737205361873,0.4516449579765509,-0.008230500744828919,0.5681662628566755,0.024739454781621234,0.6835481593047268,0.004616212347989869,0.35170753650704834
18.079000,0.008331310621401815,0.0020200621895951286,-0.016819790499054636,0.10435518717295315,0.016148224280480617,0.21973763818463476,-0.012522474804997272,0.3362622751243034,0.020445523835522,0.45164473074735495,-0.008225158951201256,0.5681693716973045,0.02474282354609363,0.6835518319329261,0.004592420654112218,0.3517170269801883
18.129000,0.008336310849090438,0.0018845375157638367,-0.01671166541159074,0.10424525855354881,0.016135187901001612,0.21966226001976655,-0.012412968411825414,0.336216980092069,0.020433841719114394,0.45163399384746744,-0.008114270983743527,0.5681887246013041,0.024732495960323134,0.6836057506473515,0.004744855336580813,0.35163735072595287
18.179000,0.008281379880667603,0.001547497269185481,-0.016514333801014962,0.10403014411369306,0.01607797460965651,0.21951928400339146,-0.012229950285861988,0.33613258250792777,0.020362287358908337,0.45162174236852015,-0.007945566076306127,0.5682350582200506,0.024646600796445026,0.6837242380532169,0.0046826952056987815,0.3516055506630814
18.229000,0.008091998479202745,0.0013402690630521326,-0.01639085695968972,0.10383795444445187,0.015849273476896353,0.21942590356984906,-0.012061676505516535,0.33613485292326983,0.020178355393542652,0.45172282953299847,-0.007732495087052579,0.5684318026822383,0.02450743826762465,0.6840198067781204,0.004887211132306328,0.3515815381872825
18.279000,0.008002350635220321,0.0008611234994958508,-0.016042972193390015,0.10357698379638008,0.015721596060657674,0.2192965249164941,-0.01171211607888229,0.3361185751906414,0.020052326815152982,0.45183815072152306,-0.007381258760497292,0.5686602307170193,0.02438305876700659,0.6843798406603123,0.00539364935305035,0.35147133858748103
18.329000,0.007621424118224561,0.00047086444070073105,-0.015853401489233376,0.10324235034087742,0.015351187401799436,0.21911414857459915,-0.011428685108980829,0.33608781407204186,0.019775751520978158,0.4519596533099759,-0.007003967269786492,0.56893335399987,0.024200317092406914,0.6848052342436038,0.00503242974278908,0.3515359445470432
18.379000,0.006859697672579393,-0.00013204598141028923,-0.01574701102876988,0.10287106374281346,0.014817286276408116,0.21891339962098147,-0.011200007078971192,0.336059037283933,0.01936411212418073,0.45210142007210485,-0.006653001424364158,0.5692470976688553,0.0239109396701105,0.6852895273684904,0.0052405973235027555,0.3514520522299376
18.429000,0.006822273904179704,-0.0005822291785493938,-0.015277561909985117,0.10250300321573017,0.014484508123727216,0.21875367713753707,-0.010721916679380855,0.336076463279147,0.01903995012118878,0.45232718923176646,-0.006166269558856034,0.5696500194432218,0.023595394001109084,0.6859007974281855,0.005084738992051842,0.3515747673345943
18.479000,0.006682345292816036,-0.0012162468998574269,-0.014546996158508997,0.10217537219379089,0.014273020426760392,0.21866316830962412,-0.01001997771772787,0.3361784874857538,0.018799810764120448,0.4526663400359689,-0.0054929572517758065,0.5701817067844993,0.023326603120669427,0.6866696157701022,0.005953986995365305,0.3515832550719143
18.529000,0.00658593468851867,-0.0017315473092736936,-0.013885691149196473,0.1017436050827642,0.013911883151628014,0.21847961006586125,-0.009376422332786388,0.33619815075914855,0.018420900130048212,0.4529342157104771,-0.004867151381700982,0.5706528066469929,0.022929919237423216,0.6873889315673408,0.004286267121818972,0.3520008371180377
18.579000,0.006612704722207791,-0.0025133051862776465,-0.012858777940510772,0.10124253341572007,0.013765913328929357,0.21825161774114227,-0.00848907376533918,0.33616987565170564,0.018135342896766358,0.4531790224619845,-0.004119367443598597,0.5710973326046195,0.022504774606221314,0.6881065419002036,0.00514926102056401,0.35189354478997925
18.629000,0.0059170287525659865,-0.003175083848931163,-0.012321006461956129,0.10071664373575633,0.01305430166168427,0.21800301863416738,-0.007901051794793423,0.3361591575388618,0.01747395880778192,0.45344559680657737,-0.0034810948974875223,0.5716017888726752,0.021893618177060432,0.6888882925104115,0.004408281861818935,0.3520919354151097
18.679000,0.0047425907615847775,-0.004213402512884286,-0.01205965180876685,0.10015096853260344,0.012144538740823461,0.217684611182511,-0.007329418828641436,0.33609392236346486,0.01687445302842795,0.4536276306425954,-0.0025991834520477054,0.5720369946303798,0.021604369706302362,0.6895707685391089,0.004910588347126422,0.3518958134902456
18.729000,0.003955331327188473,-0.004932055719536853,-0.011558960308326295,0.09938509553694677,0.011309387201060509,0.21718593883119028,-0.006620959945263621,0.33583880500051216,0.016247048566731478,0.453639714102863,-0.0016829571125412347,0.5722926318728191,0.021184712396771117,0.6900936067832921,0.005578746055151703,0.35152305710357273
18.779000,0.0030164518392589083,-0.005676725285780124,-0.011308050418382093,0.09892817401025637,0.010214421214300166,0.21698232774835213,-0.006091954708335279,0.3358692576618748,0.015430159327554545,0.4539234765929394,-0.0008758564525590544,0.572810455902584,0.020645899983107174,0.690864740026124,0.004587131342738476,0.35175074238285076
18.829000,0.0029203897680990217,-0.006207089419157284,-0.010099442624545712,0.09845768407266357,0.00962366928915814,0.21682574926103898,-0.005294359816705162,0.3358948569573533,0.014428376779882646,0.4542629846824364,-0.0004892747620425012,0.5733321396826863,0.019233086514895546,0.6917003299436761,0.005385886152037793,0.3517025961987518
18.879000,0.0024497098246778846,-0.007012816519350417,-0.00903514728825433,0.09795002574334663,0.009087952219484531,0.2165736037716315,-0.004174547356741029,0.3358384607287024,0.0139481609999763,0.45446209851568536,0.000686054709874926,0.5737269992063329,0.018808371912977906,0.6923506967510903,0.00660933939381701,0.35155446023817083
18.929000,0.002128587409307208,-0.007525747870227708,-0.007923404261602797,0.09745667982303038,0.008462159140819402,0.21633272161440736,-0.003079381098350844,0.33577640227147515,0.013305776586373526,0.45465249998521534,0.0017646440208944876,0.574096220034057,0.018149395985460105,0.6929723736690886,0.005843423609115998,0.3516877796826102
18.979000,0.001638901051528053,-0.008248724806435506,-0.0067712172333263786,0.09697990314219682,0.007893614073854688,0.21608046033120382,-0.001872767439257629,0.3356823741626318,0.012791645442767851,0.4547829828715107,0.0030256841338371504,0.5743849310149773,0.017689678588363473,0.6934855912425244,0.007143434597677831,0.3515131682498552
19.029000,0.001308702134382872,-0.008694358955650064,-0.005579608632348223,0.09652816634208407,0.007235594063038722,0.2158419148368663,-0.0007044955975976951,0.3355789390865988,0.01211027745073104,0.4548927337279555,0.004170618978570956,0.574629786570196,0.016984962377711653,0.6939436273567905,0.0063207513289131505,0.3515924287530474
19.079000,0.0008104554919537896,-0.009299978194577474,-0.004355716957006795,0.09610201650037804,0.006644270909183379,0.21559678737736518,0.000570695991177908,0.3354429875161905,0.01157024490429746,0.45493779879981017,0.005497110247374082,0.5747840212494096,0.016496220205506427,0.6942788729382119,0.00556536390838672,0.3516189865356178
19.129000,0.0004779245154823773,-0.009655912772196627,-0.0031018193642266974,0.09571054968023018,0.005965533578632217,0.21536748892994373,0.0017938746975356002,0.33529495560117695,0.010860781066280061,0.45495192869050605,0.006689569786088485,0.5748794109306331,0.01575602957912706,0.6945364178580222,0.004669388311253983,0.35161044032814587
19.179000,-1.873449189641876e-05,-0.010087202279644727,-0.001824760720380768,0.09537146576403412,0.005361987628108437,0.2151560668118127,0.0031173838008445617,0.33513507228218087,0.010303679889627533,0.4549197004634477,0.00805952907353636,0.5748987144080314,0.015245372901028908,0.6946833697211677,0.008200693083346332,0.35120390256645645
19.229000,-0.00034709212975498943,-0.010318304443178123,-0.0005281094293652219,0.09508005169607738,0.004674521659899105,0.21496721793896184,0.004375788040870258,0.33496684609765603,0.009577963036544339,0.45485403213233777,0.009279685956746515,0.574853661426697,0.014481404857396477,0.6947408672514997,0.007304689904711424,0.3511674824530792
19.279000,-0.0008440995967796209,-0.010562976576658865,0.0007775793434979362,0.09483784288039694,0.004066509842431593,0.21479276331375466,0.005724356673888569,0.334781310866775,0.009012829156096636,0.4547362438571849,0.010671134150711442,0.5747247850790234,0.013959148614974461,0.694679730624769,0.008703036065607888,0.3509634069023978
19.329000,-0.0011815000789743675,-0.01064675233557419,0.0020800381960339675,0.09466555454257056,0.0033711307294052627,0.21465860884185184,0.00699081752630891,0.3346040041994574,0.008281452096173814,0.4545970634254271,0.011901596692839453,0.5745424449667734,0.013191773298384363,0.6945355091176925,0.005590985340321913,0.35096925554010155
19.379000,-0.0018591461233110247,-0.01065713850717509,0.00371672470191234,0.0945834512867799,0.0029261940568324797,0.21458084593899945,0.008332263401639176,0.3344590099111894,0.007541276696377346,0.4544564015576909,0.01294780166968699,0.5743345449815249,0.012156358904395273,0.694331933620576,0.00680310613481714,0.3508031041946937
19.429000,-0.0020350500401941987,-0.010628871963087181,0.004694287054225903,0.0945001395546246,0.0020852338065082193,0.21447177109169824,0.009342542190239587,0.33425211687876855,0.006733036344606376,0.45422373857192133,0.013990796622329186,0.57400405697835,0.0113808381819376,0.693975668825942,0.005623323867731324,0.35062091594263567
19.479000,-0.0026225177714147845,-0.010515398323648433,0.004165980770135592,0.09453646499975564,-0.0003867702085012829,0.21445000859843588,0.008719514184054662,0.3341039366964196,0.00416631629540671,0.4540174633187451,0.013273046650606215,0.5736713574684866,0.008719401855334433,0.6935848671129174,0.0057888916671508485,0.3504520311944564
19.529000,-0.0037212042024259363,-0.010346426377699877,0.00739766192209682,0.09447743884779508,0.0009005825179615248,0.21430130514352452,0.011869553366750888,0.33379884073575905,0.005372034687368621,0.4536226832011234,0.01634144363864331,0.5731201785685542,0.00984348568620242,0.6929439972020566,0.01123429316951978,0.35036083102137155
19.579000,-0.003974730717056055,-0.010120486927904975,0.005330497866346225,0.09459180760423405,-0.002951304111953906,0.21430528991673986,0.00988038935151923,0.3336168478668837,0.0015981573319947167,0.45333030039588046,0.014430279410473888,0.5726418122151511,0.006147617355114004,0.6923552349594586,0.008431569030938751,0.3502388966536933
19.629000,-0.0020956800829875165,-0.009841359159575874,0.010626988599328091,0.09467466741597179,0.0003396411888706317,0.21423265998953867,0.014604876364226818,0.33338158335592594,0.004317109179054632,0.4529395397946387,0.01858276270390359,0.5720884130610148,0.008294575752794058,0.6916463333641437,0.013335695045582881,0.3501120809199736
19.679000,-7.45374864258802e-05,-0.009170203835433275,0.013104977785531689,0.09502858656237959,0.0003808353840695479,0.214352078753254,0.015785147912944397,0.33335925021026885,0.003060598865966836,0.4526826990374271,0.018465316973237417,0.5716898179955108,0.005740361290285294,0.6910132234585686,0.008252391668414018,0.3496494946424198
19.729000,5.334348686155273e-05,-0.008562520445913081,0.014796067915862389,0.09558849180758637,-2.1346483892954042e-05,0.21467016222657598,0.016789441126483014,0.33348681684914316,0.001971635120790554,0.4525684385396821,0.018782813474914388,0.5713850378771711,0.003964615871515504,0.6904666108389755,0.00922230033011967,0.34986535344432185
19.779000,-0.0005381870345128134,-0.00738572691791951,0.01604105016402572,0.0963373568673465,-0.0005131634260004662,0.21519003042751034,0.017937896876624115,0.3337630390495716,0.0013833082753298453,0.4526156603762591,0.019834742713363038,0.5711886107787748,0.0032797791096271867,0.6900411798720093,0.010122719642323003,0.3502953831656416
19.829000,-0.0009854749719230024,-0.006877022875788322,0.016643921694679084,0.096863201349991,-0.0014983177283785514,0.21548385363324613,0.01850727535046016,0.3338045037542978,0.00036467844512343335,0.45242510136246583,0.02037062810390773,0.5707456911926156,0.002227673725814492,0.6893662341260508,0.011618817437910987,0.35048612675746127
19.879000,-0.0023161966222154037,-0.005821521851329318,0.017120730815535418,0.09734163820288232,-0.002398979421244607,0.21574341569068922,0.019252805238218318,0.3337739211588106,-0.00026724333737894175,0.452175642867603,0.02138487859832341,0.570206086464505,0.0018644916935531255,0.6886077523948796,0.009658268745352099,0.3503417034492186
19.929000,-0.0030553336748150926,-0.005137104271774068,0.01747529265921257,0.09807289547413123,-0.00337141109331325,0.21624825222271235,0.019827510174485405,0.333984440593198,-0.0010195112356378697,0.4521597413050044,0.022179726504446613,0.5698958673168576,0.0013323874488716195,0.6880711119931516,0.008680350108856462,0.3502617633045879
19.979000,-0.003987729186223732,-0.004276425122889361,0.017912267535702305,0.09854625857480445,-0.004153428337502705,0.21650008456460107,0.02045127509265004,0.3339505361138149,-0.0016147171823711415,0.4519043066551532,0.02299028137751274,0.5693546963772317,0.0009239927142147002,0.6873084114718737,0.009191483410743412,0.35031928530356
20.029000,-0.004559833645292432,-0.0037233842567295644,0.018316682643650405,0.09900079553039957,-0.004924758012938617,0.21672859783812223,0.020974977707976364,0.3339002825131611,-0.0022667365677561204,0.45162803080355013,0.02363327147136187,0.5687996552847938,0.0003912835908284878,0.6865273495600199,0.008354218925918826,0.350132336896261
20.079000,-0.005342726648850374,-0.002935407399406436,0.018689759674614836,0.09943269676165432,-0.005586263619304494,0.21695152373432744,0.021504556134196606,0.33385356599657073,-0.0027717175929968694,0.4513723412366249,0.024319351270266087,0.5682743257700189,4.2827124603831215e-05,0.6857930492799564,0.0087698306128349,0.3501644562492961
20.129000,-0.005813600167069449,-0.0024438891285002797,0.019027960187312704,0.09983608214003153,-0.006226312567650423,0.2171485780968473,0.021940695259087102,0.3337959941423324,-0.003313803335616603,0.4511084414816071,0.024853429041020295,0.5677558033044985,-0.0004012953783568713,0.6850682020290206,0.008061150127760753,0.3499807195392522
20.179000,-0.006441900430450778,-0.0017673205427554965,0.01933272415651522,0.10020807459550311,-0.006762719998212188,0.21733632820823098,0.02237169734219387,0.33374588849532705,-0.0037239478511764414,0.4508740973177185,0.02541066928463451,0.5672836076008123,-0.0006851769321809722,0.684411771635891,0.007504555422536333,0.34981931187235527
20.229000,-0.006807947231422224,-0.0013622087324100965,0.01960021703960447,0.10054215373995443,-0.007265798986270649,0.21749606424703158,0.022715675615997064,0.3336903462951323,-0.004150515396719999,0.4506442166050462,0.02583113304609546,0.5668384537971353,-0.0010352329382074272,0.6837922839131152,0.00780137862132911,0.349827733844217
20.279000,-0.007276465045933367,-0.0008319489020699666,0.01983218508884333,0.10083699911613324,-0.0076719107985213945,0.21764249859890006,0.02304312247188578,0.33364502758511566,-0.00446112234487555,0.4504504919994985,0.02625405882136376,0.5664529818259032,-0.0012503349095122924,0.6832584111753002,0.007371836193048676,0.3496918488612724
20.329000,-0.007534465973064741,-0.0005344148324731224,0.020024809088132606,0.10108602526821692,-0.008032806075192194,0.21775980223350924,0.023290735778296268,0.3335995006350191,-0.004767001177967353,0.45027324831157706,0.026556661588046523,0.5661129140177638,-0.001501197145872872,0.6827866324091283,0.007576972671472774,0.34969206836423694
20.379000,-0.007839046770870385,-0.00017839265090331162,0.020180294813949125,0.10128962739447049,-0.008304343707185698,0.2178598867590284,0.023510502341365397,0.3335656150999666,-0.004974231026075426,0.4501358512882227,0.026840709155648602,0.5658415537459377,-0.0016441190428386418,0.6824117667615391,0.007279556563747255,0.3495930810532948
20.429000,-0.007986697145652009,-4.182649964158597e-06,0.020294908736977466,0.10144164052845185,-0.008519173863248745,0.21793090459989894,0.023658588620171887,0.33353623147353645,-0.005155560978657649,0.4500254789725922,0.02702226798528618,0.5656307873419192,-0.0017919485969140085,0.6821200182723105,0.0073902697627961905,0.3495889788627078
20.479000,-0.008124531429559484,0.00015866011766907853,0.020371322057317953,0.10154414381241052,-0.008653251947591338,0.21798114009724068,0.023767854229905943,0.33351845819934756,-0.005256759301500954,0.44995544463129067,0.027164386087422204,0.5654927517302114,-0.001860266955275876,0.6819297283130434,0.007228607294470059,0.3495350236447662
20.529000,-0.008171414906388754,0.00020213960553358833,0.020401241757241135,0.10159265460963643,-0.008716692378651162,0.21800633897956948,0.023825256878807342,0.33350967892482586,-0.005292688591699643,0.4499233604596915,0.02724927190321652,0.5654266972389023,-0.001868684888537398,0.6818403759420432,0.007199429929300538,0.3495209712239454
20.579000,-0.00812230759873242,0.00016048985447220107,0.020433469328020315,0.10159052773824534,-0.008671080840497404,0.21800755894477553,0.023868036482107113,0.3335116966954811,-0.005236497380147539,0.44992873197861677,0.02730260375743712,0.5654328742888657,-0.0018019137879418,0.6818499136512577,0.007161546830466737,0.3495011090490743
20.629000,-0.008050036846919377,8.269958804209836e-05,0.020368681943017223,0.10153764306499548,-0.008601847312488833,0.21798809790437693,0.023804855178456836,0.33352945687366425,-0.005165629596164168,0.44997992277898546,0.02724102875845791,0.5655212941274907,-0.0017294115278201905,0.6819717711005895,0.007199051706518187,0.3495300136637877
20.679000,-0.008047801533439652,-0.00012441657567524052,0.020207269468640196,0.10143150509067646,-0.008498507782691235,0.2179475054566222,0.02368672818151473,0.33355075184425953,-0.005018977133112343,0.4500667699330612,0.02716618745659343,0.5656700361921337,-0.0015394459152593028,0.68218607200524,0.007307607291868093,0.34958071746818403
20.729000,-0.007904862691993586,-0.00034596855862724883,0.02000514586146549,0.10128389174797586,-0.008373837183240621,0.21787991792879105,0.02348158540966868,0.3335744815419046,-0.004897299851263071,0.45017053152283637,0.026958025713406733,0.5658651218517302,-0.0014207617582505027,0.6824611956340301,0.007087194797099967,0.3495580882355838
20.779000,-0.0077019542751050885,-0.000962409642796929,0.01974727399235763,0.10091199659473146,-0.00812779246206333,0.2176295216560454,0.02324604958331697,0.33345560690509596,-0.004628891380319742,0.45017316193667944,0.026744826134753527,0.5659992809172155,-0.001129989333154927,0.6827168659201066,0.006712956146884887,0.34934337324051606
20.829000,-0.0076494169100935535,-0.001349350132999666,0.019367631767048882,0.10058815098945097,-0.00786920852708118,0.21745625839594784,0.022909998364835628,0.33344177654726564,-0.004326688917431905,0.4503099196140247,0.026452366121055892,0.5662954780627508,-0.0007841681445923902,0.683163656790669,0.006944876972597993,0.3494117600777017
20.879000,-0.007633449966896762,-0.0019310236389314837,0.018952392965336247,0.10021905202269457,-0.007554590708830973,0.21725485771181755,0.022540530798032934,0.33341975627316506,-0.003966273576026015,0.4504556025711268,0.026128669968498823,0.5666205472374635,-0.00037795510140996476,0.6836564341448904,0.007338185608826563,0.349511899196903
20.929000,-0.007519285006451124,-0.002422096363894564,0.018207683672206265,0.09985315137203955,-0.007315075047103516,0.21710752776971745,0.02209202674275327,0.33344850232448414,-0.0034305265358532747,0.4507029234402492,0.025976371417495488,0.5670439495178684,0.0004540235829741789,0.6842984153520796,0.0055628274554279135,0.3491967743034567
20.979000,-0.006920931872301796,-0.0033829613221038777,0.018018705782854853,0.09933092781639447,-0.006613408072532134,0.21677563354058532,0.021845782793234635,0.333352107974783,-0.0027861008154890675,0.4507968619892298,0.02567286150853767,0.5673733922158668,0.00104120815030935,0.6848181945209021,0.0060301743199368835,0.34927749537549196
21.029000,-0.006472501077169892,-0.004025360427526423,0.017458432403521462,0.09869808954108199,-0.006220673450158384,0.21633864354175866,0.021196024958672992,0.333164687932613,-0.002482827091822617,0.4508052930194055,0.024933619273829994,0.5676313965593848,0.0012550210305957536,0.6852720527325438,0.007048059082596991,0.34918505427752833
21.079000,-0.00562205812592251,-0.005205832333905677,0.01721685870905238,0.09798796886442397,-0.005298117431404514,0.21585686148973524,0.020997358209316464,0.33294036997885446,-0.0015173406793625773,0.4508093155636634,0.024777859558409165,0.5678928859044626,0.0022634379252327985,0.6857618844488045,0.0066951972490839175,0.34877287315561495
21.129000,-0.005014267566816943,-0.0060968618934753235,0.016846327622704965,0.09713358688179345,-0.004461736667982238,0.21522662812814616,0.020611697604179177,0.3325779080118745,-0.0006960673778727104,0.45067100326345383,0.02437706946882568,0.568022346695118,0.003069603799272046,0.6861154959518376,0.008921715713485445,0.3489655489189906
21.179000,-0.00440672762105506,-0.007098518861313959,0.016304615868321916,0.09636848517369744,-0.0037370476083786824,0.21468303087269847,0.019931812497917003,0.3323256467045281,-0.00010953031817082133,0.4506402467207659,0.02355901095175488,0.5682829266997628,0.003517988800817021,0.686597581033112,0.006690780945734655,0.34841287222060624
21.229000,-0.0038296835003629143,-0.007639414106109966,0.01557119989640801,0.0959837568549892,-0.002945016208790119,0.214546608293022,0.019358145338107778,0.3324557639381122,0.0008422703357303758,0.4510186686464053,0.023145092661407907,0.5689278884565389,0.004629558767058924,0.6874908464349,0.007811936856668825,0.3486249611853654
21.279000,-0.003176256427526642,-0.008262127464889983,0.014917454079245395,0.0957029913619834,-0.002030486046727579,0.21450016020649934,0.018864409519909177,0.33266700555343004,0.0019168291931188127,0.45146422572735917,0.02281136686923188,0.5696311343578537,0.005864146347472155,0.6884284058609179,0.007253905455224047,0.34877611141583825
21.329000,-0.00289999528397526,-0.00870095349048348,0.014064156394088936,0.09538691659078105,-0.0011821691387013053,0.21441443255977125,0.018220391305308514,0.3328354638346953,0.002974443154501707,0.4518630281422243,0.022376628138028376,0.5702841209334368,0.007131057375776407,0.68931173357913,0.008199889302654521,0.3490438319653002
21.379000,-0.002480792507440581,-0.009507924933182076,0.01305524568931871,0.09492139692265156,-0.00047646384062542983,0.21415600950304794,0.017382310162277936,0.3328196694462387,0.003850993784483803,0.45205432664406875,0.021709376517610943,0.570718045472349,0.008178453299005479,0.6899527472870985,0.009109336791024356,0.3491493398218312
21.429000,-0.0021914913568045896,-0.009989329282416807,0.012005266884006955,0.09450108759924643,0.00032963974937272843,0.21393173580569716,0.016583816538721305,0.3328258136098527,0.004908597008289744,0.45225650166328496,0.021162368025238545,0.5711506349404514,0.009487556106221515,0.6905813628401655,0.010184676732364124,0.34925938245375526
21.479000,-0.0017454391193475497,-0.010611728200118365,0.010920347596639395,0.09414302619638518,0.0010864824049901197,0.21373941031978777,0.01568533983471979,0.3328480723127193,0.005851894808253901,0.4524444909836456,0.020450333787420883,0.5715532042642931,0.010617308933383026,0.6911496574818525,0.007450889022654564,0.3490745850904666
21.529000,-0.0014419387290022791,-0.01095770845269757,0.009802537539641047,0.09386015884967175,0.0019422758500598708,0.21360244998430516,0.01483774768786394,0.33290754964932534,0.006977917189288819,0.45264986908791666,0.01987295941211172,0.5719550151884585,0.012013560111689603,0.6916973629299177,0.008551069822807558,0.3492252857640918
21.579000,-0.000982346308611902,-0.011420004368242863,0.008655943043040203,0.09360941723064826,0.002737615036430271,0.21346338418045838,0.013892810760612008,0.3329437658686468,0.007974923029253804,0.4527977545582145,0.019129679853303206,0.5722781772231699,0.013212232404045818,0.692132187651212,0.00958919183254125,0.34931717926565475
21.629000,-0.0006716088227041763,-0.011681866122265372,0.007486046205546184,0.09340178758347391,0.0036286144658650562,0.21333977247722513,0.013009694846515351,0.33297252439279273,0.009152710733970535,0.45291052368224055,0.018533344630687627,0.5725433106082991,0.014676808151683294,0.692481324291977,0.00877153343207238,0.3493111146203593
21.679000,-0.00020324992873265688,-0.011929683999717357,0.006297659080268756,0.09326647311222558,0.004450079606231308,0.21325224914458332,0.012033307839944324,0.33301240382699604,0.010186181390159947,0.4529981868343111,0.017768957456166357,0.5727583701471833,0.015922284036596568,0.692744160127837,0.009849506676717575,0.3493734001722821
21.729000,0.00010922038159714576,-0.012010551107573104,0.005094412901796335,0.09322819643972516,0.005361129590859249,0.21322790003189146,0.011128708899193386,0.33308921584697027,0.01139588211500233,0.4530889184235714,0.017163005427144256,0.5729502561797575,0.017430635175171953,0.6929499577390447,0.011058210727883173,0.34941863393117817
21.779000,0.0005763749148884729,-0.012019170905214448,0.0038816876591391955,0.09325572729576151,0.006192781474460474,0.2132334704207961,0.010134804236421447,0.33316870484564803,0.012446356160722157,0.4531464391453975,0.01638792097985292,0.5730816886210064,0.018699931018176998,0.6930594140936236,0.00806498608765597,0.34955571325146545
21.829000,0.0008855905450403356,-0.011949305447667358,0.002663595011266148,0.0933571196845975,0.0071049011434866916,0.21327490318579434,0.00921802518191486,0.33325629635489445,0.01365978899550326,0.45317406290441087,0.015772455113528042,0.5731554641375759,0.020214676613080122,0.6930732137334925,0.009274724315074916,0.3495972282150821
21.879000,0.0014185081732283056,-0.011874072490865731,0.0011688518348649877,0.09341495080468282,0.007488050341243711,0.21324845083159621,0.007611667763102222,0.33324838714255123,0.01393132172076391,0.4530818631512112,0.014054483063624877,0.5730817999311233,0.020374592476235888,0.6929152519196005,0.007513563930235429,0.3496160840469558
21.929000,0.0018571221836834488,-0.011778939386489261,-4.3750224706603537e-07,0.09353322029986065,0.008169774249614278,0.21325476238712687,0.0062219681267085495,0.33323895322556457,0.014392631068116826,0.4529604645212429,0.012444372767283126,0.5729446480182365,0.020615486901352162,0.6926661285204062,0.008311281367847548,0.34950621455711994
21.979000,0.0030835428697961833,-0.011637207368209092,-0.0008043545412995093,0.09363583120414207,0.009023085912470436,0.21323274342993526,0.005066507918325183,0.33316749856803873,0.01489439397667486,0.45276437417706344,0.010937369118849202,0.5726991145725598,0.020765700783804193,0.6922959535629781,0.009230242004749858,0.3493600001411576
22.029000,0.003688268247976047,-0.011446349132081863,-0.0017969509515542107,0.09370550745411618,0.009790441380971251,0.2131447486539654,0.0037181249930104228,0.3329910125614157,0.015305954814912467,0.4524302113174452,0.009233199445407028,0.5722764529819706,0.020821466758281098,0.6917156092924078,0.0047752765763616175,0.34950650790903304
22.079000,0.0051975239171822086,-0.010986464300753679,-0.002477355726555483,0.09393971310239871,0.010779757690929096,0.2132051688875818,0.00267404803510267,0.3329310953648027,0.015931589359440043,0.45219650358464236,0.007825450141955625,0.5719224009788161,0.021083419374658022,0.6911877616315901,0.00583425065331691,0.34937658093877016
22.129000,0.005956495418127972,-0.010691671351820217,-0.003007884191845875,0.09421041161861649,0.012024528672103123,0.2132651316530008,0.0020203516191679505,0.33284738927861335,0.017053180773403447,0.4519020567494266,0.007048585575155317,0.5714842793924928,0.022081831022986248,0.6905388942978382,0.007051729569212181,0.34925062402250795
22.179000,0.007035703980380231,-0.010231060392460328,-0.0032425591955370595,0.0943995211089239,0.013357820924932892,0.21324574122750067,0.0015495095862741023,0.33266333338549803,0.018150293670414007,0.45150949707718846,0.006341576413565573,0.5709270490956415,0.022942764466274183,0.6897731563583615,0.003478356070227611,0.34953870148630406
22.229000,0.0077730849632539145,-0.009887410548686101,-0.004153608220359224,0.09469628305151587,0.01407255286496438,0.2133040679754965,0.0005298101588556764,0.3325374278992111,0.01875636081960696,0.45114515295741314,0.005213226472181722,0.570378468397138,0.023440166713565937,0.6889861335874518,0.0050064930614817866,0.34927287366645327
22.279000,0.009688166600023532,-0.009103414667295003,-0.004721145975953094,0.09509242873824936,0.014884321265267845,0.21348003642686847,-0.0005078002218658843,0.3324887865089473,0.019098040800704874,0.45087633229725493,0.0037055435595836498,0.5698850337801948,0.02331175836822667,0.6882725176661967,0.003934807630365866,0.3492465912223811
22.329000,0.010722790470332654,-0.008650550570721784,-0.004602042160506798,0.09550339022086803,0.016191495825649875,0.21368811324492368,-0.0011580085707393432,0.3324273009045781,0.01963588572034425,0.45061196123943303,0.0022860233372950633,0.5693510965915304,0.023080273936271233,0.6875356942355555,0.0032094965474639735,0.34935602714602876
22.379000,0.011323071761989116,-0.007629071433458151,-0.005439411704132599,0.09602836064516396,0.016861286748347405,0.2139379821668169,-0.0020056991840866883,0.3324455213384883,0.020295336277386437,0.4503550791198403,0.0014280116180773305,0.5688625643640224,0.023729384091068083,0.6867720584035986,0.0078282037357706,0.34871833955785775
22.429000,0.011730787624500387,-0.007030524814812169,-0.006225904375156424,0.09667631057258569,0.017403724329790572,0.2143268126826926,-0.0029126253170284905,0.332594500292065,0.02071732056392271,0.4502449386982061,0.0004006520689944972,0.568512571534528,0.024030915127830108,0.6861629462354363,0.006213821491347521,0.3490617602134406
22.479000,0.0120126420297512,-0.0060577217392056935,-0.006861855775091092,0.0971705594790159,0.01814143283184549,0.21453680460087046,-0.0033977009418194783,0.3325879190448381,0.021605883791737238,0.44995410108052936,6.645215492685069e-05,0.5680051611771825,0.025070333016385525,0.6853712801256563,0.009529779343857049,0.34840641712838183
22.529000,0.012124299525850899,-0.005514048865065614,-0.007871353250488076,0.09777418687802555,0.018354531375649824,0.21487330291000672,-0.004404019375829838,0.3326954076594531,0.021822139078546847,0.4497944623636684,-0.0009366871980397238,0.5676165138922739,0.02528974508445407,0.6847155072680782,0.008584766207594014,0.34860750772095334
22.579000,0.012470285702471221,-0.004645803684239311,-0.00861598978030295,0.09829465145028052,0.0188105821441589,0.2151183782785539,-0.00496985150376031,0.33273849123611166,0.022456971244166755,0.44956215917856435,-0.0013237149453953767,0.5671822210769719,0.02610335862633106,0.6840058301329573,0.009255801778608838,0.34845994712088385
22.629000,0.012894682392845736,-0.00415533231930197,-0.00898594487619059,0.09882055349268637,0.019463012712200627,0.21539952585870742,-0.005414509920197182,0.3327924935047442,0.023034673195015856,0.4493714108348534,-0.001843076544549068,0.5667643303528732,0.026606332096613755,0.6833431926468208,0.00709085882221753,0.3490717524331719
22.679000,0.012956195294134533,-0.003369126592612753,-0.009703404002952307,0.0992624325683653,0.019680257133430648,0.21560932964000906,-0.0061094311670030176,0.33280528510494495,0.023274430310956815,0.4491521315797057,-0.002515459797523977,0.5663480426353619,0.026868602020579523,0.6826948385132343,0.00774638712248921,0.3488451689512555
22.729000,0.013159882029956754,-0.002888336932229675,-0.010238089353288918,0.09971336919369136,0.019967615861016273,0.2158495623751835,-0.006640260978983941,0.3328624714293017,0.023565618375163112,0.4489986193188584,-0.0030424339221235205,0.5660114884751385,0.02716361956959481,0.6821475910730718,0.006488179473358172,0.34913935694927617
22.779000,0.013399947140643995,-0.002291985307331267,-0.010636466016371688,0.10009906364065389,0.02025512058893536,0.21605470112274203,-0.007052063547997841,0.3329063920800183,0.023839671122743714,0.44886199011608985,-0.0034676622246636504,0.5657136462041256,0.027424220507616566,0.6816692047950158,0.008429243613563352,0.348669185669946
22.829000,0.013516308338363908,-0.002070527693320051,-0.010975803933116202,0.10031023096467297,0.02052924826665302,0.216100695520919,-0.007334229308297156,0.33282098772436813,0.024170943889531133,0.44861141935857635,-0.003692655654823712,0.5653316824454118,0.0278126385362327,0.6811220811587612,0.008429243613563352,0.348669185669946
22.879000,0.013551594855001793,-0.0017838089839466856,-0.01133287140549816,0.10049986693799492,0.02063726454325362,0.2161627841039541,-0.007684234269003665,0.3327727866975552,0.02428599586068805,0.44843567783112387,-0.004035597902224106,0.5650456573636704,0.02793472640311674,0.6807085224662286,0.008592713798322455,0.34838372922971644
22.929000,0.013656228638644826,-0.0016923812404207597,-0.011521576596560517,0.10057424480812754,0.02079272749874229,0.21614147950095566,-0.007879811177375238,0.33266566372197354,0.024434559426976157,0.4482328798178694,-0.004238046307223622,0.5647570475382108,0.028076390800433903,0.6803242450387387,0.009172081260454667,0.34815999711722684
22.979000,0.013710346532687656,-0.0015537644941861469,-0.011679864847769474,0.10065289080279487,0.02085483215865528,0.21615827374025742,-0.00805292595470921,0.3326243268131423,0.024481810284143802,0.4481296986998991,-0.004425987385408149,0.5645957419546309,0.028108788079566512,0.680101102792444,0.008604024692047407,0.34826820320140583
23.029000,0.013715688905875358,-0.0014878987705598278,-0.011760456468230865,0.10071731468462033,0.020878094150758524,0.2161933945171621,-0.008141091549033476,0.3326317338273331,0.024497470324959254,0.44810781047872195,-0.0045217267212673325,0.5645461469610927,0.028116846401729872,0.6800222204330232,0.00890098691212085,0.3481476972141173
23.079000,0.01354131016457222,-0.0015100778525054194,-0.011823287763788715,0.10072894255682956,0.02081541233589323,0.21620498013953252,-0.008187939661377857,0.3326472644391715,0.024450744270369328,0.44812330659165583,-0.0045525914213567775,0.5645655949526658,0.028086076336650674,0.6800416416765696,0.00888307030634134,0.3481507927388164
23.129000,0.013347762870221842,-0.0016173532624626707,-0.011930922004693228,0.1006686357383678,0.02061795599748462,0.21617002335252364,-0.008224365219328816,0.3326522988575381,0.024324469395971896,0.44815369869832766,-0.004517808058697757,0.5646359850393318,0.028030983162055455,0.680137397108899,0.008858874645139778,0.3481276544734536
23.179000,0.013145135975395959,-0.0019628925652201245,-0.011879447335315155,0.10049104544256086,0.020455893104376566,0.21605239606387325,-0.00813310708281708,0.33259710451122415,0.02420216323677582,0.44815847475289056,-0.004386766226213763,0.5647032005492201,0.027948433965026127,0.6802645904135043,0.008748472556529073,0.3481087642044446
23.229000,0.012999205258765863,-0.002198072327137977,-0.011700004038481978,0.1002712248039109,0.02026696604353515,0.2159350169806583,-0.00793248282580308,0.3325745946465379,0.024034389060521542,0.4482384139624057,-0.004164960777388864,0.5648780155706434,0.027801812905934052,0.6805418620275621,0.008963053084965882,0.3480295161418615
23.279000,0.012869932304592449,-0.0028514101949864788,-0.011376848586800294,0.09980597315053105,0.02011048185923655,0.215601258065371,-0.007610538481442525,0.3323554657701716,0.023876666762304835,0.4481507847302449,-0.0038442273316336983,0.5649050224098119,0.027642852703177942,0.6807003754167805,0.008801528196450092,0.34790402606686893
23.329000,0.012740941819280531,-0.003169082980090302,-0.011039768788527079,0.09953342352674172,0.019809603664078027,0.2155002990339472,-0.0073330825244974016,0.33239030965684135,0.02351613768403147,0.44835722566373076,-0.003626395038132356,0.5652472719225039,0.027222672919786004,0.681214228430602,0.00910408292564657,0.3478851132479251
23.379000,0.012472145519553902,-0.0039047925673744836,-0.0106670770788767,0.09909265224617655,0.01948939924613763,0.21524163812132224,-0.006941898426893502,0.33229455985896966,0.02321439971680026,0.4484435919962836,-0.003216718375998018,0.5654965542841514,0.02693940158003176,0.6816456326849887,0.008751672069893461,0.347902478561997
23.429000,0.012450818850543902,-0.004308504243902066,-0.010082271894684103,0.09870614256067546,0.019280015628577965,0.21505843546615028,-0.006364649858747398,0.3322862099784779,0.022997434605493694,0.44863855412708065,-0.0026470262814771526,0.5658663733974507,0.026714855117095024,0.682218768790482,0.010587547805207919,0.3474789979286812
23.479000,0.012270323631105681,-0.004895718561932743,-0.009399977519282338,0.09834437796292957,0.018973062575112262,0.21494185022533832,-0.005791218461069272,0.3323587585004392,0.022581593523997735,0.44895628627115247,-0.00218245778667836,0.5663732429971952,0.026190126083224873,0.6829708262771602,0.00894943796448312,0.34804483616009185
23.529000,0.012153381671911169,-0.005392539895458682,-0.008685186782539867,0.09798760971996553,0.01857219821497886,0.21485092715982357,-0.005193390651479651,0.3324740404743058,0.02206374164629784,0.4493374168539631,-0.0017015928652601361,0.5669605815602178,0.025555286727435518,0.6838240168803438,0.01117260116885901,0.3476446976128974
23.579000,0.01166717799838901,-0.006242876512700438,-0.007900433070710824,0.0975443144331746,0.01821987575439256,0.2146670255820219,-0.00442767110041032,0.33251051764440315,0.02169236189163881,0.44963329030825944,-0.000954907418748794,0.5674768357096932,0.02516484973520779,0.6845996698890001,0.010886924505951655,0.3478990575826239
23.629000,0.011593359778729233,-0.006698865658544771,-0.007212391435268769,0.0970733952472442,0.01769156085682263,0.21446075892003202,-0.003761144633351232,0.3325276104140317,0.021142509941980078,0.44991503724760223,-0.0003098960964174769,0.5679819431514931,0.024593460757331466,0.6853694331460807,0.011597573724080478,0.34775797466699365
23.679000,0.010849917668101876,-0.007662024088831702,-0.00634804905558382,0.09651918922953942,0.01728943947996976,0.21416811245338993,-0.0028768731986490888,0.3324614758891636,0.0207602970148136,0.45011046306839814,0.0005943044142663733,0.5684038810697163,0.024231156301088453,0.6860529322043528,0.010776521754727776,0.3479968711733987
23.729000,0.009785237090333595,-0.008281956496182801,-0.006238778532556714,0.09594910855273187,0.01610837843343127,0.21384993371834923,-0.002418692835651489,0.3324110893697795,0.01992812525149816,0.4503119787666617,0.001401394777181984,0.5688731876722071,0.023747873981477367,0.6867741413001066,0.012191100593970175,0.34767219394233906
23.779000,0.008320057569551405,-0.009203260294541655,-0.006177423101170112,0.09540386173362099,0.014877931575156898,0.21354222146260157,-0.0019412622123977496,0.33235768645069425,0.019113734850625584,0.4504961099151879,0.0022949007432723177,0.5693116258180752,0.023349540188724136,0.6874501130177256,0.010413501370820567,0.3479733483070921
23.829000,0.00801362789438261,-0.009761884967428748,-0.005242050360843983,0.09487378739398646,0.014238450074718089,0.21328202233894317,-0.000948816337074573,0.3323170883444579,0.018531308793411888,0.4507253850339238,0.0033444196891525444,0.569760499178175,0.022824169510954864,0.688168857611522,0.007901645694671002,0.3484283840679037
23.879000,0.00754024233636773,-0.010571003944476085,-0.00417520068460927,0.09436680678235228,0.013700555885977314,0.213027909621611,0.00017450274767495753,0.3322631639992481,0.01804986812600301,0.45092432576918556,0.0045242080883822824,0.570159624739527,0.022399182271187746,0.6888208454393159,0.009040541684589062,0.3482801885838436
23.929000,0.00721788355072257,-0.01108547813873292,-0.003062207770893867,0.09387498539618429,0.013073150331647986,0.21278524659723755,0.001271435506092251,0.3322035011782532,0.01740638782297314,0.4511138174411072,0.0056050805323718,0.5705321122967648,0.02173962706067284,0.6894424836204053,0.010163790501562082,0.3481336388993158
23.979000,0.006726645931478507,-0.011810225109073175,-0.001909505952000047,0.09340020364583512,0.012503522766646895,0.21253149509839786,0.002479108440066182,0.332112058391138,0.01689171865447349,0.45124340047544254,0.006867724426351411,0.5708239989842079,0.021279916133903704,0.6899553916990787,0.009447021464914183,0.34821859712292713
24.029000,0.006395529478859325,-0.012256827351750682,-0.0007178870772402467,0.092950754327387,0.011844577436303592,0.21229137811219026,0.0036478107528583443,0.33201110504111847,0.01620984553965639,0.451351774060591,0.008013509964240325,0.5710715305051111,0.02057511502200276,0.6904122447579291,0.010640121733234148,0.3480394201494814
24.079000,0.005896030856528626,-0.01286369600725719,0.0005057600000879106,0.09252705604149536,0.011252535360235037,0.2120448656740289,0.004923215964902724,0.33187783157236544,0.015669552297453287,0.45139568068047026,0.009340673103855023,0.5712286698285042,0.02008657040680678,0.6907465584107343,0.011996237672300961,0.3478396344823118
24.129000,0.00556272577849245,-0.013219946122578288,0.001759240906351852,0.09213842518968453,0.010573133367241153,0.21181430120355735,0.006146391893913065,0.3317326232395511,0.014959837715996169,0.45140853214665394,0.010533543803100622,0.5713268707033429,0.01934654298470588,0.6910028125021229,0.011129021345996668,0.34785352919316853
24.179000,0.0050648848570660895,-0.013649771103883438,0.003035783670935894,0.09180388308557126,0.009968998289509009,0.2116034262193111,0.007469833084509609,0.3315773991187618,0.014402595390499722,0.45137696842854125,0.011903883173938357,0.571350950763291,0.018836193165742875,0.6911505462474893,0.012519184947638118,0.3476578925809764
24.229000,0.004735770982633209,-0.01387980977548408,0.004331839681229348,0.09151744808109652,0.00928093653882905,0.21141534814733665,0.008728066756828485,0.33141407453642857,0.013676707482090381,0.4513119934298451,0.01312429423368204,0.5713107219214543,0.018072478825169786,0.6912086596403685,0.011622719312424108,0.34762134446171644
24.279000,0.004239800664252239,-0.014122395344976706,0.0056380320821054,0.0912805188338588,0.008673153779232258,0.21124212951112353,0.010076902056976424,0.33123391877510916,0.013111565713061622,0.4511955410402922,0.014515772165043149,0.5711873249433588,0.01754997777889319,0.6911489587947401,0.013021429121506545,0.34742339027282293
24.329000,0.0039034518473902075,-0.014205202314990534,0.00694143150531688,0.09111349483046563,0.007978290279021326,0.21110901526303588,0.011343707869112459,0.331061814165122,0.012380108670629247,0.45105733855406993,0.01574598408798227,0.5710101246103967,0.016781926916516587,0.6910056529539812,0.009909269126906095,0.34742376911430245
24.379000,0.0027729443774419543,-0.01422902004566865,0.008099293739197749,0.09098083549103064,0.007243475320223928,0.2109777836726866,0.01258432553129897,0.33085887148465976,0.01172805104636334,0.4508558164127933,0.01706935690095309,0.5707368839243638,0.016212626351286185,0.6907338255972502,0.011157514406232378,0.3471982480175929
24.429000,0.0024784773488512137,-0.01424999536499225,0.008238768403428166,0.09092464860128095,0.005519642879441293,0.21089382936682524,0.01279567936305141,0.3306730313661158,0.010076101512768323,0.45064220187720866,0.01735258962457934,0.5704213764397562,0.01463255945050811,0.6903905366947479,0.01320798997957235,0.3471640181498025
24.479000,0.000960265935245941,-0.01407126824822354,0.010535189710764593,0.09084193313487986,0.005937676309423733,0.21075375604967875,0.015075279786080838,0.3304053024790041,0.010477319631939595,0.4503171082554738,0.019615368915856177,0.5699686206313032,0.0150169620091784,0.6898804092677863,0.011923174066958815,0.3469750262843776
24.529000,0.0012719805328714605,-0.0139853979715989,0.009785286434655241,0.09092283322397143,0.003441261704557976,0.2107549359984201,0.014365969074639126,0.33025653237368713,0.008021504406397343,0.45008861184801935,0.018946650517542074,0.5695901681049158,0.012601745916768697,0.6894222242778086,0.01616037510084794,0.346889813270267
24.579000,0.0021726517975780946,-0.013572836722955676,0.01362986855816225,0.0910133757506552,0.005160936461017846,0.21071383733590404,0.01769402664493703,0.33005742386924697,0.009224664102497069,0.4497578549779917,0.021758183465261614,0.5691013964261393,0.013288390481297355,0.6888017970570912,0.013671524071169736,0.34681930835465685
24.629000,0.0028907055259057585,-0.013284059771924909,0.014735578534618217,0.09126289010546011,0.004251339534546072,0.21080400907463745,0.018255358171104415,0.32998406908072414,0.0077706991795552915,0.44952515121382125,0.02177513655281233,0.5687051620160611,0.011290057577988366,0.6882462073123107,0.019755344537855622,0.3468032502308181
24.679000,0.004091143778373868,-0.012178221804484283,0.017457582184644195,0.09183457199510793,0.004815061390097828,0.21116674145460887,0.020378927683665424,0.33015315271627066,0.007736000648682251,0.44948527913635783,0.023300272016689574,0.5684716374120709,0.010656938748881174,0.6878037207921522,0.020152817773132436,0.3468333448426502
24.729000,0.004711798119868457,-0.011395518786474991,0.019485680643838637,0.0926891905747479,0.004689090493724558,0.21177345032358882,0.021669722028680814,0.3305659507294395,0.006872741062418969,0.4496501619175055,0.023853762465742334,0.5684426065935029,0.009056390692583568,0.6875267692206414,0.02255317040144744,0.34718061296388253
24.779000,0.004614489047541183,-0.010295320670626693,0.021099017311164828,0.09350258452893695,0.004447567194560148,0.2123416740952058,0.022889465950834242,0.3309161079761118,0.0062376413372669725,0.4497551450681568,0.02467991376595844,0.5683295208311349,0.008027714666183539,0.6871685054492598,0.013433204030577722,0.34712916782593833
24.829000,0.004667525797273403,-0.009493800519662475,0.022135996322237658,0.09415104689752149,0.003846715504834618,0.212749116666309,0.023849970814160574,0.3310701618778933,0.0055603334900863905,0.4496681766684116,0.025563944475558622,0.5679891617491326,0.007273950656190933,0.6865871215620394,0.014386376598000957,0.3474576775980665
24.879000,0.004097440492387617,-0.008622068982813605,0.022885192779425922,0.09470126759816769,0.003124726899289112,0.21306310259714592,0.024621478682961488,0.3311219424114624,0.004860675112956553,0.4494837210327427,0.026357763720921475,0.5675424995158882,0.006596622472255242,0.6859042217603512,0.015092868760717894,0.3475509902963568
24.929000,0.0035725769226171776,-0.007970221815159587,0.02381495412360089,0.0952741704959685,0.0025395967459737817,0.2133731085205682,0.025361283439101392,0.33118300032364867,0.004085608925832167,0.4492818812162688,0.02690761197593517,0.5670917117354306,0.0056316203381605555,0.6851905354971976,0.014069521094518226,0.34745367862287946
24.979000,0.0029251892908936862,-0.006962148528730537,0.024161545448693495,0.09599553965873447,0.0016434670918956242,0.2138638396681116,0.025826899945549237,0.3314017551473541,0.003308525589091282,0.4492699986072691,0.027492253607566203,0.5668078533559465,0.004973583262825967,0.6846760402678028,0.013194314928059715,0.3474962483740945
25.029000,0.0023625848090604645,-0.006438302031017553,0.02479062599444731,0.09638465744312837,0.0010197781478824741,0.2140067080656856,0.026409507040117568,0.33128996205694394,0.0026383859305345995,0.4489119574540357,0.02802838729124825,0.5661951524604056,0.0042569929310568985,0.6838170926338792,0.01371000432557945,0.34746569120769455
25.079000,0.0015828540749191272,-0.005654352195559263,0.02516338173248169,0.09681841870177825,0.00036107925383405495,0.21422730163555645,0.026938116565406744,0.33124721911860244,0.0021355639527738915,0.4486560492119883,0.028712850560982977,0.5656759100756247,0.003910047827974662,0.6830846873309363,0.013035933931331617,0.34729121862455653
25.129000,0.0011133447259942034,-0.005164870981155109,0.025501647337538146,0.09722388502541907,-0.0002770274166933979,0.21442226354626528,0.027374057551058373,0.3311930539867946,0.0015951572150629408,0.4483913828889884,0.029246466932270735,0.5651621201090768,0.0034673410288236497,0.6823603993953113,0.013420261928328799,0.3473159118004686
25.179000,0.00048642632799875715,-0.0044906889457061675,0.02580665662813437,0.09759798094204077,-0.0008121778501088869,0.21460839779037053,0.0278050691304084,0.33114617353392944,0.001186033838340148,0.4481565446987097,0.029803480811935776,0.5646942713313902,0.0031842447207566225,0.6817045968156059,0.013734546235377926,0.34733063571695294
25.229000,0.00012105466505754443,-0.0040868318254423655,0.026074463321315598,0.09793404999660528,-0.0013143297413369696,0.21476663969045398,0.02814929420027189,0.3310933127462387,0.0007603263455931592,0.44792586146386004,0.030224124312609218,0.5642524904417464,0.002834981680842928,0.6810849981863666,0.013162293563537904,0.3471640724177665
25.279000,-0.0003466767092110339,-0.003558065334937681,0.02630677424887297,0.09823070440080409,-0.0017198098691113542,0.21491193932175245,0.028476982429004472,0.3310504503114513,0.0004502495478972045,0.44773164949971406,0.03064718990740691,0.5638701219923563,0.002620308278240636,0.6805512854513515,0.013370532894851055,0.3471627945359903
25.329000,-0.0006042881469579259,-0.003261312839611226,0.026499747253553606,0.09848128821632496,-0.0020801943079806345,0.21502821842188335,0.028724890685891624,0.3310068661917219,0.00014482746844386154,0.4475537665644333,0.030950033515251624,0.563532382181338,0.0023698486570075524,0.6800792527247748,0.012938978689765018,0.3470290383704387
25.379000,-0.0009084162586855771,-0.0029061929864960907,0.02665554871727733,0.0986861777396141,-0.002351369301516776,0.2151275737594616,0.028944897019399427,0.3309746441340303,-6.211573813428759e-05,0.4474160165533053,0.031234244828204666,0.5632630614672852,0.0022271373470636353,0.6797044102896753,0.012642178365896678,0.34692921219952155
25.429000,-0.0010558195556432286,-0.00273242412439606,0.026770419826832793,0.09883913936917137,-0.0025659231787372623,0.2151979765026678,0.02909318418101662,0.33094641459659446,-0.00024322574654059737,0.447305234857726,0.03141594817440824,0.5630536547460472,0.002079471339994735,0.679412458138588,0.012752934546624368,0.3469260926235423
25.479000,-0.0011933590218906863,-0.0025699836903727014,0.026847043237801294,0.09894227030543928,-0.0026998131594909596,0.215247830262983,0.029202579337466558,0.3309294508989771,-0.0003443165407591597,0.4472350008265763,0.031558115215631184,0.5629166106356936,0.0020111798715906695,0.6792221505371749,0.012591585389082335,0.34687163459720577
25.529000,-0.0013060282366106457,-0.0025180871801747905,0.02681441593451552,0.09899672006738247,-0.002818424461492177,0.21528040230385317,0.029212131551834688,0.33092660187228756,-0.0004207201655998732,0.4472102812236921,0.03160984709846445,0.5628564776760064,0.0019769840728427537,0.6791401541457176,0.01281887184439993,0.3469350588083874
25.579000,-0.0012863677967601239,-0.0025388829262149195,0.02681016603074072,0.09900436877294992,-0.002825614521760233,0.21528730178998381,0.02920370077949982,0.3309338450212126,-0.0004320644884371937,0.4472167819336579,0.03159723560507399,0.5628633293768038,0.0019614856324463876,0.6791462701873967,0.012536398150603648,0.34687552036288166
25.629000,-0.0012028765288268986,-0.0026182031708431213,0.02678205003853605,0.09895793951933607,-0.002707340607303064,0.21527808325779993,0.029194517929713136,0.3309598511466256,-0.0002948288780623633,0.44728000599887197,0.03160698605763761,0.5629617859117363,0.0021176830959434797,0.6792819518797799,0.01251175341750078,0.3468885009249213
25.679000,-0.0010666739753097626,-0.002803906934461131,0.02667319406305153,0.09887982367281285,-0.0025549786977940763,0.21526587918231987,0.029117591477053152,0.3310106341326815,-0.00011050977747025328,0.4473967075996356,0.03156198928348816,0.5631414820096862,0.0023339595414564743,0.6795275734355899,0.012344759950090389,0.34690702049631017
25.729000,-0.0009787948304726603,-0.0030358970444499937,0.026513271208260705,0.09872303417846341,-0.002344273608207474,0.2152015390885056,0.02898982726976671,0.3310383817442525,0.00013238099603420117,0.4475169110682091,0.03146638387335583,0.5633537802332869,0.0026090361481776953,0.6798323339725113,0.012476914993489041,0.3469489741949713
25.779000,-0.0011266255478148076,-0.003447559202212952,0.02608701099109307,0.09848983830320264,-0.002239995339386734,0.21509850312615514,0.02865775265960361,0.33105249903857253,0.0003308722072946559,0.44766119444024205,0.03122849503251046,0.5636152237070886,0.0029017404658207365,0.6802239496891404,0.01193877127826445,0.34683654033374334
25.829000,-0.0014062836374884148,-0.00376625505623778,0.025367903392187908,0.09821990657827165,-0.002217598888298926,0.2150062074178567,0.02819926426811109,0.3310872757948361,0.0006139151886055431,0.44787361282114513,0.031030626066417454,0.5639547210997636,0.0034454301964035447,0.6807410943145946,0.011307574359276783,0.34678550895681665
25.879000,-0.001544377163371548,-0.004297393881305743,0.024580789588996926,0.09791792717477105,-0.0021962099436046434,0.21489225040851162,0.027621260377647075,0.33112872688463396,0.0008444402251822384,0.44810309118076125,0.030661732297232742,0.5643396133819735,0.0038850915333072645,0.6813140187421218,0.012381880756394029,0.3471851991687522
25.929000,-0.0011066611607233145,-0.004800176732964769,0.024166219838544063,0.09759310590335402,-0.001806745164671075,0.21474857990660146,0.027147636794899756,0.33120305068949674,0.0011748771639261283,0.44835857022287373,0.030129054985248455,0.5648130917610098,0.00415650073253921,0.6819686568254739,0.01058787023133937,0.3469043347895857
25.979000,-0.00017193745375052228,-0.005910647424591818,0.023972669414582086,0.09693270330438243,-0.0011599732982931705,0.214271317026617,0.02679858673864344,0.33096887021706645,0.001666174127594791,0.4483075332243498,0.02962450532603063,0.565005141240004,0.004492322822116472,0.6823438535330012,0.012500818914290357,0.34705513528683046
26.029000,0.00027092760665380707,-0.006636710947740183,0.023776886793465537,0.0962108228494088,-0.0004466892386204009,0.21374047171182955,0.026426795831588395,0.3306926662195844,0.002203473401411694,0.44822236735061716,0.02907670612212548,0.565174619843405,0.004853637298658085,0.6827043732434687,0.012173374766965152,0.3466325363739755
26.079000,0.0009578247336138908,-0.007946152384865051,0.023331806667949196,0.09538744409111781,0.00029846879427803676,0.2131561383240708,0.0260774017520871,0.33035446004821734,0.0030443409174379307,0.4481232084644456,0.02882299818310297,0.5653215908294731,0.0057902143919874,0.6830903934291822,0.01294375537546342,0.34648449444770085
26.129000,0.0015296876773191954,-0.008830477404738886,0.022925522647608904,0.09450909749472723,0.001176296291217097,0.21252168644924568,0.025719714219574037,0.32998496001278127,0.003970787618875112,0.44799760421062623,0.02851390719207556,0.5654609401137223,0.00676528035148501,0.6834736395549201,0.012640461235823902,0.34594707745765463
26.179000,0.001758096729856077,-0.009606861579731882,0.02206818635192722,0.09392955857417183,0.0016370678710108959,0.21217747355621586,0.024864410570317866,0.32990805815982327,0.004433612954289269,0.4481560285811156,0.027660636196360455,0.5658866762107384,0.0072301594501798395,0.6841347020712395,0.013139260667888413,0.34609258376301016
26.229000,0.002174917302026271,-0.010267036459075151,0.021257733618565658,0.09346981234504953,0.002324900451437396,0.21196684955807205,0.024181509919232413,0.3299595977356461,0.005249017894580717,0.44845668945411515,0.02710528767538552,0.5664495005537444,0.008173136798345698,0.6849466467774731,0.010230943039719862,0.34564624921641884
26.279000,0.003053343721628703,-0.010764217253659102,0.020568440861120817,0.09319308091157956,0.0031283510031131973,0.2119189974593801,0.023514457184525543,0.33017468091164187,0.006074727045829641,0.4489006502993893,0.02646047493418706,0.5671563955172599,0.009021104519685226,0.6858824177445583,0.010847294224609647,0.34595908003625764
26.329000,0.0031541647021081725,-0.01132423043556126,0.019772325562677162,0.09283178979975273,0.0041367910899110915,0.21180880464611052,0.023140743146783938,0.3302944569683214,0.0075055859772881605,0.44927152139791915,0.026509162290394232,0.567757233985183,0.010874382429416374,0.6867343479974929,0.013075110831972056,0.34645762856816414
26.379000,0.0035706733629912073,-0.012132881476785687,0.018761111322599004,0.09234851777232113,0.004840635033170611,0.21153836775911933,0.022305711952042406,0.33026061120245165,0.008385628715356874,0.4494505070941913,0.025850314124953207,0.5681728081312915,0.011930623947253876,0.6873627499273877,0.012208195162176576,0.34635514687348146
26.429000,0.003860658450401851,-0.012615820964691134,0.017711825291714313,0.09192158516307797,0.00564541206748684,0.21131338417750858,0.021506489560096632,0.3302605414397711,0.009440483836003587,0.44965238163777693,0.02530115534767969,0.568599593035097,0.013235557130470744,0.6879914744159551,0.013230724785516788,0.346495063410001
26.479000,0.004306503368369241,-0.013240977943679991,0.016627616462828735,0.09155644858299908,0.006401655931535239,0.21111994523315739,0.0206075673173677,0.3302761120131351,0.010382026852577827,0.4498396445897655,0.02458751960475523,0.5689958612788993,0.014362399213462437,0.6885594297811132,0.014210195464345838,0.34661695901520173
26.529000,0.004609485461034075,-0.01358710445818137,0.015509365476149029,0.09126702777971545,0.007256461235146595,0.21098289795401123,0.01975924136116646,0.33032978936355073,0.011506768225969542,0.4500456892563922,0.024009118576904458,0.5693926256883864,0.01575707655454064,0.6891085552986983,0.015347598774113357,0.3467370276860112
26.579000,0.005068248329746587,-0.014046645377688304,0.014362186046342994,0.09101325959542286,0.008050978711211354,0.21084718076123043,0.018813617188921588,0.3303635629563007,0.012502850061280745,0.4501975073053903,0.02326504950093522,0.5697139290357162,0.016954722587579716,0.6895478965668239,0.014456510844596104,0.34672276509796796
26.629000,0.005378475651265097,-0.014304590166592983,0.013191662457271542,0.09080468689279202,0.0089412415857927,0.21072938794480756,0.017929782538594428,0.33039227330004134,0.013679809248146203,0.45031699021457267,0.022667903601198698,0.5699799091155446,0.018418377898164032,0.6899046418911454,0.015639399265046133,0.3467841146153501
26.679000,0.00584499240604703,-0.014546369474614356,0.012001843018686887,0.09067104142128124,0.009761643120021526,0.2106501292008356,0.016952655368717564,0.3304344743501041,0.014712908471123156,0.4504135705870516,0.021903468458817077,0.570197942886043,0.019664174568209725,0.6901770475787827,0.014715385508582614,0.34678823355696575
26.729000,0.006156945787530804,-0.014627358763448527,0.010797920979853267,0.09062741503731195,0.010672124899728913,0.2106273491012365,0.01604744720922017,0.3305068966065098,0.015922107657943343,0.45050683114814577,0.021296973900723437,0.5703863991022896,0.02117209088374216,0.6903863341199059,0.010650896066576663,0.34676037952167377
26.779000,0.006623279586655155,-0.014636059936187695,0.00958463046546876,0.09064961050840221,0.011503563381980327,0.21063426659601167,0.015053456533900209,0.33058174784764083,0.016972847586510895,0.45056639660733494,0.02052228274816075,0.570513891412492,0.02244213194190713,0.6904985328424406,0.014980305467539335,0.34690395523909284
26.829000,0.0069319504773771735,-0.014566261929785456,0.008365991855955067,0.09074567888227564,0.012415579256530262,0.21067732959169053,0.014136730768481633,0.33066498577962056,0.018186775903780185,0.4505966210323845,0.019907469471025306,0.5705842837883848,0.023957972345641433,0.6905159035825938,0.010879826848801814,0.34702045619907723
26.879000,0.007367513502338596,-0.01444614613829041,0.006942751439770386,0.09087420938421989,0.012934864051469631,0.21072451011978374,0.012730929025976837,0.3307243368298806,0.018723497153060254,0.450574614790337,0.01851910604854403,0.5705744407244785,0.024512129694582985,0.6904246959079132,0.014815602854668347,0.34699005035524516
26.929000,0.00823798054831141,-0.014379816958242114,0.005922590106377046,0.09092189790982158,0.013606285242602684,0.21067564869308125,0.011295059112580065,0.3306533892649036,0.018979205787226568,0.4504071110754916,0.016667527277820372,0.5703848429319178,0.024352125493746716,0.6901385357679409,0.012608798422592885,0.3470575754741227
26.979000,0.009119126583788596,-0.01418578625491556,0.00499749546495183,0.09099266491827807,0.01428340896038275,0.21063284132458704,0.009832398946524707,0.3305502650370426,0.01911875825971221,0.4501904068402172,0.01466730139558759,0.5701078139659671,0.02395410652797541,0.689747921164224,0.013909825957231486,0.3467611768479706
27.029000,0.010764726880844655,-0.013954859338796446,0.004453297928146241,0.09117588532135715,0.015322967646116308,0.21068258085973857,0.008678495213686846,0.3304984854170925,0.01954860303863413,0.45000514110686984,0.012903691368453166,0.5698210213051877,0.023774237300672366,0.689327637144715,0.009745800665471942,0.3470164279785532
27.079000,0.012481677039916003,-0.013605188362471033,0.004350862467671907,0.09133793634820904,0.01660266483153692,0.2107108531518235,0.007575628199897356,0.3303708403250997,0.019827859074746206,0.4497437131478197,0.010800392900782073,0.5694036679160261,0.023053052286057828,0.6887764967563546,0.008534804101444726,0.3469813998354227
27.129000,0.013377185942757941,-0.013212841125427466,0.0035303557195745256,0.09161035082691328,0.01754878393671126,0.21078871996460946,0.0065783881355221474,0.3302862112184646,0.02059723320551153,0.44946453132285097,0.009626419428523107,0.5689619842039505,0.023645681353476868,0.6881402552733007,0.009587810692332156,0.3468655655383967
27.179000,0.014326671669881498,-0.012762319789665107,0.002787852693949768,0.09180298815412395,0.018405117924381688,0.2107824024522383,0.005618944741187749,0.3300992653649439,0.02123661434292832,0.4490786265844885,0.008450035630295175,0.5683954460393567,0.02406810960751825,0.687374754178386,0.008987559224536257,0.3467421001117824
27.229000,0.015232249148240418,-0.012397747361816704,0.002146366366354645,0.09206478860390443,0.019386086389843408,0.21081996555847637,0.004733059604530292,0.329921975642391,0.02197316896611405,0.44867709607599837,0.007319751691080011,0.5677790581176194,0.024560250396735987,0.6865341220280912,0.012713898080215454,0.3460852810209907
27.279000,0.01666136841642517,-0.011736769111375887,0.0016374620207915292,0.09234481624768234,0.0203225595100958,0.21088116987733968,0.003846426789289271,0.32974469266951667,0.022531897583376044,0.44828098745387085,0.006055390511605644,0.5671444583552115,0.024741234616909382,0.6856806942920434,0.013593206282608692,0.34579523966977505
27.329000,0.01685697508906621,-0.011230199967020106,0.00095852608219852,0.09279604982659807,0.0212082338589761,0.21107516604745097,0.0031256960483283854,0.32970493392347316,0.023375759227895677,0.44798398929784794,0.005292864947608469,0.5666137028372491,0.02554328353429899,0.6848926973633047,0.01028383671979981,0.34628646100636296
27.379000,0.016899684051835336,-0.01023774964650043,-0.0001197607198439761,0.09340202492258362,0.021790047775021817,0.21138490627287615,0.002420156111728593,0.32981128550044486,0.024330301125774688,0.44779410435752426,0.004960071666965009,0.5662204283345552,0.02687055320343744,0.6842031846968254,0.009909071850899006,0.34644550732999224
27.429000,0.017081736053023523,-0.009580897981277849,-0.0011670844481238701,0.09401552564500523,0.02221274949913663,0.21171592226540126,0.0014833808828513505,0.329911917446161,0.024863530838408674,0.44761225129469195,0.004133844871791022,0.5658081908176951,0.02751431083875241,0.6835084618928619,0.01067099614499746,0.34637157804187585
27.479000,0.017370674396505047,-0.008597280180578789,-0.0020622798023422727,0.09462931913819177,0.02261536231881046,0.21206446711076551,0.000585031948472297,0.33002490346030494,0.025262968942568898,0.4474599894683435,0.0032323423688842747,0.5654203704984625,0.027910574238784982,0.6828553945405914,0.012121330199111987,0.3461931838389522
27.529000,0.01754779357583942,-0.00795593946159037,-0.002891473319537898,0.09523569777144032,0.02303860423198237,0.21240067153993547,-0.00019468137004889988,0.3301300834986064,0.025735668353847583,0.44729499703161085,0.0025021092569615464,0.5650243550171681,0.028432731155779413,0.6821892083134554,0.014058872447927119,0.34579381837401346
27.579000,0.017789701327402055,-0.00703846526841687,-0.003656785471268128,0.09581644059512462,0.02338153656164706,0.21273063623296995,-0.0009604181155026467,0.3302358243843685,0.026078152974858985,0.44714996242332183,0.0017359479702778145,0.5646550987175066,0.028774768120281777,0.6815691791565013,0.012076836126234098,0.34629275288032346
27.629000,0.017934883806344944,-0.006464381061600116,-0.004350215768764258,0.09636173090763184,0.0237342767878756,0.21302904114420165,-0.0016107261886457204,0.3303219685700276,0.02647399090869752,0.4469892247542809,0.0011287621766870246,0.5642821033979649,0.02921370381658328,0.6809493055289993,0.01262027264842994,0.34619047301669453
27.679000,0.0181281546147827,-0.005672322953664813,-0.004974765708583042,0.0968668378959505,0.02401317492536542,0.21331295976268622,-0.002234179593876076,0.3304072652635995,0.026753960868942737,0.4468533373850236,0.000506405398151763,0.5639475978413232,0.02949474569135668,0.6803936202166939,0.013027446857715749,0.3461078227774301
27.729000,0.018237275103662527,-0.005210959445221157,-0.00550894823764091,0.097310658119907,0.024284696147580127,0.2135532439232475,-0.002733599224458077,0.33047206924744094,0.027060219918621266,0.4467146102591957,4.174876202944419e-05,0.5636333949619129,0.02983574266418839,0.679875891181489,0.012538479083247484,0.34624969719105014
27.779000,0.01838226298848847,-0.004581882922617174,-0.005989373447160946,0.09771813344863461,0.024498519530837735,0.21378056656875355,-0.0032125331941684,0.3305371405030374,0.02727550825309097,0.44659953462236535,-0.0004356938388741828,0.5633560731057334,0.03005249607860249,0.6794184282238156,0.012860402579717066,0.3461761212549858
27.829000,0.018461706125683614,-0.004229520073534215,-0.0063868015619988165,0.09806190552099658,0.02469945915567743,0.2139655050966467,-0.003584255160281255,0.33058467806787467,0.02750212682860287,0.4464882451175611,-0.0007817095167606328,0.5631073884928606,0.030304793744063564,0.6790109230162509,0.0125181671664914,0.34627716399237757
27.879000,0.018555168654635183,-0.0038082840467566956,-0.00670712659522767,0.09834296939222523,0.0248415543575364,0.21412155432977178,-0.003903547284585796,0.33062785944492,0.02764522803178206,0.44640641866914466,-0.0010999685763182568,0.5629127003537027,0.03044890110419756,0.6786912338643747,0.012742927266726177,0.346221378597389
27.929000,0.018600373162215685,-0.0036022700529314854,-0.006943376867282695,0.09855283363342533,0.024960570327704146,0.2142340255073833,-0.004124805985296073,0.33065584856788643,0.027779207833779615,0.44633702206743314,-0.0013062355389385494,0.5627588283745522,0.030597844904623958,0.6784399834995364,0.012552130494519127,0.3462782584418483
27.979000,0.0186425464227493,-0.0034096585252535562,-0.007101519820782023,0.09869444782447016,0.025030289517691068,0.2143125555266636,-0.004283018188574041,0.33067719788557676,0.0278488304466986,0.44629529466665996,-0.0014645168190469092,0.5626599270601743,0.03066737111331877,0.6782780129200515,0.012284210884591749,0.34635309917720564
28.029000,0.018745048385167575,-0.0033516463378734838,-0.007110054129119556,0.09876354276700608,0.025118496447340696,0.21435472117618706,-0.004313530431976305,0.3306893926674491,0.027915031424850766,0.4462805679314947,-0.0015170068135151975,0.5626152365489796,0.030711566323045565,0.6782064086680647,0.012424692442443347,0.3463239200958278
28.079000,0.018801035502119624,-0.003411428966865056,-0.00707854098276876,0.09875732451690014,0.025137953862022777,0.21435186355153804,-0.0042906131724451055,0.33068741030176607,0.027925865497505226,0.44628195384437236,-0.0015026852585173951,0.5626175047124408,0.030713777233204564,0.6782120527639571,0.012742234959188864,0.346247427580768
28.129000,0.018798895244703597,-0.003554950519285308,-0.006937427528658953,0.09864016442177162,0.025135189199445844,0.21427470621032843,-0.004171257048831704,0.3306410768116681,0.027901315522203277,0.4462756308477048,-0.0014050862864745314,0.5626420126409868,0.03066744212246756,0.6782765789258786,0.013244482008289944,0.34607590637566227
28.179000,0.01876050628083943,-0.0039227480866441304,-0.006727110498798056,0.09843015134669757,0.025105203627925145,0.2141310751564625,-0.003955678408802003,0.33055901479833616,0.02787656429415999,0.44625995825859993,-0.0011842458637693065,0.5626879158416872,0.03064792540964722,0.678388878953994,0.013498985888096582,0.3459620854701595
28.229000,0.018533041566397294,-0.004168090372257587,-0.006543502472631076,0.09819536729330383,0.024916935612052795,0.2139979615340693,-0.0037721472250281975,0.33051807364125774,0.027688191826078824,0.4463206947867267,-0.001000791356641311,0.5628408314303397,0.030459448654536134,0.678643479482147,0.013033053736347097,0.3460476514966288
28.279000,0.01831811614789549,-0.004686345467490721,-0.006343134587267898,0.09789962122743293,0.02467739869405095,0.21382082942036282,-0.0035016291737505964,0.3304653422840738,0.027518778343579187,0.44638658413139387,-0.0006601229679612484,0.5630311275685442,0.0303601587790769,0.6789524030717946,0.013471554325393653,0.345901908340273
28.329000,0.0181759070050428,-0.005018233561297708,-0.005992574824990906,0.09759972624789522,0.02442494134524215,0.21368062351284975,-0.0031454386202696485,0.33047049528458566,0.027271924904001918,0.44655143254835705,-0.00029830147409093746,0.5633413405770985,0.030118909398132106,0.6794223178410675,0.014130888863529423,0.3457636639698041
28.379000,0.017805701943696295,-0.00575182932179786,-0.005648141138261169,0.09721461302079079,0.02410595407404931,0.2134673282996692,-0.002778323943920264,0.3304170422158801,0.026975593504186768,0.44666980299215825,9.149432671794536e-05,0.563619558019893,0.029845234004141012,0.67987236429494,0.013899259934832361,0.3458535116158217
28.429000,0.017689830191923543,-0.00624531028605978,-0.005184589670241203,0.0966883142390132,0.023694417621191594,0.21316149972740733,-0.0023800961366581483,0.3302944145390649,0.026498707285913987,0.4467676505756451,0.0004243985649920977,0.5639006110296069,0.02930299811264775,0.6803738976154957,0.013719189561173802,0.34579386930803496
28.479000,0.01746000555275507,-0.006995948141167302,-0.004567561715222629,0.09626158619364458,0.02338653400009439,0.21296020886005854,-0.001830131433743356,0.33028079436771285,0.02612373629492075,0.4469794716460245,0.0009073000760084077,0.5643001064204685,0.028860939812674957,0.6809988383114869,0.01634119330309852,0.345171449146086
28.529000,0.017452355363280245,-0.007536066709135225,-0.0038126904808424428,0.09577147213494089,0.02299191870372521,0.21273947171741317,-0.0012472470194572899,0.3302659063750954,0.02555710942898929,0.44723396387477043,0.0013181976615745106,0.5647604509091148,0.02812230136894274,0.6817285663265537,0.013472896209573145,0.34592861285765397
28.579000,0.01744524750132887,-0.008185645466164432,-0.0029150616644409676,0.09537669433139519,0.02273272053903034,0.21260378705310268,-0.00040065465899214933,0.33035287177094885,0.025246851577906987,0.4475800248702574,0.002113753589431994,0.5653291640492705,0.02776098385478811,0.682556377526587,0.014735733718189484,0.3457603800777777
28.629000,0.017379975999338645,-0.008717033058092844,-0.001872555373950674,0.09499478586681968,0.022489162912782242,0.2124958781155657,0.0005762111374502873,0.3304781756943249,0.024937630850250338,0.44797932984656014,0.003024978882831939,0.5659616831085024,0.02738610001698694,0.6834628991644125,0.014139861013159567,0.346224986787518
28.679000,0.01703108072432059,-0.009854189373843447,-0.0008097236454584975,0.09437290542913859,0.02223376848717563,0.2121396132450577,0.0016291496505292137,0.33035741935733914,0.024672322156032968,0.4481241897144668,0.0040680241815254994,0.5663420517505491,0.02711087705564985,0.6841088846488159,0.013708620099731143,0.346278044208279
28.729000,0.016364364987660588,-0.010531436477300734,-0.0003120493258626858,0.09361918396382325,0.021378733257846498,0.21164252890415036,0.002285976157385813,0.3301139036167816,0.023976418923557372,0.44813731100957216,0.0048840029403341405,0.5666087406958954,0.026574105885569018,0.6846322105407627,0.014407343087297473,0.34592749306333054
28.779000,0.015935056582702438,-0.011395723827804249,0.0006499821729317335,0.09309343779136761,0.020891057631566637,0.21137403156852747,0.0033092764990735046,0.3300790481946529,0.023549993566341805,0.44835970330191227,0.0059685721228892735,0.5670647732021796,0.02620893079561394,0.6853454896389644,0.01381284606839419,0.34607502680479685
28.829000,0.01562846508148089,-0.01195273309100091,0.0016638045201240476,0.092589756755705,0.020307297108039274,0.21113266115796894,0.0043122690535371405,0.33006187992920105,0.022955385704260183,0.44860484345528917,0.006960734825249381,0.567534112952997,0.025603475535763354,0.686077135602162,0.014845095161457187,0.3459662257768917
28.879000,0.015153720386882837,-0.012761924945498618,0.002724411543833495,0.09209260941986544,0.019770053693825392,0.2108757988184264,0.005430047437947954,0.3300159021446421,0.02247529787174994,0.4487991477546564,0.008135684523247234,0.5679392983715471,0.025180543237994603,0.6867226001921072,0.014179890022039095,0.3460940475903964
28.929000,0.014829792835044523,-0.013277447204855061,0.0038328112028547627,0.09160993571413542,0.019142423726627757,0.21062932810198096,0.006523589416971072,0.32996400462421155,0.02183279571081818,0.4489834492652132,0.00921436872211839,0.568318168858175,0.024523168783391863,0.6873376657512638,0.01798322935862405,0.345557392594781
28.979000,0.014345658112766137,-0.013990515021052264,0.004946533487350474,0.09115773120919188,0.018590442431420065,0.21037955701607147,0.0076930060500517835,0.32988372380666503,0.021336496404983907,0.4491055975167142,0.010439479619518483,0.5686098025689937,0.02408255138284473,0.6878317241810057,0.0145776293257002,0.34603678330767845
29.029000,0.014008907759907808,-0.014444624634762551,0.0061493372991601805,0.09071081474923706,0.017922393640025912,0.2101318980821009,0.008874147970962646,0.32979028370681285,0.020646774433271734,0.44921140941821674,0.011598959512906602,0.5688698276142083,0.02337115609445116,0.6882909957028076,0.013702776057208522,0.3460913129182345
29.079000,0.013502902758619826,-0.01505918195438109,0.007378890545797899,0.09029235920974339,0.01732478814136802,0.20987947858728517,0.010157385619712085,0.32966523876391285,0.020102844014646275,0.44925239466836026,0.012935881439486343,0.5690381811684548,0.02288090063182223,0.6886253735983471,0.01501686794277095,0.34588510662005606
29.129000,0.013166014016256758,-0.015419572246378773,0.008634828270817635,0.0899105130367018,0.01664108107856974,0.20964313146617725,0.01138439934361334,0.3295279399163615,0.019390205349015532,0.4492605882216749,0.014133971001063804,0.569145416287946,0.022139330202477797,0.6888780944675323,0.0162652140460355,0.34568178088199925
29.179000,0.012663464428029526,-0.015848230042853483,0.009911949938801476,0.08958717614665111,0.016033888675510984,0.2094309155163152,0.012710095337178377,0.329384875008464,0.018831581622940338,0.44922863748967623,0.015508241168896618,0.569182609529899,0.02162927500210385,0.6890263951210289,0.015478223335354138,0.34565773970651686
29.229000,0.012331482389327027,-0.016076660849332413,0.011207392566830428,0.08931444082569218,0.01534320717227581,0.20924314897161264,0.013969180870457946,0.3292352822625994,0.018104539243210965,0.44916400614111357,0.016730969433015504,0.5691561446585038,0.02086587157161319,0.689084884267924,0.016756081751005764,0.3454627654644262
29.279000,0.011851740377562174,-0.016318043060733027,0.012514685545505652,0.08909059814771152,0.014734915915766342,0.20907005712758428,0.015319284678367155,0.32906863425727073,0.017539056949391705,0.44904810171343496,0.018123883902153515,0.5690466766109533,0.020343198072686267,0.6890261525416828,0.015956324285727252,0.34537860479415877
29.329000,0.011512398178405905,-0.016403685428096962,0.013786590432170964,0.08893461713151138,0.014058065488498188,0.2089343100531759,0.016552639911210303,0.3289083784948586,0.01682365691461711,0.4489080724519011,0.019318689310518323,0.5688821313702496,0.019589248260115648,0.6888818263609235,0.020193946850416596,0.3451826212517361
29.379000,0.011728704287011824,-0.016344655572802236,0.015314348634660763,0.08886894322992958,0.01346577934275093,0.20885470397466777,0.017752248700308906,0.32877812191172706,0.015903223345902148,0.44876387562922576,0.020190148545503543,0.5686872772720651,0.01834066713078961,0.6886730239606242,0.019412291384493192,0.34517456246408046
29.429000,0.011705446276292344,-0.01605353679427324,0.01706117635798038,0.08909349413354974,0.012995623880711278,0.209024604702395,0.019014302412459595,0.32887357427111313,0.01494829793832114,0.44880466951683384,0.02096742817544041,0.5686536164005687,0.0169009717077825,0.6885846963215727,0.02058845756284803,0.3452562395916771
29.479000,0.011121731435762535,-0.015551518242650457,0.018357831356413955,0.08938198217406373,0.012381324084789208,0.20923306210591383,0.02030548237072871,0.3289711417441735,0.014328528865792523,0.448822199423271,0.022253132982382934,0.568560249556026,0.0162757332497826,0.6884112849809868,0.018681859572737637,0.34543019313658335
29.529000,0.010690162085321463,-0.015149058707150808,0.019385289811098366,0.08973971577168828,0.011469134144552098,0.20947832474750253,0.021283454603131195,0.3290763143373623,0.013366860540057061,0.44881489432911104,0.02318161889979833,0.568412847983594,0.015264586448647284,0.6881513989902239,0.017577495607023656,0.3454695120796851
29.579000,0.01123576759891674,-0.014444537289459403,0.02091580702037403,0.09016333589256607,0.01100766632662522,0.20975358942585684,0.022506134222365623,0.32920142419289605,0.012597564567823159,0.4487916421856918,0.024096460929828596,0.5682394357062868,0.014187462324800837,0.687829618157892,0.016778540427864762,0.34549142604807015
29.629000,0.011454625672747892,-0.013730488812647035,0.022965195218654803,0.09082909063501518,0.011034286704064837,0.21023450685226952,0.02416838896651454,0.3295135718962197,0.012237062996785694,0.4489189464009017,0.0253715822845787,0.5681979655244592,0.013439838868369733,0.6876032983159598,0.01846671687379247,0.3459080908661017
29.679000,0.011053537973844861,-0.012684559543956893,0.024242891938406865,0.09148182621592467,0.010570429322906444,0.21070038083737336,0.025444668302814943,0.3297749667689163,0.011771801048654702,0.4489934749840827,0.02664644418919744,0.5680680104290777,0.012973172306390314,0.687286472237719,0.017735108617417554,0.34601483505199615
29.729000,0.010805232720106514,-0.011909794529309348,0.025405493916339457,0.09222885101163586,0.009990409670137161,0.21123462892885425,0.026553058086855374,0.3300861273519874,0.011137583998093894,0.4490918547713791,0.027700621761210173,0.5679432989361742,0.012284757840906688,0.6869489758578677,0.02157134597044342,0.3466624396111364
29.779000,0.010246075346797416,-0.010652488715245259,0.026532862992380654,0.09303453556242093,0.009508286993930387,0.2118207460924019,0.027695235571623934,0.3304345517873206,0.010670285664515477,0.44922070872768316,0.028857607616243286,0.5678344571728944,0.011832283811462414,0.6866205605240115,0.02068945649863168,0.34683305942620724
29.829000,0.009348065107746712,-0.009875468240775185,0.02692855275834569,0.0938505198923817,0.008487141598364195,0.21242502960777765,0.0282961916202859,0.3307787432675364,0.00985442347554266,0.4493531974619941,0.029663829821908818,0.5677068514826105,0.01122170470277312,0.6862812501566419,0.021336979194063563,0.34738518656084416
29.879000,0.008299351508880778,-0.008991581664581782,0.027404459728928233,0.09437487725420761,0.007539804198311649,0.21271927070251975,0.02890763696999881,0.33080151205421626,0.0090426434744613,0.44914584877305214,0.03041081346074785,0.5672280291028389,0.010545482012707814,0.6855723090932906,0.02176329304883627,0.34756751531365004
29.929000,0.007632958615473781,-0.008408121638544843,0.027867257540586783,0.094860952110187,0.006647980025171075,0.2129699791221954,0.029510889002504544,0.3307718780589012,0.00829129413129109,0.44888084805483813,0.031154519633906544,0.5666826855601004,0.009934607420618895,0.6847915985415514,0.01688235137392438,0.34677189466602526
29.979000,0.006705061979630418,-0.007552827957183374,0.028302171883361114,0.09533416810085424,0.005870548844848388,0.2132189520547551,0.030131513274680312,0.3307408887514175,0.0076995940806653465,0.4486256163511918,0.03196085374706862,0.5661474920994936,0.009528638412006062,0.6840321633471211,0.017512142619978063,0.34684423985977614
30.029000,0.006134893064497225,-0.007002311860572003,0.028705467784108592,0.09578952850253432,0.005102203305440648,0.21344532269028346,0.030653876082318718,0.3306934016438565,0.007050338194782816,0.4483491409819424,0.032602283424534494,0.5655971605599966,0.008998472143004095,0.6832528450507418,0.020071629467115458,0.34729626765782273
30.079000,0.005353967388811218,-0.006217105655564144,0.02907807151063814,0.09622265040837502,0.004442520424463431,0.21366663545094947,0.03118269618070295,0.3306493820443057,0.006546894846033104,0.4480933145934104,0.033287319858741705,0.5650760042108905,0.008651268290685228,0.682519884269138,0.017303909397561806,0.34671296497317744
30.129000,0.004883941795805633,-0.005726983340083878,0.029416199587960913,0.09662745441286927,0.003803774478117395,0.21386227722585707,0.03161867604326007,0.3305941548382789,0.006006025258105721,0.44782892834749716,0.03382115152082771,0.5645607524186939,0.00820827507557091,0.6817954766270103,0.01768835975063474,0.34673668293447324
30.179000,0.004256536157519273,-0.005052053757850476,0.029721057292190586,0.09700089277602995,0.003268211293085966,0.21404894674766864,0.03204967607253371,0.330546274121087,0.0055966291812141675,0.4475942826909282,0.034378293897890856,0.564091560668299,0.007925046129608617,0.6811395238394277,0.018002525515211802,0.3467505399247169
30.229000,0.003890932011697576,-0.004647788737421758,0.029988730228374373,0.097336335823877,0.002765752511354684,0.21420767313212655,0.032393800863419774,0.33049257649815994,0.005170648288260148,0.44736387307635994,0.03479887061123602,0.5636487321164787,0.007575543193211378,0.6805199879679114,0.017429802194826885,0.3465845110249464
30.279000,0.003422907843668109,-0.004118515205840016,0.030220918729015316,0.09763242558644965,0.0023600687886680214,0.2143533450507918,0.032721402770193045,0.3304489496138513,0.004860404011320993,0.44716983355566403,0.03522188600424796,0.5632653994106663,0.0073607384421242195,0.6799862478333947,0.017000981732255102,0.3464478614521733
30.329000,0.0031651726140098126,-0.0038215018048147332,0.030413767884054442,0.09788253723445409,0.001999527488187585,0.2144699762779715,0.03296923176474413,0.33040477440615484,0.004554869667846524,0.44699218378909983,0.0355246949543465,0.5629269495917858,0.007110211171660299,0.6795143293177385,0.017206185907283324,0.34644933262590566
30.379000,0.0028609399966254695,-0.0034660910644922073,0.030569468901968846,0.0980870407243189,0.0017282437022757295,0.21456958761002437,0.03318916999297779,0.3303720492286402,0.0043478500193811775,0.44685457264816686,0.03580887052084019,0.562657008671796,0.0069674557885562515,0.6791395086288301,0.01690919204898008,0.3463497882846302
30.429000,0.002713477087297208,-0.003292172602541948,0.03068427964211694,0.09823971080173141,0.0015136138001110517,0.21464019299288922,0.0333373930662624,0.33034346465458114,0.004166660277309419,0.44674393006840796,0.03599050607962592,0.5624471834295403,0.00681970635891749,0.6788476320698025,0.0167215643279192,0.3462806666300949
30.479000,0.002575862185818015,-0.003129580751666365,0.03076086169233062,0.09834265333603316,0.0013796775915014812,0.21469017596042417,0.03344674748984316,0.3303262560917347,0.00406552389323825,0.44667376874226933,0.0361326330361081,0.5623098379906627,0.006751369958885934,0.6786573406711546,0.01726920147298551,0.34640114974535385
30.529000,0.002459660859856799,-0.0030758668230041744,0.030728692143476767,0.09839886609768969,0.0012651751154064915,0.21472556623061023,0.03346403545822932,0.3303250186193386,0.004000507104320537,0.4466517158836218,0.036199378693757445,0.5622511651397384,0.00673583902717916,0.6785778595387185,0.016848836709965263,0.346296408007805
30.579000,0.002438424849676647,-0.003106110612661869,0.030717291465136555,0.09839679033318095,0.0012673072799482242,0.21472691726177892,0.033463465802060596,0.33032712217645427,0.004013497911331004,0.4466572532301351,0.03620964023469311,0.5622574626563716,0.006759688648421932,0.6785875978376643,0.016825398550670754,0.3462942796396769
30.629000,0.0023823143598252945,-0.0031801118064671923,0.030578902764639877,0.09834591796281678,0.0013008569131488896,0.21471943742078503,0.03340225196624092,0.3303459933480281,0.004124250564746556,0.44671952398902137,0.03622560144674049,0.5623460921794751,0.006947644503073893,0.6787196340054455,0.01674416989486302,0.3463048270082477
30.679000,0.0024530452581758805,-0.0033421551906443214,0.030388330507048596,0.09827047995518969,0.0013928177529485377,0.21471471656696794,0.033290413458595555,0.3303976599431624,0.004294972596993466,0.4468419144567035,0.036192496877664154,0.5625248775270916,0.007197127913692484,0.6789691499436261,0.01686840939458543,0.34638684638180595
30.729000,0.002622221973923783,-0.0035655191223131375,0.030232453753522598,0.09813021115271689,0.001598700554049762,0.2146639323448981,0.033114315556110885,0.3304515223565356,0.004480662024189688,0.4469852680382019,0.03599617799720649,0.5627728850039885,0.007362624137451143,0.6793066551761833,0.016112065692247438,0.34624036194500496
30.779000,0.0028900417530763694,-0.004021238634304873,0.030022958617957715,0.09790759474071337,0.001834583217767043,0.2145498490583391,0.03284594221357792,0.33047351192849117,0.0046576933678198285,0.44711579682984837,0.035668926592117775,0.5630394933457374,0.007480804305420759,0.6796818088317992,0.015603800264791804,0.34616679440506987
30.829000,0.0031102334377337863,-0.004474597821654731,0.02970755867020022,0.09754547699584257,0.002114289929346658,0.21432994307669767,0.0325091232215918,0.33041678171900474,0.004916008060119769,0.4472012840867466,0.035310688694888216,0.5632881626990122,0.007717727117418497,0.6800727013545194,0.01559984558414165,0.3461412210930139
30.879000,0.003390671924922088,-0.005016021468122576,0.02938015079477085,0.09723594719894174,0.0024448452618797403,0.21417391928512639,0.03216343760021818,0.33043571554417017,0.005228310728082041,0.4473737287826438,0.03494672544226799,0.5636355704454504,0.00801177723553446,0.680573624836996,0.015097584074481649,0.3460507574945978
30.929000,0.00365672026031528,-0.005579762498932547,0.02892007374629168,0.096825321392962,0.002793754089493533,0.21394669186427479,0.03168133244109493,0.33041775185934363,0.005555217063718041,0.4475391678991768,0.03444259227693263,0.5640102782771834,0.008316681183447736,0.6811317398861604,0.016122268963524013,0.3463175956353916
30.979000,0.0045229413442166915,-0.00664700356284238,0.02862394903492887,0.0961459441019307,0.0033875468302279384,0.21346228569059464,0.03129358881297788,0.3301724087341902,0.006057416055144898,0.44748879967988164,0.0339632297832307,0.5641989773002057,0.00872728647664239,0.6815154176033967,0.013199366167549846,0.345462042913253
31.029000,0.00533466304763477,-0.007476665094970028,0.028609434331619808,0.09542152260605676,0.0043310587142153184,0.21293986359445272,0.031079819802328615,0.32992064736581167,0.006801698263334902,0.4474390408445463,0.03355020644193871,0.5644198824457662,0.009272338985865256,0.6819383284151985,0.012518776431618818,0.3449988027870136
31.079000,0.006228335794983007,-0.008683695371267428,0.02836599436584044,0.09462774464217934,0.0051625388239682265,0.2123630394813513,0.030730587418468625,0.3296075484828901,0.00752740913308849,0.4473428979638649,0.03309518163096531,0.5645874671747222,0.009892280605684561,0.6823228712975322,0.012875047365163823,0.3448035285122964
31.129000,0.006651183979089294,-0.009491699029784485,0.027889739663516575,0.09386047490181981,0.0059287132074356515,0.21183383340690778,0.03023665717861797,0.3293460619528821,0.008275930553864328,0.4473194762719038,0.03258357587006405,0.5648317665956368,0.010623149080229186,0.6828052367284725,0.012104054836373815,0.34434017816247503
31.179000,0.007460746854162981,-0.010253029385225564,0.027256593424733376,0.09335973951565538,0.006479726304987871,0.21154739450830357,0.029348093489869,0.3293482339880485,0.008571547175643077,0.4475359453764396,0.031439594609613535,0.5653368469281376,0.010663369105565987,0.683524614712193,0.00923446297599189,0.34361750783396744
31.229000,0.007561591877193007,-0.010913907804044696,0.026404882899490962,0.09282592508027895,0.0071230164619058515,0.21126666817694004,0.02862328900980234,0.3293248668763251,0.009341763614155996,0.44776566549328484,0.030841696225409856,0.5658239261000246,0.011560511876127139,0.6842647802369953,0.0077096500553208444,0.34349299930367316
31.279000,0.008805578348121753,-0.011562525687089138,0.025857312714962437,0.09247729311481692,0.008073094102550357,0.2111521495291811,0.028111177900067168,0.3294673013771813,0.010327318888875801,0.4481422116796335,0.03036504417740859,0.5664574242448582,0.012581544772271445,0.685132388435009,0.008110830897157233,0.3438619507945469
31.329000,0.009119739233317955,-0.012172066317944395,0.02528579031107705,0.0920472620589956,0.009094157108640557,0.2109498735211114,0.027540912951979964,0.329523551860679,0.011349656839670826,0.4484262146726565,0.02979603663996034,0.5669999515134198,0.01360515762253861,0.6859026656746892,0.007054823553646862,0.3437806027628284
31.379000,0.009580224209167145,-0.012815330167437996,0.02422762389616797,0.09168521603253717,0.009756309289714118,0.2108094413335256,0.02667058979066087,0.3296114072900488,0.012199668034318958,0.44873568031415345,0.02911355675083821,0.5675377020498326,0.014643027849756254,0.6866620227963646,0.00569212558550361,0.34383878335253726
31.429000,0.009869702971325134,-0.013293975577714728,0.02322889655855567,0.09130854047478931,0.01060126338938152,0.21064228624917108,0.025901847249787436,0.3296628396571043,0.013274621390377814,0.44899662853140204,0.02857479901157163,0.5680172341623596,0.0159479804681384,0.6873510661358248,0.004309597053872795,0.34385901160182325
31.479000,0.010314480026885245,-0.013923387025627646,0.022143991252990172,0.09093296408705391,0.011356609964989764,0.21044711557108242,0.02500211980406007,0.3296687581584575,0.014215158413788353,0.4491829475418307,0.02786024938457784,0.5684046380700181,0.01707370789873854,0.6879188653518536,0.013839074912367168,0.34548677017773527
31.529000,0.010616755528859087,-0.014270544689325712,0.021024878309995748,0.09063373636751408,0.01221046618576332,0.21030957410807138,0.02415287171217175,0.32971384099264633,0.015338890552270924,0.4493897104739789,0.027280866094248058,0.568794020363341,0.018467315905574266,0.688469921584396,0.017736705595944563,0.3459809204485579
31.579000,0.011076574489693104,-0.014726851784847471,0.019878250279255376,0.09037527184613345,0.013004811149930367,0.210178259432151,0.023206301532543917,0.32974384642930266,0.016333302498651364,0.4495468592640395,0.026534353660816405,0.5691124837352346,0.01966179472909086,0.6889155218174552,0.018772525729557548,0.3460824197011614
31.629000,0.01138608851950042,-0.014979171243806056,0.01870674887767877,0.09016477158414327,0.013894125438379264,0.21006822714582218,0.022321416733485602,0.3297719478959619,0.01750924079683419,0.44967542141843614,0.025936085338789758,0.5693791736197172,0.02112435691115315,0.6892826651015697,0.019954417055592137,0.3461520586035127
31.679000,0.011852601346721711,-0.015221120120774792,0.01751671163948064,0.09002417927854771,0.01471407436091296,0.20999144658211172,0.021343382257901774,0.3298081911414884,0.01854119793627606,0.4497754690260334,0.025170053449310496,0.5695922386143814,0.02236832209057089,0.689559527078335,0.019029486542759568,0.3461512814860106
31.729000,0.012163831849469583,-0.015300927557677965,0.016311786326103583,0.08997449947239382,0.015623713656137017,0.20997252677284917,0.02043721799552679,0.3298759469741707,0.01974960184744148,0.44987397689146924,0.024562650028919334,0.5697774154043108,0.02387549040817937,0.6897754479367469,0.020236940092326336,0.34620463281163216
31.779000,0.012628996196896827,-0.015307692042117195,0.015097650847008186,0.08999076157139954,0.016454764174566826,0.20998308734024254,0.01944296728877656,0.32994587591298385,0.02080053878189502,0.44993819649909916,0.02378828384715803,0.5699009964806974,0.025146313510878038,0.6898933118822784,0.01724334742946344,0.3463152950717969
31.829000,0.01293688330949573,-0.015236577871678434,0.013878236807159234,0.09008095191526208,0.017366620364947533,0.21003023778288926,0.018526315742784166,0.33002463392967035,0.022015157102707374,0.44997390648255103,0.023174394509985496,0.569968307054551,0.026663693676649523,0.6899175662908027,0.01845338948990339,0.34636519332475457
31.879000,0.013913734731070505,-0.01519115335206584,0.012738256129132364,0.09013973862033117,0.01800527633994558,0.2100240933047473,0.017075448493289923,0.33002049083473806,0.02234292434878999,0.4499048254999131,0.02141264043558418,0.5699012194950697,0.026680571939139665,0.6897855341391207,0.01906177590913598,0.34629846439202455
31.929000,0.014338906285189983,-0.015001541347804214,0.011570318460362074,0.09024208343560892,0.018459201669795915,0.21004418394859514,0.015452996556512286,0.3300065227457939,0.022342331650526286,0.44980859727357103,0.01933567404944037,0.5697709247307632,0.02622546103107089,0.689572973271447,0.014666923329785383,0.34640448676222424
31.979000,0.015591216102863854,-0.014675271918045206,0.010492168190557403,0.09043381707751492,0.01904449436011514,0.2101286695583079,0.013808046690460646,0.33001436349464863,0.022360818734649884,0.4497091841163808,0.01712392448139222,0.5695948585457075,0.025677142402136754,0.6892896473065716,0.0148559004887422,0.34642535656439216
32.029000,0.016471255545561517,-0.01433447181782127,0.009802984488573571,0.09077168302978128,0.019923970047652152,0.2103441114756209,0.01249948265043005,0.3301142120294177,0.022620906469374383,0.44968660337875704,0.01519598008824052,0.5694566767193578,0.02531784216787325,0.6890290309705095,0.013569377169055449,0.34665551348174567
32.079000,0.017055940358496613,-0.013917780434602673,0.008686318531972076,0.09088333118572166,0.020523487072143895,0.21029807667364217,0.011063402214766349,0.32992460714836946,0.022900999364848792,0.44933931014890255,0.013440485137608696,0.5689658066682176,0.02527851089840978,0.68838046717973,0.017040491074012922,0.34611822635922906
32.129000,0.017774420437379885,-0.013564733977604023,0.00764320569961483,0.0912329401064434,0.021312409101541113,0.21045186834470664,0.00998161993812403,0.3299157256640196,0.02365124030559085,0.44913460609380373,0.012320033315648345,0.5685984237827807,0.02599007065008956,0.6878172564024441,0.01296108110153376,0.3465076693929252
32.179000,0.01878320719528701,-0.013052748005694604,0.006579697582825056,0.09146142927525291,0.021924572257572477,0.21047628053734527,0.008761386166079044,0.3297521395026286,0.024106664883074995,0.4487669386698722,0.010943073858346144,0.5680427529463595,0.02628875661942333,0.6870575000171242,0.014125244894278294,0.346295201368907
32.229000,0.019564967283938493,-0.012721976209495249,0.006119192267028575,0.09171270407216273,0.023020845011751223,0.21051646668549195,0.007967653170341378,0.32956856116667704,0.024869695148560435,0.4483722684049067,0.009816113250411124,0.5674243135658271,0.02671854446490834,0.6862279654272606,0.01480492174757226,0.34605665348646275
32.279000,0.020506618561468574,-0.011969040437901238,0.005643357888254612,0.092103340154482,0.02396952704104531,0.21069571563734038,0.007205514270599378,0.3295189787998268,0.025532057414201427,0.4481112964889996,0.008767669917615892,0.5669345067831736,0.027094587053915205,0.685526766677162,0.014231910780627612,0.3459385479981132
32.329000,0.021439599012780308,-0.011427612195749145,0.005083571555370512,0.09256226019672835,0.02477594950584448,0.21093544230875663,0.006289032959316364,0.32950286581043825,0.025981767692853673,0.4478759885680394,0.007494493769006657,0.5664433563472475,0.027187585288426373,0.6848164197488471,0.0108057301873306,0.3463792960279667
32.379000,0.021831032754083216,-0.010560175701224686,0.004154608063924387,0.09302519874898525,0.025355151349151898,0.21113758998880622,0.005364930941900697,0.32946083828797534,0.02656581176336107,0.4475731689413477,0.00657525320966244,0.5658963601115847,0.027776471568255662,0.6840086301773516,0.01181658830806722,0.34626477136585204
32.429000,0.02179419287069586,-0.009857718642604556,0.003061350503914255,0.09361870937707521,0.025724151390925837,0.21145926879511054,0.004396605802127751,0.32954879325676445,0.02705972401737547,0.44738929164658464,0.00573186042443757,0.5654787586746923,0.028395295968113528,0.6833191960353742,0.008499884568821765,0.34673083039746344
32.479000,0.021968751198509398,-0.008824622615058182,0.0019508910006860516,0.09435906354708033,0.025892863230812357,0.21194640115501803,0.0031958195394948645,0.3297803699741301,0.027138087583555764,0.44736764735096873,0.004440747455409698,0.5652015590703731,0.028383311312705873,0.6827887762154802,0.007872508629369992,0.3469820020872103
32.529000,0.022279923994885178,-0.00823469446435944,0.0012298859918852753,0.0948389367283968,0.026379945610848114,0.2121738185681625,0.002486605100591427,0.3297710475980783,0.027636938586220648,0.4471058707357586,0.003743323594363461,0.5647030439963192,0.028893930945286934,0.6820378084315397,0.008695889277229224,0.34703244993653
32.579000,0.02259457473677492,-0.007394065412994251,0.0006287679744867436,0.09537912002760483,0.026951047688833808,0.21245660544063433,0.001962670364272407,0.32982602649519704,0.0282852002500713,0.4469034556624352,0.0032965721250749237,0.5642728233203916,0.029619352181707078,0.6813501962414159,0.00857341823684912,0.347109321705843
32.629000,0.0226595008768766,-0.006800457971187723,-0.00014584186125047444,0.09590573128278033,0.027284625934029753,0.21272854342378328,0.0013255335287095937,0.329887092072578,0.02875622661540941,0.4467098513140172,0.0027969082640944692,0.563868349899203,0.030227826642580786,0.6806910562405337,0.007483958433556358,0.34743987812681343
32.679000,0.02284983088142213,-0.0059966171025077775,-0.0007952112572610706,0.09641607095625097,0.027552931778622097,0.21301959914651244,0.0006881657189380976,0.3299737967819903,0.029036509119844345,0.4465772762601957,0.0021715420843129926,0.5635314277306749,0.03052008585095333,0.6801348584962867,0.007573109381074623,0.3475412456002399
32.729000,0.022962136223082314,-0.0055156708589625915,-0.001347029428198511,0.0968743079834321,0.027832235499082585,0.21327263485415457,0.0001722348133074668,0.3300413137113844,0.02935167402467056,0.4464395968916375,0.0016914984914466018,0.5632082343311109,0.030871111987671864,0.6796064738204213,0.0087873548800339,0.34736840376597206
32.779000,0.023105287789966632,-0.004886349808699505,-0.0018245109445305628,0.09727921442033194,0.02804429029823821,0.21350251119133207,-0.00030320127749245557,0.3301061977598271,0.02956574822290905,0.4463294564292623,0.0012181078952605041,0.5629331068346174,0.031087205654013267,0.6791563274021015,0.009950688135272997,0.34717421626198824
32.829000,0.023183850574740376,-0.004533250648651117,-0.0022204206965041676,0.09762153350549183,0.028244027204234724,0.21369012277107713,-0.0006730193541469309,0.33015386999887475,0.029791549744269098,0.44622242745371615,0.0008743815664993757,0.5626861444842941,0.03133907186320122,0.6787546701280969,0.01033824885788968,0.34714311567647516
32.879000,0.02327632890709402,-0.004110712294774781,-0.0025399777757423095,0.097901754383223,0.02838537506089169,0.2138483910396163,-0.0009911328285392464,0.330197094445465,0.029934314363463877,0.44614370593529956,0.0005577117824513596,0.5624923854327358,0.03148325333029514,0.6784389717558036,0.01092810678032414,0.3470451182844379
32.929000,0.023321012778682374,-0.00390394097890359,-0.0027759028363881603,0.09811116241092799,0.028503869202081072,0.2139626874816899,-0.001211760295624545,0.3302252410557235,0.030068078379358383,0.44607674813468645,0.0003523819997807605,0.5623392846143138,0.03163228731163671,0.67819077370134,0.013219038166557966,0.346504308261783
32.979000,0.0233625470592946,-0.003710612599454227,-0.002933949769505135,0.09825251782645092,0.028573221695385967,0.21404240575403266,-0.001369612327307198,0.3302466513334839,0.030137598442198443,0.4460365285660206,0.0001947249653683307,0.562240763979152,0.03170197503976574,0.6780306305165542,0.015508158545945066,0.3459059457364113
33.029000,0.02347924845310477,-0.003659108126358438,-0.002929780914938028,0.09831589540124608,0.028669573952582114,0.2140806601385096,-0.0013958155423526158,0.33025325739046746,0.030203550593012263,0.44601801905203947,0.00013814978490447535,0.5621906133761552,0.03173752718683921,0.6779553719623825,0.015267867564362669,0.34598005197601495
33.079000,0.023480971330138333,-0.003704198270600093,-0.002912237809759733,0.09831383308253867,0.02867385297556429,0.2140822176480361,-0.001388852285829873,0.33025550955433286,0.030197222282648404,0.44602389854441155,0.00013453329421173402,0.5621971946617362,0.031720591641756446,0.6779655880775088,0.015560701508308645,0.3459077773616429
33.129000,0.02349146463186563,-0.003831377254864668,-0.002788955267138349,0.09821996000532525,0.028652826059509598,0.2140276211790025,-0.0012878941048944242,0.33023241142303134,0.030153842988130213,0.44604008460612865,0.00021316721193275975,0.5622448862869824,0.03165486006609858,0.6780525714809033,0.015815494073557923,0.3458371109992398
33.179000,0.02326313974115112,-0.004191206871086171,-0.002697016052243862,0.09802215087054515,0.028529847358486488,0.2138879482463229,-0.001139668065580926,0.3301622784077821,0.03008712381316098,0.44602809506204366,0.00041768017862987145,0.5623024435418884,0.03164440051926093,0.6781682794762361,0.01597518559691005,0.3457567451895982
33.229000,0.023192382152301426,-0.004376316037075136,-0.0025234162863270494,0.09782745180936187,0.02832501748071049,0.21379457703931515,-0.0009791462433501735,0.3301615224680865,0.029869188346519127,0.44612867408012874,0.000565124150117554,0.5624956445724569,0.03141335955605568,0.6784628225682966,0.016322877399625693,0.34562460809071943
33.279000,0.02304646095648938,-0.00481828611453578,-0.0022139444009409044,0.09760038513750578,0.028154069705366346,0.2136942425083131,-0.0006806840069594755,0.330178391551639,0.029687204150897123,0.4462722818681673,0.0008525768279446649,0.5627564621981362,0.031220339029470336,0.6788503854623011,0.016852302924429564,0.34554601640697163
33.329000,0.02292803710735376,-0.0051809043569197785,-0.0018289279502363594,0.09729914617564361,0.027926307212654624,0.21355156972199002,-0.0003094973626451801,0.33018235185083006,0.029445584934220677,0.4464348145236906,0.001209933744885136,0.5630656337864977,0.03096486316717063,0.6793181355878478,0.017604365068939476,0.34540035980933365
33.379000,0.022719993435436975,-0.005812682587290223,-0.0013732766559469492,0.09694304049589061,0.027687960955890125,0.21337089140995566,0.00015964443234439338,0.3301706850286917,0.02922070329214987,0.4465985805604171,0.001692566117109922,0.5633984164493088,0.03075344621595024,0.6798263566006328,0.016758951404183896,0.3456420051865835
33.429000,0.02257861786829492,-0.00628894832100767,-0.0008446685055358422,0.09653320342058463,0.027363202320382432,0.21317074464537866,0.0006453998069356447,0.3301586031120774,0.0288530660528534,0.4467961938127435,0.002135468760452189,0.5637840991478378,0.030342930417630923,0.6804217393261096,0.01750583295825123,0.3455075304789726
33.479000,0.022405977766956884,-0.006962644762205622,-0.00023840111335679537,0.09607409967423026,0.026990918864840376,0.2129439594866299,0.0011290474679736956,0.3301240072769834,0.02835813820157878,0.44699392050047354,0.0024964966848930147,0.5641740190256077,0.02972535816600791,0.6810439856615546,0.019344509124810397,0.34505245816834323
33.529000,0.022348362062422758,-0.007360425072188082,0.0005570439862112551,0.09580460632547225,0.02670111561049323,0.21292201543894265,0.0018478255810782038,0.33032011582067705,0.0279916436004679,0.4474375815459763,0.0031386078057379467,0.5648357357491488,0.029282172213393506,0.6819532580872276,0.020469655146336398,0.34502471137060087
33.579000,0.022459009060403247,-0.008022210920369914,0.0014905352669748219,0.0954495330516312,0.02644478046620659,0.21282621577239544,0.002644476181687932,0.3304423095519538,0.02759844473877427,0.4478190510864089,0.0037984176794407486,0.5654352009637643,0.02875210958853107,0.6828120013124725,0.02182593595569072,0.3450084103905714
33.629000,0.022318509157714307,-0.008534154597540998,0.00251538862260765,0.09506309306950392,0.02618027621861901,0.2127065080658799,0.0035855196895911573,0.3305601332803265,0.027250108159528733,0.4482036084478424,0.0046556513067453585,0.5660572911154665,0.028319940644980647,0.6837008264544632,0.02189584269394629,0.3452430807892338
33.679000,0.021893334879669053,-0.00942787630998463,0.003391867443390092,0.09451458406833577,0.025803793590223386,0.21240311432632347,0.004467700255853867,0.33049109475289656,0.026879306982935763,0.44837968573569775,0.005543533624105423,0.5664677239748873,0.027954820926494053,0.6843563756825447,0.02187739362330386,0.3453257843216758
33.729000,0.021262213370251422,-0.01007201080853137,0.004005941768953514,0.09397963446423341,0.02512025016599117,0.21210747190628523,0.005263651413177729,0.3304532174332519,0.02637762066574851,0.44858111549388185,0.006521361696852754,0.5669269180308711,0.027634991800446398,0.6850548767098804,0.024731679287166596,0.34477282922372643
33.779000,0.019810770366940345,-0.01116759944843025,0.004402808524317035,0.09326201577755026,0.024100162600644816,0.2116343699923631,0.005863240470407972,0.3302405025113759,0.02556023645327224,0.4486129163129721,0.007323673136339005,0.5672191040026936,0.027020311021319875,0.6855915773906961,0.02594677215943742,0.3443874903697895
33.829000,0.018481637010970026,-0.01179903671733753,0.004349833519661029,0.09270132731482834,0.02266416456948439,0.2112955315499749,0.006274014527048259,0.33017094104059824,0.024587969816908403,0.4487652033032018,0.008198196437028304,0.5676406647262098,0.026511775962786248,0.6862349850156904,0.027097561019517102,0.34407150965547934
33.879000,0.017744473054283182,-0.012728322375831576,0.0048865078297351625,0.09207436650867361,0.02172588460400867,0.2108869726738514,0.007140570987992315,0.329997293917027,0.023979556150151564,0.44880995558495,0.009394635141007976,0.56792032490302,0.02623322868764392,0.6867330420728549,0.03060070871175479,0.3433352509539046
33.929000,0.017328077688492365,-0.013317907777693594,0.0059874112521797595,0.09154450472039766,0.020969765187495177,0.21060553550834585,0.008000161000693553,0.3299025989625959,0.022982108681934975,0.44896368087188054,0.010012911567228205,0.5682607885810391,0.02499445299224687,0.6873219216105229,0.030347724885667095,0.343465356814127
33.979000,0.016444228719804322,-0.01417120729075335,0.007254390436944667,0.091002831681931,0.020456914516863357,0.2102743427705937,0.009212025431463593,0.3297463163417652,0.02241413054196871,0.44901787380667413,0.011169661144411593,0.5684898868787784,0.024371347283356853,0.6877614907186812,0.03200062572452223,0.34323787864955924
34.029000,0.01580270225510826,-0.014651764074614439,0.007759040056618505,0.09050381987934812,0.01934874100095977,0.2099428370609175,0.01004958990549587,0.32958198525882965,0.021638861023966838,0.44902104414754335,0.012340140489202208,0.5686602258107223,0.02392898178029975,0.6880993264051652,0.0357670843341818,0.34247549194270455
34.079000,0.013832436476404404,-0.015288740233007855,0.008017322589432739,0.0900398700557387,0.017850410416985048,0.20963631808324557,0.010530286300911976,0.3294128424050514,0.02036293496239945,0.44900932653949666,0.013043250687126893,0.5687858777412974,0.022875460180488836,0.6883823979812266,0.03715703749555019,0.3423556528213111
34.129000,0.013913884189557732,-0.015610302826940061,0.008864711528738627,0.08969553141915526,0.016650440352539222,0.209442691828486,0.011047297111505476,0.32931180705406266,0.01883257923565162,0.4490589965061048,0.01322988315660618,0.5689281326329164,0.021014718580573515,0.6886753511260308,0.0358903556817713,0.3426166616277437
34.179000,0.014566932180161614,-0.01609417532903655,0.011049248180103787,0.08935514332538352,0.016591337808527895,0.20922709685270577,0.012613020868107365,0.3291611328650185,0.01815465803052034,0.4490331073105334,0.014176793798354374,0.5689671583387198,0.01971797849404086,0.6888391537007489,0.03759050487032398,0.3427252598652782
34.229000,0.014325973873958798,-0.01637289990539493,0.012597629007227605,0.08901830606580627,0.016093429077183127,0.20896737601577461,0.014035265929911042,0.3289497245694011,0.017530609742145684,0.44889880781569275,0.015472902986597582,0.568881164197341,0.018967790539735283,0.6888302607382588,0.03977274015068261,0.342665124326118
34.279000,0.013833141939279772,-0.01667044596851043,0.013915584688472586,0.08875949455242353,0.015486441044334349,0.20874921248820794,0.015395452299553015,0.3287491779925682,0.016965850546773877,0.4487389019248489,0.016875319958344064,0.5687388677757268,0.018445260095323823,0.688728597702776,0.046336668431065584,0.3417613716686418
34.329000,0.01350644325315752,-0.016774407096362017,0.015232530755468342,0.0885754752525234,0.014796608166683581,0.20857468346447883,0.016671748049553382,0.32856003194678085,0.016235367497439417,0.4485592384942134,0.018110965301855634,0.5685445798192097,0.017674126785064477,0.6885437847003667,0.04600865692238911,0.3421135323552173
34.379000,0.01253778499125716,-0.016670105516497984,0.01631011634203301,0.08862553343865866,0.013913521637037714,0.2086015990805255,0.017704041457196718,0.3285417172319425,0.015306990778644032,0.448517773764583,0.01909796644818805,0.5684578775087087,0.016700459796995356,0.6884339249304078,0.04525001060333081,0.3426384897965346
34.429000,0.011428641214358395,-0.016516701307764354,0.016647623269898163,0.08869060897688937,0.012431772706417587,0.20861652982482032,0.018229814785707406,0.32847637575485794,0.014013512108833188,0.44840228070836835,0.0198120060631196,0.5682621047787283,0.015595251275932712,0.6881879938362202,0.0456232668557951,0.3429450286799972
34.479000,0.010482713878392046,-0.01639433134983471,0.016945350752111905,0.08866728378965634,0.010838376587412513,0.20851177070338678,0.018590079932577587,0.32826112211543834,0.012482659495976083,0.4481055862853718,0.020234808771533164,0.5678549088281956,0.014126942067527749,0.6876993502528951,0.048056839874757104,0.34273521016923136
34.529000,0.009357129492887863,-0.016194803117538282,0.017943747159088502,0.08873941537140367,0.010069648640889614,0.20848079678503512,0.019658975442541318,0.3280970357006895,0.011784437771223817,0.4478383882351557,0.021374203286326048,0.5674545919794636,0.013499226463848657,0.6871959156332758,0.04645412566682765,0.34311754522614
34.579000,0.010780787804117788,-0.015896489173255163,0.020139183264582562,0.08880896514033229,0.01032775463465049,0.20840716634590428,0.021764734310860737,0.32786087395683244,0.011952876261603582,0.447459039931369,0.023390284851019412,0.5669127064732913,0.01357799739080425,0.6865108372159261,0.050680407709999584,0.3427648982109626
34.629000,0.013032099329114933,-0.015484973535732307,0.023711361987571844,0.08919368249991635,0.01127157113654383,0.20854715586153744,0.02355598141102258,0.32791672069427685,0.01111577200904099,0.44727015043106955,0.023400600903009945,0.5666396721825904,0.010959972958309215,0.6859930582939296,0.051519985490715015,0.342664136760311
34.679000,0.014375060342288573,-0.0147233980201391,0.025868945763861367,0.0896056360119961,0.011278919321720522,0.20871537755837968,0.02493689354819898,0.32793559197927175,0.010346461648201907,0.44704528385937403,0.02400484171785381,0.566265451785741,0.009414004369278337,0.6853750939992976,0.05174492317028614,0.3430782779474313
34.729000,0.014405565782763094,-0.013994906469755125,0.027676516762840248,0.09032647008993071,0.011181620350353949,0.20918739046460588,0.026278155195786107,0.3282339974537072,0.009782867599915604,0.4470948635413437,0.02487979424698386,0.5661414208446524,0.008384115476249815,0.6850022326451204,0.05331583690051953,0.3439316171917534
34.779000,0.013878510796149103,-0.012942197409509387,0.028949098769927503,0.09109353992223393,0.010638680336616656,0.2096883483109399,0.02731181896564059,0.32852439691656393,0.009001026156203615,0.44711914750294807,0.025674539928504096,0.5659551434739747,0.007363372751898201,0.68454983625821,0.05384296251706591,0.3447606233504026
34.829000,0.01340223524609903,-0.012162360824884982,0.029540217937861483,0.09173786835008424,0.009568927275478605,0.2100643130743522,0.02782538196932433,0.3286674405671406,0.00785373523473741,0.446993825192526,0.026110546833806328,0.5655968977467166,0.0061385440370078145,0.6839232222738041,0.05774704271562909,0.3450427733501794
34.879000,0.012533152337951941,-0.010971266633753776,0.030201320590077733,0.0924780267157435,0.008761136555556725,0.21054715269008545,0.02854008667602448,0.32890590028368455,0.00709956556065095,0.4469749650469847,0.02687885358538059,0.5653336561728501,0.005437995401468879,0.6834026597263507,0.05792697357351635,0.3459061450868348
34.929000,0.012360733108986405,-0.010286886983261035,0.030940926008977427,0.09325509859406513,0.008095257514278035,0.21106034221287787,0.02922709815821324,0.32918504456056497,0.00638111229317514,0.4469902266321183,0.02751327116432877,0.5651148720503142,0.004666967940992387,0.6829199925760556,0.05757957780471182,0.34675901883992655
34.979000,0.012367570508645764,-0.009244456047692159,0.03192534275593427,0.09399340087621548,0.007604990999826802,0.2115030619598723,0.0299153110248533,0.32941086326751234,0.005594663567532346,0.4469204631510649,0.02790528029064751,0.5648282083175926,0.003584337143338492,0.682337747002588,0.05540362177895408,0.3475364145897247
35.029000,0.011585017712876827,-0.0087041908971263,0.03247251834589883,0.09442409405341205,0.006940027546704518,0.21167635165892218,0.030526168031795236,0.32933557984361417,0.004993404474246619,0.44658777805377214,0.02857981865765806,0.5642469513721683,0.0030467823537532208,0.6814990901889222,0.05632069795032335,0.34850874671237747
35.079000,0.010802353328469594,-0.007921236404841615,0.0328198182543597,0.09489504631214823,0.006260653061187942,0.21191902139521326,0.031056434674033503,0.3293292816547326,0.004497019958046854,0.44635320010709095,0.029293051909127118,0.5637634074975943,0.002733387683628829,0.680787269321706,0.0528124967025536,0.34915241278229764
35.129000,0.010332348399890988,-0.0074338363418363675,0.03316178206851389,0.09531214562789425,0.005621279102298297,0.21210906637655041,0.031496506800496316,0.3292861656390189,0.003955778902161167,0.4460830333488589,0.029831232255597896,0.5632600827815619,0.002290279439203683,0.680056897455444,0.05022977062964621,0.3493064305391675
35.179000,0.009705744649133888,-0.0067632268397202246,0.03346970329046872,0.09569626275701333,0.005085955718692405,0.2122911291696547,0.03193063240854881,0.3292499395834798,0.0035466846635698393,0.44584475726595796,0.03039156214197441,0.5628035215941156,0.0020074142382953686,0.6793982905495967,0.044045956676900436,0.34923429268821143
35.229000,0.00934095313862858,-0.006361767919686571,0.033739816752118144,0.09604086137486517,0.004584245799817954,0.21244512539661572,0.032277225296496695,0.3292059873607026,0.003121480150220562,0.4456102077522563,0.030814634364826378,0.5623710282771484,0.0016587150393173565,0.6787752050419211,0.04137254063105872,0.34911829417978085
35.279000,0.008882373285791332,-0.0058454689743782295,0.033968360999588706,0.0963373764571299,0.004189592320376878,0.21258377397528952,0.0325991603203665,0.3291723516578994,0.002820242426340324,0.44541871095168906,0.031229960070596655,0.5620072521698277,0.001450892976618376,0.6782535732428505,0.039499926186238286,0.34903518573194375
35.329000,0.00862281313364712,-0.0055475404158317225,0.03416525186914988,0.09659693027953627,0.003825783078280686,0.2126982508296827,0.032851549795425636,0.32913494979732716,0.0025119592204493153,0.44523623852291716,0.03153784806369103,0.5616729070464531,0.0011981357195314183,0.6777741639512497,0.03702194225680897,0.3487953281122264
35.379000,0.008317371241748838,-0.005191878587294681,0.034323795573577794,0.09680850323116717,0.0035529730502977443,0.21279624603721026,0.03307467230330574,0.3291081941475182,0.002303755060370642,0.44509591182498787,0.03182554928798264,0.5614078358292899,0.0010545373403432253,0.67739552838207,0.034939602649495624,0.3485613438182379
35.429000,0.008169709152980865,-0.0050180748887678215,0.03444055795295149,0.09696617398000697,0.0033376611812776574,0.21286531035474704,0.03322492761196763,0.3290838601017686,0.002121963976180693,0.4449829785327167,0.03200929744547539,0.5612015110397793,0.0009062669605194628,0.6771006115309045,0.032330168924344885,0.34817969596277043
35.479000,0.0080322315967111,-0.0048555519184486015,0.03451853360660397,0.09707246888705627,0.003203503962578573,0.21291446869020977,0.03333566282000632,0.3290697656102845,0.002020593730531233,0.44491175475032574,0.03215279213033678,0.5610670414125983,0.0008376836103359203,0.6769090198935469,0.029863362130345066,0.34776569808710567
35.529000,0.008006330906926816,-0.0048174309792039585,0.034552035936560935,0.09712022186527966,0.0031307569128759764,0.21293344746797574,0.033372757909127186,0.3290601944977354,0.0019514675378042778,0.4448734170217039,0.032193479903665445,0.5610001610905624,0.00077217819794324,0.6768133805393941,0.027528955735216687,0.3473296182816333
35.579000,0.00808727100526709,-0.004840620746155488,0.034598214674997324,0.09711945233700743,0.0031820865198703627,0.21293407529862032,0.03342582868779316,0.32906036887447837,0.0020097159007714466,0.44487499600487596,0.03225344265269503,0.5610012935956505,0.0008373452441542825,0.6768159248976455,0.027615118538374894,0.34734263955975897
35.629000,0.008142656818883732,-0.00489818615565671,0.034590968534512684,0.09708650229752186,0.003306651077358058,0.2129368000098016,0.03344939582455871,0.3290893502923843,0.0021651204956521074,0.44493965938100527,0.03230782300076572,0.5610922206258223,0.0010235898080536623,0.6769425410929143,0.025028309120564092,0.34680506874189015
35.679000,0.008151252275096835,-0.005145190631167774,0.034416693743507754,0.09699733689008883,0.003411141932666511,0.2129225531154685,0.0333286779450932,0.32913331440263494,0.002323196451372163,0.4450585494351261,0.03224066197110287,0.5612693288700539,0.0012352508011274277,0.6771945827113826,0.022413051142811415,0.3462495815836757
35.729000,0.008219185022713073,-0.005400181634709148,0.034158053077788686,0.09675657775839024,0.003565065702991056,0.21279135319555584,0.0331407977552944,0.3290895735827828,0.002547908878458108,0.445124374989247,0.03212354220759607,0.5614226204826598,0.001530751834720583,0.6774574478599151,0.019532267449977284,0.3455432218728881
35.779000,0.008319100830205641,-0.0058993637203739735,0.03387551334622846,0.09650243025428022,0.003783617947976648,0.21266816457686544,0.03290434618482031,0.3290811500502182,0.002812576383941374,0.4452469169078242,0.03193317875633976,0.5616599338661171,0.001841534558534209,0.6778257332600759,0.018597316869396148,0.34533365599931226
35.829000,0.008562183327574507,-0.006256282439711955,0.033571010457508745,0.09615931686898996,0.004135209174524018,0.21249303338332454,0.032696644916189774,0.32904450004672786,0.0032609963600563124,0.445378255205275,0.03182227909237635,0.5619297593641671,0.002386783267828491,0.6782635531679114,0.01530322947965127,0.34443426059639287
35.879000,0.00871858792114104,-0.006939285698934432,0.03322005077643974,0.09576132372347107,0.004480011795961382,0.21226887780112466,0.03233351713551641,0.32899155013951203,0.0035936568907013007,0.4454991483074654,0.031446983168214336,0.562221863375243,0.002707301663840726,0.6787295056343842,0.011880886468818982,0.3434855899819329
35.929000,0.009096973464951317,-0.007518140926992198,0.03275746569007273,0.09528619027789968,0.004911062773955233,0.21201055724722292,0.03199303538927421,0.32891464938778214,0.004146837130327592,0.4456390651810489,0.031228604777781277,0.5625432048042234,0.0033826111797763377,0.6792676694219536,0.009271442393408155,0.3427717907567931
35.979000,0.009801103187937397,-0.008704387315331038,0.03245088663499429,0.09450045649803887,0.00549032011230775,0.21143260713568623,0.03162263037410792,0.32855264111318694,0.004662293179138036,0.4454848446257486,0.030794373748071688,0.5626049298530431,0.0038342658850524557,0.6795371862410219,0.007603658798611071,0.3420165667287472
36.029000,0.010130316736009353,-0.009321287197970355,0.0320212065180599,0.09382466599628517,0.006005059189859497,0.21097055825708072,0.03108772825016823,0.32831986464843943,0.005071833709108723,0.4454658130487536,0.030154249547285482,0.5628151735644493,0.004138607797385812,0.6799611781046022,0.004924668314460932,0.34101609857560017
36.079000,0.011105298495030665,-0.010390365687768112,0.03178386821012487,0.09308321826307878,0.0068832265822256836,0.21047128427471473,0.030797105160265577,0.3280643385173687,0.005896739683520409,0.4454524631065191,0.029810341631067723,0.5630455736047766,0.0049102523098123,0.6804337567716823,0.002824280155108227,0.3403569409665652
36.129000,0.011728287393687762,-0.011272002547184017,0.03140259754962059,0.09240781492380179,0.007715107497816285,0.21004668101421753,0.0303226478765301,0.32789785461022547,0.006635456635831835,0.4455367808681597,0.029242697668180835,0.563388011887767,0.005555805242558292,0.6810269983132291,-0.000850492979111472,0.3390744591799404
36.179000,0.012121762376318854,-0.012234327704969218,0.030744063553032344,0.09175415181149586,0.008378154668263221,0.20965142105942494,0.029673093779794137,0.3277468297890712,0.007307504811711191,0.4456441597269091,0.02860212347302847,0.5637396262396206,0.006236854425999972,0.6816370168672967,-0.0047576515272640865,0.33775972083099864
36.229000,0.012560651854444844,-0.012976618415523973,0.02984891080426124,0.09108715830780428,0.008898071264208949,0.20924409768053398,0.02873920729712638,0.32759243657897946,0.007788707922896275,0.44574943626725155,0.02762950324356999,0.5640978322857073,0.0066793440394174765,0.6822548922892662,-0.009066583837721997,0.33647227935802787
36.279000,0.012937374191465421,-0.013871001528121596,0.02895335431764056,0.09053248292755643,0.009541080040492606,0.2089519222413311,0.0279575108787876,0.3275303143504261,0.008545595393890708,0.44594981247977633,0.026961666961971564,0.564528260386634,0.007550110275282118,0.6829478173314197,-0.012973047970818009,0.33544747235302536
36.329000,0.013207152894030067,-0.014466255777586414,0.028005592762409937,0.08997027325030382,0.010297467289065994,0.20865650788693002,0.02723208207770571,0.32745557699927774,0.009524332985867837,0.44614186779185605,0.026458571037438688,0.5649409906068529,0.008751198333966374,0.6836273375551868,-0.01517901333905722,0.334939181553962
36.379000,0.013626235699237868,-0.015290096059373893,0.026996688396147182,0.08944805088915019,0.010999463959395722,0.20837697424390106,0.02639114626740414,0.32738578112696043,0.010394314023153939,0.4463147572351794,0.025785603877273508,0.5653236148745437,0.009789163832793865,0.684252643735892,-0.018948729466503687,0.33408920815124277
36.429000,0.013914031589238537,-0.015783678220144055,0.0259450929325639,0.08898306226759407,0.011801286550145132,0.20814661685126973,0.025588462469414232,0.32735195976915704,0.011445062808238215,0.44651556262684283,0.02523183186561528,0.5657209526012836,0.011088838933102804,0.6848846037324524,-0.020846093995487446,0.33382014379208075
36.479000,0.014347296201723068,-0.016413692334416634,0.024891083908321555,0.08858984243937262,0.012529982389884353,0.20795149109274413,0.02471230892578513,0.32733151840122093,0.012351626488831521,0.4466932104539596,0.02453353388080252,0.5660732805339082,0.012173270532788126,0.6854350159852988,-0.024270426307749175,0.3332667741454331
36.529000,0.014650908806646228,-0.016773082207540785,0.02375590211060397,0.08825584051908858,0.013391238730889488,0.2078073932192739,0.023849503301526916,0.3273507941336304,0.013485270272745535,0.446902384142819,0.02394310452402148,0.5664458227029209,0.013579301853546394,0.6859974500201911,-0.025859056350642923,0.33325771016927236
36.579000,0.015110762484604467,-0.017225875752585027,0.022598481208153436,0.0879813255193736,0.01418839373349116,0.20768625619755635,0.022892909005883227,0.3273701373757362,0.014483261168342646,0.44707509894061276,0.023187336883899887,0.5667590120866066,0.01477812869056488,0.686464004537052,-0.02919739675408409,0.332951154958957
36.629000,0.015419525793075168,-0.01746504569516452,0.021419576537622942,0.08776060351864057,0.015078424684995524,0.20759294386623584,0.02200113767052022,0.32739309430403796,0.01566043299711443,0.4472254583141194,0.022582698927598177,0.567025634584389,0.01624244144003019,0.6868580222556332,-0.030500062462725467,0.3331440028977815
36.679000,0.015884309820864678,-0.017702523225523795,0.020224071343624514,0.08761000667782105,0.015897655270667683,0.20753199016693635,0.021017619451680975,0.32742271527436556,0.016691656130384407,0.4473447150965116,0.021811167682364525,0.5672354595327238,0.017485657118814328,0.6871574756864087,-0.033437397409149965,0.33312638325734545
36.729000,0.01619409035649528,-0.01778682077776392,0.01901487895097235,0.08753464326207275,0.016805958474897565,0.2075143109992788,0.020107220427503337,0.32746889269385304,0.017898756383200785,0.4474485688334602,0.021199562003496528,0.5674031630858566,0.018991554396523613,0.68738284762623,-0.034161133524726814,0.33363156736340327
36.779000,0.016656696148214443,-0.01780022499033443,0.017797346577595453,0.08752514252670052,0.017635790139061226,0.20752503377463946,0.019110202377675682,0.3275159755517196,0.01894910412162997,0.44751586741563704,0.02042305821576742,0.5675068148213827,0.020262418147316292,0.6875067072995362,-0.03475808302653062,0.3342024756531757
36.829000,0.016963159635757116,-0.017733460682929407,0.016575602385651114,0.0875896158225854,0.01854757069658266,0.20757341198265317,0.018193204203327706,0.3275728887497976,0.020165630441057177,0.4475566773828322,0.019810805964927757,0.5675561527966486,0.021783690134107265,0.6875399339008254,-0.03705980006596317,0.3345943409706947
36.879000,0.017741615639330795,-0.017571882704268307,0.015319992317026732,0.08768642136068247,0.019184830149466158,0.20762416779665333,0.01685355010440439,0.3276015203808051,0.02071884378050743,0.4475392521269355,0.018387107745972964,0.5675165958498891,0.022252857269397443,0.6874543129043272,-0.03733712739504571,0.3353331811008869
36.929000,0.018548508804981035,-0.017463738096609775,0.01445278307625412,0.08777889443821066,0.02012556200858631,0.20764473435586078,0.015677974598477917,0.3275622850572181,0.021351205261392572,0.44742810359538276,0.01690316592668336,0.5673456375345862,0.022576848323797746,0.687211434691388,-0.041719162454235625,0.3346393239036467
36.979000,0.0182824441143395,-0.017229244589611614,0.01284690805292565,0.08787769792176196,0.020444210705967903,0.20763696057951023,0.014119383887572782,0.32747016368119686,0.0217171324220498,0.4472293980522311,0.01539185944728211,0.5670625776048382,0.022990053865232254,0.6868217836873624,-0.04177832871016679,0.33533471967783435
37.029000,0.01854582463586848,-0.01701258895202564,0.0111938812301943,0.08802396562277942,0.02069153321351521,0.20764751935198325,0.01244588846121498,0.32736388975561204,0.021943978416334445,0.4469874087107259,0.013697895353636982,0.5667037489242618,0.023196423282353173,0.686327233103529,-0.0465637111465298,0.33554387721095025
37.079000,0.018908244424215792,-0.016716887756951408,0.009934629920223686,0.08813024150941058,0.021160070862477093,0.20760404396909077,0.010971255065512296,0.32717071169719664,0.022197124546799712,0.44664447389171236,0.012007879873855293,0.5662111050725834,0.023234177896576017,0.6856848270001588,-0.04852532677457795,0.3360199872074845
37.129000,0.019574951606764944,-0.016344763008897565,0.008789434206207732,0.08838672836264813,0.021861125296586074,0.20767264911484282,0.009863392584274643,0.3270713694055808,0.022935500709679434,0.4463572444571505,0.0109373505654398,0.5657559228016701,0.02400987572783152,0.685041752150925,-0.048131623746545706,0.3369436055472899
37.179000,0.021646460700264478,-0.015612561616954453,0.008837050834118919,0.08874862824409176,0.023274799544707517,0.20787692614361786,0.009162948940672426,0.3270442692245714,0.023601101980735225,0.44617251812069936,0.00948884690937495,0.5653398133037485,0.023927404281362204,0.6844680131947886,-0.051774191341891415,0.3364043800714739
37.229000,0.02170059416756377,-0.014852548622745527,0.007672267219310721,0.08936002860828657,0.02375087690647752,0.20827797641213747,0.007849879752039447,0.3272198037409197,0.023928878992857356,0.4461376988735085,0.008027492203440935,0.5650794741124404,0.024106880998677634,0.683997316572364,-0.0504023465421688,0.3374227900759921
37.279000,0.02244823623683551,-0.013955429083252213,0.006760442448650903,0.08993775851916713,0.024276775438419232,0.20865245044302067,0.006580281418104978,0.3273404199233474,0.02409698808957385,0.44605505670992746,0.006400120467679168,0.5647429704852869,0.023917200821919584,0.6834575521332333,-0.051711447255905894,0.33865328809760875
37.329000,0.02326954818990243,-0.013323480585357591,0.006010777833826714,0.09050805159979065,0.024948407261860248,0.2090043223863178,0.005634461703055652,0.3274398386246901,0.024572447876772208,0.4459360523969098,0.005258145749933541,0.5643715104871765,0.024196488670248872,0.6828676672438412,-0.051953752022385495,0.3397199821435642
37.379000,0.024027726276275783,-0.012426169625224618,0.005661411396269283,0.0910330877022153,0.025930598524606,0.20930886735785895,0.005045573055486519,0.3274774575633279,0.025315098540739028,0.4457531792334857,0.004429735013381734,0.5639217096903038,0.024699598856949764,0.6821973733737395,-0.05458072777127053,0.33945561619998477
37.429000,0.02418254595065852,-0.011866585147649508,0.004621338123269793,0.09148492201837588,0.026437453189435186,0.2094851640654286,0.004216905243427396,0.32740991655082285,0.026033337714935472,0.44541009991491476,0.0038124725594603955,0.563334792628123,0.025629222436581417,0.6813349173083212,-0.054469571313961934,0.3405367552939972
37.479000,0.024574944623830485,-0.010779030948086061,0.003841047969887809,0.09218075951292688,0.026980766412502574,0.2099285977826903,0.0034539670597014994,0.3275997059783121,0.026593981509781137,0.44534748607651903,0.0030668863345655085,0.5630185351259299,0.02620719679296337,0.6807662570516393,-0.05361792792817788,0.3419084810802723
37.529000,0.02474671187830967,-0.010128298801189435,0.0030574497535736864,0.09280916361616204,0.027552758742742323,0.21028247902327185,0.002907604031250989,0.3277244491446941,0.027403186113348636,0.44519770760666194,0.002757758369805234,0.5626396204320755,0.027253613547315578,0.6801128219477208,-0.04990489934450919,0.34312162440903216
37.579000,0.024996363236664362,-0.009204101003423025,0.0023912574177484755,0.09340261674530644,0.02809906720578229,0.21061656008893556,0.002438600436738044,0.3278408768665739,0.028146660040366842,0.44505476541941336,0.0024859434207824133,0.5622790275043532,0.028194252842669326,0.6794928612652608,-0.053459909336543335,0.34326201273028467
37.629000,0.025127920491349744,-0.008628472360606947,0.001770652690128452,0.09395934664577002,0.028626444211277257,0.21091560539715934,0.002058192397536889,0.327937517854191,0.02891420908557773,0.44489372490196166,0.00234573196594701,0.561915586206092,0.02920197382319032,0.6788717415492571,-0.05144112750657493,0.34454726243436873
37.679000,0.025308121516859405,-0.007854277697500918,0.0011978913744448462,0.09447313894680863,0.029034072398223563,0.21119994403365197,0.0016366013959814019,0.3280304990375305,0.029472982771328787,0.4447572563457702,0.0020753112274426097,0.56158776432124,0.029911892956318787,0.6783144738500453,-0.0491867816009607,0.34570737912608945
37.729000,0.02541953875360846,-0.007390331215541479,0.000668606787337319,0.09489397395280794,0.029358076624887784,0.2114139907754736,0.0011955904511167167,0.3280624985775392,0.02988523462205142,0.4445824724758335,0.001722573911383779,0.5612309381392627,0.03041239241730631,0.6777508691125141,-0.0457502506529256,0.3466504923661791
37.779000,0.02556333926460056,-0.006759270929843258,0.00019376394679776823,0.09529787226636421,0.02957026925514106,0.21164657632376482,0.000722532321017981,0.32812751070255064,0.030099185968540977,0.44447617730617434,0.001251300516046286,0.5609570749027122,0.030628102503989157,0.6773057040520446,-0.04307349203473828,0.3475269587740411
37.829000,0.025642279985017995,-0.006404978384430638,-0.00020041378977765298,0.09563971522407551,0.029770225544579473,0.2118367925447957,0.00035418075183709166,0.3281755062592833,0.030324941371763097,0.44437255229682526,0.0009087751355535099,0.5607112353044726,0.030879657041972864,0.6769082500584627,-0.03930353886184196,0.34821925867561715
37.879000,0.025735211918715056,-0.005980881296054474,-0.0005187017668840908,0.095919688185296,0.02991190236613589,0.21199715512912062,3.709261053507634e-05,0.32821890757702804,0.030467791178077675,0.44429634976407234,0.0005928868609503188,0.5605180779048917,0.03102367986368221,0.6765954953348989,-0.03550874766043394,0.34875252524421835
37.929000,0.02578036665475076,-0.005773257842462796,-0.0007537675786570622,0.0961289473961858,0.0300306817050775,0.21211307425109324,-0.00018287838354601876,0.32824722421039415,0.03060163759684121,0.44423133336268866,0.0003880107159723867,0.5603654659452413,0.031172593393497927,0.676349557394753,-0.03188753477901299,0.3491875141896097
37.979000,0.025822892081619697,-0.005579040861370449,-0.0009110931400262909,0.09627022577796392,0.03010035446878084,0.21219386494274106,-0.0003402450281567611,0.3282687110648284,0.030671241921133918,0.444192339705383,0.00023060302328542504,0.5602671754945842,0.03124212931341997,0.6761907936108058,-0.027791238126226553,0.3494103710880967
38.029000,0.02592256735567358,-0.005518571026512049,-0.0009407857261014667,0.09633776653580348,0.030176914992874206,0.21223292907301547,-0.00038405171279782754,0.32827614211024436,0.03073366139697353,0.44417130132054305,0.00017268227750733348,0.5602145110884931,0.03129040777771262,0.6761096669719743,-0.02827181808509684,0.3494773403318028
38.079000,0.025725951946157503,-0.0055749877215906015,-0.0009641352598840774,0.09633642859856777,0.03014970813514923,0.21223262676338242,-0.00039391797885458477,0.3282804053008806,0.03071990983692631,0.4441766076481472,0.00017629932018685748,0.560224390290824,0.03129011155269487,0.6761205968216198,-0.023651130487987674,0.3495029199546224
38.129000,0.025419191018183195,-0.005698923124758429,-0.0011312691499270645,0.09626129150461486,0.029935859959363684,0.21217002063605522,-0.00038492725722760746,0.32827622142871693,0.030682157967591696,0.44418496232254584,0.0003614147118460899,0.5602911745954421,0.03142845604477879,0.6761999272536293,-0.019047718500150492,0.3493739435980002
38.179000,0.024851056263462276,-0.005999509862661828,-0.0012744715402833139,0.09611926647645204,0.029645708644795703,0.21206728266178987,-0.00033398838853355636,0.3282620233593269,0.03058612044386081,0.4442100585724601,0.0006064949200775167,0.5604048177203312,0.03152653238982063,0.676352871963871,-0.014237964213099499,0.34904269635010926
38.229000,0.024394981538840742,-0.0062623731802554225,-0.0013951625347026451,0.09591316648217621,0.029235676438044155,0.21193795564083634,-0.0002882810967037852,0.3282493305407985,0.030342458785445958,0.44427414585958275,0.0008186005935940689,0.5605855459762548,0.03144924137487892,0.6766103874577829,-0.009629514406588158,0.34859389980196115
38.279000,0.02421161997812358,-0.0066404327075186825,-0.0012541455971057762,0.09568932798991735,0.028914365524953835,0.211835188595192,-0.00012139343653260609,0.3282693962000125,0.030046991757107906,0.4444152895147133,0.0010113590456581785,0.5608495286030407,0.031179618301704987,0.6769954546294048,-0.008819674082007217,0.34842123506936884
38.329000,0.02411791117697874,-0.007049286078696168,-0.0008267733023576279,0.09539821506056859,0.0287225896125711,0.21170313822033693,0.0002797903842319989,0.32828361330913797,0.029829000407758422,0.44458857531361695,0.0013863544473353036,0.5611690877959533,0.030935411570497007,0.6774740886472063,-0.002993775606325348,0.3477185227407442
38.379000,0.023945643990712334,-0.0077510745028780215,-0.00034326385719459646,0.09498521531315651,0.028510690644558793,0.21146460966935013,0.0007741972639332753,0.3282151425799992,0.029627972959609318,0.4446945812293957,0.001891658820585302,0.5614451567224329,0.030745255701442667,0.6779246396669064,0.0020993483354326756,0.3468894119578757
38.429000,0.0239048496581261,-0.008223870793883982,0.00023744505773851468,0.09453992368712151,0.028225108961919675,0.21123050029499887,0.0012863460792100143,0.32816767596782864,0.029273805324805557,0.4448583016618767,0.0023352475557160794,0.5617955245864468,0.030322502134452946,0.67848619936827,0.008102229157432157,0.34573446293951415
38.479000,0.023766346590863557,-0.008939859966781809,0.0011113084867114924,0.09413966866673473,0.02805654307850478,0.21107535287870144,0.0019098801674120314,0.32819218312666054,0.0288548853916512,0.4451279201910622,0.002708452222940586,0.5622448017294268,0.029653228072292585,0.6791805916474792,0.012981361666753911,0.34478396911032333
38.529000,0.02380490246431882,-0.009428744653913556,0.0017096482097927156,0.09368645607905376,0.027514007181030423,0.2108791821618911,0.0023203390936744374,0.3282047082205765,0.028124444299810546,0.4453974901789991,0.0029310302814895897,0.5627230707944173,0.028734881716771393,0.6799159086291156,0.016155875094681395,0.34410699567658404
38.579000,0.023102320628339362,-0.010220578424812783,0.0023565326463295677,0.09313536952308267,0.0268617544777666,0.21060661749872536,0.0031187475485730982,0.3282342912028541,0.027623687891692332,0.4457055978983322,0.0038809628393528493,0.5633333284986194,0.028385621688769597,0.6808046939143523,0.022600079214105583,0.34266575104410824
38.629000,0.02306625594681218,-0.010656116183185847,0.003235688242540065,0.09280605271090113,0.026429941345266213,0.21054316078232493,0.0038491550765785212,0.32839946346759447,0.0270431048188407,0.4461366313007348,0.004462622231989843,0.5639929921697995,0.027656268608651138,0.681730219764856,0.0276503098231503,0.3415844763429377
38.679000,0.02295359065685813,-0.01160184490125209,0.004369696912143978,0.09221211732440499,0.026240389167484866,0.21020225594159364,0.004932319831441986,0.32829529624427095,0.02680268830259605,0.4462854948777484,0.005494943047019217,0.5643785936552942,0.027364987728861236,0.6823688523050917,0.030505631931706037,0.34097162748134424
38.729000,0.02307744042278115,-0.012249911754450787,0.005590530974934383,0.09163071479121208,0.025960052136897182,0.20988925611034312,0.006028737556050136,0.3282224411682492,0.026397915037112404,0.4464810416844134,0.006466944365958634,0.5648142846678428,0.02683577816178699,0.6830729443807582,0.035577794492576295,0.3396650480363279
38.779000,0.022572545844426743,-0.013163960278872436,0.006498000052351422,0.09109119192651939,0.02533403076901199,0.20960365518120722,0.006958379383833847,0.32818837357336006,0.025794047627931197,0.44670089443782846,0.007418758948907254,0.5652856690336353,0.026254064716471265,0.6837982475073784,0.040847159943825456,0.3382897149381368
38.829000,0.022307299934660036,-0.013827805434852949,0.0075648604047891845,0.09047964719804291,0.024823581495089658,0.2092320642027298,0.00802853754260054,0.32805094527208567,0.025286879141023674,0.4468034174290896,0.008492214905102092,0.565622352170748,0.025750177008713994,0.6843748794792567,0.04582565095023118,0.33705431481434034
38.879000,0.02185366161613165,-0.014684641365191226,0.008704446186452702,0.08997566645959815,0.024273193220873825,0.20896143918853466,0.009152225862635673,0.32800494528409335,0.024720577617259473,0.44699076973292595,0.009600005744748726,0.566034326062618,0.02516796221722502,0.6850202022303189,0.050843816733060175,0.33556135949554516
38.929000,0.021255678502759723,-0.015353289756550417,0.00957646312036754,0.08934129138853118,0.023551989277017734,0.20852469907867197,0.010248395782860305,0.3277849791393112,0.02422351275694954,0.4469684348097609,0.010920328723145105,0.5662287605453661,0.024895036512467557,0.685412264194959,0.057509412828510055,0.33369637657685525
38.979000,0.020751762107712513,-0.016084511875022498,0.010733389807942377,0.08889262149487323,0.022906852384287007,0.208273553007821,0.011400072028018135,0.3277205873194042,0.023573112909356132,0.44710156183250677,0.012066754496983523,0.566548636790774,0.024239373681271683,0.685929654302735,0.06591985105725193,0.3311782058799564
39.029000,0.020416093848987214,-0.016536191801944457,0.011925901174028147,0.08846512102818746,0.02231900426078984,0.20801420470609347,0.012648279774191726,0.3276238911361828,0.02304095055889184,0.4471730123958552,0.013370658609536162,0.5667827337968107,0.02376289709028525,0.6863318926368388,0.07039167671703428,0.3298739781168501
39.079000,0.019908739089707087,-0.017150934825259225,0.013151707585056297,0.0880687015813871,0.021642531176789517,0.20776793263461393,0.013849666611935669,0.3275146288807894,0.022340048920247223,0.44721389123548577,0.014547625830345589,0.5669606162111105,0.023037566853621554,0.686659909865756,0.07663817636526846,0.32810372985504127
39.129000,0.019570295756294723,-0.01751245812240409,0.01440435771057184,0.08770480173415449,0.02103817651808622,0.2075212966254214,0.015154266167261128,0.3273769581478687,0.021787636647193485,0.4471934778606191,0.0159041747874554,0.5670491613993859,0.02253709693841148,0.6868657059320141,0.08268359772609263,0.32641637024718634
39.179000,0.019064601704037763,-0.017937542967993124,0.01568085853337952,0.08741460498276567,0.02034827439079269,0.20732380074861986,0.016398685875351485,0.32725878626393423,0.021065648163286706,0.4471679996839337,0.01711651333233962,0.5671030001387092,0.021783022049437394,0.6870122312111885,0.0847256615636372,0.32584975402449373
39.229000,0.018729955494346067,-0.01816257704675225,0.016974191517450016,0.08716679075084977,0.019738008469865294,0.20713495867823603,0.01773874181604846,0.32711830307589373,0.02050210188288876,0.4470864815281023,0.01850329219030494,0.5670698335391745,0.021266195370308796,0.6870380225144936,0.09055859111543602,0.32430199503318685
39.279000,0.018234501052049306,-0.01839576610212496,0.01828045801687464,0.08697964785219876,0.01904638523284354,0.20697720347521903,0.019005937031074716,0.32697719665831465,0.019771405985742323,0.4469747552054761,0.019731416072724165,0.566974748542171,0.020496426765190402,0.6869723100117292,0.09615732142209629,0.32288861306034494
39.329000,0.01790361588790073,-0.018474545419594302,0.019588319720393117,0.08685598207352514,0.018436995841641813,0.20685045883527536,0.020356858734567003,0.3268351000460253,0.019205077087313303,0.44682957241470167,0.021125397729406546,0.5668142063001771,0.01997315831310903,0.6868086742740279,0.09938502661932613,0.3222452856821235
39.379000,0.01807786394858216,-0.01834482940686706,0.021204749755176527,0.08690840539123466,0.017962041717515854,0.20686458422658402,0.021582813904517467,0.32680994681599707,0.01833965038159196,0.44676611333759997,0.02196087803082225,0.5667114621771768,0.018717259024556208,0.6866676163833542,0.10433854638294564,0.32137538215081757
39.429000,0.01779862302788336,-0.018195221586906684,0.022576678803574998,0.08703973175454968,0.017268367193985626,0.20692226520982532,0.02272281303330198,0.32679823869487284,0.017414050365474894,0.44668075217676656,0.022868947257329353,0.5665567051377373,0.017559733533355125,0.6864391986446411,0.1081393934316702,0.32051080305055163
39.479000,0.01734557470034594,-0.01791094142089159,0.02416479352220889,0.08720092070033972,0.016828826007430096,0.20697647136039307,0.024162607761188188,0.3267521582707562,0.01682619564911062,0.44652768169901325,0.02416042202105937,0.5663033413845897,0.016823565316117558,0.6860788375796656,0.11090125662530007,0.32047224189351603
39.529000,0.01696113143828774,-0.017710307965531236,0.024053137723862902,0.08732085812898098,0.01480240290523007,0.20696368029573167,0.023971666862118875,0.3266127518808226,0.01472049555423987,0.4462555402895775,0.02389019604136418,0.565904578411471,0.014638588249759402,0.6855473330610546,0.11279067508059848,0.3199418886839484
39.579000,0.01880292717824666,-0.017253781007610186,0.027766593481147767,0.08757850666013328,0.01632944697184055,0.20703222343749927,0.02691603869298085,0.32656432352578496,0.015478465311407818,0.44601799943092624,0.026065484200103198,0.5655500616851485,0.014627483953457966,0.6850036967172142,0.11440565972407613,0.31992944527261297
39.629000,0.019458206991295288,-0.0168683083128988,0.02992057186939457,0.087954844986515,0.01628948933872906,0.20717813796589796,0.02820944206802245,0.32658464837018913,0.01457794417545219,0.44580789385952513,0.02649831291679247,0.5652143627339926,0.012866399671225322,0.6844375607328341,0.11624222201622292,0.3194140915519106
39.679000,0.019827933717417718,-0.015588932467999672,0.031573516686143485,0.08883596032618984,0.015974549069485013,0.20781777483473368,0.029425884219446773,0.3270614814070258,0.013826514662662551,0.4460432432189966,0.02727825264740021,0.5652869043486517,0.011678481159992175,0.6842686134639142,0.12104602627916954,0.31972987288636423
39.729000,0.019809112693809666,-0.014635685008873002,0.033036272653677916,0.08987622618173113,0.015613040232021176,0.2086046177531307,0.03066885815144485,0.32765638101782923,0.013245239020210391,0.44638471583947154,0.02830144470902784,0.5654364300644764,0.010877438877575758,0.684164708136448,0.12290188593656187,0.32043647133247277
39.779000,0.01974556451247886,-0.013437814712650122,0.034352392582119,0.09069873514050698,0.015283318450821658,0.20917392375819646,0.031897775667793574,0.3280181905570484,0.012828330979629755,0.4464933195314603,0.029443159913946804,0.5653375343635331,0.010373344678427042,0.6838126036950093,0.12660536128153874,0.32013755724788645
39.829000,0.020192751577694956,-0.012975912127259515,0.0358611816538322,0.09119518849372783,0.014894912235772398,0.20934939088779955,0.032751103568398006,0.3280134394698582,0.01178448190584693,0.4461675793581806,0.029641027004601646,0.5648315747060892,0.008674053107519217,0.6829856520893463,0.1296609844867744,0.3213673774362516
39.879000,0.020216464153325973,-0.012185146023866398,0.03709134542582508,0.09167946975191224,0.014420348641645622,0.20951845269094246,0.03357678627518623,0.32797954711603183,0.010905457081647738,0.44581846610246595,0.03006222887920698,0.5642795064891424,0.0073905672866680025,0.6821183615240011,0.1332153570798933,0.32097816510863497
39.929000,0.01965429709489659,-0.01175997774750192,0.037697497006436056,0.09202653562201346,0.013661296441023794,0.209594648056302,0.03421617026379239,0.32782111362048233,0.01017965765408935,0.4453891622584767,0.030734845266141203,0.5636155732667686,0.006698020622338936,0.6811835581096899,0.1331224337731479,0.3225755847941816
39.979000,0.019859495534693808,-0.011135275631470066,0.03884444116303637,0.09238085877309658,0.013322734430665412,0.2096354641630995,0.03501262450923886,0.32765897312655934,0.009490627753276294,0.4449135153894802,0.03118080975397206,0.5629369707042828,0.005658522983715464,0.6801914498413938,0.13491745175215497,0.32366328322038534
40.029000,0.020139181712173805,-0.010794188174407816,0.04003036197571359,0.0926547759805708,0.013098823235366031,0.2095936156407051,0.03575790537308386,0.3274348902293019,0.008826099131711873,0.4443736682824295,0.031485450831598503,0.5622148910380076,0.004553377097684344,0.6791536074854377,0.1359307805215863,0.3245368412935146
40.079000,0.020434407828992182,-0.01019854970755848,0.04107662856999783,0.09298517453668378,0.012775266415535806,0.20960006595368919,0.03628176644128012,0.3272752309484119,0.007980160750950305,0.44389006326123154,0.03148690652207252,0.5615651791661983,0.0031850573047176763,0.6781799523764401,0.1365817423396922,0.3258081524484085
40.129000,0.01998211499358603,-0.009717794005458177,0.04150136466515232,0.09340483189462959,0.012231308702623931,0.2097803612122222,0.036744980266431235,0.32724984621347747,0.007474704860463841,0.44362532033778873,0.031988597923773135,0.5610947591160472,0.002718103085787165,0.6774701780495096,0.13758687221759247,0.327158200535148
40.179000,0.019358460902403212,-0.009053531490206289,0.041801219157933764,0.09378708893867353,0.011676767433224017,0.2099443849139389,0.037129919655636306,0.32721389093294656,0.007005273848461892,0.44337113657432725,0.03245862200353478,0.5606406000663037,0.0023337821267577184,0.6767977953767894,0.13678661093464894,0.32874007488626455
40.229000,0.018995100935069544,-0.008655508639790099,0.04206606048183102,0.09413110284784595,0.0112211400703497,0.21009916260918407,0.03750233846124734,0.32718587667674187,0.006657249396634059,0.4431538915799728,0.03293861805858729,0.5602405674284836,0.002093360354530612,0.6762085374769854,0.13613465767082963,0.3302744679834962
40.279000,0.01853007780900087,-0.008134239157296407,0.042291966869424776,0.09442995576178197,0.010805749672509551,0.21022554344382033,0.037791814623098635,0.3271518120855694,0.006305455328294487,0.4429473611293839,0.03329166375491086,0.5598735966574089,0.0018051623763821675,0.6756691070666638,0.13345106173367463,0.33210323493692107
40.329000,0.01827406408824344,-0.00784161096710802,0.04248096242001184,0.0946834285022762,0.010482232390573751,0.21033843823598,0.03805734807105306,0.32712719195485546,0.006058502372817104,0.44278216968595213,0.03363373484636468,0.5595708958286316,0.0016347734937711723,0.6752258415609919,0.13089263336825802,0.33390251746030875
40.379000,0.01797198544176507,-0.0074913259259164425,0.04262919496909301,0.09488485028832709,0.01021060779308456,0.2104228752217296,0.03824754935098697,0.3271016218214369,0.005828873888845652,0.44263962198277085,0.03386590459482544,0.5593183471608935,0.001447140861131787,0.6748563225541769,0.12315829805404022,0.33759727461683287
40.429000,0.017825684751676955,-0.00731986384455531,0.04273917752079848,0.09503577058079378,0.0100227450383455,0.21048980925255742,0.03840270283592939,0.3270855981791192,0.005686209140744478,0.4425396195048959,0.034066228746648775,0.5591353933870074,0.0013496738533761987,0.6745893973709123,0.11914555328466986,0.33929215026556425
40.479000,0.0176893896063603,-0.00715949175617619,0.04280728539321294,0.09513020338310349,0.009897892530761135,0.21052938822175302,0.03849112223829877,0.327073059070461,0.00558169601561938,0.44247223439547806,0.03417495940446315,0.5590158969806919,0.001265499836232229,0.6744150627962513,0.10997918882260377,0.34242347872042805
40.529000,0.017663852903214712,-0.007121429986639624,0.042841216688607006,0.09516966755736615,0.009846924613175418,0.2105446071692004,0.038527395337968215,0.3270668393783175,0.005533097273041469,0.44244177727730866,0.03421357403674331,0.5589640080000244,0.001219269995651858,0.6743389441899843,0.10509946651513288,0.34379509230940786
40.579000,0.017643882924483007,-0.007154283361690329,0.042804868494665124,0.0951537717426393,0.009857230191485936,0.21054204294138512,0.038510229449132696,0.3270710334696169,0.005562613130989472,0.44245931094590507,0.03421559017904192,0.5589883069351919,0.0012679958559914592,0.674376590691889,0.10009363557363886,0.34499069324316783
40.629000,0.01758892994328652,-0.00723075131624126,0.042646924675549105,0.09508965828875857,0.009888775114366723,0.2105318673689962,0.038433159934708735,0.3270875111414766,0.005675059691655772,0.44252973421633,0.03421939471247421,0.5590853901846627,0.0014613437948077512,0.6745276272561683,0.09481560444568793,0.34598967240223066
40.679000,0.017731756413968375,-0.007428303640056907,0.042526625455529744,0.09498653817685784,0.010059538863880701,0.21051094377260038,0.0383415214369483,0.32713053673078446,0.00587451191840015,0.4426549639871952,0.03415641668693488,0.5592745758141061,0.001689484245922173,0.6747990247323761,0.09437998094027128,0.34598353444766
40.729000,0.01776779831225049,-0.007620513202086044,0.04228445054807692,0.09483117307061233,0.010227016790567225,0.21046992496889394,0.038153537789211586,0.32717514946476073,0.006096208059369239,0.4428139302015948,0.03402262407141167,0.5595191798197708,0.0019653983733212838,0.6751579893961892,0.08820120234403564,0.34683097892461484
40.779000,0.018055666320891516,-0.008183242888608933,0.04206294934998653,0.09447843719720843,0.010518650823498284,0.21025821621948765,0.0379323330117233,0.3270849684163198,0.006388165692523668,0.44286478318605565,0.03380171549282088,0.5596915664479587,0.002257679384628425,0.6754714169660048,0.08153171559453512,0.34737064417750874
40.829000,0.018330056510808938,-0.008602050712136291,0.041832221170453515,0.09408687592000647,0.010868866085382777,0.21002336992369858,0.03764071887654597,0.3269988711969177,0.0066775212089954,0.44293540724225805,0.033449215181696794,0.5599109448636967,0.0024861749350955503,0.675847522951372,0.07527442610872573,0.34767184080985736
40.879000,0.018883367656707624,-0.009314083366967691,0.04158488122679854,0.0936570788645955,0.011307496624522479,0.209774605455731,0.03727967774083747,0.3269302532413098,0.007002476774798145,0.44304782771502715,0.03297447262556707,0.5602035165718849,0.0026974552989157997,0.6763211389286955,0.06819042038640291,0.3476688619198366
40.929000,0.019282458273179075,-0.009872237258025955,0.04126555882075621,0.09315282243788774,0.011722757871315987,0.20945941258217943,0.0367649370784816,0.3268173661269557,0.007222344846827183,0.44312400928702916,0.032264313461183816,0.5604820077685098,0.0027219299507764867,0.6767887039448457,0.06258609902522692,0.34765080468766724
40.979000,0.020184437284991842,-0.010984864303630555,0.04111540341304365,0.09242476616549516,0.012472051493575782,0.2089561284259935,0.03648845211784815,0.3265282871227183,0.007845333809423703,0.44305970680444867,0.031861498745238415,0.5606319136448795,0.003218614052058942,0.6771633907483783,0.05505371356806146,0.34702881026124444
41.029000,0.02081509137338025,-0.011781375767071764,0.04091641227859075,0.09162640956210798,0.013241930679708254,0.20839165723892195,0.03614393196905952,0.3261859624303507,0.00846970760116642,0.44295127107307286,0.03137144939928761,0.5607456267154431,0.0036974822669525002,0.6775109963245576,0.04742926215415742,0.3459773096879897
41.079000,0.02181626215651659,-0.012988245497436036,0.040643956539607916,0.09083307569318126,0.014075966375598985,0.20785504754790546,0.035745952596057826,0.32588221261778266,0.009178242856161235,0.4429042481380189,0.030847946251550174,0.5609314651347049,0.004280516940260881,0.6779535643207666,0.04526197676237162,0.3453781017946304
41.129000,0.022599054753700422,-0.013841883119731092,0.04042762940517298,0.0899824906904054,0.01497235360043957,0.20725153576925362,0.03528133039162573,0.32552048969079234,0.009826356752354898,0.44278960035947607,0.030135028808893374,0.5610586066092114,0.004680357339157035,0.6783277828677996,0.038474100843972396,0.3443129986464449
41.179000,0.02280280632444548,-0.014883542384948488,0.039433069753335714,0.0892708556903399,0.015384667877001153,0.20683647296938362,0.03438266320780704,0.32532308052615344,0.010334584657363803,0.44288876394202115,0.02933225413418053,0.5613754237453554,0.005284498913733466,0.6789411732979602,0.030236620457784608,0.3426083842406918
41.229000,0.023020831747453816,-0.015528358105734075,0.038520923198930454,0.08866908468977253,0.015957724933764215,0.20652875584172678,0.03361421105849867,0.32522268364650886,0.011051355734589735,0.44308242045103574,0.02870749649468827,0.5617763996305181,0.00614498411720971,0.6796362020875736,0.021683790041047705,0.34099157943767117
41.279000,0.02340479342797737,-0.016484612448474927,0.03759181695910556,0.088047274435234,0.016665387482158706,0.20620853944770057,0.03290049131401207,0.3251052231843331,0.011974423485439934,0.4432665522443688,0.02820916342110414,0.5621632856697292,0.007283457247299136,0.6803246787773243,0.01335513002404982,0.3391291561066109
41.329000,0.023672349863766193,-0.01708843490831281,0.03661713964406164,0.08745720793307202,0.017340566481855807,0.20589881264662752,0.03208622643401445,0.32498938957265994,0.012810031919387075,0.44343105591113324,0.027555311151767695,0.5625216799768383,0.008279495291795282,0.6809634079401384,0.006640579063746547,0.33748562919085984
41.379000,0.02408808796474262,-0.017926026451196685,0.03559625642057571,0.08691424293023381,0.01811560463132013,0.205634194130623,0.03130470389674763,0.32490719049009525,0.01382444659419109,0.4436271997751202,0.027013149537501786,0.5629002399588644,0.009533286729051672,0.6816203073282766,-0.0015508720384224371,0.3353723960023855
41.429000,0.024373620930657744,-0.018429256173125817,0.03453621739659362,0.08642340394628242,0.0188463107846045,0.20539326076096914,0.030422682174085787,0.3248335706460861,0.01473318406614587,0.4438034813341292,0.026309145338452748,0.5632438309678359,0.010620055742094374,0.6822137955288016,-0.00793483779391238,0.33358378426679647
41.479000,0.024812349037194103,-0.01908599746379403,0.03343815741607704,0.08600061493743456,0.019675935794398962,0.20520884139868095,0.02958571021481772,0.32479895959803895,0.015823909712483812,0.4440072346754592,0.025733261666808196,0.5635973878815044,0.01197188229133689,0.6828057115744596,-0.01587186539071369,0.3313524234671622
41.529000,0.025110498922109963,-0.019450376371997053,0.03230896308669395,0.0856473909750441,0.020450335449885868,0.20506000735443483,0.028650169588342503,0.3247795242265882,0.016791973782438012,0.444192183489452,0.024991374982687015,0.5639117300136404,0.013133611015135403,0.6833244321591401,-0.019550680324216422,0.33047463402286004
41.579000,0.02556337605370395,-0.019895164968219844,0.031150457650793367,0.0853662817544256,0.021320944968540943,0.2049630236850879,0.027771730208053062,0.3247895122833678,0.017942658446801405,0.44438629045197964,0.024393001921485757,0.5642128028315804,0.01456437108837424,0.6838096172370922,-0.029408980215718302,0.3273319439995909
41.629000,0.025868208972422983,-0.020121301245965433,0.029969811997621502,0.08514282086577483,0.02212631142023934,0.20488621107455673,0.02679841886646585,0.3247952241303354,0.018955366354785747,0.44453864368773327,0.02362702511984447,0.5644476742249822,0.015784420680517344,0.6841911231297476,-0.03320414700784724,0.32639905307012346
41.679000,0.026328015625954226,-0.020348993850734572,0.02877014280256124,0.08499671098742718,0.023023614611281478,0.20485903790354715,0.025892867276164733,0.324824730454147,0.020146792486292718,0.44468707910671246,0.023015591363085206,0.564652782509829,0.017269969980650494,0.6845151528974099,-0.038707428749763045,0.3246641322655749
41.729000,0.026635086208274896,-0.020431846583798464,0.027557865516120914,0.08490811265032855,0.02384645161539362,0.2048507047803033,0.02489747344797504,0.3248461019966442,0.021186516343004624,0.4447887082604948,0.022237081182662335,0.5647841094786983,0.018526580878969953,0.6847267298748541,-0.04583500194384704,0.3225372737079402
41.779000,0.02709495620782269,-0.020443340440602403,0.026337423576473624,0.0848928150483411,0.02475568260264957,0.2048823899933826,0.02398005781642129,0.3248798833263309,0.02239877508003919,0.44486946431112984,0.02162269202989521,0.5648669546811339,0.020041867536001866,0.6848565417040068,-0.053459980454567346,0.32007090221562196
41.829000,0.027403422171194534,-0.020375416527119192,0.025117975503756818,0.08494378997434389,0.025585639233674403,0.2049428786818658,0.022982089816899354,0.32491463173413393,0.023450211338985196,0.44491371865666257,0.020846204238133707,0.5648854617756933,0.02131478355698819,0.684884546911464,-0.057297266536510946,0.31910325660203687
41.879000,0.029425390254670572,-0.020326973038967723,0.024610779666214787,0.08492680064691613,0.026648126075351226,0.20490950448213152,0.02166834742670896,0.32480613414539833,0.023706149176060835,0.44478883024792043,0.018725915518188162,0.564685441011999,0.020764172612329185,0.6846681293800218,-0.061744238378360905,0.3178042020037897
41.929000,0.030419673883682614,-0.020162573797077147,0.024057698080316707,0.08498916907275694,0.02766639519350783,0.20493489556979497,0.02042260271008755,0.32471606049339435,0.024031750975850103,0.44466177341616925,0.01678750795951057,0.5644429110928401,0.020397107381237033,0.6843886104395515,-0.06604360857708799,0.31604837645032624
41.979000,0.031305185868605555,-0.019866654233249303,0.02292728660500444,0.08508718342693906,0.028293323078655452,0.20496714667838598,0.018937888550051636,0.32460190645951814,0.02430436992881584,0.44448184979537236,0.014948491404584586,0.5641165748551871,0.020315417690595087,0.6839964982736989,-0.06991943842208656,0.3147927088126676
42.029000,0.03220996588376754,-0.01958111226657039,0.02218272770089497,0.08528560523595215,0.02912169474627161,0.2050848152882994,0.017716889452291558,0.3245416292924791,0.02465629387137615,0.44434081401061903,0.01325105245585732,0.563797586376509,0.02019089425041632,0.6835967457587373,-0.07362915741428648,0.31377299225629474
42.079000,0.034455453455803656,-0.019088258849077642,0.02209348126580349,0.08546078056779373,0.030392737810678087,0.2051734463170884,0.016578158615375756,0.3243756166062938,0.02487784258790537,0.4440882527227712,0.01106283778535612,0.5632903736867267,0.01936294918669664,0.6830029801687733,-0.07867094051518586,0.312419305102412
42.129000,0.035134534650654144,-0.018692329526471176,0.021326808814592924,0.08574297655765963,0.03129940446938314,0.20532787249290432,0.01557062541456538,0.32429259629527174,0.025543637068173614,0.443877457538216,0.00981444416519919,0.5628421266234108,0.019787871820874228,0.6824269531723264,-0.08160369100602913,0.31142422710208123
42.179000,0.03606352288086063,-0.018251685206755037,0.02059036776206309,0.08585973809001365,0.03237433826622183,0.20527974456278641,0.014915632631669378,0.32400292476283443,0.02670000568120105,0.443422891513058,0.009240899840230219,0.5621460128604866,0.021025675438626247,0.6815659398864462,-0.0849978413429038,0.3102762283540488
42.229000,0.03649555029331985,-0.017814632456485315,0.019691269691767117,0.08618040170133959,0.03313738280981106,0.20542469733842217,0.01399460761433844,0.323888000339017,0.027441108602633678,0.44313225223880015,0.008297948065745853,0.5615954929704888,0.021744836928655146,0.6808397011312033,-0.08756236624972902,0.310342901405759
42.279000,0.03741308440330623,-0.016976008379689312,0.019154292334972144,0.08661188284377874,0.03418331104983484,0.2056670322325158,0.01335106199385602,0.3238449379447751,0.028380452009385264,0.4429000404614976,0.007547834375024296,0.5610778812006413,0.022577595696616746,0.6801329368434914,-0.09086434718991475,0.3092579223566316
42.329000,0.038200245244682934,-0.016407900988799358,0.018553071751074658,0.08708772867172718,0.0350125981683684,0.20595355214558458,0.01263192040327317,0.3238480187789883,0.029091801119398485,0.44271379319202425,0.006710771937297529,0.5606081931130966,0.023171006957074365,0.6794739184635671,-0.09217438329883726,0.30957019612250686
42.379000,0.03834449876495815,-0.015685615231567095,0.01759095731644759,0.08745587856609116,0.03578473077683438,0.2060686376067959,0.012141931293539562,0.3237164936543274,0.03033603930305298,0.442329201378729,0.006692907980666622,0.5599769907385822,0.024887350542575876,0.6785896471452134,-0.0927672506843456,0.3112858725744708
42.429000,0.03853221443411772,-0.015009293692231434,0.016667275956715747,0.0880406423328213,0.03635481683463995,0.20641462906205754,0.011448135093691143,0.3238014136872924,0.03113599012486465,0.4421753481672479,0.00622899683911253,0.5595620666896586,0.02591716602695382,0.6779359489189083,-0.09541076101505615,0.3104834025164872
42.479000,0.038816417881370434,-0.01403491940378614,0.01578152576188441,0.08860813238314058,0.036806147761066325,0.20675196535714213,0.01061885016647035,0.32385971678585984,0.031643764366634394,0.4420034977600313,0.005456177121986587,0.5591111844176637,0.026481383526236656,0.6772549133907073,-0.09842963222277926,0.31102661074222226
42.529000,0.03899021497726363,-0.013394450334813877,0.014958490844106036,0.08917180912093833,0.03717353063226441,0.20709759937569738,0.009798517085977919,0.3239334185123809,0.032013826616019134,0.4418591579524342,0.0046385458096756885,0.5586949144688919,0.026854125084315422,0.6766206030930891,-0.09829834142889081,0.3138129194298036
42.579000,0.03922723495035512,-0.012465019772918685,0.01420590398425586,0.0897213401600374,0.03755506907184997,0.20742782464458817,0.009095960024811705,0.32400431932618495,0.0324453709133935,0.44171075505149143,0.003986018414013803,0.558287190300283,0.027335675105907186,0.6759935772653504,-0.09875867086947222,0.315286416053532
42.629000,0.039369306450605254,-0.011876214175842982,0.013520859307818107,0.0902473273604748,0.03785951388176605,0.2077531991011237,0.008415024986877535,0.32408471707333336,0.03275390112170679,0.4415905429224939,0.0033091928695627923,0.5579220053733112,0.027648290567190852,0.6754277853301502,-0.09769983975253627,0.31707349000191043
42.679000,0.03955823761764451,-0.011055490576650012,0.01291121752222843,0.09073829370261065,0.03816739539284843,0.20805037952230568,0.007847264122532761,0.324156751611656,0.03310363799145694,0.44146879523460636,0.0027833127270033425,0.557575116663965,0.028039882595776656,0.6748871180894955,-0.10058583729357357,0.3166202014230957
42.729000,0.03966796167964369,-0.01055987731337108,0.012373325253985164,0.09118668155818972,0.0384054734479713,0.20832901916678573,0.007313626926587546,0.3242311204414848,0.03334594546809329,0.44137342019419373,0.0022539303927672505,0.5572754762525555,0.02828641928303289,0.6744177381488417,-0.09798130046214365,0.3187660864399714
42.779000,0.03980803384719817,-0.009910649350459844,0.011915027206949941,0.09157787107431843,0.03863611581797593,0.20856497901122598,0.006887407631879616,0.3242888725186346,0.033608639789828566,0.44127594766781925,0.0018597895970954362,0.5569998022157874,0.02858116530295255,0.6739868445768386,-0.09672964723145755,0.3207028471799827
42.829000,0.03988494454046892,-0.00954618352111203,0.011531798048802281,0.09191049838143256,0.03880507325003845,0.2087701084261252,0.006507497353162688,0.3243420193352447,0.033780889415031115,0.44120160210636195,0.0014831979357748382,0.5567734807149176,0.028756706859026024,0.6736330362121612,-0.0907699691127992,0.32504602220410433
42.879000,0.03997547735515511,-0.009109914247549351,0.01123119598596753,0.09217533273136604,0.038955720858140995,0.20892870835970587,0.006227908214191037,0.3243795216073502,0.033952522288472106,0.4411328760535166,0.001224621428358226,0.556583664293747,0.02894932470530584,0.6733369975575351,-0.09183393910733065,0.3249368495708566
42.929000,0.04001929825561328,-0.008896363408895614,0.011007965663250689,0.09237407516889412,0.03905359821069326,0.20905073305303912,0.006006317698305938,0.32441050615759903,0.03405201209413988,0.4410871491751947,0.0010046704223315786,0.5564469047593096,0.029050426666982036,0.6731235329102191,-0.08441972109232099,0.3292586312955577
42.979000,0.04006011560007837,-0.008696607405858875,0.010869334300553788,0.09249859245800279,0.03912257411654505,0.20912515221134576,0.005876763042665878,0.3244278670364525,0.03413003656124507,0.44105441862520667,0.0008841921583635712,0.5563571238403894,0.02913749937986334,0.6729836672644639,-0.08499022713526615,0.32921619846706507
43.029000,0.04011531333596978,-0.008642350039205252,0.010839732073974699,0.09255201360879972,0.03916246167872684,0.20916171726907004,0.005814223773417192,0.3244348495619459,0.0341369594213319,0.4410445517544233,0.000788715536355164,0.5563176823173959,0.02911145722580573,0.6729273830424756,-0.0761976753350133,0.33327761054748023
43.079000,0.04016962607970161,-0.008693484900275753,0.01091626672003438,0.09252935494342095,0.03920706925224258,0.20914680857735984,0.005885051679894816,0.3244275231174664,0.03417583289344531,0.4410449819232015,0.0008538363953399727,0.556325702554839,0.029144596286051646,0.6729431665333804,-0.07622103647023493,0.33327359480037516
43.129000,0.04016332822286021,-0.008831287500966593,0.01103659587275626,0.09240621629925116,0.03918659647607149,0.20905773778908276,0.006008802008393356,0.3243800424578402,0.03415875411921169,0.44103157564972734,0.0009810075948578703,0.5563538941115883,0.029130911207793445,0.6730054390068094,-0.07117861040594667,0.3351576913194795
43.179000,0.040138538834133444,-0.00920304438361962,0.011261471355865735,0.0921803855016067,0.03912053345725061,0.20890173167604634,0.00621753712852912,0.324302740447466,0.03407652215477226,0.4410241050181811,0.0011736020342701936,0.5564251355179693,0.029032509979359373,0.673146518486341,-0.06561988050922947,0.33682069130954123
43.229000,0.04015103182178285,-0.009476666681553161,0.011593311784503898,0.09192259933077605,0.039052465192181876,0.208738672257916,0.006522153877665242,0.32424529044830086,0.033981202672869394,0.44106138796592853,0.0014509948068591877,0.5565680352906295,0.02890993898286537,0.6733841574002267,-0.054847013712340756,0.33972990776199574
43.279000,0.04001475446973844,-0.010022740628341752,0.011938736283950393,0.09159557265155571,0.03887847758551359,0.20853252286856375,0.006858903103834392,0.3241817634149167,0.033798512173636656,0.441118744095181,0.0017790684804084647,0.5567680208525921,0.02871854531112697,0.6737050319976423,-0.04876306320014521,0.3409262975117832
43.329000,0.039744000389498976,-0.010483869503148148,0.012192091134061424,0.09119376507618845,0.038542074361121295,0.20826501852061538,0.0071573835093008825,0.3240881646503686,0.033507207953592986,0.4411594538329456,0.002122674204884843,0.5569826425329409,0.028472339859104967,0.6740539674550853,-0.04255082886771302,0.3418817368178896
43.379000,0.03953126319262553,-0.011104102298187946,0.012623473868577182,0.09084899301287663,0.03820226359606369,0.20809115912334625,0.00753316751165755,0.3241058415771117,0.033111771937146026,0.44134804811486966,0.0024428592340500765,0.557362779046301,0.028021278349588525,0.6746050260127755,-0.04130804740618103,0.34181718916093645
43.429000,0.03957299880638489,-0.011432738809075397,0.013303102207236114,0.09058317292417581,0.03796134705382217,0.20802239533766725,0.008037087094521507,0.3242314253907842,0.0326951212616594,0.44167069203960135,0.0027710697913596524,0.5578797757792167,0.02742889327227889,0.6753190866643863,-0.02994292204391847,0.3431505252672071
43.479000,0.039381753957276985,-0.012150947134922523,0.013939820529303707,0.09020801019390423,0.03755232936782178,0.20786194945981712,0.00850822796702385,0.32429407634952145,0.03212050098932173,0.44194806294222766,0.003076632971035803,0.5583802480491664,0.0266886701706443,0.6760342819694728,-0.027391555092146004,0.343104339257854
43.529000,0.03923969577700803,-0.012657300906139153,0.01462931775560378,0.0897716407141444,0.03716911520751286,0.20763578933800236,0.009135392615314278,0.3243153093816829,0.031674930447607885,0.4421795076537052,0.003641464885534469,0.5588590894518074,0.026180743091668388,0.6767233373726527,-0.01345672138369576,0.34355095469856495
43.579000,0.038982919808685464,-0.01346132954532807,0.015431801951874907,0.08934194167729093,0.03678963659334459,0.2074259918255967,0.009912061200269624,0.32437724637632626,0.03126961289807997,0.44246134770023576,0.0043923177568643695,0.5594126666577057,0.025749586504509522,0.6774968191576956,-0.009771849872516926,0.3433396568955986
43.629000,0.03879644241400307,-0.014008845790998176,0.016297280363190607,0.08890445106723323,0.03643142647544316,0.2072032936665184,0.010802694006262305,0.3244345526038135,0.03093653532086902,0.4427334470784374,0.0053081049230354616,0.5599647720532211,0.02544164143352129,0.6782637184034779,0.0036663162421550766,0.34287979999070106
43.679000,0.038277677234971316,-0.015088177793583651,0.017133808324582726,0.08829086575999633,0.03589734112536079,0.20681482888966818,0.011616292010629567,0.32433261755422793,0.03037949886513079,0.44285663228400723,0.006098772950196639,0.5603744877263354,0.024861653853154416,0.6788985540561371,0.0064760023522901985,0.34257639613802937
43.729000,0.03806724778614666,-0.01584737187736582,0.018065229983773815,0.08757967837610027,0.03549298665806341,0.20630740593478855,0.012702687258952645,0.3241233736638631,0.030130098475864706,0.44285115193089347,0.007340141896151019,0.5606671859743729,0.024767207651841993,0.6793950149492829,0.014054203905057419,0.34173792618053356
43.779000,0.037555814628621315,-0.016716223879817364,0.018895900981728275,0.08710333128626803,0.034974735869088926,0.20602124864213284,0.013652686772207035,0.3241117657137238,0.02973115878339343,0.4430297321333393,0.008409470050589857,0.561120314270557,0.024487579181931098,0.6800383297532918,0.017442557486786085,0.3412050971559181
43.829000,0.03713612984192351,-0.01736136669170809,0.01984130474671625,0.08655228741711118,0.03429635125448266,0.20567848783951462,0.014588600909299428,0.32404911161388733,0.029043267226318753,0.4431753581688934,0.009335894674201508,0.5615460448421336,0.023790180797070924,0.680672337528924,0.028632223262730197,0.33966080227975265
43.879000,0.036453709947573125,-0.018281777574261387,0.020790531137459125,0.08602726606480375,0.033525229032624095,0.20534963391063263,0.015416540256932895,0.3239754126891717,0.028150842383418126,0.4432978227728096,0.010042547081060792,0.5619236616159232,0.022776453435812683,0.681246113936368,0.03198560681853417,0.3391239314831709
43.929000,0.03484492231628627,-0.018911836060951405,0.02071289746117668,0.08548058210009987,0.03209777636484824,0.20493929685152568,0.01600724694626169,0.3238556324049031,0.027391716411397,0.44331438617670216,0.011301594588949835,0.5622307768810655,0.022685654611361898,0.6816895696722205,0.04761674609053536,0.3358484100629861
43.979000,0.032297921630024484,-0.01983470935711016,0.020429970342894628,0.08494937730799236,0.03032227005590901,0.2045409422532083,0.016418394447299277,0.3237327299011507,0.026310272127472775,0.4433243297550637,0.012406817153805667,0.5625161664698619,0.02229827279597496,0.6821078012313991,0.0510203687277604,0.3350488131571868
44.029000,0.03147732558168974,-0.02038017238450552,0.021006882323222665,0.08444234168476178,0.029214486802551884,0.20416132609667662,0.017290120212317135,0.3235673957972303,0.025497292013705625,0.4432864098715698,0.01357335698096324,0.5626925226683894,0.021780096100214582,0.6824115664038701,0.05725685017877342,0.333214860368649
44.079000,0.03097972527377775,-0.02109673319403143,0.02224791627060051,0.08398183268958484,0.028538826311121618,0.20381682111467098,0.018506302175920055,0.32339670428678013,0.02479677057271153,0.44323171589577287,0.014764687152199318,0.562811636042186,0.021054713902244056,0.6826466708336121,0.06251120761551128,0.33176630655258876
44.129000,0.030670613264886463,-0.021454135704287003,0.02354054524400661,0.08364832655537079,0.02796094993362158,0.2035668823437683,0.01984042981560378,0.3232918052003245,0.02426038587828537,0.4432103775250437,0.01614031367567001,0.5629353307612834,0.020559821108964513,0.6828539196207343,0.07144307492409237,0.3290102474919812
44.179000,0.030189860318881052,-0.021881634016298925,0.024841057585704568,0.08338841501949718,0.027287331862513812,0.2033634780207794,0.021103057805055326,0.32320401688130634,0.023548878311765782,0.4431790891340372,0.017365057529989063,0.5630196513846293,0.01981042426449016,0.6829947328871349,0.08129905937093336,0.3259591342000836
44.229000,0.029852224313291223,-0.022116969165652846,0.026137509277876204,0.08316151896245616,0.026678186031100382,0.20316030090897588,0.02244772150300517,0.3230857075994536,0.022987941282604042,0.44308449160408253,0.018757933464356013,0.5630099144044941,0.019297696268491954,0.6830087004655006,0.08682769618976859,0.3243140506446266
44.279000,0.02934802929027389,-0.022387326091236746,0.02743956346646646,0.08297628924547168,0.025982719786546357,0.20296744561331517,0.023714516934449793,0.3229460072642275,0.022257215034438484,0.4429371580678272,0.019989470370872203,0.5629157283799495,0.01853171024934698,0.6829068736175381,0.09306667897867485,0.32275574847433774
44.329000,0.029016814275941383,-0.022487587968850576,0.02874701380768668,0.0828560644734677,0.02537271643372352,0.2028086139137863,0.025066262496111505,0.3228082226047487,0.021691507523448724,0.44276075917181956,0.021385511381128278,0.5627603690310223,0.018010298808808563,0.6827128927230718,0.10117601457878707,0.3201609478760667
44.379000,0.02859534441681005,-0.022231378180468244,0.030028007263517086,0.08304420247712532,0.024547089532601055,0.20291896854546787,0.02608102689401297,0.3229091641219194,0.02059965424569729,0.4427839093896484,0.022134046983489482,0.5627740991437681,0.01665221941892616,0.6826488236092063,0.10531845171640915,0.3190555518645096
44.429000,0.028449116742709987,-0.022002216548296413,0.031218038420017486,0.08330276658855756,0.023831369109001868,0.20307520540023644,0.027047263733205987,0.32303210596890974,0.0196601434499329,0.4428045169671224,0.022876489761073385,0.5627614054257646,0.015488918508403105,0.6825337886089824,0.11014987172129437,0.31767847123379167
44.479000,0.028280252749989104,-0.02164130899321469,0.032615616292880886,0.083555034543261,0.02328826571742379,0.20319198755845833,0.02831468370139352,0.3230866709580867,0.018986888331227275,0.4427235892945665,0.024013752085736202,0.5626182540050484,0.014685511924724679,0.6822551376614483,0.11389981182425468,0.3168586310048413
44.529000,0.027725025763569403,-0.021291193630714855,0.03383053694099287,0.08387824416859023,0.022510146656052138,0.20334308722192468,0.029423928379675023,0.3231437533183426,0.018103101782786974,0.44260855502629803,0.02501732106368937,0.562409195870161,0.013696058159746179,0.6818739562315931,0.11704209753974258,0.31638102509238525
44.579000,0.027472617416548682,-0.02054251546787155,0.03495280168468731,0.084410733871252,0.021781334273096156,0.2036856784532997,0.030426572561855606,0.3233738558805255,0.017254678358775054,0.44264875333143433,0.025900344929201673,0.5623368998225152,0.012728023941814092,0.6816117501415325,0.12091379078011873,0.315530341087821
44.629000,0.027748742746398873,-0.01992368153445918,0.036831491934231034,0.08502978746836563,0.021632924480340956,0.20406341101940487,0.031961545364734105,0.3236180829415156,0.01676256328050575,0.44265165355058167,0.027091600619219395,0.5622062894934499,0.011892203912420036,0.6812398071600667,0.12432518572738277,0.31504667358484745
44.679000,0.028308497749269967,-0.018592240365941596,0.03874421124027258,0.0859977344910607,0.021547150616828884,0.20475909648071258,0.03349002971978992,0.32416331599041925,0.016292568444030993,0.4429246199635237,0.028235850373847772,0.5623287991815684,0.011037988453160497,0.6810900451378152,0.12682332015205067,0.3148680368254101
44.729000,0.0284129490071153,-0.017998815140458303,0.040268784907966544,0.08667412005940568,0.02126085004765066,0.20515913346392678,0.03478122344461215,0.3243950319617824,0.015772902987730916,0.4428799835064049,0.02929366442996999,0.5621158380024652,0.010284958384987674,0.6806007276872598,0.12941147991612922,0.31503041409993593
44.779000,0.02865976910854832,-0.01681849602819597,0.04186270536837443,0.0875541710843212,0.02102780117437183,0.20573160872058724,0.03601791422187979,0.3247916629309823,0.015182641344949123,0.4429690355671625,0.030173125833174604,0.5620290430111716,0.00933748428261457,0.6802063506477194,0.1321625596614568,0.31536304514763924
44.829000,0.027933476633838505,-0.016319385163246276,0.042558771222725576,0.08800453447249937,0.02031581129366411,0.20592506166585628,0.0369765002931938,0.3247628563358215,0.014733189371067627,0.4426833173219739,0.03139423209333588,0.5615210624005752,0.009150570188658145,0.6794414571804245,0.13448708272561397,0.317323797611067
44.879000,0.027290994461696572,-0.015460380435976572,0.04329701477267045,0.08855789635799899,0.019567411065459957,0.20618827459897282,0.037710397392886945,0.3248088125777392,0.013980462190236546,0.4424391239455714,0.03212378279978521,0.5610596107954732,0.008393516113244154,0.6786898552915215,0.13587361524541228,0.3181943299922383
44.929000,0.026494751280174277,-0.01490601131054249,0.043724026296281415,0.08901949087677953,0.018735786442352426,0.20638894119926557,0.03836272449770686,0.3247729912337667,0.013374173317832286,0.4421423752737744,0.03300142538529603,0.5605263732476569,0.00801256289224906,0.6778956910070423,0.13702391619940063,0.3195381433577344
44.979000,0.025416620483585218,-0.013780437593498375,0.04405255648259492,0.08976556880029123,0.01788764308748014,0.20687832347298318,0.038947605047970686,0.32501586197037474,0.012782402091217046,0.4421285519498636,0.03384265614006679,0.5602660383773221,0.007677163635261726,0.6773786636658918,0.14062955555188256,0.3199260619873706
45.029000,0.02485063902209775,-0.013235519526909417,0.044453474906725715,0.0902685254515955,0.017185584274280023,0.2071293920428414,0.039516244281443236,0.32503334288268587,0.012248086389772572,0.4418941471123115,0.03457901603323827,0.5597980468835176,0.007310590896532271,0.6766587887541896,0.14190376798617838,0.32068014644189435
45.079000,0.024074548584203617,-0.012464869221293645,0.04482103727928339,0.0907154386315875,0.01649873075722388,0.2073252450514187,0.03999041987466431,0.32500336766734733,0.011667869863673328,0.44161311494807387,0.03515980469157487,0.55929118851338,0.006837011206186381,0.6759008766579938,0.14253252834109958,0.32203797408642676
45.129000,0.023607255060877762,-0.01198330706795167,0.04515637474910932,0.09113310179948116,0.015916314113818608,0.20751617124707958,0.04046398900573606,0.3249785552574542,0.011223708934085289,0.44136156957368256,0.03577160528777474,0.5588239073020306,0.006531105794480116,0.6752068664901466,0.14271937167401208,0.3233281431328363
45.179000,0.022983289418520614,-0.011319640758241795,0.04545540567426318,0.09151471353898724,0.015361827184267922,0.20768001185852197,0.04084834377588724,0.3249422712262534,0.010754571202622017,0.4411075192667435,0.03624128370046558,0.5583697360548131,0.00614731705873715,0.6745349338197483,0.14588693046424317,0.32269163221323593
45.229000,0.02261959466873675,-0.010921895158415771,0.04571955850000842,0.09185820968516405,0.014906072366105104,0.20783462570271374,0.0412203017207394,0.3249139207700812,0.010406646928961958,0.4408902919772075,0.036721046535429264,0.557969548779389,0.005907223100628949,0.6739458751797756,0.14155512675282,0.32620454752892386
45.279000,0.022153929134949048,-0.01040094394656551,0.045944835907265766,0.09215663141014926,0.014490449304048227,0.20796086951659914,0.04150941740935486,0.3248795393795617,0.010054888702007924,0.4406837388880368,0.03707400026905705,0.557602375598047,0.005619329472437623,0.6734065365123953,0.14401332635026937,0.3257600419617701
45.329000,0.02189747537047209,-0.010108493609289972,0.04613324436106175,0.09240972802129074,0.01416663515504714,0.2080736199490222,0.04177463481090268,0.32485460450987563,0.00980790992979831,0.44051846446784076,0.0374160263680378,0.557299421420302,0.0054491858266859615,0.6729632494124783,0.1380697178295868,0.32958505613151395
45.379000,0.02159477921042547,-0.009758455682483668,0.04628096956773496,0.09261081555682145,0.013894713627469565,0.20815790736865214,0.04196456906836599,0.3248287401227178,0.009578224836570852,0.4403758071876142,0.03764816941778493,0.5570466184953597,0.005261736909282548,0.6725936608174038,0.13575410988484846,0.33139838830354
45.429000,0.02144801282836957,-0.009587145889978747,0.04639046021182313,0.09276143777709109,0.01370653345681572,0.2082246827162202,0.0421194728539687,0.32481243882642985,0.009435484882248617,0.4402756664370612,0.037848486082455626,0.5568634074855823,0.005164436908821894,0.67232661777187,0.1323934467936076,0.3332551184256404
45.479000,0.0213109582970464,-0.009426995875184628,0.04645804822832214,0.09285560232665896,0.013581333358557983,0.20826410123108208,0.04220765524504645,0.32479964814811146,0.009330907012899637,0.440208137548502,0.03795726257775796,0.5567436761926182,0.005080480997993752,0.6721521560931718,0.133117221733629,0.33316390649717803
45.529000,0.0211927888706387,-0.009382236102207779,0.04641885449049317,0.09289681558231166,0.013479449531720315,0.20828743738912037,0.042215400810701936,0.32479599975297396,0.009275989862082007,0.44018661984992086,0.03801194717902662,0.5566951807245565,0.005072530253660147,0.6720857991153811,0.12377842136182682,0.33690517486142757
45.579000,0.02123163682990375,-0.009406768240908395,0.046417512139273656,0.09288823789713728,0.013508393623368553,0.20828750097202775,0.042216508322123286,0.3248029254880836,0.009307410897037367,0.44020219457757076,0.03801550429317562,0.5567176243423542,0.00510642796960847,0.672116899449485,0.12389503106566187,0.3368803868102604
45.629000,0.02129910846207705,-0.00947774726358805,0.04636701308392515,0.09284015058444942,0.013610746312796681,0.2082828939129753,0.04216661183146954,0.3248357254722125,0.009410393851292371,0.4402784826449011,0.03796621010804716,0.5568313262734754,0.005210040925272465,0.6722740972921353,0.11387695562482057,0.3401131772711753
45.679000,0.021468325820326706,-0.009676972596854528,0.04626552891601387,0.0927374432346312,0.013795687325398726,0.2082610745274505,0.04208054869779519,0.3248799692964498,0.00961078386826547,0.44040362216422385,0.03789556775367261,0.5570225357269665,0.005425879689101756,0.6725462101707287,0.11331188037447182,0.3401659355121169
45.729000,0.02162967173153734,-0.009952059718383479,0.04611762654377825,0.09250736005370505,0.014020804641960014,0.20813518550822382,0.04191091544542563,0.3248491166151302,0.009814197377092156,0.440476970892461,0.03770420337359133,0.5571909270441249,0.005607589142901607,0.6728188101453219,0.10209761584766708,0.34274086460646247
45.779000,0.02177200570137939,-0.01037090504649883,0.04582733248996483,0.09226775198905302,0.014259983069267084,0.2080412482690982,0.041652381496930506,0.32487299266330544,0.010085163164899404,0.4406465246865275,0.03747742930704834,0.5574783000963492,0.005910342068293252,0.6732518678638456,0.10119031450620565,0.3427033259241147
45.829000,0.021799150091476854,-0.010805811616985322,0.04535983621727642,0.09187089935231815,0.014456052540809443,0.20782328677537326,0.04128917150469348,0.32478474932109813,0.010385545198181065,0.44073717868648743,0.03721850542330294,0.5576986776497022,0.006315036491749278,0.6736511489585307,0.08940119543875187,0.34435559818073297
45.879000,0.022369351474916675,-0.011480321822610289,0.045189782115817895,0.0914532667632577,0.015036746751775052,0.2076031460221572,0.041135047268666465,0.3247307631830485,0.01098219554844167,0.4408806901165613,0.0370803108772126,0.5580083485407974,0.006927642805631913,0.6741583231498668,0.08802300339566631,0.3441525337669334
45.929000,0.022748129706697755,-0.012008429796537773,0.04484634661441531,0.09098841115128033,0.015447668573138063,0.2073315144987715,0.040635638827252005,0.324658263848937,0.011237169542220971,0.4410014199467379,0.036424929277739826,0.5583282144913134,0.00702666875367804,0.6746714233402196,0.0815434522175371,0.3446585577684962
45.979000,0.023491129030982476,-0.013021685654513029,0.04457430040723297,0.09031050777480899,0.01610005590106673,0.2068833064873701,0.04028726044952154,0.3244204458773692,0.01181324962127849,0.4409933016681977,0.036000218561684144,0.5585304895422009,0.0075264414160948825,0.6751034024119563,0.07962535256871764,0.34450263554139365
46.029000,0.02390973117340353,-0.013855332326291289,0.04420707192509293,0.08951495983455496,0.016748989654393986,0.2063312845410714,0.039869353306970536,0.3240829248031977,0.012411528370096389,0.44089930999662313,0.03553163263109375,0.5586510011896125,0.008074065032649062,0.6754674468704309,0.06765967829109605,0.34470437914572793
46.079000,0.024891158435519638,-0.01474246582821496,0.04396519562707245,0.0889620415916096,0.017553748304318075,0.20601944395998936,0.03949131324676888,0.3239971674646899,0.013080145625536884,0.44105463294126085,0.0350174286710084,0.559032408863418,0.00860654075549442,0.6760899374484245,0.06562075780602954,0.3442736003892553
46.129000,0.025610791124232625,-0.015616001775788929,0.04375349645745118,0.08815651473699274,0.01857185236338907,0.2054846220259557,0.03922158964644724,0.32369455529902513,0.014040247391394653,0.4410227273700383,0.03468968056980584,0.5592327137658331,0.009508640157826511,0.6765609506189564,0.04887321855722172,0.3433688772524446
46.179000,0.02646108099190159,-0.01661746575068049,0.04329176934678499,0.08751155862922855,0.019279513478560807,0.20508456383425444,0.03855288445453286,0.3235266895887042,0.014540950465654531,0.44109976053157074,0.0338139971877097,0.5595419390494467,0.009802385082736662,0.677115075730167,0.046725034438166044,0.3429543801605235
46.229000,0.02709315635125715,-0.016897384473706915,0.04280543371695569,0.08726830032189706,0.020341605749848272,0.20514695162504015,0.03823949476659742,0.32380471820076595,0.015776008927129173,0.4416834347017689,0.03367355355660814,0.5603412532230577,0.011210409848594019,0.6782200349216183,0.03567673787461647,0.34117558996804026
46.279000,0.027378704496443397,-0.01759658028849884,0.04182840326621268,0.0868876719558365,0.021135842513754187,0.20509011664081594,0.0376897932967961,0.3239428268054252,0.016997593804151348,0.44214533473210327,0.03355118134073268,0.5609980954895576,0.012859343112869669,0.6792006666576662,0.02765791993667194,0.3395589842711193
46.329000,0.027651360197672913,-0.018206655400023572,0.04086273773066088,0.08630563300481088,0.02183909130480408,0.20478812486189496,0.036888430359762615,0.32384070733707215,0.017865162407543413,0.442323259961575,0.032914121168840196,0.5613758905087441,0.013891231696490779,0.6798585039004259,0.01969625026703329,0.3381834687359232
46.379000,0.028069782070997838,-0.019048172843322303,0.03983593874136934,0.08576362306466911,0.022619186877438732,0.20452213204510308,0.036102581459023744,0.32376221788269915,0.01888622402961055,0.442520784044735,0.03236922257861294,0.5617609146641184,0.015153259590596815,0.680519538007416,0.014964523516068959,0.33730282352579655
46.429000,0.02834566822766016,-0.019533949339541556,0.038805192412046316,0.08528950717234444,0.02332924232495781,0.2042873851740212,0.035243852497397116,0.3236944287871967,0.01976831058931503,0.44269235987278827,0.031682511181003264,0.5620994443538232,0.016207377459140224,0.6810974285228439,0.0032918934092368984,0.3343089061920206
46.479000,0.0287907619641979,-0.020200633958574982,0.037692048747524694,0.08486385788885767,0.024170882785022,0.20409966656651315,0.03439544430882629,0.32366328286196455,0.02087469931385533,0.44289913927596836,0.031098838714815186,0.5624627916687829,0.017578514694705914,0.6816986958184611,-0.006580987257164959,0.3317161478101278
46.529000,0.029091497084123542,-0.020567583627424117,0.03655385463887131,0.08451177593210014,0.02495206271325928,0.20394961928216573,0.03345250458167538,0.3236481676778822,0.02185114443076556,0.44308605296830794,0.03035115358436086,0.5627846320926599,0.01875022521547759,0.6822225593225815,-0.014682974982337733,0.3294689964036251
46.579000,0.029547581365307878,-0.02101562482713929,0.03539067771355778,0.08423216961455704,0.025827207986945596,0.2038504794454026,0.03257001517147253,0.32366089030886763,0.023006986358183597,0.4432792353898636,0.029749351924345493,0.5630896711063411,0.02018676403144034,0.6827080514364163,-0.022623648805244433,0.3272054430780377
46.629000,0.029854064910848972,-0.02124407378147035,0.034207392358143504,0.08400993843097254,0.02663522097099414,0.20377079272186188,0.0315940739994502,0.3236682896792303,0.0240223506918062,0.4434291723001949,0.028980755133714935,0.5633266878098604,0.021409479912182765,0.6830875987596352,-0.02838678100566758,0.32541800254463493
46.679000,0.030315472686636057,-0.021474046757137617,0.03300644405320583,0.08386559400013763,0.027534417061864696,0.20374076624446036,0.03068729017089065,0.32369933989035854,0.025215716599080642,0.4435745328313848,0.02836813597739241,0.5635331184018361,0.02289701583113057,0.6834083320381218,-0.03582657378549396,0.3232220733777122
46.729000,0.03062304490678532,-0.0215575442162036,0.03179333939134103,0.08377995594892254,0.028358507186886435,0.2037307872412785,0.029691479692260207,0.32372338361413777,0.026257104296941523,0.44367422798650585,0.02758961983803521,0.5636668294348148,0.024155701257357262,0.6836176868856113,-0.04104024427898787,0.3215809102634325
46.779000,0.031083036487183188,-0.02156989984311507,0.030572303574509394,0.0837676992720834,0.029268486158316124,0.20376061598030104,0.02877390717643179,0.323759596774434,0.027470547999810444,0.44375251846090985,0.026975510758943323,0.563751497365441,0.025672609826927713,0.6837444240284795,-0.04683269068844387,0.32016036153792204
46.829000,0.03139108122298565,-0.021502477384696544,0.029351946314933652,0.083821785976057,0.030098411317644767,0.20381946424526237,0.027775441726166406,0.3237969780229576,0.02852236450938284,0.44379465344359204,0.026198937218125665,0.5637721583585643,0.026946317786447047,0.6837698309288526,-0.05442908220910029,0.3176978817999784
46.879000,0.03183206043727731,-0.021289860052387838,0.028016101484280857,0.08394132614764682,0.030709659099419036,0.2039110921192978,0.026386808205809312,0.32383320417130473,0.029080821108625143,0.4438029599199861,0.0247575151116539,0.5637250555659467,0.0274519833050806,0.6836948010898639,-0.056948136396781646,0.3169339669263063
46.929000,0.031992815753891304,-0.021125099106920814,0.026539001005653193,0.08407746292536013,0.031069433799474754,0.2039919123395103,0.02485863110391052,0.3238310792665434,0.029389515136175656,0.44374551163181075,0.023178261488825517,0.563584655186898,0.02770959676173752,0.6834990705014987,-0.0591002415480165,0.3163373083150009
46.979000,0.033019923772324225,-0.020705091936733935,0.02552060190157158,0.08427162517543826,0.031730989084729135,0.2041108136274292,0.023405858511897394,0.32382168281144635,0.029616690864085284,0.44366084819275825,0.021291115600463824,0.5633716864505257,0.027502393122645213,0.6832108287594507,-0.06307875248196271,0.3153897850374574
47.029000,0.033910093323871765,-0.020566555337304046,0.024679226821130152,0.08437050172310166,0.03248164312991918,0.2041165759379172,0.021941821185925803,0.32365281371316384,0.029744674613912697,0.4433988594453556,0.01920441631814343,0.5629350587455207,0.027007706865844913,0.6826810759934523,-0.06724799317509778,0.3143307716315237
47.079000,0.035130586845341656,-0.020121434253674287,0.023741224706764506,0.0845464341241106,0.03326127850874739,0.20416820703441682,0.020665519102938557,0.3235053212664366,0.030185999971316494,0.4431270601880512,0.017589814511867925,0.5624641294503107,0.027110722448710246,0.6820858343815346,-0.07111620336699591,0.3132387037295242
47.129000,0.0355315631906943,-0.019856614513447616,0.022843327509132934,0.08472006788881314,0.033991549104353515,0.20420110050582774,0.019535313590777564,0.3233271566570024,0.03068395120189181,0.4428081504567708,0.016227300900055083,0.561934156271652,0.02737635453029981,0.681415111252411,-0.07455165718695671,0.31222362963542755
47.179000,0.03642591099835575,-0.019333698979541472,0.02206853617813563,0.08493130802936116,0.03498453437185003,0.20423418722531772,0.018712537588395358,0.3231258273115998,0.03162893815640551,0.44242866294492045,0.015356540376410006,0.5613202481484786,0.02827334332258285,0.6806230402173719,-0.07857502964562044,0.3109697499324262
47.229000,0.036810606814995935,-0.018879546696318947,0.021166130000920397,0.08528943335122621,0.0357341406653154,0.20440187128245527,0.017854924253779728,0.3230624520796977,0.03242332311604908,0.4421748425318226,0.014543719969689884,0.5608353650570044,0.029112507033502724,0.6799477080282919,-0.07870447210838577,0.3121977799720965
47.279000,0.03749589695112666,-0.01808427256400963,0.020308863548206,0.08572137500216556,0.03655092489502539,0.20461710845197645,0.01709164186132145,0.3230288321078997,0.03333407492691089,0.4419245147775064,0.013874421675671385,0.5603361775928465,0.03011722646426069,0.6792318094804871,-0.08213764949783028,0.31099145764409974
47.329000,0.03967927118403082,-0.01739943830528173,0.020829235111327428,0.0862443434362166,0.03818786905093831,0.20498219682657623,0.016715251209624367,0.3230454285417923,0.03407423903703525,0.44178323019572113,0.012601269305126325,0.5598463979106882,0.029960611026505966,0.6785841478262071,-0.08372377124040771,0.3120203685485362
47.379000,0.04050362567312454,-0.016319860280904895,0.0201066813265701,0.0868891441899339,0.03893848487297618,0.2054022792195732,0.015938077301506638,0.323177409239333,0.03477021509848206,0.4416904911558863,0.011769475346313077,0.5594655563033022,0.030601947398195266,0.6779785851051136,-0.08505863278354878,0.3116559500559178
47.429000,0.041248805731529684,-0.015607672087442296,0.01976839694925005,0.08752276466781826,0.03981698000613909,0.20583613803310266,0.015346289485239847,0.32331458416288644,0.03539518716353574,0.44162790421412745,0.010924184231181931,0.5591062852683574,0.03097339653363188,0.6774195520042285,-0.08593904133135877,0.31236753103676385
47.479000,0.04165611677229327,-0.014775819513326797,0.018983290919679412,0.08795159702472645,0.04036919028423435,0.20603056766860023,0.014586025635088772,0.3232279585124196,0.03597221741297885,0.4413068761954124,0.010188762526080974,0.5585042031871965,0.03157524671799574,0.6765830679084358,-0.08518613345242404,0.314204759273701
47.529000,0.04163775896800617,-0.014467809594496122,0.017978707033149795,0.08818503724585872,0.04059484495042733,0.206034561240133,0.013644494580921998,0.3229690669044615,0.03626090228645202,0.4408185391241859,0.009310284215996056,0.5577529830901123,0.031926961709709524,0.6756024035346596,-0.08534466443621998,0.31550601396644246
47.579000,0.04218496099485962,-0.013477269515694576,0.017476862856518355,0.08879337113432031,0.04122136645263134,0.20642074273060812,0.013169991885717096,0.3230960202528342,0.03691474124892626,0.44072334223780235,0.008863122897600766,0.5573985611484749,0.0326081180277481,0.6750258335216209,-0.08788455044300028,0.31495693981036477
47.629000,0.04281646686924777,-0.012865813119553473,0.017258924972809134,0.08933160452805314,0.04187354907158336,0.20677997734743261,0.012760093220172752,0.3231947817606928,0.03737493959717627,0.44064310799517104,0.00826126341928353,0.5570578573081276,0.032876332073279356,0.6745061369575245,-0.08425305511787665,0.3183050017459715
47.679000,0.04382618434601193,-0.011991244775360368,0.01729049679144978,0.08983723308998644,0.042629177436993085,0.20713152646858074,0.01246968188166235,0.3232797284521223,0.03780855983923529,0.4405739792059072,0.007648868894813136,0.5567221304537789,0.032987944163463075,0.6740163385826123,-0.08692045038674909,0.3178061176853522
47.729000,0.0438944918730403,-0.011675354909482275,0.016745541785780537,0.09010950776414377,0.0428546155882703,0.20723472393631165,0.011925564090669132,0.3231803740135254,0.03803480998436998,0.44030555182369197,0.007105588124897477,0.5562511564559355,0.033215006107870614,0.6733762959042676,-0.0833371519789253,0.32133257905525503
47.779000,0.04412650070334186,-0.011013215244980149,0.016345212831800335,0.0905049975951144,0.043157033249019164,0.20747134440437956,0.011549194491217822,0.32323379310442407,0.03836115947530843,0.4402001067749949,0.006753177636621921,0.5559625164080657,0.03356528718431629,0.6729287969405036,-0.08232959213755227,0.3231714607194001
47.829000,0.04426525071115506,-0.010631964516164627,0.016031243320424625,0.09085793317963015,0.04341124762389398,0.2076925828531832,0.011249384349364566,0.3233023339588339,0.03862950610798223,0.44013695610690756,0.006467526609540253,0.555746674879776,0.0338477658188885,0.6725812695032815,-0.08326209613350878,0.32297362955869346
47.879000,0.044473060938405855,-0.01032213323778484,0.01581316442653974,0.0910073662390797,0.043626103091344945,0.20773971154798834,0.011032481882835572,0.3232284809397073,0.03884551195756325,0.43996080446902275,0.006251800313229701,0.555449548337607,0.03406492179299479,0.6721818500884177,-0.0818470201970416,0.3246411446703262
47.929000,0.04449444857486609,-0.01013335234328883,0.015602407822720307,0.0911706064783223,0.04375509159069172,0.20782148043790089,0.010841262086827778,0.3232193999432962,0.038994009004644586,0.43987025866218515,0.006080117030513581,0.5552681603497737,0.03423292709280096,0.6719190038292342,-0.07546029271679314,0.3286017941672217
47.979000,0.044595902323048386,-0.009988852817374735,0.01549212721561934,0.09124540303233412,0.04383470973917845,0.20785028292509092,0.010693523399349827,0.3231831133193582,0.03903614039873184,0.4397879848322386,0.005894919961544301,0.5551208054285364,0.0342375714305773,0.6717256685630298,-0.07274177405179022,0.330545410434618
48.029000,0.04462355071560033,-0.00994424872239754,0.0154341070280478,0.09127443466090618,0.043851802666358616,0.2078610315510231,0.010600958618384698,0.32316229506947103,0.03901866158016448,0.4397488901745101,0.005767810291887318,0.5550501516049825,0.034185520570797615,0.6716367449264883,-0.06906664177826402,0.3323928407990579
48.079000,0.04461780617364932,-0.009999582052140635,0.015456752222450833,0.09124740589384868,0.043835918895474245,0.2078433873809681,0.01061935275372114,0.3231545305274589,0.03899849796335097,0.43975051723871184,0.00578195305293383,0.5550616665011064,0.03416107679260198,0.6716576584380873,-0.0699144977029296,0.332257951518406
48.129000,0.044605724397178775,-0.010141755525110735,0.015575062151336423,0.09112319318325138,0.04380497958119329,0.20775540040419713,0.010736802542636752,0.32310918520268594,0.038966670591727016,0.43974140437585063,0.005898542398729355,0.555095203176761,0.03412836106029023,0.6717274343037591,-0.0610930126795668,0.3357481559385199
48.179000,0.04453574595620276,-0.010495728688092155,0.015779287030369956,0.09090699587674149,0.04373322838239267,0.20760565552025584,0.010942137650339759,0.32303851205790446,0.038896001413405865,0.43973719028701336,0.006104987436343121,0.555170068628477,0.03405877360280259,0.6718687654449581,-0.06149326137431832,0.33568793298252153
48.229000,0.04427148013901022,-0.010757068802707685,0.01584251588224324,0.09067613777806156,0.04347643682137426,0.20745099127049665,0.011085115254573806,0.322996663055954,0.03871893226565871,0.4397715411421579,0.006327713542002476,0.5553172417579441,0.033961426617599655,0.6720921444395798,-0.056631463415203656,0.33725050053438166
48.279000,0.044102148790420105,-0.011245810635893142,0.0161041465833404,0.0903640440866092,0.043232276827489216,0.20725743372779215,0.011344161902762058,0.3229429908247282,0.038472161039857435,0.43983641089261194,0.00658417587671678,0.5555220037575684,0.033712043900004963,0.6724154542535652,-0.051467591242789275,0.3386332832589192
48.329000,0.04406558953368724,-0.011680745594936044,0.01660224822104461,0.09002356119350549,0.04310201403814775,0.207061001231844,0.011833074746800877,0.32291545042738856,0.03833268246146773,0.43995292626337096,0.00706389968309324,0.5558074177014167,0.03356334928911926,0.6728449293362234,-0.04077613568060683,0.34083323425892426
48.379000,0.043524316183004744,-0.012487469831551211,0.016778242996919338,0.08952701657977788,0.04256113191391787,0.20672446808239547,0.012074868178125739,0.3227873291670331,0.03785757223557462,0.43998482133773054,0.007371491579699886,0.5560477305118662,0.033154010771393294,0.6732452633517032,-0.03965947774434302,0.340754858311513
48.429000,0.043508759084057505,-0.012966042394399418,0.017460841939761416,0.08910677832514026,0.04238837070753037,0.20648913775786912,0.012719350049825346,0.3227635941668822,0.03764666846046748,0.44014599827123163,0.007977856186080462,0.5564205078519047,0.03290496423361045,0.6738029566287516,-0.03931970429699824,0.3407417071252512
48.479000,0.043595100378627925,-0.013549364200211297,0.018347519260516455,0.0888366949019083,0.042264732021626485,0.20642907107374486,0.01351562081287077,0.32293438685249387,0.03743259801011827,0.4405268109356178,0.00868372019738544,0.5570321843074412,0.03260046182540027,0.6746246563024533,-0.021695070182740438,0.34265064745466645
48.529000,0.04336933979428354,-0.014130011100214189,0.01905439177483453,0.08836939065311031,0.041937696920316445,0.20616732928370562,0.014240263589155297,0.3229271348113253,0.03712330933539726,0.4407251238322511,0.009426133130325316,0.5574849903543008,0.03230891947174371,0.6752830297660488,-0.015557129676602215,0.34275434114617187
48.579000,0.04333461154431817,-0.014894618542776617,0.019996914940853722,0.08796168027291006,0.04166744871165125,0.20598874480883556,0.01509738596297611,0.3230102460939356,0.03676763696905263,0.44103736254694614,0.01019785459106335,0.5580589274906503,0.03186782282709196,0.6760860958610235,-0.008119640762082367,0.34251209095432716
48.629000,0.043191483210198285,-0.015393407968401147,0.02096132575839363,0.08757671442849697,0.041398437461454995,0.2058235937190049,0.016068692235212054,0.32311981700358644,0.03650549929827268,0.4413667489459193,0.011176056279653075,0.5586630374908664,0.03161255869694797,0.6769100220852126,-0.0015616050090526135,0.3424057835073342
48.679000,0.042660490367218834,-0.016279551593499263,0.021727255051139857,0.08709053097679299,0.0407978447415018,0.20556547604467182,0.016820564600486417,0.32314561908334793,0.035890828493212686,0.4416206165935266,0.011913871705083273,0.559200825570788,0.03098380979545578,0.6776758755231066,0.0007930279637067966,0.3422655211962889
48.729000,0.04188416147700411,-0.016981984535360557,0.02217996162280871,0.08650281219421149,0.0399561205742589,0.2051788762211785,0.017511231915890383,0.3230611351625197,0.035287045569659135,0.4417372509101565,0.012842499913599752,0.5596195751589302,0.030617968265390733,0.6782957426268531,0.013137947398571891,0.34130617818371445
48.779000,0.040697981951541666,-0.017931375761011042,0.02263130376390613,0.08599552231674495,0.039017514626963755,0.20487147486168467,0.018240966316926167,0.3230591858993082,0.03462681335666972,0.4419351885941561,0.013850626776632673,0.5601229632207375,0.030236109989112116,0.6789990160649033,0.01593952842479665,0.34100493465716775
48.829000,0.04034981466213617,-0.018529021246356813,0.023550471471321537,0.08546684470991983,0.038437773308656026,0.2045397981628518,0.019301904097680546,0.32300421691186026,0.03418882527778188,0.44207721795650284,0.01505333479179551,0.5605416978813339,0.02993987531132581,0.6796147465168686,0.02808894163048,0.3394787436365344
48.879000,0.039861479898118765,-0.019351907794990172,0.024613052135803087,0.08500563361027158,0.03782017850855846,0.2042766351696367,0.020357358102132985,0.3229992105437118,0.03356408816410588,0.44227025598672864,0.01610166226037821,0.5609928893872593,0.029307996008564388,0.6802639787129277,0.03612962318996278,0.33803269001565894
48.929000,0.03952831044957267,-0.019876853738181353,0.02571916532445761,0.08455812990705229,0.03725573491581597,0.20400229076083257,0.021526118231066538,0.3229669038142563,0.03306227769575859,0.44241110427959995,0.01733306950603486,0.5613757713439192,0.02886881884133303,0.680820011419668,0.042196514558831645,0.336670353078685
48.979000,0.039019990018546793,-0.020618475077777944,0.02686806513106952,0.08413259349943589,0.03660064240727646,0.2037372628880624,0.0226617760632088,0.32292496361696404,0.0323939308250329,0.4425296673860546,0.018455485537937754,0.5617174173563373,0.028187217782968104,0.6813221555045856,0.0502489076409202,0.3348626988626727
49.029000,0.038677036930442846,-0.021076740867967576,0.02805262842963576,0.08373013032824478,0.03600867217231114,0.2034660955515837,0.02390689734338354,0.3228543154310589,0.0318625080910245,0.4425903094246447,0.019761165015659596,0.5619785730679876,0.02771634276611752,0.6817145958303901,0.05821195450653088,0.3330398405731811
49.079000,0.03815928385204673,-0.021701395634688345,0.02927092879312193,0.0833592721769543,0.035327763521143696,0.20320631950427662,0.02510512978881624,0.322770100640433,0.031161522678313798,0.4426171702965911,0.02093932975669599,0.562180989120988,0.026995280805838552,0.6820280811044418,0.06385735294115709,0.33187376209527397
49.129000,0.037813580683085136,-0.02206796188427202,0.030516042655976627,0.08302297107293388,0.03471887901737594,0.20294934918266963,0.026406843166493645,0.3226611283024106,0.030609230783163705,0.44258752213762614,0.02229764289094828,0.5622993323599682,0.026499581761303462,0.6822257419190378,0.0739899423534725,0.329058960884887
49.179000,0.03729681795333448,-0.022487219903905366,0.031784905748122295,0.08277157303557926,0.0340241754877258,0.202750678179072,0.027648321116016988,0.32258117713918966,0.02988713701816352,0.4425602907521693,0.023511735939213657,0.5623908138298997,0.02575009800242854,0.6823699359106766,0.07997549153535469,0.3276724868835259
49.229000,0.03695498368473838,-0.02270651709511228,0.033070869415021284,0.0825658527231676,0.033409199059377705,0.20256537577660202,0.028985487738159656,0.32248380963122886,0.029323360375434947,0.4424833339722903,0.024900105770270957,0.5624017846739978,0.025237521399087304,0.6824013103009494,0.0872157461821175,0.3253370095291444
49.279000,0.036448697652313594,-0.02293449589880986,0.03436972128722836,0.08241802108982305,0.0327127849835225,0.20240658121988483,0.030249810709393726,0.3223813025478587,0.028592416177504645,0.4423698563493179,0.026129900096734153,0.5623445870827183,0.02447204733554942,0.6823331345538095,0.09336620804332914,0.3238079347327247
49.329000,0.03611683952726823,-0.023010207665800874,0.03567531423834311,0.08233286627832898,0.03210225024610376,0.2022796595397887,0.03160007717867905,0.3222786087943983,0.02802655559912255,0.44222538842403414,0.027524840336048156,0.5622243395935955,0.023950861168363705,0.6821711055896367,0.10146849952361464,0.3213293979584688
49.379000,0.03574651444629412,-0.02300976337674657,0.03715037271708664,0.08234128972299781,0.031594008858294186,0.20221258147203736,0.03290009967063623,0.3222054732733182,0.02734328065221385,0.4420767439234055,0.02864982710659485,0.5620696307641978,0.023092552929007262,0.6819408803136223,0.10354089013103368,0.3207987314363015
49.429000,0.035729097632959304,-0.023002401275347306,0.038603194512843136,0.08230587038643655,0.03104259064666192,0.20206745343333166,0.03413129897323491,0.32202769616300997,0.0265702443000172,0.4417892507491696,0.02965940419790708,0.5617494818509758,0.0220978987210176,0.6815110079749087,0.10561455095182762,0.3202659736302115
49.479000,0.035007255925615224,-0.02291899942286465,0.03855425459945256,0.08230866129880753,0.02898874360644032,0.2019267873523095,0.0337540733121063,0.3218321093054528,0.02418811752279336,0.4414501997864487,0.028953893116166092,0.5613555040153625,0.019387492531895395,0.6809735589222952,0.10975998628557636,0.319198510058508
49.529000,0.03485325933991144,-0.022823554594094082,0.0418736858822322,0.08237985758531532,0.030478320676016996,0.20183738908727475,0.03702505176145007,0.3216585509858193,0.025629249673762226,0.44111604079543726,0.03217641899465003,0.5609371787357584,0.020780180027708463,0.6803946268516339,0.11389361585673559,0.31813537993850527
49.579000,0.034121801262323,-0.022427106917330644,0.04043965850399617,0.0826091194718708,0.026631581770456537,0.201811779793093,0.03535406288983957,0.32149408705577537,0.02154556183537782,0.4406966982042266,0.030268469000904092,0.5603789743957756,0.016459543631664787,0.6795815363706367,0.11808859547656797,0.3171400806049189
49.629000,0.034927573789105014,-0.02214703422256749,0.04450105891114886,0.08285057744889154,0.029151688176211887,0.20186468974129404,0.03906769824844711,0.3214541682384368,0.023717912148532267,0.4404682269501999,0.03363433960585296,0.5600576708296054,0.018284138149400973,0.6790716759603438,0.12060967760519155,0.3164518170615024
49.679000,0.03693719897638603,-0.02132568249994043,0.046943260463909835,0.08354253461585325,0.028838834997063377,0.2021689641248703,0.04023696313150098,0.3216264154371311,0.022132138778684203,0.44025278406862917,0.033530668604485565,0.5597101970525064,0.015425445374202682,0.6783365048064104,0.12674075915560062,0.31495849061739245
49.729000,0.03700418690137709,-0.021035689285381628,0.04810361209123965,0.08372215723729261,0.028410328758842623,0.20209518875795696,0.041054707246340985,0.32142716139094424,0.021361038104599172,0.43980012872528906,0.03400580553548112,0.5591320601453161,0.014311750592071827,0.6775049632933265,0.1307814177898048,0.31468142026284096
49.779000,0.03684414077222257,-0.02046570653364802,0.04951657337994862,0.08411326240416815,0.027632718354473937,0.20210096044533163,0.04206823327990243,0.3212295292642058,0.020184012832714874,0.43921715952792306,0.03461989671765575,0.5583456836372062,0.012735310857003919,0.6763332461238367,0.13444148531727942,0.3147945066323326
49.829000,0.03655434525511042,-0.019826817200767885,0.05031915874105362,0.08461359880704607,0.027161692009809734,0.20235794784744554,0.042840289376145584,0.3213292955910552,0.019682472166859238,0.4390735757003554,0.03536142366562429,0.5580448767742109,0.012203255987229406,0.6757890879530856,0.13691186406551087,0.3145841780223815
49.879000,0.03576409436057845,-0.01884199024121258,0.05113244990438445,0.0853764915423548,0.026264548501409638,0.20277149773729108,0.04376591566525086,0.32148839686365027,0.018897686884614816,0.4388833337093725,0.03639938511008055,0.5576001840298148,0.011530828962268383,0.6749950515275902,0.14068742366891038,0.3153420392096573
49.929000,0.03536840431929338,-0.01847506137056097,0.05170881938406566,0.08559371731382927,0.02573817627582771,0.20274970604777784,0.04435400446201586,0.3212969579805367,0.018383050783264594,0.43845287786809806,0.03699919322354916,0.557000080452173,0.011027928984828291,0.6741559314948206,0.1437301532038487,0.31557497214488045
49.979000,0.034955697342414195,-0.017535675996001903,0.05257510580518776,0.08632077827730994,0.024995083359202017,0.20310837313493543,0.045086674746127264,0.32141445034409033,0.01750636753836184,0.43820197795330906,0.03759824738428695,0.5565080061739092,0.010017655425093565,0.6732954665364328,0.14689793231438733,0.31488750898933204
50.029000,0.03464849895987721,-0.01678598297319681,0.05308662953153123,0.08693189757593181,0.02451446051134564,0.20348073350953927,0.04551824048118009,0.32162827358962914,0.016945805174645053,0.4381770442423087,0.03794985507826702,0.5563245363343706,0.009377153496015242,0.6728732417080836,0.14351175500318328,0.31906913704941164
50.079000,0.033711841435660105,-0.015653109629704096,0.05341008493644642,0.08783281927427594,0.023657176377901393,0.20408583829875912,0.0460965007572418,0.32196915654777486,0.016343353863599325,0.43822211457433585,0.03878291991473078,0.5561053868203882,0.009029534698351094,0.6723582838516695,0.1464163076153731,0.31858154992206544
50.129000,0.033119247024360754,-0.014947346130338726,0.05358544271836151,0.08838944725074388,0.023133364838732604,0.2044612825632477,0.04644746315867869,0.32217471773327355,0.015995166708465645,0.4382464957023749,0.03930948668338999,0.5559598869716219,0.008856971675590707,0.6720316076002908,0.14720050115388095,0.31953579406196353
50.179000,0.032496515798646625,-0.014275095938537187,0.05394242860572412,0.08886282579567989,0.0224918757708746,0.20466810515021688,0.04692196129481248,0.3221550019570228,0.01547121970670523,0.4379602300495321,0.03990149671639966,0.5554470870388548,0.008450566388858046,0.6712522638727603,0.1439890008100567,0.3230238300465208
50.229000,0.032133592847833924,-0.013879357571249829,0.054151133634370144,0.0891380488106851,0.022129658664125362,0.20478676320358266,0.04721087715503656,0.3221363796452703,0.015189234282051097,0.4377850475481691,0.0402706231361821,0.5551346275778729,0.00824881237458307,0.6707832489944221,0.14345698003916152,0.3249085342087693
50.279000,0.03166890729531582,-0.01336105129944795,0.05441884890808463,0.08949709533933686,0.021644504137859504,0.20493470760190238,0.04755998535530487,0.32210291076841097,0.01478550389871391,0.43754048422372743,0.040701123842197186,0.5547086567064666,0.007926505713657595,0.6701461913584524,0.14329511707228856,0.32661517943675467
50.329000,0.03141299268196727,-0.013070082155066257,0.05456644384990646,0.08969798630773386,0.021396339054521176,0.20502250298941416,0.04777144539958804,0.322088098982799,0.014601225537977408,0.43741258256860305,0.04097644867682095,0.5544781522480619,0.007806113763488623,0.6698026027420371,0.14163843642952412,0.3282394162718707
50.379000,0.031110916929670943,-0.012721811907597339,0.05474054148701529,0.08993781531716358,0.02107301068858273,0.20511809735335496,0.047990504630131374,0.3220601707055351,0.014322890950646816,0.4372404285153219,0.041240469031229396,0.5541824825005148,0.007572772485265188,0.6693627160880917,0.14373988354381986,0.3279479589231341
50.429000,0.030964449924327345,-0.012551370391641073,0.054824587763955185,0.09005492596682965,0.020941614250274923,0.20517201464557988,0.048121668839956985,0.3220533417791383,0.014238634547939624,0.437170412568687,0.041418750837631066,0.5540517253542595,0.007535655781862032,0.669168778258865,0.1410340775452078,0.3297480836340382
50.479000,0.030827655474519856,-0.012392037008570696,0.054902060548657004,0.09016419763063376,0.020783692674934778,0.20521173986267519,0.0482077908387097,0.3220360474356441,0.014089394922823965,0.43708358135152986,0.04151352155202839,0.5539078822423347,0.007395097608565392,0.6689554078463833,0.14232009231627277,0.3295844784312063
50.529000,0.030762122872503125,-0.012346496248486237,0.054900907451198265,0.09019458747748973,0.020761053431187178,0.20523575561955573,0.04825854220908876,0.322042810675781,0.014118682454286189,0.43708397711597824,0.04161617704666608,0.5538910308034198,0.007476311569594354,0.6689321955454642,0.13376188815519893,0.3333336426177796
50.579000,0.030833676213363727,-0.012361795890610403,0.05493875464743621,0.09018748317624924,0.020810363408008972,0.2052320524139354,0.04826817889875947,0.3220484398270063,0.01413981301229774,0.4370930165857393,0.041597602754542544,0.5539094100510208,0.0074692622302838935,0.6689539943335344,0.12462599166722838,0.33665491120653823
50.629000,0.030879529657914483,-0.012445430590292456,0.05488266832078044,0.09012749713723993,0.020925935298532008,0.20522285013836422,0.04826874431984671,0.322066210218531,0.01431205890139128,0.43716157726425414,0.04165481959249452,0.5540049486542848,0.007698181785411054,0.6691003297468214,0.12472512773593399,0.3366408826634087
50.679000,0.03100147036776576,-0.012643800732655718,0.05472451164764958,0.08999428008141921,0.021115589030374922,0.2051916772764337,0.04813931818999202,0.32210924679576497,0.014530476534570982,0.4373066676114271,0.041554123521884485,0.5542242561236141,0.007945362834279521,0.6694217005616014,0.1198410132304587,0.338100707853075
50.729000,0.031134498728325005,-0.012908783299438793,0.0545540271979523,0.08979777899810074,0.02128284471923761,0.20509317530728852,0.04796636411977965,0.3220888580778365,0.01469528484001461,0.43738428416744446,0.04137869951985716,0.5543799908218744,0.008107723444740075,0.6696754466934466,0.11463977616619683,0.3394529536104061
50.779000,0.03151514841524917,-0.013323598002431136,0.05438606005591089,0.08950789132647065,0.021700064939216786,0.2049705507586827,0.04775236513634521,0.322108408235783,0.015066505514292922,0.4375711060247011,0.04111866825485853,0.554708994073043,0.008432944131563268,0.6701717302196604,0.10902927850587356,0.3405907404428162
50.829000,0.03182965830292408,-0.013659679611335901,0.05421526833507401,0.08927845874986959,0.022022167205092518,0.2048795151447517,0.047521957953843355,0.32213888863677687,0.015329013696694115,0.4377399887181947,0.04082864532936855,0.5549993968122587,0.00863585794865777,0.6706005405809877,0.10298977339629403,0.3415334727393045
50.879000,0.03239361567336599,-0.014345417734015785,0.05392087889744326,0.08877560016799321,0.022504078700554403,0.2045900408279682,0.047026248178828896,0.3220577521535551,0.015609635804957302,0.43787224376381945,0.040131614790331185,0.5553399948559105,0.008715190242654356,0.6711545374169992,0.09105536163470285,0.34275578401336326
50.929000,0.03280280341508761,-0.014776882564437894,0.05368803304112087,0.08847674072961208,0.022940486876679468,0.20447065610820095,0.04672989240808653,0.32208895478048905,0.01598255444095938,0.43808292534760496,0.03977174886927371,0.5557012667172793,0.009024619102936851,0.6716952924734436,0.08969046641621103,0.3426964112163731
50.979000,0.03359980997803413,-0.01566227896143736,0.0534204697068608,0.08779911302154451,0.023737447711188346,0.20406999588084296,0.04632142604381611,0.3219256869503747,0.016638641593330655,0.4381966304527922,0.039222379150303514,0.5560523676604623,0.009539832249129552,0.6723233718065351,0.08231809102982832,0.34297963445142104
51.029000,0.03418618474842014,-0.016474427492168483,0.05324185332631443,0.0871299526412891,0.02443135049382681,0.20362010207771322,0.046147415886352655,0.3216387975940822,0.01733716974242848,0.43812901051477315,0.03905297508323342,0.5561477538817418,0.010242985632200212,0.67263803028717,0.07536489775893107,0.34292986420530175
51.079000,0.03511694458804927,-0.017654518335703227,0.05293422081580765,0.08617175717403823,0.02545809601869098,0.20298383944326187,0.045752265443974094,0.3212553351103616,0.018276424688792228,0.43806748419056013,0.03857030652712823,0.5563390292042552,0.011094749818304928,0.6731512450957401,0.0688986122254921,0.342814827019656
51.129000,0.03591975655013799,-0.018492213806658928,0.05280017030380682,0.08549037527302812,0.02631556241813117,0.20253124653213894,0.045545251108778724,0.3209804722483652,0.01906094484778059,0.4380214117602444,0.038290328287722414,0.5564706870321194,0.011806323655589018,0.6735116947968978,0.06217308619766826,0.34214732759823846
51.179000,0.03650549848485308,-0.01961202321109281,0.051947422343340044,0.0845922024937209,0.02703964912234766,0.20197875546432567,0.044641978562723346,0.3206807267408825,0.01973453187558644,0.4380673489968997,0.03733653112678172,0.5567693692367819,0.01242941097742414,0.6741560607780946,0.05534299805468526,0.34115480363047623
51.229000,0.03696763706549422,-0.020144979019100232,0.0515102371905545,0.08419039833154443,0.027823542699669426,0.20182942461149736,0.0443893619350466,0.32068048111946784,0.02070300933972889,0.4383195762397985,0.03726848315999856,0.5571706808922584,0.013582472465049174,0.6748098448528997,0.048712357845226074,0.3400501492186378
51.279000,0.03751271316273169,-0.021139560767021386,0.050519392405282755,0.08339822286147872,0.028709530395414695,0.2013996208152712,0.04352589266990841,0.3204814221487724,0.021716394717215,0.438482887389634,0.03653238960438359,0.5575647344335218,0.014723255714315805,0.6755662669612984,0.04215351233151499,0.33864476872663407
51.329000,0.03818161616757125,-0.021698906156348056,0.050016260126478015,0.08297824289068975,0.0294798402208735,0.20120791537081809,0.04295748729727265,0.3204486509827758,0.022421445136247383,0.4386783890762791,0.03589871124038145,0.5579191677484897,0.015363046829274807,0.6761489714550523,0.03573960007905987,0.33720554017130105
51.379000,0.038850256911384724,-0.022577812821552957,0.04889960674786323,0.08228551917344011,0.0303066660560758,0.20083636293422227,0.04175558297535039,0.32028895730180323,0.02316303876151664,0.4388398632435899,0.034611556192730195,0.5582924958993731,0.0160194084612464,0.676843464021495,0.029046939724772194,0.33558853094754737
51.429000,0.03981990252134329,-0.023083086262841952,0.048672247413094574,0.08188830847143558,0.03142864288115771,0.20064292144603177,0.04151250805199196,0.32021848610376763,0.024269310900466537,0.43897315823077754,0.034352765880864874,0.5585487574793625,0.017109976114120944,0.6773034887579933,0.021475470408671267,0.3337129124092683
51.479000,0.040375918691363526,-0.023693409582845673,0.04744307656454701,0.0814132682897885,0.03243374569899806,0.2004709013376888,0.04048401035526819,0.320200568667737,0.02547510190730863,0.43925825496812143,0.03352494176540101,0.5589879508595713,0.018516455740491225,0.6780456904116057,0.01526882137477116,0.3319582312717263
51.529000,0.04067475684350018,-0.02407148552205171,0.04652687768709233,0.08110983959858273,0.03312683468272505,0.20035932113825694,0.03979301363240554,0.3201740199786365,0.026393401625316885,0.4394235499486093,0.03305914753840347,0.5592382728812364,0.019659966534663918,0.6784878512806127,0.007249059721760827,0.32976206296521526
51.579000,0.04112778541362282,-0.02452162319052056,0.04512490424952032,0.08074651792237028,0.034089828485092614,0.20023805361788866,0.03864291937384355,0.3201516448549072,0.027608285484340217,0.43964322135687073,0.032160932941202196,0.5595568294300728,0.02112674093309967,0.6790484467374318,-0.00022740737842429776,0.32734622787332235
51.629000,0.04143204289995295,-0.024745552567442364,0.044173928021407884,0.08056275938822909,0.03480368067742303,0.20019636028995128,0.03792689877778479,0.32015570969089446,0.02855709891028807,0.4397893456401671,0.03167986831985889,0.5597487067222213,0.02231051593507858,0.6793823777178477,-0.007419343042527178,0.325060287664579
51.679000,0.04188993436570596,-0.024969593524115766,0.042727860617766754,0.08037107473269951,0.03579389686076567,0.200170574508853,0.03674826228733381,0.3201667793931432,0.029814752421681568,0.43996630543954673,0.030768663215673786,0.5599625139388035,0.02383560724708272,0.6797620662540621,-0.013054401218574152,0.32328115641274957
51.729000,0.04219535583635247,-0.025050659363279174,0.0417542026170263,0.08029241775033152,0.036518705430015244,0.2001781532204232,0.036016037375822506,0.3201771004025852,0.030780996591485824,0.44006285580324295,0.03027787170743227,0.5600618010709038,0.025043287331145612,0.6799475764006215,-0.02216417484999285,0.32052767976326807
51.779000,0.042657677598257726,-0.025059042257653867,0.04029023390949193,0.08025835291289796,0.03752650429347923,0.2002265228523013,0.034829549239766354,0.3201962124969705,0.032066277843597744,0.44016439299159626,0.02936886456797423,0.5601340723344223,0.02660605139655989,0.6801022633826322,-0.029194673938464963,0.31834784979025726
51.829000,0.04296837335026166,-0.024988902040361492,0.039316349567744074,0.08029177633478707,0.03825644875237316,0.20028709545291593,0.03409619718698868,0.320214958382732,0.03303675395447436,0.4402102815417498,0.028876045067212922,0.5601381286063722,0.027817059421711934,0.6801334558045705,-0.03403245151517879,0.31678084276484375
51.879000,0.043537116941672095,-0.024876091841430907,0.037712173811622375,0.08030674770982754,0.03882891071430747,0.2003015513418602,0.03219346354125369,0.32011795606514265,0.033310655216215096,0.4401127554639554,0.026674753950127316,0.559929135038647,0.02779240040114955,0.6799239302024809,-0.0378708735604796,0.3157527565789465
51.929000,0.04421232613655063,-0.02477644158756074,0.036921787233608394,0.08031497611131302,0.039396513952355924,0.2002894555961914,0.03109153163558865,0.3200017242603435,0.033566709595766506,0.43997619443656666,0.025261277024226238,0.5596884318636552,0.02773690622952862,0.679662892729449,-0.042855188255462966,0.3140585694507418
51.979000,0.04559808885660724,-0.02447558536401331,0.03607057056904324,0.08043660340564618,0.04044826304546466,0.20035672602307647,0.029594142985749528,0.31986483485968265,0.03397227973083985,0.4397849412582299,0.02311771693012673,0.5592930098828135,0.02749629794731741,0.6792131000607043,-0.04681705170874678,0.3129462532353876
52.029000,0.046461511336527775,-0.02424337980718291,0.03542782792100194,0.08052050468000223,0.041182090884886155,0.2003824605148867,0.028604059414206167,0.31972144459987073,0.034358759769269255,0.4395833794359339,0.02178029281663144,0.5589223176214007,0.027535430564978248,0.6787842314569414,-0.0506466179985386,0.31194878047735874
52.079000,0.047599470457126564,-0.023633329223450836,0.034348929072416434,0.08087393116969496,0.042053603106215705,0.20062633403079727,0.02696699000643956,0.3196741987960247,0.03467208966702431,0.43942657427223414,0.019585053441982466,0.5584743854151798,0.02729057873173161,0.6782267335048243,-0.05609685781567855,0.3106509927617998
52.129000,0.04788519615022629,-0.023307253932966107,0.033156911575633774,0.08102878223599436,0.042221552825885855,0.20068592058294948,0.025688292755428686,0.3195414991599808,0.03475335048188741,0.43919860595551613,0.018219676717082786,0.5580541269847131,0.02728515092317584,0.6777112022271115,-0.05987532970265886,0.3093871354016184
52.179000,0.04910655519391005,-0.02275300380004106,0.03284169634864523,0.08132111463223712,0.04389241390833167,0.20081119986213058,0.02525545316927909,0.31935513061349136,0.036306571890371904,0.4388451787421951,0.01766921315290245,0.5573890469212205,0.028720733040296133,0.6768790579469237,-0.06362649835193272,0.3081125195678099
52.229000,0.049883814488892,-0.022297865366706564,0.0319298286560644,0.08155402549835963,0.04412798402449823,0.20093241074255638,0.02404491143162571,0.31923989571352795,0.03624345647917887,0.43861824113805736,0.016159997687868084,0.5569256605482705,0.028358932420630038,0.6763039661512252,-0.06754866647467955,0.30673354401494624
52.279000,0.050864020079750445,-0.021692819504320837,0.03160388508898647,0.081862311223382,0.0455899987483636,0.20104446908753998,0.023518989219804057,0.31899729803095733,0.037505473752000876,0.4381794123720767,0.015434097160408278,0.5561321726309174,0.02942095257096781,0.6753142434471777,-0.06798931637723499,0.30805273549905965
52.329000,0.051235231436610434,-0.021149482589529724,0.03075119606962478,0.08218550389065366,0.04601281336248894,0.20121106011745618,0.02268770484376597,0.3189223140447207,0.037949678121146885,0.4379478246261669,0.01462421753370359,0.5556590087886009,0.029886546801098368,0.6746844737229037,-0.07298778748634738,0.30697222846575556
52.379000,0.05188590038952551,-0.02011270852093574,0.029875547022658645,0.08290486713303508,0.046938385906568236,0.20168558744559986,0.021856059040909256,0.31903496695759537,0.038919230764846074,0.43781563945724533,0.013836575058602987,0.555164948682174,0.030900079626359465,0.6739455733674127,-0.07441450677386323,0.30730621679725617
52.429000,0.05207941332951492,-0.019473407112996072,0.029120534885880726,0.08333674128439927,0.0473912016778295,0.20193768021257552,0.02122655670891512,0.31905049481597403,0.039497538971762086,0.4376513851449158,0.013332582480853346,0.554764130149496,0.03160388021669146,0.6733649718780218,-0.07898607467172128,0.3057065315086291
52.479000,0.052340189451006436,-0.018622779861550823,0.02803408201294196,0.0838766760736658,0.047860971573024505,0.20222740243865628,0.020161089099055368,0.3189866268881014,0.03998826846072258,0.437337304703264,0.012288100076894057,0.5540964613232685,0.03211556923985073,0.672447090587923,-0.07676375982202813,0.3093092415732891
52.529000,0.05231434881337724,-0.01816516214009889,0.027248865618919586,0.08415336502902153,0.04811414115302336,0.20232544412085218,0.01956148338003625,0.3188790615426146,0.04042703052317658,0.4370510926769628,0.011874104855097246,0.5536046444709474,0.03273992360673669,0.6717766276472642,-0.07958720671814028,0.3085392077199273
52.579000,0.05245993809392105,-0.01739273737695127,0.026350044099845593,0.0846642650503974,0.04870455745952281,0.202563695636181,0.018962187791937223,0.3188194113948338,0.04131694386553385,0.436718795960191,0.011574334860650563,0.5529744504875412,0.033929333648206314,0.670873789031947,-0.07955164496765091,0.3099392190199571
52.629000,0.052604444071942105,-0.016794910166482248,0.02579743859849874,0.08508120581429535,0.04896183665173249,0.20282419143480412,0.01842539402457761,0.3188738604204522,0.041590014464879976,0.4366168022889852,0.011053352640760163,0.5526664135965608,0.03421819546858007,0.6704093117125934,-0.08506772351497852,0.30864175470400423
52.679000,0.05279542052479248,-0.015966172364958828,0.02506292508877788,0.08566191173911782,0.04931763658207219,0.20318513910450742,0.017726978682864825,0.31895227750524374,0.04198188206979199,0.4364754652670247,0.010391035135410856,0.5522425520834789,0.03464613041669848,0.6697657002411748,-0.08144775067518897,0.31228830877433766
52.729000,0.05290594705180539,-0.015466626396780257,0.02463600244198934,0.08601326871245392,0.04951080534355199,0.20340681274537092,0.017307947752616924,0.31900515167365284,0.04218292131442259,0.43639865954482715,0.009979895663945096,0.5519969516557172,0.034855039886722866,0.6693904233647349,-0.08124064582936957,0.31387539572266154
52.779000,0.05304681006819596,-0.014808820423428381,0.02409027702885324,0.08647729989295826,0.04978036799332616,0.2036951280004484,0.016795432484898613,0.31907274294158344,0.04248566235364096,0.436290540605979,0.009500590112492838,0.5516681164569484,0.03519095888615181,0.668885883677935,-0.07966265052417754,0.3158122413425402
52.829000,0.053124108453642356,-0.014438551300566637,0.023790075361749048,0.08673888451856025,0.04990876573763803,0.20386195659681658,0.016493832373452005,0.31911577314215694,0.042612639679858864,0.43623881914460155,0.009197591242215773,0.5514926023272372,0.03531651547971555,0.6686156222536193,-0.08169493721433839,0.31552329764456766
52.879000,0.053215191578654064,-0.013995809203859549,0.023436245050757358,0.08705157276683002,0.050091502202236286,0.2040536978167133,0.016169789173047858,0.31915937702137004,0.04282513054665397,0.4361614828838566,0.008903334651407267,0.5512671376678034,0.03555876024759541,0.6682692243427257,-0.07564342702388578,0.3197532036608546
52.929000,0.05325938567621482,-0.013779236179406365,0.023265263154172384,0.087204483755829,0.05015425057176023,0.2041531150246762,0.015987447316770348,0.3191862822215101,0.042876496495880226,0.4361348992900477,0.00870963248194901,0.5511680484404272,0.03559874342296089,0.6681166513085327,-0.07377554979913481,0.3217278658702849
52.979000,0.053300818267920554,-0.013576673376776618,0.02310682822869284,0.08734746674459266,0.05024900759308726,0.20423759506752262,0.015854562971100584,0.3192029036573101,0.042996770829229994,0.43609302536392003,0.008602298173804916,0.5510583255668734,0.035744534525963115,0.6679484406570875,-0.07062543798322064,0.32381472105384645
53.029000,0.053323748746621685,-0.013518069092391833,0.023070607922016848,0.087387779260584,0.0502402707094218,0.20427152245098332,0.015778713111563793,0.31921673134081335,0.04294838172549686,0.4361004731768344,0.008486818390611134,0.5510456803466544,0.03565649283004285,0.6679294208285358,-0.06724604469401649,0.32580254453338336
53.079000,0.0533161339902515,-0.013574206866412834,0.023110533853999218,0.08734648133523332,0.05024817675927303,0.20423766294249224,0.01584068094528951,0.3191990661690023,0.04297829627015476,0.4360902541793693,0.00857082758006248,0.5510516655239497,0.03570841532080724,0.66794285993828,-0.06386390180856244,0.3277389462463962
53.129000,0.05328364105955898,-0.013710431469727996,0.023195758980378227,0.08724539559617522,0.050177650402028984,0.20417262739146516,0.0159041871882798,0.3191740609448589,0.04288602844391347,0.43610130431634603,0.008612614575471834,0.5511027525759327,0.035594405659165274,0.6680300075249613,-0.06001827074696283,0.32955841527083896
53.179000,0.0532057150584802,-0.014009560753197405,0.02341656532951244,0.08703481974952304,0.050087490137164445,0.20403337431283455,0.0161543506812273,0.3191356855262224,0.04282519220266216,0.43613425907538206,0.008892134696416094,0.5512365944482036,0.03556289292307209,0.6682351869851008,-0.050568323432456486,0.33287622734375
53.229000,0.05306403557743014,-0.014305014558874935,0.02356146523788414,0.08682472711719565,0.04989393481355307,0.20389992107904462,0.016292633097922053,0.31909954137594315,0.04262499717267483,0.4361747590669336,0.009023799282451887,0.5513744096474656,0.03535605784815836,0.6684496510693261,-0.05062475515075328,0.33288189361041787
53.279000,0.05300702527374464,-0.01479321588392264,0.024040905928809437,0.08649000604843532,0.0497700430764501,0.20369926976753588,0.01677381009838956,0.3190736543126756,0.04250280933977819,0.43628294830411807,0.009506712124597097,0.5516573716763653,0.0352355734520709,0.6688666959416616,-0.04520219617970723,0.3343087622682459
53.329000,0.05288204494109381,-0.015185715097884876,0.02438009986344627,0.086225810550552,0.04958045779101391,0.20354989978564605,0.01709778777397549,0.31906992447586696,0.04229798625124953,0.43639404795960896,0.009815473247375639,0.5519141167996969,0.03501551226699668,0.669238274533441,-0.04473014529954351,0.33429241654878705
53.379000,0.052779955289157444,-0.015747626714064274,0.02499002402281522,0.08586835181222757,0.04928408038491689,0.20338345202077182,0.01764531126698264,0.31913745083233025,0.041939176929934645,0.43665259046421034,0.010300595666136156,0.5524066406213383,0.03459427062328946,0.6699218196776061,-0.04403421610588853,0.33428462735993386
53.429000,0.05263863836964533,-0.01621567905390889,0.0254638555766268,0.08556276995030497,0.04911046898344661,0.20320985947660197,0.01815429972179458,0.3191482723712149,0.041800702633768325,0.43679540420597196,0.010844740822221068,0.5527338724906612,0.034490933233650316,0.670381046634632,-0.028270392368395653,0.33735204629309923
53.479000,0.0525900423155552,-0.01688621342978576,0.02637056886593174,0.08514205976242413,0.04880939601676887,0.2030254724776892,0.018932598631425462,0.31924671398067156,0.04137118546014329,0.43713017244042823,0.01149462502421874,0.5533514748553383,0.033932971524803276,0.6712349790602238,-0.02202164964796626,0.3380488286252884
53.529000,0.052635441866392345,-0.01742786468486628,0.02707503640931087,0.08476995078700511,0.04852294811909828,0.2028376732221253,0.019413804065128375,0.3192535558161856,0.04086145596107083,0.43732132544819824,0.011752568102574565,0.5537372721022132,0.03319996017916371,0.6718050889315279,-0.014156794333600536,0.33834695017712946
53.579000,0.052682432272852055,-0.018170394843636636,0.028253093596721648,0.0843021452162615,0.048212708293814674,0.20263056013719835,0.02038862188443847,0.3193602487995268,0.04034794903826549,0.43768871222284833,0.012524146303669097,0.5544184685024999,0.03248318590958177,0.6727469804282719,-0.007734941379039628,0.3386307858348367
53.629000,0.052706643136024814,-0.018662971222584635,0.029171718929531812,0.08401499995341694,0.048160019279431386,0.2025031614173828,0.021331759620036972,0.31946573850724885,0.04031975534082452,0.4379539487891049,0.013491796403331285,0.5549165948565742,0.03247948749015717,0.6734048539562942,-0.001202753763808434,0.3386369284393087
53.679000,0.05177210738647532,-0.019534252949652234,0.029620829813851557,0.08345398805388553,0.04716755377686232,0.20216419181864742,0.021932704897554126,0.31948086753489663,0.03947910031949639,0.4381911198613163,0.01424457613624023,0.5555078654193045,0.03179064301279773,0.6742181663070911,0.006443367209468448,0.33840784128586787
53.729000,0.05127683434430527,-0.020163486617435236,0.030102679587025238,0.08303034741648123,0.04641525250980202,0.20191642719272207,0.02229468499355537,0.3194672596972289,0.0386069135258579,0.4383533867273981,0.014486686544818834,0.5559042891067144,0.030798570682607947,0.6747904633903501,0.010095651217432645,0.3380569481131715
53.779000,0.049427486406568764,-0.021517515952629334,0.030142302100745363,0.08204789145867653,0.04490202576317329,0.20113672618891895,0.022940656770352404,0.31911002088184043,0.037700013608201306,0.43819890107529624,0.015739008012765544,0.5561722634160348,0.030497998022546567,0.6752611890719892,0.020060730399273884,0.33744515179967854
53.829000,0.0487150165541032,-0.022193357362896564,0.030604883256161737,0.08158425287421989,0.0440686344374106,0.2008265582563399,0.02345417007639025,0.3190426478715467,0.03691754067437922,0.43828499622503686,0.016303453630553286,0.5565011516360152,0.029766443642143363,0.6757435429599998,0.028336055276855444,0.33660474100423143
53.879000,0.04654560692334787,-0.02331107781867373,0.03045105355992708,0.08079639078862856,0.04219709195086572,0.200220134583662,0.023865690701011973,0.3188117014341891,0.03561132990343138,0.4382354844911237,0.017280325068301707,0.5568271126171456,0.029025565079037745,0.6762509349349454,0.03608588981923495,0.3354350351738911
53.929000,0.04531719721293614,-0.024017539947506508,0.030575823403561297,0.08029002987223577,0.041042775752951094,0.19983267041730968,0.02425208905466717,0.3186521673029973,0.034718631199537775,0.43819484376417905,0.017928352233885014,0.5570143982668929,0.02839448417182451,0.6765571106429754,0.04389249927709364,0.33382840020096666
53.979000,0.04451310308886447,-0.024936587926682803,0.03170693197051674,0.07962616416033774,0.0401233858351996,0.19933064738606315,0.025536765235577963,0.3184408085792868,0.0339527942683509,0.43814532167429865,0.019366596402452228,0.5572555346361174,0.027782200601506893,0.6769600775990275,0.05480065238895925,0.3311882814298815
54.029000,0.04416690498008722,-0.025400050857860287,0.03265808378914874,0.07931341828397641,0.039577168418393864,0.19911377833306507,0.026468253745756336,0.3183956141510263,0.03338690530795848,0.4381959992111702,0.020278421840733397,0.5574778824172422,0.027196640334164225,0.6772782924869704,0.05948773640864051,0.329951492671639
54.079000,0.043644298968071406,-0.026030204944292857,0.034121334349542384,0.07888249085061037,0.0388427194170828,0.19878957372332293,0.027995816315637415,0.3182983378082527,0.03271675793320486,0.43820543814114815,0.021870296823330877,0.557714242341473,0.026590794989412962,0.6776213601329684,0.06929655695479159,0.32701011120755896
54.129000,0.04329578717579833,-0.026399952125239667,0.035118432956390486,0.07862618930063234,0.038284107569334855,0.198584425800861,0.028969971251066484,0.3182224083341877,0.032135197149325195,0.43818065667507,0.022821508363404634,0.5578186740491426,0.025986285545654696,0.6777769342290341,0.07301801822084614,0.3260561679811642
54.179000,0.04277587375220914,-0.0268211835675483,0.036640768203635155,0.07834401565282713,0.03753403927800804,0.1983406908850504,0.030546231933862033,0.31813706206765796,0.03143904836002394,0.4381337406834811,0.02445169492188902,0.5579301383418857,0.025344056698564807,0.6779268203395954,0.08262910412213677,0.32329535026844963
54.229000,0.04243106161504841,-0.027046560437317554,0.03766878530396782,0.078189740737742,0.03697261200709588,0.19818772131550305,0.03154860887421389,0.31806507609952583,0.030851978742444906,0.4380630540260704,0.025428432002504806,0.5579404294593009,0.024731345034702798,0.6779384047328834,0.08666728453305367,0.32235451924999137
54.279000,0.04192165830941079,-0.027283996360561186,0.03922546978936583,0.07802549380186186,0.036219253373711714,0.19798783232050796,0.033148762866040876,0.31794854292211405,0.03014208825280558,0.43791086995760514,0.02707205595435207,0.5578715922865677,0.024064923142782912,0.6778339078371336,0.09521273563542948,0.31981269892532577
54.329000,0.041587981159778326,-0.02736513823068145,0.0402686373434229,0.07797059838594103,0.03566477643815184,0.19788225113397429,0.03416267446632926,0.31787284947262007,0.02955835629902475,0.437784484663765,0.028056711908166637,0.5577750887297642,0.023451936479313065,0.677686706362293,0.09933825702233533,0.31881955084931807
54.379000,0.04097241818138183,-0.02729866257386232,0.04127015685967401,0.07803571044982535,0.03433519810995767,0.19783515120103984,0.03501399817484792,0.31783322976907047,0.028078585175021827,0.4376326442234089,0.02875784025930627,0.5576307202162807,0.02182197301301486,0.6774301083722261,0.10140995516940879,0.318317362938432
54.429000,0.04029214560273922,-0.027297351716789604,0.041899836931028216,0.07802886567291906,0.033323932270123556,0.19772202956629786,0.03535396656205092,0.31770485680769306,0.026777611424459287,0.4373979884237696,0.028808097302525294,0.5573808080236369,0.020231291691084487,0.6770739073609103,0.10882647550571295,0.3161735148502585
54.479000,0.03978868059708611,-0.027214849293141184,0.044335281704436534,0.07808043528221262,0.033514001386163415,0.1975914565728111,0.0377064753956127,0.3175181622973388,0.02688475192667379,0.4370291434547393,0.031077670652389984,0.5569558336268566,0.02025550403404409,0.6764667746495162,0.11297488800908183,0.31512934222145983
54.529000,0.03927745473498679,-0.02711709506859648,0.042735467907198496,0.07806276068052637,0.030383778347101233,0.19742513773321482,0.03613620035618725,0.31728694528935536,0.023784074864258722,0.4366492772072205,0.029536934648426896,0.5565110637297653,0.017184373229472923,0.6758733505116946,0.11711117288741237,0.3140901355109995
54.579000,0.040517640362305506,-0.026788620782707367,0.04788286180870318,0.0783571351569519,0.03293509111613045,0.19742242528567497,0.040541882178958315,0.3171810309912008,0.025593687651580564,0.43624626790391136,0.03320090503071543,0.5560048465253808,0.01825228667654565,0.6750700302215524,0.12029757774251962,0.31348882181068966
54.629000,0.04106501295106995,-0.02623528050220998,0.04870564303620395,0.07881146453055501,0.03208489138296797,0.19765483790011884,0.04074170794212481,0.31734217209869775,0.024120541528638705,0.43618548746141,0.03277777580660714,0.5558727914463415,0.01615619464164689,0.6747160488019535,0.12666196084124753,0.31188569494333673
54.679000,0.040531493842434194,-0.02516837641410483,0.05000823812526835,0.0797442773415292,0.03122976449417037,0.19826587416220748,0.0420540031993383,0.31777669286022153,0.023275131511384273,0.43629822661237694,0.03409977160419527,0.5558090089555382,0.015320501868076923,0.6743304796391771,0.1297782188521595,0.31155539093246193
54.729000,0.040535180270314955,-0.024264142229495956,0.051165127825783197,0.08054111584334518,0.030881818060997962,0.19881447436905147,0.04300175598691754,0.3182008517338607,0.022718061057447912,0.43647414420503683,0.03483838777991012,0.5558604820991248,0.014554307695028735,0.6741337085160696,0.13544324078696546,0.3098844169712072
54.779000,0.04085986105307597,-0.02327701172241034,0.05311009510804734,0.08135741002398594,0.030677358917783205,0.1992419817421491,0.04459492222452337,0.3184321714738706,0.02216182109664005,0.4363166737459627,0.03607975338533101,0.5555068203919172,0.013646287329473612,0.673391253218603,0.13727676704798494,0.31100667779447355
54.829000,0.03988430745062246,-0.02282209570398984,0.053262320448318676,0.08167065679192143,0.029718035238232767,0.19933826747869127,0.04494257804884334,0.3183685715415574,0.02139794204816921,0.43603611203757536,0.03662283971100767,0.5550663707126116,0.013077852929569044,0.6727338410187554,0.14221628064460398,0.31046236530437316
54.879000,0.03948494941338444,-0.021824554939709164,0.05428413875635274,0.08248083483929529,0.02888666279451926,0.19976241088044389,0.045707070202259364,0.31857770345324415,0.02030926599210967,0.4358592084112989,0.037130005936309454,0.5546744539071847,0.01173187348892165,0.6719558877835827,0.14596778853135023,0.30990506291953396
54.929000,0.03888397939368729,-0.021077363412865268,0.054610308095796554,0.08308565836260122,0.028098787499570066,0.20012043641873548,0.04601677577395708,0.3187751695531134,0.01950494367791205,0.4358098770457364,0.0374232477589936,0.5544645624898831,0.010911104173808549,0.6714991994205424,0.14365734259589313,0.31340050235960165
54.979000,0.03827979782339251,-0.0201121224327359,0.05472599322348152,0.08323025531908435,0.027958660619911396,0.20020679100765937,0.04617344781521584,0.3188163248693032,0.0194058078793006,0.4357927902316645,0.03762090669243662,0.5544022762379455,0.010852959434755213,0.6713786712756643,0.14650356787549884,0.3143640304432269
55.029000,0.03807171349598759,-0.019628904942618305,0.05557774928862478,0.0838803578163597,0.027323834281299822,0.20050675399881868,0.047080672857661106,0.31886919453329166,0.01882647645257769,0.43549552254395996,0.0385836006091752,0.5538579154095566,0.010329122816688064,0.670484175250224,0.14647168822154422,0.31527752562813716
55.079000,0.03716566491193902,-0.01858374712588894,0.05607950684476208,0.08449316063653052,0.02663688859955667,0.20082515201525983,0.04757090673047139,0.3189850727669406,0.018128030485853618,0.4353169988479504,0.039062310664275485,0.5534768731732057,0.009619176431774502,0.6698087339588049,0.14890233486526822,0.3163699851134627
55.129000,0.03669137067025924,-0.01805226320509558,0.056439991989886376,0.08510591265608489,0.025983344800881932,0.20117654908926935,0.04807828219801125,0.31912490109732805,0.01762140147546377,0.4351954762516389,0.039716576177587476,0.5531437838057645,0.00925946193391123,0.6692142976839568,0.14990317662219152,0.3176255418717082
55.179000,0.036063045479443175,-0.017387884760007466,0.056766505446799724,0.08554832917910785,0.025419482423252635,0.20138167561941928,0.048538959660373485,0.3191334899251116,0.017191727636550788,0.4349667798052001,0.04031141732740616,0.5527185523973719,0.008963976316671087,0.6685517857204494,0.14887097667409566,0.31915132616886255
55.229000,0.03569812536222157,-0.016990839135782518,0.05705488987356335,0.08592594398146644,0.024889365063440652,0.2015346764098145,0.04890922766174989,0.3191061278797965,0.0167435195376488,0.4347148093050043,0.0407635685531826,0.5522862226897696,0.00859767712902668,0.6678948531153975,0.14858450122850916,0.3208128153317137
55.279000,0.03523181215749962,-0.01647169779418209,0.057306913265679,0.08626168140175777,0.024458433141327653,0.20167821987662315,0.049263465791177824,0.3190865260361103,0.016414828002615647,0.43450301963835003,0.04122002102811227,0.5519112919149143,0.008371225589579968,0.6673277406483482,0.1475868930942822,0.3225257197472581
55.329000,0.03497535620234527,-0.016180587787320316,0.05751886016130663,0.08654888651781566,0.02407090296028118,0.20179312350638862,0.04953521141866571,0.31906020752716685,0.01608712325063815,0.4343044065043989,0.04155156496519724,0.5515714615887909,0.008103345844568299,0.6668156225587002,0.14696222071630188,0.3240297638928218
55.379000,0.03467288084346567,-0.01583237108043207,0.05769309780479023,0.0867880564893852,0.02377403718528186,0.20189451732755934,0.049780150090367355,0.3190426376350058,0.01586098501200794,0.4341490676916582,0.041867204218961764,0.5512971644007376,0.00794793469623475,0.6664035636800333,0.14476801726741648,0.325782803005896
55.429000,0.034526304740072226,-0.015662025473254085,0.05782589600645665,0.08697264814831546,0.023531498827364484,0.20196784075271373,0.0499509725143497,0.3190234318626761,0.01565649828312641,0.43401860148820415,0.0420760503929626,0.5510741748980833,0.007781499124134308,0.6660693215490169,0.14594884548688333,0.32562688337123746
55.479000,0.03438946419163902,-0.015502798379566177,0.057919969114556685,0.08710474281451999,0.023370933741314284,0.20202368883639427,0.050084214285636905,0.31901257994388516,0.015535128913243462,0.4339315109340882,0.04224846034744918,0.5509203904213553,0.00769932499043614,0.6658393063842323,0.13839504706320374,0.32935203434260724
55.529000,0.034396116655784875,-0.015454496942745524,0.057970939478774505,0.08718122375943209,0.023275580377851067,0.2020560774817462,0.050153394746499574,0.3190072770612798,0.015458013433816264,0.4338821240750301,0.04233585040608796,0.5508333184597792,0.007640446895569281,0.6657081587691666,0.1387810514881321,0.3293128058592746
55.579000,0.03439818266037798,-0.015489091159110603,0.05802088964518434,0.08720677058725028,0.023283487970331244,0.20206891805461347,0.050197491554035134,0.3190117947544689,0.015460094940401951,0.4338739437524809,0.04237409336509094,0.550816821639666,0.007636701823130688,0.665678972171488,0.1298546976451946,0.3327677013869396
55.629000,0.03444890955430109,-0.015555658337613807,0.05797194238535809,0.08717219423124109,0.023330590262168445,0.20206334586214547,0.050170750518626794,0.31902319280718466,0.015529431292931554,0.43391435435715653,0.042369558058371753,0.5508742089877711,0.007728271737523242,0.6657653804590169,0.12554999139052575,0.33428110803423816
55.679000,0.03461629713119758,-0.015754609294753315,0.057889077954996246,0.0871025349637617,0.023448158995110477,0.2020539294798727,0.050096765791683956,0.31905756940531094,0.015655906891842614,0.43400898191616816,0.04230445255841618,0.5510126357644838,0.00786365372314891,0.6659640662714101,0.12063978647826779,0.3357236425015832
55.729000,0.034676550417945505,-0.015997701415624697,0.057756291776849246,0.08696280752311822,0.023644439444604776,0.2020122817916009,0.049973730227104086,0.3190881906771438,0.015861965500692247,0.4341376909204783,0.04219116713796055,0.5512136198539248,0.008079490020563039,0.6662631460729821,0.12050044278066957,0.3357231299059768
55.779000,0.03492212505579863,-0.016570495875123537,0.057555613088761594,0.08672426078350914,0.02387307286560908,0.20190015425557384,0.049774349800900716,0.3190714980453985,0.016091923901968362,0.4342474249508763,0.0419930845366685,0.5514187944494351,0.00831077296532931,0.6665947547891892,0.12036517881645042,0.3357342034195004
55.829000,0.035292113727253764,-0.016956592151161926,0.05728299199723988,0.08629438786657581,0.024185967727838934,0.20163989918847347,0.049554670140427956,0.31892770305234225,0.01645778711609539,0.43427325490274094,0.04182634590968604,0.5515610898305118,0.008729604134250946,0.6669066822103227,0.11966487565484707,0.3357756037321969
55.879000,0.03552566206103863,-0.0175983211329809,0.05710052571722861,0.0859820379718549,0.02464329457950845,0.2015092128981119,0.049339896344332605,0.31894037512126283,0.01688283238111064,0.43446759701487836,0.0415792642210103,0.551898794974311,0.009122367436055143,0.667426063836083,0.09920696748336477,0.33968469394733625
55.929000,0.035924076372930366,-0.01815583724991981,0.05661640377332322,0.08548674655515331,0.025013119460823116,0.20125043870710763,0.04899058952854902,0.3188305430154091,0.017387498344952183,0.43459428789104115,0.04136477225844089,0.5521744321998372,0.009761874207499015,0.667938229799825,0.09830530909790253,0.33961468100048026
55.979000,0.036729050386146836,-0.01907342301970352,0.05641385726936897,0.08500292619820064,0.025598625798892043,0.20097887837616063,0.04861402513531194,0.3187510794940058,0.017799011547192402,0.4347270895638819,0.04081418963120595,0.5524993339193276,0.009999393929520345,0.6684754018817646,0.09673741726925197,0.3393623527269603
56.029000,0.03737386417368116,-0.019797936908178933,0.056149800284249665,0.0843009130795003,0.026309893561946174,0.20053163176704353,0.04829135033276009,0.31850118528820387,0.01845168603825022,0.4347319662139531,0.04043289675801214,0.5527015655819364,0.01059347489553528,0.6689324087464414,0.08051661321203055,0.34026926673172003
56.079000,0.038174294920093145,-0.020973854534885598,0.05600142894995924,0.08358082262244079,0.02715641490263169,0.2000624312349152,0.04796920282648713,0.31824376581501956,0.0191244544374154,0.4347254402136637,0.03993697283179344,0.5529068222599998,0.011092490105267281,0.6693885624452325,0.07817886123805975,0.3399444124102447
56.129000,0.03882180110031587,-0.021831053758370043,0.05561006854319424,0.08272625268462672,0.02793559560578172,0.199491502419512,0.047591608712423836,0.317870728420867,0.019917423573497545,0.4346360463663519,0.039573144907814356,0.553015320814019,0.011899247571379636,0.6697807069703033,0.07546894175195307,0.33954680072884486
56.179000,0.03959323674878562,-0.022773012197287612,0.055151132637639017,0.08191450164006292,0.028688630598468216,0.19896037292917246,0.04697377679461929,0.31755908046254017,0.02051158415957284,0.4346050217033436,0.03879641685091842,0.553203777571394,0.01233453362433231,0.6702497887640121,0.05926315104537785,0.33845967465420823
56.229000,0.04006603661759675,-0.02336604799515026,0.054645966692382,0.08136092665570288,0.02952711987774294,0.19870249445441937,0.04647090324534906,0.31750025623899897,0.021352385952118365,0.43484189457658057,0.03829583571284384,0.5536397039420728,0.013177647946247376,0.6709814128186702,0.051701008310111055,0.337094555295154
56.279000,0.040516443506063204,-0.02420174917504166,0.05393230720055114,0.0808678696082754,0.030380847470974283,0.19853404461669122,0.04593718856533137,0.3175214399460078,0.022386077888860396,0.4351876848185695,0.03794206601341426,0.554175126294415,0.01439130439535324,0.6718414410311071,0.04820168724461035,0.33598762194480325
56.329000,0.040901259614408415,-0.024997359700726716,0.05296373563314409,0.08021684846489573,0.030905534388440677,0.1981720761991395,0.04504225903229205,0.3173364710714313,0.022984424120223855,0.4352917673110721,0.0371207786787452,0.5544562060867901,0.01506331010431649,0.6724115708315862,0.045435068562407664,0.3352784519307845
56.379000,0.04109422167833938,-0.02599974445460413,0.0521559337950194,0.07934757933964995,0.03184609024205605,0.19761638439421303,0.04441429974984364,0.316956403264492,0.024104839590502934,0.4352252741571174,0.036672662235064594,0.5545653337689899,0.01636358547398278,0.6728342704991945,0.031144936502171382,0.3324482099030764
56.429000,0.04130089405562912,-0.026409086008892243,0.05085339945816078,0.07881529529976286,0.03254139221551692,0.19740985837142366,0.04363256651630667,0.3168962000673617,0.025320958360950163,0.4354908247608001,0.036411730574749626,0.5549772037792916,0.01810052151074094,0.6735718900937593,0.022905781386103958,0.3304168713800323
56.479000,0.04211547688082583,-0.02691559593653413,0.04987999886969579,0.0784210835995619,0.03339492253560756,0.19728336633944768,0.042821480134047504,0.3169125434312575,0.026336816524877613,0.4357748834114624,0.035762958737100226,0.5554040932342109,0.019278707858123252,0.6742664904540059,0.018207435270338388,0.3291372469188607
56.529000,0.04280418352560745,-0.0272151675687713,0.04901346087318773,0.07813625174340816,0.03444321164630624,0.19724841668652562,0.042124565051889044,0.3170023177077983,0.0275547406524238,0.4361145346166385,0.03523566694292959,0.5558684630335134,0.020666267377122034,0.674980731907302,0.008968250943944149,0.3260959259923097
56.579000,0.04343078212157981,-0.02765343238449867,0.04826276764472826,0.07785020219971486,0.035534430826729246,0.19717324876591677,0.04139498691517746,0.31703005450644506,0.028667085056464005,0.4363531474694897,0.034527204240607776,0.5562099745722303,0.021799737348089498,0.6755331139312507,0.0012538259797046092,0.32390741654241234
56.629000,0.04373403278519103,-0.027876238508564802,0.04710378628669694,0.07756829963689574,0.036428038041039605,0.19709247459490842,0.04052613684754165,0.31702247745561596,0.029850832053642112,0.43654669202135,0.03394848590354274,0.5564767100857346,0.02327362456825014,0.676000964258143,-0.0061517121697554356,0.3216616287080252
56.679000,0.04419087083766334,-0.028100937074450175,0.04591186087315607,0.07736401918477921,0.03723721137074982,0.19705006873112377,0.03954486549088064,0.3170278780646054,0.03087066596859246,0.43671396022392417,0.03317786901331899,0.5566917782325451,0.024504119477428515,0.6763778930035923,-0.013336847456188593,0.31945671526291297
56.729000,0.04449583458913383,-0.028184147980554228,0.04470336375709812,0.07721763956985475,0.03813640831816054,0.19703781773807044,0.038633432329080016,0.31703678843004135,0.03206693155628208,0.43685699151616864,0.03256350022444419,0.5568559640932607,0.025997454123494124,0.6766761920958818,-0.02043474035266824,0.31720156536100313
56.779000,0.04495781256195658,-0.028196078087290757,0.04348542145800533,0.0771342567699991,0.038959906860007804,0.1970488918969231,0.037634200673168264,0.31704156876974804,0.03310914348612183,0.43695622115824445,0.031782979592789605,0.5569488929733515,0.0272583798219558,0.676863562621872,-0.027381177007682306,0.31504758560653995
56.829000,0.04526837947377549,-0.028127982507416854,0.042266146134814095,0.07712474374735855,0.03987156632637687,0.19710084964991328,0.03671700645776833,0.3170593789508152,0.03432288483173971,0.4370354939972685,0.03116786685035755,0.5569940112502636,0.02877420341156402,0.676970135438961,-0.03216638446858267,0.31349755607341984
56.879000,0.04629338687192265,-0.028039995821603277,0.04095795757220874,0.0771382368959849,0.04053723773474105,0.19713749936102717,0.035482484880559516,0.3170309915658903,0.035062222120007626,0.43703025563258185,0.030007012595227544,0.5569237285831771,0.0295872069162773,0.6769229942497931,-0.03666060255547076,0.3120855064529285
56.929000,0.04718588956570145,-0.027958422877976,0.04012534513280089,0.07711803677563281,0.041311580556937934,0.19711217344994864,0.034081738906565455,0.3168941812370442,0.03526842855179485,0.43688831342016665,0.028038133485216655,0.5566702938389564,0.029225277354774846,0.6766644215291338,-0.03894907500666052,0.31134848125305586
56.979000,0.04820428776987637,-0.0275838626877332,0.039161832132451835,0.0771460057433361,0.04202440493345308,0.19711185787176652,0.032589813902231236,0.31674040162477757,0.035452835949247495,0.43670624303265415,0.02601779693567498,0.5563347514543683,0.028881268231181915,0.6763005821399489,-0.04477523087180464,0.3097394524445207
57.029000,0.04911205693820202,-0.027287300598222614,0.03826182408265463,0.07733480118065805,0.04284906207859229,0.19724709098912807,0.03125758341681445,0.316685935685591,0.03584526367688856,0.43659820857445414,0.024253344497237393,0.5560370105180633,0.028841467022785953,0.6759492664856348,-0.04647751778604224,0.30935113540836034
57.079000,0.05013817010456025,-0.026839879226248062,0.03747574076872759,0.07759141476168221,0.04367477406236241,0.19743119106935816,0.029974164890456557,0.316646514227199,0.03617363191335292,0.43648626809827956,0.022472591272150823,0.55570154166948,0.02867249202555599,0.675541273102327,-0.05222190165551188,0.3076885611904771
57.129000,0.05083605777221499,-0.026516087954695094,0.036694006508228585,0.07770403637175541,0.04460459710167371,0.1974430129815032,0.029025211720617304,0.31642739304050704,0.03693622588493356,0.4361663416661564,0.02135641959718917,0.5551506666123854,0.02926785733494401,0.6748895872522618,-0.0554581751659369,0.3067914374874777
57.179000,0.05273571610004543,-0.025957893028185793,0.03616161480563435,0.07787907905435501,0.04570355562782858,0.19749910814803667,0.028181647264702292,0.31621297727554104,0.03772399949365131,0.43583297355110473,0.020201682833523756,0.5545467824141431,0.029744446471870477,0.6741667458699541,-0.06069953700330852,0.3055305090304546
57.229000,0.053729053120425176,-0.025462119136440815,0.035988039156448756,0.07812157738627543,0.04713463545528123,0.19760276164087157,0.02770923589882304,0.3160200486054466,0.03885622952637568,0.43550119579192614,0.019430436171665788,0.5539184181564063,0.030577827129750487,0.6733995282732675,-0.06517299528405601,0.30455221342003774
57.279000,0.05518094170187493,-0.024654133739909146,0.035563774865188955,0.07843190230863381,0.04832749633160015,0.1977511690408532,0.02721603256343742,0.3158795148931608,0.03998013607451624,0.4351987407569966,0.01886829406369679,0.5533270190105414,0.03163277962167649,0.6726462040045174,-0.06889957459120744,0.3037523097935462
57.329000,0.05536001571871716,-0.024159764969581086,0.035200597394331,0.07892473110618942,0.049462545140598405,0.1980742038135419,0.02663104723009341,0.31588219464125855,0.040893359886956936,0.43503162366899367,0.018061501161901583,0.55283954456933,0.032324178732786105,0.671988929915904,-0.07049875454099896,0.3037640083564309
57.379000,0.05562861153116962,-0.023328150989469297,0.03423130115300341,0.07932049513160289,0.050081460666976746,0.19826910771512632,0.025833384269015904,0.3157937042012712,0.041683890512245296,0.43474227058185677,0.01743547152571593,0.552266796383435,0.03328632449973121,0.6712153165598506,-0.07157780400338788,0.3039508439641878
57.429000,0.05599828234714298,-0.022678658673778673,0.03341103876091334,0.07979388586609529,0.05087950486070992,0.19851563065687797,0.02543655972540151,0.31578735162537075,0.04290535325816243,0.4345090482378985,0.017462084679856688,0.5517806990326339,0.03493120564697702,0.670502347465779,-0.07235604270298321,0.30449328164717016
57.479000,0.056228903575410126,-0.02169906732572436,0.032630464794654895,0.08032655325626466,0.05139602883215519,0.19885019480621524,0.024633455059612126,0.31582781935444926,0.04339932640718516,0.4343514122483243,0.01663644932805934,0.551328967404542,0.03540262798519861,0.669852511641605,-0.07655432653161584,0.3030852003420454
57.529000,0.056575041290680084,-0.021094860420631377,0.03170030201965767,0.08088720965713696,0.05184574925912335,0.1991841282546315,0.023877216913788836,0.3158792917853065,0.044022948602228176,0.43417616194203384,0.016054135651143067,0.5508712582190844,0.03620015178953862,0.6691680799341733,-0.08100673905615206,0.30192165892567613
57.579000,0.05696130360890459,-0.020095213400652973,0.03114569809096436,0.08145303202612383,0.05242549773557699,0.1995511697170917,0.023265932027594124,0.31595443310152804,0.04454599300815045,0.43405252370274605,0.015386169707820807,0.5504557225587832,0.036666492023993885,0.6685537660697126,-0.07552503747891993,0.30697334309365293
57.629000,0.0572018897214901,-0.019512033478510864,0.030527556271697787,0.081997862962329,0.05290981919858665,0.1998920286560656,0.022750012996293603,0.31604014998082014,0.04513251343798646,0.43393427058201106,0.014972473233877737,0.5500823311440208,0.03735521118854633,0.6679764066525178,-0.07648810557369608,0.308148495134829
57.679000,0.05750649384097352,-0.018667398966617156,0.030015990686873013,0.0825199349582237,0.05333287290304662,0.20023281865890497,0.022188325050967406,0.3161207693922207,0.045505419839709335,0.4338336109857598,0.014360662707503975,0.5497215054754502,0.0376779700658922,0.6674343049620268,-0.07575659422245909,0.30987828343746376
57.729000,0.05768670699368599,-0.018263085700172335,0.029468235744253998,0.08296072009712911,0.053694725688399454,0.2004897683420173,0.021737303753433135,0.31615619898364766,0.04596398016063226,0.4336852087923917,0.014006374716363054,0.5493515887321689,0.03823323758253112,0.6668805601053023,-0.07592541016354418,0.3113139647636841
57.779000,0.05808594055079705,-0.017627639261534853,0.02921218482518245,0.08331093811323025,0.05413978872664078,0.2006932816054749,0.021414683528776013,0.31614486232132594,0.04634244783730755,0.4335271717490144,0.013617184868177257,0.5489787077439992,0.0385451095801614,0.6663609831076712,-0.07516843530997276,0.3131653167813022
57.829000,0.05833208315533568,-0.017263993037910468,0.028895905862255832,0.08366272235666185,0.054442332188546015,0.20091194453725966,0.021106316872675807,0.31618861209344745,0.046652877586489,0.4334378049934211,0.01331673014127769,0.5487144343400101,0.03886342523937694,0.6659635979599037,-0.07211875347630162,0.31535029250029256
57.879000,0.05840976730346137,-0.016870575208678823,0.028626200313294298,0.08396507550304463,0.05466439072242594,0.20110607004734254,0.020814047709175214,0.31623275783504773,0.04685234590777651,0.4333737284197662,0.013001896957036893,0.548500385058946,0.03904030294147316,0.6656413316847886,-0.0748290171302403,0.31501718170594023
57.929000,0.058466667866768456,-0.0166488119029124,0.02835972660892147,0.0841574388462488,0.05480239150501122,0.20120779327708316,0.020564408924185852,0.31621979503328124,0.0470071540349989,0.43327013134290243,0.012769092635910279,0.5482821096356214,0.03921191795719557,0.6653324278249318,-0.06852770785263308,0.31914322443528736
57.979000,0.05857455678806639,-0.01651728168265656,0.028204187680630582,0.08430034460987516,0.05490571326823301,0.2012919192263161,0.020367709465279278,0.3162141811832308,0.047069288022852374,0.4332057437100789,0.012531232187394659,0.5481279900294637,0.03923286371023231,0.6651195404677677,-0.06538715068496141,0.3211600141114826
58.029000,0.05867220752193947,-0.016471280196500813,0.028139672801274017,0.08433725246005744,0.054996097499249504,0.2012933657892841,0.020289362178675968,0.3161647831300391,0.047145811626058555,0.43312089077610055,0.012439051999257676,0.547992300773078,0.039295526190214494,0.6649484027373083,-0.06699016400192737,0.3210053314470959
58.079000,0.05865949897552845,-0.016525286818506027,0.0281512933533957,0.08435807214075544,0.05503806754650995,0.2013072122550212,0.02027961019949307,0.31616298983208635,0.0471663805000763,0.4331121308412504,0.012407926977434265,0.5479679095756743,0.0392946933797733,0.6649170514810504,-0.05887770096363511,0.3249698446528746
58.129000,0.058627476325921295,-0.016660026808078123,0.028212678697996107,0.08429693414917905,0.05501887250406588,0.20126457058596428,0.020347516545894354,0.31614667134998287,0.0471536776080265,0.43311431529089317,0.012482353814801742,0.5479964257622703,0.03928848212650591,0.6649640772087835,-0.0545585618011999,0.32677781376353104
58.179000,0.05857023461718987,-0.01699164477007757,0.02837240657886186,0.08414244914193136,0.054985600789815355,0.20115414895726583,0.02051187780727582,0.3160957098642029,0.0471250113279211,0.43310742348295217,0.012651347968759635,0.5480490022723492,0.03926442079182228,0.6650607296961344,-0.05004346368766939,0.3284140028386153
58.229000,0.058336114709299995,-0.01730515896088491,0.028540394360993468,0.08391527185052877,0.054845330759290885,0.2009966551699882,0.02071071983642056,0.31603937913368313,0.04701556735021864,0.43312078242298646,0.012881043774176551,0.5481635323035385,0.039185802395336394,0.6652449555644437,-0.0501835844816852,0.32838870134598364
58.279000,0.058030955834352214,-0.01779823245652027,0.02868980464714565,0.08362269837372106,0.05459245081978735,0.20079373968051423,0.020864295578976594,0.31595628369396256,0.046766826563871426,0.4331273504649017,0.013038784545768928,0.5482899276383169,0.038941200335483594,0.6654610198749263,-0.03994239604768777,0.33136528007713606
58.329000,0.0579512540376699,-0.018261866289256808,0.028881748233382593,0.08332016497865113,0.05426279095382963,0.2006052990341697,0.02111300881094129,0.31593565906082866,0.04649390926498374,0.43322082390336153,0.01334426702825723,0.548551224143614,0.03872502520894443,0.6658364197744847,-0.03434356519255701,0.3325159013316061
58.379000,0.05770903892423054,-0.01887708337585567,0.029336284457646127,0.0829097282266365,0.05407274853723805,0.20033250005843783,0.021616353228381777,0.31585990980685813,0.046352648196209774,0.43328271726388007,0.013896419284525452,0.5488101737599723,0.03863254513334239,0.666233016843487,-0.028153215694314705,0.333494882115585
58.429000,0.05747994302425917,-0.019272877716327463,0.029838307672868953,0.0826465508236793,0.053784058782461286,0.2002331189501917,0.02207825809160483,0.31596877552391467,0.046023814162110724,0.4335553833687188,0.014318205452677549,0.5492910925356105,0.03826356647748797,0.6668777400997155,-0.022617168700749708,0.33434427296971353
58.479000,0.057008748286350934,-0.02001064120064729,0.030376094316140436,0.08231737370823278,0.05342423314519516,0.2000831721683513,0.02259906249734081,0.3160564830803635,0.04564698075368696,0.43382232470891724,0.01482202733492629,0.5497956933592028,0.03786972501285024,0.6675615781568808,-0.01609355958735998,0.3349265702399353
58.529000,0.056653808924223725,-0.02061029124308173,0.030684798977126747,0.08187808616147285,0.05281195004080568,0.19982039911912608,0.02301483690374312,0.31606209580609884,0.045141743100543315,0.43400445470295096,0.01534487131365065,0.5502462132567706,0.03747153263817105,0.668188618093309,-0.00973930537620625,0.3352594940440482
58.579000,0.05626680380017183,-0.021492218919329488,0.031468471792970215,0.08134913974912783,0.05252388622412045,0.19948748881878628,0.023858452923591886,0.3160134212669649,0.04491359859060457,0.43415181823726784,0.01624843039984488,0.5506778159022525,0.037303307297561816,0.6688162607734885,-0.006368872376945556,0.3351766674812957
58.629000,0.05626190580081513,-0.02199818335893517,0.03214964275960346,0.0809049095183624,0.0519442489932368,0.199261039750393,0.024459126704880978,0.3160710053023943,0.04425344096425143,0.434427184365624,0.01676860685102794,0.5512372177242109,0.03656262913082717,0.669593445618787,0.0041294979317046746,0.3354848263037635
58.679000,0.05590137830208158,-0.02290616216746648,0.033109529744576344,0.08048158035285517,0.0516545472131397,0.19903993009569243,0.025396540669349862,0.31613184736737876,0.04394124514883975,0.4346902460678639,0.017683547737047035,0.5517822326623532,0.03622793922268897,0.6703406803203865,0.012778857181981254,0.3350563306046391
58.729000,0.05526652261496467,-0.02353368554802855,0.0340082378725088,0.08001181686484844,0.05115287178490818,0.19878075862997993,0.02632593235172591,0.3161844343747385,0.04347023229865842,0.4349534243482539,0.01864362300479229,0.5523571699059193,0.035787588981933724,0.6711262080874842,0.019828013200962245,0.3345169488996415
58.779000,0.05405454337442736,-0.024558640362287294,0.03441860694705527,0.0794641063869219,0.05022985203478428,0.19841789795648745,0.026985896074306463,0.3161452036731617,0.0427967880343649,0.435099042179648,0.019553181575676176,0.5528264169010504,0.03536372040418236,0.6717803023439066,0.027889495890561326,0.33371527870263634
58.829000,0.05373299682473301,-0.02513211894670331,0.03500749869703102,0.07891925151661308,0.04932260910878872,0.19806234873126066,0.02771749487714009,0.3161014059921404,0.042032234080175764,0.43524454780713884,0.02042748763230849,0.553283672384218,0.03474185562344464,0.6724268587987761,0.03611594883608153,0.3327255855804552
58.879000,0.053237744670742146,-0.02596260460551302,0.03603773513055528,0.07846183315276815,0.048783467417576096,0.1977830228403818,0.028813256512358866,0.3161096499215298,0.04155860129491866,0.43543088100122307,0.021588774679377462,0.5537575729390318,0.03433373195447317,0.6730788454098529,0.044330910509006935,0.33146436611526187
58.929000,0.05290014141783622,-0.02649220893816594,0.037116109841230496,0.07801967782560422,0.04815395783914458,0.1975109574721746,0.02988589875791783,0.3161122981787821,0.04092334423943339,0.43560361500658545,0.02265568469220851,0.5542050172523713,0.03369272765455476,0.673696371260296,0.05084793542700776,0.33014393621790405
58.979000,0.0523852846593511,-0.027240505781083817,0.03823579562965542,0.07759389316542803,0.047580139675478667,0.19722952010971773,0.031070711721989885,0.3160884229678905,0.04041464011617164,0.43572408237663185,0.023905625131480604,0.5545830425951835,0.03324913787147159,0.6742187344671229,0.05916849546031076,0.32849945603632247
59.029000,0.05203798615815016,-0.0277031485198186,0.03939600719221453,0.0771927384805202,0.0469158915247884,0.19695688728818583,0.03221897901206971,0.3160534899374366,0.039738436050657876,0.4358176655737462,0.02504194846636298,0.5549143206597922,0.03256097820869687,0.6746785231233577,0.06747945646486138,0.3267353709741506
59.079000,0.05151370939979333,-0.02833432335466671,0.04058990149191452,0.07681673499285843,0.046316833965575156,0.19667999977586906,0.0334755459641035,0.3159909436262271,0.03920204142719267,0.4358542292883146,0.026361188439021827,0.5551652199578091,0.032087246889524995,0.6750285264974728,0.07380509960121122,0.3252183602209277
59.129000,0.05116364874143857,-0.028705212566623305,0.04181540876750627,0.07647466173613283,0.04562927318828258,0.19641403991602804,0.03468216128143141,0.3159136664464021,0.03849558066313347,0.4358530587769422,0.027548912180443936,0.5553527259276504,0.03136188652137799,0.6752921324072367,0.08190219595919487,0.32324238109198455
59.179000,0.05064032150428941,-0.029125639706745223,0.043065735423160584,0.07618389012216564,0.04501544672583749,0.19616805001769605,0.03599079073970794,0.31582821709234127,0.03794005091584824,0.43581238431771196,0.028915844855298436,0.5554725853244659,0.030864653903412222,0.6754567598780042,0.08980158396223431,0.32121170399254767
59.229000,0.05029409061828965,-0.02934399003042594,0.0443375788394364,0.07597714933867634,0.044316546012008455,0.195977147495427,0.03723651946433116,0.3157681038489188,0.03721503127520985,0.4357681019249926,0.030135459313613444,0.5555590851451022,0.03011351576135411,0.675559083138771,0.09748849479831129,0.31915547138211764
59.279000,0.04978122391234719,-0.02957101471669239,0.045624465625769606,0.07581405148243713,0.04369875177748586,0.1957985989299085,0.03857611117989495,0.3156892097103525,0.03664993964817535,0.43567374981127716,0.031527756393617476,0.555564380132027,0.029601127177158196,0.6755489128846377,0.10495242370870372,0.3171407059124257
59.329000,0.04944499427689001,-0.02964608523910203,0.04692198156815186,0.0757136047686381,0.04300054833272464,0.19564951415936258,0.03984041560084219,0.31560789678065704,0.03591852433512983,0.4355437911947144,0.032758849737432746,0.555502185884026,0.028836500440427366,0.6754380653196324,0.11217386954987679,0.3151846954902208
59.379000,0.047853089501019325,-0.029504420021626596,0.047774102837584445,0.07567448605620156,0.04194663093011759,0.19553290486502675,0.04075326785358701,0.3155269709027967,0.034925339408502315,0.43538536751404944,0.03373243340621357,0.5553794380966344,0.027904048422686862,0.6752378125085315,0.11702340815466196,0.31382280571258137
59.429000,0.04746261604359298,-0.029359933826386776,0.048374950615270515,0.07584260361038063,0.040539037868730254,0.19558649058126382,0.0412717641776718,0.3155842535225924,0.033435398438370324,0.43532811084924705,0.034168578715133145,0.555325871017712,0.026331759984707066,0.6750696986985243,0.12156856112230477,0.3125952710753314
59.479000,0.046446542820199756,-0.029020492190994847,0.04925052397413198,0.07605712112690656,0.03951625353231636,0.19566165242590766,0.042169018290069596,0.3156323271617544,0.03243430012254157,0.4352368220207593,0.035087513991250166,0.5552074868250945,0.025352348101655646,0.6748119452427129,0.12538642728070729,0.311518725270298
59.529000,0.045993770263581875,-0.02868150803228977,0.05031293443342521,0.07631535581309268,0.03860959117985983,0.1957432912246728,0.043138084039068735,0.3156578139154039,0.03143430040681188,0.4350857061712446,0.03596323545170077,0.5550002121623089,0.02425901144607766,0.6744280612612921,0.1305260474663908,0.3102780564699185
59.579000,0.045664864167655174,-0.027879974183652807,0.0513571723844589,0.0767291982884273,0.03784191778432419,0.1959656771574946,0.04425886325280833,0.31579398270695364,0.03074317716709711,0.43503041266706477,0.03716055627849299,0.5548586949936534,0.02364443871506696,0.674095076044118,0.13195528251636177,0.31016745247125865
59.629000,0.0459841993205423,-0.027296022545727206,0.052930091275887325,0.07737022490262067,0.0375605758707007,0.1963818965605733,0.04570098272515359,0.316105468858992,0.03033104635402897,0.4351170861514131,0.03847187670257716,0.5548406296542935,0.02310151937369646,0.6738521925807258,0.13566497278221945,0.3091899904919292
59.679000,0.04636232158018462,-0.02622962652171715,0.05472504240196825,0.07806214950661639,0.03739871427481026,0.19680472128022075,0.04714869255839237,0.3164079734139337,0.029821956059434145,0.4351504855992298,0.03957234568292945,0.554753704200072,0.022245200820713996,0.6734961567968719,0.13758493980358957,0.30944172487755284
59.729000,0.04647638314959369,-0.02550009259878464,0.0562943652953964,0.07882743641804253,0.03701836028083518,0.19726913359415865,0.04832215728965289,0.31673554800492554,0.02904575841222381,0.43517718108045506,0.04034995269954897,0.5546435579004455,0.02107315996913691,0.673085126875653,0.13821075808675837,0.30984592988497117
59.779000,0.04647892655832475,-0.02432210653316149,0.05774398956624074,0.07968881071002411,0.03673693209220196,0.1978357680689915,0.049609925308502396,0.3171432952473173,0.02860248954546631,0.4352901853441836,0.041475864772831314,0.5545976713038214,0.02046805072982182,0.6727444941389419,0.14391071134577557,0.3089470855999802
59.829000,0.046278711297601915,-0.023654821502200066,0.058960651106456576,0.08040480453878333,0.036219801210221836,0.19823032657459258,0.05057566890125074,0.3173685193015859,0.02783445814440016,0.435193971689101,0.042190690716419746,0.5543321204482232,0.019449119109024332,0.672157503188242,0.14452573535030833,0.31053958925144065
59.879000,0.04515540046685105,-0.022780895774734983,0.06006127123544308,0.08103220484734326,0.03586073556444824,0.1985666001225504,0.05176033905613357,0.3175086137615105,0.02755946077215444,0.4350429384915901,0.04345941097780182,0.5539849057829599,0.01925819009077475,0.6715191599689164,0.15022606806218325,0.31000766820592524
59.929000,0.044428788070877266,-0.02202228355131205,0.06031053425436264,0.08164840153175437,0.03479045661587772,0.19890336150026813,0.052265418779547136,0.3176241503121279,0.026745018434297375,0.4348790400443272,0.044220307335271526,0.5535997807620273,0.018699584292629794,0.6708546002590222,0.15558716380666165,0.30951223911084474
59.979000,0.04323011755925778,-0.021046445603532752,0.06062971312943659,0.08226694154331926,0.03388033775172395,0.19924758488609368,0.05279389770254089,0.3177476998648171,0.026044220225338203,0.43472827412761,0.04495808619379622,0.553228340263081,0.01820810662736328,0.6702088454474177,0.15355702940760488,0.31321621211582584
60.029000,0.04266535876100258,-0.020479397590892616,0.06089574124834017,0.08293189391064094,0.032989065237570274,0.19964186535280143,0.05327654984451957,0.31791450787136016,0.025369593907534994,0.43462441237963745,0.04565736218184377,0.5528970062399561,0.017750126331042677,0.6696068438166052,0.15400402350566442,0.31445706751193
60.079000,0.04189146433601996,-0.01971367961819158,0.06128496543691822,0.08341847200754335,0.03231185698048665,0.19986828517343835,0.0538275251354418,0.31792367905209956,0.024854159402908582,0.4343734282065261,0.04637008837285388,0.5524287745511973,0.017396465377634826,0.6688784596968899,0.1550810807530261,0.31546102445888846
60.129000,0.04142554210923253,-0.019235035253213597,0.061640527391202696,0.08386120297197813,0.03165259510229275,0.20005381855935425,0.05428539138332501,0.31790014447790504,0.024297225894879777,0.4340926998790047,0.04693025868529678,0.5519389803748606,0.016941860011330558,0.6681314755928014,0.15545241435729842,0.31669435001847157
60.179000,0.04080357512929238,-0.018575204976265757,0.06196339601682284,0.0842722230050274,0.03109654691007881,0.2002344480018836,0.05474022304474511,0.31788212787207487,0.02387316504665532,0.4338442972659878,0.047517053099195836,0.551491934546806,0.016649786224110823,0.6674540483411924,0.15546976768569964,0.3181185683067821
60.229000,0.04044114221803723,-0.018179660842226823,0.062249408936024,0.08464455885925037,0.030570894656572895,0.20038768709175758,0.055107078226080665,0.31785247200980626,0.023428380620806002,0.4335955500664812,0.04796475023326478,0.5510602961235037,0.01628586931668769,0.6668033240080088,0.1549192462890969,0.3195886137603345
60.279000,0.03997720330133148,-0.017661483297800498,0.06250000147800025,0.08497650817274441,0.03014243807927245,0.20053163826612158,0.055459037426248164,0.31783069963280397,0.023101316292638337,0.4333857855573946,0.04841807574507702,0.5506848123684783,0.01606019689119664,0.6662398541281422,0.15478095591005758,0.32099145494529363
60.329000,0.03972174519153426,-0.017370527295813606,0.0627111801045843,0.08526103455234343,0.029756435608463347,0.20064727643236735,0.055729562208936184,0.3178027146100115,0.022774686654386738,0.43318891905917506,0.04874794631283336,0.5503443277380531,0.015792939714512136,0.6657304947603812,0.1522653267951773,0.3228087213299092
60.379000,0.03942031769930482,-0.017022195313432565,0.06288505733077739,0.08549828128848368,0.02946049560290372,0.20074930589694245,0.05597374019676139,0.3177836934123487,0.022549073920099125,0.4330346877000066,0.049062424670549165,0.5500690511663986,0.015637653859758315,0.6653200151374044,0.15014980998537353,0.3245085601546311
60.429000,0.03927430143458712,-0.016851676635642233,0.06301778536274358,0.08568158091435306,0.02921858900200346,0.20082329501210358,0.05614417588147648,0.31776350525304653,0.02234490239477118,0.43290519671088,0.04927056759497733,0.549845388918377,0.0154712169969481,0.6649870577405351,0.14737321264249187,0.3262882695909493
60.479000,0.03913820275886219,-0.016692181447136828,0.06311195749106494,0.08581286123392691,0.029058494388932248,0.20087963163594907,0.05627723777588803,0.3177519551708008,0.022223724624651855,0.4328187107610171,0.04944251883614551,0.5496910224591793,0.015388955650431812,0.6647577632418945,0.1437450016203028,0.32806848128530464
60.529000,0.039106272637834644,-0.016660352126822483,0.0631545487110851,0.08588370900280111,0.028952810681307097,0.20090649420383022,0.05633350387768789,0.3177409824018781,0.022131743616218703,0.432763760992367,0.04951245938522236,0.5495982439004157,0.01531067690604871,0.6646210158845185,0.13968790969868128,0.3298256187300062
60.579000,0.03909019777348341,-0.016692456794512648,0.06317238380512699,0.08589924308742969,0.028924480130516655,0.20090829096229984,0.05633682057080909,0.3177353579848139,0.022088921968480352,0.4327444073701303,0.04950125724967271,0.5495714756031772,0.015253363730750428,0.6645805265022525,0.1354217587895985,0.3314569818453541
60.629000,0.039029404616879544,-0.016774139825153425,0.06309026308953145,0.08586169657616782,0.028948408011700837,0.2009022708603612,0.05629678969539714,0.31774432672614483,0.022154967557939633,0.4327849107864094,0.04950331577898949,0.5496269744845497,0.01536152659104522,0.6646675683235878,0.13075390457634556,0.3330121644931682
60.679000,0.03887171422847156,-0.016961637441456713,0.0628429870314473,0.08576966924765327,0.02895801385287626,0.20088616933619216,0.056171958307142215,0.3177596104045164,0.022287045271166296,0.4328761281962365,0.049500928657186936,0.5497495834842658,0.015616075772044217,0.6648661189815578,0.1258867644285203,0.3344028640165233
60.729000,0.03903526716406144,-0.017234133084844665,0.06255349872094014,0.08562459506681042,0.029046085192871836,0.20085155909285016,0.0559897305404276,0.3177876098867094,0.0224824047503134,0.4330145994264625,0.0494259610550153,0.5499506707369621,0.01591872300913451,0.6651776857921824,0.1205853520046481,0.3356650511438946
60.779000,0.03929778514601443,-0.017640717247563956,0.0623658725551948,0.0853606732103908,0.02922569573802159,0.20069379369417245,0.055678133404385294,0.31774193994821254,0.022538071065438155,0.4330750933264614,0.04899039255100275,0.5501232658368613,0.015850444695936612,0.6654564521110795,0.11514976777268082,0.33671700594570836
60.829000,0.03956857928216021,-0.017952792272453836,0.062142590908849646,0.08514840965667761,0.02954640455914555,0.20063645507746142,0.05546157537329631,0.31780472689768635,0.022865529762084894,0.43329281204143405,0.0487805577909209,0.5504611154426926,0.016184652923069653,0.6659492403105925,0.10938837199851026,0.33759305392193395
60.879000,0.03971867193692609,-0.018661990673626023,0.06181468461320993,0.08478871484032904,0.029890393681961065,0.20046429414960418,0.05515042529487595,0.31777555022895004,0.02322630135008207,0.43345117562322594,0.048486163618149204,0.5507624681666023,0.016562206664289543,0.6664381396468559,0.10300832653776015,0.3382393254834264
60.929000,0.040002341704275766,-0.019180863222011072,0.06129534270271595,0.08433048173471464,0.03022121866337122,0.20023733578221012,0.054748763478201276,0.3177039248420638,0.023674832570416394,0.43361083066711886,0.04820218166307356,0.5510774605944602,0.017128443890562846,0.6669844181977258,0.09690366863100523,0.3387098319454034
60.979000,0.04100480556581393,-0.02031435199639216,0.06106119832378705,0.0837214694114045,0.03081613147360065,0.19984741798113687,0.0544176769870791,0.3175035570023333,0.02417282816171828,0.4336295623565322,0.047774152784791024,0.5512857456876101,0.01752952198801444,0.6674118078268175,0.0912863378008533,0.33901557046913955
61.029000,0.04163436499064003,-0.020996779858744714,0.06103360972252491,0.08298828594214022,0.031741956297746884,0.19935838106812187,0.05436077531290365,0.3172073905092495,0.025069363804261897,0.43357754652795877,0.04768793783580573,0.5514266029886491,0.01839676824696095,0.6677968199004726,0.08443584207233273,0.3389475293731657
61.079000,0.04246418162659462,-0.022094578312081187,0.060752176016261414,0.08227549130642847,0.032510121433894174,0.19890476015849023,0.05398220176435182,0.3169680896316263,0.025740412702806508,0.4335974227798661,0.047212224256419945,0.5516608011349091,0.018970700719542696,0.6682901985796182,0.07797037202828555,0.3386739975456121
61.129000,0.043058539705797885,-0.02282759908572207,0.06038904694516501,0.08155537217660046,0.033362597653356765,0.1984723129451532,0.05361433990290851,0.31675108084479653,0.026588179152778866,0.433668088312094,0.046839629510380155,0.5519469061892335,0.019813757305692146,0.6688639803553955,0.07054771778464326,0.3379067346876671
61.179000,0.04326815151692797,-0.02352721202883424,0.059819247204289924,0.08095154177953272,0.03404459799670706,0.19815080559387072,0.052990143217119354,0.3166458110270855,0.027215804038358618,0.4338451430230288,0.046161035811770695,0.5523401985712166,0.02038700666616875,0.669539598748859,0.0644771769448792,0.33699450914980966
61.229000,0.04371698102493869,-0.0242011812769451,0.0587899286760723,0.08052089466153745,0.034500171405623774,0.19803688374882872,0.052135444016920766,0.31673396526125497,0.027846017563122594,0.43425002272561697,0.04548095604146987,0.5529471538809541,0.021191860408754717,0.6704632797223317,0.056857688416267926,0.3356804239956538
61.279000,0.04431381323021623,-0.025131516212372196,0.05828106747044897,0.07989425707571977,0.03542557089322305,0.19769759435916742,0.051598142702095576,0.3166027999666793,0.02874299606220991,0.43440620514233047,0.044915214667411565,0.5533114587893556,0.02206041796910378,0.671114931856954,0.049227824979049886,0.3341132448320213
61.329000,0.044494290780320425,-0.025787854567293055,0.05736053032007618,0.07924692065223522,0.036283639827003,0.1973814401082076,0.051113241099839994,0.3164615934758676,0.030036718807260852,0.4345961786234904,0.0448659489351417,0.5536763782109578,0.023789794847944946,0.6718110290499191,0.04261918415542361,0.3328028115971189
61.379000,0.04490613646419408,-0.02665117879000845,0.056342129438035904,0.07859218959581249,0.036975408652280724,0.19701908741043342,0.05031844711822129,0.3162749607437441,0.03095211101367666,0.43470192146584447,0.04429476210760328,0.5539578381399446,0.02492881069021871,0.6723848617692143,0.03602680656341533,0.33152690679531943
61.429000,0.045190491516173666,-0.02715865172115607,0.05530291775047525,0.07805563855730802,0.03776088044986663,0.19676653497099175,0.04952324347015505,0.3161886720150806,0.031981606107153296,0.4348996275272877,0.043743566796086764,0.5543218041979135,0.026202329377423353,0.673032818808262,0.026888803455206084,0.32919667865263114
61.479000,0.04562750092929389,-0.02782189230199313,0.05422624282705961,0.07757458883952915,0.038499836242040696,0.19653962629138555,0.0486279698364285,0.31611144951865633,0.03290197660484086,0.43507654161242537,0.04302969474022479,0.5546484000297373,0.02730411486919617,0.6736135467648999,0.02078130352028917,0.3274234285530638
61.529000,0.045924542174327405,-0.028190681352935596,0.053113423528406145,0.07716496700734979,0.03933726362396611,0.19637158351116224,0.047780157689376046,0.31607420478488407,0.03400442311052264,0.4352808704408478,0.04244689008355749,0.554983521837586,0.02867158083755974,0.6741902366450031,0.012970145750849982,0.32514498257562036
61.579000,0.04637659044939703,-0.028635946011320083,0.05197128435462694,0.0768276325736846,0.04011747557065923,0.19624072740550386,0.04683449839815164,0.3160525866028926,0.03498112499783593,0.4354657246532454,0.04169771099091597,0.5552776083401214,0.029844772981534946,0.6746907896081276,0.005285465243547158,0.32289004738034466
61.629000,0.04668091352447161,-0.0288595337010662,0.05080222957678966,0.07655748682571016,0.04099317580832743,0.19615590848823627,0.045947834097982976,0.31605357886273827,0.03613922411433438,0.4356520369221491,0.041093437512668536,0.5555497256805393,0.031285271320802485,0.6751482201357484,-0.00048696936186264084,0.3210826439251578
61.679000,0.04713953945685089,-0.029085031254188844,0.04961269950326276,0.07636343946744745,0.041801655227932256,0.19610895123022218,0.04496723719229119,0.31606719017539386,0.037156643155173905,0.43581273130652476,0.04032177408603837,0.5557709821531858,0.032511630293533295,0.6755165526513899,-0.007842212533163279,0.3188526046887655
61.729000,0.0474454676946067,-0.029167473204026857,0.04840611917028549,0.07622789500375451,0.04270094236815469,0.1960921972695101,0.04405642029814837,0.31608454152355536,0.038351698350262885,0.4359488654381268,0.03970672094428384,0.5559412148349514,0.03400245385645759,0.6758055603968857,-0.015033402593797263,0.3166618887810262
61.779000,0.047905952514743375,-0.029178037151856177,0.04718871753928321,0.0761570640318146,0.04352424947307542,0.1961010996225506,0.04305745296049607,0.31610019170668197,0.0393934424297762,0.4360442412749317,0.03892618817561719,0.5560433315775751,0.03526263518572477,0.6759873951217549,-0.021984251796380735,0.31456226054770037
61.829000,0.04821545931827259,-0.029109371755148536,0.0459685709971963,0.07616008848304358,0.04443511685249475,0.19615029024296265,0.04214003239583153,0.3161283406827691,0.04060703649480164,0.4361185482980883,0.03831149384469303,0.5560965899721442,0.03677895619221423,0.6760868034411757,-0.02869360219052211,0.31254644232437034
61.879000,0.049467549430288645,-0.028969469020618158,0.044623665208953965,0.07620609037033113,0.04513947581103859,0.1962049817794442,0.04101965783787789,0.31613424051002154,0.04153592552064428,0.4361331299535203,0.03741565073731066,0.5560623729908527,0.037932375504522574,0.67606126046698,-0.03061423276781801,0.31204496370418927
61.929000,0.05123413883881761,-0.028834495006053555,0.044188943901339935,0.07623457651455451,0.046301084576542445,0.19621598699757548,0.03984220021739746,0.3160420393098692,0.04195479479004986,0.4360234418016662,0.035495457126568854,0.555849469679012,0.037608505598603084,0.6758308641778332,-0.034456480830218406,0.31104706292184414
61.979000,0.053590800391475485,-0.028457033998586647,0.044198873757742035,0.07632369557715463,0.047492408986923786,0.1962784896690247,0.03839710143723069,0.315933307292623,0.04169108571076571,0.435888089054479,0.03259533024523925,0.5555428726298606,0.03588976356235468,0.6754976420600415,-0.039404639656955766,0.30939286764696733
62.029000,0.05472328826740422,-0.028171417096762897,0.04378310517303337,0.07646998782368622,0.048491423697097996,0.19637758448312376,0.03696718313537803,0.31582293549961316,0.04167594381183378,0.4357305147965796,0.03015126280526046,0.5551758233175651,0.034860465633119245,0.6750833852504661,-0.04507029229794798,0.30785340567280944
62.079000,0.056142482108958704,-0.02775038483575076,0.04320677798144246,0.07663946865580046,0.049502773762221626,0.19647418998944532,0.03586717019257325,0.3156969659816119,0.04216359962716272,0.4355316645307348,0.02852756461700698,0.554754391177917,0.03482442770584068,0.6745890669409215,-0.048640610496530456,0.3066693905381376
62.129000,0.05685613496007347,-0.027410654681060877,0.0426699012149334,0.07678451245964688,0.05058293167013115,0.19652332797213942,0.03501212738657922,0.3155088314839504,0.042925581504225374,0.43524761899763337,0.027354356218804724,0.5542330674151015,0.035268234000859836,0.6739718269283396,-0.05192753158412372,0.3055806580128587
62.179000,0.057557469561323384,-0.02681906335296713,0.041905867105469716,0.07699399878324684,0.05148208938782682,0.1966112876346897,0.03411806505375031,0.31534835136702655,0.04369469932734368,0.43496560723484656,0.026330266026982442,0.5537026111594457,0.03590731229381545,0.6733198340420545,-0.055022021085446016,0.30475294067065467
62.229000,0.05800319476707799,-0.026396940115353575,0.04085519189414046,0.07727795718186556,0.05223113717076867,0.19673752301509198,0.03310606339789049,0.3152036850742636,0.044482406282171975,0.4346632130432751,0.02535693820199479,0.5531293114451473,0.03673367869538588,0.6725888015484698,-0.060595431304651906,0.3027679967269493
62.279000,0.05841515027130435,-0.0257283757617336,0.040014660653100914,0.07760563446971866,0.052954621386761824,0.19690591680768985,0.03217026449953929,0.3150922547403816,0.04511060806948153,0.434392495553207,0.02432587191117768,0.5525787667863066,0.03726659831998426,0.6718789660724633,-0.0628470097389498,0.30286441808899706
62.329000,0.05869068375127014,-0.02513432620325241,0.038840309418733704,0.07790409300245049,0.053521162819086615,0.19700267629970453,0.031193972924688024,0.31490728429683623,0.04587519158287581,0.4340058225695039,0.023547640081840876,0.5519103620898563,0.038229224000751315,0.6710088553364445,-0.06287142011090513,0.3035373127878648
62.379000,0.05902315156052452,-0.024095861449726873,0.0378624540290346,0.078447126958791,0.05406250899452044,0.19734859119697123,0.030294134614616674,0.3149711415784241,0.04649453705132037,0.43387255847391837,0.02272581892622296,0.5514950393931268,0.03892656883674864,0.6703964089445461,-0.06973765947629874,0.3014181325376658
62.429000,0.059343309895827985,-0.023503714114897496,0.03698031444054698,0.07904736034289535,0.054698521823478716,0.1977320903070399,0.02949837401011474,0.31505622486628326,0.047216908546610516,0.4337409059898617,0.022016437321617295,0.5510649710827878,0.03973529901323328,0.6697496033646457,-0.06724320329981948,0.3038388173354273
62.479000,0.05939243340064498,-0.022623789152881747,0.03609557598473122,0.0795234997973201,0.05515535783831179,0.1980001839858973,0.028667277300189763,0.31504026930040596,0.04772736606700972,0.43351690411430654,0.021238982329322205,0.5505569208093927,0.04029937800974064,0.6690335062477432,-0.0720596287732256,0.30248633122639
62.529000,0.05970770600732876,-0.02204006512272006,0.03492588023855017,0.08005758496118699,0.05545702134911078,0.19828817422714562,0.027473564373549197,0.31497975973191833,0.04800498624055596,0.43321030024322776,0.020021252159510228,0.5499018192958219,0.04055295478187882,0.6681323110519839,-0.0713703265074685,0.30511907348120987
62.579000,0.060121366330619624,-0.021155640891325787,0.03430022758384279,0.08062218310765401,0.05589783805085814,0.19866261355576875,0.026631243961476522,0.31503901352435554,0.04822911111131098,0.43307939700746373,0.018962263953936506,0.5494557333336603,0.04056038778522007,0.6674960698514353,-0.07283253305657734,0.3061711946592445
62.629000,0.06017329237811741,-0.02058115314078434,0.03356197359355191,0.08109280464915385,0.056202497212689266,0.19893764624200352,0.025891447888776994,0.31504638961930365,0.04853220393411578,0.4328911865578533,0.01822092560409941,0.5489998701511688,0.040861914073705055,0.6668446224353147,-0.07231608682416536,0.30770914436812696
62.679000,0.06022056932429257,-0.01979982703254931,0.032842197342438754,0.08153399624609432,0.05653451684519511,0.1991718897863065,0.02537644795147128,0.3150562059935179,0.049068974359164325,0.43269405786280246,0.017910701639180668,0.5485783192666105,0.04160343495033118,0.6662161294648867,-0.07181624151321067,0.30928182658845
62.729000,0.060251207204112665,-0.01928226745115228,0.03223748111344235,0.08202078539752297,0.05684389344635666,0.1994708789355675,0.02495360038230217,0.31515583564249533,0.049560194041037876,0.4326058911916805,0.017669722369412187,0.5482907986626046,0.04227649735327511,0.6657408162227836,-0.07201134990731022,0.3106906940150151
62.779000,0.06039237753519482,-0.018626847924068757,0.03172726176022203,0.08244571565581071,0.05708961762990081,0.19973489207349968,0.02451226095482268,0.31522825046291,0.04987477145181059,0.43251739344421997,0.01729726250945851,0.5480107088833004,0.04265992763335279,0.665299818428105,-0.07543842767901623,0.3100942609444801
62.829000,0.06046885788616735,-0.018257611805965072,0.031310882688973085,0.08280386199020906,0.057272937938091587,0.1999617541155017,0.02410024064927794,0.3152855251021667,0.050062423929485816,0.43244338885584266,0.01688960060578778,0.5477671235887012,0.04285191191703936,0.6649249589706236,-0.07057227361037849,0.31425777198589183
62.879000,0.06055884183337716,-0.017815999599237027,0.03097728881418888,0.08309607835339829,0.0574400425447844,0.20014189273816752,0.02379065895812997,0.3153274777053767,0.050253513125821755,0.4323732693823929,0.016604030689829928,0.5475588254725116,0.04306698529474038,0.6646045944416565,-0.06812313820342385,0.3163559663032726
62.929000,0.060602332028120195,-0.017599970479938894,0.030721033928051134,0.08332313085056728,0.05755233156873644,0.20028501125147805,0.023536909409268565,0.31536303285123074,0.05036828016753064,0.4323248964787941,0.016352786059501002,0.5474028968115536,0.043184229935517,0.6643647436656802,-0.06602338168230487,0.3183919924468044
62.979000,0.06064277935202197,-0.017398008214022567,0.030549303483230785,0.0834766854187133,0.057637775147597506,0.20037927180108883,0.023377079289920964,0.31538450959201614,0.05046559592550723,0.43228708555372686,0.016204855817786308,0.547292310162312,0.04329341742477459,0.6641948757032975,-0.06287782767848692,0.320414676355739
63.029000,0.06069184243083618,-0.017351289061391082,0.030477754654004482,0.08355937959202955,0.05769758170700592,0.20043145073163984,0.023301746365574007,0.31539634324098237,0.05052159069631938,0.43226841035655705,0.01612573835180474,0.5472332977788216,0.04334559995976827,0.6641053608704806,-0.05929204156746012,0.3224319243100505
63.079000,0.060682584826639664,-0.01740565942581724,0.030479279985955916,0.08356041974097897,0.05770620070988231,0.2004308385297811,0.023295313441590547,0.315391226652661,0.05052222310569533,0.43226164801803313,0.01611134671374584,0.5472220393965087,0.043338245315619944,0.6640924633390111,-0.055479762139186345,0.3243288816720611
63.129000,0.06065896128465519,-0.017529630284407464,0.030556430234094486,0.08348419651432723,0.05768321015260736,0.2003778995579566,0.023376409900527632,0.31536939253228025,0.05050315104841573,0.43226310457315564,0.016196388941062553,0.547254608927649,0.043323091313065734,0.6641483299669776,-0.05151649957372562,0.32615834334436516
63.179000,0.06059936909530246,-0.01782868808279487,0.03071374204952587,0.08334310657070032,0.057608597746077246,0.20029038844189903,0.0235277603698029,0.3153490540161698,0.050422549128295455,0.4322963512813739,0.016341777620418267,0.5473550363661072,0.04323649943303916,0.664302349027073,-0.05197987608875229,0.3261406582231017
63.229000,0.06039607192854781,-0.018107659722811396,0.030878056727304242,0.08311826010740875,0.05745215210526686,0.20013884570622903,0.023722592255436818,0.31530097828709436,0.05029659332145552,0.43232158530308595,0.016567126299547923,0.5474837450720578,0.043141033045035936,0.6645043735070905,-0.042067112516204194,0.3294027879057836
63.279000,0.06030792256436408,-0.01867387943081003,0.031165884956140318,0.08284450656408324,0.0572733786536789,0.1999700749552059,0.024009217993532166,0.31526749736282894,0.05011658974816227,0.4323930929351722,0.01685254914385461,0.5476905499797268,0.04295979894704509,0.6648161727350589,-0.04190783391920757,0.32939740855551947
63.329000,0.06008572495704639,-0.01907692028762075,0.03153250483259404,0.08249309904901443,0.05707966895916905,0.199742160435787,0.024386820418731227,0.3152028794949023,0.04993383592801861,0.43245197326350093,0.017241133752854527,0.5479127337660287,0.04278800063723756,0.6651618599179157,-0.04126320754547225,0.32939179770347365
63.379000,0.059634554473855184,-0.019822325635158553,0.03168302803731519,0.08210068155282316,0.05659265768779126,0.19948684065947897,0.024655571138348542,0.3151588878527151,0.049565025475337796,0.43254508416118426,0.017628111696055757,0.5482171790561741,0.042537390711327394,0.6656034125679294,-0.04056735566789141,0.3293923326401607
63.429000,0.059566832862092196,-0.020372786552517317,0.032237467485894546,0.08164469792836272,0.056366659413215316,0.19919376043717957,0.025225570374216515,0.3150826407201225,0.04935456139704013,0.43263174446824854,0.01821367044506316,0.5485206779799788,0.042342460554982184,0.666069822968782,-0.01891576455343364,0.333747362187782
63.479000,0.05950371402979253,-0.021118347890086715,0.03294507623740255,0.08119501358374223,0.05604698185516352,0.19895027655234396,0.025718199787127395,0.31505438921957096,0.04881987904827458,0.43280969659589075,0.01849132018196223,0.5489138675677693,0.04159277307954294,0.6666692193527194,-0.013358354527012874,0.33433926060996916
63.529000,0.0592407302878467,-0.021596992783334153,0.033695520782606375,0.08079696507554401,0.05580172020033284,0.19874320681794153,0.026477493962573664,0.31510509810699816,0.04858344288877655,0.43305138679776045,0.01925946379382274,0.5494133403687126,0.04136516222242577,0.6673596760084277,-0.006590224399413182,0.33463786417255315
63.579000,0.05884111051778727,-0.022415748335631647,0.034157947323578935,0.08038375925926539,0.05514999232137788,0.1985333849154452,0.026968497046960783,0.3151773016873544,0.047960267848735805,0.43332697606054477,0.01977904329215939,0.5499709582383062,0.040770539892207094,0.6681206813288636,-0.003199801410268849,0.3343379751375404
63.629000,0.058787087227695906,-0.022939277034550502,0.03524474155296456,0.08001057198613404,0.05506493068828622,0.19836242061534143,0.0281079124805194,0.3152953892157008,0.047927805151935385,0.4336472874928514,0.020971079867732167,0.5505803236216509,0.04079067607003628,0.668932271546853,0.007243927576133964,0.33455198026689564
63.679000,0.05826785386685919,-0.02373842361995223,0.03597500207144437,0.07961620072010878,0.05462232508775863,0.19815850253523348,0.028921265942624255,0.31537392625913574,0.04756827228445658,0.4339162778883779,0.021867526282245087,0.5511317702726419,0.040514215944946474,0.6696741717158663,0.0104855185200202,0.33427790391216905
63.729000,0.058283536780960675,-0.024571812355719935,0.03681844397168274,0.0790518054305312,0.053893526699695556,0.19783076631918214,0.029468506056136823,0.31531871619729385,0.046543251456831025,0.43409772557798215,0.02211856448557522,0.5515857448240147,0.039192972554982664,0.6703648026963329,0.02282485694635724,0.3336784923938931
63.779000,0.05617590171054679,-0.02571900674338167,0.03707827010542389,0.07822911530630708,0.052765933919994526,0.19719926788082248,0.029997538358354302,0.31501947057533086,0.04568484546583657,0.433989670185477,0.022916803176207257,0.5518099411481772,0.038603753572408556,0.6707801877934186,0.03118564581426763,0.33294700131409327
63.829000,0.055760510658687326,-0.02636649764273173,0.037699694457104735,0.07769778649884031,0.05200932482046208,0.19684154201647153,0.030972270576032225,0.31498316190002074,0.04528152670493282,0.43412696236407555,0.024244843558063917,0.5522686483270345,0.0385537254491433,0.6714124937367245,0.03795890141252807,0.332139548834483
63.879000,0.05546504090629857,-0.02723772617365564,0.03828931624226166,0.07712507235871777,0.05105393455047725,0.19644424315312597,0.0317867326172852,0.3148873726690392,0.04455096038414737,0.4342065852424353,0.025284146132940857,0.552649777822116,0.0380479833552585,0.6719690321735483,0.04282941759306584,0.3314087665011701
63.929000,0.055401198004043486,-0.02777001495072792,0.03991176310776577,0.07668715051842398,0.05088914987506709,0.19618399974251036,0.03320065617113388,0.3148731617926814,0.04417763787696806,0.4343700482263999,0.026489546504804583,0.5530592702362185,0.03746612314591766,0.6725561938784833,0.051384621117368315,0.32963952393340035
63.979000,0.05428379900246554,-0.02884103277834283,0.04073406058628774,0.07609895788793514,0.04990207115261858,0.1957482269280287,0.03396074278964065,0.314684655534356,0.0431283352367106,0.43433395661170254,0.02718742251175656,0.5532704409262295,0.03635459683651744,0.6729197740395925,0.05903433838212962,0.3278065520697306
64.029000,0.053839151534488996,-0.02935495364326259,0.04177809356165371,0.07552671010854325,0.049252273242055396,0.19529371991461436,0.03519580955412632,0.314467608951758,0.0426695599959838,0.43423464554411634,0.028613523432020064,0.5534085849594101,0.036086844633035,0.6731756483366547,0.06541849934367208,0.32634972430214054
64.079000,0.05253516809860702,-0.030040209151364534,0.04228320817405676,0.0750936492898913,0.048082809157191576,0.19495341991668608,0.03599851586971675,0.3143434104687463,0.04179767830586649,0.4342032023145186,0.02971382185854454,0.5535932370814138,0.03551254574433528,0.6734530501447187,0.07365620262634802,0.32449028325891527
64.129000,0.05176613603492722,-0.030417304273234556,0.04333914306747846,0.07477598144550227,0.0475064659114903,0.1947035988506596,0.037316522112541405,0.31427017044641836,0.04148339904429297,0.4341978033455966,0.031293899825234506,0.5537644128294091,0.03546033084213718,0.6736920612210386,0.07903310808682602,0.3232919344053401
64.179000,0.05084812874004587,-0.030777791490914867,0.044162156948781166,0.07441932966204698,0.04648731010268903,0.19439680113798816,0.038360980244666144,0.3141213297981855,0.04068568160954847,0.4340988100289091,0.03255980259843049,0.5538233692895911,0.03488405217261552,0.6738008582734273,0.08686196314503183,0.3207271422674604
64.229000,0.05004350568500058,-0.030816343880274995,0.04520671917832884,0.07440238852797464,0.045695124874553614,0.1944013946053046,0.039690186473520725,0.3142510534042285,0.0401781363710437,0.4342500613358304,0.03417365321717643,0.5540997429435575,0.0346611473149371,0.6740987527277045,0.09236350171979188,0.3192663829685887
64.279000,0.048807556713439636,-0.03092892110602152,0.045970443467178164,0.07440202855585908,0.0446535273807462,0.19439480222155683,0.04073497279537327,0.3143308056982239,0.0394175988262702,0.4343235743378032,0.035499501923966933,0.5542595927670383,0.03418167007116698,0.6742523563787404,0.09913050810774013,0.3171091491541337
64.329000,0.04838554674805968,-0.030933984389360694,0.04701193110614846,0.07441486101473167,0.04387210068870632,0.1943737767520738,0.042101343155241715,0.31436071111348424,0.03896105472001607,0.43431961486169485,0.037190755324261915,0.5543065559833887,0.03405000887135395,0.6742654477407207,0.10592250006359973,0.3150659271040897
64.379000,0.047155399095923894,-0.03087443407690471,0.04788000028050742,0.07446145468758977,0.04276836874884869,0.1943525353519705,0.04303403673468034,0.31435224125530775,0.03792194908800604,0.43424330247206844,0.038188073617913196,0.5542430073637886,0.033075529858489744,0.6741340491312872,0.10803754510366423,0.3146044765876555
64.429000,0.046338604733262644,-0.030863398236298217,0.049274083496393235,0.07447156787565731,0.0422259771775085,0.1942644052630504,0.04443657716300083,0.31424404161215624,0.03738801842740101,0.4340368523801963,0.039599071551455804,0.5540164803793424,0.03255006040288809,0.6738092645265353,0.11617647198522818,0.3127139875774881
64.479000,0.04594881657980486,-0.030812313069554606,0.04934545418360603,0.07441902996049335,0.04039487418010047,0.19408474361753275,0.04448903107690655,0.31401486524782546,0.03553800415104128,0.4336805454734804,0.03963260897300227,0.5536106518095155,0.03068113512989924,0.6732762986024905,0.11820672047954325,0.3122142095312587
64.529000,0.045568940509292624,-0.030579365001546132,0.05093593231252805,0.0744897927943612,0.040134599629482653,0.1940026732438408,0.046063540144885874,0.3138561102785678,0.035261767660939886,0.4333689509779328,0.04119114925058172,0.5532223661919833,0.030388936968830087,0.6727351671398821,0.12250226653444,0.3111665077767509
64.579000,0.0463895260993355,-0.030187713278858226,0.05278740229639822,0.07469954552815454,0.04010841234497727,0.19402781567361993,0.04775270621789423,0.3137840826912134,0.03507328526799569,0.43311230703919035,0.04271801170334051,0.5528685464438651,0.03003815976084164,0.6721967249934037,0.12824331330885996,0.3096695742343199
64.629000,0.046673748151002226,-0.029821571820831786,0.054824788036834396,0.0749541643617157,0.040035572731042225,0.19403933268324955,0.049204203226891605,0.313688549277819,0.034414567978652,0.43277366544536927,0.043583620419219773,0.552422849705492,0.028793565236290487,0.6715079137185184,0.13336933136950657,0.30838713613948965
64.679000,0.047257577480949366,-0.02896017069851892,0.05653615625468428,0.075413681948379,0.03978216102061183,0.19423835775349327,0.050569170350816255,0.31375254259894836,0.03381476807518653,0.4325771610114502,0.044602186819508415,0.5520913089036353,0.027847377510661506,0.6709158699232783,0.13855445695057914,0.3074283153733399
64.729000,0.04746575649700373,-0.028148623588116702,0.05815504720726309,0.07629544415825815,0.039385035949660335,0.1948183814854199,0.05168056667384272,0.3141868024525421,0.03291016330129242,0.43270967768133695,0.0452060889463402,0.5520780579690199,0.026435293468050076,0.6706008710995762,0.1435947679558071,0.3061133870862929
64.779000,0.04748895493291265,-0.0271444086252287,0.05977731570924031,0.07705256456959533,0.03912112037561663,0.19526136962503146,0.05293443555213169,0.3144636863886835,0.03227786467979771,0.43267242582063536,0.04609155855833239,0.5518746986992087,0.025434612156197682,0.6700833725080036,0.1458082712713046,0.30570097949114655
64.829000,0.047055271852415016,-0.026785011173045173,0.060921060270082136,0.07747849680471967,0.03870358699343467,0.19540382788447222,0.05412309193540925,0.3144090324247329,0.031905260475190024,0.4323342960210745,0.047325126881995506,0.5513394537257508,0.025106937248054663,0.6692646498394113,0.14672931410366202,0.3077011858539162
64.879000,0.046108364140160334,-0.02600110463171305,0.06163665762306092,0.07788541295827901,0.03793510914106199,0.19552144738902566,0.05484959529942558,0.314323384064382,0.0311477071561345,0.43195935005896746,0.04806253633944488,0.5507612378954674,0.02436030854459731,0.6683971354548324,0.15047078963789182,0.3082863774658172
64.929000,0.045957331349242826,-0.025467580013933372,0.062319318539261016,0.07836510934162082,0.037258813389974124,0.19571915067909107,0.0556652260088763,0.3142990980679147,0.030604401194352152,0.43165307114163737,0.049011136812790436,0.5502329683928358,0.02394999234271967,0.66758687320397,0.1536207364143049,0.30930541653454374
64.979000,0.045327125398871,-0.024140686383931305,0.06287749582742261,0.07896787071483503,0.03642185347646344,0.19601529264885456,0.0561387293672782,0.31438439673321555,0.029682788925974292,0.4314317512909684,0.04939996626649188,0.5498008051621156,0.022943727744795417,0.6668480923450533,0.15438553893555865,0.3104088327841802
65.029000,0.04506813488757,-0.023364542758201434,0.06357992399369611,0.08009216305082231,0.0358903302504853,0.19685382770391618,0.05683565702404187,0.3150117442724833,0.02914578722923834,0.43177334346062013,0.050091393350401435,0.5499312105101384,0.022401247513280972,0.6666927442348286,0.15905070742610958,0.30932999973516634
65.079000,0.04452381306937384,-0.02253275201838271,0.06426051366633738,0.08054753838705657,0.03538965660234404,0.19702274438201933,0.05745709821233043,0.31497624377922073,0.0285859885835777,0.43145138717034537,0.05065368595926908,0.5494048387170918,0.021782323775153847,0.6658799195061262,0.15620990178544292,0.3120234208052748
65.129000,0.04427561754885556,-0.022092279727313563,0.06470520910143594,0.08109460872648658,0.0348145154820284,0.19731227703995685,0.057921846376600625,0.3150664755137526,0.02803092395842389,0.431284084980905,0.05113848667199435,0.5490382379637857,0.0212473354659316,0.6652557885869392,0.15571432587339165,0.3134784818054095
65.179000,0.04384614239532216,-0.021395276360585615,0.06509978176827844,0.08141622443829791,0.03430126327748882,0.19739661613690204,0.05833373034121901,0.3149654918083211,0.027535007265579513,0.43094582917935664,0.051567681709902544,0.5485146624595421,0.02076875406013361,0.6644949455054697,0.1558170857064426,0.3153741694092232
65.229000,0.043640526255805445,-0.020964501380670936,0.0656113487195432,0.08185629632481012,0.03399038544973252,0.19761516069242008,0.058855591113987256,0.3150107378878075,0.027234448775359642,0.43076955334040995,0.05209983603501247,0.5481650920724731,0.02047851463739806,0.6639238586124554,0.15568233136050233,0.3170762967431499
65.279000,0.043462099953143485,-0.020440641197978254,0.06597736879396476,0.08221411984265328,0.033619235210245874,0.1977690902653998,0.05919557161915591,0.31501179159538006,0.026837285481757765,0.430566719299368,0.052413776666444145,0.547809386865115,0.02005533798564322,0.6633642718530048,0.1587393424085838,0.31672796485158244
65.329000,0.043345299922525574,-0.020193565300980206,0.06638019485359326,0.08249285098844303,0.033430281612800906,0.19788047257936014,0.059613512176587405,0.31498913337629886,0.026663472709944392,0.4303767189222799,0.05284683137603472,0.5474853510779486,0.019896665693212183,0.6628729005816056,0.1515841348900958,0.3206005195693815
65.379000,0.04303173031482413,-0.019767364602426035,0.06661248524832472,0.0827376420977978,0.03317831981283277,0.19798588105020723,0.05985668803879264,0.31498273856697917,0.026422423628965564,0.4302309488063286,0.05310089232546518,0.5472277834131231,0.019666528950797534,0.6624759649420748,0.149909784975417,0.3223092885780938
65.429000,0.04288190856655997,-0.01953821506473464,0.06672313619122118,0.08300771375520793,0.03295563038735254,0.19815872569946183,0.06003700595973607,0.3150629561494653,0.026269428118603978,0.43021394696909776,0.053350876818386885,0.5471181604787955,0.019583226951528195,0.6622691301771406,0.14778609559459938,0.3239784091981465
65.479000,0.04274501125377859,-0.019378404514878194,0.06680765497981231,0.08312715873715266,0.03280090792929824,0.1982077442198584,0.06014633172239218,0.3150504923798367,0.02613954036604446,0.43013106476999213,0.05348500913537324,0.5469738024038976,0.019478173485965745,0.662054361705259,0.14526171672990393,0.32566863341816055
65.529000,0.04270680938600037,-0.019334690423364005,0.06683133396777508,0.08319413854379358,0.03271136010620971,0.1982412044936815,0.06021083482770712,0.3150477920221313,0.026090843933550795,0.4300948529205934,0.05359033593987471,0.5469014363797198,0.019470328025506623,0.6619484922304246,0.14139015445781153,0.3272585903577416
65.579000,0.042758288896739924,-0.019362932801500022,0.06689850865604416,0.08320090315561135,0.03276834560621625,0.19824494676563564,0.060280108426701326,0.3150486406561261,0.026149956249687103,0.4300926874917918,0.053661708025743264,0.5468963839836696,0.01953156673140487,0.6619404340479015,0.1430362909073491,0.32725075041698826
65.629000,0.04282099720086016,-0.019438519202497232,0.06686071721813415,0.08315774013246462,0.03284873435593003,0.198236778277593,0.06027479176939596,0.3150606259005815,0.026262847071330375,0.4301396753252377,0.053688865738965835,0.5469635320443533,0.019676959212486696,0.6620425927507252,0.13329379901748373,0.33050392688709396
65.679000,0.04301011350280002,-0.019637728543751898,0.06676879087460347,0.08308407054497574,0.03296580396875278,0.19822467188195636,0.060202413001098465,0.31509283319381626,0.026399490210899306,0.4302334533538556,0.05363603416582832,0.5471016298322582,0.01983317549644336,0.6622422688168328,0.12885640874785784,0.3318595218116683
65.729000,0.04327206269902637,-0.01986589139952098,0.06675890065394449,0.08290242691690419,0.03329187337477384,0.19814112728227903,0.06020955696562143,0.31508315686806887,0.02674262055301431,0.4303218836224028,0.05366021193345269,0.5472639344331214,0.020193366392526738,0.6625026875778228,0.12905922682217474,0.33185214591542606
65.779000,0.043631718882392506,-0.02036329687327318,0.06662357068102687,0.08265490581698536,0.03354624993301006,0.19800606901918694,0.059888971444732764,0.315078956671759,0.02681176960992628,0.43043015397264356,0.053154370435165486,0.5475030687809717,0.02007728751810909,0.6628543001817084,0.11851333640763932,0.33418294925202696
65.829000,0.043805467289440896,-0.020714221260055274,0.06628366865688685,0.08235936751827348,0.03375427277652897,0.19786624351991652,0.05949426257963499,0.3150731243970049,0.026965012412842496,0.4305800414348438,0.052704854361326534,0.5477869547824235,0.020175749913048407,0.6632939128576539,0.11311319081963678,0.33505434235946585
65.879000,0.04419859819256733,-0.02140015316987407,0.06598829065608859,0.08199764615692234,0.03416212161247789,0.19770026048607442,0.059200190590215085,0.31505909100333956,0.027374193939109222,0.43076175275213785,0.05241208805993068,0.5481206205743381,0.020586263805972185,0.663823329743783,0.10730969911356855,0.33572417793561304
65.929000,0.044045914449528656,-0.022155311685066643,0.0654011623542253,0.0813680622103376,0.034433937097557064,0.19730352252878047,0.058806083856828915,0.31480245215021074,0.027839055807317565,0.43073796514397494,0.05221100270134463,0.5482369362221593,0.021244171862691223,0.6641725018918739,0.10594422269942111,0.3356457210424499
65.979000,0.044926730364597156,-0.023195135438172358,0.06505262552683636,0.08062587483976609,0.03501067123232253,0.19680453459346706,0.05844274628976331,0.31449454206436533,0.028401014769167506,0.43067325942363177,0.05183286415743886,0.5483633118250265,0.021791355414774873,0.6645420867904405,0.10533395484452174,0.3356064500623445
66.029000,0.04552927502080758,-0.024002724679131074,0.0648448170792982,0.0798682604672675,0.03577887975279487,0.1962949381669352,0.058170078322852425,0.3141874070750008,0.029104387936806076,0.4306141464231124,0.05149533646096195,0.5485066628218711,0.02242989301946669,0.6649334638188924,0.0886329896656093,0.3363580493170555
66.079000,0.04635300221584254,-0.02524632917823,0.06468971903271238,0.07904715945141275,0.03674284457852604,0.1957475115729577,0.05798623366624679,0.31385220413127685,0.030039629856220076,0.43055262106513564,0.05128274504577945,0.5486573628889543,0.023336411884091163,0.6653578446354643,0.08713215536719295,0.3361586628751202
66.129000,0.04708439110629297,-0.026124727875233168,0.06427279047890483,0.07818088590527926,0.03745813426519729,0.19514658263785517,0.05743054035818387,0.31347283921201896,0.030616177027236076,0.4304386030882581,0.05058828683432577,0.5487649096724303,0.023774216390000002,0.6657307406924468,0.08360488344723696,0.3352058739741179
66.179000,0.047613074172737795,-0.02735889000025631,0.06367034550777545,0.07733962954069175,0.038181449375595373,0.19460137169769315,0.05683171134878855,0.31314321126603084,0.031343129726970065,0.4304050217869333,0.049993073763284955,0.5489469113760426,0.02450480665615999,0.6662087902609046,0.08263355294848634,0.33500276637976184
66.229000,0.04802806523451402,-0.02817083338551126,0.06301318100925213,0.07645292036606023,0.03889207600565069,0.19400364253947752,0.056149123548318323,0.31275630269386767,0.03202835312869548,0.43030709352255975,0.049285062670082286,0.5490598027945532,0.025164626838939334,0.6666106622784514,0.07857886209762643,0.3339667674096021
66.279000,0.048631930519890974,-0.029028587676217965,0.06225804452597834,0.0758264780679133,0.0396281414661143,0.1936733596028146,0.05538159036935738,0.3126348191082054,0.03275204109197784,0.4304817685787054,0.04850513286952024,0.5494432753758545,0.025875937379967528,0.6672902927818773,0.05244979811075118,0.33076406433095457
66.329000,0.04889498411711465,-0.0296379133748302,0.06130602981622776,0.075257299458388,0.04029182621216292,0.19340298599364328,0.054580716220539796,0.31254923067776397,0.03356688397878153,0.43069498326546873,0.04785539948237567,0.5498412728623479,0.02684193860939809,0.6679870915024491,0.0443694753992724,0.3287880707042109
66.379000,0.04930794768615012,-0.03048373890494079,0.06029949770068458,0.07467603697551771,0.04105160797400695,0.19312230640207934,0.053809788860917855,0.3124421656898643,0.034562286974033615,0.4308884981409552,0.047320077163066215,0.5502083992031526,0.028072963123030262,0.6686547946786159,0.03801673495166388,0.32704933757134436
66.429000,0.04959200322240483,-0.030992660963590997,0.05925374850688126,0.07414252703347024,0.04177029788370851,0.1928620660921571,0.05293877087724692,0.31234120741394833,0.03545572277352444,0.431060805749703,0.046623790674598105,0.5505399849373629,0.029141145097685964,0.669259642549875,0.030050509078216537,0.32504054957995
66.479000,0.05002850285631316,-0.03165820210854598,0.058168273418981356,0.07367249485383133,0.04258808854730949,0.1926567704509224,0.05211024007850059,0.31227837648518775,0.03653047105869442,0.4312627065345245,0.0460522045130477,0.5508843458479208,0.030472851352561486,0.6698687303490005,0.02380092793319,0.32329561697402753
66.529000,0.050325194441602536,-0.032028586774646,0.05704999249121805,0.07326835482151545,0.04335285215887151,0.19248407671555096,0.05118269543809817,0.3122283607303745,0.03748598240328743,0.43144413171744683,0.045315396493169846,0.5511884437953454,0.03161911076334085,0.670404263874758,0.016085451790420112,0.32106834188514144
66.579000,0.05077612345487943,-0.03247379956675367,0.05590093679461142,0.0729451201695896,0.04421446597717729,0.1923747077927296,0.05030953963322249,0.3122198164836035,0.03862350598649163,0.43164944688413476,0.04471814095367183,0.5514945778850093,0.03303254448499189,0.6709242510620355,0.008483084931282081,0.3188053894569279
66.629000,0.05107999452515656,-0.0326971940113741,0.05472738535140644,0.07268010610483944,0.04501249167159926,0.1922862131428583,0.049340486777525075,0.3122081396549148,0.03962603820341762,0.43181428284539236,0.04395358703217919,0.5517362254628078,0.0342395835707219,0.6713424048046411,0.00278002992777137,0.31699817478758907
66.679000,0.05153715930289506,-0.032920590475355956,0.053532755738184626,0.07250111749140148,0.045903452583276536,0.19225834580506326,0.04843711659664164,0.31223159510117665,0.04080826471441766,0.43198885216294747,0.043341476645336455,0.5519621110055455,0.03571307604205491,0.671719396814117,-0.004553533522967362,0.31474390365728044
66.729000,0.051842625641441174,-0.0330028434429124,0.0523232710815183,0.07237294539772174,0.04672176182870718,0.19224213699460652,0.047443091238190085,0.31223996899120143,0.041842037478931365,0.43210918187251596,0.042562910909909095,0.5521070166092166,0.03696231264990856,0.6719762507734928,-0.008289665821595224,0.3137737101077174
66.779000,0.0523034077317985,-0.033013638422176826,0.051104267822499556,0.07231620559976931,0.04762823734732484,0.1922658500850101,0.04652529553124778,0.31226078130858453,0.043049722847542604,0.4322104390593271,0.04194632307085327,0.5522053660726504,0.038471208183846944,0.6721550370872974,-0.014772165467452497,0.31145276355966944
66.829000,0.05261319894430003,-0.03294524658280559,0.049884770647677365,0.07232557365559114,0.048457421907921336,0.192317084503547,0.0455258897144143,0.3122812713219407,0.044098999160336314,0.43227278761933013,0.04116700888922706,0.552236963242931,0.03974057652562253,0.6722284849880611,-0.019476938388409477,0.30998073585471
66.879000,0.053112550546462384,-0.03278680163192538,0.04859420170026881,0.07244266609350047,0.04917408305672592,0.19244126499201084,0.0442967032381896,0.31234210388025807,0.04487704114683988,0.4323407005716565,0.03999920515185006,0.5522415209024852,0.04057999961730946,0.6722401153850126,-0.023910212621758416,0.3086279749372876
66.929000,0.05355692342296782,-0.03262692164878578,0.04737202527786258,0.07246231524668903,0.04968003300165022,0.19244011746201914,0.04268213418901145,0.3122358995118947,0.04499059504653445,0.4322136930094103,0.03799224378700882,0.552009448628617,0.0403011577819698,0.6719872334065349,-0.029980640735728287,0.30691070040791874
66.979000,0.05313311162554182,-0.03241831519107802,0.045592756824885845,0.07253095841403087,0.04996185324894925,0.19245139451966212,0.04113520954710177,0.31212633074261154,0.04550475360433329,0.4320467505386553,0.036677663184751935,0.5517216538130294,0.04104765487720346,0.671642057297738,-0.03189644385332921,0.30640134433198873
67.029000,0.052832241503878274,-0.032152820075896135,0.043682577058337356,0.07265022268633611,0.050032634015150575,0.19248209147121786,0.03943070818001308,0.312012837174922,0.045781205592936386,0.4318446826186116,0.03517884041050755,0.5513753893530559,0.04152977827996465,0.6712072114539075,-0.037410732858120285,0.30501911707223883
67.079000,0.053531713490445096,-0.031848971744223235,0.04200464151410401,0.07273700173187356,0.05018747155019271,0.19245768203440222,0.03765702492614031,0.31180167185793894,0.045840286197342865,0.4315223226850498,0.033309409696486464,0.5508662673731608,0.041493102202678635,0.6705868887233019,-0.043463331492635024,0.3035269123168032
67.129000,0.053915235475210405,-0.031579571205626766,0.041268222648555265,0.0728900985531708,0.05104806216251543,0.19249091264281415,0.03661646783585172,0.31161995646988727,0.04639672829482996,0.4312207361378241,0.031964714676735756,0.550349729170121,0.04174539608387622,0.6699504744146029,-0.04890479189303671,0.3023179718530878
67.179000,0.05393844931465304,-0.030849233748990568,0.039735927656559256,0.07315444824498894,0.05141125537672306,0.1925851254419615,0.03526161908466009,0.3114934481276122,0.04693735481571194,0.4309240854374573,0.030787312290881122,0.5498323529495358,0.042463456034895215,0.6692629503706437,-0.05193493803488475,0.3019941560845383
67.229000,0.05450644099263041,-0.030451821821235403,0.038664658405822186,0.07347923894101248,0.052028945874733605,0.1927327328733765,0.034156618567241066,0.31139435225067896,0.04752129991300202,0.4306478020420963,0.029648580674398975,0.5493093623876766,0.04301365589978048,0.6685627680365197,-0.05504804558273968,0.3018190183373629
67.279000,0.05561898825523696,-0.029864384537114215,0.03784210578624786,0.07376625214379316,0.052759187337052295,0.19283547850189647,0.03320081448228296,0.3112308755403007,0.04811827449783069,0.4303000544834454,0.028559525313287485,0.5486953893532923,0.04347736379617497,0.6677645208799309,-0.05912300904488649,0.3010843479270924
67.329000,0.05578135945820305,-0.0291976285640504,0.03708993138989301,0.07412025129088716,0.053406592733944366,0.19300576999021551,0.032165316144879,0.311110842547209,0.04848233925036554,0.42999631159536306,0.027240703265375237,0.5481013195141928,0.043558088135692605,0.6669867389095849,-0.06307661542585002,0.300700704375751
67.379000,0.05718141472469141,-0.02829285123931233,0.036071109028175515,0.07460805644879591,0.053889821072419436,0.1932777387652312,0.031062619165823546,0.31108656208901364,0.04888167371667536,0.4297561929762509,0.026054131779782348,0.5475649504136253,0.04387352883990098,0.6662345298702544,-0.0646757101215195,0.3012778335327744
67.429000,0.05788699219999829,-0.02766021217347578,0.03599080233667104,0.07515135779213462,0.054971974370945906,0.19364066078516012,0.030467740032410408,0.3111121144284077,0.049449234737575114,0.42960136573130475,0.024944680491303342,0.547072752642178,0.04392649786965589,0.6655619522536772,-0.06568153124509742,0.3018258461894593
67.479000,0.05796280255583098,-0.02670532288229736,0.035332346242993064,0.07568153854014617,0.05579252463429639,0.19392442881349314,0.03006509831566659,0.3111340680716108,0.05052557778559422,0.4293769062473726,0.024797853009571276,0.546586479993922,0.04525863356039704,0.6648292660709156,-0.06769919269032401,0.30201885247233096
67.529000,0.05808481953440441,-0.026123515392949406,0.034449904133646236,0.07627996985031611,0.056272443799454584,0.19427902392505939,0.029446496754368275,0.31124213163485887,0.051269315360940294,0.42924113412244186,0.024443091814462928,0.54620417841522,0.046266189363457506,0.6642031293146539,-0.07014269686270683,0.3027206832552625
67.579000,0.058321733345487035,-0.025206545565240258,0.03367966629140916,0.07678258900695617,0.05669183082754753,0.19455542239123752,0.02875281299505357,0.3112576557998385,0.051765232884392005,0.4290304392892202,0.02382596201002269,0.5457326121182152,0.04683863725437633,0.6635053457117679,-0.06972626983754629,0.30384990783695304
67.629000,0.05846374756639601,-0.02461745046946387,0.03296556178269751,0.07732049828144637,0.057009245568079854,0.1948870805658206,0.02804278144446095,0.3113385466629681,0.05208669666493786,0.42890508161603413,0.02312000329135465,0.5453564906886632,0.047164149948578926,0.6629229783096087,-0.07034881695949971,0.30504280383522764
67.679000,0.05865262778037878,-0.02379648127875161,0.03232622116168943,0.07782715886835496,0.05733226409616796,0.1951928174604619,0.027447201801840373,0.3114119340104691,0.05245345090110283,0.42877754867671464,0.02256818444606002,0.5449966127278033,0.047574639711535714,0.6623621834675043,-0.06934098740787953,0.30688801803070226
67.729000,0.05876235055997299,-0.023301316975965648,0.03175802093785734,0.07829514164555684,0.05758394062085859,0.19548311830070333,0.026883395563586397,0.3114894824933043,0.052709496013447155,0.4286774193108528,0.022008772002204566,0.5446837361439695,0.04783505322012148,0.6618716331233633,-0.06935219595455386,0.3084527542832152
67.779000,0.05890240778839645,-0.02265288127515233,0.031268754639600695,0.07870917395758183,0.05783034859199554,0.19573259779532498,0.026428356633781278,0.3115510544464832,0.05299010477186822,0.4285744432875556,0.021587960205942794,0.5443928585619008,0.04814986253070243,0.6614162124058662,-0.06774251886165558,0.3103625491022897
67.829000,0.05897932462651036,-0.02228890211115094,0.030854033572008426,0.07906649539160622,0.05801338357226309,0.19595263532087098,0.026017283100213492,0.31160837255246054,0.05317676078075344,0.42849448281420305,0.021180533963007682,0.5441501850922461,0.04834013932460347,0.6610362656861405,-0.06586204941618672,0.3122782689991396
67.879000,0.05906989753489482,-0.02185326140762254,0.03052147911654646,0.07935774378203898,0.05818027842597183,0.1961267072130848,0.025708089735679222,0.31164967878870686,0.0533669892128948,0.42841861849319035,0.02089470141440178,0.5439415622105827,0.04855370105999939,0.6607104781882727,-0.06528819939304051,0.31410878905160305
67.929000,0.0591136928477891,-0.021640060210916974,0.030265909577895028,0.07958414426835142,0.05829253093557241,0.19626537024439852,0.025454592807911777,0.31168490853633546,0.053481287088994856,0.428366116996287,0.020643276817351897,0.543785634762562,0.04867004402229257,0.6604668257062614,-0.06252725398617714,0.3160960084371944
67.979000,0.0591544322443801,-0.021440727045738253,0.030094619318822645,0.07973729860074102,0.058377942129592415,0.1963565665232493,0.025294861485325143,0.31170607790099564,0.05357822914727813,0.4283253349458713,0.02049510413118752,0.5436748335974462,0.04877851664466833,0.6602940797645872,-0.059941310227455295,0.3180585270222686
68.029000,0.05923594592704724,-0.021378960385058134,0.030045802755483093,0.07982248407212422,0.058449807069582145,0.1964124173379266,0.02522136306043935,0.3117201382794621,0.05362538460408977,0.42831006734774596,0.020396923547550412,0.5436177833766995,0.04880096232033275,0.6602077082475644,-0.06102465082671954,0.31798871368866966
68.079000,0.05922806802785111,-0.02143900857035663,0.030071639585458526,0.07983417733524194,0.058484870044146486,0.19642186251210556,0.025243704696040883,0.3117259167612796,0.053656924118717725,0.4283136046276955,0.020415769683744173,0.5436176620230309,0.048828978067119985,0.6602053525797996,-0.052448327504019315,0.3218476898024992
68.129000,0.05919597198967559,-0.02157138339277543,0.030130342405629878,0.07975313462970571,0.05845003780919921,0.19636357520953387,0.025319711823802736,0.31169952580630117,0.05363936854861487,0.4283099757795407,0.020509080824207923,0.5436459373667947,0.04882869886443089,0.6602563967348483,-0.04855119975538667,0.3235706666474888
68.179000,0.05910831260593209,-0.021885792761752718,0.0302715702570057,0.07959335555510462,0.05836198759018261,0.19625923940312046,0.025460449966952146,0.311660664099761,0.053550800521934186,0.4283265640263847,0.020649328964679935,0.5437280075587532,0.048739612733537906,0.6603939235658536,-0.04388917903647204,0.3252115853226309
68.229000,0.058948248776966236,-0.022113855445043004,0.03040806022295359,0.0793853055137624,0.05818093428562986,0.19612718945456392,0.025634189927080532,0.3116291783187215,0.05340696990128992,0.42837108464311313,0.020860318645093356,0.5438730997420902,0.04863300452237077,0.6606150284520053,-0.03903281640681383,0.3266679702441729
68.279000,0.05875597338823986,-0.0226059557064925,0.030712457844371724,0.07915967658924589,0.0580251905837005,0.19601007081120428,0.02595054219425051,0.31164404907964666,0.05326315327501803,0.4284944717381371,0.021188625290907433,0.5441284834046445,0.048501114705487666,0.6609789345013156,-0.033716492966489715,0.32797903597177636
68.329000,0.05832477036169089,-0.02304039010162578,0.030843000394165515,0.07885504165668437,0.05763436018232941,0.19582607670004085,0.026112514679870157,0.31161197071437513,0.05290372712602019,0.4285830395052443,0.02138202748575864,0.5443689732293749,0.04817309258262321,0.6613400757692269,-0.028303700837038467,0.3290679269879751
68.379000,0.05811372948335321,-0.02381394980762695,0.03116181633640037,0.07841174834855189,0.05723634649441426,0.19554465950538574,0.026415941586314468,0.3115192370643238,0.05249029735455874,0.428652187041292,0.021670065127365773,0.5446268104902832,0.047744246498531956,0.6617597992887401,-0.022212134498417482,0.3299588883846161
68.429000,0.057962048840528115,-0.024371363639680527,0.03170173089197793,0.07788471071044398,0.05698750816368351,0.19519042015168506,0.026969223747236603,0.31137519798571683,0.05225480085270965,0.4286809505735178,0.022236714708731127,0.5448657796343841,0.04752209164026799,0.6621715753700481,-0.016341626816756827,0.3307098782348852
68.479000,0.05806545254622606,-0.025012877569807693,0.03241527315113435,0.07752128162465302,0.056730183309629686,0.19503206897621436,0.02758832304823467,0.31143976623247444,0.05190300750967756,0.4289506002842334,0.02276137084293904,0.5453583535156381,0.047075829600860014,0.6628692342684812,-0.009674724264799539,0.33116365668297865
68.529000,0.05802817072027076,-0.025423511747963656,0.03336794195752961,0.07719044531566034,0.0566707958560798,0.1949061069761538,0.028522746080281266,0.31155809921688477,0.05182535008885111,0.4292738103450291,0.023677547958779452,0.5459258623422346,0.04697990207146724,0.663641622938647,-0.007730969531739164,0.3309708786587866
68.579000,0.058160008939487015,-0.02618719236885313,0.03433124347239701,0.07685583961007755,0.05640332035870968,0.19480847172060395,0.029285973716192012,0.31170436348310737,0.05135777692835288,0.4296570468050231,0.024240701520361667,0.546553001487804,0.04631223105347873,0.6645057360213669,0.0035881109902673736,0.33127460628637245
68.629000,0.057812152951489476,-0.026670877903050044,0.03531504586096766,0.07648943397414196,0.056183459182196936,0.194660958992078,0.030261459849146077,0.31182772027470496,0.05112957719677742,0.4299992975594982,0.02520787133293785,0.5471661237689309,0.046075692702179774,0.6653377533206628,0.010111841003385441,0.3310427576700847
68.679000,0.05666452982574112,-0.02774710483401372,0.03579244289984598,0.07584835161571714,0.0554255501331894,0.19423137868256812,0.03091372283438622,0.3117012485009008,0.05054651251209418,0.43008432823199116,0.02603500033268548,0.5475542638042101,0.045667472449917756,0.6659373961994673,0.012346641168566333,0.3309301486601816
68.729000,0.05668082179357295,-0.02836059212542146,0.03650404320768451,0.07535727568602717,0.05486313099092342,0.19394455955607912,0.031836656309482195,0.3117145959136485,0.05019540653584696,0.4303019320420687,0.027169267094155698,0.5480720339454382,0.04552767975996519,0.6666594223318124,0.025939444702206098,0.330161351651596
68.779000,0.055739375985796834,-0.02937120195725999,0.03727461723775595,0.07471648294581146,0.054152732965202184,0.1935235921790635,0.03263983562732796,0.311579490988947,0.04951759467817036,0.43038665089226613,0.028005051772425033,0.5484426142884792,0.04488245414313078,0.6672498248612749,0.03296978400181719,0.32941960717855795
68.829000,0.05631376520076991,-0.029790620495251812,0.03826254587879076,0.07426992382568723,0.05348627202707036,0.1933003323848411,0.033278567181168305,0.3115866319485076,0.0485019196854239,0.43061708829531026,0.028294586156973247,0.5489034512932252,0.04351756501412138,0.6679339554268785,0.03730145519473543,0.3288502591802486
68.879000,0.0572698534790971,-0.03037786333144345,0.04004065462276234,0.07391531727058272,0.0530505719139632,0.19320799119491927,0.03398074840529956,0.3116830595902949,0.046990275383003904,0.43097577608111154,0.027920839525908424,0.5494509068724834,0.040929976187295394,0.6687436659287955,0.04181903143582955,0.32815731215361527
68.929000,0.05800247688179475,-0.030757483751025685,0.04191972357797066,0.0735925287081812,0.05268926071173466,0.19310828946762643,0.034767051404528876,0.31176238511348364,0.04553618349850294,0.4312781823702773,0.027614376327691637,0.5499323387564727,0.038383103378096334,0.6694481725095716,0.05583111867931183,0.3255248526204704
68.979000,0.0578826096323985,-0.03141443756898502,0.043585906528205265,0.07327750485125543,0.0521583392997263,0.19297091902418723,0.03560913618949267,0.31182429035379244,0.04418115074077823,0.4315177344788897,0.027632362937244803,0.5503711636352687,0.03620395926522518,0.6700646377112821,0.061921287594966255,0.3240892583372597
69.029000,0.05753350510981214,-0.031879373200914975,0.04477062424996013,0.0728956232272659,0.05157018641376001,0.19270282649309256,0.03683322819430811,0.3117944805349985,0.04363236100771857,0.4316017081674918,0.02889582959422929,0.5506934150235872,0.03569453305471407,0.6705006670213474,0.06941767593161598,0.32260126603833195
69.079000,0.05700693235160304,-0.0325133134824789,0.045972434141035856,0.07253117827101654,0.050888715779549946,0.1924304283723008,0.03801959651674644,0.31173837349499284,0.042935439307079534,0.43163764158975726,0.030066756746950463,0.5509456338164569,0.034982160687002425,0.6708449199031791,0.07529194509613593,0.3213488731613166
69.129000,0.05665547915096102,-0.032885971657322155,0.04720209078406027,0.07219804245939221,0.05027817999000373,0.192158609627095,0.039310235799560125,0.31165632592424913,0.042385878607809895,0.43161690453787505,0.031418379110930525,0.5511146616498217,0.034493575519705666,0.6710752517077538,0.08057123625478343,0.32052591785315687
69.179000,0.05613017133628053,-0.033307061050692914,0.04845699927043825,0.07193301211698606,0.04958113036947628,0.19192774670676765,0.04054245505646021,0.31158685563118604,0.041666134006281254,0.4315815944559265,0.032627909595967355,0.551240737439272,0.03375113639506656,0.6712354804972817,0.09046557555659435,0.31789922487528505
69.229000,0.055782702977768585,-0.033526192312027046,0.0497307490115242,0.07173720466001648,0.048962660377122255,0.19173474646754554,0.04187199712098456,0.31152507368384497,0.04110345251832929,0.4315226125719142,0.03401324446125048,0.5513129667316182,0.03324424388889574,0.6713105026984858,0.09601443775335838,0.3163983255101983
69.279000,0.055268021061428585,-0.033754977050874706,0.05101941085497221,0.0715927321473731,0.0482618107151519,0.19156104313602065,0.04313089672814346,0.3114513001282297,0.04037283873544102,0.4314196005917641,0.03524238232170834,0.5513098771657496,0.0324838664749091,0.671278167102395,0.10132204737888564,0.3149346632984446
69.329000,0.05493060843994647,-0.033831522167646046,0.05231686866145986,0.07150591724290337,0.04764582871088218,0.19141497188758022,0.04447778239104263,0.3113731457754623,0.039806284577625785,0.4312821825832829,0.03663869632647076,0.5512403685676964,0.03196674064928698,0.6711493875368734,0.10635099359626646,0.31354596368156495
69.379000,0.0545081352031776,-0.03371470285751187,0.053565999917625104,0.07155405677540126,0.04681155305659504,0.19136381200260044,0.045511791674553576,0.31135677270210554,0.0387568889866512,0.43116650223054087,0.03745758414665326,0.5511594678744297,0.030702225632807813,0.6709691717024139,0.11318104576734202,0.31179043240034343
69.429000,0.05416182644252069,-0.03368980478650942,0.05465344621666084,0.07162315151335265,0.04583405787297583,0.19129862252575894,0.04631651264697977,0.3112976526034877,0.037496672318456534,0.4309730903063537,0.037979580321809946,0.5509721185610068,0.029159288007694784,0.670647522952561,0.11766468730017535,0.3106310775660383
69.479000,0.052935568024869074,-0.03356339609846018,0.056552923832207905,0.07169647194065588,0.04585321042636216,0.19121847348789844,0.048070473726089885,0.3111979698871369,0.037370313577760064,0.43071993143705306,0.03958802535265121,0.5506994195446686,0.02888741846337222,0.6702213410957124,0.12182068039880758,0.3096245100141935
69.529000,0.053145084932892654,-0.03341917879769611,0.05552079455258729,0.07176131711518016,0.04297556804121706,0.19110366392382866,0.04697118716300595,0.31103704536428034,0.03442552103297464,0.43037934595021476,0.03842158196788967,0.5503127126619726,0.025875476224181973,0.6696549670240793,0.1280388547348685,0.30811699777504725
69.579000,0.05204703561201463,-0.033134969677592156,0.05771804768698315,0.07195483974708472,0.0433345927171339,0.19108968241673951,0.04918069752958799,0.3109471712790853,0.03479681206108753,0.4300819619707852,0.040643350007615486,0.5499394297040935,0.026259034042212404,0.6690741684164712,0.1318090872043767,0.3072896899247658
69.629000,0.05290818349962454,-0.03280066440013732,0.05900732753407023,0.07209053328034115,0.042725139307121934,0.1909807776563726,0.05034156597660434,0.310738821865236,0.03405895837158698,0.42962900880601745,0.041675807494940646,0.5493870261465365,0.025392780519011462,0.6682771556515408,0.1357486438928259,0.3067982314874372
69.679000,0.054502143430271474,-0.0316306755459719,0.06192060090858158,0.07277072528031461,0.04307312258847776,0.19128136443349242,0.05174390408496677,0.31096769016986925,0.032896019866402525,0.4294782647695543,0.04156721130004752,0.5491645608067246,0.022718921190952188,0.6676750708527524,0.13911302147793622,0.3061215441826126
69.729000,0.05470410039150203,-0.030604296572289774,0.06358885180242986,0.07380668952747273,0.042883564421698106,0.19200690557779324,0.05322216929949397,0.31156071458899126,0.03251649090997323,0.4297608621451211,0.0428554912820956,0.5493146369546621,0.022149421891249375,0.6675147160165755,0.14577869166370996,0.3047178725260692
69.779000,0.054781540857758174,-0.029535173343784513,0.06528021872403021,0.074819138146885,0.04262401495857688,0.19266096616613146,0.05441337146736806,0.3120804414243401,0.03175679335118094,0.42992219747050786,0.043546529227129385,0.5493416352761372,0.020889576767109785,0.6671833193493197,0.14805893279491628,0.3051248017936918
69.829000,0.05423381167860746,-0.029023425916462408,0.06627440950963653,0.07540184705901674,0.04194546669885404,0.19290972995080258,0.05522681086793242,0.3121724898428261,0.03089751115465259,0.42968029884061737,0.04417921755693745,0.5489430183930554,0.01984956095080833,0.6664507534977193,0.1502973258885785,0.3061934129749382
69.879000,0.05284163519412953,-0.028088513130396165,0.06661052193301367,0.07592605284166107,0.04089503173865881,0.19313831143291949,0.05584254350867637,0.31220372157325016,0.030126715402313195,0.4294159060286385,0.04507457042357444,0.5484812730765896,0.019358404416948374,0.6656933833976638,0.15610703494122954,0.3059202724319361
69.929000,0.05205884288462781,-0.027493812568372366,0.06689677211056799,0.07656333382704375,0.039927726245369215,0.1934935290937959,0.056442852494677107,0.3123516403229814,0.02947348842736536,0.4292817621984194,0.045988938118627185,0.5481398284854635,0.01901925586214004,0.6650698769716595,0.15525643150479906,0.30856457191788
69.979000,0.05114033972591697,-0.026667261826115472,0.06732840399426387,0.07708412743422169,0.039084546980461946,0.19371295980848455,0.057012916083260465,0.3123661248792648,0.02876876222610786,0.4289948853669484,0.046697433316161795,0.5476480048073771,0.018452982629388145,0.6642766934110071,0.1573219470773183,0.30955539419902134
70.029000,0.050575325536677034,-0.026134159132098704,0.06774390941178964,0.07758248711053183,0.038360934790836305,0.1939295575610783,0.0576024038715364,0.3123768701841025,0.02821915428358384,0.42872387119251737,0.04746090328551145,0.5471711383427003,0.018077378744718257,0.6635180699118681,0.15879123649446805,0.31029684869256263
70.079000,0.04980106624172884,-0.025372610420592315,0.06812651733187372,0.07805609178676637,0.03765052025131385,0.19412164913237046,0.058096366766499534,0.31236701842976605,0.027620118069217374,0.428432509706637,0.048066220916909805,0.5466778346812066,0.017589720617299028,0.6627432598925409,0.1627601678489798,0.30959689484061015
70.129000,0.04933500819032345,-0.024896639733379095,0.0684772291029195,0.0785009891827523,0.03704533715850754,0.19431133487256888,0.0585915734094537,0.31236115360778927,0.027159453502201822,0.4281714374263524,0.04870592211417058,0.546221213751229,0.01727357425859838,0.6620314357019977,0.1588797234007297,0.31278199083286073
70.179000,0.048712957416219956,-0.024240540394727048,0.06879204316058643,0.07891032874435039,0.03646576990329081,0.19447421608505325,0.058996396279918595,0.31234011817330254,0.02666992002634127,0.42790394873038873,0.049200753432793974,0.5457698112437165,0.01687407419751326,0.6613335850208792,0.15883705667943618,0.314116209441469
70.229000,0.04835054568281645,-0.0238472541408791,0.06907237898825,0.0792817826068418,0.03598593156550875,0.1946303283148054,0.05939080796361769,0.31232574777023386,0.026304182608223963,0.4276742424400466,0.04970924054905216,0.5453696257937979,0.01662243727560414,0.66071806942935,0.1584848246408441,0.3154629726706222
70.279000,0.04788678182010048,-0.023332058835755797,0.06931424640913103,0.07960822283360451,0.035543923053997915,0.19475840850644552,0.05970102650420496,0.31230173818914586,0.02593055142443715,0.42745187936529366,0.05008780974242796,0.5449951772199901,0.01631718295261623,0.6601452739035065,0.15728688662675705,0.3170724755017372
70.329000,0.04763145177397049,-0.0230427950865933,0.06951950383067337,0.07988911293040456,0.035194911130928055,0.1948752961699425,0.059989305264402625,0.31228584944158816,0.0256645869505377,0.4272719951839072,0.05045910933649495,0.5446825213715205,0.016134265423083827,0.6596686296208215,0.15485850154366357,0.3188093406949978
70.379000,0.04733003483753766,-0.02269653072779537,0.0696840924455079,0.08011750690347959,0.03489531172322541,0.1949641034392801,0.0602005586959461,0.3122656144084471,0.025411679444453644,0.4271121810982053,0.05071702704246101,0.5444136703596125,0.015928049276306804,0.6592602072076431,0.15270646641115967,0.32050988886655724
70.429000,0.04718389743358027,-0.022527063687701947,0.06981041202230559,0.08029468627378436,0.03468074415751406,0.19503747008047714,0.06037859703644423,0.31225359677562464,0.02524885744856732,0.42699635862354235,0.05094678358661096,0.5442124692577195,0.015816972290166847,0.6589552091512583,0.1501009833142363,0.322190287530097
70.479000,0.047047439790744584,-0.022368645979731195,0.06989474148923731,0.08041433001943686,0.034526747740770455,0.19508387705878116,0.06048791320312033,0.3122419663562621,0.025119875341787005,0.4269114997896868,0.05108108586437496,0.54406957910222,0.015713003904660135,0.6587390989341743,0.14640693209883215,0.3239411339102662
70.529000,0.04692452419578273,-0.02232766687042021,0.0698843649457058,0.08047707763243285,0.03441345793700725,0.19511483212170605,0.060538323732602435,0.312236526893877,0.02506739977253286,0.426874276138101,0.05119228287763565,0.5439959670492562,0.015721341979479383,0.6586337110525385,0.14210840205526115,0.32561011612505236
70.579000,0.04696492531798822,-0.022354659028329237,0.06989315218452423,0.08048063136894384,0.03440842663029061,0.19511410923591435,0.06057458168170472,0.3122265864864568,0.02508986498180384,0.4268600670942805,0.05125601098075542,0.5439725463673922,0.015771303145725484,0.65860602971933,0.13788388041716523,0.3271833720080871
70.629000,0.047064730967697026,-0.022419704007971716,0.06987902872800834,0.08044332061446897,0.034516901453260425,0.1951146769094368,0.06058814364711708,0.3122483199431974,0.025226053231773876,0.4269196876047895,0.0512972577706686,0.5440533390196685,0.01593520422267106,0.6587247180503204,0.13323196452655142,0.32862020508866446
70.679000,0.04723655342921584,-0.022585522347077405,0.0698562369674672,0.08037897400945383,0.03474371446654436,0.19512700564201751,0.06059920498136484,0.3123084615561323,0.02548674747038248,0.427056513075385,0.051342171614187776,0.5442379836339061,0.016229779099792077,0.6589860550418417,0.12869913212152614,0.32993633059957167
70.729000,0.04739010184942289,-0.022850157969180003,0.0697133185916732,0.08025243279510999,0.03492464445290594,0.1950990616149164,0.06046880398058043,0.31234877759533886,0.025680221046621394,0.4271954340423368,0.05122428746119176,0.54444517030845,0.01643579573701463,0.6592918543840667,0.12381000349270915,0.3310599344701789
70.779000,0.047649460339074766,-0.02337145214228817,0.06940339598843769,0.07991499365596026,0.03504753891440494,0.19489183951008138,0.06007220654392704,0.3122535283578076,0.025716468378437073,0.42723040974253634,0.05074101463283054,0.544592124470638,0.01638539538165429,0.6595690413875647,0.11851396053049437,0.3320632808423533
70.829000,0.04803356305391906,-0.023763273111196123,0.06918718428044021,0.07960009194727795,0.03525947675931353,0.19470400440007038,0.059566356349945226,0.31221645312063795,0.025638794258657203,0.42732040843982333,0.049945525376839536,0.5448328878710984,0.01601810872075681,0.6599368860580588,0.11294123750390603,0.33288003969256275
70.879000,0.04839252157837512,-0.02449274494326471,0.06889349155628091,0.0792041306783196,0.03555402658176499,0.1944798005964854,0.059046363687530294,0.312157793854505,0.025707070603186558,0.4274335134857661,0.049199232239985506,0.5451115417729359,0.01586011105041077,0.6603873111183441,0.10750515634037838,0.333492190967385
70.929000,0.04846855410322661,-0.025129049114596267,0.06835927620019996,0.07865500128202269,0.03579744819112348,0.19415273873463437,0.05848731568752108,0.31198808959748264,0.025925684923360143,0.4274858826584048,0.048615351189444087,0.5453212722691172,0.016053917674913987,0.6608191209393153,0.10178905024418489,0.33383496872805635
70.979000,0.04929813917717629,-0.02619431641834906,0.06797467597007284,0.07794596354124121,0.03631605036765864,0.19369453339991988,0.05806918609178931,0.3117064018092042,0.02641078290070161,0.42745503249982536,0.048163691868495,0.5454669427068957,0.016505511093558634,0.6612156342303193,0.09911159150427842,0.33358960069775884
71.029000,0.04982883383312049,-0.026992285563275764,0.0677416325457113,0.07722356572732797,0.03699194236822186,0.1932169127519962,0.05765145591511229,0.311425137931041,0.02690201203259027,0.42741855024791503,0.04756127458613644,0.5456268192933486,0.016812077003286026,0.6616202969031154,0.0974882904440945,0.33344586912063223
71.079000,0.05095669186769275,-0.028190868987988654,0.06741762313243874,0.07638480624652136,0.03772953403100293,0.19265439541451906,0.05719262700063674,0.3110654929177901,0.027504807707885687,0.42733515097796815,0.046967625906897584,0.5457462936446361,0.017280076427673374,0.662016020597564,0.08093911405886274,0.3333302656698012
71.129000,0.05168355850942992,-0.029068985134613166,0.06721953387906385,0.07555228518854812,0.03850612120683639,0.19206640421281618,0.056544002692288056,0.31070297037704186,0.02783088186936259,0.4272171613234456,0.04586846619710158,0.5458537726680959,0.017155637227892102,0.6623680355369475,0.07807878704407843,0.3326123597905243
71.179000,0.05248160833080362,-0.030036061971602156,0.06665774545837502,0.07472211052573625,0.03922808201954175,0.19154511152966977,0.05590587641695143,0.3103805068169325,0.028476526369236317,0.42720358140364517,0.04515400198637124,0.5460390214292629,0.017724965334467872,0.6628621695989696,0.07499980881979045,0.33185412424807903
71.229000,0.05322109391853749,-0.030665527031918733,0.0662601831909895,0.07417860308855355,0.04017224943850349,0.1913085297158424,0.05543390447894946,0.3103340811074652,0.029346304146584325,0.4274640819957387,0.04460762037556937,0.5464896768298431,0.018520353467859983,0.6636197519791146,0.060233479848099805,0.330093432029096
71.279000,0.05393679543695348,-0.0318983686208775,0.06548013268462292,0.07333166161400093,0.04078500789235147,0.1907631344402626,0.05444621324110158,0.3099829795491028,0.02975144100582708,0.4274145265154051,0.04341228843508727,0.5466344126371048,0.018717868761452566,0.6640660337433189,0.051176679178924024,0.32789017483745947
71.329000,0.054200497044788847,-0.03251832880612504,0.06469017553790604,0.07259480905358268,0.04151269861542414,0.19033522082247123,0.05361311540974775,0.3097235783511833,0.030436008588932452,0.4274640629748509,0.0425360501072318,0.5468524585384708,0.019359313393966654,0.6645930160168674,0.044680903569899635,0.32625393793110025
71.379000,0.05461020730125108,-0.03338107537949525,0.06368314268023526,0.07197482905174148,0.04226951540504753,0.1900487743865154,0.05284005608490821,0.30958229968270745,0.031426815438155814,0.42765631513489794,0.041996964714415025,0.54718987504289,0.020584110702882588,0.6652639606124201,0.03702332879319006,0.324310803838812
71.429000,0.05489161006761625,-0.03390166787855461,0.06263530355605312,0.07140110855435974,0.042984451708054094,0.1897811914300189,0.051966530367039056,0.3094445620283929,0.032316079892132046,0.4278247115304659,0.041297752830410865,0.5474881125820396,0.02164770373586946,0.6658683287103355,0.028848964732559695,0.3218206595421452
71.479000,0.05532411282931919,-0.034585236471414184,0.06154752817776561,0.07088962989202188,0.04379813693638102,0.18956970029375464,0.05113507869652778,0.3093451956407088,0.033386102246490544,0.42802532807649607,0.040722625389821604,0.5478008490654165,0.0229740637386055,0.6664810435348942,0.02262913020504502,0.31989939058801553
71.529000,0.055618112335144576,-0.03496794120318346,0.06042690102951255,0.07044302211610651,0.04455900634903927,0.1893892701376788,0.050204773048289346,0.3092563853877659,0.03433730470108358,0.42820269028308566,0.039982641769500955,0.5480698257681048,0.02411559976307589,0.6670161875366191,0.01665049973834845,0.3179990173604556
71.579000,0.056065255653528906,-0.03542094591825808,0.0592753577586806,0.07007699212494706,0.04541645449820689,0.18927401725735893,0.04932851760197033,0.3092102326481748,0.03547005066185925,0.4284073085102521,0.03938167474258607,0.5483435382202573,0.02552364413028756,0.6675406648112476,0.010828646294652577,0.31607448987118875
71.629000,0.056366228427080445,-0.03563582803296315,0.05809960867607767,0.06978985445586802,0.046210852163268486,0.18919947495848555,0.048356878206741484,0.3091802841415407,0.036468566068714375,0.4285899488865221,0.03861414561517022,0.5485707660549755,0.02672627785898614,0.6679804750413535,0.003481790642989993,0.31366363516800827
71.679000,0.056820342795184636,-0.035854922730713834,0.05690258757453831,0.0695868962447107,0.047097915192651454,0.18918567717279478,0.047450582010078804,0.3091851589471586,0.03764636030386742,0.4287839768206452,0.0379985749394187,0.5487834599230756,0.028194803915251705,0.6683823147407774,-0.0019527998301344662,0.3121016240486645
71.729000,0.057126848440733076,-0.03593221625405718,0.055692174432965466,0.06943517472843974,0.04791347182591622,0.1891827917642333,0.046454212922410955,0.30917391878391154,0.03867596534697386,0.4289215653773005,0.03721625049009093,0.5489126868510853,0.029438457952041606,0.6686603630007085,-0.008923913223359808,0.30948046266096985
71.779000,0.05759225215408217,-0.03593526714382807,0.054476083066023154,0.06935567875721527,0.048820181602746225,0.18922231622835523,0.045536145466516915,0.3091773707556904,0.03988070147792831,0.4290440298118763,0.03659620753307154,0.5489990718048086,0.030941221024458496,0.6688657524445402,-0.0157390333888235,0.3072548635092149
71.829000,0.05790516141587015,-0.03586167663577227,0.05325990938229051,0.0693423126468373,0.04965007083947902,0.18928800479830563,0.04453679005469464,0.309179015135261,0.040927409522612944,0.4291247210699656,0.03581367093952463,0.5490157118812181,0.032204748423015225,0.6689614315975543,-0.02041514971585253,0.3056986016850223
71.879000,0.05896900723944215,-0.03570050602205481,0.05223945559726146,0.06940022340842492,0.05054417413894299,0.18938824789621994,0.04339446304203731,0.3091750653307603,0.04169963809686002,0.4291630962676493,0.034549471257884296,0.5489498864994605,0.032855102829562645,0.6689379238837584,-0.026729472558486754,0.30371788985775566
71.929000,0.06023704389590021,-0.035524855019013736,0.051552026799996736,0.0694486610110212,0.051411906987304905,0.18944857915393565,0.0421090170828254,0.30908743670493455,0.04196935074222938,0.42908735537648857,0.03266600873402327,0.5487261777718982,0.0325267958682058,0.6687260969703813,-0.030545197351915576,0.30262754911797185
71.979000,0.06089468926063371,-0.03529354171135046,0.05075184186124648,0.0694559391937984,0.05238554518221083,0.18944481789285117,0.040913597885776205,0.30889520267754267,0.04254774924572423,0.428884075275503,0.031075355923772335,0.5483344172233161,0.03270995532459903,0.6683232837184852,-0.03663648354083515,0.30076883374267627
72.029000,0.06126756253921545,-0.03504291893813344,0.04933008654158645,0.06952908513283695,0.05283997823365408,0.18947774354947838,0.03945756300004126,0.30872920458284975,0.04296789566499495,0.42867785009509846,0.029585042023528747,0.5479292619294628,0.03309581566234818,0.6678778945356675,-0.04031952111124528,0.29977591713485296
72.079000,0.0625940105346325,-0.03462557195167629,0.04826463180839116,0.06962655305142076,0.05353124968527401,0.18951092510307083,0.03812806111558387,0.3085182430251506,0.043395110866589766,0.42840259610341536,0.027991493579810095,0.5474098585355768,0.033258975206434484,0.667294192638832,-0.04395207564177463,0.2987509988684524
72.129000,0.06319696383312115,-0.03429246150914161,0.047977062810635705,0.06979009631428301,0.05481343152640395,0.18959516657156897,0.03747459239714282,0.30833587730019424,0.044311382794654075,0.42814092349195154,0.026972125723755548,0.5468815731883726,0.033809337807492706,0.6666865953128563,-0.0468468707102525,0.2978709907290832
72.179000,0.0644464522068252,-0.03369238763752422,0.04776478518715836,0.07004537887715626,0.05614355629726492,0.1897524607164954,0.03682147295568454,0.3081866174430119,0.04520065340249403,0.42789367062812794,0.025878165063938037,0.5463277612781428,0.03425775485405903,0.6660347858071661,-0.05075278932576295,0.2964704459646551
72.229000,0.06556653168310525,-0.03323303971781522,0.046693686435154085,0.07021832572172748,0.05661576991316293,0.18980741899004341,0.03538933988542585,0.30791515530417884,0.045311818577397175,0.4275042157814431,0.024084998215814897,0.5456118819434974,0.03400787212758466,0.6652009096279107,-0.05484740060168099,0.29526604262033124
72.279000,0.06644577239616702,-0.03250359000035301,0.04582647103208258,0.07054049509371221,0.057345697885024555,0.18998632563907586,0.03443977122169887,0.30777985998874874,0.0459593777421547,0.4272256539185667,0.023053076646735386,0.545019115455917,0.03457306284134951,0.6644648727683309,-0.05885263984496974,0.2938917396156598
72.329000,0.06725412192162852,-0.03204869816984773,0.04544268066251896,0.07086913445313969,0.058367614538009406,0.1901710448208195,0.03378213736670516,0.3076255150501124,0.04670743427343016,0.42692738608706754,0.022121599675842152,0.5443817814994094,0.035047259619757194,0.6636836132038775,-0.06688460394927441,0.2905534532356457
72.379000,0.06780157008694837,-0.0311364877210268,0.04472212220995505,0.07122856930415812,0.059357618567978006,0.19033273482887347,0.03339072258206435,0.3074895541255861,0.04802656270328787,0.42659367740824333,0.02205932856340973,0.5437504217552522,0.03669551245159994,0.6628545027943816,-0.0634608831174643,0.2950887571191899
72.429000,0.0680325501925366,-0.030496288853643125,0.04394571778581442,0.0717629849888393,0.06008333451048186,0.19067293968735552,0.03277587521222111,0.30752456640510345,0.0489138157526323,0.4264344771571918,0.021606038229664518,0.5432860295074544,0.03774430259068136,0.662195896311557,-0.06585536292635326,0.29504810980496465
72.479000,0.06835688150533598,-0.029532580061369725,0.04318062095319903,0.07231658675320075,0.060831441816426794,0.19101135716386775,0.032334191816729134,0.30757853411529656,0.04998531490675716,0.4262732595821318,0.021487768081515334,0.5428403639680353,0.0391391934041658,0.6615350444893865,-0.06621811594531997,0.29580153384415037
72.529000,0.06853477584376258,-0.028897895239841365,0.04246730073332056,0.07287410051681655,0.06147263914878653,0.191359530472195,0.03186918308175001,0.3076506968988822,0.050874801584142176,0.42613608192732705,0.021271070600621667,0.5424271783700375,0.04027696919594412,0.6609125184699062,-0.06599755699467408,0.29677126759509487
72.579000,0.0687677925022973,-0.027974633770223523,0.041703820623794685,0.07340715062765947,0.061914705493305626,0.19169290688254556,0.031214873284044015,0.3076994597247027,0.05142601461672109,0.4259851721587472,0.020725930871924328,0.5419916584345562,0.040937328672214876,0.6602773270464274,-0.06728158757392436,0.29776760632735033
72.629000,0.0689075058556198,-0.027389725422274035,0.040988536736301484,0.07391720647814948,0.06223147822039181,0.19202197961244347,0.030506162724288743,0.3077522883335013,0.05174933670158631,0.42585701965011613,0.020023793373933625,0.5415872659151434,0.041267199847713876,0.6596919554130176,-0.06670394636520544,0.29935383080653594
72.679000,0.0690932653178628,-0.026574371717557378,0.040348035694234195,0.07439881827450559,0.06255397242357816,0.192326323013528,0.029911881158592425,0.3078014020472644,0.05211802503884001,0.42572886777925373,0.019475730919405028,0.5412038894706119,0.04168208195296921,0.6591313161947371,-0.06798688932498675,0.3007474180053726
72.729000,0.06919759186728731,-0.026097278315902514,0.03977876562062885,0.07484485119689885,0.06280496709299113,0.19261494097250392,0.02934905482660754,0.3078568688218058,0.05237543796326591,0.42562692307858063,0.01891934792168673,0.5408687993177735,0.04194591272443084,0.6586388180550777,-0.06679474200518648,0.30257146129822154
72.779000,0.06933675366653079,-0.02543840472012125,0.03929876956637944,0.0752355656873693,0.0630462814032689,0.19286232999531383,0.028904885201758337,0.3079030404651788,0.05265255273248002,0.42552977334019415,0.01851100424996229,0.5405704386165029,0.04225882747586568,0.6581971400581025,-0.06629674065708255,0.30434126017253355
72.829000,0.06941291248206784,-0.0250672153616817,0.038879028967811355,0.07558716216198609,0.0632305882624819,0.1930903602457749,0.028490308989347325,0.3079516374284027,0.05284199705903089,0.42545480882456876,0.01810159189652065,0.5403160479313468,0.042453408742221796,0.6578191926395349,-0.06437637398385924,0.30631834068175867
72.879000,0.06950242093656776,-0.02462147849841386,0.038543335066547474,0.07587573999859558,0.06339829187832959,0.19327348751482537,0.02817945560769674,0.30798893360532476,0.05303451337486046,0.42538665974766077,0.017815578446106303,0.5401020755490433,0.04267073716937228,0.6574997803172424,-0.0620088078991983,0.30838279691269116
72.929000,0.0695456095581832,-0.024402685492607493,0.03828575497576312,0.07610126214333839,0.06351079015136679,0.19342004836442717,0.027924890121646957,0.30802215881216166,0.053149998765592725,0.4253409292365959,0.017564026959672685,0.5399430173965772,0.04278920907248142,0.6572617720241969,-0.05933066634788124,0.31041245412707924
72.979000,0.06958578393232126,-0.024197559398927496,0.038113262987139525,0.07625457183026559,0.0635964268066681,0.19351755986036412,0.027764700644379303,0.3080430478542194,0.05324790964910578,0.4253060260648269,0.017416139347498437,0.5398315002487516,0.042899393537819755,0.6570944686397634,-0.05757983167253845,0.3123500720961466
73.029000,0.06964670188621426,-0.02415309846030069,0.03804611942950819,0.07633027362674537,0.06365081617508589,0.19356678456247034,0.027673504619410594,0.30804662144751216,0.05327821874111214,0.42528312858825446,0.017300890210681333,0.5397629601386779,0.04290562170817022,0.6569994634845083,-0.05409959394825324,0.3143491938390503
73.079000,0.0696377059568066,-0.024204059666997256,0.038048665338129374,0.0763319850100542,0.06366045282319559,0.19356694712383526,0.02766752448977531,0.3080418749900941,0.053279300905716115,0.42527683952209616,0.017286383375779667,0.5397517707851593,0.042898148720210375,0.6569867377359021,-0.05535534496154229,0.3142593002984738
73.129000,0.06961281024317992,-0.024321806654856823,0.03811981555906685,0.07626734835677831,0.06363009458848104,0.1935244405254031,0.0277394266208428,0.30803147067131464,0.0532496667754144,0.4252885712974857,0.017359036777042917,0.5397956133443395,0.042869238050691275,0.6570527224293663,-0.0463399023505747,0.3181372971838036
73.179000,0.06955234972494097,-0.024623377784935008,0.038276413275008386,0.07612753990367299,0.06355487320942349,0.19343482639238252,0.02788981234780538,0.3080123260759464,0.05316820514793441,0.4253196270313533,0.017503209870775763,0.5398971471296704,0.04278153552837184,0.6572044625535114,-0.04182912533105472,0.31987120988923673
73.229000,0.0692459982685228,-0.02486374437670312,0.038434516622982,0.07596346864633466,0.06339565645443238,0.1933386853535688,0.02808460748911082,0.3080257805912708,0.053045652727825125,0.425401017414658,0.01773469620185418,0.5400881411135028,0.042695646839267395,0.6574633980547849,-0.03692729388574775,0.3214410991357756
73.279000,0.06906463374547787,-0.025411434494052643,0.03851283785304346,0.0756995583674035,0.06308654283153771,0.1931564995144311,0.02821858039479269,0.3079790808976245,0.05279216500154971,0.4254360472281106,0.017924320248189476,0.5402586643479353,0.042497784475212484,0.6577156558634242,-0.031670354043802584,0.3228813521698058
73.329000,0.06886941577474273,-0.02583886804878656,0.03883472987935244,0.07533276092382589,0.06281513785600687,0.19291226607643472,0.02846898491331016,0.3078920111476362,0.05244924591557275,0.4254715462756614,0.018103236709843304,0.5404513342831261,0.04208335073036819,0.6580308993878746,-0.031028827545487456,0.322878152282417
73.379000,0.06839718250478816,-0.02663460218584333,0.0390706363124891,0.07489001498862802,0.062405008438638554,0.19259943295224574,0.02877864530375311,0.30779174043050817,0.05211284384671843,0.4255011928046177,0.018486650598324293,0.5406935498751604,0.04182067555053834,0.6584030366609959,-0.03070763407286721,0.3228765443421233
73.429000,0.06804649056304822,-0.02735995607231943,0.03936882813789043,0.07438184462902657,0.061877216301180746,0.19225199547395674,0.02905935395929378,0.30767724361881543,0.05156754197473078,0.42554743268364087,0.018749875642210402,0.5409727365579677,0.041257863503082526,0.6588429638436181,-0.014520993393099799,0.3260496277005645
73.479000,0.06707278182091893,-0.028773946065356215,0.03958978538832485,0.07352464247447854,0.06125098747441767,0.1915534199991185,0.029455906696560022,0.3072645812491065,0.051116882670366695,0.42529340027072376,0.019322023575469194,0.5410046224344659,0.040982773430682004,0.65903348295377,-0.007361311346650495,0.3265453394937329
73.529000,0.06692096608613343,-0.02929786491911244,0.04002866500845291,0.07279362681981448,0.06074614678385335,0.1909917061139232,0.03002593681284387,0.3069928642943052,0.05074316801792917,0.42519098750751666,0.02002320397224347,0.5411922108152244,0.04074018460076353,0.6593903779480864,-0.0012096299679554695,0.32690026080780704
73.579000,0.06666628642886738,-0.030110113134746284,0.04080597009142548,0.07238792106374255,0.0603686526258042,0.1907826061304058,0.0307621449473428,0.30707299568617685,0.050324552988517415,0.42546772610778744,0.02071831494222521,0.5417581843091981,0.04028044848395043,0.6601529600861344,0.005973512475162965,0.326895358605179
73.629000,0.06649097133289587,-0.03064093273237502,0.0416425891691519,0.07196222572749114,0.060007737720785305,0.19054857114157467,0.03160630897770389,0.30713913184583685,0.04997116064135224,0.425725523237784,0.021570023810118966,0.5423161550513058,0.039934578579732954,0.6609025924212922,0.012594978973669874,0.32656002421517805
73.679000,0.0661368350945321,-0.03157447773622494,0.04227324276562369,0.07148557900710721,0.05940730538572666,0.19025604627539972,0.03234602952726826,0.30716493108975584,0.04947977413218159,0.42593544423511437,0.022418811323094,0.5428444015115749,0.0395522379074584,0.6616149605339031,0.01911329744126642,0.32595645324254546
73.729000,0.06496240671885176,-0.03236400394649162,0.04318678712629127,0.0709277359221389,0.058940480469927475,0.18988916304861211,0.03328945177370801,0.30711554543005903,0.04904280684076966,0.4260770173529621,0.023392111504567055,0.5433034726784766,0.03914512828991688,0.6622649893975111,0.027044998071178078,0.32547224485363707
73.779000,0.06389772778822182,-0.03356332032316725,0.04324404762124561,0.07027821639383197,0.0577468389496443,0.1893986135422384,0.03374895130194028,0.3069745522923607,0.04825138573192499,0.4260949928922593,0.024253850368581645,0.5436710035449859,0.03875592789559425,0.6627914875958467,0.03393994503300481,0.3248839029864025
73.829000,0.06391871303153517,-0.03403299099566462,0.04413351846423419,0.0696666604174102,0.057207116360582795,0.18895237205198923,0.03479014414178777,0.30683994275724935,0.04786336801793552,0.42612569538349115,0.02544676544610456,0.5440133363785669,0.03851961529803894,0.6632991299957246,0.038084504315324896,0.3243925389302077
73.879000,0.06367089256828623,-0.035363357646393936,0.04556102875983048,0.06904552777916938,0.05683649570735729,0.18851461936722747,0.03600111738370208,0.30669197341650817,0.047276193690745774,0.42616110187248596,0.026441201795245076,0.5443385240507234,0.037715887459039185,0.6638076893735931,0.03969331399756945,0.32424544178355025
73.929000,0.06353718246235669,-0.03596348265613842,0.04691152537205309,0.0683316869227103,0.056596932584855396,0.18794018531001144,0.03757213573108581,0.30642249244352454,0.04725713773527723,0.4260310236422715,0.028232742284865706,0.544513395228739,0.03791733907788306,0.664121959237758,0.05505939660359242,0.32173905900725347
73.979000,0.06279616861938993,-0.03681157508733125,0.0481298666488364,0.06782928633704173,0.05606500114051475,0.18756663907434906,0.038867080540231316,0.30632787655105337,0.046801796741442706,0.42606525700822556,0.029604291032410343,0.5448265545649615,0.037538588940411864,0.6645639627407132,0.06457156616118925,0.3196913069572221
74.029000,0.06256953889713536,-0.037343408134326135,0.04905833986470345,0.06740323694170286,0.055205728584032665,0.18724567351866886,0.03970161143389356,0.30623988493314636,0.04584857096118712,0.42608234352500307,0.030344879975576534,0.5450766104649759,0.036491410308367986,0.6649190910703083,0.06916119318263415,0.3187619082280906
74.079000,0.06202164943327829,-0.03817983081293682,0.05029699740711762,0.06683662062196176,0.0546180246615617,0.18675879840106688,0.040961950619971293,0.30597923138796657,0.045282539304049914,0.42590142496880445,0.031626901276517856,0.5451219078980154,0.035947051387753726,0.6650441172790698,0.07759869407258613,0.31654939912248087
74.129000,0.0617452323342769,-0.03852098516302664,0.05149244408627786,0.06647828186219881,0.053949896222433305,0.18645311642760734,0.042250633264964005,0.3058814516175938,0.04470763916332301,0.4258562953224892,0.03300882042310385,0.5452846740273987,0.03546538008232075,0.6652595268701479,0.0837455637101158,0.31532793687577193
74.179000,0.06134623019326041,-0.0390134070516825,0.052928533970586625,0.06619865364205871,0.05347210495700754,0.18619742251279334,0.04368379351353516,0.30579754357900474,0.04422691254254525,0.425796314496167,0.03443905156699272,0.5453964724287135,0.03498171863731202,0.665395245390607,0.09126711001903504,0.3131241475885849
74.229000,0.06098205086793041,-0.039170944928320725,0.0544046572281718,0.06598373907331445,0.05308876309767443,0.185976523950725,0.04535031597503169,0.3057267491533097,0.044033966015380524,0.4257195290310296,0.036295973811742294,0.5454697836303254,0.03497916802195368,0.6654625585066117,0.09720787159260107,0.31167406489372357
74.279000,0.06046637698063618,-0.03946947799197343,0.055661526142703054,0.06588849690953984,0.05234320628947408,0.18584260794050428,0.04659227482021379,0.3057047236692859,0.0432734972383695,0.4256588220371179,0.03752302315744985,0.5455209597103158,0.034203787846295255,0.6654750454132481,0.10413745966408965,0.30954674468727356
74.329000,0.05981966269533806,-0.03962456027243299,0.0567640851308006,0.06573868721984663,0.051548358420015206,0.18562528444544976,0.047800117877271314,0.30556673138026097,0.04258393343352281,0.42545330869108405,0.03883615085204373,0.5453947699365779,0.033619508672972476,0.6652813273307676,0.10911447124918539,0.3082393578703787
74.379000,0.059111209855491835,-0.039702541849448665,0.0577990482787787,0.06568968088121366,0.05075399297215242,0.18548269892373903,0.048987380640225765,0.3054696943883588,0.04194186937481333,0.4252626856149554,0.04017571376032557,0.5452496878031249,0.03312974653496352,0.6650426522119829,0.11348397841242949,0.30721966311619525
74.429000,0.05863289785912186,-0.03973003107731369,0.05992049390328721,0.06565544204271717,0.050863132262812624,0.1853131250543228,0.05100268599578614,0.3053130382907059,0.04194487233950418,0.42497068708448116,0.042084879396293226,0.5449705997914244,0.033026613727659956,0.6646282143659138,0.12217880730455197,0.3052691634365534
74.479000,0.05805867664210543,-0.03964799510762012,0.05897065960284433,0.0656012764125862,0.047927925038142465,0.1850920851937887,0.049889482906150674,0.30507602691855995,0.038846302006762895,0.424566794448081,0.040808308073005506,0.5445507288414067,0.029764680840214417,0.6640414551176825,0.12737005311424546,0.3037383289661959
74.529000,0.057154502953637686,-0.039552563515681434,0.062245715931807805,0.06571519999900235,0.04941439882400965,0.18502709078816715,0.053174797754935166,0.3049681061435286,0.04034304131481199,0.42427994967324323,0.04410388191530498,0.5442209511735779,0.03127168614680592,0.6635327474426298,0.13099272482127283,0.30277296205674453
74.579000,0.056619434584128936,-0.03926582925268304,0.060663073009177025,0.06580135853709021,0.046019613713676785,0.1849044929999114,0.05161299185982277,0.30477400045228203,0.036969102209103655,0.42387708199841184,0.042562913502325786,0.543746569233211,0.027918593499715698,0.6628495978614798,0.13455014190234735,0.3017866934910902
74.629000,0.05857152987953632,-0.03886368947998409,0.06416828237332423,0.0660521632566396,0.047550460760712926,0.18489583574629206,0.05485483050807015,0.30467324052274564,0.03823658983573991,0.42351685440693027,0.04554138195026816,0.5432942334190851,0.028922722227024675,0.6621377886975266,0.1395718898590842,0.30076480373681197
74.679000,0.06117410325470168,-0.037909085350357155,0.06775143604990211,0.06670208160129132,0.048186400545287965,0.18509637662596784,0.056257708131865716,0.30482461943722317,0.03669226767876143,0.42321884754202777,0.044763984790275956,0.5429470627447255,0.025198139398361206,0.6613412239298349,0.1434794198873326,0.30013323742355813
74.729000,0.061579846518500604,-0.03732425609237679,0.0696702892401061,0.06734869794817389,0.04824902311486714,0.18542125750966226,0.05793702565962316,0.30502954557798045,0.036515369273326034,0.42310203433584115,0.04620376716531735,0.5427102903812571,0.024781720526879672,0.660782708335776,0.14690124014664788,0.299955020627075
74.779000,0.06136091885892181,-0.036393839552384497,0.0715747645238087,0.06805952643051674,0.0482161023169692,0.18576412659510416,0.059254338397205626,0.30525537039245004,0.035895302018067066,0.4229598963013407,0.04693391795742509,0.5424511050078524,0.023574507414610563,0.6601555566615214,0.14904898967995817,0.29958675489994147
74.829000,0.060733021769433716,-0.035833695176161987,0.07216462484414983,0.06868483031995955,0.047267383070325686,0.1860736171762534,0.05994870780990683,0.3054016689405347,0.03505110934364765,0.42279038014458065,0.04773279667026266,0.542118393375159,0.02283484152209663,0.6595070289280576,0.1548452504160474,0.30058658984374853
74.879000,0.05952820750967917,-0.03480148710999215,0.07263195172305346,0.06931370230165734,0.046322979896522315,0.18639417890399604,0.0606536665029601,0.3055354035971646,0.034344357055212445,0.42261580433265356,0.048675387223057975,0.5417569877006572,0.022365740165730195,0.6588373125708884,0.1568792670815847,0.3015233362319881
74.929000,0.05886784429380461,-0.03424052370539294,0.07310358389491986,0.06990136589319192,0.045484530541845467,0.186679736715361,0.061330332994428916,0.3056289298384491,0.03371096180000559,0.4224072254880458,0.049557087996544076,0.5413563754831738,0.021937398973693394,0.658134595962341,0.1600700705554497,0.30239135211899326
74.979000,0.05794789722216017,-0.03341614564192896,0.07354784070056704,0.0704235883371527,0.044650092004840325,0.18689212537749952,0.061907816715830274,0.30564468719323334,0.033009771553944994,0.4221131506750773,0.0502677985371825,0.5408656685626819,0.021369456922815333,0.6573340584886155,0.16206175138903978,0.30328482092863907
75.029000,0.057382524535193755,-0.03288448388480033,0.07396332579452715,0.07092666936699918,0.043926071891014926,0.18710654446564073,0.062497920397553225,0.3056606943004323,0.03246039190405989,0.42184049840597626,0.051032520603206316,0.5403946043474506,0.020994717533836943,0.6565743374628515,0.16218830461422556,0.304383285422804
75.079000,0.056608321435177605,-0.032125002115694856,0.07434625739161405,0.07140457559238511,0.04321584851952141,0.1872963252705065,0.06299255061324463,0.3056554485111597,0.03186189049056045,0.4215471306989938,0.051638849174533305,0.5399062110655309,0.02050793781559162,0.655797825766344,0.16329412044163907,0.30543884100520907
75.129000,0.05614261922956501,-0.031650312798974095,0.07469743770050792,0.07185340421910502,0.042611075219308195,0.18748413258628713,0.06348837164523387,0.30565408855625453,0.03140178154847619,0.4212847537621706,0.05227931057846379,0.5394546686373283,0.020192492880604936,0.6550852706855073,0.16382351995553512,0.3066048021999122
75.179000,0.05552120866938417,-0.03099593982693035,0.07501276854676661,0.07226628348600342,0.04203208432068853,0.1876451137278624,0.0638938087064643,0.3056369143196,0.030912921805471758,0.4210156866272648,0.05277485344607805,0.5390074488182818,0.019793763884682597,0.654386163195515,0.16273148006001373,0.30806725281188885
75.229000,0.055159217651963285,-0.03060365113648359,0.07529361796514103,0.07264091278386041,0.04155280017477607,0.18779974750719974,0.06428873851669724,0.3056262178256826,0.03054774308414422,0.42078500050082396,0.05328386317320123,0.5386114357490142,0.019542690112986413,0.6537701663799164,0.1624227589970429,0.30942327086904753
75.279000,0.05469604592458494,-0.03008970374766121,0.07553592737671166,0.07297012491417548,0.04111134289504429,0.18792641218574901,0.06459944376435353,0.3056052510547367,0.030174707812255244,0.4205614929671631,0.053662963729220275,0.5382403008893168,0.01923807632120754,0.6531964974467258,0.16129757813875478,0.3110216946132416
75.329000,0.05444115464511931,-0.029801102621349912,0.07574159916581866,0.07325340822552355,0.04076280511937859,0.1880422751380283,0.06488811885094246,0.3055921336549726,0.029909199405181504,0.42038096235536043,0.054034641542175875,0.5379307945189776,0.01905559671159389,0.6527195850115172,0.15891772556655268,0.31273663531192614
75.379000,0.05414050900480169,-0.029455570801636737,0.07590672387995245,0.07348377629239586,0.04046378907690906,0.18813018213465169,0.06509984218966056,0.3055740618688706,0.029656809028709635,0.42022043730373454,0.05429296288932679,0.5376642959041569,0.018849831384940875,0.6523106409360104,0.15687142542315685,0.3144093024935667
75.429000,0.05399484558112612,-0.0292864140160301,0.07603358506573453,0.0736625293321656,0.040249752989805807,0.18820299101257676,0.06527829792071585,0.30556385305202083,0.029494394247907802,0.4201042923646722,0.054523012528647316,0.5374651387614029,0.018739037273400184,0.6520055557107568,0.15451956141146586,0.3160034738081821
75.479000,0.05385902185928424,-0.02912819376840916,0.0761183754465571,0.07378330096723439,0.04009621422618123,0.1882490333984439,0.06538797954601466,0.3055534519299147,0.029365774291025385,0.42001917050350085,0.05465758472752025,0.5373235793074516,0.018635335452325374,0.6517892840279298,0.15100316888433982,0.31768724513609436
75.529000,0.05379973081972262,-0.029090452988118312,0.07612633975815283,0.07384238721264794,0.03998753023514924,0.18827134527654774,0.06542894715314015,0.3055433978060853,0.02929012070957309,0.41997235052615267,0.05473155495940592,0.5372443992956573,0.018592711608591717,0.6516733466760947,0.14707741328163604,0.31933597854434215
75.579000,0.053844959170782525,-0.02911249209776672,0.07613968914181699,0.0738579443875912,0.03998519802283115,0.188281948736658,0.06543274596455798,0.30555267101194306,0.029278265670773893,0.4199766787814424,0.05472580251015823,0.5372474034659163,0.018571333052638264,0.6516714146593428,0.14746644705476603,0.3193114975386971
75.629000,0.053936177914245605,-0.029172814384638635,0.07612452134239728,0.07382877960851784,0.04006497262611088,0.18828273955039138,0.06540300371451183,0.3055771732655507,0.029343492962325406,0.4200311451682818,0.05468148514122986,0.5373255872886928,0.018622012360857296,0.6517795711546979,0.1384154128194991,0.3223036545670371
75.679000,0.0541023129945691,-0.029373097380656146,0.07605286366522318,0.07375009440782519,0.0402227915223629,0.1882760998836003,0.06533269159005387,0.3056195825257579,0.02950268500776477,0.4201456085124869,0.05461251790349289,0.5374891055285057,0.01878257688628749,0.6520151520275592,0.13357512930826673,0.32361887279963863
75.729000,0.054236146366188655,-0.029678019005138098,0.07592662931450375,0.07358004552205046,0.04042069876551591,0.18820695725009118,0.06518256512938791,0.3056243749271389,0.029676726973388946,0.4202513152740642,0.05443849869802628,0.5376687529093042,0.01893275293841748,0.6522957218760861,0.13370147175325833,0.3236194066121463
75.779000,0.0545607487844318,-0.03004557043720931,0.07570822313430413,0.07332342638827119,0.040667317181371045,0.18809334801398198,0.06496279672694151,0.3056081542029324,0.029922010275100108,0.4203781123139753,0.054217367464608375,0.5378929437992395,0.01917670051768778,0.6526629383966476,0.12343043944960927,0.32570308645621776
75.829000,0.05487331473624279,-0.030373200837126985,0.07557447714958637,0.07304235331100149,0.04102929002140154,0.18796245619242458,0.06479091347097472,0.3055863706445414,0.030245870365942864,0.42050651681948187,0.05400734640719733,0.5381304610499791,0.01946244732957779,0.6530506505195202,0.11790455087881557,0.32651871732339843
75.879000,0.05511150094327783,-0.03099938228158025,0.07530474080217288,0.0727505476532638,0.04143286025422752,0.18787090079715288,0.0645072557671822,0.3056315575189769,0.030635545209476804,0.420751960678986,0.053709766836468095,0.5385126514724425,0.019838226273402974,0.6536331046495937,0.11198034198684945,0.32709376593434486
75.929000,0.05563589377539543,-0.03156026661630623,0.07489506911795632,0.0722494566245036,0.041780200105071885,0.1875898460950114,0.06397980443014356,0.30551854301840015,0.0308651314055862,0.42085898875806976,0.05306453534875031,0.5387877234023738,0.019950058317506486,0.6541282254122763,0.11059724634904974,0.3269417793740939
75.979000,0.056742904723701824,-0.03260754813961116,0.0747079078648415,0.07165157869254811,0.042366037366882166,0.18721110191416088,0.06346575785630215,0.3053415458679044,0.031124108822869413,0.42090113107100047,0.05222360292558463,0.5390316154602968,0.01988217536148367,0.6545912626457631,0.1090618420873354,0.3268065022898012
76.029000,0.05739588918284655,-0.03333462433325775,0.07458795161812316,0.0709067472194769,0.04306424685854033,0.1866921350636719,0.06304842680751196,0.3050164037145582,0.031524966776458455,0.4208018581882119,0.0515088966390017,0.5391261690767566,0.01998568134108266,0.6549116901805675,0.09299978822984381,0.327332962896588
76.079000,0.05840950690037232,-0.03444497769568782,0.0743999298965712,0.07011149579409724,0.04396700345759462,0.1861883538995333,0.06273831211183634,0.3047110857729286,0.03230565436800109,0.42078801432428325,0.05107668867408646,0.5393107896478698,0.020644299629749577,0.6553877886456205,0.08627332374175291,0.32692580571581653
76.129000,0.059295381160550935,-0.03515742137027643,0.0742679470463052,0.06944369902866734,0.04482462686020203,0.18577551280304694,0.06234069053328055,0.304490244462315,0.03289766006607557,0.4208221315635117,0.050413428092766506,0.5395369068442936,0.020970687348726633,0.6558688672726196,0.0832532838091716,0.3263825322981017
76.179000,0.060122603191082,-0.03635730127425609,0.07387817132252283,0.068662804060043,0.04568698402105022,0.1853043787542391,0.06189276838803091,0.3042050623042402,0.033701891905874456,0.4208467121201464,0.049907359439789134,0.5397474388530556,0.021716793781542516,0.6563891637909057,0.08223322173544635,0.3261044424499231
76.229000,0.06034669184542406,-0.036748760442417365,0.07317348370877058,0.0680775324228692,0.046412960018960614,0.18505562597797892,0.06116998164427408,0.3041447955637964,0.034409789707888556,0.42112296501206875,0.04916647359644659,0.5402121764482974,0.02240661341826876,0.657190421789836,0.0779880564410678,0.32498030884075463
76.279000,0.060784111553503266,-0.03757027194024416,0.07224410464561438,0.06758880496032002,0.047053415033084814,0.18491497065582027,0.060317326454483275,0.3041796706041597,0.03512698834986827,0.4215059117701408,0.04839054245769398,0.5407706514562314,0.023200555866547,0.6580969680927842,0.058278379102312164,0.3220434579506116
76.329000,0.06101029201420987,-0.03815266106670488,0.07119877064005659,0.06695128458237352,0.04763309774869454,0.18461461387904637,0.05940246070344524,0.30403606126451116,0.03583715723720102,0.4216994645492359,0.04760614524950477,0.5411209488858753,0.02404121121502089,0.6587844261587761,0.05097075889937308,0.3201285621593751
76.379000,0.06140398626221218,-0.0390263778275824,0.07018015787768092,0.06635939684375516,0.04839696639547695,0.1843657211185568,0.058630324382176795,0.3039285848527282,0.03684751904993548,0.4219349804076204,0.04708048579579856,0.5414978776273602,0.02529806662067855,0.6595043444623577,0.04440933491206395,0.3182706748482907
76.429000,0.06168595552988159,-0.03955117347499172,0.06912730895400632,0.06577582387921832,0.04911446705742393,0.18409524814768904,0.057752431416009595,0.3037839509217596,0.0377399905346997,0.4221034430182526,0.04637754923972326,0.5417921750677535,0.026365509381172547,0.6601117349921372,0.036451123422557644,0.31646179044657086
76.479000,0.062118638963451364,-0.04023951497546268,0.06803649269224211,0.06525586468630003,0.04992951526764435,0.18388190469668353,0.05691841951193902,0.3036782118912882,0.03881185659979539,0.42230431517175754,0.045800342245016945,0.5421006467866551,0.027694193852933487,0.6607268133368893,0.028454283061109878,0.3141390144092607
76.529000,0.062412552802633026,-0.040624857365828534,0.06691392305967321,0.06480141748168769,0.05069088409685141,0.1836997480284652,0.055986321123276284,0.30358285086910397,0.03976370826869152,0.4224812395552854,0.045058715660485874,0.5423643613728325,0.02883652892174659,0.6612628081979001,0.022460086316680256,0.3122526600502975
76.579000,0.06285943111395256,-0.041080846778554864,0.06576106733461362,0.06442786931543461,0.05154835138260364,0.1835832246515146,0.055108854866503056,0.30353039141647453,0.04089657505080821,0.4226857987735913,0.044456639503214,0.542632978569928,0.030244795831342625,0.6617884379473576,0.014882629790729296,0.30978797156094545
76.629000,0.06314629629946777,-0.0412896545779605,0.0645843254264725,0.06413379269989883,0.05234234975578264,0.18350771795863463,0.054136078748670144,0.3034943111109533,0.041894547301218305,0.4228682819246154,0.04368782979415315,0.5428548817510148,0.03144674257701965,0.6622288981186587,0.0074718430612998946,0.3073329896719594
76.679000,0.06360686527390048,-0.04151450588623717,0.06341886804572146,0.0639303005538709,0.053206581880279276,0.18349496594994474,0.05325478918275104,0.3034949562668443,0.04304295347156972,0.42305966013637175,0.043090708683304724,0.543059650634037,0.03287932343280716,0.6626243929758576,0.00019153358145638372,0.30489909740817617
76.729000,0.06390244144314805,-0.041589870928350314,0.06219539064093671,0.06377051432832431,0.05403106823351319,0.1834924581800161,0.05224711837352557,0.3034791971260222,0.04408325084525546,0.4232011719968906,0.04229884510351596,0.5431879041640301,0.03413543246021296,0.6629099100527354,-0.00687440803813448,0.30255010982714214
76.779000,0.0643774450546885,-0.04159815906211578,0.0610043984429296,0.06368750012258075,0.05492100734396519,0.18353320239319643,0.05134913972260349,0.303480031287067,0.04526620599935879,0.4233257567732879,0.04169388061978873,0.5432725720348133,0.03561140427757627,0.6631183207351593,-0.010475921310782121,0.3015292652007954
76.829000,0.06469431113228856,-0.04152560150933294,0.059770684040094814,0.06366659328080164,0.05576302766166359,0.18359965248614507,0.050334732690958034,0.3034768130035307,0.046327534263752634,0.42340988751079484,0.040898781558855124,0.5432870273001184,0.03689204108773234,0.6632201171077152,-0.01640994454382505,0.29929240431500087
76.879000,0.06660034564987755,-0.04139601892613883,0.05885187928737103,0.06371400010134616,0.05664201822366332,0.1836936505147132,0.04930788884491383,0.30346931810055267,0.047098484635996474,0.4234489769276899,0.03976389918388661,0.5432246165862761,0.03755495183343658,0.663204283825511,-0.020859896637911116,0.29782935501080426
76.929000,0.06716484760677528,-0.0413128583498648,0.05843799687581269,0.06365895916045039,0.057747716420314954,0.1836569737807835,0.04809057004139751,0.30326775724507127,0.04740074327068472,0.42326577447433794,0.03774314467349425,0.5428765214265239,0.037053771590938686,0.662874541263028,-0.024874210662457846,0.296569360917249
76.979000,0.06816416184125265,-0.04108091149466098,0.057486097376633745,0.06365333264578715,0.058435981728810496,0.1836495730848319,0.04666894490326928,0.30307124968762683,0.04761927808740661,0.42306748657290005,0.035851794579868694,0.5424891191617065,0.03680257659913719,0.6624853524915042,-0.02877241525209427,0.29543404412215624
77.029000,0.06886454183984116,-0.0407582663659285,0.05633016039316079,0.0637405367184627,0.05915285997064428,0.18370733365441877,0.04531471404140419,0.3029067703859356,0.0481378551107912,0.42287355693321294,0.03429927051541337,0.5420729427381171,0.03712285307830378,0.6620397188950523,-0.03415205898909765,0.29397474171004306
77.079000,0.07042057968915207,-0.04022518578338857,0.055553515747508525,0.0638494435788264,0.059997359832131496,0.1837671330426252,0.04400652170934203,0.3026969152459464,0.04845079834871309,0.4226145886795861,0.032459531234185726,0.5415443132015506,0.03690424042968413,0.6614619706034174,-0.039378863390088406,0.29205197437432096
77.129000,0.07138945590913669,-0.03987837461637529,0.05512819487060765,0.06410775203973079,0.06112744361929078,0.183957695778269,0.04309346799677356,0.3025948557348319,0.04909313892900363,0.4224447783396643,0.031058745390150855,0.5410818747682197,0.037058838508663025,0.6609317762377181,-0.04259201365348836,0.2911593030973514
77.179000,0.07257934683752397,-0.039266737150887424,0.054447393537953484,0.06429829223619979,0.062285504489421495,0.18404203535361144,0.04252666791556242,0.3024041423582752,0.05036518864391358,0.4221478586520637,0.03060594701045663,0.5405098980371913,0.03844487752072453,0.6602535875056192,-0.04554432935501351,0.2905125199999675
77.229000,0.07324386296322193,-0.038897172358648466,0.05384753371039297,0.06450609362549614,0.06319505395827855,0.18414147243899423,0.04155319474757836,0.3021737982174119,0.05090111101939596,0.42180914608754955,0.029258861082927863,0.539841400223636,0.03860717338156601,0.6594767171488686,-0.051495757502990194,0.28838473356580513
77.279000,0.07451250113622934,-0.038224843543754834,0.05336636994570366,0.06475276065975658,0.06445776688898622,0.18423908167553232,0.04078682922365812,0.3018812794802123,0.051878604418372914,0.42136756538394343,0.028207294333332834,0.5390096882529606,0.03929944778070498,0.6584959390433259,-0.05407192393408032,0.28840347811974426
77.329000,0.07485571110593191,-0.03763405589275393,0.052498721674669846,0.06518468378039229,0.0651869013801941,0.1845120071108868,0.03987918240622687,0.3018129847677429,0.05256772231634258,0.42114026979681485,0.027259649246045174,0.5384411710567283,0.03994854936220405,0.6577684177831238,-0.05563904886801947,0.28779862557713337
77.379000,0.07522980028980879,-0.03660256407884152,0.05156045180064894,0.06571695170422061,0.06572162034666945,0.1848784441714028,0.03890610985519768,0.3018439449985242,0.05306761985834843,0.42100539688639443,0.026251774196587745,0.5379708208718685,0.04041362565739005,0.6571322321793727,-0.056534017333263756,0.2889179291156375
77.429000,0.0756661087815579,-0.03586302574064319,0.050780563743645105,0.06635007495099238,0.0663076576605623,0.18534129040040703,0.03809568890133029,0.3019778404967653,0.05362310468774817,0.4209690139451748,0.02541082042251993,0.5376054877267071,0.04093855807833834,0.6565966191732389,-0.0612239219460953,0.2872016111418282
77.479000,0.07590006458189623,-0.034920848328998944,0.049884115247870064,0.06687206760621256,0.06672570267234185,0.18568436045417952,0.03718773205624985,0.30199217743284457,0.05402962006592505,0.42080442767261017,0.024491355196955313,0.5371121699213115,0.04133354379059228,0.6559243775522764,-0.059322946212371525,0.289556777868923
77.529000,0.07599946628525515,-0.03443028839238084,0.04896296577402044,0.06729361459359036,0.06701082586406401,0.18592866313469747,0.0362566648680714,0.3019208248341518,0.05430480347812757,0.4205558310038854,0.023550370164780475,0.5365479205007755,0.041598787293049964,0.6551828842987403,-0.0641345307660496,0.2882293319393474
77.579000,0.07611281034913069,-0.033627213051404946,0.04809550188776662,0.06765138025789671,0.06729168136364862,0.1861060411772948,0.0354179636246378,0.301795565843505,0.05461439807508717,0.42025018544269777,0.022740431309009275,0.535939641498964,0.04193712073251623,0.6543942197776327,-0.061702502027625186,0.2914428736411735
77.629000,0.07624790115970013,-0.03317515044469545,0.047387418180158694,0.06807366211291274,0.06768550866827064,0.18634448489696015,0.034862189052142105,0.30176818128894317,0.055160510146229885,0.4200389644952805,0.022336965470635878,0.535462596886314,0.04263551716927621,0.6537333405147223,-0.061203338952734346,0.2930567654822191
77.680000,0.0766000132473259,-0.032445608246619725,0.04685801436788081,0.06843326466401044,0.06810900392592786,0.18653658991943062,0.03433889442675303,0.30168683825030385,0.05559008841642963,0.41979012672101834,0.021819779593879964,0.5349403165961439,0.04307117801251439,0.6530435682822685,-0.061818600912914426,0.29448211960278464
77.729000,0.07671151710972178,-0.03196494098729697,0.04639341889488825,0.06881942688337461,0.06847773366267858,0.18676976829994718,0.03394845962882586,0.30169465348455393,0.05603295367956746,0.41964496133312035,0.021503504959596485,0.5345697940329981,0.043588178289545365,0.6525200683139775,-0.060951932303211095,0.29607642620043273
77.779000,0.07689197112562812,-0.03132202039960979,0.04583313748192173,0.06916010785288818,0.06865653419922926,0.18696966840356738,0.03346055377833551,0.3016921289432682,0.05628410315623184,0.4195016599187135,0.021087974073344333,0.5342240748499371,0.04391167610803416,0.6520335762506785,-0.06055176851328008,0.29775832887590464
77.829000,0.07702999551639109,-0.03099595145026015,0.045578110751586035,0.0694911688065414,0.06898831644926676,0.18718552833522964,0.03319037093803891,0.3017215798336683,0.05660070166564653,0.41941591449298765,0.020802634479376275,0.5339519279621369,0.04421309023256049,0.6516462377528143,-0.06361954951581675,0.2970804538384312
77.879000,0.07712112889329632,-0.030584771839798658,0.04531472943683856,0.06971404340496157,0.06922783831226627,0.1873072541949845,0.033008399817146636,0.3017107168833635,0.05692160748477186,0.41930390758350505,0.02070207287636234,0.5337073398429582,0.04461537933191203,0.6513005104540008,-0.058025614904845355,0.3013392469219317
77.929000,0.0771705658830685,-0.03036365241318202,0.045063254821564036,0.0699145929982169,0.0693652831375537,0.18742804507312028,0.032806350331211064,0.3017234711896566,0.05710844806901403,0.4192369089079619,0.020549447741222436,0.5335323134268306,0.04485161489687062,0.6510457367893158,-0.05964674079149031,0.3010958371129127
77.979000,0.07719242245295006,-0.030150949678315497,0.04488432971581627,0.07006476343883582,0.06942276764632338,0.18752907744070896,0.03262490655183889,0.3017478036587464,0.05716338645705733,0.4192121088920435,0.020365484543707082,0.533430821959454,0.04490400642149871,0.6508951184246062,-0.05217380360729246,0.3054710874856792
78.029000,0.07725804379746942,-0.03009466021289768,0.0448131929997235,0.07012840147540242,0.06946105738057584,0.18756980291125575,0.03253966988467973,0.30174865884106167,0.05718754785513204,0.4191900574248142,0.020266147143843484,0.5333689090812308,0.0449140387016905,0.6508103048133436,-0.05334947207669857,0.30529359933376227
78.079000,0.0771112452488289,-0.030154103984417147,0.04481225254266608,0.07012448300432128,0.06945670496581031,0.18756660050701027,0.03254350314644522,0.3017481030768977,0.05718794039216912,0.419190223764467,0.020274753328331292,0.5333717311045982,0.04491917539255253,0.6508138549779026,-0.04539903280584684,0.3093424912688485
78.129000,0.07671081547751597,-0.030304300715448745,0.04462413012363459,0.07003954651303901,0.0692350495039759,0.18748869570927632,0.032549013589198345,0.3017433882541818,0.05715988886037113,0.4191925466932802,0.020473895855529306,0.5334472530161266,0.04508472701154452,0.6508964206993239,-0.04128531530318136,0.3112137691003092
78.179000,0.07561823947774907,-0.030677259830945637,0.04425398781704404,0.06989515639591828,0.0688341266780151,0.1873507512964984,0.03256116058657642,0.30173725369457677,0.057141228365147886,0.41919286347067314,0.020868331499117543,0.5335793878207143,0.04544832818750841,0.6510350124739106,-0.037083890917950585,0.3129601106771469
78.229000,0.07543964907186557,-0.030973533626943352,0.04406145327732434,0.06966407871018254,0.06844900564753596,0.1871598117776464,0.032685756592484745,0.30170670181048526,0.05707321039622823,0.41920245533647776,0.021310057436626763,0.5337493753717065,0.04569741266616531,0.6512451493577476,-0.03727016982477878,0.31293280640023596
78.279000,0.07523812357771596,-0.03150302729791712,0.044368928983193945,0.06936344106472445,0.06823840999602426,0.1869655153380756,0.03293462710018158,0.30165484749055127,0.056803981659653724,0.4192569474298419,0.021500322094833338,0.5339463175461214,0.045369550193151253,0.6515484431527921,-0.02723243219531682,0.316027518487214
78.329000,0.07504073554515679,-0.031898336081011475,0.044575763343742594,0.0690381016335675,0.06792002930647369,0.18674555783912158,0.033197651237340614,0.30161224779343176,0.05654176494350928,0.41931973419508184,0.021819535466912156,0.5341864690664532,0.04516349690940405,0.6518939856654054,-0.027060023256114937,0.31606420934494744
78.379000,0.07484292233807625,-0.032460703322341466,0.04496249358235316,0.0687231973671025,0.06759437815174581,0.1865696983792653,0.03356922372938964,0.3016448428092791,0.056200929551335044,0.4194913781489355,0.02217594968366835,0.5345665741907348,0.0448074767512959,0.6524131438589237,-0.01638948782649874,0.31856409734168917
78.429000,0.07468620078600718,-0.0329659220833178,0.04550125439810865,0.06837864924703983,0.06735989537086828,0.18637102109430626,0.034084600773872605,0.3016652306346841,0.055943038367902924,0.4196576401586338,0.02266794251226524,0.5349519070579715,0.04452617672066264,0.652944354259521,-0.015066917996773316,0.3185009618853989
78.479000,0.07453407514629704,-0.03370715956635273,0.04616621826855896,0.06797075215320984,0.06697086626326682,0.1861535199928862,0.034523732034100835,0.30168353113023644,0.05532815100641147,0.4198663392863098,0.02288124067402609,0.5353964133058655,0.04368543061751687,0.653579261779009,-0.003653876919747154,0.3201159300660625
78.529000,0.07449283516936114,-0.03417866905672407,0.04692675641979338,0.06763370689747503,0.06658666523018182,0.18601228597232064,0.03517909229755043,0.30182922928551886,0.054838746427602905,0.4202078506565207,0.023431422680939756,0.5360248615444015,0.04309082212487648,0.6544035252119564,-0.0017125038597049086,0.32007251099613726
78.579000,0.07406747214414888,-0.03511362264955073,0.047781585474732005,0.06701699249094273,0.06606261950698626,0.18561633393269064,0.03608390815999935,0.30181132891979234,0.054364658883368014,0.42041071403074015,0.024386225121374026,0.5366057806353789,0.04266669253005129,0.6552052094157286,4.892533361791629e-05,0.32005264066013067
78.629000,0.07406676322471942,-0.035584418122483884,0.04882593490712439,0.06669070114157014,0.06583352985462093,0.1854793441765918,0.03708082081599835,0.3019837720865553,0.05408811021625219,0.4207724588679822,0.025335700868058794,0.537276960739633,0.04234268471541345,0.6560656912674726,0.002704321250028119,0.31992089562324966
78.679000,0.07323860556437423,-0.03672011507883876,0.049526529083659204,0.06609046772595757,0.06524258957946522,0.1850568724034021,0.03792948664820844,0.30190718009399503,0.05364522028404903,0.42087362795082833,0.026332438415682967,0.5377240106876027,0.04204784518643859,0.6566905017235873,0.0049144340883138515,0.3198636552180445
78.729000,0.0726043003073344,-0.03748235203375684,0.049987908552447155,0.06540115801069751,0.06451057526528128,0.18451913350791838,0.03872118002961075,0.30171515319154324,0.05324350092276839,0.4208331708500274,0.02745444593854928,0.5380292654066691,0.041976421007659,0.6571473252259306,0.03251894340094914,0.32015316944870964
78.779000,0.07124013524984377,-0.038593174301786465,0.05040427999942991,0.06476730690386918,0.06349394548450446,0.18405125658129068,0.03937845479323378,0.3016031306675025,0.05246775565878617,0.42088712035601045,0.028352624305578458,0.5384390681590103,0.04144156054735634,0.6577230978579436,0.03668692620196657,0.31985964866187033
78.829000,0.07114896386768628,-0.039107744219047086,0.05136114295658874,0.06435975113194368,0.06294742058404167,0.1837991004443558,0.0403969108315233,0.301661199963007,0.05198280730749662,0.42110058624860847,0.029432673682994688,0.5389627577310661,0.041018189004396105,0.6584021809889293,0.04766520171356316,0.31875188155416895
78.879000,0.0713046010638993,-0.040096207234277405,0.05295911650134895,0.0637786470931833,0.06281285369021097,0.18337339557062782,0.04184776287157817,0.30152780711314847,0.05170110341073747,0.42112258827098054,0.030736404476262684,0.5392770693479997,0.040589348362790253,0.6588718831851362,0.05059344409552884,0.3182189279595506
78.929000,0.07094198277581223,-0.04065646254174237,0.05410110517057447,0.0633316926462171,0.06225960679643408,0.18305403329822073,0.04307194247105867,0.3015100738106692,0.05123003345098878,0.4212324424455102,0.03204277544229298,0.5396885487729509,0.04020045577355735,0.6594109453894004,0.061933646367729404,0.3162035620198748
78.979000,0.06974588675640671,-0.04170171511235537,0.05488748191310486,0.0627514065865108,0.06125081879129546,0.18258257091268673,0.043902024222454344,0.3013218623329883,0.05026493804394067,0.42115304912379264,0.03291656269203657,0.5398924017944075,0.03927905345434907,0.6597236110484735,0.06365516770962742,0.3158169778928259
79.029000,0.06886018890527056,-0.042298608958488186,0.05540035254806694,0.06218149327105852,0.06027633124237472,0.1820823891370905,0.04493634702730871,0.30109787083334455,0.049811892521857686,0.4209987843154159,0.03447233831807293,0.5400143214353194,0.03934745061121353,0.6599152525319288,0.06871503650734104,0.3150593426930214
79.079000,0.0680963601516258,-0.04323931459932548,0.05649577448251984,0.061557084477997806,0.05955046898175817,0.1815181983504367,0.04623511011098906,0.3007771653849642,0.04928936258105378,0.42073829051243633,0.035974443161412586,0.5399973066112135,0.03902825360032634,0.6599584429921395,0.0828872878302792,0.3118322373329895
79.129000,0.06773896547545828,-0.043620305256416615,0.057745750619524354,0.061248631114930875,0.05892928425754558,0.18124279450685452,0.047546519733460885,0.3007017107575441,0.048729604508923385,0.42069587857587615,0.037347286857931594,0.5401548374064801,0.038529922769244544,0.6601490096495573,0.0908620542379259,0.3100435635517959
79.179000,0.06720571764345955,-0.044045310375710404,0.05901270645847332,0.061035716025241625,0.0582242703013903,0.1810331258657303,0.0487912552422854,0.3006617939469836,0.048002365258709566,0.4206592008047729,0.038569802646473965,0.5402879045617152,0.037780458834972316,0.6602853084350793,0.09633307511757026,0.30848178368777535
79.229000,0.06685370572509919,-0.044261629711910534,0.060293507671523104,0.06087790615601588,0.05760112036603339,0.1808476983980517,0.05012900855964131,0.30061483723484933,0.04743616440764643,0.4205846192233696,0.03996450869237255,0.5403517865142111,0.03727120769254183,0.6603215582474452,0.10362743935981526,0.3060485190499428
